Date,Open,High,Low,Close,Volume,Dividends,Stock Splits
1995-02-08 00:00:00-05:00,0.8953858613967896,0.8953858613967896,0.8953858613967896,0.8953858613967896,0,0.0,0.0
1995-02-09 00:00:00-05:00,0.8953858613967896,0.8953858613967896,0.8953858613967896,0.8953858613967896,0,0.0,0.0
1995-02-10 00:00:00-05:00,0.8953858613967896,0.8953858613967896,0.8953858613967896,0.8953858613967896,0,0.0,0.0
1995-02-13 00:00:00-05:00,0.8953858613967896,0.8953858613967896,0.8953858613967896,0.8953858613967896,0,0.0,0.0
1995-02-14 00:00:00-05:00,0.8953858613967896,0.8953858613967896,0.8953858613967896,0.8953858613967896,0,0.0,0.0
1995-02-15 00:00:00-05:00,0.8953858613967896,0.8953858613967896,0.8953858613967896,0.8953858613967896,0,0.0,0.0
1995-02-16 00:00:00-05:00,0.8953858613967896,0.8953858613967896,0.8953858613967896,0.8953858613967896,0,0.0,0.0
1995-02-17 00:00:00-05:00,0.8953858613967896,0.8953858613967896,0.8953858613967896,0.8953858613967896,0,0.0,0.0
1995-02-21 00:00:00-05:00,0.8953858613967896,0.8953858613967896,0.8953858613967896,0.8953858613967896,0,0.0,0.0
1995-02-22 00:00:00-05:00,0.8953858613967896,0.8953858613967896,0.8953858613967896,0.8953858613967896,0,0.0,0.0
1995-02-23 00:00:00-05:00,0.8953858613967896,0.8953858613967896,0.8953858613967896,0.8953858613967896,0,0.0,0.0
1995-02-24 00:00:00-05:00,0.8953858613967896,0.8953858613967896,0.8953858613967896,0.8953858613967896,0,0.0,0.0
1995-02-27 00:00:00-05:00,0.8953858613967896,0.8953858613967896,0.8953858613967896,0.8953858613967896,0,0.0,0.0
1995-02-28 00:00:00-05:00,0.8953858613967896,0.8953858613967896,0.8953858613967896,0.8953858613967896,3300,0.0,0.0
1995-03-01 00:00:00-05:00,0.8953858613967896,0.8953858613967896,0.8953858613967896,0.8953858613967896,0,0.0,0.0
1995-03-02 00:00:00-05:00,0.8953858613967896,0.8953858613967896,0.8953858613967896,0.8953858613967896,0,0.0,0.0
1995-03-03 00:00:00-05:00,0.8953858613967896,0.8953858613967896,0.8953858613967896,0.8953858613967896,0,0.0,0.0
1995-03-06 00:00:00-05:00,0.8953858613967896,0.8953858613967896,0.8953858613967896,0.8953858613967896,0,0.0,0.0
1995-03-07 00:00:00-05:00,0.8953858613967896,0.8953858613967896,0.8953858613967896,0.8953858613967896,0,0.0,0.0
1995-03-08 00:00:00-05:00,0.8953858613967896,0.8953858613967896,0.8953858613967896,0.8953858613967896,0,0.0,0.0
1995-03-09 00:00:00-05:00,0.8953858613967896,0.8953858613967896,0.8953858613967896,0.8953858613967896,0,0.0,0.0
1995-03-10 00:00:00-05:00,0.8953858613967896,0.8953858613967896,0.8953858613967896,0.8953858613967896,0,0.0,0.0
1995-03-13 00:00:00-05:00,0.8953858613967896,0.8953858613967896,0.8953858613967896,0.8953858613967896,0,0.0,0.0
1995-03-14 00:00:00-05:00,0.8953858613967896,0.8953858613967896,0.8953858613967896,0.8953858613967896,0,0.0,0.0
1995-03-15 00:00:00-05:00,0.8953858613967896,0.8953858613967896,0.8953858613967896,0.8953858613967896,0,0.0,0.0
1995-03-16 00:00:00-05:00,0.8953858613967896,0.8953858613967896,0.8953858613967896,0.8953858613967896,0,0.0,0.0
1995-03-17 00:00:00-05:00,0.8953858613967896,0.8953858613967896,0.8953858613967896,0.8953858613967896,0,0.0,0.0
1995-03-20 00:00:00-05:00,0.8953858613967896,0.8953858613967896,0.8953858613967896,0.8953858613967896,0,0.0,0.0
1995-03-21 00:00:00-05:00,0.8953858613967896,0.8953858613967896,0.8953858613967896,0.8953858613967896,0,0.0,0.0
1995-03-22 00:00:00-05:00,0.8953858613967896,0.8953858613967896,0.8953858613967896,0.8953858613967896,0,0.0,0.0
1995-03-23 00:00:00-05:00,0.8953858613967896,0.8953858613967896,0.8953858613967896,0.8953858613967896,0,0.0,0.0
1995-03-24 00:00:00-05:00,0.8953858613967896,0.8953858613967896,0.8953858613967896,0.8953858613967896,0,0.0,0.0
1995-03-27 00:00:00-05:00,0.8953858613967896,0.8953858613967896,0.8953858613967896,0.8953858613967896,0,0.0,0.0
1995-03-28 00:00:00-05:00,0.8953858613967896,0.8953858613967896,0.8953858613967896,0.8953858613967896,0,0.0,0.0
1995-03-29 00:00:00-05:00,0.8953858613967896,0.8953858613967896,0.8953858613967896,0.8953858613967896,0,0.0,0.0
1995-03-30 00:00:00-05:00,0.8953858613967896,0.8953858613967896,0.8953858613967896,0.8953858613967896,0,0.0,0.0
1995-03-31 00:00:00-05:00,0.8953858613967896,0.8953858613967896,0.8953858613967896,0.8953858613967896,0,0.0,0.0
1995-04-03 00:00:00-04:00,0.8953858613967896,0.8953858613967896,0.8953858613967896,0.8953858613967896,0,0.0,0.0
1995-04-04 00:00:00-04:00,0.8953858613967896,0.8953858613967896,0.8953858613967896,0.8953858613967896,0,0.0,0.0
1995-04-05 00:00:00-04:00,0.8953858613967896,0.8953858613967896,0.8953858613967896,0.8953858613967896,0,0.0,0.0
1995-04-06 00:00:00-04:00,0.8953858613967896,0.8953858613967896,0.8953858613967896,0.8953858613967896,0,0.0,0.0
1995-04-07 00:00:00-04:00,0.8953858613967896,0.8953858613967896,0.8953858613967896,0.8953858613967896,0,0.0,0.0
1995-04-10 00:00:00-04:00,0.8953858613967896,0.8953858613967896,0.8953858613967896,0.8953858613967896,0,0.0,0.0
1995-04-11 00:00:00-04:00,0.8953858613967896,0.8953858613967896,0.8953858613967896,0.8953858613967896,0,0.0,0.0
1995-04-12 00:00:00-04:00,0.8953858613967896,0.8953858613967896,0.8953858613967896,0.8953858613967896,0,0.0,0.0
1995-04-13 00:00:00-04:00,0.8953858613967896,0.8953858613967896,0.8953858613967896,0.8953858613967896,0,0.0,0.0
1995-04-17 00:00:00-04:00,0.8953858613967896,0.8953858613967896,0.8953858613967896,0.8953858613967896,0,0.0,0.0
1995-04-18 00:00:00-04:00,0.8953858613967896,0.8953858613967896,0.8953858613967896,0.8953858613967896,0,0.0,0.0
1995-04-19 00:00:00-04:00,0.8953858613967896,0.8953858613967896,0.8953858613967896,0.8953858613967896,0,0.0,0.0
1995-04-20 00:00:00-04:00,0.8953858613967896,0.8953858613967896,0.8953858613967896,0.8953858613967896,0,0.0,0.0
1995-04-21 00:00:00-04:00,0.8953858613967896,0.8953858613967896,0.8953858613967896,0.8953858613967896,0,0.0,0.0
1995-04-24 00:00:00-04:00,0.8953858613967896,0.8953858613967896,0.8953858613967896,0.8953858613967896,0,0.0,0.0
1995-04-25 00:00:00-04:00,0.8953858613967896,0.8953858613967896,0.8953858613967896,0.8953858613967896,0,0.0,0.0
1995-04-26 00:00:00-04:00,0.8953858613967896,0.8953858613967896,0.8953858613967896,0.8953858613967896,0,0.0,0.0
1995-04-27 00:00:00-04:00,0.8953858613967896,0.8953858613967896,0.8953858613967896,0.8953858613967896,0,0.0,0.0
1995-04-28 00:00:00-04:00,0.8953858613967896,0.8953858613967896,0.8953858613967896,0.8953858613967896,0,0.0,0.0
1995-05-01 00:00:00-04:00,0.8953858613967896,0.8953858613967896,0.8953858613967896,0.8953858613967896,0,0.0,0.0
1995-05-02 00:00:00-04:00,0.8953858613967896,0.8953858613967896,0.8953858613967896,0.8953858613967896,0,0.0,0.0
1995-05-03 00:00:00-04:00,0.8953858613967896,0.8953858613967896,0.8953858613967896,0.8953858613967896,0,0.0,0.0
1995-05-04 00:00:00-04:00,0.8953858613967896,0.8953858613967896,0.8953858613967896,0.8953858613967896,0,0.0,0.0
1995-05-05 00:00:00-04:00,0.8953858613967896,0.8953858613967896,0.8953858613967896,0.8953858613967896,0,0.0,0.0
1995-05-08 00:00:00-04:00,0.8953858613967896,0.8953858613967896,0.8953858613967896,0.8953858613967896,0,0.0,0.0
1995-05-09 00:00:00-04:00,0.8953858613967896,0.8953858613967896,0.8953858613967896,0.8953858613967896,0,0.0,0.0
1995-05-10 00:00:00-04:00,0.8953858613967896,0.8953858613967896,0.8953858613967896,0.8953858613967896,0,0.0,0.0
1995-05-11 00:00:00-04:00,0.8953858613967896,0.8953858613967896,0.8953858613967896,0.8953858613967896,300,0.0,0.0
1995-05-12 00:00:00-04:00,0.8953858613967896,0.8953858613967896,0.8953858613967896,0.8953858613967896,0,0.0,0.0
1995-05-15 00:00:00-04:00,0.8953858613967896,0.8953858613967896,0.8953858613967896,0.8953858613967896,0,0.0,0.0
1995-05-16 00:00:00-04:00,0.8953858613967896,0.8953858613967896,0.8953858613967896,0.8953858613967896,0,0.0,0.0
1995-05-17 00:00:00-04:00,0.8953858613967896,0.8953858613967896,0.8953858613967896,0.8953858613967896,600,0.0,0.0
1995-05-18 00:00:00-04:00,0.8953858613967896,0.8953858613967896,0.8953858613967896,0.8953858613967896,0,0.0,0.0
1995-05-19 00:00:00-04:00,0.8953858613967896,0.8953858613967896,0.8953858613967896,0.8953858613967896,0,0.0,0.0
1995-05-22 00:00:00-04:00,0.8953858613967896,0.8953858613967896,0.8953858613967896,0.8953858613967896,600,0.0,0.0
1995-05-23 00:00:00-04:00,0.8953858613967896,0.8953858613967896,0.8953858613967896,0.8953858613967896,0,0.0,0.0
1995-05-24 00:00:00-04:00,0.8953858613967896,0.8953858613967896,0.8953858613967896,0.8953858613967896,0,0.0,0.0
1995-05-25 00:00:00-04:00,0.8953858613967896,0.8953858613967896,0.8953858613967896,0.8953858613967896,0,0.0,0.0
1995-05-26 00:00:00-04:00,0.8953858613967896,0.8953858613967896,0.8953858613967896,0.8953858613967896,0,0.0,0.0
1995-05-30 00:00:00-04:00,0.8953858613967896,0.8953858613967896,0.8953858613967896,0.8953858613967896,0,0.0,0.0
1995-05-31 00:00:00-04:00,0.8953858613967896,0.8953858613967896,0.8953858613967896,0.8953858613967896,0,0.0,0.0
1995-06-01 00:00:00-04:00,0.8953858613967896,0.8953858613967896,0.8953858613967896,0.8953858613967896,0,0.0,0.0
1995-06-02 00:00:00-04:00,0.8953858613967896,0.8953858613967896,0.8953858613967896,0.8953858613967896,0,0.0,0.0
1995-06-05 00:00:00-04:00,0.8953858613967896,0.8953858613967896,0.8953858613967896,0.8953858613967896,0,0.0,0.0
1995-06-06 00:00:00-04:00,0.8953858613967896,0.8953858613967896,0.8953858613967896,0.8953858613967896,0,0.0,0.0
1995-06-07 00:00:00-04:00,0.7958987984283304,0.845642864704132,0.7958987984283304,0.8456428647041321,101700,0.0,0.0
1995-06-08 00:00:00-04:00,0.845642864704132,0.845642864704132,0.845642864704132,0.8456428647041321,0,0.0,0.0
1995-06-09 00:00:00-04:00,0.845642864704132,0.845642864704132,0.845642864704132,0.8456428647041321,0,0.0,0.0
1995-06-12 00:00:00-04:00,0.845642864704132,0.845642864704132,0.845642864704132,0.8456428647041321,0,0.0,0.0
1995-06-13 00:00:00-04:00,0.845642864704132,0.845642864704132,0.845642864704132,0.8456428647041321,0,0.0,0.0
1995-06-14 00:00:00-04:00,0.845642864704132,0.845642864704132,0.845642864704132,0.8456428647041321,0,0.0,0.0
1995-06-15 00:00:00-04:00,0.845642864704132,0.845642864704132,0.845642864704132,0.8456428647041321,0,0.0,0.0
1995-06-16 00:00:00-04:00,0.845642864704132,0.845642864704132,0.845642864704132,0.8456428647041321,0,0.0,0.0
1995-06-19 00:00:00-04:00,0.845642864704132,0.845642864704132,0.845642864704132,0.8456428647041321,0,0.0,0.0
1995-06-20 00:00:00-04:00,0.845642864704132,0.845642864704132,0.845642864704132,0.8456428647041321,0,0.0,0.0
1995-06-21 00:00:00-04:00,0.845642864704132,0.845642864704132,0.845642864704132,0.8456428647041321,0,0.0,0.0
1995-06-22 00:00:00-04:00,0.845642864704132,0.845642864704132,0.845642864704132,0.8456428647041321,0,0.0,0.0
1995-06-23 00:00:00-04:00,0.845642864704132,0.845642864704132,0.845642864704132,0.8456428647041321,0,0.0,0.0
1995-06-26 00:00:00-04:00,0.845642864704132,0.845642864704132,0.845642864704132,0.8456428647041321,600,0.0,0.0
1995-06-27 00:00:00-04:00,0.845642864704132,0.845642864704132,0.845642864704132,0.8456428647041321,0,0.0,0.0
1995-06-28 00:00:00-04:00,0.845642864704132,0.845642864704132,0.845642864704132,0.8456428647041321,0,0.0,0.0
1995-06-29 00:00:00-04:00,0.845642864704132,0.845642864704132,0.845642864704132,0.8456428647041321,0,0.0,0.0
1995-06-30 00:00:00-04:00,0.845642864704132,0.845642864704132,0.845642864704132,0.8456428647041321,0,0.0,0.0
1995-07-03 00:00:00-04:00,0.845642864704132,0.845642864704132,0.845642864704132,0.8456428647041321,0,0.0,0.0
1995-07-05 00:00:00-04:00,0.845642864704132,0.845642864704132,0.845642864704132,0.8456428647041321,0,0.0,0.0
1995-07-06 00:00:00-04:00,0.845642864704132,0.845642864704132,0.845642864704132,0.8456428647041321,0,0.0,0.0
1995-07-07 00:00:00-04:00,0.845642864704132,0.845642864704132,0.845642864704132,0.8456428647041321,0,0.0,0.0
1995-07-10 00:00:00-04:00,0.845642864704132,0.845642864704132,0.845642864704132,0.8456428647041321,0,0.0,0.0
1995-07-11 00:00:00-04:00,0.845642864704132,0.845642864704132,0.845642864704132,0.8456428647041321,0,0.0,0.0
1995-07-12 00:00:00-04:00,0.845642864704132,0.845642864704132,0.845642864704132,0.8456428647041321,0,0.0,0.0
1995-07-13 00:00:00-04:00,0.845642864704132,0.845642864704132,0.845642864704132,0.8456428647041321,0,0.0,0.0
1995-07-14 00:00:00-04:00,0.845642864704132,0.845642864704132,0.845642864704132,0.8456428647041321,0,0.0,0.0
1995-07-17 00:00:00-04:00,0.845642864704132,0.845642864704132,0.845642864704132,0.8456428647041321,0,0.0,0.0
1995-07-18 00:00:00-04:00,0.845642864704132,0.845642864704132,0.845642864704132,0.8456428647041321,0,0.0,0.0
1995-07-19 00:00:00-04:00,0.845642864704132,0.845642864704132,0.845642864704132,0.8456428647041321,0,0.0,0.0
1995-07-20 00:00:00-04:00,0.845642864704132,0.845642864704132,0.845642864704132,0.8456428647041321,0,0.0,0.0
1995-07-21 00:00:00-04:00,0.845642864704132,0.845642864704132,0.845642864704132,0.8456428647041321,0,0.0,0.0
1995-07-24 00:00:00-04:00,0.845642864704132,0.845642864704132,0.845642864704132,0.8456428647041321,0,0.0,0.0
1995-07-25 00:00:00-04:00,0.845642864704132,0.845642864704132,0.845642864704132,0.8456428647041321,0,0.0,0.0
1995-07-26 00:00:00-04:00,0.845642864704132,0.845642864704132,0.845642864704132,0.8456428647041321,0,0.0,0.0
1995-07-27 00:00:00-04:00,0.845642864704132,0.845642864704132,0.845642864704132,0.8456428647041321,0,0.0,0.0
1995-07-28 00:00:00-04:00,0.8456427534445555,0.8705142140388489,0.8456427534445555,0.8705142140388489,12000,0.0,0.0
1995-07-31 00:00:00-04:00,0.8705142140388489,0.8705142140388489,0.8705142140388489,0.8705142140388489,0,0.0,0.0
1995-08-01 00:00:00-04:00,0.8705142140388489,0.8705142140388489,0.8705142140388489,0.8705142140388489,0,0.0,0.0
1995-08-02 00:00:00-04:00,0.8705142140388489,0.8705142140388489,0.8705142140388489,0.8705142140388489,0,0.0,0.0
1995-08-03 00:00:00-04:00,0.8705142140388489,0.8705142140388489,0.8705142140388489,0.8705142140388489,0,0.0,0.0
1995-08-04 00:00:00-04:00,0.8705142140388489,0.8705142140388489,0.8705142140388489,0.8705142140388489,0,0.0,0.0
1995-08-07 00:00:00-04:00,0.8705142140388489,0.8705142140388489,0.8705142140388489,0.8705142140388489,0,0.0,0.0
1995-08-08 00:00:00-04:00,0.8705142140388489,0.8705142140388489,0.8705142140388489,0.8705142140388489,0,0.0,0.0
1995-08-09 00:00:00-04:00,0.8705142140388489,0.8705142140388489,0.8705142140388489,0.8705142140388489,0,0.0,0.0
1995-08-10 00:00:00-04:00,0.8705142140388489,0.8705142140388489,0.8705142140388489,0.8705142140388489,0,0.0,0.0
1995-08-11 00:00:00-04:00,0.8705142140388489,0.8705142140388489,0.8705142140388489,0.8705142140388489,0,0.0,0.0
1995-08-14 00:00:00-04:00,0.8705142140388489,0.8705142140388489,0.8705142140388489,0.8705142140388489,0,0.0,0.0
1995-08-15 00:00:00-04:00,0.8705142140388489,0.8705142140388489,0.8705142140388489,0.8705142140388489,0,0.0,0.0
1995-08-16 00:00:00-04:00,0.8705142140388489,0.8705142140388489,0.8705142140388489,0.8705142140388489,0,0.0,0.0
1995-08-17 00:00:00-04:00,0.8705142140388489,0.8705142140388489,0.8705142140388489,0.8705142140388489,0,0.0,0.0
1995-08-18 00:00:00-04:00,0.8456427534445555,0.8705142140388489,0.8456427534445555,0.8705142140388489,30000,0.0,0.0
1995-08-21 00:00:00-04:00,0.8705142140388489,0.8705142140388489,0.8705142140388489,0.8705142140388489,0,0.0,0.0
1995-08-22 00:00:00-04:00,0.8705142140388489,0.8705142140388489,0.8705142140388489,0.8705142140388489,0,0.0,0.0
1995-08-23 00:00:00-04:00,0.8705142140388489,0.8705142140388489,0.8705142140388489,0.8705142140388489,0,0.0,0.0
1995-08-24 00:00:00-04:00,0.8705142140388489,0.8705142140388489,0.8705142140388489,0.8705142140388489,0,0.0,0.0
1995-08-25 00:00:00-04:00,0.845642864704132,0.845642864704132,0.845642864704132,0.8456428647041321,300,0.0,0.0
1995-08-28 00:00:00-04:00,0.845642864704132,0.845642864704132,0.845642864704132,0.8456428647041321,0,0.0,0.0
1995-08-29 00:00:00-04:00,0.845642864704132,0.845642864704132,0.845642864704132,0.8456428647041321,0,0.0,0.0
1995-08-30 00:00:00-04:00,0.845642864704132,0.845642864704132,0.845642864704132,0.8456428647041321,0,0.0,0.0
1995-08-31 00:00:00-04:00,0.845642864704132,0.845642864704132,0.845642864704132,0.8456428647041321,0,0.0,0.0
1995-09-01 00:00:00-04:00,0.845642864704132,0.845642864704132,0.845642864704132,0.8456428647041321,0,0.0,0.0
1995-09-05 00:00:00-04:00,0.845642864704132,0.845642864704132,0.845642864704132,0.8456428647041321,1500,0.0,0.0
1995-09-06 00:00:00-04:00,0.845642864704132,0.845642864704132,0.845642864704132,0.8456428647041321,0,0.0,0.0
1995-09-07 00:00:00-04:00,0.845642864704132,0.845642864704132,0.845642864704132,0.8456428647041321,0,0.0,0.0
1995-09-08 00:00:00-04:00,0.845642864704132,0.845642864704132,0.845642864704132,0.8456428647041321,0,0.0,0.0
1995-09-11 00:00:00-04:00,0.845642864704132,0.845642864704132,0.845642864704132,0.8456428647041321,0,0.0,0.0
1995-09-12 00:00:00-04:00,0.845642864704132,0.845642864704132,0.845642864704132,0.8456428647041321,0,0.0,0.0
1995-09-13 00:00:00-04:00,0.845642864704132,0.845642864704132,0.845642864704132,0.8456428647041321,0,0.0,0.0
1995-09-14 00:00:00-04:00,0.845642864704132,0.845642864704132,0.845642864704132,0.8456428647041321,1500,0.0,0.0
1995-09-15 00:00:00-04:00,0.845642864704132,0.845642864704132,0.845642864704132,0.8456428647041321,0,0.0,0.0
1995-09-18 00:00:00-04:00,0.845642864704132,0.845642864704132,0.845642864704132,0.8456428647041321,0,0.0,0.0
1995-09-19 00:00:00-04:00,0.845642864704132,0.845642864704132,0.845642864704132,0.8456428647041321,0,0.0,0.0
1995-09-20 00:00:00-04:00,0.845642864704132,0.845642864704132,0.845642864704132,0.8456428647041321,0,0.0,0.0
1995-09-21 00:00:00-04:00,0.845642864704132,0.845642864704132,0.845642864704132,0.8456428647041321,0,0.0,0.0
1995-09-22 00:00:00-04:00,0.845642864704132,0.845642864704132,0.845642864704132,0.8456428647041321,0,0.0,0.0
1995-09-25 00:00:00-04:00,0.845642864704132,0.845642864704132,0.845642864704132,0.8456428647041321,0,0.0,0.0
1995-09-26 00:00:00-04:00,0.845642864704132,0.845642864704132,0.845642864704132,0.8456428647041321,0,0.0,0.0
1995-09-27 00:00:00-04:00,0.845642864704132,0.845642864704132,0.845642864704132,0.8456428647041321,0,0.0,0.0
1995-09-28 00:00:00-04:00,0.845642864704132,0.845642864704132,0.845642864704132,0.8456428647041321,0,0.0,0.0
1995-09-29 00:00:00-04:00,0.845642864704132,0.845642864704132,0.845642864704132,0.8456428647041321,0,0.0,0.0
1995-10-02 00:00:00-04:00,0.845642864704132,0.845642864704132,0.845642864704132,0.8456428647041321,0,0.0,0.0
1995-10-03 00:00:00-04:00,0.845642864704132,0.845642864704132,0.845642864704132,0.8456428647041321,0,0.0,0.0
1995-10-04 00:00:00-04:00,0.845642864704132,0.845642864704132,0.845642864704132,0.8456428647041321,0,0.0,0.0
1995-10-05 00:00:00-04:00,0.845642864704132,0.845642864704132,0.845642864704132,0.8456428647041321,0,0.0,0.0
1995-10-06 00:00:00-04:00,0.845642864704132,0.845642864704132,0.845642864704132,0.8456428647041321,0,0.0,0.0
1995-10-09 00:00:00-04:00,0.845642864704132,0.845642864704132,0.845642864704132,0.8456428647041321,0,0.0,0.0
1995-10-10 00:00:00-04:00,0.845642864704132,0.845642864704132,0.845642864704132,0.8456428647041321,0,0.0,0.0
1995-10-11 00:00:00-04:00,0.845642864704132,0.845642864704132,0.845642864704132,0.8456428647041321,0,0.0,0.0
1995-10-12 00:00:00-04:00,0.845642864704132,0.845642864704132,0.845642864704132,0.8456428647041321,0,0.0,0.0
1995-10-13 00:00:00-04:00,0.845642864704132,0.845642864704132,0.845642864704132,0.8456428647041321,0,0.0,0.0
1995-10-16 00:00:00-04:00,0.845642864704132,0.845642864704132,0.845642864704132,0.8456428647041321,0,0.0,0.0
1995-10-17 00:00:00-04:00,0.845642864704132,0.845642864704132,0.845642864704132,0.8456428647041321,0,0.0,0.0
1995-10-18 00:00:00-04:00,0.845642864704132,0.845642864704132,0.845642864704132,0.8456428647041321,0,0.0,0.0
1995-10-19 00:00:00-04:00,0.9948736429214478,0.9948736429214478,0.9948736429214478,0.9948736429214478,3000,0.0,0.0
1995-10-20 00:00:00-04:00,0.9948736429214478,0.9948736429214478,0.9948736429214478,0.9948736429214478,0,0.0,0.0
1995-10-23 00:00:00-04:00,0.9948736429214478,0.9948736429214478,0.9948736429214478,0.9948736429214478,0,0.0,0.0
1995-10-24 00:00:00-04:00,0.9948736429214478,0.9948736429214478,0.9948736429214478,0.9948736429214478,0,0.0,0.0
1995-10-25 00:00:00-04:00,0.9948736429214478,0.9948736429214478,0.9948736429214478,0.9948736429214478,0,0.0,0.0
1995-10-26 00:00:00-04:00,0.9948736429214478,0.9948736429214478,0.9948736429214478,0.9948736429214478,0,0.0,0.0
1995-10-27 00:00:00-04:00,0.9948736429214478,0.9948736429214478,0.9948736429214478,0.9948736429214478,0,0.0,0.0
1995-10-30 00:00:00-05:00,0.9948736429214478,0.9948736429214478,0.9948736429214478,0.9948736429214478,0,0.0,0.0
1995-10-31 00:00:00-05:00,0.9948736429214478,0.9948736429214478,0.9948736429214478,0.9948736429214478,0,0.0,0.0
1995-11-01 00:00:00-05:00,0.9948736429214478,0.9948736429214478,0.9948736429214478,0.9948736429214478,0,0.0,0.0
1995-11-02 00:00:00-05:00,0.9948736429214478,0.9948736429214478,0.9948736429214478,0.9948736429214478,0,0.0,0.0
1995-11-03 00:00:00-05:00,0.845642864704132,0.845642864704132,0.845642864704132,0.8456428647041321,3000,0.0,0.0
1995-11-06 00:00:00-05:00,0.845642864704132,0.845642864704132,0.845642864704132,0.8456428647041321,0,0.0,0.0
1995-11-07 00:00:00-05:00,0.845642864704132,0.845642864704132,0.845642864704132,0.8456428647041321,0,0.0,0.0
1995-11-08 00:00:00-05:00,0.845642864704132,0.845642864704132,0.845642864704132,0.8456428647041321,0,0.0,0.0
1995-11-09 00:00:00-05:00,0.845642864704132,0.845642864704132,0.845642864704132,0.8456428647041321,0,0.0,0.0
1995-11-10 00:00:00-05:00,0.845642864704132,0.845642864704132,0.845642864704132,0.8456428647041321,0,0.0,0.0
1995-11-13 00:00:00-05:00,0.845642864704132,0.845642864704132,0.845642864704132,0.8456428647041321,0,0.0,0.0
1995-11-14 00:00:00-05:00,0.845642864704132,0.845642864704132,0.845642864704132,0.8456428647041321,0,0.0,0.0
1995-11-15 00:00:00-05:00,0.845642864704132,0.845642864704132,0.845642864704132,0.8456428647041321,0,0.0,0.0
1995-11-16 00:00:00-05:00,0.845642864704132,0.845642864704132,0.845642864704132,0.8456428647041321,0,0.0,0.0
1995-11-17 00:00:00-05:00,0.845642864704132,0.845642864704132,0.845642864704132,0.8456428647041321,0,0.0,0.0
1995-11-20 00:00:00-05:00,0.845642864704132,0.845642864704132,0.845642864704132,0.8456428647041321,0,0.0,0.0
1995-11-21 00:00:00-05:00,0.845642864704132,0.845642864704132,0.845642864704132,0.8456428647041321,0,0.0,0.0
1995-11-22 00:00:00-05:00,0.845642864704132,0.845642864704132,0.845642864704132,0.8456428647041321,0,0.0,0.0
1995-11-24 00:00:00-05:00,0.845642864704132,0.845642864704132,0.845642864704132,0.8456428647041321,0,0.0,0.0
1995-11-27 00:00:00-05:00,0.845642864704132,0.845642864704132,0.845642864704132,0.8456428647041321,0,0.0,0.0
1995-11-28 00:00:00-05:00,0.845642864704132,0.845642864704132,0.845642864704132,0.8456428647041321,0,0.0,0.0
1995-11-29 00:00:00-05:00,0.845642864704132,0.845642864704132,0.845642864704132,0.8456428647041321,0,0.0,0.0
1995-11-30 00:00:00-05:00,0.845642864704132,0.845642864704132,0.845642864704132,0.8456428647041321,0,0.0,0.0
1995-12-01 00:00:00-05:00,0.845642864704132,0.845642864704132,0.845642864704132,0.8456428647041321,0,0.0,0.0
1995-12-04 00:00:00-05:00,0.845642864704132,0.845642864704132,0.845642864704132,0.8456428647041321,0,0.0,0.0
1995-12-05 00:00:00-05:00,0.845642864704132,0.845642864704132,0.845642864704132,0.8456428647041321,600,0.0,0.0
1995-12-06 00:00:00-05:00,0.845642864704132,0.845642864704132,0.845642864704132,0.8456428647041321,0,0.0,0.0
1995-12-07 00:00:00-05:00,0.845642864704132,0.845642864704132,0.845642864704132,0.8456428647041321,300,0.0,0.0
1995-12-08 00:00:00-05:00,0.845642864704132,0.845642864704132,0.845642864704132,0.8456428647041321,0,0.0,0.0
1995-12-11 00:00:00-05:00,0.845642864704132,0.845642864704132,0.845642864704132,0.8456428647041321,300,0.0,0.0
1995-12-12 00:00:00-05:00,0.845642864704132,0.845642864704132,0.845642864704132,0.8456428647041321,0,0.0,0.0
1995-12-13 00:00:00-05:00,0.9451294541358948,0.9451294541358948,0.9451294541358948,0.9451294541358948,3000,0.0,0.0
1995-12-14 00:00:00-05:00,0.9451294541358948,0.9451294541358948,0.9451294541358948,0.9451294541358948,0,0.0,0.0
1995-12-15 00:00:00-05:00,0.9451294541358948,0.9451294541358948,0.9451294541358948,0.9451294541358948,0,0.0,0.0
1995-12-18 00:00:00-05:00,0.9451294541358948,0.9451294541358948,0.9451294541358948,0.9451294541358948,0,0.0,0.0
1995-12-19 00:00:00-05:00,0.9451294541358948,0.9451294541358948,0.9451294541358948,0.9451294541358948,0,0.0,0.0
1995-12-20 00:00:00-05:00,0.9451294541358948,0.9451294541358948,0.9451294541358948,0.9451294541358948,0,0.0,0.0
1995-12-21 00:00:00-05:00,0.9451294541358948,0.9451294541358948,0.9451294541358948,0.9451294541358948,0,0.0,0.0
1995-12-22 00:00:00-05:00,0.9948736429214478,0.9948736429214478,0.9948736429214478,0.9948736429214478,6000,0.0,0.0
1995-12-26 00:00:00-05:00,0.9948736429214478,0.9948736429214478,0.9948736429214478,0.9948736429214478,300,0.0,0.0
1995-12-27 00:00:00-05:00,0.9948736429214478,0.9948736429214478,0.9948736429214478,0.9948736429214478,0,0.0,0.0
1995-12-28 00:00:00-05:00,0.9948736429214478,0.9948736429214478,0.9948736429214478,0.9948736429214478,0,0.0,0.0
1995-12-29 00:00:00-05:00,0.9948736429214478,0.9948736429214478,0.9948736429214478,0.9948736429214478,0,0.0,0.0
1996-01-02 00:00:00-05:00,0.9948736429214478,0.9948736429214478,0.9948736429214478,0.9948736429214478,0,0.0,0.0
1996-01-03 00:00:00-05:00,0.9948736429214478,0.9948736429214478,0.9948736429214478,0.9948736429214478,0,0.0,0.0
1996-01-04 00:00:00-05:00,0.9948736429214478,0.9948736429214478,0.9948736429214478,0.9948736429214478,600,0.0,0.0
1996-01-05 00:00:00-05:00,0.9948736429214478,0.9948736429214478,0.9948736429214478,0.9948736429214478,0,0.0,0.0
1996-01-08 00:00:00-05:00,0.9948736429214478,0.9948736429214478,0.9948736429214478,0.9948736429214478,0,0.0,0.0
1996-01-09 00:00:00-05:00,0.9948736429214478,0.9948736429214478,0.9948736429214478,0.9948736429214478,0,0.0,0.0
1996-01-10 00:00:00-05:00,0.9948736429214478,0.9948736429214478,0.9948736429214478,0.9948736429214478,0,0.0,0.0
1996-01-11 00:00:00-05:00,0.9948736429214478,0.9948736429214478,0.9948736429214478,0.9948736429214478,0,0.0,0.0
1996-01-12 00:00:00-05:00,0.9948736429214478,0.9948736429214478,0.9948736429214478,0.9948736429214478,0,0.0,0.0
1996-01-15 00:00:00-05:00,0.9948736429214478,0.9948736429214478,0.9948736429214478,0.9948736429214478,0,0.0,0.0
1996-01-16 00:00:00-05:00,0.9948736429214478,0.9948736429214478,0.9948736429214478,0.9948736429214478,0,0.0,0.0
1996-01-17 00:00:00-05:00,0.9948736429214478,0.9948736429214478,0.9948736429214478,0.9948736429214478,0,0.0,0.0
1996-01-18 00:00:00-05:00,0.9948736429214478,0.9948736429214478,0.9948736429214478,0.9948736429214478,0,0.0,0.0
1996-01-19 00:00:00-05:00,0.9948736429214478,0.9948736429214478,0.9948736429214478,0.9948736429214478,0,0.0,0.0
1996-01-22 00:00:00-05:00,0.9948736429214478,0.9948736429214478,0.9948736429214478,0.9948736429214478,0,0.0,0.0
1996-01-23 00:00:00-05:00,0.9948736429214478,0.9948736429214478,0.9948736429214478,0.9948736429214478,0,0.0,0.0
1996-01-24 00:00:00-05:00,0.9948736429214478,0.9948736429214478,0.9948736429214478,0.9948736429214478,600,0.0,0.0
1996-01-25 00:00:00-05:00,0.9948736429214478,0.9948736429214478,0.9948736429214478,0.9948736429214478,0,0.0,0.0
1996-01-26 00:00:00-05:00,0.9948736429214478,0.9948736429214478,0.9948736429214478,0.9948736429214478,0,0.0,0.0
1996-01-29 00:00:00-05:00,0.9948736429214478,0.9948736429214478,0.9948736429214478,0.9948736429214478,0,0.0,0.0
1996-01-30 00:00:00-05:00,0.9948736429214478,0.9948736429214478,0.9948736429214478,0.9948736429214478,0,0.0,0.0
1996-01-31 00:00:00-05:00,0.9948736429214478,0.9948736429214478,0.9948736429214478,0.9948736429214478,0,0.0,0.0
1996-02-01 00:00:00-05:00,0.9948736429214478,0.9948736429214478,0.9948736429214478,0.9948736429214478,0,0.0,0.0
1996-02-02 00:00:00-05:00,0.9948736429214478,0.9948736429214478,0.9948736429214478,0.9948736429214478,1800,0.0,0.0
1996-02-05 00:00:00-05:00,0.9948736429214478,0.9948736429214478,0.9948736429214478,0.9948736429214478,5100,0.0,0.0
1996-02-06 00:00:00-05:00,0.9948736429214478,0.9948736429214478,0.9948736429214478,0.9948736429214478,0,0.0,0.0
1996-02-07 00:00:00-05:00,0.9948736429214478,0.9948736429214478,0.9948736429214478,0.9948736429214478,1500,0.0,0.0
1996-02-08 00:00:00-05:00,0.9948736429214478,0.9948736429214478,0.9948736429214478,0.9948736429214478,2100,0.0,0.0
1996-02-09 00:00:00-05:00,1.094360113143921,1.094360113143921,1.094360113143921,1.094360113143921,3300,0.0,0.0
1996-02-12 00:00:00-05:00,1.094360113143921,1.094360113143921,1.094360113143921,1.094360113143921,0,0.0,0.0
1996-02-13 00:00:00-05:00,1.094360113143921,1.094360113143921,1.094360113143921,1.094360113143921,0,0.0,0.0
1996-02-14 00:00:00-05:00,1.094360113143921,1.094360113143921,1.094360113143921,1.094360113143921,0,0.0,0.0
1996-02-15 00:00:00-05:00,1.094360113143921,1.094360113143921,1.094360113143921,1.094360113143921,5700,0.0,0.0
1996-02-16 00:00:00-05:00,1.1938480672985943,1.3430790757109186,1.1938480672985943,1.243591547012329,9000,0.0,0.0
1996-02-20 00:00:00-05:00,1.243591547012329,1.243591547012329,1.243591547012329,1.243591547012329,0,0.0,0.0
1996-02-21 00:00:00-05:00,1.243591547012329,1.243591547012329,1.243591547012329,1.243591547012329,0,0.0,0.0
1996-02-22 00:00:00-05:00,1.243591547012329,1.243591547012329,1.243591547012329,1.243591547012329,0,0.0,0.0
1996-02-23 00:00:00-05:00,1.243591547012329,1.243591547012329,1.243591547012329,1.243591547012329,6000,0.0,0.0
1996-02-26 00:00:00-05:00,1.243591547012329,1.243591547012329,1.243591547012329,1.243591547012329,0,0.0,0.0
1996-02-27 00:00:00-05:00,1.3928227424621582,1.3928227424621582,1.3928227424621582,1.3928227424621582,2700,0.0,0.0
1996-02-28 00:00:00-05:00,1.3928227424621582,1.3928227424621582,1.3928227424621582,1.3928227424621582,0,0.0,0.0
1996-02-29 00:00:00-05:00,1.3928227424621582,1.3928227424621582,1.3928227424621582,1.3928227424621582,0,0.0,0.0
1996-03-01 00:00:00-05:00,1.3928227424621582,1.3928227424621582,1.3928227424621582,1.3928227424621582,0,0.0,0.0
1996-03-04 00:00:00-05:00,1.3928227424621582,1.3928227424621582,1.3928227424621582,1.3928227424621582,0,0.0,0.0
1996-03-05 00:00:00-05:00,1.3928227424621582,1.3928227424621582,1.3928227424621582,1.3928227424621582,0,0.0,0.0
1996-03-06 00:00:00-05:00,1.3928227424621582,1.3928227424621582,1.3928227424621582,1.3928227424621582,0,0.0,0.0
1996-03-07 00:00:00-05:00,1.3928227424621582,1.3928227424621582,1.3928227424621582,1.3928227424621582,0,0.0,0.0
1996-03-08 00:00:00-05:00,1.3928227424621582,1.3928227424621582,1.3928227424621582,1.3928227424621582,0,0.0,0.0
1996-03-11 00:00:00-05:00,1.3928227424621582,1.3928227424621582,1.3928227424621582,1.3928227424621582,0,0.0,0.0
1996-03-12 00:00:00-05:00,1.3928227424621582,1.3928227424621582,1.3928227424621582,1.3928227424621582,0,0.0,0.0
1996-03-13 00:00:00-05:00,1.243591547012329,1.243591547012329,1.243591547012329,1.243591547012329,10500,0.0,0.0
1996-03-14 00:00:00-05:00,1.243591547012329,1.243591547012329,1.243591547012329,1.243591547012329,0,0.0,0.0
1996-03-15 00:00:00-05:00,1.3928234812826161,1.4923110761140523,1.3928234812826161,1.4176955223083496,29700,0.0,0.0
1996-03-18 00:00:00-05:00,1.5420540571212769,1.5420540571212769,1.5420540571212769,1.5420540571212769,1500,0.0,0.0
1996-03-19 00:00:00-05:00,1.5420540571212769,1.5420540571212769,1.5420540571212769,1.5420540571212769,900,0.0,0.0
1996-03-20 00:00:00-05:00,1.405258368467912,1.4923095703125,1.405258368467912,1.4923095703125,3600,0.0,0.0
1996-03-21 00:00:00-05:00,1.3928227424621582,1.3928227424621582,1.3928227424621582,1.3928227424621582,600,0.0,0.0
1996-03-22 00:00:00-05:00,1.3928227424621582,1.3928227424621582,1.3928227424621582,1.3928227424621582,0,0.0,0.0
1996-03-25 00:00:00-05:00,1.3928227424621582,1.3928227424621582,1.3928227424621582,1.3928227424621582,0,0.0,0.0
1996-03-26 00:00:00-05:00,1.3928227424621582,1.3928227424621582,1.3928227424621582,1.3928227424621582,0,0.0,0.0
1996-03-27 00:00:00-05:00,1.3928227424621582,1.3928227424621582,1.3928227424621582,1.3928227424621582,0,0.0,0.0
1996-03-28 00:00:00-05:00,1.3679512839009458,1.3928227424621582,1.3679512839009458,1.3928227424621582,40800,0.0,0.0
1996-03-29 00:00:00-05:00,1.3928227424621582,1.3928227424621582,1.3928227424621582,1.3928227424621582,0,0.0,0.0
1996-04-01 00:00:00-05:00,1.3928227424621582,1.3928227424621582,1.3928227424621582,1.3928227424621582,0,0.0,0.0
1996-04-02 00:00:00-05:00,1.5420540571212769,1.5420540571212769,1.5420540571212769,1.5420540571212769,600,0.0,0.0
1996-04-03 00:00:00-05:00,1.5420540571212769,1.5420540571212769,1.5420540571212769,1.5420540571212769,0,0.0,0.0
1996-04-04 00:00:00-05:00,1.5420540571212769,1.5420540571212769,1.5420540571212769,1.5420540571212769,0,0.0,0.0
1996-04-08 00:00:00-04:00,1.5420540571212769,1.5420540571212769,1.5420540571212769,1.5420540571212769,6000,0.0,0.0
1996-04-09 00:00:00-04:00,1.5420540571212769,1.5420540571212769,1.5420540571212769,1.5420540571212769,0,0.0,0.0
1996-04-10 00:00:00-04:00,1.5420540571212769,1.5420540571212769,1.5420540571212769,1.5420540571212769,4500,0.0,0.0
1996-04-11 00:00:00-04:00,1.5420540571212769,1.5420540571212769,1.5420540571212769,1.5420540571212769,3600,0.0,0.0
1996-04-12 00:00:00-04:00,1.5420540571212769,1.5420540571212769,1.5420540571212769,1.5420540571212769,0,0.0,0.0
1996-04-15 00:00:00-04:00,1.5420540571212769,1.5420540571212769,1.5420540571212769,1.5420540571212769,0,0.0,0.0
1996-04-16 00:00:00-04:00,1.5420540571212769,1.5420540571212769,1.5420540571212769,1.5420540571212769,0,0.0,0.0
1996-04-17 00:00:00-04:00,1.5420540571212769,1.5420540571212769,1.5420540571212769,1.5420540571212769,0,0.0,0.0
1996-04-18 00:00:00-04:00,1.5420540571212769,1.5420540571212769,1.5420540571212769,1.5420540571212769,0,0.0,0.0
1996-04-19 00:00:00-04:00,1.5420540571212769,1.5420540571212769,1.5420540571212769,1.5420540571212769,0,0.0,0.0
1996-04-22 00:00:00-04:00,1.5420540571212769,1.5420540571212769,1.5420540571212769,1.5420540571212769,0,0.0,0.0
1996-04-23 00:00:00-04:00,1.5420540571212769,1.5420540571212769,1.5420540571212769,1.5420540571212769,6300,0.0,0.0
1996-04-24 00:00:00-04:00,1.641541600227356,1.641541600227356,1.641541600227356,1.641541600227356,300,0.0,0.0
1996-04-25 00:00:00-04:00,1.641541600227356,1.641541600227356,1.641541600227356,1.641541600227356,9000,0.0,0.0
1996-04-26 00:00:00-04:00,1.641541600227356,1.641541600227356,1.641541600227356,1.641541600227356,0,0.0,0.0
1996-04-29 00:00:00-04:00,1.4923105456612327,1.641541600227356,1.4923105456612327,1.641541600227356,3600,0.0,0.0
1996-04-30 00:00:00-04:00,1.641541600227356,1.641541600227356,1.641541600227356,1.641541600227356,0,0.0,0.0
1996-05-01 00:00:00-04:00,1.641541600227356,1.641541600227356,1.641541600227356,1.641541600227356,0,0.0,0.0
1996-05-02 00:00:00-04:00,1.641541600227356,1.641541600227356,1.641541600227356,1.641541600227356,0,0.0,0.0
1996-05-03 00:00:00-04:00,1.641541600227356,1.641541600227356,1.641541600227356,1.641541600227356,0,0.0,0.0
1996-05-06 00:00:00-04:00,1.641541600227356,1.641541600227356,1.641541600227356,1.641541600227356,0,0.0,0.0
1996-05-07 00:00:00-04:00,1.641541600227356,1.641541600227356,1.641541600227356,1.641541600227356,21000,0.0,0.0
1996-05-08 00:00:00-04:00,1.641541600227356,1.641541600227356,1.641541600227356,1.641541600227356,0,0.0,0.0
1996-05-09 00:00:00-04:00,1.641541600227356,1.641541600227356,1.641541600227356,1.641541600227356,0,0.0,0.0
1996-05-10 00:00:00-04:00,1.641541600227356,1.641541600227356,1.641541600227356,1.641541600227356,0,0.0,0.0
1996-05-13 00:00:00-04:00,1.641541600227356,1.641541600227356,1.641541600227356,1.641541600227356,0,0.0,0.0
1996-05-14 00:00:00-04:00,1.641541600227356,1.641541600227356,1.641541600227356,1.641541600227356,0,0.0,0.0
1996-05-15 00:00:00-04:00,1.641541600227356,1.641541600227356,1.641541600227356,1.641541600227356,0,0.0,0.0
1996-05-16 00:00:00-04:00,1.641541600227356,1.641541600227356,1.641541600227356,1.641541600227356,0,0.0,0.0
1996-05-17 00:00:00-04:00,1.641541600227356,1.641541600227356,1.641541600227356,1.641541600227356,1500,0.0,0.0
1996-05-20 00:00:00-04:00,1.641541600227356,1.641541600227356,1.641541600227356,1.641541600227356,0,0.0,0.0
1996-05-21 00:00:00-04:00,1.542053896142165,1.6166694164276123,1.542053896142165,1.6166694164276123,40500,0.0,0.0
1996-05-22 00:00:00-04:00,1.6166694164276123,1.6166694164276123,1.6166694164276123,1.6166694164276123,0,0.0,0.0
1996-05-23 00:00:00-04:00,1.6166694164276123,1.6166694164276123,1.6166694164276123,1.6166694164276123,0,0.0,0.0
1996-05-24 00:00:00-04:00,1.6166694164276123,1.6166694164276123,1.6166694164276123,1.6166694164276123,0,0.0,0.0
1996-05-28 00:00:00-04:00,1.6166694164276123,1.6166694164276123,1.6166694164276123,1.6166694164276123,0,0.0,0.0
1996-05-29 00:00:00-04:00,1.5420540571212769,1.5420540571212769,1.5420540571212769,1.5420540571212769,600,0.0,0.0
1996-05-30 00:00:00-04:00,1.5420540571212769,1.5420540571212769,1.5420540571212769,1.5420540571212769,0,0.0,0.0
1996-05-31 00:00:00-04:00,1.5420540571212769,1.5420540571212769,1.5420540571212769,1.5420540571212769,0,0.0,0.0
1996-06-03 00:00:00-04:00,1.5420540571212769,1.5420540571212769,1.5420540571212769,1.5420540571212769,0,0.0,0.0
1996-06-04 00:00:00-04:00,1.5420540571212769,1.5420540571212769,1.5420540571212769,1.5420540571212769,0,0.0,0.0
1996-06-05 00:00:00-04:00,1.5420540571212769,1.5420540571212769,1.5420540571212769,1.5420540571212769,0,0.0,0.0
1996-06-06 00:00:00-04:00,1.5420540571212769,1.5420540571212769,1.5420540571212769,1.5420540571212769,0,0.0,0.0
1996-06-07 00:00:00-04:00,1.5420540571212769,1.5420540571212769,1.5420540571212769,1.5420540571212769,0,0.0,0.0
1996-06-10 00:00:00-04:00,1.5420540571212769,1.5420540571212769,1.5420540571212769,1.5420540571212769,0,0.0,0.0
1996-06-11 00:00:00-04:00,1.5420540571212769,1.5420540571212769,1.5420540571212769,1.5420540571212769,0,0.0,0.0
1996-06-12 00:00:00-04:00,1.5420540571212769,1.5420540571212769,1.5420540571212769,1.5420540571212769,0,0.0,0.0
1996-06-13 00:00:00-04:00,1.641541600227356,1.641541600227356,1.641541600227356,1.641541600227356,8400,0.0,0.0
1996-06-14 00:00:00-04:00,1.641541600227356,1.641541600227356,1.641541600227356,1.641541600227356,6300,0.0,0.0
1996-06-17 00:00:00-04:00,1.641541600227356,1.641541600227356,1.641541600227356,1.641541600227356,0,0.0,0.0
1996-06-18 00:00:00-04:00,1.641541600227356,1.641541600227356,1.641541600227356,1.641541600227356,0,0.0,0.0
1996-06-19 00:00:00-04:00,1.641541600227356,1.641541600227356,1.641541600227356,1.641541600227356,0,0.0,0.0
1996-06-20 00:00:00-04:00,1.641541600227356,1.641541600227356,1.641541600227356,1.641541600227356,0,0.0,0.0
1996-06-21 00:00:00-04:00,1.641541600227356,1.641541600227356,1.641541600227356,1.641541600227356,0,0.0,0.0
1996-06-24 00:00:00-04:00,1.641541600227356,1.641541600227356,1.641541600227356,1.641541600227356,0,0.0,0.0
1996-06-25 00:00:00-04:00,1.641541600227356,1.641541600227356,1.641541600227356,1.641541600227356,7500,0.0,0.0
1996-06-26 00:00:00-04:00,1.641541600227356,1.641541600227356,1.641541600227356,1.641541600227356,0,0.0,0.0
1996-06-27 00:00:00-04:00,1.641541600227356,1.641541600227356,1.641541600227356,1.641541600227356,0,0.0,0.0
1996-06-28 00:00:00-04:00,1.6415414724032298,1.7410290241241457,1.6415414724032298,1.7410290241241455,9000,0.0,0.0
1996-07-01 00:00:00-04:00,1.7410290241241457,1.7410290241241457,1.7410290241241457,1.7410290241241455,2400,0.0,0.0
1996-07-02 00:00:00-04:00,1.7410295092486041,1.7410295092486041,1.591798424720764,1.5917984247207642,1200,0.0,0.0
1996-07-03 00:00:00-04:00,1.591798424720764,1.591798424720764,1.591798424720764,1.5917984247207642,0,0.0,0.0
1996-07-05 00:00:00-04:00,1.591798424720764,1.591798424720764,1.591798424720764,1.5917984247207642,0,0.0,0.0
1996-07-08 00:00:00-04:00,1.591798424720764,1.591798424720764,1.591798424720764,1.5917984247207642,0,0.0,0.0
1996-07-09 00:00:00-04:00,1.591798424720764,1.591798424720764,1.591798424720764,1.5917984247207642,0,0.0,0.0
1996-07-10 00:00:00-04:00,1.591798424720764,1.591798424720764,1.591798424720764,1.5917984247207642,0,0.0,0.0
1996-07-11 00:00:00-04:00,1.591798424720764,1.591798424720764,1.591798424720764,1.5917984247207642,0,0.0,0.0
1996-07-12 00:00:00-04:00,1.591798424720764,1.591798424720764,1.591798424720764,1.5917984247207642,0,0.0,0.0
1996-07-15 00:00:00-04:00,1.790771722793579,1.790771722793579,1.790771722793579,1.790771722793579,2100,0.0,0.0
1996-07-16 00:00:00-04:00,1.790771722793579,1.790771722793579,1.790771722793579,1.790771722793579,2100,0.0,0.0
1996-07-17 00:00:00-04:00,1.790772654793479,1.790772654793479,1.641541600227356,1.641541600227356,3600,0.0,0.0
1996-07-18 00:00:00-04:00,1.8405154943466187,1.8405154943466187,1.8405154943466187,1.8405154943466187,15600,0.0,0.0
1996-07-19 00:00:00-04:00,1.8405154943466187,1.8405154943466187,1.8405154943466187,1.8405154943466187,0,0.0,0.0
1996-07-22 00:00:00-04:00,1.8405154943466187,1.8405154943466187,1.8405154943466187,1.8405154943466187,0,0.0,0.0
1996-07-23 00:00:00-04:00,1.8405154943466187,1.8405154943466187,1.8405154943466187,1.8405154943466187,0,0.0,0.0
1996-07-24 00:00:00-04:00,1.7410290241241457,1.7410290241241457,1.7410290241241457,1.7410290241241455,6000,0.0,0.0
1996-07-25 00:00:00-04:00,1.7410290241241457,1.7410290241241457,1.7410290241241457,1.7410290241241455,600,0.0,0.0
1996-07-26 00:00:00-04:00,1.890259861946106,1.890259861946106,1.890259861946106,1.890259861946106,5700,0.0,0.0
1996-07-29 00:00:00-04:00,1.890259861946106,1.890259861946106,1.890259861946106,1.890259861946106,6000,0.0,0.0
1996-07-30 00:00:00-04:00,1.890259861946106,1.890259861946106,1.890259861946106,1.890259861946106,6000,0.0,0.0
1996-07-31 00:00:00-04:00,1.890259861946106,1.890259861946106,1.890259861946106,1.890259861946106,900,0.0,0.0
1996-08-01 00:00:00-04:00,1.890259861946106,1.890259861946106,1.890259861946106,1.890259861946106,0,0.0,0.0
1996-08-02 00:00:00-04:00,1.8156443485702227,1.890259861946106,1.8156443485702227,1.890259861946106,63000,0.0,0.0
1996-08-05 00:00:00-04:00,1.890259861946106,1.890259861946106,1.890259861946106,1.890259861946106,0,0.0,0.0
1996-08-06 00:00:00-04:00,1.890259861946106,1.890259861946106,1.890259861946106,1.890259861946106,5100,0.0,0.0
1996-08-07 00:00:00-04:00,1.890259861946106,1.890259861946106,1.890259861946106,1.890259861946106,0,0.0,0.0
1996-08-08 00:00:00-04:00,1.890259861946106,1.890259861946106,1.890259861946106,1.890259861946106,1200,0.0,0.0
1996-08-09 00:00:00-04:00,1.890259861946106,1.890259861946106,1.890259861946106,1.890259861946106,0,0.0,0.0
1996-08-12 00:00:00-04:00,1.890259861946106,1.890259861946106,1.890259861946106,1.890259861946106,300,0.0,0.0
1996-08-13 00:00:00-04:00,1.8902599080406968,1.9400033950805666,1.8405158517296234,1.9400033950805664,51900,0.0,0.0
1996-08-14 00:00:00-04:00,1.989746898281092,2.337953018201909,1.989746898281092,2.2882089614868164,21300,0.0,0.0
1996-08-15 00:00:00-04:00,2.5866705877664042,2.7359015941619877,2.5866705877664042,2.7359015941619873,57300,0.0,0.0
1996-08-16 00:00:00-04:00,2.7359015941619877,2.7359015941619877,2.7359015941619877,2.7359015941619873,600,0.0,0.0
1996-08-19 00:00:00-04:00,2.5866705877664042,2.7359015941619877,2.5866705877664042,2.7359015941619873,1500,0.0,0.0
1996-08-20 00:00:00-04:00,2.7110302448272705,2.7110302448272705,2.7110302448272705,2.7110302448272705,3000,0.0,0.0
1996-08-21 00:00:00-04:00,2.7110302448272705,2.7110302448272705,2.5866706884750976,2.7110302448272705,5700,0.0,0.0
1996-08-22 00:00:00-04:00,2.7359015941619877,2.7359015941619877,2.7359015941619877,2.7359015941619873,1500,0.0,0.0
1996-08-23 00:00:00-04:00,2.5866708755493164,2.5866708755493164,2.5866708755493164,2.5866708755493164,2700,0.0,0.0
1996-08-26 00:00:00-04:00,2.5866708755493164,2.5866708755493164,2.5866708755493164,2.5866708755493164,0,0.0,0.0
1996-08-27 00:00:00-04:00,2.7110302448272705,2.7110302448272705,2.7110302448272705,2.7110302448272705,26100,0.0,0.0
1996-08-28 00:00:00-04:00,2.7359015941619877,2.7359015941619877,2.5866705877664042,2.7359015941619873,9000,0.0,0.0
1996-08-29 00:00:00-04:00,2.5866705877664042,2.7359015941619877,2.5866705877664042,2.7359015941619873,6000,0.0,0.0
1996-08-30 00:00:00-04:00,2.7359015941619877,2.7359015941619877,2.7359015941619877,2.7359015941619873,300,0.0,0.0
1996-09-03 00:00:00-04:00,2.7359015941619877,2.7359015941619877,2.7359015941619877,2.7359015941619873,0,0.0,0.0
1996-09-04 00:00:00-04:00,2.7359015941619877,2.7359015941619877,2.7359015941619877,2.7359015941619873,0,0.0,0.0
1996-09-05 00:00:00-04:00,2.7359015941619877,2.7359015941619877,2.7359015941619877,2.7359015941619873,0,0.0,0.0
1996-09-06 00:00:00-04:00,2.7359015941619877,2.7359015941619877,2.7359015941619877,2.7359015941619873,0,0.0,0.0
1996-09-09 00:00:00-04:00,2.7359015941619877,2.7359015941619877,2.7359015941619877,2.7359015941619873,0,0.0,0.0
1996-09-10 00:00:00-04:00,2.785646272380095,3.233339392801651,2.785646272380095,3.084108352661133,27600,0.0,0.0
1996-09-11 00:00:00-04:00,3.2333395481109615,3.2333395481109615,3.2333395481109615,3.233339548110962,3000,0.0,0.0
1996-09-12 00:00:00-04:00,3.233339392801651,3.233339392801651,3.084108352661133,3.084108352661133,2100,0.0,0.0
1996-09-13 00:00:00-04:00,3.233339917616623,3.38257098197937,3.233339917616623,3.38257098197937,13800,0.0,0.0
1996-09-16 00:00:00-04:00,3.38257098197937,3.38257098197937,3.38257098197937,3.38257098197937,0,0.0,0.0
1996-09-17 00:00:00-04:00,3.38257098197937,3.38257098197937,3.38257098197937,3.38257098197937,0,0.0,0.0
1996-09-18 00:00:00-04:00,3.38257098197937,3.38257098197937,3.38257098197937,3.38257098197937,900,0.0,0.0
1996-09-19 00:00:00-04:00,3.38257098197937,3.38257098197937,3.38257098197937,3.38257098197937,1800,0.0,0.0
1996-09-20 00:00:00-04:00,3.482057750119111,3.482057750119111,3.283083200454712,3.283083200454712,900,0.0,0.0
1996-09-23 00:00:00-04:00,3.283082807163937,3.4820573329925537,3.283082807163937,3.4820573329925537,1200,0.0,0.0
1996-09-24 00:00:00-04:00,3.4820571860285643,3.8800067901611333,3.4820571860285643,3.880006790161133,7200,0.0,0.0
1996-09-25 00:00:00-04:00,3.9297496010703976,3.9297496010703976,3.730775117874145,3.7307751178741455,3900,0.0,0.0
1996-09-26 00:00:00-04:00,3.9794940327670094,4.128725051879883,3.9794940327670094,4.128725051879883,5100,0.0,0.0
1996-09-27 00:00:00-04:00,4.277956648100936,4.576418726590042,4.0292380596029345,4.327700138092041,21000,0.0,0.0
1996-09-30 00:00:00-04:00,4.576417925735714,5.422059953956811,4.576417925735714,5.073854446411133,66900,0.0,0.0
1996-10-01 00:00:00-04:00,5.471801947569475,6.068725775694475,5.0738525390625,5.96923828125,73500,0.0,0.0
1996-10-02 00:00:00-04:00,6.41693260741034,6.8646255800203635,4.775391707840253,5.471803188323975,142200,0.0,0.0
1996-10-03 00:00:00-04:00,5.6707776530603,5.6707776530603,5.272828154316595,5.471803188323975,19500,0.0,0.0
1996-10-04 00:00:00-04:00,4.87487881537526,4.87487881537526,3.681030988693237,3.6810309886932373,99900,0.0,0.0
1996-10-07 00:00:00-04:00,4.078980445597491,4.427186489105225,4.029236969069707,4.427186489105225,25200,0.0,0.0
1996-10-08 00:00:00-04:00,4.5266768226863725,4.576420905634158,4.178471088409424,4.178471088409424,22500,0.0,0.0
1996-10-09 00:00:00-04:00,4.37744273334008,4.675904750823975,4.37744273334008,4.675904750823975,41100,0.0,0.0
1996-10-10 00:00:00-04:00,4.874880553300898,4.924624040722847,4.775393009185791,4.775393009185791,9000,0.0,0.0
1996-10-11 00:00:00-04:00,4.7753919633418755,4.7753919633418755,4.427186489105225,4.427186489105225,2700,0.0,0.0
1996-10-14 00:00:00-04:00,4.427186489105225,4.427186489105225,4.427186489105225,4.427186489105225,9300,0.0,0.0
1996-10-15 00:00:00-04:00,4.924622825984025,4.924622825984025,4.526673316955566,4.526673316955566,14100,0.0,0.0
1996-10-16 00:00:00-04:00,4.526673316955566,4.526673316955566,4.526673316955566,4.526673316955566,0,0.0,0.0
1996-10-17 00:00:00-04:00,4.427187832510204,4.576418876647949,4.427187832510204,4.576418876647949,2400,0.0,0.0
1996-10-18 00:00:00-04:00,4.924624040722847,4.924624040722847,4.675905465070684,4.775393009185791,1800,0.0,0.0
1996-10-21 00:00:00-04:00,4.825135439869659,4.825135439869659,4.377442443306358,4.427186489105225,18000,0.0,0.0
1996-10-22 00:00:00-04:00,4.775393412407858,4.775393412407858,4.2779567883724585,4.576418876647949,5100,0.0,0.0
1996-10-23 00:00:00-04:00,4.775393009185791,4.775393009185791,4.775393009185791,4.775393009185791,300,0.0,0.0
1996-10-24 00:00:00-04:00,4.277956490723117,4.377443467045392,4.078981399536133,4.078981399536133,21300,0.0,0.0
1996-10-25 00:00:00-04:00,4.178471088409424,4.576420905634158,4.178471088409424,4.178471088409424,105000,0.0,0.0
1996-10-28 00:00:00-05:00,4.17846839808154,4.228211879730225,4.17846839808154,4.228211879730225,24600,0.0,0.0
1996-10-29 00:00:00-05:00,4.178471088409424,4.178471088409424,4.178471088409424,4.178471088409424,600,0.0,0.0
1996-10-30 00:00:00-05:00,4.178471088409424,4.178471088409424,4.178471088409424,4.178471088409424,0,0.0,0.0
1996-10-31 00:00:00-05:00,4.576418876647949,4.576418876647949,4.576418876647949,4.576418876647949,600,0.0,0.0
1996-11-01 00:00:00-05:00,4.377443406941617,4.389879705764559,4.19090461730957,4.19090461730957,15000,0.0,0.0
1996-11-04 00:00:00-05:00,4.178471088409424,4.178471088409424,4.178471088409424,4.178471088409424,300,0.0,0.0
1996-11-05 00:00:00-05:00,4.17846839808154,4.228211879730225,4.17846839808154,4.228211879730225,3600,0.0,0.0
1996-11-06 00:00:00-05:00,4.228211879730225,4.228211879730225,4.228211879730225,4.228211879730225,1500,0.0,0.0
1996-11-07 00:00:00-05:00,4.3774433683734415,4.3774433683734415,3.78051924681019,3.880006790161133,24300,0.0,0.0
1996-11-08 00:00:00-05:00,3.9297494851620245,4.277955532073975,3.9297494851620245,4.277955532073975,900,0.0,0.0
1996-11-11 00:00:00-05:00,3.9297492504119877,3.9297492504119877,3.9297492504119877,3.9297492504119873,300,0.0,0.0
1996-11-12 00:00:00-05:00,4.004365072423997,4.004365072423997,3.9794936180114746,3.9794936180114746,90000,0.0,0.0
1996-11-13 00:00:00-05:00,3.9794936180114746,3.9794936180114746,3.9794936180114746,3.9794936180114746,0,0.0,0.0
1996-11-14 00:00:00-05:00,3.9794936180114746,3.9794936180114746,3.9794936180114746,3.9794936180114746,0,0.0,0.0
1996-11-15 00:00:00-05:00,3.929750277201003,3.929750277201003,3.8302633031212636,3.880006790161133,6600,0.0,0.0
1996-11-18 00:00:00-05:00,3.8302626144519327,4.228211577763309,3.8302626144519327,3.9794936180114746,1200,0.0,0.0
1996-11-19 00:00:00-05:00,3.830262531133829,4.277955532073975,3.830262531133829,4.277955532073975,2100,0.0,0.0
1996-11-20 00:00:00-05:00,4.277955532073975,4.277955532073975,4.277955532073975,4.277955532073975,0,0.0,0.0
1996-11-21 00:00:00-05:00,3.830262531133829,4.277955532073975,3.830262531133829,4.277955532073975,900,0.0,0.0
1996-11-22 00:00:00-05:00,3.830264091491699,3.830264091491699,3.830264091491699,3.830264091491699,1200,0.0,0.0
1996-11-25 00:00:00-05:00,3.8551335334777828,3.8551335334777828,3.8551335334777828,3.855133533477783,12000,0.0,0.0
1996-11-26 00:00:00-05:00,3.8551335334777828,3.8551335334777828,3.8551335334777828,3.855133533477783,0,0.0,0.0
1996-11-27 00:00:00-05:00,3.83026196702849,3.83026196702849,3.681030988693237,3.6810309886932373,5400,0.0,0.0
1996-11-29 00:00:00-05:00,4.078983491785364,4.178471088409424,3.681034243832138,4.178471088409424,3600,0.0,0.0
1996-12-02 00:00:00-05:00,4.178471088409424,4.178471088409424,4.178471088409424,4.178471088409424,0,0.0,0.0
1996-12-03 00:00:00-05:00,3.730777757508414,4.178471088409424,3.730777757508414,4.178471088409424,3000,0.0,0.0
1996-12-04 00:00:00-05:00,4.178471088409424,4.178471088409424,4.178471088409424,4.178471088409424,600,0.0,0.0
1996-12-05 00:00:00-05:00,3.9794936180114746,3.9794936180114746,3.9794936180114746,3.9794936180114746,10500,0.0,0.0
1996-12-06 00:00:00-05:00,3.979493902215656,4.228211879730225,3.979493902215656,4.228211879730225,353100,0.0,0.0
1996-12-09 00:00:00-05:00,4.377443771616785,4.576418876647949,4.377443771616785,4.576418876647949,12600,0.0,0.0
1996-12-10 00:00:00-05:00,4.725650804178266,5.322575092315674,4.725650804178266,5.322575092315674,11400,0.0,0.0
1996-12-11 00:00:00-05:00,5.123597777049817,5.123597777049817,4.626161271000366,4.675904750823975,5100,0.0,0.0
1996-12-12 00:00:00-05:00,5.073854446411133,5.073854446411133,5.073854446411133,5.073854446411133,1800,0.0,0.0
1996-12-13 00:00:00-05:00,4.62616205669689,5.173342704772949,4.62616205669689,5.173342704772949,5400,0.0,0.0
1996-12-16 00:00:00-05:00,4.874880313873291,4.874880313873291,4.874880313873291,4.874880313873291,300,0.0,0.0
1996-12-17 00:00:00-05:00,4.874880583294511,5.4718047131154215,4.825136526295294,5.285265922546387,630300,0.0,0.0
1996-12-18 00:00:00-05:00,5.621034656880422,6.168214623723498,5.173341646224577,6.118471145629883,538200,0.0,0.0
1996-12-19 00:00:00-05:00,6.168216705322266,6.416935318268047,5.969242156528416,6.168216705322266,127800,0.0,0.0
1996-12-20 00:00:00-05:00,6.168216908938589,6.168216908938589,5.770267798214365,5.869754791259766,144300,0.0,0.0
1996-12-23 00:00:00-05:00,5.869753761946274,6.018984794616698,5.7702667863468005,6.018984794616699,8100,0.0,0.0
1996-12-24 00:00:00-05:00,5.720519829774275,5.96923828125,5.720519829774275,5.96923828125,2700,0.0,0.0
1996-12-26 00:00:00-05:00,5.670781335476141,5.77026891708374,5.571293753868542,5.77026891708374,33300,0.0,0.0
1996-12-27 00:00:00-05:00,5.571293753868542,5.77026891708374,5.571293753868542,5.77026891708374,5100,0.0,0.0
1996-12-30 00:00:00-05:00,5.770263861631975,6.068725775694475,5.6707763671875,5.96923828125,154800,0.0,0.0
1996-12-31 00:00:00-05:00,6.068727667536266,6.118471145629882,5.919496663984318,6.118471145629883,13200,0.0,0.0
1997-01-02 00:00:00-05:00,5.969243511027517,6.068731092635116,5.77026891708374,5.77026891708374,64200,0.0,0.0
1997-01-03 00:00:00-05:00,5.9194978190172245,6.0687288516876485,5.7702667863468005,6.018984794616699,105300,0.0,0.0
1997-01-06 00:00:00-05:00,6.068731640601535,6.267706252511405,5.919500539351263,6.217962741851807,69900,0.0,0.0
1997-01-07 00:00:00-05:00,6.018985677743206,6.566166400909424,6.018985677743206,6.566166400909424,59100,0.0,0.0
1997-01-08 00:00:00-05:00,6.615909468650134,7.113346664585902,6.367191439953509,6.964115619659424,82800,0.0,0.0
1997-01-09 00:00:00-05:00,7.013856524102921,7.8594989898156085,6.7153945443538605,7.362061977386475,491700,0.0,0.0
1997-01-10 00:00:00-05:00,7.06360070008468,7.46155023574829,7.06360070008468,7.461550235748291,92100,0.0,0.0
1997-01-13 00:00:00-05:00,7.1630889199134185,7.5610384941101065,7.1630889199134185,7.561038494110107,13200,0.0,0.0
1997-01-14 00:00:00-05:00,7.561037630617795,7.561037630617795,7.212831579485144,7.262575626373291,67200,0.0,0.0
1997-01-15 00:00:00-05:00,7.561038044209186,7.561038044209186,7.163088493691504,7.212831974029541,33300,0.0,0.0
1997-01-16 00:00:00-05:00,7.46155023574829,7.46155023574829,7.163088226318359,7.461550235748291,10800,0.0,0.0
1997-01-17 00:00:00-05:00,7.46155023574829,7.46155023574829,7.212831704799646,7.461550235748291,52200,0.0,0.0
1997-01-20 00:00:00-05:00,7.461549493726512,7.486421515129283,7.063599997637414,7.362061977386475,15300,0.0,0.0
1997-01-21 00:00:00-05:00,7.362063780641487,7.585910320281983,7.163089268495886,7.585910320281982,103200,0.0,0.0
1997-01-22 00:00:00-05:00,7.6605281829833975,7.6605281829833975,7.31232253761595,7.660528182983398,31200,0.0,0.0
1997-01-23 00:00:00-05:00,7.4118101088372335,7.6605281829833975,7.31232253761595,7.660528182983398,14100,0.0,0.0
1997-01-24 00:00:00-05:00,7.660524718944543,7.660524718944543,7.262575752552038,7.461550235748291,6900,0.0,0.0
1997-01-27 00:00:00-05:00,7.461550514261983,7.461550514261983,6.765138943173822,7.212831974029541,53700,0.0,0.0
1997-01-28 00:00:00-05:00,7.212836925679823,7.312324523925781,7.113349896705381,7.312324523925781,8400,0.0,0.0
1997-01-29 00:00:00-05:00,7.362064361197322,7.362064361197322,7.0138587951660165,7.013858795166016,5100,0.0,0.0
1997-01-30 00:00:00-05:00,7.3620619773864755,7.3620619773864755,7.3620619773864755,7.362061977386475,300,0.0,0.0
1997-01-31 00:00:00-05:00,6.964113622128788,7.262575626373291,6.964113622128788,7.262575626373291,2700,0.0,0.0
1997-02-03 00:00:00-05:00,7.262575626373291,7.262575626373291,7.163088101868091,7.262575626373291,28800,0.0,0.0
1997-02-04 00:00:00-05:00,7.2625743988642935,7.2625743988642935,6.914368406584876,7.163086891174316,16500,0.0,0.0
1997-02-05 00:00:00-05:00,7.163087691775665,7.163087691775665,6.615907192230225,6.615907192230225,23100,0.0,0.0
1997-02-06 00:00:00-05:00,6.615909468650134,6.964115619659424,6.615909468650134,6.964115619659424,18300,0.0,0.0
1997-02-07 00:00:00-05:00,6.765140513576612,6.964115619659424,6.765140513576612,6.964115619659424,9600,0.0,0.0
1997-02-10 00:00:00-05:00,6.715394952795008,6.790010452270508,6.715394952795008,6.790010452270508,18900,0.0,0.0
1997-02-11 00:00:00-05:00,6.715399271200695,7.113349047399368,6.715399271200695,6.914373874664307,99300,0.0,0.0
1997-02-12 00:00:00-05:00,7.163090156470975,7.163090156470975,6.964115619659424,6.964115619659424,83400,0.0,0.0
1997-02-13 00:00:00-05:00,6.964112445065363,7.312317868073782,6.964112445065363,7.163086891174316,245100,0.0,0.0
1997-02-14 00:00:00-05:00,7.063600343711656,7.262575386140318,7.063600343711656,7.088472366333008,179100,0.0,0.0
1997-02-18 00:00:00-05:00,7.461551153768495,7.461551153768495,7.0138580845423855,7.113345623016357,38100,0.0,0.0
1997-02-19 00:00:00-05:00,7.063601493835449,7.163089031248738,7.063601493835449,7.063601493835449,3300,0.0,0.0
1997-02-20 00:00:00-05:00,7.113345547177679,7.113345547177679,7.063601493835449,7.063601493835449,24600,0.0,0.0
1997-02-21 00:00:00-05:00,7.163086891174316,7.163086891174316,6.964112445065363,7.163086891174316,165600,0.0,0.0
1997-02-24 00:00:00-05:00,7.163092555947409,7.163092555947409,6.9143738746643075,6.914373874664307,12900,0.0,0.0
1997-02-25 00:00:00-05:00,7.063603122050961,7.063603122050961,6.765141010284423,6.765141010284424,14400,0.0,0.0
1997-02-26 00:00:00-05:00,6.765141010284423,6.914372066167692,6.765141010284423,6.765141010284424,74100,0.0,0.0
1997-02-27 00:00:00-05:00,6.9143707515937605,6.9143707515937605,6.665652751922607,6.665652751922607,3300,0.0,0.0
1997-02-28 00:00:00-05:00,6.864627679189047,6.864627679189047,6.06872900759087,6.267703533172607,368700,0.0,0.0
1997-03-03 00:00:00-05:00,6.068726242956604,6.466675112832764,6.068726242956604,6.193085193634033,59700,0.0,0.0
1997-03-04 00:00:00-05:00,6.168216705322266,6.367191823387408,6.168216705322266,6.168216705322266,202800,0.0,0.0
1997-03-05 00:00:00-05:00,6.267700661060421,6.466675095464081,6.267700661060421,6.416931629180908,45000,0.0,0.0
1997-03-06 00:00:00-05:00,6.416931629180907,6.416931629180907,6.416931629180907,6.416931629180908,0,0.0,0.0
1997-03-07 00:00:00-05:00,6.566166400909424,6.566166400909424,6.566166400909424,6.566166400909424,3600,0.0,0.0
1997-03-10 00:00:00-05:00,6.566164289043886,6.566164289043886,6.317445755004883,6.317445755004883,10500,0.0,0.0
1997-03-11 00:00:00-05:00,6.267700661060421,6.416931629180907,6.267700661060421,6.416931629180908,14100,0.0,0.0
1997-03-12 00:00:00-05:00,6.416935318268047,6.416935318268047,6.168216705322266,6.168216705322266,19500,0.0,0.0
1997-03-13 00:00:00-05:00,6.168216385233339,6.416934985272299,6.068729400634766,6.068729400634766,47700,0.0,0.0
1997-03-14 00:00:00-05:00,6.0687288516876485,6.168215827287122,6.018984794616698,6.018984794616699,7200,0.0,0.0
1997-03-17 00:00:00-05:00,6.018985651409055,6.168216705322266,6.018985651409055,6.168216705322266,5400,0.0,0.0
1997-03-18 00:00:00-05:00,6.217959884358073,6.217959884358073,6.018984794616698,6.018984794616699,2400,0.0,0.0
1997-03-19 00:00:00-05:00,6.018984794616698,6.018984794616698,5.869753761946274,6.018984794616699,15600,0.0,0.0
1997-03-20 00:00:00-05:00,5.89462423324585,6.018983204527771,5.89462423324585,5.89462423324585,29100,0.0,0.0
1997-03-21 00:00:00-05:00,5.5712910275671375,5.5712910275671375,4.874880004915711,5.422060012817383,68700,0.0,0.0
1997-03-24 00:00:00-05:00,5.422061144207041,5.422061144207041,5.123599052429199,5.123599052429199,74100,0.0,0.0
1997-03-25 00:00:00-05:00,5.024111995297227,5.073855486783114,4.775393399325284,4.924624443054199,229800,0.0,0.0
1997-03-26 00:00:00-05:00,4.94949647343277,5.073855486783114,4.924624443054199,4.924624443054199,225900,0.0,0.0
1997-03-27 00:00:00-05:00,5.2230867688741105,5.372317819413371,5.024112224578857,5.024112224578857,35100,0.0,0.0
1997-03-31 00:00:00-05:00,4.974368161551584,5.024112224578857,4.825137111012323,5.024112224578857,33300,0.0,0.0
1997-04-01 00:00:00-05:00,4.874881022128506,5.123599052429199,4.874881022128506,5.123599052429199,30600,0.0,0.0
1997-04-02 00:00:00-05:00,4.924624514334392,5.123599052429199,4.874881022128506,5.123599052429199,35700,0.0,0.0
1997-04-03 00:00:00-05:00,4.874881022128506,5.123599052429199,4.874881022128506,5.123599052429199,63300,0.0,0.0
1997-04-04 00:00:00-05:00,5.123599052429199,5.123599052429199,5.123599052429199,5.123599052429199,8700,0.0,0.0
1997-04-07 00:00:00-04:00,5.123599052429199,5.123599052429199,5.123599052429199,5.123599052429199,0,0.0,0.0
1997-04-08 00:00:00-04:00,5.123598730217358,5.5215483506520595,5.123598730217358,5.372317314147949,45300,0.0,0.0
1997-04-09 00:00:00-04:00,5.521547131422089,6.26770214918183,5.521547131422089,6.118471145629883,154200,0.0,0.0
1997-04-10 00:00:00-04:00,5.9692411179925315,5.9692411179925315,5.571291520369298,5.621035575866699,80100,0.0,0.0
1997-04-11 00:00:00-04:00,5.223085516241424,5.5712910275671375,5.073854501491669,5.422060012817383,113700,0.0,0.0
1997-04-14 00:00:00-04:00,5.621035575866699,5.621035575866699,5.621035575866699,5.621035575866699,12900,0.0,0.0
1997-04-15 00:00:00-04:00,5.869753576268925,5.869753576268925,5.471804547916886,5.621035575866699,52800,0.0,0.0
1997-04-16 00:00:00-04:00,5.422060136876238,5.820009708404541,5.422060136876238,5.820009708404541,27000,0.0,0.0
1997-04-17 00:00:00-04:00,5.621035575866699,5.645907034344205,5.471804547916886,5.621035575866699,39300,0.0,0.0
1997-04-18 00:00:00-04:00,5.621035575866699,5.621035575866699,5.621035575866699,5.621035575866699,0,0.0,0.0
1997-04-21 00:00:00-04:00,5.372317075632818,5.57129159238067,5.272829532623291,5.272829532623291,48300,0.0,0.0
1997-04-22 00:00:00-04:00,5.372315671320285,5.471803188323975,5.322572197453966,5.471803188323975,4200,0.0,0.0
1997-04-23 00:00:00-04:00,5.571289661302807,5.571289661302807,5.372315213521959,5.397187232971191,175500,0.0,0.0
1997-04-24 00:00:00-04:00,5.5712910275671375,5.5712910275671375,5.397188556539853,5.422060012817383,9600,0.0,0.0
1997-04-25 00:00:00-04:00,5.372315671320285,5.471803188323975,5.372315671320285,5.471803188323975,4500,0.0,0.0
1997-04-28 00:00:00-04:00,5.322572197453966,5.471803188323975,5.173341206583959,5.471803188323975,4200,0.0,0.0
1997-04-29 00:00:00-04:00,5.372315671320285,5.471803188323975,5.372315671320285,5.471803188323975,17700,0.0,0.0
1997-04-30 00:00:00-04:00,5.565076171392169,5.77026891708374,5.446934703812609,5.77026891708374,20700,0.0,0.0
1997-05-01 00:00:00-04:00,5.770268443135151,6.615910824891818,5.571293296263038,6.36719274520874,73200,0.0,0.0
1997-05-02 00:00:00-04:00,6.26770214918183,6.566164156285727,6.118471145629882,6.118471145629883,80100,0.0,0.0
1997-05-05 00:00:00-04:00,6.36719274520874,6.36719274520874,6.118474096254286,6.36719274520874,9000,0.0,0.0
1997-05-06 00:00:00-04:00,6.217959009104162,6.3671900207684935,5.994112491607666,5.994112491607666,11700,0.0,0.0
1997-05-07 00:00:00-04:00,6.068729763804253,6.093601226806641,5.994114236254493,6.093601226806641,12600,0.0,0.0
1997-05-08 00:00:00-04:00,6.0936011783656605,6.267704264354837,6.0936011783656605,6.168216705322266,13200,0.0,0.0
1997-05-09 00:00:00-04:00,5.994113489338815,6.267703533172607,5.994113489338815,6.267703533172607,42000,0.0,0.0
1997-05-12 00:00:00-04:00,6.267703533172607,6.267703533172607,6.267703533172607,6.267703533172607,20700,0.0,0.0
1997-05-13 00:00:00-04:00,5.994113489338815,6.267703533172607,5.994113489338815,6.267703533172607,12600,0.0,0.0
1997-05-14 00:00:00-04:00,6.267701730303707,6.615907192230225,6.068727261955848,6.615907192230225,32400,0.0,0.0
1997-05-15 00:00:00-04:00,6.665652717072758,6.914370715443546,6.51642169034181,6.740268230438232,245400,0.0,0.0
1997-05-16 00:00:00-04:00,6.9143720051399455,6.9143720051399455,6.566166400909424,6.566166400909424,8700,0.0,0.0
1997-05-19 00:00:00-04:00,6.566163477690323,6.864625453948975,6.566163477690323,6.864625453948975,6600,0.0,0.0
1997-05-20 00:00:00-04:00,6.665654500078557,6.665654500078557,6.491551399230957,6.491551399230957,49800,0.0,0.0
1997-05-21 00:00:00-04:00,6.665651107259028,6.665651107259028,6.3423171043396,6.3423171043396,26100,0.0,0.0
1997-05-22 00:00:00-04:00,6.3423171043396,6.665651107259028,6.3423171043396,6.3423171043396,3000,0.0,0.0
1997-05-23 00:00:00-04:00,6.665653239978831,6.665653239978831,6.3423191336065186,6.466678142547607,44400,0.0,0.0
1997-05-27 00:00:00-04:00,6.342318636065307,6.740268230438232,6.342318636065307,6.740268230438232,17400,0.0,0.0
1997-05-28 00:00:00-04:00,6.4666790585741625,7.0387318331330615,6.4666790585741625,6.939244270324707,63900,0.0,0.0
1997-05-29 00:00:00-04:00,6.66565439131444,7.038732051849365,6.66565439131444,7.038732051849365,2400,0.0,0.0
1997-05-30 00:00:00-04:00,7.038732051849365,7.038732051849365,7.038732051849365,7.038732051849365,3000,0.0,0.0
1997-06-02 00:00:00-04:00,6.66565439131444,7.038732051849365,6.66565439131444,7.038732051849365,3300,0.0,0.0
1997-06-03 00:00:00-04:00,6.66565322913471,7.0138587951660165,6.66565322913471,7.013858795166016,4500,0.0,0.0
1997-06-04 00:00:00-04:00,6.864627756970995,7.0138587951660165,6.864627756970995,7.013858795166016,2700,0.0,0.0
1997-06-05 00:00:00-04:00,6.964115619659424,7.113346664585902,6.964115619659424,6.964115619659424,24900,0.0,0.0
1997-06-06 00:00:00-04:00,6.964115619659424,6.964115619659424,6.964115619659424,6.964115619659424,0,0.0,0.0
1997-06-09 00:00:00-04:00,7.163086891174316,7.163086891174316,7.163086891174316,7.163086891174316,2400,0.0,0.0
1997-06-10 00:00:00-04:00,6.765141010284423,6.914372066167692,6.765141010284423,6.765141010284424,6600,0.0,0.0
1997-06-11 00:00:00-04:00,6.765139450866752,7.063601493835449,6.765139450866752,7.063601493835449,13200,0.0,0.0
1997-06-12 00:00:00-04:00,7.063603122050961,7.063603122050961,6.765141010284423,6.765141010284424,6300,0.0,0.0
1997-06-13 00:00:00-04:00,6.9143704723511,7.063601493835449,6.765139450866752,7.063601493835449,7200,0.0,0.0
1997-06-16 00:00:00-04:00,7.063601493835449,7.063601493835449,7.063601493835449,7.063601493835449,0,0.0,0.0
1997-06-17 00:00:00-04:00,6.665653529806466,7.06360260342957,6.665653529806466,6.964115619659424,27900,0.0,0.0
1997-06-18 00:00:00-04:00,7.063602284807279,7.063602284807279,6.66565322913471,7.013858795166016,1800,0.0,0.0
1997-06-19 00:00:00-04:00,6.665652751922607,7.013858293024937,6.665652751922607,6.665652751922607,3900,0.0,0.0
1997-06-20 00:00:00-04:00,6.665652751922607,6.665652751922607,6.665652751922607,6.665652751922607,600,0.0,0.0
1997-06-23 00:00:00-04:00,6.665652751922607,6.665652751922607,6.665652751922607,6.665652751922607,1800,0.0,0.0
1997-06-24 00:00:00-04:00,6.864625453948975,6.864625453948975,6.864625453948975,6.864625453948975,900,0.0,0.0
1997-06-25 00:00:00-04:00,6.66565322913471,7.0138587951660165,6.66565322913471,7.013858795166016,14400,0.0,0.0
1997-06-26 00:00:00-04:00,7.013861461031838,7.163092555947409,6.9143738746643075,6.914373874664307,64800,0.0,0.0
1997-06-27 00:00:00-04:00,7.262576023638706,7.262576023638706,7.013857483406264,7.212831974029541,72300,0.0,0.0
1997-06-30 00:00:00-04:00,7.262576023638706,7.262576023638706,7.013857483406264,7.212831974029541,43500,0.0,0.0
1997-07-01 00:00:00-04:00,7.21283435645854,7.21283435645854,6.939244270324706,6.939244270324707,19500,0.0,0.0
1997-07-02 00:00:00-04:00,6.814886857568227,7.163092555947409,6.814886857568227,6.914373874664307,33600,0.0,0.0
1997-07-03 00:00:00-04:00,7.1133456230163565,7.1133456230163565,7.1133456230163565,7.113345623016357,2700,0.0,0.0
1997-07-07 00:00:00-04:00,7.113347186859585,7.113347186859585,6.765141010284423,6.765141010284424,12000,0.0,0.0
1997-07-08 00:00:00-04:00,6.765141010284423,7.113347186859585,6.765141010284423,6.765141010284424,7200,0.0,0.0
1997-07-09 00:00:00-04:00,7.113345547177679,7.163089031248738,6.9143704723511,7.063601493835449,40800,0.0,0.0
1997-07-10 00:00:00-04:00,7.113343957254864,7.113343957254864,6.7153944658196485,6.864625453948975,21000,0.0,0.0
1997-07-11 00:00:00-04:00,6.7900109555986194,6.864626460605198,6.715395450592041,6.715395450592041,16500,0.0,0.0
1997-07-14 00:00:00-04:00,6.665654082172451,6.814885139465332,6.665654082172451,6.814885139465332,10800,0.0,0.0
1997-07-15 00:00:00-04:00,6.814885075093047,6.814885075093047,6.665654019209778,6.765141010284424,9600,0.0,0.0
1997-07-16 00:00:00-04:00,6.7153944658196485,7.063599915031061,6.7153944658196485,6.864625453948975,37800,0.0,0.0
1997-07-17 00:00:00-04:00,7.038728463190202,7.038728463190202,6.864625453948975,6.864625453948975,1500,0.0,0.0
1997-07-18 00:00:00-04:00,7.038728463190202,7.038728463190202,6.665650992866888,6.864625453948975,15000,0.0,0.0
1997-07-21 00:00:00-04:00,6.765139450866752,7.063601493835449,6.765139450866752,7.063601493835449,45300,0.0,0.0
1997-07-22 00:00:00-04:00,7.0636038941984225,7.6605281829833975,6.9641168922485015,7.660528182983398,72900,0.0,0.0
1997-07-23 00:00:00-04:00,7.9092446288417655,8.108219146728516,7.660526054529925,8.108219146728516,48000,0.0,0.0
1997-07-24 00:00:00-04:00,8.108216422293099,8.108216422293099,7.710267520234096,7.859498500823975,104400,0.0,0.0
1997-07-25 00:00:00-04:00,8.05847521389232,8.05847521389232,7.610782146453858,7.610782146453857,23700,0.0,0.0
1997-07-28 00:00:00-04:00,7.610782146453858,7.809756653336117,7.610782146453858,7.610782146453857,16800,0.0,0.0
1997-07-29 00:00:00-04:00,7.660526386318609,7.660526386318609,7.610782897010259,7.635654926300049,21000,0.0,0.0
1997-07-30 00:00:00-04:00,7.760015754204682,7.760015754204682,7.6605281829833975,7.660528182983398,22800,0.0,0.0
1997-07-31 00:00:00-04:00,7.685397657693602,7.760013168933345,7.610782146453858,7.610782146453857,105000,0.0,0.0
1997-08-01 00:00:00-04:00,7.610782549931454,7.7600135803222665,7.610782549931454,7.760013580322266,169800,0.0,0.0
1997-08-04 00:00:00-04:00,7.7600135803222665,7.7600135803222665,7.7600135803222665,7.760013580322266,1500,0.0,0.0
1997-08-05 00:00:00-04:00,7.760013168933345,7.760013168933345,7.610782146453858,7.610782146453857,2100,0.0,0.0
1997-08-06 00:00:00-04:00,7.760011494297853,7.760011494297853,7.610780504022894,7.710268020629883,9300,0.0,0.0
1997-08-07 00:00:00-04:00,7.710268020629883,7.710268020629883,7.710268020629883,7.710268020629883,3300,0.0,0.0
1997-08-08 00:00:00-04:00,7.610782866087222,7.610782866087222,7.461551829497276,7.511295318603516,24900,0.0,0.0
1997-08-11 00:00:00-04:00,7.411806106567382,7.411806106567382,7.411806106567382,7.411806106567383,600,0.0,0.0
1997-08-12 00:00:00-04:00,7.4118076395716,7.660525630856629,7.4118076395716,7.610782146453857,34500,0.0,0.0
1997-08-13 00:00:00-04:00,7.411808340391037,7.511295318603516,7.411808340391037,7.511295318603516,3000,0.0,0.0
1997-08-14 00:00:00-04:00,7.511295318603516,7.511295318603516,7.511295318603516,7.511295318603516,3600,0.0,0.0
1997-08-15 00:00:00-04:00,7.3620619773864755,7.511292967261006,7.3620619773864755,7.362061977386475,31200,0.0,0.0
1997-08-18 00:00:00-04:00,7.3620619773864755,7.3620619773864755,7.3620619773864755,7.362061977386475,2400,0.0,0.0
1997-08-19 00:00:00-04:00,7.511295318603516,7.511295318603516,7.436679800308543,7.511295318603516,4800,0.0,0.0
1997-08-20 00:00:00-04:00,7.36206428201357,7.5610393769809825,7.36206428201357,7.511295318603516,12000,0.0,0.0
1997-08-21 00:00:00-04:00,7.511294441541045,7.610781977408007,7.461550958243144,7.561038494110107,24900,0.0,0.0
1997-08-22 00:00:00-04:00,7.561039651704986,7.610783142618613,7.461552100606483,7.536167621612549,15300,0.0,0.0
1997-08-25 00:00:00-04:00,7.610782866087222,7.610782866087222,7.461551829497276,7.511295318603516,9000,0.0,0.0
1997-08-26 00:00:00-04:00,7.610782866087222,7.610782866087222,7.461551829497276,7.511295318603516,12000,0.0,0.0
1997-08-27 00:00:00-04:00,7.511295318603516,7.511295318603516,7.511295318603516,7.511295318603516,3900,0.0,0.0
1997-08-28 00:00:00-04:00,7.51129422333752,7.51129422333752,7.386935234069824,7.386935234069824,5700,0.0,0.0
1997-08-29 00:00:00-04:00,7.312324523925781,7.312324523925781,7.312324523925781,7.312324523925781,6000,0.0,0.0
1997-09-02 00:00:00-04:00,7.362062709514611,7.46155023574829,7.355845130498891,7.461550235748291,23100,0.0,0.0
1997-09-03 00:00:00-04:00,7.262581009438561,7.41181212217174,7.262581009438561,7.312324523925781,27600,0.0,0.0
1997-09-04 00:00:00-04:00,7.262575626373291,7.411806628495543,7.262575626373291,7.262575626373291,11400,0.0,0.0
1997-09-05 00:00:00-04:00,7.312318503851982,7.511292967261006,7.262575030317488,7.362061977386475,141300,0.0,0.0
1997-09-08 00:00:00-04:00,7.5610384941101065,7.5610384941101065,7.5610384941101065,7.561038494110107,2100,0.0,0.0
1997-09-09 00:00:00-04:00,7.411807474945244,7.5610384941101065,7.411807474945244,7.561038494110107,2400,0.0,0.0
1997-09-10 00:00:00-04:00,7.362063585897655,7.610782146453858,7.362063585897655,7.610782146453857,600,0.0,0.0
1997-09-11 00:00:00-04:00,7.4118101088372335,7.710272253229721,7.4118101088372335,7.660528182983398,6300,0.0,0.0
1997-09-12 00:00:00-04:00,7.760011810303016,8.257448275052596,7.5610373382574,7.958986282348633,64200,0.0,0.0
1997-09-15 00:00:00-04:00,7.958988652183896,8.257450733756682,7.958988652183896,8.157963752746582,57300,0.0,0.0
1997-09-16 00:00:00-04:00,8.257450733756682,8.307194793532975,8.05847620246524,8.157963752746582,12600,0.0,0.0
1997-09-17 00:00:00-04:00,8.307193200321482,8.35693668128638,8.108218137919621,8.25744915008545,68400,0.0,0.0
1997-09-18 00:00:00-04:00,8.157967552842235,8.356942176818848,8.157967552842235,8.356942176818848,900,0.0,0.0
1997-09-19 00:00:00-04:00,8.356942176818848,8.356942176818848,8.356942176818848,8.356942176818848,1200,0.0,0.0
1997-09-22 00:00:00-04:00,8.35693668128638,8.35693668128638,8.207705669120552,8.25744915008545,20700,0.0,0.0
1997-09-23 00:00:00-04:00,8.35693668128638,8.35693668128638,8.157962188155654,8.25744915008545,9600,0.0,0.0
1997-09-24 00:00:00-04:00,8.356942176818848,8.356942176818848,8.356942176818848,8.356942176818848,1800,0.0,0.0
1997-09-25 00:00:00-04:00,8.35693668128638,8.35693668128638,8.058474656954724,8.25744915008545,5700,0.0,0.0
1997-09-26 00:00:00-04:00,8.157967552842235,8.356942176818848,8.157967552842235,8.356942176818848,1800,0.0,0.0
1997-09-29 00:00:00-04:00,8.356942176818848,8.356942176818848,8.257454580194787,8.356942176818848,31500,0.0,0.0
1997-09-30 00:00:00-04:00,8.356941366634512,8.406684875488281,8.356941366634512,8.406684875488281,2400,0.0,0.0
1997-10-01 00:00:00-04:00,8.108222683822763,8.406684875488281,8.058479174968994,8.406684875488281,43200,0.0,0.0
1997-10-02 00:00:00-04:00,8.108219146728516,8.108219146728516,8.108219146728516,8.108219146728516,1200,0.0,0.0
1997-10-03 00:00:00-04:00,8.406684875488281,8.406684875488281,8.257453779655522,8.406684875488281,16500,0.0,0.0
1997-10-06 00:00:00-04:00,8.406684875488281,8.406684875488281,8.058479174968994,8.406684875488281,4800,0.0,0.0
1997-10-07 00:00:00-04:00,8.406684875488281,8.406684875488281,8.257453779655522,8.406684875488281,28500,0.0,0.0
1997-10-08 00:00:00-04:00,8.232581319895523,8.40668386458359,8.008734703063965,8.008734703063965,7800,0.0,0.0
1997-10-09 00:00:00-04:00,8.008734703063965,8.332068325639737,8.008734703063965,8.008734703063965,5100,0.0,0.0
1997-10-10 00:00:00-04:00,8.307191981729718,8.307191981729718,7.710268020629883,7.710268020629883,12900,0.0,0.0
1997-10-13 00:00:00-04:00,7.809756113587965,8.25744915008545,7.809756113587965,8.25744915008545,25800,0.0,0.0
1997-10-14 00:00:00-04:00,8.058479956218175,8.356942176818848,8.058479956218175,8.356942176818848,21600,0.0,0.0
1997-10-15 00:00:00-04:00,8.406681774543076,8.406681774543076,8.157963752746582,8.157963752746582,105600,0.0,0.0
1997-10-16 00:00:00-04:00,8.406684875488281,8.456428953613504,8.307197857780743,8.406684875488281,25800,0.0,0.0
1997-10-17 00:00:00-04:00,8.307193692133982,8.456424713134766,8.307193692133982,8.456424713134766,10800,0.0,0.0
1997-10-20 00:00:00-04:00,8.30719206163128,8.406679009924119,8.157961069920963,8.207704544067383,21900,0.0,0.0
1997-10-21 00:00:00-04:00,8.406681687686081,8.75488782543753,8.356938197694976,8.655400276184082,263400,0.0,0.0
1997-10-22 00:00:00-04:00,8.754888597146419,8.953863143920898,8.754888597146419,8.953863143920898,321600,0.0,0.0
1997-10-23 00:00:00-04:00,8.754885585459238,9.05334758758545,8.754885585459238,9.05334758758545,36000,0.0,0.0
1997-10-24 00:00:00-04:00,9.103092920067374,9.948736190795898,9.103092920067374,9.948736190795898,94800,0.0,0.0
1997-10-27 00:00:00-05:00,9.650275349977875,9.799506400353383,9.401556173656989,9.451299667358398,27300,0.0,0.0
1997-10-28 00:00:00-05:00,9.401555721389938,10.247199058532715,9.401555721389938,10.247199058532715,37800,0.0,0.0
1997-10-29 00:00:00-05:00,10.247198253748927,10.247198253748927,9.849248077449944,9.948736190795898,17400,0.0,0.0
1997-10-30 00:00:00-05:00,10.147709838533194,10.147709838533194,9.749759674072266,9.749759674072266,15900,0.0,0.0
1997-10-31 00:00:00-05:00,10.14770956389424,10.346683502197266,10.09796664858966,10.346683502197266,105300,0.0,0.0
1997-11-03 00:00:00-05:00,10.346686174654504,10.893867492675781,10.346686174654504,10.893867492675781,51300,0.0,0.0
1997-11-04 00:00:00-05:00,10.993356826150352,11.540535926818848,10.819253142981902,11.540535926818848,39900,0.0,0.0
1997-11-05 00:00:00-05:00,11.540533566173156,12.933358192443846,11.540533566173156,12.933358192443848,54300,0.0,0.0
1997-11-06 00:00:00-05:00,12.933358290676438,12.933358290676438,11.540533653826841,12.137457847595215,70500,0.0,0.0
1997-11-07 00:00:00-05:00,12.236945879308502,12.933358192443846,12.137457755407716,12.933358192443848,61800,0.0,0.0
1997-11-10 00:00:00-05:00,13.032844673079703,13.430794910951093,12.933358821425744,13.132332801818848,101400,0.0,0.0
1997-11-11 00:00:00-05:00,13.43078986339947,13.43078986339947,13.03283977508545,13.03283977508545,58800,0.0,0.0
1997-11-12 00:00:00-05:00,13.03283977508545,13.182070773567666,12.833865869470603,13.03283977508545,9000,0.0,0.0
1997-11-13 00:00:00-05:00,12.833874748976317,13.032848792257393,12.560285154829101,12.585155487060547,7800,0.0,0.0
1997-11-14 00:00:00-05:00,12.585155487060545,12.585155487060545,12.560285154829101,12.585155487060547,13500,0.0,0.0
1997-11-17 00:00:00-05:00,12.734383583068848,12.734383583068848,12.560282190198647,12.734383583068848,7800,0.0,0.0
1997-11-18 00:00:00-05:00,12.560279664790869,12.560279664790869,12.535407066345215,12.535407066345215,5100,0.0,0.0
1997-11-19 00:00:00-05:00,12.336433410644531,12.435919252681568,12.336433410644531,12.336433410644531,13500,0.0,0.0
1997-11-20 00:00:00-05:00,12.187202370504012,12.336433410644531,12.187202370504012,12.336433410644531,4500,0.0,0.0
1997-11-21 00:00:00-05:00,12.336430454912682,12.784123468069781,12.23694235962741,12.634892463684082,257400,0.0,0.0
1997-11-24 00:00:00-05:00,12.634899883778287,12.634899883778287,12.38618063804203,12.43592357635498,24300,0.0,0.0
1997-11-25 00:00:00-05:00,12.634896097826566,12.933358192443846,12.634896097826566,12.933358192443848,27600,0.0,0.0
1997-11-26 00:00:00-05:00,12.734385379352048,13.629771904706933,12.68464244252756,13.306439399719238,102600,0.0,0.0
1997-11-28 00:00:00-05:00,13.530279869934803,13.530279869934803,13.182072639465332,13.182072639465332,7500,0.0,0.0
1997-12-01 00:00:00-05:00,13.53028392791748,13.53028392791748,13.157206267010613,13.53028392791748,7200,0.0,0.0
1997-12-02 00:00:00-05:00,13.157204141603136,13.530281742243254,13.157204141603136,13.331305503845215,11100,0.0,0.0
1997-12-03 00:00:00-05:00,13.530276345936368,13.530276345936368,13.182069206158424,13.23181438446045,28500,0.0,0.0
1997-12-04 00:00:00-05:00,13.231817830723628,13.430791764502862,13.182072639465332,13.182072639465332,28200,0.0,0.0
1997-12-05 00:00:00-05:00,13.132329725291687,13.182072639465332,12.684636666474924,13.182072639465332,33000,0.0,0.0
1997-12-08 00:00:00-05:00,12.933360848743744,12.983103782367982,12.933360848743744,12.945796012878418,4200,0.0,0.0
1997-12-09 00:00:00-05:00,13.182075956530781,13.231821160306687,13.082590103149414,13.082590103149414,6600,0.0,0.0
1997-12-10 00:00:00-05:00,13.430790901184082,13.430790901184082,13.430790901184082,13.430790901184082,300,0.0,0.0
1997-12-11 00:00:00-05:00,13.082590103149414,13.331307013688054,12.983101972682823,13.082590103149414,36300,0.0,0.0
1997-12-12 00:00:00-05:00,12.933358192443846,13.231820287061128,12.933358192443846,12.933358192443848,27900,0.0,0.0
1997-12-15 00:00:00-05:00,12.784127190011978,13.182075132841906,12.784127190011978,12.858742713928223,19800,0.0,0.0
1997-12-16 00:00:00-05:00,12.784122294834164,12.858737790179335,12.6846342086792,12.6846342086792,19500,0.0,0.0
1997-12-17 00:00:00-05:00,12.684639021234421,12.933358192443846,12.684639021234421,12.933358192443848,155100,0.0,0.0
1997-12-18 00:00:00-05:00,12.734381944642278,13.132332163160342,12.734381944642278,12.933358192443848,83700,0.0,0.0
1997-12-19 00:00:00-05:00,12.784128789962075,12.784128789962075,12.734383583068848,12.734383583068848,11700,0.0,0.0
1997-12-22 00:00:00-05:00,12.983102798461914,12.983102798461914,12.983102798461914,12.983102798461914,600,0.0,0.0
1997-12-23 00:00:00-05:00,12.734381022655725,12.983100175857544,12.535407066345215,12.535407066345215,12600,0.0,0.0
1997-12-24 00:00:00-05:00,12.535407066345215,12.535407066345215,12.535407066345215,12.535407066345215,0,0.0,0.0
1997-12-26 00:00:00-05:00,12.336433410644531,12.336433410644531,12.336433410644531,12.336433410644531,1500,0.0,0.0
1997-12-29 00:00:00-05:00,12.336433580984188,12.833869629292787,11.739509412179872,12.037971496582031,59700,0.0,0.0
1997-12-30 00:00:00-05:00,11.838995750711028,12.137457847595215,11.838995750711028,12.137457847595215,8700,0.0,0.0
1997-12-31 00:00:00-05:00,12.137457847595215,12.137457847595215,12.137457847595215,12.137457847595215,600,0.0,0.0
1998-01-02 00:00:00-05:00,11.83899538361428,11.83899538361428,11.814125061035156,11.814125061035156,97800,0.0,0.0
1998-01-05 00:00:00-05:00,11.988226799153122,12.336434096908066,11.988226799153122,12.137457847595215,6000,0.0,0.0
1998-01-06 00:00:00-05:00,12.336435425475385,12.336435425475385,12.187204360961914,12.187204360961914,7800,0.0,0.0
1998-01-07 00:00:00-05:00,12.187204360961914,12.187204360961914,12.187204360961914,12.187204360961914,4800,0.0,0.0
1998-01-08 00:00:00-05:00,12.286687850952148,12.286687850952148,12.286687850952148,12.286687850952148,300,0.0,0.0
1998-01-09 00:00:00-05:00,12.187201536386759,12.187201536386759,12.11258602142334,12.11258602142334,6000,0.0,0.0
1998-01-12 00:00:00-05:00,12.013092041015625,12.013092041015625,11.838988498784602,11.9384765625,36900,0.0,0.0
1998-01-13 00:00:00-05:00,12.037971496582031,12.137457339992753,12.037971496582031,12.037971496582031,7800,0.0,0.0
1998-01-14 00:00:00-05:00,11.888733669184148,11.9384765625,11.888733669184148,11.9384765625,1800,0.0,0.0
1998-01-15 00:00:00-05:00,11.938482179232171,12.162328720092773,11.888739262513624,12.162328720092773,7200,0.0,0.0
1998-01-16 00:00:00-05:00,12.112583927277699,12.13745424324247,11.938480330102237,12.087711334228516,27600,0.0,0.0
1998-01-20 00:00:00-05:00,12.23694597225164,12.336434096908066,12.137457847595215,12.137457847595215,13800,0.0,0.0
1998-01-21 00:00:00-05:00,12.137456815203398,12.286687850952148,12.137456815203398,12.286687850952148,3600,0.0,0.0
1998-01-22 00:00:00-05:00,12.137457847595215,12.137457847595215,12.137457847595215,12.137457847595215,21000,0.0,0.0
1998-01-23 00:00:00-05:00,11.938484519151299,11.938484519151299,11.615149804395879,11.739510536193848,32700,0.0,0.0
1998-01-26 00:00:00-05:00,11.888741592683239,11.888741592683239,11.590279479704456,11.739510536193848,140100,0.0,0.0
1998-01-27 00:00:00-05:00,11.739510536193848,11.739510536193848,11.590279479704456,11.739510536193848,1500,0.0,0.0
1998-01-28 00:00:00-05:00,11.590278807083862,11.590278807083862,11.291816711425781,11.291816711425781,162300,0.0,0.0
1998-01-29 00:00:00-05:00,11.291815854505938,11.291815854505938,10.744634628295898,10.744634628295898,61800,0.0,0.0
1998-01-30 00:00:00-05:00,11.142584436214682,11.142584436214682,10.744634260144034,11.092839241027832,83400,0.0,0.0
1998-02-02 00:00:00-05:00,10.744634628295898,11.09283962111052,10.744634628295898,10.744634628295898,132600,0.0,0.0
1998-02-03 00:00:00-05:00,10.794377444016153,10.844122640427786,10.545660570297525,10.570530891418457,365700,0.0,0.0
1998-02-04 00:00:00-05:00,10.545662757958883,10.545662757958883,9.948738493868483,10.446174621582031,339600,0.0,0.0
1998-02-05 00:00:00-05:00,10.346686485205177,10.446174621582031,10.247200625913683,10.446174621582031,183000,0.0,0.0
1998-02-06 00:00:00-05:00,10.446171829665918,10.54565993945289,10.296940803527832,10.296940803527832,16500,0.0,0.0
1998-02-09 00:00:00-05:00,10.296937715390298,10.520784187464,10.296937715390298,10.495911598205566,103500,0.0,0.0
1998-02-10 00:00:00-05:00,10.396424293518066,10.396424293518066,10.396424293518066,10.396424293518066,3900,0.0,0.0
1998-02-11 00:00:00-05:00,10.296940803527832,10.346683719878945,10.296940803527832,10.296940803527832,8100,0.0,0.0
1998-02-12 00:00:00-05:00,10.296941596017756,10.595403671264648,10.296941596017756,10.595403671264648,37200,0.0,0.0
1998-02-13 00:00:00-05:00,10.471047224947585,10.595405687604632,10.346686485205177,10.446174621582031,10500,0.0,0.0
1998-02-17 00:00:00-05:00,10.595402935646854,10.595402935646854,10.346683797847545,10.545660018920898,2100,0.0,0.0
1998-02-18 00:00:00-05:00,10.49591452519571,10.49591452519571,10.346683502197266,10.346683502197266,61200,0.0,0.0
1998-02-19 00:00:00-05:00,10.545655253343284,10.545655253343284,10.396424293518066,10.396424293518066,6000,0.0,0.0
1998-02-20 00:00:00-05:00,10.421302018216478,10.446174621582031,10.37155908857073,10.446174621582031,33000,0.0,0.0
1998-02-23 00:00:00-05:00,10.545660570297525,10.595403489624273,10.446172454559143,10.570530891418457,36000,0.0,0.0
1998-02-24 00:00:00-05:00,10.595401684991245,11.043094713934536,10.595401684991245,10.81924819946289,15000,0.0,0.0
1998-02-25 00:00:00-05:00,11.043098180214951,11.739510536193848,10.94361005019362,11.739510536193848,53100,0.0,0.0
1998-02-26 00:00:00-05:00,11.68976227323036,12.261816024780275,11.49078834234778,12.261816024780273,63300,0.0,0.0
1998-02-27 00:00:00-05:00,12.236943340715303,12.784124493027521,12.236943340715303,12.485662460327148,22500,0.0,0.0
1998-03-02 00:00:00-05:00,12.784120361349608,12.833863258361815,12.535401322120842,12.833863258361816,7200,0.0,0.0
1998-03-03 00:00:00-05:00,12.535405929013683,12.73437986727138,12.435917821342482,12.510533332824707,10200,0.0,0.0
1998-03-04 00:00:00-05:00,12.634900705695243,12.734386588792828,12.560285154829101,12.585155487060547,16200,0.0,0.0
1998-03-05 00:00:00-05:00,12.684640483645039,12.684640483645039,12.137459154733866,12.187204360961914,14700,0.0,0.0
1998-03-06 00:00:00-05:00,12.261819233906717,12.261819233906717,11.739510536193848,11.739510536193848,17100,0.0,0.0
1998-03-09 00:00:00-05:00,11.938482920328777,12.535407066345215,11.838994803631067,12.535407066345215,31500,0.0,0.0
1998-03-10 00:00:00-05:00,12.435920460007289,12.435920460007289,11.963356971740723,11.963356971740723,3000,0.0,0.0
1998-03-11 00:00:00-05:00,11.938487361968221,12.435923576354979,11.938487361968221,12.43592357635498,1500,0.0,0.0
1998-03-12 00:00:00-05:00,12.435923576354979,12.435923576354979,12.435923576354979,12.43592357635498,600,0.0,0.0
1998-03-13 00:00:00-05:00,12.535400390625,12.535400390625,11.9384765625,11.9384765625,30000,0.0,0.0
1998-03-16 00:00:00-05:00,11.739502712152898,11.9384765625,11.6400146484375,11.9384765625,3300,0.0,0.0
1998-03-17 00:00:00-05:00,11.93848622673865,11.93848622673865,11.540535926818848,11.540535926818848,3000,0.0,0.0
1998-03-18 00:00:00-05:00,11.5902738571167,11.5902738571167,11.5902738571167,11.5902738571167,20100,0.0,0.0
1998-03-19 00:00:00-05:00,11.540535926818848,11.540535926818848,11.540535926818848,11.540535926818848,300,0.0,0.0
1998-03-20 00:00:00-05:00,11.9384765625,11.9384765625,11.316680149175227,11.714630126953125,16200,0.0,0.0
1998-03-23 00:00:00-05:00,11.515663146972656,11.515663146972656,11.515663146972656,11.515663146972656,300,0.0,0.0
1998-03-24 00:00:00-05:00,11.515660782212466,11.689762115478516,11.515660782212466,11.689762115478516,4800,0.0,0.0
1998-03-25 00:00:00-05:00,11.291814496630856,11.689762361397433,11.291814496630856,11.565403938293457,198600,0.0,0.0
1998-03-26 00:00:00-05:00,11.291817749153555,11.291817749153555,10.893867492675781,10.893867492675781,21600,0.0,0.0
1998-03-27 00:00:00-05:00,10.893865219478455,11.242070198059084,10.893865219478455,11.242070198059082,22200,0.0,0.0
1998-03-30 00:00:00-05:00,11.441046873265533,11.441046873265533,11.142584800720215,11.142584800720215,1200,0.0,0.0
1998-03-31 00:00:00-05:00,11.142584800720215,11.142584800720215,11.142584800720215,11.142584800720215,0,0.0,0.0
1998-04-01 00:00:00-05:00,11.441046423320712,11.441046423320712,11.242070198059084,11.242070198059082,17100,0.0,0.0
1998-04-02 00:00:00-05:00,11.192327499389647,11.192327499389647,11.192327499389647,11.192327499389648,4800,0.0,0.0
1998-04-03 00:00:00-05:00,11.142584436214682,11.142584436214682,11.092839241027832,11.092839241027832,13500,0.0,0.0
1998-04-06 00:00:00-04:00,11.341556486064322,11.341556486064322,10.868990873450159,10.94360637664795,5400,0.0,0.0
1998-04-07 00:00:00-04:00,10.7943775481023,10.943608584606409,10.744634628295898,10.744634628295898,49200,0.0,0.0
1998-04-08 00:00:00-04:00,10.645144595845666,10.943606615141194,10.495913586197902,10.81924819946289,16800,0.0,0.0
1998-04-09 00:00:00-04:00,10.744633962909486,10.744633962909486,10.545660018920898,10.545660018920898,121500,0.0,0.0
1998-04-13 00:00:00-04:00,10.670014191211495,10.670014191211495,10.545655810481739,10.607833862304688,33900,0.0,0.0
1998-04-14 00:00:00-04:00,10.570530338741493,10.67001844927817,10.44617190838422,10.545660018920898,54600,0.0,0.0
1998-04-15 00:00:00-04:00,10.346683502197266,10.645145548194154,10.346683502197266,10.346683502197266,3600,0.0,0.0
1998-04-16 00:00:00-04:00,10.247198500167263,10.570530891418455,10.19745330375563,10.570530891418457,24900,0.0,0.0
1998-04-17 00:00:00-04:00,10.446174621582031,10.446174621582031,10.446174621582031,10.446174621582031,900,0.0,0.0
1998-04-20 00:00:00-04:00,10.44617160989113,10.44617160989113,10.321813183087325,10.346683502197266,142500,0.0,0.0
1998-04-21 00:00:00-04:00,10.321810304648732,10.495911598205568,10.321810304648732,10.495911598205566,12600,0.0,0.0
1998-04-22 00:00:00-04:00,10.545660447342087,11.192327499389647,10.533223009841748,11.192327499389648,7800,0.0,0.0
1998-04-23 00:00:00-04:00,11.142588284917478,11.540536321356434,10.943611989612384,11.534319877624512,38100,0.0,0.0
1998-04-24 00:00:00-04:00,11.391300084640047,11.689762115478516,11.092838053801577,11.689762115478516,10500,0.0,0.0
1998-04-27 00:00:00-04:00,11.092839241027832,11.092839241027832,11.092839241027832,11.092839241027832,2700,0.0,0.0
1998-04-28 00:00:00-04:00,11.142584127971425,11.142584127971425,10.545660018920898,10.545660018920898,11700,0.0,0.0
1998-04-29 00:00:00-04:00,10.670017372707587,10.844120979309082,10.670017372707587,10.844120979309082,29400,0.0,0.0
1998-04-30 00:00:00-04:00,10.844122744993609,10.868993066354355,10.744634628295898,10.744634628295898,10200,0.0,0.0
1998-05-01 00:00:00-04:00,10.794379534493636,10.918740272521973,10.744636605533497,10.918740272521973,25500,0.0,0.0
1998-05-04 00:00:00-04:00,10.968480046163469,11.117711067199707,10.769506110476708,11.117711067199707,326100,0.0,0.0
1998-05-05 00:00:00-04:00,11.217198371887207,11.39129969926327,11.217198371887207,11.217198371887207,21300,0.0,0.0
1998-05-06 00:00:00-04:00,11.416173825891805,11.416173825891805,11.018223652453361,11.242070198059082,4800,0.0,0.0
1998-05-07 00:00:00-04:00,11.279372409917414,11.416168212890625,11.279372409917414,11.416168212890625,2400,0.0,0.0
1998-05-08 00:00:00-04:00,11.27938154060894,11.540535926818848,11.242073771150382,11.540535926818848,70200,0.0,0.0
1998-05-11 00:00:00-04:00,11.515663146972656,11.515663146972656,11.515663146972656,11.515663146972656,600,0.0,0.0
1998-05-12 00:00:00-04:00,11.465918082502942,11.465918082502942,11.291816711425781,11.291816711425781,158400,0.0,0.0
1998-05-13 00:00:00-04:00,11.291813798107048,11.441044807434082,11.291813798107048,11.441044807434082,7800,0.0,0.0
1998-05-14 00:00:00-04:00,11.49078485229059,11.49078485229059,11.366426467895506,11.366426467895508,124500,0.0,0.0
1998-05-15 00:00:00-04:00,11.391307121975268,11.391307121975268,11.266948624661095,11.341564178466797,7500,0.0,0.0
1998-05-18 00:00:00-04:00,11.341559050679418,12.784126531066086,11.341559050679418,12.336433410644531,278400,0.0,0.0
1998-05-19 00:00:00-04:00,12.734380072799457,15.917976798812873,12.734380072799457,14.152074813842773,165600,0.0,0.0
1998-05-20 00:00:00-04:00,14.326186822385203,15.50760055721823,13.79144276078667,14.624649047851562,139200,0.0,0.0
1998-05-21 00:00:00-04:00,14.239129423639872,14.724130312652841,14.040153181885575,14.599769592285156,41700,0.0,0.0
1998-05-22 00:00:00-04:00,14.326178435806165,14.326178435806165,13.729254334314241,14.152074813842773,14400,0.0,0.0
1998-05-26 00:00:00-04:00,13.72925570355633,13.72925570355633,13.13233154253214,13.331305503845215,45600,0.0,0.0
1998-05-27 00:00:00-04:00,12.958231320720966,13.28156608557817,12.162332988478886,13.007976531982422,57300,0.0,0.0
1998-05-28 00:00:00-04:00,12.734382563947458,13.28156385638497,12.734382563947458,13.132332801818848,12900,0.0,0.0
1998-05-29 00:00:00-04:00,13.182076375510702,13.505411101990093,13.057717916288764,13.293999671936035,47700,0.0,0.0
1998-06-01 00:00:00-04:00,13.132327242917448,13.331301139085095,12.933353346749803,13.269123077392578,7800,0.0,0.0
1998-06-02 00:00:00-04:00,13.331307437411144,13.331307437411144,12.75925579248788,13.293999671936035,3900,0.0,0.0
1998-06-03 00:00:00-04:00,13.306438691208898,13.33130901975406,12.560283293142708,13.007976531982422,38100,0.0,0.0
1998-06-04 00:00:00-04:00,12.336426540277898,13.007965846918523,11.9384765625,11.9384765625,38700,0.0,0.0
1998-06-05 00:00:00-04:00,11.9384765625,12.336426540277898,11.78924560546875,11.9384765625,21600,0.0,0.0
1998-06-08 00:00:00-04:00,11.938488286726622,11.938488286726622,11.78925718314254,11.85143756866455,21300,0.0,0.0
1998-06-09 00:00:00-04:00,12.137454315514082,12.137454315514082,11.863864898681642,11.86386489868164,51000,0.0,0.0
1998-06-10 00:00:00-04:00,11.97578720805011,11.97578720805011,11.7892484664917,11.7892484664917,130500,0.0,0.0
1998-06-11 00:00:00-04:00,11.814119889068639,11.913605690002441,11.814119889068639,11.913605690002441,3900,0.0,0.0
1998-06-12 00:00:00-04:00,11.888735378311,11.913605690002441,11.83899020076008,11.913605690002441,80100,0.0,0.0
1998-06-15 00:00:00-04:00,11.901175744232129,12.03797162675739,11.814125061035156,11.814125061035156,70800,0.0,0.0
1998-06-16 00:00:00-04:00,11.938480665879197,11.938480665879197,11.664891242980957,11.664891242980957,19800,0.0,0.0
1998-06-17 00:00:00-04:00,11.739505561104204,11.888736554350935,11.714632969868333,11.7892484664917,59100,0.0,0.0
1998-06-18 00:00:00-04:00,11.863864711640604,11.888737304445758,11.66489080045254,11.83899211883545,79500,0.0,0.0
1998-06-19 00:00:00-04:00,11.838997239771908,11.888742446899414,11.739511379687645,11.888742446899414,43800,0.0,0.0
1998-06-22 00:00:00-04:00,11.988223192978383,12.684635301915609,11.963352877109328,12.236942291259766,56400,0.0,0.0
1998-06-23 00:00:00-04:00,12.18720376020577,13.132333029840098,12.18720376020577,13.082590103149414,50100,0.0,0.0
1998-06-24 00:00:00-04:00,13.082585000399126,13.580020904541016,12.684634910835015,13.580020904541016,80100,0.0,0.0
1998-06-25 00:00:00-04:00,13.580019247154336,13.629762148372304,13.23181438446045,13.23181438446045,39000,0.0,0.0
1998-06-26 00:00:00-04:00,13.132333663921711,13.679514992280227,13.132333663921711,13.53028392791748,42900,0.0,0.0
1998-06-29 00:00:00-04:00,13.182071792133987,13.778995832186613,13.182071792133987,13.430790901184082,6900,0.0,0.0
1998-06-30 00:00:00-04:00,13.580023722723572,14.276435954712024,11.316685676574707,11.316685676574707,81300,0.0,0.0
1998-07-01 00:00:00-04:00,12.784128452946074,13.33130749766389,11.888742077496591,12.411050796508789,62400,0.0,0.0
1998-07-02 00:00:00-04:00,12.983100175857544,12.983100175857544,12.535407066345215,12.535407066345215,4200,0.0,0.0
1998-07-06 00:00:00-04:00,12.535409586752031,12.970667623098267,12.336435590435217,12.734383583068848,10200,0.0,0.0
1998-07-07 00:00:00-04:00,12.435919850024998,13.729256352394904,12.435919850024998,12.933358192443848,20700,0.0,0.0
1998-07-08 00:00:00-04:00,12.93335924858176,13.182076163016331,12.560281599844645,12.784128189086914,12900,0.0,0.0
1998-07-09 00:00:00-04:00,13.132332801818848,13.132332801818848,12.8338706926866,13.132332801818848,8100,0.0,0.0
1998-07-10 00:00:00-04:00,13.331300186896383,13.430788266416377,13.23181438446045,13.23181438446045,7500,0.0,0.0
1998-07-13 00:00:00-04:00,12.833870203275483,13.629768371582031,12.833870203275483,13.629768371582031,11400,0.0,0.0
1998-07-14 00:00:00-04:00,13.629763811829903,13.629763811829903,13.530277997252128,13.580020904541016,10800,0.0,0.0
1998-07-15 00:00:00-04:00,13.231820287061128,13.959321642690748,12.933358192443846,12.933358192443848,5400,0.0,0.0
1998-07-16 00:00:00-04:00,12.734381944642278,12.933358192443846,12.734381944642278,12.933358192443848,900,0.0,0.0
1998-07-17 00:00:00-04:00,12.634895490925567,12.734381332962604,11.540533011838455,12.336433410644531,30900,0.0,0.0
1998-07-20 00:00:00-04:00,12.336433580984188,12.336433580984188,11.938483376086314,12.037971496582031,28500,0.0,0.0
1998-07-21 00:00:00-04:00,12.933350368402898,12.933350368402898,11.9384765625,11.9384765625,9300,0.0,0.0
1998-07-22 00:00:00-04:00,11.78925140190134,11.78925140190134,10.943608137251454,11.242070198059082,35400,0.0,0.0
1998-07-23 00:00:00-04:00,11.34156172906688,11.34156172906688,11.067972183227539,11.067972183227539,15000,0.0,0.0
1998-07-24 00:00:00-04:00,11.067972365067469,11.739512215321518,10.943611615481915,11.540535926818848,39600,0.0,0.0
1998-07-27 00:00:00-04:00,10.943612364527635,11.93848704387949,10.943612364527635,11.727075576782227,5700,0.0,0.0
1998-07-28 00:00:00-04:00,11.540530338249694,11.540530338249694,10.943606315976702,11.130145072937012,3900,0.0,0.0
1998-07-29 00:00:00-04:00,10.943606376647951,10.943606376647951,10.943606376647951,10.94360637664795,1200,0.0,0.0
1998-07-30 00:00:00-04:00,11.73950871394365,11.73950871394365,11.092839384811231,11.192327499389648,13200,0.0,0.0
1998-07-31 00:00:00-04:00,11.242069069220813,11.689762115478516,11.043095141023361,11.689762115478516,3600,0.0,0.0
1998-08-03 00:00:00-04:00,11.391297595180978,11.73950473978491,11.043092727661135,11.043092727661133,7200,0.0,0.0
1998-08-04 00:00:00-04:00,11.316686636150228,11.341559235607525,9.451299173249188,10.32181453704834,39000,0.0,0.0
1998-08-05 00:00:00-04:00,10.943608215916106,10.943608215916106,9.948736190795898,9.948736190795898,123000,0.0,0.0
1998-08-06 00:00:00-04:00,10.54565807349946,10.54565807349946,9.94873407456712,9.9984769821167,5400,0.0,0.0
1998-08-07 00:00:00-04:00,10.147708892822266,10.147708892822266,9.948734967677463,10.147708892822266,14700,0.0,0.0
1998-08-10 00:00:00-04:00,10.147710140402973,10.744634266309031,9.948736190795898,9.948736190795898,15900,0.0,0.0
1998-08-11 00:00:00-04:00,9.35181096432626,10.346683502197266,8.75488687233248,10.346683502197266,24300,0.0,0.0
1998-08-12 00:00:00-04:00,9.948734377952498,10.048220196085463,9.600527183233867,9.650272369384766,11700,0.0,0.0
1998-08-13 00:00:00-04:00,9.550784952066605,9.550784952066605,9.25854107102474,9.351810455322266,4200,0.0,0.0
1998-08-14 00:00:00-04:00,9.550784952066605,9.550784952066605,9.351810455322266,9.351810455322266,900,0.0,0.0
1998-08-17 00:00:00-04:00,9.351810455322266,9.351810455322266,9.351810455322266,9.351810455322266,0,0.0,0.0
1998-08-18 00:00:00-04:00,9.62540124390281,9.749759674072266,9.62540124390281,9.749759674072266,24300,0.0,0.0
1998-08-19 00:00:00-04:00,9.74975996805938,9.74975996805938,9.550786018371582,9.550786018371582,6600,0.0,0.0
1998-08-20 00:00:00-04:00,9.351811499412577,9.550786018371582,8.904118404801409,9.550786018371582,10800,0.0,0.0
1998-08-21 00:00:00-04:00,9.003601650495199,9.11552487779115,8.92898616563123,8.978730201721191,6900,0.0,0.0
1998-08-24 00:00:00-04:00,9.127966228143123,9.127966228143123,8.9041196495451,8.953863143920898,111000,0.0,0.0
1998-08-25 00:00:00-04:00,8.9041196495451,9.152837690695378,8.9041196495451,8.953863143920898,12600,0.0,0.0
1998-08-26 00:00:00-04:00,8.9041196495451,8.953863143920898,8.779760059698674,8.953863143920898,27600,0.0,0.0
1998-08-27 00:00:00-04:00,8.655396717277846,8.953858673046046,7.9092418278573415,8.182831764221191,52200,0.0,0.0
1998-08-28 00:00:00-04:00,8.257453271923845,8.257453271923845,7.461554332844263,7.68540096282959,135600,0.0,0.0
1998-08-31 00:00:00-04:00,7.660523957135536,7.8594989898156085,7.3620619773864755,7.362061977386475,135900,0.0,0.0
1998-09-01 00:00:00-04:00,7.511293726290282,7.511293726290282,7.262575764213382,7.4242424964904785,37200,0.0,0.0
1998-09-02 00:00:00-04:00,7.909242806654998,8.307192320017306,7.6605242896446715,7.958986282348633,16200,0.0,0.0
1998-09-03 00:00:00-04:00,8.307193589934421,8.307193589934421,7.362063422376183,7.561038494110107,30600,0.0,0.0
1998-09-04 00:00:00-04:00,7.3620619773864755,7.3620619773864755,7.163087513977452,7.362061977386475,11700,0.0,0.0
1998-09-08 00:00:00-04:00,7.9589877802668045,8.058475319649164,7.461551221897373,7.809756755828857,7800,0.0,0.0
1998-09-09 00:00:00-04:00,7.5610384941101065,8.008731551604695,7.461550958243144,7.561038494110107,19800,0.0,0.0
1998-09-10 00:00:00-04:00,7.461550958243144,7.5610384941101065,7.262576455780381,7.561038494110107,20700,0.0,0.0
1998-09-11 00:00:00-04:00,7.6107833120557995,8.157964001372454,7.6107833120557995,8.058476448059082,6000,0.0,0.0
1998-09-14 00:00:00-04:00,7.7102695132749695,8.506168092397186,7.511294441541045,7.561038494110107,16800,0.0,0.0
1998-09-15 00:00:00-04:00,7.76001299657287,7.859500532439832,7.511294441541045,7.561038494110107,46800,0.0,0.0
1998-09-16 00:00:00-04:00,7.76001299657287,7.76001299657287,7.5610384941101065,7.561038494110107,18000,0.0,0.0
1998-09-17 00:00:00-04:00,7.536164988663777,7.548600714729638,7.3620619773864755,7.362061977386475,5700,0.0,0.0
1998-09-18 00:00:00-04:00,7.760011473475572,7.760011473475572,7.3620619773864755,7.362061977386475,2100,0.0,0.0
1998-09-21 00:00:00-04:00,7.362063615294523,7.374499913398254,7.1133456230163565,7.113345623016357,8700,0.0,0.0
1998-09-22 00:00:00-04:00,7.200394317352025,7.6356515038401405,7.200394317352025,7.492638111114502,2400,0.0,0.0
1998-09-23 00:00:00-04:00,7.399372247334506,7.411808546911007,7.038730945040843,7.138217926025391,278400,0.0,0.0
1998-09-24 00:00:00-04:00,7.138218125892809,7.299885470744,6.964115619659424,6.964115619659424,56100,0.0,0.0
1998-09-25 00:00:00-04:00,7.06359938348434,7.386933356523515,6.964112445065363,7.163086891174316,26700,0.0,0.0
1998-09-28 00:00:00-04:00,7.561037010066548,7.561037010066548,7.088472019040186,7.362061977386475,16500,0.0,0.0
1998-09-29 00:00:00-04:00,7.0884735205065645,7.362063536804147,7.063601493835449,7.063601493835449,11100,0.0,0.0
1998-09-30 00:00:00-04:00,7.063604969579878,7.063604969579878,6.765142779748736,6.914373874664307,71400,0.0,0.0
1998-10-01 00:00:00-04:00,6.914368926901735,6.914368926901735,6.591035498802225,6.864625453948975,19200,0.0,0.0
1998-10-02 00:00:00-04:00,6.6159084293824035,7.063601493835449,6.6159084293824035,7.063601493835449,21300,0.0,0.0
1998-10-05 00:00:00-04:00,6.566166400909424,6.566166400909424,5.770267632980532,6.566166400909424,49800,0.0,0.0
1998-10-06 00:00:00-04:00,5.770268100184632,6.516423433429569,5.770268100184632,6.491551399230957,73500,0.0,0.0
1998-10-07 00:00:00-04:00,6.566164156285727,6.566164156285727,6.118471145629882,6.118471145629883,10500,0.0,0.0
1998-10-08 00:00:00-04:00,6.11846923828125,6.2677001953125,5.96923828125,5.96923828125,10500,0.0,0.0
1998-10-09 00:00:00-04:00,5.869752616619602,6.118471145629882,5.869752616619602,6.118471145629883,6900,0.0,0.0
1998-10-12 00:00:00-04:00,5.994115548747272,5.994115548747272,5.422062666092853,5.77026891708374,74400,0.0,0.0
1998-10-13 00:00:00-04:00,5.521547545740934,5.5712910275671375,5.422060012817383,5.422060012817383,12900,0.0,0.0
1998-10-14 00:00:00-04:00,5.4220608847743765,5.745394991820028,5.4220608847743765,5.571291923522949,33900,0.0,0.0
1998-10-15 00:00:00-04:00,5.720520817815202,5.720520817815202,5.521546363830567,5.521546363830566,28500,0.0,0.0
1998-10-16 00:00:00-04:00,5.869754623177083,6.566166400909424,5.471805523848285,6.566166400909424,19800,0.0,0.0
1998-10-19 00:00:00-04:00,6.566166400909424,6.765140950573823,6.566166400909424,6.566166400909424,49200,0.0,0.0
1998-10-20 00:00:00-04:00,6.727831967204799,6.765139724082592,6.491549696735846,6.665652751922607,16500,0.0,0.0
1998-10-21 00:00:00-04:00,6.665654019209778,6.765141010284423,6.566166458863831,6.765141010284424,36600,0.0,0.0
1998-10-22 00:00:00-04:00,6.765138930839385,6.765138930839385,6.615907920826229,6.715395450592041,737400,0.0,0.0
1998-10-23 00:00:00-04:00,6.765141074186834,6.864628635472523,6.665654082172451,6.814885139465332,82500,0.0,0.0
1998-10-26 00:00:00-05:00,6.615910118151038,6.939244270324706,6.566166621382518,6.939244270324707,10500,0.0,0.0
1998-10-27 00:00:00-05:00,7.76001299657287,8.356937073232322,7.1630889199134185,7.561038494110107,36300,0.0,0.0
1998-10-28 00:00:00-05:00,7.212832592219153,7.760013199919235,7.1133456230163565,7.113345623016357,33900,0.0,0.0
1998-10-29 00:00:00-05:00,7.187961057919853,7.187961057919853,7.063601493835449,7.063601493835449,6600,0.0,0.0
1998-10-30 00:00:00-05:00,7.18796094619795,7.5610384941101065,7.18796094619795,7.561038494110107,45300,0.0,0.0
1998-11-02 00:00:00-05:00,7.760014357390227,8.157964001372454,7.760014357390227,8.058476448059082,28500,0.0,0.0
1998-11-03 00:00:00-05:00,8.157964906186121,8.28232393466726,7.735143184661864,7.735143184661865,66300,0.0,0.0
1998-11-04 00:00:00-05:00,7.76001299657287,8.133090544485027,7.5610384941101065,7.561038494110107,116100,0.0,0.0
1998-11-05 00:00:00-05:00,7.660524718944543,7.710268766696935,7.262575752552038,7.461550235748291,11100,0.0,0.0
1998-11-06 00:00:00-05:00,7.859501123673209,7.909244610713079,7.7600135803222665,7.760013580322266,3000,0.0,0.0
1998-11-09 00:00:00-05:00,7.710270093282396,7.7600135803222665,7.710270093282396,7.760013580322266,2400,0.0,0.0
1998-11-10 00:00:00-05:00,7.7600135803222665,7.7600135803222665,7.7600135803222665,7.760013580322266,0,0.0,0.0
1998-11-11 00:00:00-05:00,8.058476448059082,8.058476448059082,7.760014357390227,8.058476448059082,1800,0.0,0.0
1998-11-12 00:00:00-05:00,7.710267999941078,7.760011473475572,7.312318503851982,7.362061977386475,11400,0.0,0.0
1998-11-13 00:00:00-05:00,7.46155023574829,7.735140221302026,7.46155023574829,7.461550235748291,2400,0.0,0.0
1998-11-16 00:00:00-05:00,7.66052663353224,7.66052663353224,7.536167621612548,7.536167621612549,4800,0.0,0.0
1998-11-17 00:00:00-05:00,7.53617119302555,7.53617119302555,7.312324523925781,7.312324523925781,3900,0.0,0.0
1998-11-18 00:00:00-05:00,7.2377054762811825,7.287448966773456,6.96411542466681,7.138217926025391,43500,0.0,0.0
1998-11-19 00:00:00-05:00,7.026295943995027,7.287450313568116,6.964116711706143,7.287450313568115,7800,0.0,0.0
1998-11-20 00:00:00-05:00,7.362062709514611,7.4864222596244865,7.362062709514611,7.461550235748291,10200,0.0,0.0
1998-11-23 00:00:00-05:00,7.436678931958614,8.332065046947791,7.337191965362813,7.561038494110107,64200,0.0,0.0
1998-11-24 00:00:00-05:00,7.561039407701909,7.660526386318609,7.561039407701909,7.635654926300049,14400,0.0,0.0
1998-11-25 00:00:00-05:00,7.610782146453858,7.610782146453858,7.610782146453858,7.610782146453857,10200,0.0,0.0
1998-11-27 00:00:00-05:00,7.610780813951036,7.958986282348634,7.610780813951036,7.958986282348633,19800,0.0,0.0
1998-11-30 00:00:00-05:00,7.610781977408007,7.610781977408007,6.964114417450655,7.561038494110107,3000,0.0,0.0
1998-12-01 00:00:00-05:00,6.367190663610861,6.814883743803707,6.367190663610861,6.740268230438232,53700,0.0,0.0
1998-12-02 00:00:00-05:00,6.74026737843629,6.74026737843629,6.441805362701415,6.441805362701416,47400,0.0,0.0
1998-12-03 00:00:00-05:00,6.665652880291858,6.665652880291858,6.168215732827365,6.40449857711792,33600,0.0,0.0
1998-12-04 00:00:00-05:00,6.367191823387408,6.516422877300618,6.143345242517593,6.168216705322266,15300,0.0,0.0
1998-12-07 00:00:00-05:00,6.466678058754345,6.466678058754345,5.869753912737906,6.267703533172607,22500,0.0,0.0
1998-12-08 00:00:00-05:00,5.969241846764929,6.367191492973012,5.969241846764929,6.068729400634766,84900,0.0,0.0
1998-12-09 00:00:00-05:00,6.3423187031348265,6.777576058793302,6.068728674325292,6.591037273406982,65400,0.0,0.0
1998-12-10 00:00:00-05:00,6.628346749372514,6.926808883388968,6.491551414857859,6.7278337478637695,56700,0.0,0.0
1998-12-11 00:00:00-05:00,6.889497726638476,7.561037197742445,6.367189249113167,6.615907192230225,67500,0.0,0.0
1998-12-14 00:00:00-05:00,6.566168877336438,6.566168877336438,6.255270919492451,6.29257869720459,15000,0.0,0.0
1998-12-15 00:00:00-05:00,6.367192366780582,6.578602665019086,6.367192366780582,6.491551399230957,25800,0.0,0.0
1998-12-16 00:00:00-05:00,6.416933550472148,6.740267601299496,6.3796257972717285,6.3796257972717285,8700,0.0,0.0
1998-12-17 00:00:00-05:00,6.37962681055069,6.466678058754345,6.193088014920553,6.267703533172607,58200,0.0,0.0
1998-12-18 00:00:00-05:00,6.168216705322266,6.566166372181257,6.168216705322266,6.168216705322266,60600,0.0,0.0
1998-12-21 00:00:00-05:00,6.043857731530567,6.1682167543564015,5.745395621331527,6.093601226806641,202200,0.0,0.0
1998-12-22 00:00:00-05:00,5.969241306816961,6.14334436802286,5.894625790481749,6.018984794616699,91500,0.0,0.0
1998-12-23 00:00:00-05:00,6.068729715560988,6.267704264354837,6.068729715560988,6.168216705322266,127800,0.0,0.0
1998-12-24 00:00:00-05:00,6.267701608994427,6.36718912587834,6.217958135187997,6.3423171043396,74400,0.0,0.0
1998-12-28 00:00:00-05:00,6.36719069690027,6.665652751922607,6.36719069690027,6.665652751922607,155100,0.0,0.0
1998-12-29 00:00:00-05:00,6.9641179524837975,6.988989422122093,6.765142779748736,6.914373874664307,34800,0.0,0.0
1998-12-30 00:00:00-05:00,6.914371558503091,6.98898708096633,6.889500097196184,6.964115619659424,23700,0.0,0.0
1998-12-31 00:00:00-05:00,6.90193443587332,7.386935234069824,6.814883200313048,7.386935234069824,120900,0.0,0.0
1999-01-04 00:00:00-05:00,7.461551221897373,7.9589877802668045,7.3869357096784,7.809756755828857,24300,0.0,0.0
1999-01-05 00:00:00-05:00,7.809759553032769,8.45642793672708,7.809759553032769,8.008734703063965,47700,0.0,0.0
1999-01-06 00:00:00-05:00,8.157963752746582,8.555912815329469,8.133091722858437,8.157963752746582,44700,0.0,0.0
1999-01-07 00:00:00-05:00,8.05847565957463,8.30719423388647,8.05847565957463,8.108219146728516,15900,0.0,0.0
1999-01-08 00:00:00-05:00,8.157962188155654,8.25744915008545,8.058474656954724,8.25744915008545,13200,0.0,0.0
1999-01-11 00:00:00-05:00,8.356934322943811,9.053345706279453,8.356934322943811,8.754883766174316,27600,0.0,0.0
1999-01-12 00:00:00-05:00,8.854373198748762,8.854373198748762,8.25744915008545,8.25744915008545,3900,0.0,0.0
1999-01-13 00:00:00-05:00,8.05847456744898,8.108218047861378,7.660525016336433,7.983859062194824,23700,0.0,0.0
1999-01-14 00:00:00-05:00,7.983856387162684,8.40667725217756,7.983856387162684,8.145523071289062,24000,0.0,0.0
1999-01-15 00:00:00-05:00,8.083349127622093,8.45642677090817,8.070912826665019,8.232580184936523,31800,0.0,0.0
1999-01-19 00:00:00-05:00,8.356942176818848,8.356942176818848,8.220146802619702,8.356942176818848,12000,0.0,0.0
1999-01-20 00:00:00-05:00,8.65540439741952,8.75489199404358,8.108223469894451,8.356942176818848,45300,0.0,0.0
1999-01-21 00:00:00-05:00,8.953862354673188,9.152836883908847,8.555912726930634,8.655400276184082,40800,0.0,0.0
1999-01-22 00:00:00-05:00,8.207711066518511,8.356942176818848,8.207711066518511,8.356942176818848,18300,0.0,0.0
1999-01-25 00:00:00-05:00,8.655400276184082,8.655400276184082,8.30719470770387,8.655400276184082,111300,0.0,0.0
1999-01-26 00:00:00-05:00,8.655399218045421,8.680271244635941,8.1579626711332,8.456424713134766,37500,0.0,0.0
1999-01-27 00:00:00-05:00,8.157967552842235,8.680276438893413,8.157967552842235,8.356942176818848,150900,0.0,0.0
1999-01-28 00:00:00-05:00,8.232580184936523,8.680273356879814,8.232580184936523,8.232580184936523,6300,0.0,0.0
1999-01-29 00:00:00-05:00,8.680272102355957,8.680272102355957,8.531041066609273,8.680272102355957,9600,0.0,0.0
1999-02-01 00:00:00-05:00,8.82950412334576,9.078222164496038,8.630529007299993,8.953863143920898,5400,0.0,0.0
1999-02-02 00:00:00-05:00,8.655397191536117,8.829500198364258,8.655397191536117,8.829500198364258,1500,0.0,0.0
1999-02-03 00:00:00-05:00,8.953863143920898,8.953863143920898,8.555913481100651,8.953863143920898,9300,0.0,0.0
1999-02-04 00:00:00-05:00,8.953863240904726,8.953863240904726,8.754888691975053,8.804632186889648,13500,0.0,0.0
1999-02-05 00:00:00-05:00,8.754884078427647,9.35180797992792,8.754884078427647,9.302063941955566,23100,0.0,0.0
1999-02-08 00:00:00-05:00,9.05334871017148,9.476169742521693,9.040912412360099,9.103092193603516,86400,0.0,0.0
1999-02-09 00:00:00-05:00,9.152832971111051,9.47616694100741,9.152832971111051,9.264756202697754,7200,0.0,0.0
1999-02-10 00:00:00-05:00,9.115527165552589,9.152834917347855,8.953860430863482,9.078219413757324,24900,0.0,0.0
1999-02-11 00:00:00-05:00,9.003606941130114,9.152837998548133,8.506170272827148,8.506170272827148,44700,0.0,0.0
1999-02-12 00:00:00-05:00,8.506170272827148,8.605657834196265,8.443990475812537,8.506170272827148,50400,0.0,0.0
1999-02-16 00:00:00-05:00,8.605657098281856,8.605657098281856,8.43155402309219,8.443989753723145,13200,0.0,0.0
1999-02-17 00:00:00-05:00,8.431552024736796,8.456424049375066,8.157962030800313,8.170397758483887,19200,0.0,0.0
1999-02-18 00:00:00-05:00,8.220146005697332,8.48130042340466,8.220146005697332,8.406684875488281,24300,0.0,0.0
1999-02-19 00:00:00-05:00,8.257446858648477,8.431549847618838,8.157959924326251,8.307190895080566,16800,0.0,0.0
1999-02-22 00:00:00-05:00,8.157963957085844,8.294758701718953,8.08334843482369,8.133091926574707,90000,0.0,0.0
1999-02-23 00:00:00-05:00,8.10821969297029,8.157963752746582,8.10821969297029,8.157963752746582,16800,0.0,0.0
1999-02-24 00:00:00-05:00,8.133087342602922,8.419113539821472,8.108215326110155,8.369369506835938,22500,0.0,0.0
1999-02-25 00:00:00-05:00,8.356942176818848,8.356942176818848,8.182839025044618,8.356942176818848,38700,0.0,0.0
1999-02-26 00:00:00-05:00,8.406680659953727,8.456424713134766,8.356937176043854,8.456424713134766,3000,0.0,0.0
1999-03-01 00:00:00-05:00,8.207704544067383,8.207704544067383,8.207704544067383,8.207704544067383,300,0.0,0.0
1999-03-02 00:00:00-05:00,8.45642421248731,8.45642421248731,8.25744915008545,8.25744915008545,3600,0.0,0.0
1999-03-03 00:00:00-05:00,8.257446858648477,8.307190895080566,8.257446858648477,8.307190895080566,11700,0.0,0.0
1999-03-04 00:00:00-05:00,8.307198663142572,8.456429773442908,8.232583107992403,8.356942176818848,19200,0.0,0.0
1999-03-05 00:00:00-05:00,8.406679047408952,8.854372024536133,8.406679047408952,8.854372024536133,8100,0.0,0.0
1999-03-08 00:00:00-05:00,8.779757039455694,9.05334758758545,8.779757039455694,9.05334758758545,5400,0.0,0.0
1999-03-09 00:00:00-05:00,9.028478185639127,10.64514707417702,9.028478185639127,9.774633407592773,45300,0.0,0.0
1999-03-10 00:00:00-05:00,10.247197671588104,10.545659717584993,9.948735625591214,10.346683502197266,42000,0.0,0.0
1999-03-11 00:00:00-05:00,10.645141658775662,10.645141658775662,9.874116506383183,9.89898681640625,25500,0.0,0.0
1999-03-12 00:00:00-05:00,10.346682817967066,10.446170919081743,10.147708892822266,10.147708892822266,93900,0.0,0.0
1999-03-15 00:00:00-05:00,10.048223495483398,10.073096096725923,10.048223495483398,10.048223495483398,14100,0.0,0.0
1999-03-16 00:00:00-05:00,10.04821909070758,10.296938162847903,10.04821909070758,10.172579765319824,13200,0.0,0.0
1999-03-17 00:00:00-05:00,10.097968101501465,10.097968101501465,10.097968101501465,10.097968101501465,5100,0.0,0.0
1999-03-18 00:00:00-05:00,10.24719699393694,10.24719699393694,10.060658227524767,10.147708892822266,6300,0.0,0.0
1999-03-19 00:00:00-05:00,10.247197671588104,10.346683502197266,10.185017319643851,10.346683502197266,10500,0.0,0.0
1999-03-22 00:00:00-05:00,10.172584224610864,10.172584224610864,10.048223495483398,10.048223495483398,18300,0.0,0.0
1999-03-23 00:00:00-05:00,10.04821973122201,10.2969388192167,9.849245827076844,9.86168098449707,14700,0.0,0.0
1999-03-24 00:00:00-05:00,9.849248190545811,10.296941290116076,9.700017157355722,9.724889755249023,60000,0.0,0.0
1999-03-25 00:00:00-05:00,9.72489044202931,10.02335252948714,9.68758268109708,9.849248886108398,12900,0.0,0.0
1999-03-26 00:00:00-05:00,10.12283458464126,10.172579765319824,10.12283458464126,10.172579765319824,45900,0.0,0.0
1999-03-29 00:00:00-05:00,9.948736590931627,10.35912194399764,9.948736590931627,10.25341510772705,11700,0.0,0.0
1999-03-30 00:00:00-05:00,10.197453402085861,10.744634628295898,10.197453402085861,10.744634628295898,3300,0.0,0.0
1999-03-31 00:00:00-05:00,10.76950561507403,10.844121122159796,10.471043586730957,10.471043586730957,10200,0.0,0.0
1999-04-01 00:00:00-05:00,10.545659717584993,10.943607594191045,10.346683502197266,10.346683502197266,9600,0.0,0.0
1999-04-05 00:00:00-04:00,10.8192494765408,11.055531177345046,10.495914825110177,10.545660018920898,151200,0.0,0.0
1999-04-06 00:00:00-04:00,10.844122073446162,10.844122073446162,10.545660018920898,10.545660018920898,4500,0.0,0.0
1999-04-07 00:00:00-04:00,11.142584127971425,11.142584127971425,10.545660018920898,10.545660018920898,2700,0.0,0.0
1999-04-08 00:00:00-04:00,10.346683502197266,10.74463365588802,10.346683502197266,10.346683502197266,2700,0.0,0.0
1999-04-09 00:00:00-04:00,10.844124890004085,10.844124890004085,10.346686485205177,10.446174621582031,21000,0.0,0.0
1999-04-12 00:00:00-04:00,10.346683685408392,10.5580950640946,10.346683685408392,10.371556282043457,6000,0.0,0.0
1999-04-13 00:00:00-04:00,10.558093231115768,10.570528388732077,9.94873407456712,9.9984769821167,19200,0.0,0.0
1999-04-14 00:00:00-04:00,9.986043651604424,10.073094325014567,9.749759674072266,9.749759674072266,25200,0.0,0.0
1999-04-15 00:00:00-04:00,9.948735084097573,9.948735084097573,9.152835389306782,9.351810455322266,10800,0.0,0.0
1999-04-16 00:00:00-04:00,9.550780236968361,9.550780236968361,8.991164207458496,8.991164207458496,9600,0.0,0.0
1999-04-19 00:00:00-04:00,9.07822128068643,9.289632107426439,9.053349820555534,9.152836799621582,42600,0.0,0.0
1999-04-20 00:00:00-04:00,8.891685201315457,9.451301764389957,8.891685201315457,9.227455139160156,249000,0.0,0.0
1999-04-21 00:00:00-04:00,9.749759615326607,10.346683719878945,9.749759615326607,10.296940803527832,282000,0.0,0.0
1999-04-22 00:00:00-04:00,10.346677763346673,10.346677763346673,10.197446823120119,10.197446823120117,23100,0.0,0.0
1999-04-23 00:00:00-04:00,10.19745330375563,10.570530891418455,10.19745330375563,10.570530891418457,148500,0.0,0.0
1999-04-26 00:00:00-04:00,10.620276190237444,11.24207065761463,10.570530993346136,10.744634628295898,27600,0.0,0.0
1999-04-27 00:00:00-04:00,10.794375370252368,11.092837383043534,10.794375370252368,10.94360637664795,21900,0.0,0.0
1999-04-28 00:00:00-04:00,11.142584362513084,11.242070198059084,11.018223652453361,11.242070198059082,15900,0.0,0.0
1999-04-29 00:00:00-04:00,11.242066612374746,11.242066612374746,11.043092727661135,11.043092727661133,6600,0.0,0.0
1999-04-30 00:00:00-04:00,10.94360755073019,11.329122543334961,10.94360755073019,11.329122543334961,7500,0.0,0.0
1999-05-03 00:00:00-04:00,11.341554473778704,11.341554473778704,10.89386153402428,11.167450904846191,4500,0.0,0.0
1999-05-04 00:00:00-04:00,11.341564178466797,11.441052342569732,11.192333070855392,11.341564178466797,29100,0.0,0.0
1999-05-05 00:00:00-04:00,11.341559681599081,12.137457847595215,11.341559681599081,12.137457847595215,24300,0.0,0.0
1999-05-06 00:00:00-04:00,11.938485320716222,13.33130784910466,11.938485320716222,12.734383583068848,27000,0.0,0.0
1999-05-07 00:00:00-04:00,12.435922542074634,13.132335005964933,12.435922542074634,13.007976531982422,78900,0.0,0.0
1999-05-10 00:00:00-04:00,13.331305185213136,15.520027815684063,13.231819345476897,13.928229331970215,76200,0.0,0.0
1999-05-11 00:00:00-04:00,14.32617744105292,15.02258960346563,14.127203513399822,14.226689338684082,96300,0.0,0.0
1999-05-12 00:00:00-04:00,14.226685842266091,14.89822524477473,14.226685842266091,14.72412395477295,9300,0.0,0.0
1999-05-13 00:00:00-04:00,14.724124501259556,14.923098387396813,14.724124501259556,14.823610305786133,73200,0.0,0.0
1999-05-14 00:00:00-04:00,14.923097689946493,14.923097689946493,14.127199905510679,14.326173782348633,39000,0.0,0.0
1999-05-17 00:00:00-04:00,14.127206978157705,14.127206978157705,13.032844414957125,13.542717933654785,73500,0.0,0.0
1999-05-18 00:00:00-04:00,13.132329529882098,14.015280475105028,13.132329529882098,13.667073249816895,3300,0.0,0.0
1999-05-19 00:00:00-04:00,13.23181484295723,14.127200758411085,13.23181484295723,13.778993606567383,50100,0.0,0.0
1999-05-20 00:00:00-04:00,13.834959934039421,14.127205565612515,13.729255375412826,13.928229331970215,72900,0.0,0.0
1999-05-21 00:00:00-04:00,13.530283039690238,13.828745148822483,13.132332801818848,13.132332801818848,12000,0.0,0.0
1999-05-24 00:00:00-04:00,14.102331481166393,14.102331481166393,13.03284173855765,13.356176376342773,20700,0.0,0.0
1999-05-25 00:00:00-04:00,13.281561795715502,13.58002385854057,13.03284265099967,13.393485069274902,73200,0.0,0.0
1999-05-26 00:00:00-04:00,13.28156726993219,13.828748703002928,13.28156726993219,13.82874870300293,41100,0.0,0.0
1999-05-27 00:00:00-04:00,13.132332528482262,13.256690979003906,12.983101477022236,13.256690979003906,11400,0.0,0.0
1999-05-28 00:00:00-04:00,13.53028392791748,13.729257921372698,12.734383399925942,13.53028392791748,2700,0.0,0.0
1999-06-01 00:00:00-04:00,12.784129890022449,13.43079714151113,12.137460361448204,13.035957336425781,15600,0.0,0.0
1999-06-02 00:00:00-04:00,13.032843423333121,13.430793623044234,12.336433420194878,13.331305503845215,14400,0.0,0.0
1999-06-03 00:00:00-04:00,12.933355791512454,13.182072639465332,12.435917541437396,13.182072639465332,8700,0.0,0.0
1999-06-04 00:00:00-04:00,13.281562796041758,13.331305717897477,12.95822811126709,12.95822811126709,16500,0.0,0.0
1999-06-07 00:00:00-04:00,12.908484982148071,13.530281742243254,12.759253941892023,13.331305503845215,25200,0.0,0.0
1999-06-08 00:00:00-04:00,13.381049020643818,13.530280042148826,13.231817999138812,13.244253158569336,35400,0.0,0.0
1999-06-09 00:00:00-04:00,13.53027439669359,13.53027439669359,13.157196998596191,13.157196998596191,33600,0.0,0.0
1999-06-10 00:00:00-04:00,13.132327866435038,13.132327866435038,12.734377778121017,13.03283977508545,16200,0.0,0.0
1999-06-11 00:00:00-04:00,12.634895490925567,13.43079361264668,12.336433410644531,12.336433410644531,11400,0.0,0.0
1999-06-14 00:00:00-04:00,12.709511718013298,12.709511718013298,12.137457847595215,12.137457847595215,600,0.0,0.0
1999-06-15 00:00:00-04:00,12.137457755407716,12.933358192443846,12.137457755407716,12.933358192443848,6900,0.0,0.0
1999-06-16 00:00:00-04:00,12.92092035949005,13.430793847930564,12.373741387445845,13.281562805175781,74100,0.0,0.0
1999-06-17 00:00:00-04:00,13.530281742243254,13.530281742243254,13.331305503845215,13.331305503845215,6900,0.0,0.0
1999-06-18 00:00:00-04:00,13.331303780487097,13.356176376342775,13.30643346171609,13.356176376342773,3300,0.0,0.0
1999-06-21 00:00:00-04:00,13.381047990207865,13.430790901184082,13.381047990207865,13.430790901184082,3000,0.0,0.0
1999-06-22 00:00:00-04:00,13.430796447685763,13.443231611294028,13.405923843383789,13.405923843383789,10500,0.0,0.0
1999-06-23 00:00:00-04:00,13.35617810291621,13.35617810291621,13.306435181859184,13.331305503845215,9600,0.0,0.0
1999-06-24 00:00:00-04:00,13.306429874829428,13.356172776047396,13.23181438446045,13.23181438446045,23700,0.0,0.0
1999-06-25 00:00:00-04:00,13.20694351196289,13.20694351196289,13.20694351196289,13.20694351196289,1800,0.0,0.0
1999-06-28 00:00:00-04:00,13.219376951342914,13.269122129644938,13.219376951342914,13.23181438446045,6600,0.0,0.0
1999-06-29 00:00:00-04:00,13.269127421795172,13.331305503845215,13.269127421795172,13.331305503845215,56700,0.0,0.0
1999-06-30 00:00:00-04:00,13.356172519954828,13.65463447570801,13.356172519954828,13.654634475708008,37200,0.0,0.0
1999-07-01 00:00:00-04:00,13.679521605537976,13.679521605537976,13.555160807057543,13.642213821411133,8700,0.0,0.0
1999-07-02 00:00:00-04:00,13.667074331981476,13.828742798339304,13.667074331981476,13.80387020111084,7500,0.0,0.0
1999-07-06 00:00:00-04:00,13.80387020111084,13.80387020111084,13.80387020111084,13.80387020111084,12000,0.0,0.0
1999-07-07 00:00:00-04:00,13.778995712869644,13.803868306684624,13.754125396139147,13.766560554504395,9600,0.0,0.0
1999-07-08 00:00:00-04:00,13.766563254614315,13.766563254614315,13.691947735619115,13.70438289642334,33000,0.0,0.0
1999-07-09 00:00:00-04:00,13.679507064382111,13.679507064382111,13.617326731238862,13.654634475708008,16800,0.0,0.0
1999-07-12 00:00:00-04:00,13.629768371582031,13.629768371582031,13.604898048159546,13.629768371582031,2400,0.0,0.0
1999-07-13 00:00:00-04:00,13.604898048159546,13.629768371582031,13.604898048159546,13.629768371582031,90300,0.0,0.0
1999-07-14 00:00:00-04:00,13.604898452758789,13.604898452758789,13.580025851511515,13.604898452758789,4200,0.0,0.0
1999-07-15 00:00:00-04:00,13.592460609363208,13.64220581037837,13.542717685433141,13.629768371582031,13500,0.0,0.0
1999-07-16 00:00:00-04:00,13.654641378168172,13.704384303577555,13.604898452758789,13.604898452758789,19200,0.0,0.0
1999-07-19 00:00:00-04:00,13.58001708984375,13.58001708984375,13.455658718012273,13.505401611328125,33900,0.0,0.0
1999-07-20 00:00:00-04:00,13.530274002238608,13.555144309997559,13.530274002238608,13.555144309997559,5700,0.0,0.0
1999-07-21 00:00:00-04:00,13.55515425392105,13.580026857009951,13.517846487830363,13.53028392791748,18900,0.0,0.0
1999-07-22 00:00:00-04:00,13.530274002238608,13.555144309997559,13.505401417395994,13.555144309997559,4200,0.0,0.0
1999-07-23 00:00:00-04:00,13.555148312354405,13.580020904541016,13.542713154803266,13.580020904541016,4200,0.0,0.0
1999-07-26 00:00:00-04:00,13.55515425392105,13.55515425392105,13.505411324828579,13.53028392791748,7800,0.0,0.0
1999-07-27 00:00:00-04:00,13.505411324828579,13.53028392791748,13.480538721739675,13.53028392791748,16200,0.0,0.0
1999-07-28 00:00:00-04:00,13.505411983506239,13.505411983506239,13.405923843383789,13.405923843383789,5400,0.0,0.0
1999-07-29 00:00:00-04:00,13.405924828451909,13.405924828451909,13.368617057800295,13.368617057800293,2400,0.0,0.0
1999-07-30 00:00:00-04:00,13.343741216957271,13.393484131583955,13.343741216957271,13.356176376342773,9600,0.0,0.0
1999-08-02 00:00:00-04:00,13.318866625793623,13.691944122314453,13.169635627185292,13.691944122314453,6100,0.0,3.0
1999-08-03 00:00:00-04:00,13.691949281937037,13.691949281937037,13.095025062561035,13.095025062561035,7100,0.0,0.0
1999-08-04 00:00:00-04:00,13.095021373347231,13.095021373347231,12.759251594543457,12.759251594543457,9600,0.0,0.0
1999-08-05 00:00:00-04:00,12.684640111149967,12.684640111149967,12.348870225854823,12.42348575592041,27700,0.0,0.0
1999-08-06 00:00:00-04:00,12.27425001895789,12.348865520592893,12.162326766505386,12.31155776977539,9500,0.0,0.0
1999-08-09 00:00:00-04:00,12.386176069339593,12.535407106319589,12.386176069339593,12.46079158782959,3600,0.0,0.0
1999-08-10 00:00:00-04:00,12.460785871528717,12.460785871528717,12.274247160877088,12.386170387268066,20600,0.0,0.0
1999-08-11 00:00:00-04:00,12.535401355789368,12.535401355789368,12.311554903007414,12.386170387268066,11800,0.0,0.0
1999-08-12 00:00:00-04:00,12.311553955078125,12.311553955078125,11.9384765625,11.9384765625,32300,0.0,0.0
1999-08-13 00:00:00-04:00,11.938480353503493,12.01309585571289,11.938480353503493,12.01309585571289,8000,0.0,0.0
1999-08-16 00:00:00-04:00,12.087711334228516,12.087711334228516,12.050403583196946,12.087711334228516,1700,0.0,0.0
1999-08-17 00:00:00-04:00,12.01309585571289,12.01309585571289,11.938480353503493,12.01309585571289,7200,0.0,0.0
1999-08-18 00:00:00-04:00,11.975784301757812,11.975784301757812,11.863861083984375,11.9384765625,5200,0.0,0.0
1999-08-19 00:00:00-04:00,11.9384765625,11.9384765625,11.9384765625,11.9384765625,11600,0.0,0.0
1999-08-20 00:00:00-04:00,11.938480330102237,12.087711334228516,11.938480330102237,12.087711334228516,7300,0.0,0.0
1999-08-23 00:00:00-04:00,11.9384765625,12.013092041015625,11.78924560546875,11.9384765625,10400,0.0,0.0
1999-08-24 00:00:00-04:00,11.938483176216621,12.087714215919329,11.938483176216621,12.050406455993652,15000,0.0,0.0
1999-08-25 00:00:00-04:00,12.125021975845005,12.19963749569636,11.975790936142298,12.050406455993652,8800,0.0,0.0
1999-08-26 00:00:00-04:00,12.01309585571289,12.05040360681759,11.938480353503493,12.01309585571289,9300,0.0,0.0
1999-08-27 00:00:00-04:00,11.975784301757812,11.975784301757812,11.9384765625,11.9384765625,2900,0.0,0.0
1999-08-30 00:00:00-04:00,11.938479432491674,11.938479432491674,11.901171684265137,11.901171684265137,3700,0.0,0.0
1999-08-31 00:00:00-04:00,11.901170742624567,11.901170742624567,11.78924750680051,11.826555252075195,7800,0.0,0.0
1999-09-01 00:00:00-04:00,11.789248439585528,12.013094928944746,11.789248439585528,11.901171684265137,6900,0.0,0.0
1999-09-02 00:00:00-04:00,11.8638639360386,11.901171684265137,11.826556187812065,11.901171684265137,3200,0.0,0.0
1999-09-03 00:00:00-04:00,11.826556214803382,11.901171711426747,11.640017473244969,11.7892484664917,14400,0.0,0.0
1999-09-07 00:00:00-04:00,11.789250434973301,11.789250434973301,11.640019416809082,11.640019416809082,10600,0.0,0.0
1999-09-08 00:00:00-04:00,11.640019447572769,11.640019447572769,11.565403938293457,11.565403938293457,13100,0.0,0.0
1999-09-09 00:00:00-04:00,11.565403922961073,11.60271167755127,11.565403922961073,11.60271167755127,26800,0.0,0.0
1999-09-10 00:00:00-04:00,11.565403938293457,11.602711692933113,11.565403938293457,11.565403938293457,2000,0.0,0.0
1999-09-13 00:00:00-04:00,11.640019416809082,11.714634925891191,11.378865135021698,11.640019416809082,18900,0.0,0.0
1999-09-14 00:00:00-04:00,11.789250466131394,11.789250466131394,11.565403938293457,11.565403938293457,8100,0.0,0.0
1999-09-15 00:00:00-04:00,11.565403907726973,11.640019416809082,11.490788398644863,11.640019416809082,1000,0.0,0.0
1999-09-16 00:00:00-04:00,11.640019447572769,11.640019447572769,11.565403938293457,11.565403938293457,3900,0.0,0.0
1999-09-17 00:00:00-04:00,11.565405888990922,11.565405888990922,11.490790367126465,11.490790367126465,11300,0.0,0.0
1999-09-20 00:00:00-04:00,11.490795286078203,11.490795286078203,11.341564178466797,11.341564178466797,9900,0.0,0.0
1999-09-21 00:00:00-04:00,11.341559454305283,11.341559454305283,11.26694393157959,11.26694393157959,6400,0.0,0.0
1999-09-22 00:00:00-04:00,11.266943016052245,11.266943016052245,11.192327499389647,11.192327499389648,2500,0.0,0.0
1999-09-23 00:00:00-04:00,11.192325604799201,11.416172116895185,11.155017852783203,11.155017852783203,29200,0.0,0.0
1999-09-24 00:00:00-04:00,11.117714005809718,11.117714005809718,11.005790710449219,11.005790710449219,4700,0.0,0.0
1999-09-27 00:00:00-04:00,11.04309970348865,11.04309970348865,10.670022010803223,10.670022010803223,6600,0.0,0.0
1999-09-28 00:00:00-04:00,10.595405687604632,10.595405687604632,10.446174621582031,10.446174621582031,6700,0.0,0.0
1999-09-29 00:00:00-04:00,10.446169716971262,11.043093700798192,10.371554218992895,10.968478202819824,23000,0.0,0.0
1999-09-30 00:00:00-04:00,10.968477978601724,11.901171684265137,10.968477978601724,11.901171684265137,69900,0.0,0.0
1999-10-01 00:00:00-04:00,11.826559291902134,11.826559291902134,11.34155843766009,11.378866195678711,22600,0.0,0.0
1999-10-04 00:00:00-04:00,11.34155661286319,11.378864364879187,11.117710100767205,11.155017852783203,10000,0.0,0.0
1999-10-05 00:00:00-04:00,11.155015964765807,11.155015964765807,11.043092727661135,11.043092727661133,2300,0.0,0.0
1999-10-06 00:00:00-04:00,10.968476318731541,10.968476318731541,10.632706635505064,10.707322120666504,5400,0.0,0.0
1999-10-07 00:00:00-04:00,10.632709685493918,10.632709685493918,10.147708892822266,10.147708892822266,12600,0.0,0.0
1999-10-08 00:00:00-04:00,10.073092481983242,10.073092481983242,9.9984769821167,9.9984769821167,4700,0.0,0.0
1999-10-11 00:00:00-04:00,9.886557579040527,9.961173107938947,9.849249814591317,9.886557579040527,4200,0.0,0.0
1999-10-12 00:00:00-04:00,9.849247896581664,9.99847892531775,9.849247896581664,9.923863410949707,7500,0.0,0.0
1999-10-13 00:00:00-04:00,9.849247022606862,9.849247022606862,9.737323760986328,9.737323760986328,13800,0.0,0.0
1999-10-14 00:00:00-04:00,9.662708282470703,9.73732379044345,9.588092774497957,9.662708282470703,19600,0.0,0.0
1999-10-15 00:00:00-04:00,9.625402320515025,9.849248886108398,9.625402320515025,9.849248886108398,8300,0.0,0.0
1999-10-18 00:00:00-04:00,9.811939298416197,9.811939298416197,9.550785020511583,9.662708282470703,7700,0.0,0.0
1999-10-19 00:00:00-04:00,9.662707351061156,9.662707351061156,9.550784099890564,9.588091850280762,3500,0.0,0.0
1999-10-20 00:00:00-04:00,9.700020790100098,9.700020790100098,9.700020790100098,9.700020790100098,200,0.0,0.0
1999-10-21 00:00:00-04:00,9.625402196248372,10.073095321655273,9.625402196248372,10.073095321655273,7900,0.0,0.0
1999-10-22 00:00:00-04:00,10.110400991810506,10.558094024658203,10.110400991810506,10.558094024658203,6900,0.0,0.0
1999-10-25 00:00:00-04:00,10.483482388087682,10.520790154593332,10.37155908857073,10.446174621582031,2500,0.0,0.0
1999-10-26 00:00:00-04:00,10.371556282043457,10.446171794863915,10.296940769223001,10.371556282043457,2800,0.0,0.0
1999-10-27 00:00:00-04:00,10.408864038453686,10.52078730768437,10.371556282043457,10.371556282043457,3700,0.0,0.0
1999-10-28 00:00:00-04:00,10.371558777273517,10.893867492675781,10.371558777273517,10.893867492675781,8600,0.0,0.0
1999-10-29 00:00:00-04:00,10.819247206863093,10.968478202819824,10.744631708884727,10.968478202819824,5800,0.0,0.0
1999-11-01 00:00:00-05:00,10.89386453564535,11.155018822458766,10.85655678038629,11.117711067199707,5100,0.0,0.0
1999-11-02 00:00:00-05:00,11.155021877223273,11.490791766504241,10.856559753417967,10.856559753417969,26200,0.0,0.0
1999-11-03 00:00:00-05:00,10.893868626414479,10.893868626414479,10.595406472266136,10.670022010803223,8400,0.0,0.0
1999-11-04 00:00:00-05:00,10.74463384614574,10.96848038460711,10.371556282043457,10.371556282043457,12200,0.0,0.0
1999-11-05 00:00:00-05:00,10.371558262218128,10.483481552817604,10.147711681019175,10.259634971618652,9800,0.0,0.0
1999-11-08 00:00:00-05:00,10.185017711237856,10.185017711237856,9.923863410949707,9.923863410949707,6200,0.0,0.0
1999-11-09 00:00:00-05:00,9.88655669088582,9.88655669088582,9.774633407592773,9.774633407592773,7600,0.0,0.0
1999-11-10 00:00:00-05:00,9.700015182495118,9.700015182495118,9.252322174072265,9.326937675476074,17800,0.0,0.0
1999-11-11 00:00:00-05:00,9.289632684602513,9.550787017101378,9.289632684602513,9.476171493530273,19100,0.0,0.0
1999-11-12 00:00:00-05:00,9.43886274471879,9.550786018371582,9.43886274471879,9.550786018371582,7700,0.0,0.0
1999-11-15 00:00:00-05:00,9.625402363202044,9.84924892978814,9.625402363202044,9.774633407592773,5100,0.0,0.0
1999-11-16 00:00:00-05:00,9.625405245560867,9.700020790100098,9.625405245560867,9.700020790100098,69900,0.0,0.0
1999-11-17 00:00:00-05:00,9.774632527846698,9.811940285586571,9.550785981407461,9.625401496887207,17600,0.0,0.0
1999-11-18 00:00:00-05:00,9.662713017830482,9.700020790100098,9.625405245560867,9.700020790100098,11500,0.0,0.0
1999-11-19 00:00:00-05:00,9.625405245560867,9.700020790100098,9.550789701021635,9.700020790100098,7500,0.0,0.0
1999-11-22 00:00:00-05:00,9.84924848314742,10.968481265323263,9.84924848314742,10.595403671264648,67000,0.0,0.0
1999-11-23 00:00:00-05:00,10.446173061024059,12.274253346703269,10.371557539159602,11.490790367126465,32400,0.0,0.0
1999-11-24 00:00:00-05:00,11.490790388871483,11.490790388871483,11.229636061851677,11.453482627868652,23600,0.0,0.0
1999-11-26 00:00:00-05:00,11.565401976621603,11.7892484664917,11.490786479998238,11.7892484664917,4500,0.0,0.0
1999-11-29 00:00:00-05:00,11.863865975410707,11.863865975410707,11.490788429014144,11.565403938293457,9200,0.0,0.0
1999-11-30 00:00:00-05:00,11.490788429014144,11.565403938293457,11.341557410455518,11.565403938293457,10900,0.0,0.0
1999-12-01 00:00:00-05:00,11.490788444346208,11.640019463103952,11.416172934967337,11.528096199035645,40800,0.0,0.0
1999-12-02 00:00:00-05:00,11.677327171350136,11.677327171350136,11.602711662268026,11.640019416809082,4200,0.0,0.0
1999-12-03 00:00:00-05:00,11.640018450947235,11.863864959619297,11.640018450947235,11.677326202392578,10400,0.0,0.0
1999-12-06 00:00:00-05:00,11.714632969868333,11.93847945973843,11.677325221556652,11.7892484664917,4600,0.0,0.0
1999-12-07 00:00:00-05:00,11.901168823242188,12.125015258789062,11.901168823242188,11.9384765625,17000,0.0,0.0
1999-12-08 00:00:00-05:00,11.938480801052517,13.430790901184082,11.938480801052517,13.430790901184082,36400,0.0,0.0
1999-12-09 00:00:00-05:00,13.28155517578125,14.102325439453125,13.28155517578125,13.505401611328125,84800,0.0,0.0
1999-12-10 00:00:00-05:00,13.580021911197239,13.580021911197239,13.356175396177504,13.430790901184082,3500,0.0,0.0
1999-12-13 00:00:00-05:00,13.356180465084384,13.430795998408877,12.983102798461914,12.983102798461914,31300,0.0,0.0
1999-12-14 00:00:00-05:00,12.908482607345135,12.908482607345135,12.759251594543457,12.759251594543457,800,0.0,0.0
1999-12-15 00:00:00-05:00,12.721941973330706,12.759249721053084,12.460787739274064,12.610018730163574,6200,0.0,0.0
1999-12-16 00:00:00-05:00,12.460791772695687,12.647330571688139,12.125021934509277,12.125021934509277,10200,0.0,0.0
1999-12-17 00:00:00-05:00,12.162325921850892,12.162325921850892,11.901171684265137,11.901171684265137,7500,0.0,0.0
1999-12-20 00:00:00-05:00,11.9384765625,12.050399780273438,11.9384765625,11.9384765625,4300,0.0,0.0
1999-12-21 00:00:00-05:00,11.938481468863042,11.938481468863042,11.34155739541989,11.60271167755127,9100,0.0,0.0
1999-12-22 00:00:00-05:00,11.602711692933113,11.640019447572769,11.565403938293457,11.565403938293457,12500,0.0,0.0
1999-12-23 00:00:00-05:00,11.602710824595032,11.602710824595032,11.304248809814453,11.304248809814453,21500,0.0,0.0
1999-12-27 00:00:00-05:00,11.304249640829694,11.60271167755127,11.266941886239497,11.60271167755127,42300,0.0,0.0
1999-12-28 00:00:00-05:00,11.416174977030975,11.416174977030975,11.117712886128205,11.26694393157959,40100,0.0,0.0
1999-12-29 00:00:00-05:00,11.192333070855392,11.341564178466797,11.192333070855392,11.341564178466797,6200,0.0,0.0
1999-12-30 00:00:00-05:00,11.49078369140625,11.565399169921875,11.416168212890625,11.416168212890625,15100,0.0,0.0
1999-12-31 00:00:00-05:00,11.490790057108498,12.050406455993652,11.490790057108498,12.050406455993652,12700,0.0,0.0
2000-01-03 00:00:00-05:00,11.901173745930002,11.901173745930002,11.528096199035645,11.528096199035645,4100,0.0,0.0
2000-01-04 00:00:00-05:00,11.453478870201746,11.453478870201746,11.229632377624513,11.229632377624512,3900,0.0,0.0
2000-01-05 00:00:00-05:00,10.931175446092036,10.931175446092036,10.595405551843475,10.632713317871094,15000,0.0,0.0
2000-01-06 00:00:00-05:00,10.59539977924244,11.043092727661135,10.59539977924244,11.043092727661133,66500,0.0,0.0
2000-01-07 00:00:00-05:00,11.043101963243988,11.341564178466797,11.043101963243988,11.341564178466797,11000,0.0,0.0
2000-01-10 00:00:00-05:00,11.341552734375,11.49078369140625,11.341552734375,11.416168212890625,10100,0.0,0.0
2000-01-11 00:00:00-05:00,11.341564178466797,11.4161797322725,11.341564178466797,11.341564178466797,19000,0.0,0.0
2000-01-12 00:00:00-05:00,11.341557410455518,11.863865975410707,11.341557410455518,11.565403938293457,11400,0.0,0.0
2000-01-13 00:00:00-05:00,11.341564178466797,11.4161797322725,11.341564178466797,11.341564178466797,77600,0.0,0.0
2000-01-14 00:00:00-05:00,11.41617404937744,11.41617404937744,11.192327499389647,11.192327499389648,2200,0.0,0.0
2000-01-18 00:00:00-05:00,11.192329589010505,11.416176180790716,10.931175231933594,10.931175231933594,5600,0.0,0.0
2000-01-19 00:00:00-05:00,10.931174079313973,11.26694393157959,10.931174079313973,11.26694393157959,9900,0.0,0.0
2000-01-20 00:00:00-05:00,11.192328279668635,11.565405888990922,11.192328279668635,11.490790367126465,12500,0.0,0.0
2000-01-21 00:00:00-05:00,11.490788444346208,11.640019463103952,11.490788444346208,11.528096199035645,6100,0.0,0.0
2000-01-24 00:00:00-05:00,11.528092318270579,12.386170387268065,11.528092318270579,12.386170387268066,20000,0.0,0.0
2000-01-25 00:00:00-05:00,12.38616943359375,12.38616943359375,11.9384765625,11.9384765625,4600,0.0,0.0
2000-01-26 00:00:00-05:00,11.863861083984375,12.274246215820312,11.78924560546875,11.9384765625,12200,0.0,0.0
2000-01-27 00:00:00-05:00,11.714632969868333,11.7892484664917,11.640017473244969,11.7892484664917,3500,0.0,0.0
2000-01-28 00:00:00-05:00,11.714634972482823,11.714634972482823,11.453480689656773,11.528096199035645,4800,0.0,0.0
2000-01-31 00:00:00-05:00,11.453479693720515,11.789249456728609,11.453479693720515,11.677326202392578,3900,0.0,0.0
2000-02-01 00:00:00-05:00,11.677327202212426,11.714634956852082,11.565403938293457,11.565403938293457,4500,0.0,0.0
2000-02-02 00:00:00-05:00,11.490788444346208,11.528096199035645,11.490788444346208,11.528096199035645,1100,0.0,0.0
2000-02-03 00:00:00-05:00,11.453475952148438,11.49078369140625,11.416168212890625,11.416168212890625,1900,0.0,0.0
2000-02-04 00:00:00-05:00,11.453479817204743,11.453479817204743,11.304248809814453,11.304248809814453,2500,0.0,0.0
2000-02-07 00:00:00-05:00,11.341552734375,11.49078369140625,11.341552734375,11.416168212890625,11100,0.0,0.0
2000-02-08 00:00:00-05:00,11.528098149874312,11.6400214328828,11.416174866865823,11.453482627868652,23600,0.0,0.0
2000-02-09 00:00:00-05:00,11.37886619567871,11.416173953697328,11.34155843766009,11.378866195678711,14400,0.0,0.0
2000-02-10 00:00:00-05:00,11.360209498294566,11.378863372676001,11.192324628861641,11.229632377624512,11200,0.0,0.0
2000-02-11 00:00:00-05:00,11.266939201870482,11.341554693273597,11.043092727661135,11.043092727661133,9600,0.0,0.0
2000-02-14 00:00:00-05:00,11.043093700798192,11.080401449787374,10.968478202819824,10.968478202819824,12000,0.0,0.0
2000-02-15 00:00:00-05:00,10.893867492675781,10.968483023447533,10.893867492675781,10.893867492675781,2100,0.0,0.0
2000-02-16 00:00:00-05:00,10.931173423926037,10.931173423926037,10.744634628295898,10.744634628295898,32700,0.0,0.0
2000-02-17 00:00:00-05:00,10.670018263742433,10.670018263742433,10.520787239074707,10.520787239074707,4800,0.0,0.0
2000-02-18 00:00:00-05:00,10.558096933195175,10.558096933195175,10.446173644150704,10.483481407165527,7300,0.0,0.0
2000-02-22 00:00:00-05:00,10.371556497157965,10.371556497157965,9.923863410949707,9.923863410949707,52200,0.0,0.0
2000-02-23 00:00:00-05:00,9.923864451983503,9.923864451983503,9.70001788539741,9.774633407592773,12000,0.0,0.0
2000-02-24 00:00:00-05:00,9.849248758951823,10.073095321655273,9.811940998501248,10.073095321655273,4600,0.0,0.0
2000-02-25 00:00:00-05:00,10.035784700259953,10.110400199890137,10.035784700259953,10.110400199890137,1600,0.0,0.0
2000-02-28 00:00:00-05:00,10.073093386257396,10.1850166461047,9.96117012641009,10.147708892822266,2200,0.0,0.0
2000-02-29 00:00:00-05:00,10.14770794970523,10.14770794970523,9.923861450814673,10.110400199890137,23800,0.0,0.0
2000-03-01 00:00:00-05:00,10.03578473204997,10.073092481983242,9.849245982383614,9.9984769821167,6400,0.0,0.0
2000-03-02 00:00:00-05:00,10.073093515838508,10.073093515838508,9.774631485739588,9.811939239501953,7100,0.0,0.0
2000-03-03 00:00:00-05:00,9.700017012366953,9.700017012366953,9.550785981407461,9.625401496887207,37000,0.0,0.0
2000-03-06 00:00:00-05:00,9.700017012366953,9.700017012366953,9.625401496887207,9.625401496887207,15800,0.0,0.0
2000-03-07 00:00:00-05:00,9.550786018371582,9.550786018371582,9.401554986834526,9.550786018371582,19900,0.0,0.0
2000-03-08 00:00:00-05:00,9.103092923760414,9.550786018371582,9.103092923760414,9.550786018371582,79100,0.0,0.0
2000-03-09 00:00:00-05:00,9.625402363202044,9.774633407592773,9.588094602104363,9.774633407592773,6300,0.0,0.0
2000-03-10 00:00:00-05:00,9.961171168133728,9.961171168133728,9.923863410949707,9.923863410949707,17600,0.0,0.0
2000-03-13 00:00:00-05:00,9.923867423717793,9.923867423717793,9.700020790100098,9.700020790100098,9800,0.0,0.0
2000-03-14 00:00:00-05:00,9.700017779060964,9.961172103881836,9.700017779060964,9.961172103881836,7700,0.0,0.0
2000-03-15 00:00:00-05:00,9.94251828843897,9.961172168905085,9.737325603311712,9.849248886108398,9400,0.0,0.0
2000-03-16 00:00:00-05:00,9.849248886108398,9.849248886108398,9.737325603311712,9.849248886108398,6900,0.0,0.0
2000-03-17 00:00:00-05:00,9.774632382213621,10.147709954053836,9.774632382213621,9.923863410949707,23100,0.0,0.0
2000-03-20 00:00:00-05:00,9.923863410949707,9.99847892531775,9.849247896581664,9.923863410949707,9600,0.0,0.0
2000-03-21 00:00:00-05:00,9.811941125176169,9.923864407972856,9.811941125176169,9.849248886108398,58000,0.0,0.0
2000-03-22 00:00:00-05:00,9.84924892978814,9.84924892978814,9.774633407592773,9.774633407592773,5200,0.0,0.0
2000-03-23 00:00:00-05:00,9.700016007112819,9.81193926873335,9.625400499365796,9.737323760986328,8900,0.0,0.0
2000-03-24 00:00:00-05:00,9.66270925462708,9.811940285586571,9.625401496887207,9.625401496887207,7300,0.0,0.0
2000-03-27 00:00:00-05:00,9.625402363202044,9.811941168690456,9.625402363202044,9.774633407592773,9200,0.0,0.0
2000-03-28 00:00:00-05:00,9.81194032356143,9.81194032356143,9.550786018371582,9.550786018371582,18100,0.0,0.0
2000-03-29 00:00:00-05:00,9.550786018371582,9.550786018371582,9.550786018371582,9.550786018371582,5100,0.0,0.0
2000-03-30 00:00:00-05:00,9.550784203314013,9.550784203314013,9.25232219696045,9.25232219696045,13200,0.0,0.0
2000-03-31 00:00:00-05:00,9.326937698548841,9.326937698548841,9.25232219696045,9.25232219696045,12800,0.0,0.0
2000-04-03 00:00:00-04:00,9.289629947754646,9.401553200137231,9.25232219696045,9.25232219696045,4900,0.0,0.0
2000-04-04 00:00:00-04:00,9.252323213170786,9.289630968062605,9.065784438711699,9.103092193603516,11900,0.0,0.0
2000-04-05 00:00:00-04:00,9.17771139489599,9.364250244385746,9.17771139489599,9.289634704589844,5700,0.0,0.0
2000-04-06 00:00:00-04:00,9.364246308569815,9.550785079656864,9.364246308569815,9.513477325439453,37000,0.0,0.0
2000-04-07 00:00:00-04:00,9.513478335880098,9.513478335880098,9.401555061340332,9.401555061340332,2000,0.0,0.0
2000-04-10 00:00:00-04:00,9.476167701630002,9.476167701630002,9.36424446105957,9.36424446105957,3100,0.0,0.0
2000-04-11 00:00:00-04:00,9.364245449343036,9.401553200137231,9.25232219696045,9.25232219696045,2800,0.0,0.0
2000-04-12 00:00:00-04:00,9.252322174072265,9.364245426177979,9.252322174072265,9.326937675476074,2900,0.0,0.0
2000-04-13 00:00:00-04:00,9.326939434968224,9.625401496887207,9.252323919488479,9.625401496887207,43400,0.0,0.0
2000-04-14 00:00:00-04:00,9.625402540672482,9.625402540672482,9.476171493530273,9.476171493530273,8500,0.0,0.0
2000-04-17 00:00:00-04:00,9.5507841796875,9.5507841796875,9.252322174072265,9.326937675476074,8400,0.0,0.0
2000-04-18 00:00:00-04:00,9.252323213170786,9.252323213170786,9.065784438711699,9.103092193603516,3400,0.0,0.0
2000-04-19 00:00:00-04:00,9.103095310292346,9.103095310292346,8.767325401306152,8.767325401306152,35000,0.0,0.0
2000-04-20 00:00:00-04:00,8.804632091522217,9.10309419631958,8.730016565322876,8.953863143920898,50800,0.0,0.0
2000-04-24 00:00:00-04:00,8.953861268628545,8.953861268628545,8.87924575805664,8.87924575805664,6500,0.0,0.0
2000-04-25 00:00:00-04:00,8.879249736474819,8.879249736474819,8.655403104462849,8.692710876464844,39600,0.0,0.0
2000-04-26 00:00:00-04:00,8.655400276184082,8.804631315428635,8.655400276184082,8.655400276184082,40600,0.0,0.0
2000-04-27 00:00:00-04:00,8.655402098310756,8.87924870430155,8.655402098310756,8.767325401306152,13700,0.0,0.0
2000-04-28 00:00:00-04:00,8.841939854621888,8.953863143920898,8.841939854621888,8.953863143920898,3300,0.0,0.0
2000-05-01 00:00:00-04:00,8.991167964004887,9.177706718444824,8.991167964004887,9.177706718444824,6600,0.0,0.0
2000-05-02 00:00:00-04:00,9.103092193603516,9.252323213170786,9.02847668381988,9.103092193603516,54900,0.0,0.0
2000-05-03 00:00:00-04:00,9.103090278469788,9.177705772555605,9.103090278469788,9.140398025512695,49500,0.0,0.0
2000-05-04 00:00:00-04:00,9.14039990197309,9.215015411376953,9.14039990197309,9.215015411376953,4100,0.0,0.0
2000-05-05 00:00:00-04:00,9.140398025512695,9.177705772555605,9.140398025512695,9.140398025512695,20400,0.0,0.0
2000-05-08 00:00:00-04:00,9.140398944577864,9.25232219696045,9.140398944577864,9.25232219696045,3600,0.0,0.0
2000-05-09 00:00:00-04:00,9.215010619262442,9.215010619262442,8.953856472157838,8.991164207458496,38600,0.0,0.0
2000-05-10 00:00:00-04:00,8.99117090702057,8.99117090702057,8.916555380821228,8.953863143920898,17600,0.0,0.0
2000-05-11 00:00:00-04:00,8.953863143920898,8.953863143920898,8.879247617721559,8.953863143920898,46900,0.0,0.0
2000-05-12 00:00:00-04:00,8.991164207458496,8.991164207458496,8.953856472157838,8.991164207458496,33000,0.0,0.0
2000-05-15 00:00:00-04:00,8.991164207458496,9.10308741336047,8.953856472157838,8.991164207458496,14200,0.0,0.0
2000-05-16 00:00:00-04:00,9.065785237721036,9.476170577700177,9.065785237721036,9.401555061340332,17600,0.0,0.0
2000-05-17 00:00:00-04:00,9.252323213170786,9.252323213170786,9.103092193603516,9.103092193603516,11700,0.0,0.0
2000-05-18 00:00:00-04:00,9.103090278469788,9.177705772555605,9.103090278469788,9.140398025512695,10300,0.0,0.0
2000-05-19 00:00:00-04:00,9.103095855100086,9.289634704589844,9.065788085202136,9.289634704589844,20800,0.0,0.0
2000-05-22 00:00:00-04:00,9.21501446933281,9.21501446933281,9.10309121666885,9.177706718444824,4400,0.0,0.0
2000-05-23 00:00:00-04:00,9.177706672668458,9.700015182495118,9.177706672668458,9.326937675476074,69300,0.0,0.0
2000-05-24 00:00:00-04:00,9.326939544980489,9.513478335880098,9.252324028620645,9.401555061340332,53600,0.0,0.0
2000-05-25 00:00:00-04:00,9.513477325439453,9.625400588091683,9.476169571222044,9.513477325439453,36700,0.0,0.0
2000-05-26 00:00:00-04:00,9.438860950931426,9.438860950931426,9.25232219696045,9.25232219696045,3300,0.0,0.0
2000-05-30 00:00:00-04:00,9.252322220220798,9.289629971108784,9.140398967556836,9.177706718444824,5100,0.0,0.0
2000-05-31 00:00:00-04:00,9.177704822869948,9.215012566052346,9.028473850140356,9.065781593322754,14300,0.0,0.0
2000-06-01 00:00:00-04:00,9.02847671508789,9.140399980150963,9.02847671508789,9.02847671508789,23600,0.0,0.0
2000-06-02 00:00:00-04:00,9.02847668381988,9.103092193603516,9.02847668381988,9.103092193603516,25100,0.0,0.0
2000-06-05 00:00:00-04:00,8.953861205045841,9.10309222512994,8.953861205045841,9.02847671508789,29300,0.0,0.0
2000-06-06 00:00:00-04:00,9.028473850140356,9.065781593322754,8.991166106957957,9.065781593322754,18900,0.0,0.0
2000-06-07 00:00:00-04:00,9.065784470108914,9.10309222512994,9.02847671508789,9.02847671508789,19600,0.0,0.0
2000-06-08 00:00:00-04:00,9.028471942759154,9.065779678059812,8.991164207458496,8.991164207458496,4800,0.0,0.0
2000-06-09 00:00:00-04:00,8.99117090702057,9.02847867012024,8.953863143920898,8.953863143920898,9300,0.0,0.0
2000-06-12 00:00:00-04:00,8.879247713897186,8.879247713897186,8.804632186889648,8.804632186889648,6900,0.0,0.0
2000-06-13 00:00:00-04:00,8.730012893676758,8.767320641085632,8.655397398859007,8.730012893676758,7600,0.0,0.0
2000-06-14 00:00:00-04:00,8.655399372483966,8.655399372483966,8.506168348820449,8.543476104736328,13000,0.0,0.0
2000-06-15 00:00:00-04:00,8.506167502424836,8.506167502424836,8.245013236999512,8.245013236999512,25000,0.0,0.0
2000-06-16 00:00:00-04:00,8.319628741406747,8.356936493610364,8.245013236999512,8.245013236999512,17200,0.0,0.0
2000-06-19 00:00:00-04:00,8.20770736213203,8.282322883605957,8.20770736213203,8.282322883605957,10100,0.0,0.0
2000-06-20 00:00:00-04:00,8.282320989203129,8.282320989203129,8.245013236999512,8.245013236999512,11100,0.0,0.0
2000-06-21 00:00:00-04:00,8.095784209392688,8.133091970726296,7.834629880057441,8.058476448059082,13200,0.0,0.0
2000-06-22 00:00:00-04:00,8.095784276863778,8.095784276863778,7.871937706996577,7.9465532302856445,6600,0.0,0.0
2000-06-23 00:00:00-04:00,7.946551309567746,7.983859062194824,7.83462805168651,7.983859062194824,11000,0.0,0.0
2000-06-26 00:00:00-04:00,8.058475476805516,8.095783233642578,8.058475476805516,8.095783233642578,44400,0.0,0.0
2000-06-27 00:00:00-04:00,8.095783233642578,8.13309099047964,8.058475476805516,8.095783233642578,15600,0.0,0.0
2000-06-28 00:00:00-04:00,8.095783233642578,8.095783233642578,8.058475476805516,8.095783233642578,14700,0.0,0.0
2000-06-29 00:00:00-04:00,8.133092653383768,8.468862533569336,8.133092653383768,8.468862533569336,16200,0.0,0.0
2000-06-30 00:00:00-04:00,8.431556472450879,8.692710876464844,7.834632120418958,8.692710876464844,116800,0.0,0.0
2000-07-03 00:00:00-04:00,8.69270803599522,8.69270803599522,8.655400276184082,8.655400276184082,1300,0.0,0.0
2000-07-05 00:00:00-04:00,8.580784969501668,8.580784969501668,8.282322883605957,8.282322883605957,6600,0.0,0.0
2000-07-06 00:00:00-04:00,8.282323811620875,8.356939341455297,8.245016046703663,8.319631576538086,5100,0.0,0.0
2000-07-07 00:00:00-04:00,8.282322971099013,8.31963073223009,8.133091926574707,8.133091926574707,11200,0.0,0.0
2000-07-10 00:00:00-04:00,8.282326621668679,8.394249954393931,8.282326621668679,8.356942176818848,4100,0.0,0.0
2000-07-11 00:00:00-04:00,8.431553757709006,8.655400317648182,8.431553757709006,8.580784797668457,9500,0.0,0.0
2000-07-12 00:00:00-04:00,8.580785930958564,8.580785930958564,8.319631576538086,8.319631576538086,13000,0.0,0.0
2000-07-13 00:00:00-04:00,8.319631475709084,8.468862533569336,8.319631475709084,8.468862533569336,2600,0.0,0.0
2000-07-14 00:00:00-04:00,8.50616927768873,8.580784797668457,8.50616927768873,8.580784797668457,5200,0.0,0.0
2000-07-17 00:00:00-04:00,8.543477143181695,8.543477143181695,8.394246101379395,8.394246101379395,5800,0.0,0.0
2000-07-18 00:00:00-04:00,8.394246101379395,8.394246101379395,8.394246101379395,8.394246101379395,2500,0.0,0.0
2000-07-19 00:00:00-04:00,8.356942176818848,8.356942176818848,8.356942176818848,8.356942176818848,10800,0.0,0.0
2000-07-20 00:00:00-04:00,8.356939956989695,8.804633168971286,8.356939956989695,8.767325401306152,69300,0.0,0.0
2000-07-21 00:00:00-04:00,8.767320641085632,8.767320641085632,8.730012893676758,8.730012893676758,18100,0.0,0.0
2000-07-24 00:00:00-04:00,8.730012893676758,8.767320641085632,8.506166409223507,8.730012893676758,9500,0.0,0.0
2000-07-25 00:00:00-04:00,8.692709865975887,8.767325401306152,8.655402098310756,8.767325401306152,12200,0.0,0.0
2000-07-26 00:00:00-04:00,8.730016635943063,8.916555452950394,8.692708872541598,8.841939926147461,68400,0.0,0.0
2000-07-27 00:00:00-04:00,8.767324423385878,8.804632186889648,8.730016659882109,8.804632186889648,6800,0.0,0.0
2000-07-28 00:00:00-04:00,8.879242877410762,9.065781593322754,8.879242877410762,9.065781593322754,11600,0.0,0.0
2000-07-31 00:00:00-04:00,9.140400028627786,9.140400028627786,8.879245742095565,8.916553497314453,3900,0.0,0.0
2000-08-01 00:00:00-04:00,8.879247617721559,9.10309419631958,8.879247617721559,8.953863143920898,25500,0.0,0.0
2000-08-02 00:00:00-04:00,8.953863143920898,8.953863143920898,8.916555380821228,8.953863143920898,5300,0.0,0.0
2000-08-03 00:00:00-04:00,8.87924575805664,8.87924575805664,8.804630247484736,8.87924575805664,14000,0.0,0.0
2000-08-04 00:00:00-04:00,8.804628388494509,8.804628388494509,8.730012893676758,8.730012893676758,900,0.0,0.0
2000-08-07 00:00:00-04:00,8.804630247484736,8.87924575805664,8.804630247484736,8.87924575805664,400,0.0,0.0
2000-08-08 00:00:00-04:00,8.953860168457032,9.326937675476074,8.953860168457032,9.326937675476074,6100,0.0,0.0
2000-08-09 00:00:00-04:00,9.326937698548841,9.326937698548841,9.10309119378367,9.25232219696045,29200,0.0,0.0
2000-08-10 00:00:00-04:00,9.177707783846676,9.177707783846676,8.916553497314453,8.916553497314453,12200,0.0,0.0
2000-08-11 00:00:00-04:00,8.991167919158936,9.326937675476074,8.953860168457032,9.326937675476074,5200,0.0,0.0
2000-08-14 00:00:00-04:00,9.326937675476074,9.476168678283692,9.177706672668458,9.326937675476074,118400,0.0,0.0
2000-08-15 00:00:00-04:00,9.326937698548841,9.326937698548841,9.25232219696045,9.25232219696045,2100,0.0,0.0
2000-08-16 00:00:00-04:00,9.326937675476074,9.513476428985596,9.326937675476074,9.326937675476074,3100,0.0,0.0
2000-08-17 00:00:00-04:00,9.40155495044797,9.625401496887207,9.40155495044797,9.625401496887207,3300,0.0,0.0
2000-08-18 00:00:00-04:00,9.849246866562787,10.147708892822266,9.849246866562787,10.147708892822266,4300,0.0,0.0
2000-08-21 00:00:00-04:00,9.998479821868104,10.035787582397461,9.998479821868104,10.035787582397461,9400,0.0,0.0
2000-08-22 00:00:00-04:00,10.073096153952857,10.296942735151811,10.035788390419699,10.259634971618652,19900,0.0,0.0
2000-08-23 00:00:00-04:00,10.296942735151811,10.371558262218128,10.147711681019175,10.259634971618652,5100,0.0,0.0
2000-08-24 00:00:00-04:00,10.25963021722032,10.334245709709196,10.185014724731445,10.185014724731445,4100,0.0,0.0
2000-08-25 00:00:00-04:00,10.147708892822266,10.147708892822266,10.147708892822266,10.147708892822266,4000,0.0,0.0
2000-08-28 00:00:00-04:00,10.147707981849784,10.147707981849784,9.9984769821167,9.9984769821167,1200,0.0,0.0
2000-08-29 00:00:00-04:00,10.073092481983242,10.073092481983242,9.9984769821167,9.9984769821167,1100,0.0,0.0
2000-08-30 00:00:00-04:00,10.110400231916513,10.110400231916513,9.923861482250157,9.9984769821167,16500,0.0,0.0
2000-08-31 00:00:00-04:00,10.073095321655273,10.25963412390815,10.073095321655273,10.073095321655273,6100,0.0,0.0
2000-09-01 00:00:00-04:00,10.14770791826457,10.296938917062578,10.14770791826457,10.222323417663574,13100,0.0,0.0
2000-09-05 00:00:00-04:00,10.073096401286575,10.110404165735785,9.886557579040527,9.886557579040527,10400,0.0,0.0
2000-09-06 00:00:00-04:00,9.886555839329958,9.886555839329958,9.550786018371582,9.550786018371582,6500,0.0,0.0
2000-09-07 00:00:00-04:00,9.588094602104363,9.84924892978814,9.588094602104363,9.774633407592773,2400,0.0,0.0
2000-09-08 00:00:00-04:00,9.84924892978814,9.84924892978814,9.774633407592773,9.774633407592773,7200,0.0,0.0
2000-09-11 00:00:00-04:00,9.849246103012144,9.849246103012144,9.588091850280762,9.588091850280762,3500,0.0,0.0
2000-09-12 00:00:00-04:00,9.550786018371582,9.550786018371582,9.550786018371582,9.550786018371582,400,0.0,0.0
2000-09-13 00:00:00-04:00,9.550786798650568,9.849248886108398,9.550786798650568,9.849248886108398,3100,0.0,0.0
2000-09-14 00:00:00-04:00,9.923863927523296,10.744634628295898,9.774632891019186,10.744634628295898,28000,0.0,0.0
2000-09-15 00:00:00-04:00,10.781941413879395,11.04309570418097,10.744633658122027,10.781941413879395,20600,0.0,0.0
2000-09-18 00:00:00-04:00,10.85655790567398,10.893865664800009,10.744634628295898,10.744634628295898,5500,0.0,0.0
2000-09-19 00:00:00-04:00,10.670022010803223,10.707329780071765,10.670022010803223,10.670022010803223,600,0.0,0.0
2000-09-20 00:00:00-04:00,10.670016360539261,10.670016360539261,10.408862113952637,10.408862113952637,9100,0.0,0.0
2000-09-21 00:00:00-04:00,10.37155908857073,10.520790154593332,10.29694355555943,10.446174621582031,11000,0.0,0.0
2000-09-22 00:00:00-04:00,10.073091485998132,10.25963021722032,10.073091485998132,10.185014724731445,52300,0.0,0.0
2000-09-25 00:00:00-04:00,10.14770791826457,10.296938917062578,10.14770791826457,10.222323417663574,56700,0.0,0.0
2000-09-26 00:00:00-04:00,10.1850166461047,10.296939905952003,10.147708892822266,10.147708892822266,17700,0.0,0.0
2000-09-27 00:00:00-04:00,10.296941596017756,10.595403671264648,10.296941596017756,10.595403671264648,4500,0.0,0.0
2000-09-28 00:00:00-04:00,10.59540359179179,10.744634628295898,10.558095832665762,10.744634628295898,27300,0.0,0.0
2000-09-29 00:00:00-04:00,10.744633776076297,10.968480313077885,10.520787239074707,10.520787239074707,92000,0.0,0.0
2000-10-02 00:00:00-04:00,10.446174621582031,10.446174621582031,10.446174621582031,10.446174621582031,4300,0.0,0.0
2000-10-03 00:00:00-04:00,10.59540359179179,10.819250146547954,10.59540359179179,10.744634628295898,14600,0.0,0.0
2000-10-04 00:00:00-04:00,10.744636354608051,11.005790710449219,10.744636354608051,11.005790710449219,30300,0.0,0.0
2000-10-05 00:00:00-04:00,10.931170453830642,10.968478202819824,10.819247206863093,10.968478202819824,5600,0.0,0.0
2000-10-06 00:00:00-04:00,10.96848184067682,11.26694393157959,10.893866317951126,11.26694393157959,38100,0.0,0.0
2000-10-09 00:00:00-04:00,11.34155932339755,11.714636932719838,11.34155932339755,11.490790367126465,9200,0.0,0.0
2000-10-10 00:00:00-04:00,11.4161797322725,11.4161797322725,11.341564178466797,11.341564178466797,3000,0.0,0.0
2000-10-11 00:00:00-04:00,11.266940194733289,11.266940194733289,10.893862704841458,10.968478202819824,8900,0.0,0.0
2000-10-12 00:00:00-04:00,10.968483023447533,10.968483023447533,10.893867492675781,10.893867492675781,4300,0.0,0.0
2000-10-13 00:00:00-04:00,10.781944196518154,10.893867492675781,10.744636431132278,10.893867492675781,9500,0.0,0.0
2000-10-16 00:00:00-04:00,10.744632694639009,10.968479209110654,10.744632694639009,10.81924819946289,2200,0.0,0.0
2000-10-17 00:00:00-04:00,10.744634708888094,10.744634708888094,10.595403671264648,10.595403671264648,2000,0.0,0.0
2000-10-18 00:00:00-04:00,10.595403671264648,10.595403671264648,10.595403671264648,10.595403671264648,200,0.0,0.0
2000-10-19 00:00:00-04:00,10.744633307823767,11.640019416809082,10.744633307823767,11.640019416809082,24300,0.0,0.0
2000-10-20 00:00:00-04:00,11.751943395181668,12.162328720092773,11.751943395181668,12.162328720092773,30600,0.0,0.0
2000-10-23 00:00:00-04:00,12.23694693075644,12.460793520953205,12.23694693075644,12.42348575592041,9700,0.0,0.0
2000-10-24 00:00:00-04:00,12.34886264513774,12.386170387268065,12.162323934486112,12.386170387268066,9400,0.0,0.0
2000-10-25 00:00:00-04:00,12.535404274680399,12.6100197763154,12.31155776977539,12.31155776977539,9300,0.0,0.0
2000-10-26 00:00:00-04:00,12.236944233712975,12.236944233712975,11.863866665611969,12.162328720092773,6500,0.0,0.0
2000-10-27 00:00:00-04:00,12.087714463137509,13.281562805175781,12.087714463137509,13.281562805175781,12200,0.0,0.0
2000-10-30 00:00:00-05:00,13.132332801818848,13.132332801818848,12.908486219969662,13.132332801818848,2700,0.0,0.0
2000-10-31 00:00:00-05:00,13.057716369628906,13.132331891741073,12.759254281180246,13.057716369628906,33100,0.0,0.0
2000-11-01 00:00:00-05:00,13.057717298850035,13.095025062561035,13.057717298850035,13.095025062561035,1100,0.0,0.0
2000-11-02 00:00:00-05:00,13.095023193468679,13.095023193468679,13.020407676696777,13.020407676696777,7900,0.0,0.0
2000-11-03 00:00:00-05:00,12.871176898479462,12.871176898479462,12.535407066345215,12.535407066345215,3200,0.0,0.0
2000-11-06 00:00:00-05:00,12.38617334248107,12.38617334248107,12.087711334228516,12.087711334228516,1500,0.0,0.0
2000-11-07 00:00:00-05:00,12.087711334228516,12.311557840417931,12.087711334228516,12.087711334228516,7000,0.0,0.0
2000-11-08 00:00:00-05:00,11.863863963115064,11.863863963115064,11.7892484664917,11.7892484664917,25400,0.0,0.0
2000-11-09 00:00:00-05:00,11.640019416809082,11.640019416809082,11.640019416809082,11.640019416809082,1200,0.0,0.0
2000-11-10 00:00:00-05:00,11.528103062981055,11.528103062981055,11.341564178466797,11.341564178466797,1300,0.0,0.0
2000-11-13 00:00:00-05:00,11.341564178466797,11.341564178466797,11.341564178466797,11.341564178466797,63200,0.0,0.0
2000-11-14 00:00:00-05:00,11.341559454305283,11.416174977030975,11.26694393157959,11.26694393157959,12700,0.0,0.0
2000-11-15 00:00:00-05:00,11.490788429014144,11.565403938293457,11.453480674374488,11.565403938293457,52300,0.0,0.0
2000-11-16 00:00:00-05:00,11.640019416809082,11.714634925891191,11.640019416809082,11.640019416809082,1400,0.0,0.0
2000-11-17 00:00:00-05:00,11.640019416809082,11.789250434973301,11.640019416809082,11.640019416809082,26400,0.0,0.0
2000-11-20 00:00:00-05:00,11.565399169921875,11.565399169921875,11.416168212890625,11.416168212890625,1200,0.0,0.0
2000-11-21 00:00:00-05:00,11.453487509175352,11.453487509175352,11.266948624661095,11.341564178466797,64400,0.0,0.0
2000-11-22 00:00:00-05:00,11.304251692942437,11.304251692942437,11.26694393157959,11.26694393157959,2800,0.0,0.0
2000-11-24 00:00:00-05:00,11.26694393157959,11.26694393157959,11.26694393157959,11.26694393157959,0,0.0,0.0
2000-11-27 00:00:00-05:00,11.34155932339755,11.565405888990922,11.34155932339755,11.490790367126465,15800,0.0,0.0
2000-11-28 00:00:00-05:00,11.490787445165859,11.789249456728609,11.490787445165859,11.677326202392578,12100,0.0,0.0
2000-11-29 00:00:00-05:00,11.64001652570177,12.013093978448621,11.64001652570177,11.826555252075195,24700,0.0,0.0
2000-11-30 00:00:00-05:00,11.78924560546875,11.9384765625,11.78924560546875,11.9384765625,5600,0.0,0.0
2000-12-01 00:00:00-05:00,12.087713956832886,12.647330343723297,12.087713956832886,12.535407066345215,16100,0.0,0.0
2000-12-04 00:00:00-05:00,12.535406062033324,12.68463708658134,12.535406062033324,12.647329330444336,1400,0.0,0.0
2000-12-05 00:00:00-05:00,12.68463399099267,13.72925090789795,12.610018496928008,13.72925090789795,31800,0.0,0.0
2000-12-06 00:00:00-05:00,13.580018986769714,14.027711920399485,13.430788008893124,13.654634475708008,31600,0.0,0.0
2000-12-07 00:00:00-05:00,13.505407397307499,13.505407397307499,13.356176376342775,13.356176376342773,1800,0.0,0.0
2000-12-08 00:00:00-05:00,13.356176376342775,13.356176376342775,13.356176376342775,13.356176376342773,2900,0.0,0.0
2000-12-11 00:00:00-05:00,13.356176376342775,13.654638418272222,13.281560865860413,13.356176376342773,6600,0.0,0.0
2000-12-12 00:00:00-05:00,13.206949398435397,13.206949398435397,12.983102798461914,12.983102798461914,39500,0.0,0.0
2000-12-13 00:00:00-05:00,13.132331891741073,13.206947413853237,13.057716369628906,13.057716369628906,21900,0.0,0.0
2000-12-14 00:00:00-05:00,13.057716369628906,13.057716369628906,13.057716369628906,13.057716369628906,2000,0.0,0.0
2000-12-15 00:00:00-05:00,13.132332801818848,13.132332801818848,13.095025038177317,13.132332801818848,33300,0.0,0.0
2000-12-18 00:00:00-05:00,13.244247436523438,13.729248046875,13.244247436523438,13.505401611328125,6300,0.0,0.0
2000-12-19 00:00:00-05:00,13.505401611328125,13.505401611328125,13.505401611328125,13.505401611328125,1200,0.0,0.0
2000-12-20 00:00:00-05:00,13.505410438234156,13.505410438234156,13.132332801818848,13.132332801818848,32400,0.0,0.0
2000-12-21 00:00:00-05:00,13.057714334413326,13.430791886825137,13.057714334413326,13.356176376342773,42400,0.0,0.0
2000-12-22 00:00:00-05:00,13.356178326553172,13.356178326553172,13.281562805175781,13.281562805175781,4400,0.0,0.0
2000-12-26 00:00:00-05:00,13.244253110619232,13.356176376342775,13.13232984489569,13.356176376342773,9500,0.0,0.0
2000-12-27 00:00:00-05:00,13.430789874749873,13.691944122314453,13.356174375445706,13.691944122314453,17800,0.0,0.0
2000-12-28 00:00:00-05:00,13.729252751327392,13.953099263577295,13.729252751327392,13.915791511535645,25200,0.0,0.0
2000-12-29 00:00:00-05:00,13.953102111816408,14.065025390788197,13.878486592501881,13.953102111816406,33000,0.0,0.0
2001-01-02 00:00:00-05:00,14.102336173613669,15.072338132645296,14.102336173613669,15.035030364990234,40200,0.0,0.0
2001-01-03 00:00:00-05:00,15.184247887440216,15.184247887440216,14.475400934463892,14.550016403198242,26500,0.0,0.0
2001-01-04 00:00:00-05:00,14.550019274103827,14.62463475756077,14.326172823733,14.400788307189941,9400,0.0,0.0
2001-01-05 00:00:00-05:00,14.475400934463892,14.624631871932593,14.363477731362368,14.550016403198242,29000,0.0,0.0
2001-01-08 00:00:00-05:00,14.699254960724803,14.885793729261918,14.699254960724803,14.773870468139648,19000,0.0,0.0
2001-01-09 00:00:00-05:00,14.624639453309955,14.773870468139648,14.363485177357992,14.773870468139648,27100,0.0,0.0
2001-01-10 00:00:00-05:00,14.885796440709933,15.221566285237227,14.811180919703869,15.072335243225098,7800,0.0,0.0
2001-01-11 00:00:00-05:00,15.221559456899655,15.78117561340332,15.221559456899655,15.78117561340332,25600,0.0,0.0
2001-01-12 00:00:00-05:00,15.93041138604002,16.340796691066814,15.445410571008358,15.818488121032715,25200,0.0,0.0
2001-01-16 00:00:00-05:00,16.191568159842276,16.676569049422806,16.11695263836835,16.564645767211914,31100,0.0,0.0
2001-01-17 00:00:00-05:00,16.676572799682617,16.86311164531665,16.5646494923022,16.676572799682617,39500,0.0,0.0
2001-01-18 00:00:00-05:00,16.67656480367459,16.67656480367459,14.773869490503664,14.848484992980957,71800,0.0,0.0
2001-01-19 00:00:00-05:00,14.773874898110666,14.773874898110666,13.02040994808238,13.878488540649414,69700,0.0,0.0
2001-01-22 00:00:00-05:00,13.87847993019044,14.288865089416502,13.87847993019044,14.288865089416504,9200,0.0,0.0
2001-01-23 00:00:00-05:00,14.139634122425207,14.288865089416502,13.803864446694794,14.288865089416504,25400,0.0,0.0
2001-01-24 00:00:00-05:00,14.176948628527054,14.176948628527054,13.87848655213701,14.027717590332031,9900,0.0,0.0
2001-01-25 00:00:00-05:00,13.953099886576334,14.773870468139648,13.841176625454064,14.773870468139648,13500,0.0,0.0
2001-01-26 00:00:00-05:00,14.848486736708997,15.29617980414746,14.848486736708997,15.221564292907715,47800,0.0,0.0
2001-01-29 00:00:00-05:00,15.1917179748582,15.400640487670897,15.16187108835474,15.400640487670898,14600,0.0,0.0
2001-01-30 00:00:00-05:00,15.370794800037446,15.520025817513538,15.221563782561354,15.251409530639648,32300,0.0,0.0
2001-01-31 00:00:00-05:00,15.25140953063965,15.25140953063965,15.072332765085264,15.251409530639648,11300,0.0,0.0
2001-02-01 00:00:00-05:00,15.251410041986675,15.251410041986675,15.221564292907717,15.221564292907715,6500,0.0,0.0
2001-02-02 00:00:00-05:00,15.251407884971536,15.520024142861006,15.251407884971536,15.281254768371582,10100,0.0,0.0
2001-02-05 00:00:00-05:00,15.370802462847442,15.609571982134556,15.221571370975138,15.579726219177246,26300,0.0,0.0
2001-02-06 00:00:00-05:00,15.609572108392474,16.116958052570872,14.923109307935995,15.191725730895996,30900,0.0,0.0
2001-02-07 00:00:00-05:00,15.221569265459152,15.788647791550208,15.221569265459152,15.549877166748047,17800,0.0,0.0
2001-02-08 00:00:00-05:00,15.520026143391929,15.669257164001467,15.460333507439646,15.669257164001465,7400,0.0,0.0
2001-02-09 00:00:00-05:00,15.728954609502455,17.01234155146591,15.728954609502455,16.1826171875,54700,0.0,0.0
2001-02-12 00:00:00-05:00,16.18858097093217,16.266180597595117,15.81848755362461,15.997564315795898,16400,0.0,0.0
2001-02-13 00:00:00-05:00,16.057251401632552,16.105005264282227,16.02143628928077,16.105005264282227,2300,0.0,0.0
2001-02-14 00:00:00-05:00,16.116947627959956,16.116947627959956,16.015470504760742,16.015470504760742,4100,0.0,0.0
2001-02-15 00:00:00-05:00,15.997565819060654,16.057258458241062,15.949811935424805,15.949811935424805,2700,0.0,0.0
2001-02-16 00:00:00-05:00,15.639409907216859,15.908025035286563,15.639409907216859,15.848332405090332,9400,0.0,0.0
2001-02-20 00:00:00-05:00,15.818482913869525,15.818482913869525,15.579713588161017,15.639406204223633,5900,0.0,0.0
2001-02-21 00:00:00-05:00,15.699110890203496,15.788650458902582,15.66329574584961,15.66329574584961,4100,0.0,0.0
2001-02-22 00:00:00-05:00,15.639418337058709,15.639418337058709,15.370801925659181,15.37080192565918,7400,0.0,0.0
2001-02-23 00:00:00-05:00,15.340949935997802,15.400641435594178,15.197687149047852,15.197687149047852,7000,0.0,0.0
2001-02-26 00:00:00-05:00,15.340948991748586,15.48421063133828,15.251409470780512,15.400640487670898,4700,0.0,0.0
2001-02-27 00:00:00-05:00,15.394668635316677,15.394668635316677,15.072329167995992,15.227529525756836,7100,0.0,0.0
2001-02-28 00:00:00-05:00,15.281257125702012,15.514057159423828,15.281257125702012,15.514057159423828,4300,0.0,0.0
2001-03-01 00:00:00-05:00,15.460337895130053,15.460337895130053,14.92310629617624,14.958921432495117,12000,0.0,0.0
2001-03-02 00:00:00-05:00,15.161875222658903,15.161875222658903,14.89326000213623,14.89326000213623,4400,0.0,0.0
2001-03-05 00:00:00-05:00,14.624635736147564,14.624635736147564,14.278419915282484,14.326173782348633,15500,0.0,0.0
2001-03-06 00:00:00-05:00,14.296328811378505,14.296328811378505,13.991897465503333,14.08740520477295,8900,0.0,0.0
2001-03-07 00:00:00-05:00,14.027710600589348,14.027710600589348,13.717309922560293,13.735218048095703,23200,0.0,0.0
2001-03-08 00:00:00-05:00,13.73522073573972,13.73522073573972,13.627774238586426,13.627774238586426,3300,0.0,0.0
2001-03-09 00:00:00-05:00,13.699405165688917,13.72925090789795,13.633743166578547,13.72925090789795,15300,0.0,0.0
2001-03-12 00:00:00-05:00,13.639715135239621,13.991900425248318,13.597930632788131,13.788946151733398,7100,0.0,0.0
2001-03-13 00:00:00-05:00,13.75909665010698,13.75909665010698,13.66358890878758,13.72925090789795,22500,0.0,0.0
2001-03-14 00:00:00-05:00,13.848636153818243,13.908327638236306,13.72925090789795,13.72925090789795,27100,0.0,0.0
2001-03-15 00:00:00-05:00,13.848634735664882,13.848634735664882,13.699403762817381,13.699403762817383,10900,0.0,0.0
2001-03-16 00:00:00-05:00,13.699403762817381,13.729249501970095,13.639711145969988,13.699403762817383,7800,0.0,0.0
2001-03-19 00:00:00-05:00,13.669562673538412,13.72328593759614,13.550178527832031,13.550178527832031,11300,0.0,0.0
2001-03-20 00:00:00-05:00,13.550178527832031,13.669562673538412,13.400947491792218,13.550178527832031,11100,0.0,0.0
2001-03-21 00:00:00-05:00,13.400945154598352,13.430790901184082,13.311405637756657,13.430790901184082,39600,0.0,0.0
2001-03-22 00:00:00-05:00,13.400947491792218,13.550178527832031,13.2755928294767,13.550178527832031,61400,0.0,0.0
2001-03-23 00:00:00-05:00,13.520330616144419,13.609869003295898,13.520330616144419,13.609869003295898,47700,0.0,0.0
2001-03-26 00:00:00-05:00,13.591958963558158,13.878482193661053,13.591958963558158,13.872512817382812,55200,0.0,0.0
2001-03-27 00:00:00-05:00,13.848638786039368,13.848638786039368,13.759099265309262,13.788946151733398,3800,0.0,0.0
2001-03-28 00:00:00-05:00,13.87848659510013,13.96802499058583,13.87848659510013,13.896394729614258,53600,0.0,0.0
2001-03-29 00:00:00-05:00,13.985931307886347,14.266485214233398,13.96802317569905,14.266485214233398,44900,0.0,0.0
2001-03-30 00:00:00-05:00,14.296329985831644,14.326175729851974,14.176944732666016,14.176944732666016,3800,0.0,0.0
2001-04-02 00:00:00-04:00,14.296329985831644,14.445560983017602,14.176944732666016,14.176944732666016,9900,0.0,0.0
2001-04-03 00:00:00-04:00,14.147102281072087,14.415717455395784,14.147102281072087,14.296333312988281,7500,0.0,0.0
2001-04-04 00:00:00-04:00,14.415715370866181,14.744024276733398,14.415715370866181,14.744024276733398,27900,0.0,0.0
2001-04-05 00:00:00-04:00,14.833565803714189,15.161873640723876,14.803718912186264,15.072335243225098,48400,0.0,0.0
2001-04-06 00:00:00-04:00,15.042488027117809,15.221564804697294,15.012641138492972,15.102179527282715,16400,0.0,0.0
2001-04-09 00:00:00-04:00,15.221563649741622,15.460333047911462,15.01263999938965,15.012639999389648,11900,0.0,0.0
2001-04-10 00:00:00-04:00,14.9231006205266,15.340947893318233,14.9231006205266,15.161870002746582,13400,0.0,0.0
2001-04-11 00:00:00-04:00,15.191721226954954,15.191721226954954,15.10218168681912,15.132028579711914,1800,0.0,0.0
2001-04-12 00:00:00-04:00,15.191721226954954,15.191721226954954,15.132028579711914,15.132028579711914,500,0.0,0.0
2001-04-16 00:00:00-04:00,15.191718419122447,15.191718419122447,14.982794761657715,14.982794761657715,5000,0.0,0.0
2001-04-17 00:00:00-04:00,15.018605797682499,15.221560022397831,14.755958953014062,14.952943801879883,19300,0.0,0.0
2001-04-18 00:00:00-04:00,14.952952442764042,14.952952442764042,14.56495189666748,14.56495189666748,28600,0.0,0.0
2001-04-19 00:00:00-04:00,14.624639453309955,14.773870468139648,14.624639453309955,14.773870468139648,2400,0.0,0.0
2001-04-20 00:00:00-04:00,14.714178204521586,14.839532852172852,14.56494718593913,14.839532852172852,22600,0.0,0.0
2001-04-23 00:00:00-04:00,14.77983389411635,14.83355712890625,14.77983389411635,14.83355712890625,2100,0.0,0.0
2001-04-24 00:00:00-04:00,14.803715212307724,15.012638846617119,14.773869466781616,14.923100471496582,4000,0.0,0.0
2001-04-25 00:00:00-04:00,14.863406886944178,15.072330507830454,14.714175891817144,15.054422378540039,9400,0.0,0.0
2001-04-26 00:00:00-04:00,15.102179527282715,15.221564804697294,15.072333777200262,15.102179527282715,7100,0.0,0.0
2001-04-27 00:00:00-04:00,15.251412542191108,16.206491470336914,15.251412542191108,16.206491470336914,17800,0.0,0.0
2001-04-30 00:00:00-04:00,16.206489890981853,16.355720923382314,16.206489890981853,16.29006004333496,10400,0.0,0.0
2001-05-01 00:00:00-04:00,16.17664130033556,16.236333930526026,16.057256039954634,16.069194793701172,6600,0.0,0.0
2001-05-02 00:00:00-04:00,16.057259229118877,16.116951871165014,15.99756658707274,16.063228607177734,12900,0.0,0.0
2001-05-03 00:00:00-04:00,16.05725860595703,16.05725860595703,16.00950472188188,16.05725860595703,2400,0.0,0.0
2001-05-04 00:00:00-04:00,16.05726007522392,16.063229453597323,16.027414321899414,16.027414321899414,7700,0.0,0.0
2001-05-07 00:00:00-04:00,16.05725860595703,16.05725860595703,16.00950472188188,16.05725860595703,11100,0.0,0.0
2001-05-08 00:00:00-04:00,16.057256485355555,16.6541805267334,16.057256485355555,16.6541805267334,89700,0.0,0.0
2001-05-09 00:00:00-04:00,16.654182547517557,17.006367865747304,16.654182547517557,16.89295196533203,89400,0.0,0.0
2001-05-10 00:00:00-04:00,16.952647894978565,17.012340545654297,16.863109488236276,17.012340545654297,32800,0.0,0.0
2001-05-11 00:00:00-04:00,17.01233691752884,17.1615679431212,16.922798529881902,17.10187530517578,70400,0.0,0.0
2001-05-14 00:00:00-04:00,17.25110265316941,17.340641021728516,17.25110265316941,17.340641021728516,30700,0.0,0.0
2001-05-15 00:00:00-04:00,17.460036762052702,17.633145365339416,17.370498339699456,17.54360580444336,77500,0.0,0.0
2001-05-16 00:00:00-04:00,17.519721386286836,18.47480010986328,17.519721386286836,18.47480010986328,29600,0.0,0.0
2001-05-17 00:00:00-04:00,18.468837776758885,18.468837776758885,17.907728627634377,17.93757438659668,43600,0.0,0.0
2001-05-18 00:00:00-04:00,17.9375741138495,17.99726676940918,17.92563649357173,17.99726676940918,17500,0.0,0.0
2001-05-21 00:00:00-04:00,17.937566365827326,18.4449520111084,17.937566365827326,18.4449520111084,14600,0.0,0.0
2001-05-22 00:00:00-04:00,18.385264552503138,18.970251122592924,18.385264552503138,18.952342987060547,21800,0.0,0.0
2001-05-23 00:00:00-04:00,18.8090858895183,18.856839790667525,18.59419276507538,18.79117774963379,18300,0.0,0.0
2001-05-24 00:00:00-04:00,18.83294963915066,19.191105365361196,18.83294963915066,19.071720123291016,32700,0.0,0.0
2001-05-25 00:00:00-04:00,19.04785072676883,19.34034458048029,18.970251083374023,18.970251083374023,24200,0.0,0.0
2001-05-29 00:00:00-04:00,19.01202650151083,19.131410598754883,19.00605712586733,19.131410598754883,15900,0.0,0.0
2001-05-30 00:00:00-04:00,19.101572036743164,19.101572036743164,18.922495254315663,19.101572036743164,24600,0.0,0.0
2001-05-31 00:00:00-04:00,19.101571962814923,19.334372006778157,19.05381807844958,19.250802993774414,42800,0.0,0.0
2001-06-01 00:00:00-04:00,19.191111052277428,19.250802552458897,19.191111052277428,19.220956802368164,11700,0.0,0.0
2001-06-04 00:00:00-04:00,19.226927567301793,19.226927567301793,18.952342987060547,18.952342987060547,7000,0.0,0.0
2001-06-05 00:00:00-04:00,18.803106400274462,18.803106400274462,18.474798648702425,18.5046443939209,28600,0.0,0.0
2001-06-06 00:00:00-04:00,18.504645792094244,18.504645792094244,18.200214385986328,18.200214385986328,36500,0.0,0.0
2001-06-07 00:00:00-04:00,18.26587809621828,18.64790916442871,18.236031207425345,18.64790916442871,28800,0.0,0.0
2001-06-08 00:00:00-04:00,18.528522053040856,18.7434139251709,18.528522053040856,18.7434139251709,6500,0.0,0.0
2001-06-11 00:00:00-04:00,18.90459066849449,18.96428332002036,18.5464358978819,18.77326774597168,11900,0.0,0.0
2001-06-12 00:00:00-04:00,18.75535627612331,18.779232649365248,18.647909750178524,18.67178726196289,7100,0.0,0.0
2001-06-13 00:00:00-04:00,18.594193598999645,18.612101739687315,18.51659393310547,18.51659393310547,5900,0.0,0.0
2001-06-14 00:00:00-04:00,18.516588298721025,18.528527055546643,18.301695230029924,18.36735725402832,13500,0.0,0.0
2001-06-15 00:00:00-04:00,18.36735725402832,18.415111142788284,18.301695230029924,18.36735725402832,14200,0.0,0.0
2001-06-18 00:00:00-04:00,18.361382779690924,18.44495177719192,18.361382779690924,18.373321533203125,7700,0.0,0.0
2001-06-19 00:00:00-04:00,18.36138691332246,18.60015634460873,18.36138691332246,18.570310592651367,13900,0.0,0.0
2001-06-20 00:00:00-04:00,18.50464674366745,18.743416151361142,18.474800994659116,18.53449249267578,24600,0.0,0.0
2001-06-21 00:00:00-04:00,18.504647804155862,18.862802505493164,18.498678426303623,18.862802505493164,17800,0.0,0.0
2001-06-22 00:00:00-04:00,18.8031135024633,18.86280615398917,18.74939022994428,18.77326774597168,20300,0.0,0.0
2001-06-25 00:00:00-04:00,18.83295214549294,18.892644774472092,18.5046443939209,18.5046443939209,14000,0.0,0.0
2001-06-26 00:00:00-04:00,18.504645375529414,18.504645375529414,18.1524600982666,18.1524600982666,16300,0.0,0.0
2001-06-27 00:00:00-04:00,18.00323702401461,18.00323702401461,16.952650106137074,17.19141960144043,43000,0.0,0.0
2001-06-28 00:00:00-04:00,17.19140856214374,17.58537826104614,16.839223355770073,16.976516723632812,27900,0.0,0.0
2001-06-29 00:00:00-04:00,16.970558762760678,19.191117983155436,16.94071186334834,19.08963966369629,228200,0.0,0.0
2001-07-02 00:00:00-04:00,18.940410214755822,18.940410214755822,18.206193504071432,18.415117263793945,41300,0.0,0.0
2001-07-03 00:00:00-04:00,18.421077419717445,18.421077419717445,17.794306454409515,18.20618438720703,15200,0.0,0.0
2001-07-05 00:00:00-04:00,18.20618642069979,18.767295435736198,18.20618642069979,18.719541549682617,16000,0.0,0.0
2001-07-06 00:00:00-04:00,18.65983839519517,18.65983839519517,18.32556138113981,18.33152961730957,4800,0.0,0.0
2001-07-09 00:00:00-04:00,18.295720475979692,18.77326036181138,18.23602784793296,18.71356773376465,8400,0.0,0.0
2001-07-10 00:00:00-04:00,18.7135717690431,18.7135717690431,18.624033376936588,18.67178726196289,14900,0.0,0.0
2001-07-11 00:00:00-04:00,18.743417189609573,19.095602512419642,18.65387879908246,18.994125366210938,21300,0.0,0.0
2001-07-12 00:00:00-04:00,19.10157368201336,19.57911256864669,19.10157368201336,19.549266815185547,18400,0.0,0.0
2001-07-13 00:00:00-04:00,19.55523108089346,19.55523108089346,19.435848091310742,19.441816329956055,5800,0.0,0.0
2001-07-16 00:00:00-04:00,19.447796621706445,19.459733104997298,19.370195817801648,19.400041580200195,11700,0.0,0.0
2001-07-17 00:00:00-04:00,19.429882091116678,19.686559677124023,19.42391385108434,19.686559677124023,6200,0.0,0.0
2001-07-18 00:00:00-04:00,19.626861283217394,20.05664500441249,19.626861283217394,19.96710777282715,14100,0.0,0.0
2001-07-19 00:00:00-04:00,19.99695090932857,20.3133198517645,19.99695090932857,20.27750587463379,16500,0.0,0.0
2001-07-20 00:00:00-04:00,20.217821916212035,20.414807994236583,20.18200792172401,20.313329696655273,14000,0.0,0.0
2001-07-23 00:00:00-04:00,20.26557251832241,20.772957064144524,20.26557251832241,20.731172561645508,13900,0.0,0.0
2001-07-24 00:00:00-04:00,20.880397592609057,20.922182083129883,20.862490604409835,20.922182083129883,9200,0.0,0.0
2001-07-25 00:00:00-04:00,20.922193673694345,20.922193673694345,20.892347917800244,20.91622543334961,18100,0.0,0.0
2001-07-26 00:00:00-04:00,20.83264923095703,20.86249497657184,20.605817465532507,20.83264923095703,6900,0.0,0.0
2001-07-27 00:00:00-04:00,20.892341452876,21.01172671659505,20.77295618915695,20.784894943237305,7500,0.0,0.0
2001-07-30 00:00:00-04:00,20.89830561003058,20.89830561003058,20.713260650634766,20.713260650634766,12400,0.0,0.0
2001-07-31 00:00:00-04:00,20.653573766907613,20.88637608787618,20.653573766907613,20.87443733215332,12000,0.0,0.0
2001-08-01 00:00:00-04:00,20.89234072218665,20.89234072218665,20.653570203099317,20.83264923095703,16500,0.0,0.0
2001-08-02 00:00:00-04:00,20.832660184588224,20.832660184588224,20.60582829989747,20.772966384887695,9300,0.0,0.0
2001-08-03 00:00:00-04:00,20.77295964022009,20.77295964022009,20.5938828534333,20.60582160949707,4900,0.0,0.0
2001-08-06 00:00:00-04:00,20.599846026660384,20.599846026660384,19.847722796296768,19.889507293701172,19600,0.0,0.0
2001-08-07 00:00:00-04:00,19.82384404371123,19.82384404371123,19.61492156982422,19.61492156982422,8000,0.0,0.0
2001-08-08 00:00:00-04:00,19.579105730268434,19.608951473305375,19.471659233668056,19.531352996826172,64300,0.0,0.0
2001-08-09 00:00:00-04:00,19.525393307254525,19.937272531605167,19.525393307254525,19.877578735351562,15200,0.0,0.0
2001-08-10 00:00:00-04:00,19.99694870380508,19.99694870380508,19.638795309495805,19.72833251953125,20200,0.0,0.0
2001-08-13 00:00:00-04:00,19.704461911062914,19.817878938026414,19.704461911062914,19.776094436645508,4600,0.0,0.0
2001-08-14 00:00:00-04:00,19.698500680217915,20.205885392965143,19.698500680217915,20.122316360473633,3700,0.0,0.0
2001-08-15 00:00:00-04:00,20.18200212299183,20.235725376373097,19.996954855326464,20.0566463470459,3800,0.0,0.0
2001-08-16 00:00:00-04:00,20.056645453292894,20.056645453292894,19.87756870903006,19.9969539642334,6400,0.0,0.0
2001-08-17 00:00:00-04:00,19.996954881473197,20.289448656283547,19.996954881473197,20.23572540283203,6800,0.0,0.0
2001-08-20 00:00:00-04:00,20.27750828902568,20.87443226784107,20.20587577206716,20.86249351501465,29700,0.0,0.0
2001-08-21 00:00:00-04:00,20.874444705835778,20.880412947263018,20.772966384887695,20.772966384887695,4800,0.0,0.0
2001-08-22 00:00:00-04:00,20.772952132294563,20.772952132294563,20.564029669401208,20.713260650634766,16900,0.0,0.0
2001-08-23 00:00:00-04:00,20.62373534059478,20.766998183063624,20.62373534059478,20.6595516204834,7500,0.0,0.0
2001-08-24 00:00:00-04:00,20.623723012654786,20.86846175288572,20.623723012654786,20.86249351501465,19300,0.0,0.0
2001-08-27 00:00:00-04:00,20.83861746924622,20.880401968523838,20.82071047729422,20.83264923095703,55000,0.0,0.0
2001-08-28 00:00:00-04:00,20.743113150596354,20.772958901151476,20.474496841430664,20.474496841430664,16000,0.0,0.0
2001-08-29 00:00:00-04:00,20.534189162007166,20.743111678147457,20.504341136486,20.683420181274414,8400,0.0,0.0
2001-08-30 00:00:00-04:00,20.623727288157237,20.77295831379815,20.599849777554354,20.743112564086914,7000,0.0,0.0
2001-08-31 00:00:00-04:00,20.802805912268077,20.82071518535422,20.593883368637616,20.599851608276367,10600,0.0,0.0
2001-09-04 00:00:00-04:00,20.74908350898015,20.88637807430826,20.74908350898015,20.838623046875,12300,0.0,0.0
2001-09-05 00:00:00-04:00,20.689392489915786,21.22065465867765,20.599852949908353,21.01173210144043,45000,0.0,0.0
2001-09-06 00:00:00-04:00,21.01173166371987,21.07142317109126,20.892346371892053,20.98188591003418,15300,0.0,0.0
2001-09-07 00:00:00-04:00,20.922190153058793,21.06545294516254,20.892344402186918,20.952035903930664,46500,0.0,0.0
2001-09-10 00:00:00-04:00,20.952041311140935,21.041580863949356,20.952041311140935,21.02964210510254,90900,0.0,0.0
2001-09-17 00:00:00-04:00,20.952032213416267,21.101263218574744,20.755048470690983,20.83264923095703,46100,0.0,0.0
2001-09-18 00:00:00-04:00,20.89234024229677,20.952031732155294,20.593878238835387,20.62372398376465,8100,0.0,0.0
2001-09-19 00:00:00-04:00,20.653567180197573,20.653567180197573,19.01202750225593,19.071720123291016,37600,0.0,0.0
2001-09-20 00:00:00-04:00,19.012029617402863,19.012029617402863,17.997258362536055,18.3255672454834,64500,0.0,0.0
2001-09-21 00:00:00-04:00,18.17634324207662,18.17634324207662,17.25111000330828,17.657018661499023,29700,0.0,0.0
2001-09-24 00:00:00-04:00,17.657014563409412,17.90772272713094,17.609260681678755,17.84803009033203,9300,0.0,0.0
2001-09-25 00:00:00-04:00,17.907723575794428,18.89264814475464,17.907723575794428,18.624032974243164,29000,0.0,0.0
2001-09-26 00:00:00-04:00,18.773262972249,19.937265396118164,18.713570335901956,19.937265396118164,29500,0.0,0.0
2001-09-27 00:00:00-04:00,19.937262475173902,19.9969539642334,19.728337709296976,19.9969539642334,10400,0.0,0.0
2001-09-28 00:00:00-04:00,19.996957556180217,20.116342832828092,19.877572279532338,19.92532730102539,18300,0.0,0.0
2001-10-01 00:00:00-04:00,19.925323315579153,19.925323315579153,19.8178768157959,19.8178768157959,7400,0.0,0.0
2001-10-02 00:00:00-04:00,19.698491898716608,19.73430815828282,19.31049038987785,19.328399658203125,18500,0.0,0.0
2001-10-03 00:00:00-04:00,19.209020530599425,19.209020530599425,18.874743304483864,18.970251083374023,13200,0.0,0.0
2001-10-04 00:00:00-04:00,18.922490514245602,19.3403377532959,18.922490514245602,19.3403377532959,27500,0.0,0.0
2001-10-05 00:00:00-04:00,19.400031544162584,19.51941680908203,19.250800532284412,19.51941680908203,17100,0.0,0.0
2001-10-08 00:00:00-04:00,19.519412419229962,19.758180618286133,19.519412419229962,19.758180618286133,21900,0.0,0.0
2001-10-09 00:00:00-04:00,20.892340444529587,21.775787710076713,20.892340444529587,21.72803497314453,72500,0.0,0.0
2001-10-10 00:00:00-04:00,21.87727453311178,22.43838250476465,21.50121162043827,21.787734985351562,79200,0.0,0.0
2001-10-11 00:00:00-04:00,21.787731341004378,22.963672637939453,21.787731341004378,22.963672637939453,22300,0.0,0.0
2001-10-12 00:00:00-04:00,22.963671906585684,23.697888309936488,22.683116838079137,22.71893310546875,66700,0.0,0.0
2001-10-15 00:00:00-04:00,22.74281469663414,23.996357080619898,22.74281469663414,23.847126007080078,74600,0.0,0.0
2001-10-16 00:00:00-04:00,23.84710738901049,24.05602981802076,23.703844668343663,23.876953125,26000,0.0,0.0
2001-10-17 00:00:00-04:00,23.757572653355414,23.876957898263562,23.638187408447266,23.638187408447266,21500,0.0,0.0
2001-10-18 00:00:00-04:00,23.668045134985636,23.847121937254506,23.49493657272219,23.518814086914062,15300,0.0,0.0
2001-10-19 00:00:00-04:00,23.578496903554733,23.578496903554733,23.333758166018928,23.4650821685791,66100,0.0,0.0
2001-10-22 00:00:00-04:00,23.518817024188518,24.772357073710822,23.500907747765375,24.712665557861328,130600,0.0,0.0
2001-10-23 00:00:00-04:00,25.011111167827035,25.906496976549953,24.891725937913876,25.667726516723633,44000,0.0,0.0
2001-10-24 00:00:00-04:00,25.5483564920522,25.5483564920522,24.593278638494915,24.748477935791016,93100,0.0,0.0
2001-10-25 00:00:00-04:00,24.473889057114363,25.070813180458615,24.420165794929986,24.981273651123047,44300,0.0,0.0
2001-10-26 00:00:00-04:00,24.98127371980625,25.667737374373424,24.98127371980625,25.530445098876953,38800,0.0,0.0
2001-10-29 00:00:00-05:00,25.411060425595,25.428967421105263,24.473889709143375,24.74250602722168,15200,0.0,0.0
2001-10-30 00:00:00-05:00,24.59327527129426,25.261829677248897,24.533581490441673,25.07081413269043,29500,0.0,0.0
2001-10-31 00:00:00-05:00,25.130505524203357,26.151247539916476,25.130505524203357,26.14527702331543,42000,0.0,0.0
2001-11-01 00:00:00-05:00,26.264658253095302,26.55715204010379,25.518503189086914,25.518503189086914,128600,0.0,0.0
2001-11-02 00:00:00-05:00,25.369267575420384,25.631913290568566,25.0111141204834,25.0111141204834,39900,0.0,0.0
2001-11-05 00:00:00-05:00,25.07081751188808,25.25586484184555,24.92755469561694,25.040971755981445,13100,0.0,0.0
2001-11-06 00:00:00-05:00,24.891730896588673,24.891730896588673,24.50372939134819,24.56342315673828,19900,0.0,0.0
2001-11-07 00:00:00-05:00,24.593268946772582,24.617146452973167,23.697882958009632,24.08588218688965,51500,0.0,0.0
2001-11-08 00:00:00-05:00,23.99635088018685,24.408227716980846,23.81727409362793,23.81727409362793,22100,0.0,0.0
2001-11-09 00:00:00-05:00,23.87694740091351,23.87694740091351,23.22033225822165,23.27405548095703,24300,0.0,0.0
2001-11-12 00:00:00-05:00,23.12485343738119,23.12485343738119,22.683128356933594,22.683128356933594,59900,0.0,0.0
2001-11-13 00:00:00-05:00,22.62341925646134,22.832341734043737,22.44434024472303,22.65326499938965,45100,0.0,0.0
2001-11-14 00:00:00-05:00,22.71295209111328,23.3397216796875,22.62938311624789,23.3397216796875,90700,0.0,0.0
2001-11-15 00:00:00-05:00,23.339733272837268,25.727429864517187,23.256164256462057,24.92158317565918,162400,0.0,0.0
2001-11-16 00:00:00-05:00,24.981273651123047,25.50656751724974,24.06201223175736,24.981273651123047,76500,0.0,0.0
2001-11-19 00:00:00-05:00,25.070816841896864,26.085588455200195,25.070816841896864,26.085588455200195,67300,0.0,0.0
2001-11-20 00:00:00-05:00,26.079618276225034,26.437774173434843,25.673709625638367,26.264665603637695,51600,0.0,0.0
2001-11-21 00:00:00-05:00,26.264660983174785,26.34226175548154,26.264660983174785,26.282567977905273,23100,0.0,0.0
2001-11-23 00:00:00-05:00,26.294485700583557,26.50341033935547,26.294485700583557,26.50341033935547,13100,0.0,0.0
2001-11-26 00:00:00-05:00,26.503421853479573,27.697269643688852,26.503421853479573,27.655485153198242,67500,0.0,0.0
2001-11-27 00:00:00-05:00,27.160041706290716,27.458503703063144,26.670564213750687,27.01677894592285,62300,0.0,0.0
2001-11-28 00:00:00-05:00,27.010810707904504,27.07050219642526,26.974994448541455,27.01677894592285,17300,0.0,0.0
2001-11-29 00:00:00-05:00,26.980969294741467,27.189891815185547,26.921275519554094,27.189891815185547,6200,0.0,0.0
2001-11-30 00:00:00-05:00,27.189893207388092,27.398818015614427,27.04066217740563,27.195863723754883,23100,0.0,0.0
2001-12-03 00:00:00-05:00,27.166004210480192,27.166004210480192,26.503420630245326,26.718311309814453,16900,0.0,0.0
2001-12-04 00:00:00-05:00,26.71831582198932,26.71831582198932,26.15123987371231,26.29450035095215,17000,0.0,0.0
2001-12-05 00:00:00-05:00,26.264671467463508,26.86159581899677,26.103501619299244,26.84965705871582,16000,0.0,0.0
2001-12-06 00:00:00-05:00,26.849643048316974,26.897398064521745,26.628781791081163,26.861581802368164,13900,0.0,0.0
2001-12-07 00:00:00-05:00,26.86158846692434,26.986941999936235,26.646695394855332,26.951128005981445,13600,0.0,0.0
2001-12-10 00:00:00-05:00,26.90337212739519,26.921279123806467,26.58700304634267,26.598941802978516,12200,0.0,0.0
2001-12-11 00:00:00-05:00,26.622811275513314,26.891427548953896,26.622811275513314,26.861581802368164,6600,0.0,0.0
2001-12-12 00:00:00-05:00,26.86754196399057,26.86754196399057,26.56311179699803,26.682497024536133,45100,0.0,0.0
2001-12-13 00:00:00-05:00,26.563125871930804,26.569094111782366,26.025893201889208,26.115432739257812,16400,0.0,0.0
2001-12-14 00:00:00-05:00,26.121399511081055,26.2348165556519,25.846814951640404,26.14527702331543,14600,0.0,0.0
2001-12-17 00:00:00-05:00,26.0258802821328,26.891420364379883,25.954250054047577,26.891420364379883,17400,0.0,0.0
2001-12-18 00:00:00-05:00,26.86158282234233,27.160044853701688,26.622812286421006,26.801891326904297,24300,0.0,0.0
2001-12-19 00:00:00-05:00,26.86158282234233,26.951122342583975,26.634751040925533,26.801891326904297,11800,0.0,0.0
2001-12-20 00:00:00-05:00,26.742185520875754,26.742185520875754,26.431784874686617,26.47953987121582,26200,0.0,0.0
2001-12-21 00:00:00-05:00,26.485524856270427,26.485524856270427,26.234817797199586,26.270631790161133,62400,0.0,0.0
2001-12-24 00:00:00-05:00,26.27062649169017,26.276597007369585,25.518503189086914,25.518503189086914,31900,0.0,0.0
2001-12-26 00:00:00-05:00,25.524471911406945,25.996042467297475,25.470748654696827,25.95425796508789,15500,0.0,0.0
2001-12-27 00:00:00-05:00,25.805022605015075,25.805022605015075,25.142436642835793,25.2558536529541,42900,0.0,0.0
2001-12-28 00:00:00-05:00,25.196168985645645,25.24989225270377,24.23512069554196,24.270936965942383,60300,0.0,0.0
2001-12-31 00:00:00-05:00,24.235114159273774,24.539546682858653,23.66803816526145,24.17542266845703,80300,0.0,0.0
2002-01-02 00:00:00-05:00,24.223189282126217,24.223189282126217,22.892046084063544,23.25617027282715,47700,0.0,0.0
2002-01-03 00:00:00-05:00,23.309880136091824,23.69788162015164,23.291973145994483,23.40538787841797,59000,0.0,0.0
2002-01-04 00:00:00-05:00,24.56342956307693,26.23481671947721,24.29481324147503,25.733400344848633,103800,0.0,0.0
2002-01-07 00:00:00-05:00,25.96620514771311,26.264667275847746,25.6796817779541,25.6796817779541,27600,0.0,0.0
2002-01-08 00:00:00-05:00,25.6796747228432,25.703552233034454,25.39911967080769,25.41105842590332,17300,0.0,0.0
2002-01-09 00:00:00-05:00,25.428967995241265,25.81696960534634,24.879798867735243,25.285707473754883,35000,0.0,0.0
2002-01-10 00:00:00-05:00,25.220045534041304,25.339430820388667,24.951429209030977,25.136476516723633,13400,0.0,0.0
2002-01-11 00:00:00-05:00,25.285700840563152,25.608040344975667,25.09468534396707,25.48865509033203,12700,0.0,0.0
2002-01-14 00:00:00-05:00,25.54835815488959,26.32435924604725,25.54835815488959,25.966205596923828,25900,0.0,0.0
2002-01-15 00:00:00-05:00,25.966192729433562,26.115423722131453,25.518499751339878,25.8468074798584,33400,0.0,0.0
2002-01-16 00:00:00-05:00,25.90650742876509,27.160047155895587,25.90650742876509,26.575061798095703,64700,0.0,0.0
2002-01-17 00:00:00-05:00,26.51537247043485,26.51537247043485,26.115434340394263,26.193035125732422,19700,0.0,0.0
2002-01-18 00:00:00-05:00,26.222879273266134,26.831742206951606,26.085586985829952,26.115432739257812,18300,0.0,0.0
2002-01-22 00:00:00-05:00,26.175121600134638,26.413892157590844,26.055738598491327,26.276599884033203,11100,0.0,0.0
2002-01-23 00:00:00-05:00,26.324347867964974,26.801888896504114,26.27062461610854,26.74219512939453,14600,0.0,0.0
2002-01-24 00:00:00-05:00,27.040660904817024,28.353894362276232,27.040660904817024,27.965892791748047,44800,0.0,0.0
2002-01-25 00:00:00-05:00,27.81666704831409,28.65236184633285,27.63759024219154,28.30614471435547,46300,0.0,0.0
2002-01-28 00:00:00-05:00,28.41358515763613,29.18958827949315,28.41358515763613,28.532970428466797,30000,0.0,0.0
2002-01-29 00:00:00-05:00,28.294199145017785,28.353890635521967,27.279427866855908,27.51819610595703,69400,0.0,0.0
2002-01-30 00:00:00-05:00,27.75695902288267,27.75695902288267,26.86157324795097,27.249574661254883,42100,0.0,0.0
2002-01-31 00:00:00-05:00,27.398819523439943,28.1151266851081,27.27943423746694,28.055435180664062,18600,0.0,0.0
2002-02-01 00:00:00-05:00,28.11514600074515,28.771764386163454,28.11514600074515,28.37779426574707,53600,0.0,0.0
2002-02-04 00:00:00-05:00,28.377774769665695,28.53894456416651,27.876358390247024,28.055435180664062,68400,0.0,0.0
2002-02-05 00:00:00-05:00,28.1748130573657,28.1748130573657,27.052595307670565,27.16004180908203,46500,0.0,0.0
2002-02-06 00:00:00-05:00,27.10036649669858,27.10036649669858,26.264671492908132,26.592979431152344,18600,0.0,0.0
2002-02-07 00:00:00-05:00,26.50342717009382,26.682503919131396,26.294502398646305,26.664594650268555,30200,0.0,0.0
2002-02-08 00:00:00-05:00,26.742210105670555,27.697290420532227,26.742210105670555,27.697290420532227,18800,0.0,0.0
2002-02-11 00:00:00-05:00,27.697279847858145,27.983803149818563,26.825768909341477,26.83173942565918,35500,0.0,0.0
2002-02-12 00:00:00-05:00,26.682502602517253,26.80188785501286,26.443732097526034,26.6884708404541,20300,0.0,0.0
2002-02-13 00:00:00-05:00,26.77204443325724,27.339122772216797,26.77204443325724,27.339122772216797,19600,0.0,0.0
2002-02-14 00:00:00-05:00,27.488353794201696,27.488353794201696,27.279431274256712,27.339122772216797,19000,0.0,0.0
2002-02-15 00:00:00-05:00,27.27942437873452,27.876348315787425,27.201823629334093,27.768901824951172,13700,0.0,0.0
2002-02-19 00:00:00-05:00,27.70921160807169,27.70921160807169,27.488350360704942,27.51819610595703,18500,0.0,0.0
2002-02-20 00:00:00-05:00,27.5241678903343,27.5241678903343,26.921273333855748,27.154075622558594,77800,0.0,0.0
2002-02-21 00:00:00-05:00,27.154080744206,27.154080744206,26.061708450317383,26.061708450317383,16400,0.0,0.0
2002-02-22 00:00:00-05:00,25.942326233478394,26.019927020197024,25.011125901195644,25.190202713012695,200600,0.0,0.0
2002-02-25 00:00:00-05:00,24.832029388363072,26.025876998901367,24.59326123250558,26.025876998901367,87100,0.0,0.0
2002-02-26 00:00:00-05:00,26.175115208376916,26.175115208376916,25.679669496703713,25.8468074798584,34500,0.0,0.0
2002-02-27 00:00:00-05:00,25.99604613232375,26.145277168992756,25.894570120389584,26.13930892944336,39200,0.0,0.0
2002-02-28 00:00:00-05:00,26.264652418211856,26.324343899237814,25.89456022626604,26.109453201293945,65300,0.0,0.0
2002-03-01 00:00:00-05:00,26.055746278501523,26.443745702375875,26.055746278501523,26.38405418395996,58600,0.0,0.0
2002-03-04 00:00:00-05:00,26.443727095533387,26.622803801861195,25.578187025017794,25.667726516723633,119800,0.0,0.0
2002-03-05 00:00:00-05:00,25.608043648216004,25.81696616297851,25.10662733570136,25.315549850463867,50600,0.0,0.0
2002-03-06 00:00:00-05:00,25.279736283866786,25.936354200629417,25.279736283866786,25.81696891784668,51600,0.0,0.0
2002-03-07 00:00:00-05:00,25.83487554769101,25.978138340419935,25.458814986311648,25.63789176940918,58500,0.0,0.0
2002-03-08 00:00:00-05:00,25.60804733348865,25.876661383386992,25.60804733348865,25.72743034362793,45000,0.0,0.0
2002-03-11 00:00:00-05:00,25.78712412578253,25.84681563085217,25.69161635142013,25.72743034362793,35700,0.0,0.0
2002-03-12 00:00:00-05:00,25.727419720389218,25.74532898618307,25.560281753540036,25.56028175354004,4700,0.0,0.0
2002-03-13 00:00:00-05:00,25.590140457204228,25.816972296468027,25.070817027783978,25.787126541137695,36400,0.0,0.0
2002-03-14 00:00:00-05:00,25.72743458770695,25.75728262225055,25.06485057462613,25.130510330200195,23400,0.0,0.0
2002-03-15 00:00:00-05:00,25.011122708681143,25.070814212639178,24.832043642637217,24.92158317565918,25300,0.0,0.0
2002-03-18 00:00:00-05:00,25.011127300367107,25.142449088600568,24.778324927187796,25.130510330200195,55200,0.0,0.0
2002-03-19 00:00:00-05:00,25.0708182575953,25.106634531999706,24.939494195197746,24.99321746826172,15500,0.0,0.0
2002-03-20 00:00:00-05:00,24.993211281561095,25.058873296506206,24.354502680506354,24.444042205810547,38600,0.0,0.0
2002-03-21 00:00:00-05:00,24.444037185148307,24.444037185148307,23.78741944764734,24.020221710205078,38100,0.0,0.0
2002-03-22 00:00:00-05:00,24.085887248419155,24.324657806432786,23.93665621893184,24.09782600402832,41600,0.0,0.0
2002-03-25 00:00:00-05:00,24.02619032933969,24.03215856725598,23.500896586418975,23.7575740814209,35200,0.0,0.0
2002-03-26 00:00:00-05:00,23.757583030381767,23.817276817451443,23.20244333460207,23.250198364257812,136100,0.0,0.0
2002-03-27 00:00:00-05:00,23.87695588074252,25.261819139658872,23.81726440187425,25.160343170166016,269500,0.0,0.0
2002-03-28 00:00:00-05:00,25.309585762045376,26.622817116619473,25.309585762045376,26.563125610351562,95300,0.0,0.0
2002-04-01 00:00:00-05:00,26.503437617719342,26.97500604475702,26.264667006823192,26.89740753173828,71300,0.0,0.0
2002-04-02 00:00:00-05:00,26.95112398367972,27.279431782749267,26.909339478911853,27.219738006591797,39400,0.0,0.0
2002-04-03 00:00:00-05:00,27.279440136211587,28.144980800319086,27.2495943775359,27.864425659179688,29700,0.0,0.0
2002-04-04 00:00:00-05:00,27.71519604773549,28.144982281964126,27.71519604773549,28.091259002685547,215100,0.0,0.0
2002-04-05 00:00:00-05:00,28.20465615111438,28.59265762275701,28.1748104095459,28.1748104095459,20700,0.0,0.0
2002-04-08 00:00:00-04:00,28.067371071444448,28.288232347840566,27.762938509439945,27.965892791748047,29200,0.0,0.0
2002-04-09 00:00:00-04:00,27.816655276472613,28.413579228989914,27.42865607358687,27.4585018157959,78500,0.0,0.0
2002-04-10 00:00:00-04:00,27.39881050682355,27.64354923783944,26.921269520084486,27.303302764892578,77800,0.0,0.0
2002-04-11 00:00:00-04:00,27.24959514323886,27.368978181296228,25.07082054240955,25.715499877929688,371600,0.0,0.0
2002-04-12 00:00:00-04:00,25.90650083734071,26.264654303371184,25.846807074946163,26.258686065673828,86500,0.0,0.0
2002-04-15 00:00:00-04:00,26.258691065333338,26.264659304167047,25.13050265065325,25.458812713623047,96900,0.0,0.0
2002-04-16 00:00:00-04:00,25.428964614868164,25.667735155051332,25.345395608929447,25.428964614868164,119000,0.0,0.0
2002-04-17 00:00:00-04:00,25.518497879490305,25.71548386840251,25.375235135091962,25.43492889404297,51500,0.0,0.0
2002-04-18 00:00:00-04:00,25.417034938396792,25.530449722935096,25.226017088886387,25.512542724609375,99200,0.0,0.0
2002-04-19 00:00:00-04:00,25.876667169082857,26.56313101629316,25.816975650666947,26.38405418395996,73000,0.0,0.0
2002-04-22 00:00:00-04:00,26.23482311083472,26.384054183959964,25.745345373150762,26.38405418395996,66100,0.0,0.0
2002-04-23 00:00:00-04:00,26.294499652970323,27.637578546134254,26.055731438213904,27.4585018157959,85600,0.0,0.0
2002-04-24 00:00:00-04:00,27.45850480440414,27.464473042661865,26.50342728725863,26.92127227783203,163100,0.0,0.0
2002-04-25 00:00:00-04:00,26.861596498040456,27.08842839494125,26.24676512908608,26.980981826782227,66400,0.0,0.0
2002-04-26 00:00:00-04:00,26.98096351251633,27.362994483504618,25.369268361210803,26.258686065673828,236200,0.0,0.0
2002-04-29 00:00:00-04:00,24.444037149231285,24.450005387044083,22.32495750054456,23.5784969329834,1751100,0.0,0.0
2002-04-30 00:00:00-04:00,23.578496578304478,23.638188063871564,21.84741617184844,22.51000213623047,932100,0.0,0.0
2002-05-01 00:00:00-04:00,22.211552965219077,22.38466156112564,21.190812944532272,21.340044021606445,420900,0.0,0.0
2002-05-02 00:00:00-04:00,21.280339747872755,23.184526330370836,21.244523491089573,23.041263580322266,442300,0.0,0.0
2002-05-03 00:00:00-04:00,23.041274231044007,25.06484927154084,23.029337750349526,25.040971755981445,660600,0.0,0.0
2002-05-06 00:00:00-04:00,24.682807076658495,25.040962851433815,24.264962088380564,24.47388458251953,181100,0.0,0.0
2002-05-07 00:00:00-04:00,24.47388973670559,24.832043309823426,23.733702801287876,23.81727409362793,339500,0.0,0.0
2002-05-08 00:00:00-04:00,23.996356244915688,24.235124588012695,23.727739866481834,24.235124588012695,95100,0.0,0.0
2002-05-09 00:00:00-04:00,24.17542840978031,24.17542840978031,23.817274825654582,23.8829345703125,194100,0.0,0.0
2002-05-10 00:00:00-04:00,23.936657835639856,23.996351617717448,23.757581043576995,23.8829345703125,41800,0.0,0.0
2002-05-13 00:00:00-04:00,23.936663253249115,24.008295807954894,23.876971734746437,23.960540771484375,56500,0.0,0.0
2002-05-14 00:00:00-04:00,23.996355056762695,24.056046570310038,23.823246479556,23.996355056762695,66700,0.0,0.0
2002-05-15 00:00:00-04:00,23.96650929998902,24.42613896389119,23.96650929998902,23.996355056762695,53600,0.0,0.0
2002-05-16 00:00:00-04:00,23.99635455598845,24.12767633846914,23.90681501045073,23.936660766601562,22700,0.0,0.0
2002-05-17 00:00:00-04:00,23.996344126336506,24.05603561269415,23.865020123848595,23.990373611450195,37800,0.0,0.0
2002-05-20 00:00:00-04:00,23.966493263470078,24.15750871151119,23.9366452495831,24.014245986938477,28700,0.0,0.0
2002-05-21 00:00:00-04:00,23.972467525065184,24.253022531112393,23.757574522738327,24.11573028564453,203900,0.0,0.0
2002-05-22 00:00:00-04:00,24.085891610893025,24.085891610893025,22.205581665039062,22.205581665039062,466400,0.0,0.0
2002-05-23 00:00:00-04:00,22.205577862189312,22.205577862189312,19.250802993774414,19.250802993774414,1301600,0.0,0.0
2002-05-24 00:00:00-04:00,19.250798522860045,20.713262742029062,19.250798522860045,20.229753494262695,1475800,0.0,0.0
2002-05-28 00:00:00-04:00,19.996961021423342,20.00292926160182,17.549571534376447,17.907726287841797,3076900,0.0,0.0
2002-05-29 00:00:00-04:00,17.907720164839624,18.355413168960613,13.371097495371814,15.281254768371582,3695900,0.0,0.0
2002-05-30 00:00:00-04:00,15.13202767959687,17.45406229703234,14.654487668601137,17.161569595336914,2379900,0.0,0.0
2002-05-31 00:00:00-04:00,17.167534742082,18.713568026076835,14.952946062896622,18.5046443939209,2429900,0.0,0.0
2002-06-03 00:00:00-04:00,18.504642714802017,18.653873704437515,17.16753318429299,17.460025787353516,747800,0.0,0.0
2002-06-04 00:00:00-04:00,17.507786193093327,17.668955995304714,15.991599364537654,16.116952896118164,378700,0.0,0.0
2002-06-05 00:00:00-04:00,17.161568924064987,18.11664777015622,17.04218364135017,17.579416275024414,825700,0.0,0.0
2002-06-06 00:00:00-04:00,17.848035717750726,17.895789614538007,17.012341954701977,17.37049674987793,251800,0.0,0.0
2002-06-07 00:00:00-04:00,17.251103755036524,17.358550259587155,16.684026625580263,16.98248863220215,234400,0.0,0.0
2002-06-10 00:00:00-04:00,16.988466240940653,17.388405595954804,16.89295843722469,17.24514389038086,62400,0.0,0.0
2002-06-11 00:00:00-04:00,17.13172376069169,17.668955274263585,16.892953187066425,17.310800552368164,136200,0.0,0.0
2002-06-12 00:00:00-04:00,17.310799300414157,17.43018457859259,16.61239804171782,16.89295196533203,203800,0.0,0.0
2002-06-13 00:00:00-04:00,16.83325946260507,18.20618438720703,16.74968931743862,18.20618438720703,126100,0.0,0.0
2002-06-14 00:00:00-04:00,18.200215395048996,18.200215395048996,17.131721864372203,17.84803009033203,207000,0.0,0.0
2002-06-17 00:00:00-04:00,17.854008030450224,18.49271693186882,17.686868794963637,18.415117263793945,134300,0.0,0.0
2002-06-18 00:00:00-04:00,18.474802156723257,19.967112471853007,18.355416876095912,19.620895385742188,356500,0.0,0.0
2002-06-19 00:00:00-04:00,19.519418382066664,20.355110749678513,19.400033107526482,20.265573501586914,266500,0.0,0.0
2002-06-20 00:00:00-04:00,20.116349366194996,20.116349366194996,18.415114883420657,19.877578735351562,323100,0.0,0.0
2002-06-21 00:00:00-04:00,19.877569384023666,20.89234067208466,19.877569384023666,20.098430633544922,180100,0.0,0.0
2002-06-24 00:00:00-04:00,19.99696174311966,20.056653255399358,19.10157539641281,19.185144424438477,84200,0.0,0.0
2002-06-25 00:00:00-04:00,18.206187530800147,18.212156909238626,15.221566624111599,16.116952896118164,667200,0.0,0.0
2002-06-26 00:00:00-04:00,15.818488184611004,15.937873456515566,14.326177978515627,15.669257164001465,852200,0.0,0.0
2002-06-27 00:00:00-04:00,15.520025756600127,16.03338081903659,15.084271460530355,15.400640487670898,261100,0.0,0.0
2002-06-28 00:00:00-04:00,15.340948825562553,15.937872886657713,15.31110193938242,15.937872886657715,285200,0.0,0.0
2002-07-01 00:00:00-04:00,16.05725923647918,16.9287690782504,16.05725923647918,16.85713768005371,183400,0.0,0.0
2002-07-02 00:00:00-04:00,16.70790493081877,16.743720056973206,15.669257164001467,15.669257164001465,171700,0.0,0.0
2002-07-03 00:00:00-04:00,15.669258155190246,16.11695124533854,15.639412404597323,15.854304313659668,222400,0.0,0.0
2002-07-05 00:00:00-04:00,15.85430356138626,16.29602725274807,15.7886426854889,16.23633575439453,102200,0.0,0.0
2002-07-08 00:00:00-04:00,16.158735751934532,16.278121031393617,15.93787446504035,16.05725860595703,178200,0.0,0.0
2002-07-09 00:00:00-04:00,15.997564496182685,16.021442005297317,15.943841239217063,15.973688125610352,88400,0.0,0.0
2002-07-10 00:00:00-04:00,15.985627639131765,15.985627639131765,14.57688641366881,14.941010475158691,433500,0.0,0.0
2002-07-11 00:00:00-04:00,14.923099269789402,14.923099269789402,12.624941754533411,12.9234037399292,426500,0.0,0.0
2002-07-12 00:00:00-04:00,12.92340399168457,13.615835720208398,12.26678738331414,13.215896606445312,293500,0.0,0.0
2002-07-15 00:00:00-04:00,13.215900350597796,13.251716619440325,12.535407182184239,13.162177085876465,139400,0.0,0.0
2002-07-16 00:00:00-04:00,13.102486850745718,13.186055875721708,12.71448520383131,12.971162796020508,87900,0.0,0.0
2002-07-17 00:00:00-04:00,13.120394172767607,13.197994959486238,12.47571605626658,12.595101356506348,149600,0.0,0.0
2002-07-18 00:00:00-04:00,12.744330298986473,12.863714440884705,12.386175596206945,12.416021347045898,64800,0.0,0.0
2002-07-19 00:00:00-04:00,12.386174294293811,13.43079140345112,12.386174294293811,13.311406135559082,364900,0.0,0.0
2002-07-22 00:00:00-04:00,13.371099822346558,14.505255402455248,13.371099822346558,14.379901885986328,133900,0.0,0.0
2002-07-23 00:00:00-04:00,14.439595459958616,15.20365764078683,14.385872195551325,14.899226188659668,298500,0.0,0.0
2002-07-24 00:00:00-04:00,14.875345068221714,15.81848487564289,14.684329583965592,15.752822875976562,283800,0.0,0.0
2002-07-25 00:00:00-04:00,15.75282720372063,15.848334972087358,14.893257288420081,15.520027160644531,227100,0.0,0.0
2002-07-26 00:00:00-04:00,15.472270614389343,15.579717119950873,14.773869466781616,14.923100471496582,190600,0.0,0.0
2002-07-29 00:00:00-04:00,15.012642248546939,15.36482759056436,14.803718566894533,14.803718566894531,178600,0.0,0.0
2002-07-30 00:00:00-04:00,14.863416003317203,15.370801925659181,14.803723340945883,15.37080192565918,251800,0.0,0.0
2002-07-31 00:00:00-04:00,15.460333943407827,15.81848863067884,15.460333943407827,15.699103355407715,197500,0.0,0.0
2002-08-01 00:00:00-04:00,15.711039642452546,15.74088652585259,15.19171639525582,15.281254768371582,66100,0.0,0.0
2002-08-02 00:00:00-04:00,15.275287714698052,15.275287714698052,14.702239990234373,14.702239990234375,45700,0.0,0.0
2002-08-05 00:00:00-04:00,14.505255846837017,14.505255846837017,14.105316635759921,14.296333312988281,73700,0.0,0.0
2002-08-06 00:00:00-04:00,14.326189775821799,14.564959377710174,14.25455832598365,14.421697616577148,48700,0.0,0.0
2002-08-07 00:00:00-04:00,14.56495189666748,14.773875617963379,14.505259242219697,14.56495189666748,44800,0.0,0.0
2002-08-08 00:00:00-04:00,14.553007952481426,14.923101367350316,14.553007952481426,14.738055229187012,87600,0.0,0.0
2002-08-09 00:00:00-04:00,14.684332008298083,14.773870389007856,14.582854873215732,14.720147132873535,48900,0.0,0.0
2002-08-12 00:00:00-04:00,14.70223610519576,14.70223610519576,14.2366361618042,14.2366361618042,93900,0.0,0.0
2002-08-13 00:00:00-04:00,14.296332228609703,14.32617797731217,13.9680233001709,13.968023300170898,16300,0.0,0.0
2002-08-14 00:00:00-04:00,13.968021108897243,14.272452479781656,13.759097485128471,14.176944732666016,56400,0.0,0.0
2002-08-15 00:00:00-04:00,14.147101409171118,14.361993307677574,13.729254090141186,14.260516166687012,21900,0.0,0.0
2002-08-16 00:00:00-04:00,14.248576160562667,14.869376518918244,14.248576160562667,14.732084274291992,18000,0.0,0.0
2002-08-19 00:00:00-04:00,14.714182092749336,15.161875266799779,14.642551822485132,15.06039810180664,152900,0.0,0.0
2002-08-20 00:00:00-04:00,15.04845363201998,15.460331514603103,14.982792765624254,15.281254768371582,18500,0.0,0.0
2002-08-21 00:00:00-04:00,15.311101088716113,15.436455726623537,14.92310069826955,15.436455726623535,39600,0.0,0.0
2002-08-22 00:00:00-04:00,15.400635322572239,15.878175099588523,15.400635322572239,15.591651916503906,136400,0.0,0.0
2002-08-23 00:00:00-04:00,15.609561111421057,15.967715710199364,15.567776616962968,15.734915733337402,63600,0.0,0.0
2002-08-26 00:00:00-04:00,15.812518354713488,16.2363350331598,15.812518354713488,15.973688125610352,64600,0.0,0.0
2002-08-27 00:00:00-04:00,16.057260509162706,16.82729326200379,16.00950661942747,16.719846725463867,85300,0.0,0.0
2002-08-28 00:00:00-04:00,16.773577025466434,16.827300316257997,16.59449900998022,16.713884353637695,101900,0.0,0.0
2002-08-29 00:00:00-04:00,16.68402859764515,17.13172166049564,16.642242955403542,16.815351486206055,131400,0.0,0.0
2002-08-30 00:00:00-04:00,16.815361554183646,16.958623283446805,16.713884353637695,16.713884353637695,57400,0.0,0.0
2002-09-03 00:00:00-04:00,16.564643707785965,16.570613085386828,15.502118404222104,15.514057159423828,54700,0.0,0.0
2002-09-04 00:00:00-04:00,15.514061821882212,15.925939891784983,15.49018544284553,15.919970512390137,63300,0.0,0.0
2002-09-05 00:00:00-04:00,15.728946770649738,16.146792864756307,15.663284769894117,15.913992881774902,35600,0.0,0.0
2002-09-06 00:00:00-04:00,15.764767727071801,15.878183641677778,14.929074090887188,15.042490005493164,86400,0.0,0.0
2002-09-09 00:00:00-04:00,15.132033406852452,15.66329574584961,15.042494976696277,15.66329574584961,83400,0.0,0.0
2002-09-10 00:00:00-04:00,15.818497358343349,16.04532814025879,15.758804687773077,16.04532814025879,25800,0.0,0.0
2002-09-11 00:00:00-04:00,16.04531984960068,16.04531984960068,15.490181374204717,15.651350021362305,79300,0.0,0.0
2002-09-12 00:00:00-04:00,15.543903653189775,15.818488184611004,15.37079512278239,15.669257164001465,106900,0.0,0.0
2002-09-13 00:00:00-04:00,15.818490891858419,17.221262953373238,15.818490891858419,17.018308639526367,232100,0.0,0.0
2002-09-16 00:00:00-04:00,17.436147426719252,17.967410497955065,17.430179189343807,17.645071029663086,195300,0.0,0.0
2002-09-17 00:00:00-04:00,17.728651033975133,17.818189445552246,17.466004039945286,17.471973419189453,56800,0.0,0.0
2002-09-18 00:00:00-04:00,17.477939282219175,17.477939282219175,17.167538455225177,17.280954360961914,60900,0.0,0.0
2002-09-19 00:00:00-04:00,17.191417359138875,17.191417359138875,17.012340545654297,17.012340545654297,44400,0.0,0.0
2002-09-20 00:00:00-04:00,17.018310193476864,17.018310193476864,16.85117099665243,16.952648162841797,121600,0.0,0.0
2002-09-23 00:00:00-04:00,16.958615856957735,17.31080121412154,16.958615856957735,17.29886245727539,65800,0.0,0.0
2002-09-24 00:00:00-04:00,17.239177656752076,17.501824734179614,17.113824068449436,17.2570858001709,41000,0.0,0.0
2002-09-25 00:00:00-04:00,17.274982645164435,17.43018303765879,17.012335739516896,17.364521026611328,60600,0.0,0.0
2002-09-26 00:00:00-04:00,17.382429720354285,18.05695343017578,17.340644078355183,18.05695343017578,90400,0.0,0.0
2002-09-27 00:00:00-04:00,18.027111435629614,18.582249989571665,17.979357544799893,18.18828010559082,147100,0.0,0.0
2002-09-30 00:00:00-04:00,18.182303842166103,18.182303842166103,17.191410128745662,17.61522674560547,98200,0.0,0.0
2002-10-01 00:00:00-04:00,17.68686050853963,18.259908234200232,17.251106190600673,18.23006248474121,150900,0.0,0.0
2002-10-02 00:00:00-04:00,18.379296369120507,18.379296369120507,17.489878323497194,17.495847702026367,126100,0.0,0.0
2002-10-03 00:00:00-04:00,17.49584680605419,17.49584680605419,16.869076893641484,17.161569595336914,106100,0.0,0.0
2002-10-04 00:00:00-04:00,17.07203047282993,17.07203047282993,14.935042117059224,15.311103820800781,324700,0.0,0.0
2002-10-07 00:00:00-04:00,15.311095049829973,15.818480501160456,15.102171494747799,15.502110481262207,110900,0.0,0.0
2002-10-08 00:00:00-04:00,15.537932642433535,15.69910126245804,15.185747379732431,15.257377624511719,101200,0.0,0.0
2002-10-09 00:00:00-04:00,15.263352937562232,15.263352937562232,14.833567886107712,14.958921432495117,48500,0.0,0.0
2002-10-10 00:00:00-04:00,14.893263832238095,15.460341313760841,14.779847880516382,15.442434310913086,76300,0.0,0.0
2002-10-11 00:00:00-04:00,15.502115203322251,17.22125688695931,15.502115203322251,16.504947662353516,96700,0.0,0.0
2002-10-14 00:00:00-04:00,16.415406543388503,16.80340683397839,16.415406543388503,16.55866813659668,35500,0.0,0.0
2002-10-15 00:00:00-04:00,16.713875660668624,16.922799334135465,16.481075614014316,16.67806053161621,40000,0.0,0.0
2002-10-16 00:00:00-04:00,16.67806348652147,16.67806348652147,15.806553509193508,15.812522888183594,95200,0.0,0.0
2002-10-17 00:00:00-04:00,16.05725401111559,16.534793853759766,15.919961776003996,16.534793853759766,97300,0.0,0.0
2002-10-18 00:00:00-04:00,16.415409088134766,16.475101712527316,16.242300591250586,16.415409088134766,41300,0.0,0.0
2002-10-21 00:00:00-04:00,16.266174087437506,16.266174087437506,16.045311773181783,16.1766357421875,46900,0.0,0.0
2002-10-22 00:00:00-04:00,16.11694666358526,16.773563236847153,16.11694666358526,16.385562896728516,38600,0.0,0.0
2002-10-23 00:00:00-04:00,16.654191072375898,16.654191072375898,16.26619042750188,16.469144821166992,50100,0.0,0.0
2002-10-24 00:00:00-04:00,16.469135346378582,16.469135346378582,16.15276517625302,16.319904327392578,79600,0.0,0.0
2002-10-25 00:00:00-04:00,16.301995943944867,16.38556608749758,16.29602656665237,16.379596710205078,14300,0.0,0.0
2002-10-28 00:00:00-05:00,16.397507375674454,17.072032359733395,16.38556975695839,16.660154342651367,171400,0.0,0.0
2002-10-29 00:00:00-05:00,16.660154063165596,17.52569459467222,16.660154063165596,17.495847702026367,94700,0.0,0.0
2002-10-30 00:00:00-05:00,17.788338296538836,18.725510120047698,17.788338296538836,18.624032974243164,607900,0.0,0.0
2002-10-31 00:00:00-05:00,18.683722346261654,18.683722346261654,18.47479983918533,18.665815353393555,87300,0.0,0.0
2002-11-01 00:00:00-05:00,18.659842174951024,18.928457260131836,18.504641816638046,18.928457260131836,92000,0.0,0.0
2002-11-04 00:00:00-05:00,19.16126522689634,20.295422077346792,18.9821884286897,19.91935920715332,115800,0.0,0.0
2002-11-05 00:00:00-05:00,19.847723208306352,19.87756895320272,19.125445707226127,19.364213943481445,78400,0.0,0.0
2002-11-06 00:00:00-05:00,19.370184667763112,19.40003041298159,18.456890518446016,18.5046443939209,75400,0.0,0.0
2002-11-07 00:00:00-05:00,18.444952108966202,18.444952108966202,17.818182339350454,18.1464900970459,70500,0.0,0.0
2002-11-08 00:00:00-05:00,18.086797481663613,18.086797481663613,17.776397854306136,18.015167236328125,46700,0.0,0.0
2002-11-11 00:00:00-05:00,17.96144579595225,18.027107809589072,17.75849151611328,17.75849151611328,41000,0.0,0.0
2002-11-12 00:00:00-05:00,17.76446057970406,18.206184257859842,17.76446057970406,17.96741485595703,98400,0.0,0.0
2002-11-13 00:00:00-05:00,17.967413856560796,17.967413856560796,17.615228581390276,17.895782470703125,41900,0.0,0.0
2002-11-14 00:00:00-05:00,17.913692522223048,18.385261972987493,17.913692522223048,18.301692962646484,45400,0.0,0.0
2002-11-15 00:00:00-05:00,18.24199775299597,18.564337270660022,18.02710587976215,18.4449520111084,24500,0.0,0.0
2002-11-18 00:00:00-05:00,18.504647694987575,18.8807093891206,18.480770183719496,18.624032974243164,43400,0.0,0.0
2002-11-19 00:00:00-05:00,18.624036108809342,19.34034562781839,18.624036108809342,18.7493896484375,28700,0.0,0.0
2002-11-20 00:00:00-05:00,18.689698712880116,19.244839608787828,18.689698712880116,19.191116333007812,30900,0.0,0.0
2002-11-21 00:00:00-05:00,19.191104549827756,19.567164972304457,18.683717861862114,18.958303451538086,93900,0.0,0.0
2002-11-22 00:00:00-05:00,18.89861789253787,18.92846364366484,18.731478726016547,18.803110122680664,61800,0.0,0.0
2002-11-25 00:00:00-05:00,18.803109865513214,19.029940531186142,18.803109865513214,18.862802505493164,63500,0.0,0.0
2002-11-26 00:00:00-05:00,18.832952348082543,18.99412210649733,18.558367845783767,18.59418296813965,111300,0.0,0.0
2002-11-27 00:00:00-05:00,18.653878442305132,19.220956802368164,18.653878442305132,19.220956802368164,75600,0.0,0.0
2002-11-29 00:00:00-05:00,19.191111718585795,19.191111718585795,18.737448103950427,18.803110122680664,15400,0.0,0.0
2002-12-02 00:00:00-05:00,18.821020036540336,18.976220461872476,18.65388085421129,18.970251083374023,35900,0.0,0.0
2002-12-03 00:00:00-05:00,18.958310200604807,19.095602475047176,18.922495072172538,19.012033462524414,14900,0.0,0.0
2002-12-04 00:00:00-05:00,18.982184240444457,19.101569505269296,18.86280011416188,19.095600128173828,14000,0.0,0.0
2002-12-05 00:00:00-05:00,18.952345010487196,19.698500325860707,18.952345010487196,19.42988395690918,57000,0.0,0.0
2002-12-06 00:00:00-05:00,19.101567316844108,19.698491295495486,18.904582449430837,19.304521560668945,69000,0.0,0.0
2002-12-09 00:00:00-05:00,19.22095634915437,19.22095634915437,18.743416389165912,18.898616790771484,22300,0.0,0.0
2002-12-10 00:00:00-05:00,18.910559121200542,18.952343633659122,17.997264671655973,18.295726776123047,82500,0.0,0.0
2002-12-11 00:00:00-05:00,18.32557286827065,18.743419113125512,18.32557286827065,18.588218688964844,36700,0.0,0.0
2002-12-12 00:00:00-05:00,18.653875105717916,18.803106106563657,18.59418247767118,18.71356773376465,11600,0.0,0.0
2002-12-13 00:00:00-05:00,18.71356994849227,18.77326258360355,17.96741485595703,17.96741485595703,43100,0.0,0.0
2002-12-16 00:00:00-05:00,17.97338659748715,18.444956085956235,17.907724576373525,18.385263442993164,69500,0.0,0.0
2002-12-17 00:00:00-05:00,18.444952600552316,18.522553363303416,18.20618321236095,18.468830108642578,54100,0.0,0.0
2002-12-18 00:00:00-05:00,18.421071183933737,18.421071183933737,18.027101516723633,18.027101516723633,63800,0.0,0.0
2002-12-19 00:00:00-05:00,18.086805183477345,18.086805183477345,17.83012870009333,17.99726676940918,188600,0.0,0.0
2002-12-20 00:00:00-05:00,17.99726281285732,17.99726281285732,17.72864762970569,17.889816284179688,66700,0.0,0.0
2002-12-23 00:00:00-05:00,17.7584912023387,18.050983861987437,17.7584912023387,17.96741485595703,218700,0.0,0.0
2002-12-24 00:00:00-05:00,17.979352099037552,18.236028472913546,17.979352099037552,18.1464900970459,16300,0.0,0.0
2002-12-26 00:00:00-05:00,18.20618102093788,18.307658141022497,18.176335277959748,18.236026763916016,37700,0.0,0.0
2002-12-27 00:00:00-05:00,18.236028487745134,18.236028487745134,17.93756647558209,18.015167236328125,30100,0.0,0.0
2002-12-30 00:00:00-05:00,18.19424500878316,18.23602951066306,18.122614759429702,18.200214385986328,44500,0.0,0.0
2002-12-31 00:00:00-05:00,18.26587087510635,18.355409229002856,18.146485644216387,18.28974723815918,159100,0.0,0.0
2003-01-02 00:00:00-05:00,18.325569600120208,18.952339424896714,18.289753335787257,18.89264678955078,181900,0.0,0.0
2003-01-03 00:00:00-05:00,18.892643150169466,19.101566764363106,18.868766783755902,19.000089645385742,73500,0.0,0.0
2003-01-06 00:00:00-05:00,18.952342553572223,19.77012803562287,18.946373175197962,19.698497772216797,86700,0.0,0.0
2003-01-07 00:00:00-05:00,20.89233531433394,21.966797817940062,20.295411448210114,20.569995880126953,1047700,0.0,0.0
2003-01-08 00:00:00-05:00,20.68939169424797,20.68939169424797,19.98502098967231,20.140222549438477,93300,0.0,0.0
2003-01-09 00:00:00-05:00,20.11633813332885,20.53418536543823,20.11633813332885,20.355106353759766,35600,0.0,0.0
2003-01-10 00:00:00-05:00,20.313327636895036,20.510313694945303,20.06262059256001,20.498374938964844,19200,0.0,0.0
2003-01-13 00:00:00-05:00,20.504351006759975,20.558074290640597,19.72834978843993,19.835796356201172,87400,0.0,0.0
2003-01-14 00:00:00-05:00,19.698497772216797,19.77012803562287,19.477636465081808,19.698497772216797,43500,0.0,0.0
2003-01-15 00:00:00-05:00,19.758180618286133,19.77608988410126,19.66267288324686,19.758180618286133,159200,0.0,0.0
2003-01-16 00:00:00-05:00,19.817876882244892,19.919352867333604,19.7402761261225,19.782060623168945,25800,0.0,0.0
2003-01-17 00:00:00-05:00,19.76416073914746,19.931298787434248,19.758190221945718,19.78803825378418,123300,0.0,0.0
2003-01-21 00:00:00-05:00,19.81787437586319,19.967105354179804,19.752212381070436,19.758180618286133,82800,0.0,0.0
2003-01-22 00:00:00-05:00,19.84772384894343,20.444647874475567,19.782061841801386,20.0566463470459,65000,0.0,0.0
2003-01-23 00:00:00-05:00,19.996957502503328,20.77295838300442,19.996957502503328,20.593881607055664,120500,0.0,0.0
2003-01-24 00:00:00-05:00,20.599846375169705,20.599846375169705,17.74058098818394,17.87787437438965,514000,0.0,0.0
2003-01-27 00:00:00-05:00,17.84804056421165,17.84804056421165,16.713884353637695,16.713884353637695,225800,0.0,0.0
2003-01-28 00:00:00-05:00,16.755661587982708,17.173508970336115,15.639414006465003,16.116952896118164,240800,0.0,0.0
2003-01-29 00:00:00-05:00,16.05725581461241,16.266179448075956,15.340947678005948,16.24230194091797,110000,0.0,0.0
2003-01-30 00:00:00-05:00,16.26020962578405,16.415410002432104,15.85430112355716,15.860270500183105,71200,0.0,0.0
2003-01-31 00:00:00-05:00,15.86027895292983,16.05726393240061,15.579724933241986,15.585694313049316,97700,0.0,0.0
2003-02-03 00:00:00-05:00,15.579725674687388,15.579725674687388,14.99474008824268,15.37080192565918,199300,0.0,0.0
2003-02-04 00:00:00-05:00,15.370793141487342,15.454362137923095,15.161869511855777,15.281254768371582,95700,0.0,0.0
2003-02-05 00:00:00-05:00,15.30513163207857,15.38870176976223,15.048454119238757,15.161870002746582,67600,0.0,0.0
2003-02-06 00:00:00-05:00,15.161872570539998,15.281257851140023,15.012641539061175,15.036519050598145,54300,0.0,0.0
2003-02-07 00:00:00-05:00,15.102175680439249,15.251406669923993,14.929068324678836,14.988760948181152,56400,0.0,0.0
2003-02-10 00:00:00-05:00,14.98876420603515,14.98876420603515,13.908330787579768,14.206792831420898,127700,0.0,0.0
2003-02-11 00:00:00-05:00,14.14709999485774,14.14709999485774,13.012943424743884,13.806852340698242,244100,0.0,0.0
2003-02-12 00:00:00-05:00,13.806852852166836,14.505254040084521,13.550176465617838,14.111284255981445,134900,0.0,0.0
2003-02-13 00:00:00-05:00,14.176947886888938,14.206793637549636,13.66956215586022,13.985932350158691,74800,0.0,0.0
2003-02-14 00:00:00-05:00,14.105319620199811,14.564951569001979,14.057565725424434,14.38587474822998,68100,0.0,0.0
2003-02-18 00:00:00-05:00,14.445560954877646,14.564945069268559,14.272452451978916,14.547038078308105,38900,0.0,0.0
2003-02-19 00:00:00-05:00,14.505255846837017,14.505255846837017,14.296333312988281,14.296333312988281,56400,0.0,0.0
2003-02-20 00:00:00-05:00,14.38587385975393,14.38587385975393,13.96802645236877,13.979965209960938,29900,0.0,0.0
2003-02-21 00:00:00-05:00,13.920268314080344,14.42765397154051,13.914298937105254,14.415715217590332,86700,0.0,0.0
2003-02-24 00:00:00-05:00,14.409745914902933,14.833562573981268,14.37393079141,14.690300941467285,84100,0.0,0.0
2003-02-25 00:00:00-05:00,14.654493332929224,14.660462713460014,14.445570707066157,14.48735523223877,25000,0.0,0.0
2003-02-26 00:00:00-05:00,14.475409947435972,14.684333617684766,14.38587155691289,14.391840934753418,26900,0.0,0.0
2003-02-27 00:00:00-05:00,14.445559533074471,14.457497146359097,14.36795878474318,14.427651405334473,19300,0.0,0.0
2003-02-28 00:00:00-05:00,14.439592975332818,14.570915855430279,14.320207710849845,14.356022834777832,21100,0.0,0.0
2003-03-03 00:00:00-05:00,14.475414178022254,14.475414178022254,14.147106270638846,14.182921409606934,26200,0.0,0.0
2003-03-04 00:00:00-05:00,14.14709999485774,14.14709999485774,13.777006594555134,13.806852340698242,23200,0.0,0.0
2003-03-05 00:00:00-05:00,13.788940757090545,13.87250972929886,13.490478840870152,13.782971382141113,38400,0.0,0.0
2003-03-06 00:00:00-05:00,13.788944819271585,13.788944819271585,13.585990565368666,13.723282814025879,24900,0.0,0.0
2003-03-07 00:00:00-05:00,13.639719073034938,13.878488540649412,13.430795361918786,13.878488540649414,31800,0.0,0.0
2003-03-10 00:00:00-05:00,13.872512944571174,13.872512944571174,12.654788636198262,12.9234037399292,94300,0.0,0.0
2003-03-11 00:00:00-05:00,12.92340753354741,13.192023854671788,12.47571442403508,12.535407066345215,48400,0.0,0.0
2003-03-12 00:00:00-05:00,12.535404346607349,12.535404346607349,11.99817295946119,12.087711334228516,109900,0.0,0.0
2003-03-13 00:00:00-05:00,12.207096545966255,12.296634920388984,12.075772534173533,12.236942291259766,91000,0.0,0.0
2003-03-14 00:00:00-05:00,12.32648368812246,12.416022084499902,12.177252647979227,12.344391822814941,26100,0.0,0.0
2003-03-17 00:00:00-05:00,12.374235024605694,13.120390071509688,12.326481147145527,13.024882316589355,98500,0.0,0.0
2003-03-18 00:00:00-05:00,13.024882858868942,13.341253021803238,12.983098356669416,13.311406135559082,48600,0.0,0.0
2003-03-19 00:00:00-05:00,13.311407595708825,14.01577824874236,13.311407595708825,13.890424728393555,39500,0.0,0.0
2003-03-20 00:00:00-05:00,13.788945150152061,13.872514148984877,13.466605631438828,13.717313766479492,45200,0.0,0.0
2003-03-21 00:00:00-05:00,13.729254867347635,14.230671223151552,13.729254867347635,14.039655685424805,41700,0.0,0.0
2003-03-24 00:00:00-05:00,13.890424004318655,13.938177886515914,13.048761119002965,13.221868515014648,84200,0.0,0.0
2003-03-25 00:00:00-05:00,13.311405134544254,13.67552914954486,13.311405134544254,13.460636138916016,41000,0.0,0.0
2003-03-26 00:00:00-05:00,13.460644141775346,13.460644141775346,13.245752141927333,13.269628524780273,15300,0.0,0.0
2003-03-27 00:00:00-05:00,13.239777047874501,13.400946832113904,12.953253746032715,12.953253746032715,62900,0.0,0.0
2003-03-28 00:00:00-05:00,12.983104070085814,13.23381233215332,12.959226550582814,13.23381233215332,17700,0.0,0.0
2003-03-31 00:00:00-05:00,13.233808715548166,13.37110099954206,12.923407878093938,13.006978034973145,77600,0.0,0.0
2003-04-01 00:00:00-05:00,13.04279349929652,13.848641366210689,13.04279349929652,13.777009963989258,54400,0.0,0.0
2003-04-02 00:00:00-05:00,13.848636242891226,14.135159468692319,13.848636242891226,13.914297103881836,12600,0.0,0.0
2003-04-03 00:00:00-05:00,13.90832728232306,14.147097768053527,13.90832728232306,14.01577377319336,26900,0.0,0.0
2003-04-04 00:00:00-05:00,14.015784026103184,14.087415451930982,13.920276217361378,14.057568550109863,15100,0.0,0.0
2003-04-07 00:00:00-04:00,14.075473415292528,14.475412698270999,14.075473415292528,14.28439712524414,38500,0.0,0.0
2003-04-08 00:00:00-04:00,14.20679252748065,14.356023546208565,14.039654515172467,14.081439018249512,17300,0.0,0.0
2003-04-09 00:00:00-04:00,14.081440271851747,14.1709786633512,13.16217656814989,13.484516143798828,35200,0.0,0.0
2003-04-10 00:00:00-04:00,13.550177838032322,14.009808540344238,13.532269704743914,14.009808540344238,37900,0.0,0.0
2003-04-11 00:00:00-04:00,14.11725023748928,14.62463578847117,14.087404497419406,14.159034729003906,35800,0.0,0.0
2003-04-14 00:00:00-04:00,14.194852855327747,14.50525246403215,14.194852855327747,14.308267593383789,25000,0.0,0.0
2003-04-15 00:00:00-04:00,14.302304619458665,14.367966651916502,14.087412661624883,14.367966651916504,19600,0.0,0.0
2003-04-16 00:00:00-04:00,14.385873155301688,14.415718909278022,14.194857597351074,14.194857597351074,18800,0.0,0.0
2003-04-17 00:00:00-04:00,14.266485467897594,14.314239349370482,14.147101333486546,14.206792831420898,14600,0.0,0.0
2003-04-21 00:00:00-04:00,14.266485291190147,14.356023675524977,14.266485291190147,14.320208549499512,14300,0.0,0.0
2003-04-22 00:00:00-04:00,14.320207710849845,14.415715467019318,14.153068568282135,14.356022834777832,44000,0.0,0.0
2003-04-23 00:00:00-04:00,14.445564056466985,15.012641283300123,14.445564056466985,15.006671905517578,65900,0.0,0.0
2003-04-24 00:00:00-04:00,15.221569306722074,15.388708516828128,14.95892230185334,14.994738578796387,42700,0.0,0.0
2003-04-25 00:00:00-04:00,15.000710950980238,15.000710950980238,14.564956375049684,14.624649047851562,15700,0.0,0.0
2003-04-28 00:00:00-04:00,14.648518563946304,14.67239493688786,14.463471265572773,14.558979034423828,21700,0.0,0.0
2003-04-29 00:00:00-04:00,14.62463772422389,14.696269103831698,14.176944732666016,14.176944732666016,24200,0.0,0.0
2003-04-30 00:00:00-04:00,14.236641707582432,14.260518082382887,13.985933510193895,14.147103309631348,24700,0.0,0.0
2003-05-01 00:00:00-04:00,14.206798130200438,14.206798130200438,13.908335975040405,13.92027473449707,48000,0.0,0.0
2003-05-02 00:00:00-04:00,13.920264965048181,14.003833945509353,13.639711145969988,13.699403762817383,74500,0.0,0.0
2003-05-05 00:00:00-04:00,13.580021397830308,13.639714027287454,13.359159010401529,13.460636138916016,68800,0.0,0.0
2003-05-06 00:00:00-04:00,13.490481554599445,13.878481896027274,13.430788931639297,13.72925090789795,58500,0.0,0.0
2003-05-07 00:00:00-04:00,13.729252520181957,13.765067642747132,13.550175768813862,13.717313766479492,19500,0.0,0.0
2003-05-08 00:00:00-04:00,13.717323016208457,13.788954448182823,13.651662103653525,13.705384254455566,14600,0.0,0.0
2003-05-09 00:00:00-04:00,13.735223400115304,13.75909977159087,13.580023000625927,13.669561386108398,45400,0.0,0.0
2003-05-12 00:00:00-04:00,13.657622755647502,13.997870445251465,13.639715761513113,13.997870445251465,65100,0.0,0.0
2003-05-13 00:00:00-04:00,14.027718020001569,14.24858046425391,14.027718020001569,14.147103309631348,25700,0.0,0.0
2003-05-14 00:00:00-04:00,14.21275913849211,14.320205633229662,14.099344406084338,14.1172513961792,105500,0.0,0.0
2003-05-15 00:00:00-04:00,14.087411324160103,14.212764859450136,14.081441945544974,14.135165214538574,60200,0.0,0.0
2003-05-16 00:00:00-04:00,14.099350106635969,14.85147359680799,14.099350106635969,14.7798433303833,45000,0.0,0.0
2003-05-19 00:00:00-04:00,14.684332523598416,14.74402515901375,14.266485214233398,14.266485214233398,32800,0.0,0.0
2003-05-20 00:00:00-04:00,14.206791577631176,14.445562102465777,14.200823339198328,14.415715217590332,18100,0.0,0.0
2003-05-21 00:00:00-04:00,14.373934773750673,14.37990415241037,14.087411429340575,14.170980453491211,21300,0.0,0.0
2003-05-22 00:00:00-04:00,14.182919606795362,14.356027038589467,13.997873417348536,14.218734741210938,25400,0.0,0.0
2003-05-23 00:00:00-04:00,14.17694732309753,14.18888607830399,13.824762014303507,13.830731391906738,22300,0.0,0.0
2003-05-27 00:00:00-04:00,13.771044607705488,13.771044607705488,13.418859149217436,13.42482852935791,53100,0.0,0.0
2003-05-28 00:00:00-04:00,13.424821325063734,13.806852340698242,13.371098071172351,13.806852340698242,80200,0.0,0.0
2003-05-29 00:00:00-04:00,13.842673079910954,14.254549974915438,13.842673079910954,14.069503784179688,53100,0.0,0.0
2003-05-30 00:00:00-04:00,14.117265684369078,14.278435589596667,13.908341859652936,14.188897132873535,48500,0.0,0.0
2003-06-02 00:00:00-04:00,14.099338634493652,14.21275332047491,13.759091160924985,13.8187837600708,95600,0.0,0.0
2003-06-03 00:00:00-04:00,13.78894453078085,13.818790275154182,13.436759282173115,13.580020904541016,140300,0.0,0.0
2003-06-04 00:00:00-04:00,13.57405996038463,13.580029340676008,13.478552152808362,13.490490913391113,122400,0.0,0.0
2003-06-05 00:00:00-04:00,13.49048282183205,13.544206073688484,13.35319057310658,13.371097564697266,125700,0.0,0.0
2003-06-06 00:00:00-04:00,13.400944648001078,13.591960151430179,13.3710977640014,13.460636138916016,120200,0.0,0.0
2003-06-09 00:00:00-04:00,13.042790069763907,13.19202107482175,12.7502974364756,13.180082321166992,163800,0.0,0.0
2003-06-10 00:00:00-04:00,13.162177515554953,13.430793847930564,12.983100719666211,13.281562805175781,47600,0.0,0.0
2003-06-11 00:00:00-04:00,13.192021914211804,13.520329690811941,13.10248353318834,13.478545188903809,27500,0.0,0.0
2003-06-12 00:00:00-04:00,13.627778400392799,13.627778400392799,13.287531814527064,13.305439949035645,71100,0.0,0.0
2003-06-13 00:00:00-04:00,13.305439719810133,13.574054901556327,13.263654073343327,13.550178527832031,73100,0.0,0.0
2003-06-16 00:00:00-04:00,13.64569155186441,14.176953880308565,13.64569155186441,14.057568550109863,67300,0.0,0.0
2003-06-17 00:00:00-04:00,14.17695398902654,14.732093843184758,14.117261323469426,14.40378475189209,55600,0.0,0.0
2003-06-18 00:00:00-04:00,14.344086236879999,14.356023853341464,14.075469942006045,14.206792831420898,25600,0.0,0.0
2003-06-19 00:00:00-04:00,14.314239378554365,14.326178133582513,14.027716089132879,14.075469970703125,52600,0.0,0.0
2003-06-20 00:00:00-04:00,13.878485898514457,14.099348325600015,13.818793258339246,14.039655685424805,40100,0.0,0.0
2003-06-23 00:00:00-04:00,14.027717590332033,14.296333914500059,13.962055569192634,14.027717590332031,38500,0.0,0.0
2003-06-24 00:00:00-04:00,14.057563790223368,14.182918458341243,13.93817963899099,13.944149017333984,91700,0.0,0.0
2003-06-25 00:00:00-04:00,13.968021685369749,14.087406943462511,13.729252307726426,13.759098052978516,20300,0.0,0.0
2003-06-26 00:00:00-04:00,13.777008829919668,13.824762714622205,13.46063863217635,13.484516143798828,32600,0.0,0.0
2003-06-27 00:00:00-04:00,13.46063916642542,13.538239943736007,12.977130922304124,13.048762321472168,60300,0.0,0.0
2003-06-30 00:00:00-04:00,13.132324933347341,13.448694989343979,12.893555616813044,13.341248512268066,142300,0.0,0.0
2003-07-01 00:00:00-04:00,13.311400376157549,13.794909477233887,13.311400376157549,13.794909477233887,74400,0.0,0.0
2003-07-02 00:00:00-04:00,13.75909878944749,14.433623598254444,13.75909878944749,14.356022834777832,64700,0.0,0.0
2003-07-03 00:00:00-04:00,14.326179329225003,14.326179329225003,14.027717259866149,14.033686637878418,17700,0.0,0.0
2003-07-07 00:00:00-04:00,14.176945555446888,14.30826843071688,14.11725292539972,14.272453308105469,23800,0.0,0.0
2003-07-08 00:00:00-04:00,14.290369003383697,14.475415229797365,14.087414636913422,14.475415229797363,13900,0.0,0.0
2003-07-09 00:00:00-04:00,14.457501201846016,14.744025633349034,14.391840325464837,14.702239990234375,24000,0.0,0.0
2003-07-10 00:00:00-04:00,14.684344747925998,14.684344747925998,14.147112859041334,14.421697616577148,29400,0.0,0.0
2003-07-11 00:00:00-04:00,14.445562352411192,14.475408099260806,14.296331341078607,14.356022834777832,8200,0.0,0.0
2003-07-14 00:00:00-04:00,14.475420919319943,14.475420919319943,14.32022039345668,14.421697616577148,31700,0.0,0.0
2003-07-15 00:00:00-04:00,14.475409141578501,14.630609541164837,14.415716505038782,14.499286651611328,32100,0.0,0.0
2003-07-16 00:00:00-04:00,14.564952502527612,14.82163013035025,14.433629568113982,14.75596809387207,51100,0.0,0.0
2003-07-17 00:00:00-04:00,14.833563275794537,14.941009789899152,14.654485372772745,14.660454750061035,39300,0.0,0.0
2003-07-18 00:00:00-04:00,14.672394063563567,14.881317722443185,14.672394063563567,14.815655708312988,9600,0.0,0.0
2003-07-21 00:00:00-04:00,14.809698361963669,14.809698361963669,14.379913078564591,14.421697616577148,16900,0.0,0.0
2003-07-22 00:00:00-04:00,14.433622223001194,14.445560976020404,13.878482731571586,14.308267593383789,22200,0.0,0.0
2003-07-23 00:00:00-04:00,14.296330753291084,14.553007125854492,14.260514492293405,14.553007125854492,19100,0.0,0.0
2003-07-24 00:00:00-04:00,14.702239212497709,15.161871015563587,14.702239212497709,15.012639999389648,43900,0.0,0.0
2003-07-25 00:00:00-04:00,15.072333777200262,15.191719054614842,14.988764766135487,15.102179527282715,14200,0.0,0.0
2003-07-28 00:00:00-04:00,15.10814764016312,15.657317820917713,15.10814764016312,15.645379066467285,25400,0.0,0.0
2003-07-29 00:00:00-04:00,15.728951282737166,15.848335427353856,15.287227556716292,15.346919059753418,30800,0.0,0.0
2003-07-30 00:00:00-04:00,15.370796461953748,15.472273610351062,15.209626672403466,15.311103820800781,43600,0.0,0.0
2003-07-31 00:00:00-04:00,15.340950600499193,15.340950600499193,15.251411070141428,15.275288581848145,30900,0.0,0.0
2003-08-01 00:00:00-04:00,15.269321460526136,15.27529083933501,14.624643350221348,14.696274757385254,38600,0.0,0.0
2003-08-04 00:00:00-04:00,14.744030839355798,14.744030839355798,14.385876027422015,14.636584281921387,12700,0.0,0.0
2003-08-05 00:00:00-04:00,14.636581817636584,14.684335708618164,14.594797305345523,14.684335708618164,20100,0.0,0.0
2003-08-06 00:00:00-04:00,14.654494814980984,14.732095631186338,14.624649047851562,14.624649047851562,21800,0.0,0.0
2003-08-07 00:00:00-04:00,14.505263702247806,14.654494814980984,14.385879495187083,14.624649047851562,36700,0.0,0.0
2003-08-08 00:00:00-04:00,14.714176528727089,14.720145905415615,14.35602189721089,14.445561408996582,26300,0.0,0.0
2003-08-11 00:00:00-04:00,14.505259242219697,14.56495189666748,14.4455677263146,14.56495189666748,10800,0.0,0.0
2003-08-12 00:00:00-04:00,14.594793705760932,14.773870468139648,14.58882432854267,14.773870468139648,24500,0.0,0.0
2003-08-13 00:00:00-04:00,14.773870468139648,14.881316980983794,14.624639453309955,14.773870468139648,14200,0.0,0.0
2003-08-14 00:00:00-04:00,14.773871204245534,14.911163471479268,14.672394063563567,14.815655708312988,12200,0.0,0.0
2003-08-15 00:00:00-04:00,14.815657063755026,14.952949343549237,14.72611866991282,14.863410949707031,8100,0.0,0.0
2003-08-18 00:00:00-04:00,14.911159368950406,15.161867462919798,14.86937487637918,15.024575233459473,26600,0.0,0.0
2003-08-19 00:00:00-04:00,15.024582966674538,15.173814024691351,14.815659257742475,15.06039810180664,25900,0.0,0.0
2003-08-20 00:00:00-04:00,14.952947761593022,15.042487284504789,14.87534813208413,14.946979522705078,14400,0.0,0.0
2003-08-21 00:00:00-04:00,14.958917187108213,16.027411841172825,14.958917187108213,15.669257164001465,75300,0.0,0.0
2003-08-22 00:00:00-04:00,15.699102974739645,16.803412759322246,15.573749463432632,16.68402862548828,122200,0.0,0.0
2003-08-25 00:00:00-04:00,16.773570024312388,17.489878371646817,16.713877377398884,17.08993911743164,80000,0.0,0.0
2003-08-26 00:00:00-04:00,17.095901246439823,17.095901246439823,16.821316781035133,17.02427101135254,45100,0.0,0.0
2003-08-27 00:00:00-04:00,17.02427873089182,18.003234070293548,17.02427873089182,17.907726287841797,47200,0.0,0.0
2003-08-28 00:00:00-04:00,17.907721655450768,17.907721655450768,17.549566994633295,17.812213897705078,20700,0.0,0.0
2003-08-29 00:00:00-04:00,17.752519684651315,17.75848906129698,17.400334432352306,17.58538055419922,17800,0.0,0.0
2003-09-02 00:00:00-04:00,17.651040763546696,18.027103484180625,17.651040763546696,17.85996437072754,65100,0.0,0.0
2003-09-03 00:00:00-04:00,17.937567481758315,18.355414777641872,17.907721734284753,18.200214385986328,87200,0.0,0.0
2003-09-04 00:00:00-04:00,18.050982822889754,18.146490578153013,17.907721189994867,17.9136905670166,19000,0.0,0.0
2003-09-05 00:00:00-04:00,17.76446218273377,17.76446218273377,17.155599299032286,17.233200073242188,49300,0.0,0.0
2003-09-08 00:00:00-04:00,17.131725290584093,17.609264203394716,17.131725290584093,17.519725799560547,24700,0.0,0.0
2003-09-09 00:00:00-04:00,17.471969202423203,17.54956883678373,17.280953666881228,17.537630081176758,29500,0.0,0.0
2003-09-10 00:00:00-04:00,17.48987067143458,17.979349249790037,17.460024930389192,17.645071029663086,41000,0.0,0.0
2003-09-11 00:00:00-04:00,17.704772189463164,17.931604029562447,17.704772189463164,17.865942001342773,31700,0.0,0.0
2003-09-12 00:00:00-04:00,17.83609049612638,18.003229643591425,17.82415288016211,17.88384437561035,32700,0.0,0.0
2003-09-15 00:00:00-04:00,17.889815402319034,18.027108814718524,17.830123901367188,17.830123901367188,15400,0.0,0.0
2003-09-16 00:00:00-04:00,17.895789870337808,18.259914050134746,17.895789870337808,18.194252014160156,31500,0.0,0.0
2003-09-17 00:00:00-04:00,18.146495743971172,18.26588104130715,17.907726287841797,17.907726287841797,92000,0.0,0.0
2003-09-18 00:00:00-04:00,17.96741485595703,17.997260604241514,17.889814088749667,17.96741485595703,45700,0.0,0.0
2003-09-19 00:00:00-04:00,17.961441873221478,17.961441873221478,17.85399537929719,17.925626754760742,21900,0.0,0.0
2003-09-22 00:00:00-04:00,17.859968656032766,17.895783782315426,17.668953131135464,17.75849151611328,47300,0.0,0.0
2003-09-23 00:00:00-04:00,17.758490392830357,17.871906280517578,17.69879776044012,17.871906280517578,52200,0.0,0.0
2003-09-24 00:00:00-04:00,17.854008197201576,17.865946958107028,17.710746481964858,17.77043914794922,25300,0.0,0.0
2003-09-25 00:00:00-04:00,17.770434528462115,17.770434528462115,17.113817650409853,17.14366340637207,174600,0.0,0.0
2003-09-26 00:00:00-04:00,17.149626976727795,17.167535107365243,16.433318829363277,16.62433433532715,87200,0.0,0.0
2003-09-29 00:00:00-04:00,16.59449115749336,16.59449115749336,16.43332249992644,16.49898338317871,39400,0.0,0.0
2003-09-30 00:00:00-04:00,16.50495338627917,16.52286152159461,16.075168385591326,16.116952896118164,69000,0.0,0.0
2003-10-01 00:00:00-04:00,16.146795372348112,16.516888790615937,16.08113449993749,16.403472900390625,90600,0.0,0.0
2003-10-02 00:00:00-04:00,16.355714786619874,16.50494576302798,15.890114868893464,16.22439193725586,53200,0.0,0.0
2003-10-03 00:00:00-04:00,16.34378005244806,16.564642452777022,16.34378005244806,16.44525718688965,31800,0.0,0.0
2003-10-06 00:00:00-04:00,16.44525799170467,16.564643263434643,16.397504110721144,16.427350997924805,27700,0.0,0.0
2003-10-07 00:00:00-04:00,16.427345294124667,16.55866813659668,16.331837565319216,16.55866813659668,73000,0.0,0.0
2003-10-08 00:00:00-04:00,16.504947455452534,16.504947455452534,16.2064854720319,16.415409088134766,28400,0.0,0.0
2003-10-09 00:00:00-04:00,16.53480018871017,16.594491695685882,16.152767940519038,16.266183853149414,25900,0.0,0.0
2003-10-10 00:00:00-04:00,16.272145804164772,16.301991544029597,16.02740709393884,16.22439193725586,18400,0.0,0.0
2003-10-13 00:00:00-04:00,16.22438572455944,16.660139735560634,16.206477604372786,16.64820098876953,27200,0.0,0.0
2003-10-14 00:00:00-04:00,16.684029123142018,16.684029123142018,15.979658499904913,16.158735275268555,76800,0.0,0.0
2003-10-15 00:00:00-04:00,16.1587364924785,16.296028773168775,15.908028304958558,15.985629081726074,47300,0.0,0.0
2003-10-16 00:00:00-04:00,16.01547605383602,16.01547605383602,15.812521737117567,15.92593765258789,40800,0.0,0.0
2003-10-17 00:00:00-04:00,15.967719716683376,18.18827696460484,15.967719716683376,17.525691986083984,653300,0.0,0.0
2003-10-20 00:00:00-04:00,17.57941264544592,17.668951019724044,16.827288252133705,16.98248863220215,101400,0.0,0.0
2003-10-21 00:00:00-04:00,17.131718691669427,17.161564435270435,16.469132709139416,16.743717193603516,82900,0.0,0.0
2003-10-22 00:00:00-04:00,16.713877377398884,17.16753989998196,16.594492083571875,17.08993911743164,104300,0.0,0.0
2003-10-23 00:00:00-04:00,17.083971306926284,17.91369559040171,17.060093792143576,17.668956756591797,207500,0.0,0.0
2003-10-24 00:00:00-04:00,17.818181027800104,17.818181027800104,17.29885666432633,17.46599578857422,68600,0.0,0.0
2003-10-27 00:00:00-05:00,17.49584819004487,17.818187808356015,17.430187301477563,17.668956756591797,32000,0.0,0.0
2003-10-28 00:00:00-05:00,17.67492678474323,17.967419520323478,17.67492678474323,17.931604385375977,33200,0.0,0.0
2003-10-29 00:00:00-05:00,17.931601438098053,18.803110122680664,17.90772392636254,18.803110122680664,108200,0.0,0.0
2003-10-30 00:00:00-05:00,18.832955724559497,19.519419380463887,18.832955724559497,19.101572036743164,166200,0.0,0.0
2003-10-31 00:00:00-05:00,19.25080065029181,19.40003166308477,18.665815353393555,18.665815353393555,52600,0.0,0.0
2003-11-03 00:00:00-05:00,18.624030001849977,18.940399005862748,18.624030001849977,18.83295249938965,21500,0.0,0.0
2003-11-04 00:00:00-05:00,18.886675397719955,18.886675397719955,17.96144363344079,18.5046443939209,66900,0.0,0.0
2003-11-05 00:00:00-05:00,18.546428319638014,18.9224910736084,18.444951195071326,18.9224910736084,40900,0.0,0.0
2003-11-06 00:00:00-05:00,18.874748777058823,18.922502680349744,18.27185503642163,18.51659393310547,50600,0.0,0.0
2003-11-07 00:00:00-05:00,18.594184431971176,18.695661568753497,18.504646049761437,18.56433868408203,62900,0.0,0.0
2003-11-10 00:00:00-05:00,18.50465291522219,18.5464374331865,17.800282073701734,17.93757438659668,55400,0.0,0.0
2003-11-11 00:00:00-05:00,17.788335926644667,17.919659944038337,17.651043670771514,17.9136905670166,35300,0.0,0.0
2003-11-12 00:00:00-05:00,17.91369847161371,17.93160661058106,17.740589877224263,17.854005813598633,19900,0.0,0.0
2003-11-13 00:00:00-05:00,17.889813093669797,17.90772122476978,17.63910495098133,17.895782470703125,65500,0.0,0.0
2003-11-14 00:00:00-05:00,17.907729796650955,17.907729796650955,17.668960293737502,17.728652954101562,40600,0.0,0.0
2003-11-17 00:00:00-05:00,17.716712786221386,17.716712786221386,17.310804094258152,17.37049674987793,53300,0.0,0.0
2003-11-18 00:00:00-05:00,17.41824376500305,17.573444152880263,17.05411973427028,17.060089111328125,41300,0.0,0.0
2003-11-19 00:00:00-05:00,17.131727260557568,17.47197391737785,17.10188036348571,17.113819122314453,37600,0.0,0.0
2003-11-20 00:00:00-05:00,17.16157076208795,17.16157076208795,16.5944923162715,16.660154342651367,51900,0.0,0.0
2003-11-21 00:00:00-05:00,16.564641705077882,16.695964580792488,16.53479595922436,16.62433433532715,29300,0.0,0.0
2003-11-24 00:00:00-05:00,16.695975350890535,16.773576161835322,16.672098966514188,16.749698638916016,45400,0.0,0.0
2003-11-25 00:00:00-05:00,16.77356782569599,16.904890720858354,16.58852166920757,16.89295196533203,64300,0.0,0.0
2003-11-26 00:00:00-05:00,16.92279624938965,16.970550125602266,16.689995106628714,16.92279624938965,41800,0.0,0.0
2003-11-28 00:00:00-05:00,16.952645373322245,17.00636863708496,16.90489148759343,17.00636863708496,8400,0.0,0.0
2003-12-01 00:00:00-05:00,17.06605214116493,17.436144272768303,17.06605214116493,17.352575302124023,43800,0.0,0.0
2003-12-02 00:00:00-05:00,17.43018303765879,17.519721419105682,17.310797770034736,17.364521026611328,27800,0.0,0.0
2003-12-03 00:00:00-05:00,17.346616268152324,17.519724826015903,17.298862379524873,17.334678649902344,47800,0.0,0.0
2003-12-04 00:00:00-05:00,17.25111143863838,17.37049674987793,17.18545054214506,17.37049674987793,31800,0.0,0.0
2003-12-05 00:00:00-05:00,17.280951454287376,17.32273595501944,17.101873558738497,17.209320068359375,48300,0.0,0.0
2003-12-08 00:00:00-05:00,17.191413426440274,17.69879913330078,17.191413426440274,17.69879913330078,105700,0.0,0.0
2003-12-09 00:00:00-05:00,17.848029647313236,18.224092452832174,17.495844351338118,17.81818389892578,69600,0.0,0.0
2003-12-10 00:00:00-05:00,17.859970085208936,18.35541706951095,17.859970085208936,18.265878677368164,120100,0.0,0.0
2003-12-11 00:00:00-05:00,18.23602899328097,18.743414655732245,18.23602899328097,18.4509220123291,106700,0.0,0.0
2003-12-12 00:00:00-05:00,18.444951134594437,18.77326001348888,18.403166637299655,18.62999725341797,31500,0.0,0.0
2003-12-15 00:00:00-05:00,18.743413818416272,18.791167694011207,18.325567691596138,18.35541343688965,92900,0.0,0.0
2003-12-16 00:00:00-05:00,18.444958583085587,18.468836098920406,18.206189117450496,18.409143447875977,68200,0.0,0.0
2003-12-17 00:00:00-05:00,18.415107453806126,18.785199732921974,18.283783432116646,18.606122970581055,52200,0.0,0.0
2003-12-18 00:00:00-05:00,18.683721493408616,18.91652263694774,18.64193699390068,18.83295249938965,71800,0.0,0.0
2003-12-19 00:00:00-05:00,18.8389183068681,18.8389183068681,18.462856744006377,18.49270248413086,56000,0.0,0.0
2003-12-22 00:00:00-05:00,18.444949266332305,18.444949266332305,18.236025662477804,18.349441528320312,34400,0.0,0.0
2003-12-23 00:00:00-05:00,18.468840548823817,18.516594453456715,18.355424598367097,18.415117263793945,128500,0.0,0.0
2003-12-24 00:00:00-05:00,18.20618581705013,18.355416848337427,18.15246255470331,18.307662963867188,23600,0.0,0.0
2003-12-26 00:00:00-05:00,18.32556748009408,18.415105853483414,18.32556748009408,18.397197723388672,8800,0.0,0.0
2003-12-29 00:00:00-05:00,18.385256575307437,19.089626994365545,18.385256575307437,18.928457260131836,349600,0.0,0.0
2003-12-30 00:00:00-05:00,19.000096389694225,19.274682101441275,18.976220014805463,19.05381965637207,190600,0.0,0.0
2003-12-31 00:00:00-05:00,19.08366713280308,19.167237298816087,18.725513507334163,19.07769775390625,42800,0.0,0.0
2004-01-02 00:00:00-05:00,19.029945953881217,19.04188471298771,18.415114660952415,18.540468215942383,55300,0.0,0.0
2004-01-05 00:00:00-05:00,18.600156745685048,18.761326542232016,18.5046489711111,18.618064880371094,59400,0.0,0.0
2004-01-06 00:00:00-05:00,18.677754381318614,18.677754381318614,18.47480010986328,18.47480010986328,58400,0.0,0.0
2004-01-07 00:00:00-05:00,18.50464422687275,18.588213223563834,18.319598103395833,18.397197723388672,37200,0.0,0.0
2004-01-08 00:00:00-05:00,18.415110479765943,18.5046488756493,18.218125553405567,18.379295349121094,32500,0.0,0.0
2004-01-09 00:00:00-05:00,18.26587451602191,18.319597766776795,18.0987353871687,18.18230438232422,33800,0.0,0.0
2004-01-12 00:00:00-05:00,18.122614208608326,18.12858358563006,17.66895180183672,17.9136905670166,78700,0.0,0.0
2004-01-13 00:00:00-05:00,17.96741933326727,18.056957738975154,17.87191154870651,17.955480575561523,28400,0.0,0.0
2004-01-14 00:00:00-05:00,18.01517366195516,18.1405272052743,17.955481010523016,17.985326766967773,38200,0.0,0.0
2004-01-15 00:00:00-05:00,18.02711394056903,18.098744217495643,17.907728627634377,17.93757438659668,39400,0.0,0.0
2004-01-16 00:00:00-05:00,17.997261670864845,18.08680005956718,17.97338529853067,18.003231048583984,48000,0.0,0.0
2004-01-20 00:00:00-05:00,18.01517322554765,18.07486587553377,17.901757304428273,17.955480575561523,48400,0.0,0.0
2004-01-21 00:00:00-05:00,17.985321360841382,18.200214385986328,17.91966048869109,18.200214385986328,41300,0.0,0.0
2004-01-22 00:00:00-05:00,18.295721643452108,18.433013899740857,18.206183264939543,18.319599151611328,46100,0.0,0.0
2004-01-23 00:00:00-05:00,18.3554142753079,18.3554142753079,18.206183264939543,18.319599151611328,28700,0.0,0.0
2004-01-26 00:00:00-05:00,18.355410904263817,18.355410904263817,18.170364804183336,18.349441528320312,35900,0.0,0.0
2004-01-27 00:00:00-05:00,18.307659561294713,18.367352190423933,18.30169018452757,18.35541343688965,15400,0.0,0.0
2004-01-28 00:00:00-05:00,18.444959380278153,18.773268405940733,17.31080351558621,17.34661865234375,307600,0.0,0.0
2004-01-29 00:00:00-05:00,17.370493999522843,17.370493999522843,16.684031414943153,17.018308639526367,96500,0.0,0.0
2004-01-30 00:00:00-05:00,16.982487836442953,16.982487836442953,16.594486335181575,16.86907196044922,66900,0.0,0.0
2004-02-02 00:00:00-05:00,16.77356390621622,16.77356390621622,16.47510191905416,16.504947662353516,57500,0.0,0.0
2004-02-03 00:00:00-05:00,16.534800149206454,16.534800149206454,16.027414371327517,16.28409194946289,70300,0.0,0.0
2004-02-04 00:00:00-05:00,16.20648575267726,16.230363258264607,15.66328502452855,16.075162887573242,90600,0.0,0.0
2004-02-05 00:00:00-05:00,16.105011082467655,16.367657991197078,15.997564568053697,16.3616886138916,31800,0.0,0.0
2004-02-06 00:00:00-05:00,16.236339179422476,16.85117039508337,16.18261590873758,16.833263397216797,34500,0.0,0.0
2004-02-09 00:00:00-05:00,16.803413253991067,17.221260581066616,16.77356750428954,17.10187530517578,71100,0.0,0.0
2004-02-10 00:00:00-05:00,17.072031199069738,17.161569595336914,16.982492802802565,17.161569595336914,34800,0.0,0.0
2004-02-11 00:00:00-05:00,17.1317195892334,17.161565334398084,17.042180076654954,17.1317195892334,46000,0.0,0.0
2004-02-12 00:00:00-05:00,17.13172147622508,17.13172147622508,16.79744317314177,16.8392276763916,69300,0.0,0.0
2004-02-13 00:00:00-05:00,16.892948307049203,16.91682581293101,16.206485952537278,16.296024322509766,60400,0.0,0.0
2004-02-17 00:00:00-05:00,16.36765632769488,16.910857083320455,16.319902452646772,16.875041961669922,58600,0.0,0.0
2004-02-18 00:00:00-05:00,16.773568862663566,16.773568862663566,16.385568392410462,16.540767669677734,27300,0.0,0.0
2004-02-19 00:00:00-05:00,16.594488374423243,16.62433526047998,15.967718568281446,15.997564315795898,57500,0.0,0.0
2004-02-20 00:00:00-05:00,16.087101292051603,16.087101292051603,15.603592061255863,15.728946685791016,74600,0.0,0.0
2004-02-23 00:00:00-05:00,15.806556977864284,15.818495738464359,15.526002935019784,15.579726219177246,51200,0.0,0.0
2004-02-24 00:00:00-05:00,15.579722985037973,15.788646697998047,15.490184576210126,15.788646697998047,102400,0.0,0.0
2004-02-25 00:00:00-05:00,15.728956922318893,15.728956922318893,15.49018740893281,15.53197193145752,63100,0.0,0.0
2004-02-26 00:00:00-05:00,15.502117745128338,15.57971851209788,15.502117745128338,15.525995254516602,90700,0.0,0.0
2004-02-27 00:00:00-05:00,15.525995766272404,16.32587414046719,15.525995766272404,16.23633575439453,217500,0.0,0.0
2004-03-01 00:00:00-05:00,16.29603492009452,16.54077382183013,16.266189156875207,16.475112915039062,85800,0.0,0.0
2004-03-02 00:00:00-05:00,16.421379171565977,16.504948166188928,16.039348180670018,16.12291717529297,72700,0.0,0.0
2004-03-03 00:00:00-05:00,15.997560215532022,16.43928490761697,15.955775724304473,16.22439193725586,47000,0.0,0.0
2004-03-04 00:00:00-05:00,16.188584870001765,16.355722918006062,16.087107710052344,16.25424575805664,93100,0.0,0.0
2004-03-05 00:00:00-05:00,16.206488857336403,16.89295133488766,16.164704353096063,16.77356719970703,160300,0.0,0.0
2004-03-08 00:00:00-05:00,16.71387456284554,17.083968000552897,16.59448928912256,16.77356719970703,73000,0.0,0.0
2004-03-09 00:00:00-05:00,16.684025504664756,16.803409616167375,16.301993387646856,16.522855758666992,68900,0.0,0.0
2004-03-10 00:00:00-05:00,16.41540957483451,16.51091732127745,16.236332834889538,16.296024322509766,34000,0.0,0.0
2004-03-11 00:00:00-05:00,16.146792260144096,16.170669764449183,15.75879192352295,15.75879192352295,53300,0.0,0.0
2004-03-12 00:00:00-05:00,15.866247253627089,15.997570184828357,15.651354149349828,15.991601943969727,48100,0.0,0.0
2004-03-15 00:00:00-05:00,15.943840616208035,16.0871033882132,15.848332860566094,15.967718124389648,63300,0.0,0.0
2004-03-16 00:00:00-05:00,16.0274065008177,16.03337587627816,15.639406204223633,15.639406204223633,75200,0.0,0.0
2004-03-17 00:00:00-05:00,15.788638980081252,15.908023087312634,15.669253734307787,15.734915733337402,37400,0.0,0.0
2004-03-18 00:00:00-05:00,15.699110890203496,15.758803556488584,15.526003410373947,15.66329574584961,48300,0.0,0.0
2004-03-19 00:00:00-05:00,15.782677530584957,15.782677530584957,15.490184783935545,15.490184783935547,48200,0.0,0.0
2004-03-22 00:00:00-05:00,15.508082421393436,15.508082421393436,15.10814336871507,15.209620475769043,43600,0.0,0.0
2004-03-23 00:00:00-05:00,15.060392722584218,15.191716735400403,14.76790008996795,14.923100471496582,103700,0.0,0.0
2004-03-24 00:00:00-05:00,15.012640397353424,15.114117536583407,14.87534813208413,14.946979522705078,30500,0.0,0.0
2004-03-25 00:00:00-05:00,15.012642598711745,15.203658150320472,14.917134822907382,15.072335243225098,20700,0.0,0.0
2004-03-26 00:00:00-05:00,14.923098948474395,15.251406669923993,14.923098948474395,14.988760948181152,22700,0.0,0.0
2004-03-29 00:00:00-05:00,15.10814374787908,15.55583667755127,15.10814374787908,15.55583667755127,38500,0.0,0.0
2004-03-30 00:00:00-05:00,15.520032084303207,15.699108922166522,15.412585526168112,15.609570503234863,36100,0.0,0.0
2004-03-31 00:00:00-05:00,15.561810062398854,15.705071700177145,15.352886413685487,15.645379066467285,28700,0.0,0.0
2004-04-01 00:00:00-05:00,15.669256928002484,16.057257348035037,15.669256928002484,15.931903839111328,82900,0.0,0.0
2004-04-02 00:00:00-05:00,16.027417064411964,16.06323220223834,15.728954925925866,15.919970512390137,76300,0.0,0.0
2004-04-05 00:00:00-04:00,15.967714668846847,15.997560409072747,15.764760447393096,15.94383716583252,35900,0.0,0.0
2004-04-06 00:00:00-04:00,16.00353135410922,16.00353135410922,15.525992632416004,15.597622871398926,53300,0.0,0.0
2004-04-07 00:00:00-04:00,15.448394367534128,15.45436374483482,15.1917179748582,15.400640487670898,37600,0.0,0.0
2004-04-08 00:00:00-04:00,15.490175233338071,15.752820922346453,15.22155903032728,15.639406204223633,55400,0.0,0.0
2004-04-12 00:00:00-04:00,15.639409149792154,15.78267077219954,15.543901401520564,15.693132400512695,19300,0.0,0.0
2004-04-13 00:00:00-04:00,15.69314109682802,15.69314109682802,15.424524694372202,15.472278594970703,47500,0.0,0.0
2004-04-14 00:00:00-04:00,15.472278086527261,15.579724643978725,15.400646668712032,15.573755264282227,54600,0.0,0.0
2004-04-15 00:00:00-04:00,15.561817693677211,15.615540976506935,15.508094410847486,15.53197193145752,42700,0.0,0.0
2004-04-16 00:00:00-04:00,15.591662823068328,15.734924514823993,15.502123269496158,15.549877166748047,47200,0.0,0.0
2004-04-19 00:00:00-04:00,15.639408143788298,15.758792252177328,15.579715520322736,15.752822875976562,41800,0.0,0.0
2004-04-20 00:00:00-04:00,15.758797808772394,15.776705943689148,15.066365864919511,15.072335243225098,82600,0.0,0.0
2004-04-21 00:00:00-04:00,15.114117208491509,15.400640487670897,15.054424574026894,15.400640487670898,67800,0.0,0.0
2004-04-22 00:00:00-04:00,15.358858912569067,16.355722340944745,15.358858912569067,16.116952896118164,71000,0.0,0.0
2004-04-23 00:00:00-04:00,16.099051441754884,16.1050208226706,15.699112028745892,15.878190040588379,37600,0.0,0.0
2004-04-26 00:00:00-04:00,15.75879495666179,15.848333337955436,15.227532907582841,15.645379066467285,59300,0.0,0.0
2004-04-27 00:00:00-04:00,15.537927529897713,15.7946038175337,15.537927529897713,15.782666206359863,18000,0.0,0.0
2004-04-28 00:00:00-04:00,15.699110788950222,15.699110788950222,15.364833453869775,15.388710975646973,26000,0.0,0.0
2004-04-29 00:00:00-04:00,15.520033012316066,15.567786914504556,15.31110926328786,15.37080192565918,31700,0.0,0.0
2004-04-30 00:00:00-04:00,15.329010908354505,15.329010908354505,14.93504109759662,14.941010475158691,134400,0.0,0.0
2004-05-03 00:00:00-04:00,14.821626701393585,14.863411210015572,14.576887889285542,14.803718566894531,79800,0.0,0.0
2004-05-04 00:00:00-04:00,14.773872814605246,14.881319344514626,14.642549910572933,14.803718566894531,35700,0.0,0.0
2004-05-05 00:00:00-04:00,14.654484759697269,14.80371577003448,14.606730881931052,14.744024276733398,42300,0.0,0.0
2004-05-06 00:00:00-04:00,14.714178612377628,14.714178612377628,14.254546789153173,14.260516166687012,30000,0.0,0.0
2004-05-07 00:00:00-04:00,14.296333748056846,14.36199462988933,13.424823903102277,13.532270431518555,46800,0.0,0.0
2004-05-10 00:00:00-04:00,13.597929307761278,14.057559928482044,13.597929307761278,13.854605674743652,29700,0.0,0.0
2004-05-11 00:00:00-04:00,13.848640799914993,14.027717590332033,13.794917535081387,14.027717590332031,23800,0.0,0.0
2004-05-12 00:00:00-04:00,14.033688455792491,14.033688455792491,13.705379453843372,13.908333778381348,27800,0.0,0.0
2004-05-13 00:00:00-04:00,13.914299659087865,14.021746173130152,13.699407769545592,13.788946151733398,16100,0.0,0.0
2004-05-14 00:00:00-04:00,13.729254278526115,13.824762043293342,13.550177504223154,13.609869003295898,11500,0.0,0.0
2004-05-17 00:00:00-04:00,13.520323935303175,13.848632710686813,13.323339125489712,13.794909477233887,18700,0.0,0.0
2004-05-18 00:00:00-04:00,13.848638786039368,13.866545779351549,13.639715135239621,13.788946151733398,16000,0.0,0.0
2004-05-19 00:00:00-04:00,13.735228525172975,13.848644462992507,13.609873827889752,13.663597106933594,62300,0.0,0.0
2004-05-20 00:00:00-04:00,13.699405165688917,13.72925090789795,13.55614241516773,13.72925090789795,25000,0.0,0.0
2004-05-21 00:00:00-04:00,13.72925165741081,13.812820650991997,13.550174917296223,13.639713287353516,62600,0.0,0.0
2004-05-24 00:00:00-04:00,13.669556522353426,13.72924913761667,13.609863907090185,13.615833282470703,18900,0.0,0.0
2004-05-25 00:00:00-04:00,13.585990681140432,13.848637565819187,13.484513553324243,13.759098052978516,45600,0.0,0.0
2004-05-26 00:00:00-04:00,13.759097487182588,13.78297499323614,13.615835866487739,13.693436622619629,23700,0.0,0.0
2004-05-27 00:00:00-04:00,13.66358974005269,13.848636996341254,13.627774619514515,13.693436622619629,14300,0.0,0.0
2004-05-28 00:00:00-04:00,13.729256124040736,13.777010012843524,13.60390259288686,13.645687103271484,26000,0.0,0.0
2004-06-01 00:00:00-04:00,13.58002291643039,13.585992293897858,13.269622119376107,13.502423286437988,48400,0.0,0.0
2004-06-02 00:00:00-04:00,13.532265456964923,13.574049949645998,13.472572836616802,13.574049949645996,14800,0.0,0.0
2004-06-03 00:00:00-04:00,13.520334657326044,13.520334657326044,13.197996139526367,13.197996139526367,33300,0.0,0.0
2004-06-04 00:00:00-04:00,13.156206514924998,13.281560018033113,12.953252248285155,13.001006126403809,44000,0.0,0.0
2004-06-07 00:00:00-04:00,13.054730547539776,13.8068539104461,13.054730547539776,13.609869003295898,33200,0.0,0.0
2004-06-08 00:00:00-04:00,13.651656481689649,13.842672036900803,13.574055700796043,13.645687103271484,19000,0.0,0.0
2004-06-09 00:00:00-04:00,13.597933047663279,13.729255955624383,13.4069163562528,13.466609001159668,14300,0.0,0.0
2004-06-10 00:00:00-04:00,13.430796990105453,13.663597106933594,13.430796990105453,13.663597106933594,24800,0.0,0.0
2004-06-14 00:00:00-04:00,13.705375042078389,13.729252549534365,13.371097907490244,13.454668045043945,30500,0.0,0.0
2004-06-15 00:00:00-04:00,13.49048973921642,13.723289857603444,13.478550979672784,13.60390567779541,36700,0.0,0.0
2004-06-16 00:00:00-04:00,13.639715552562727,13.71731518255513,13.466607021633184,13.502423286437988,22200,0.0,0.0
2004-06-17 00:00:00-04:00,13.448698316711452,13.824759940977339,13.42482080987949,13.723282814025879,24200,0.0,0.0
2004-06-18 00:00:00-04:00,13.72328464510635,13.72328464510635,13.544207874141406,13.669561386108398,29500,0.0,0.0
2004-06-21 00:00:00-04:00,13.639711145969988,13.723280126431158,13.609864268275306,13.699403762817383,39500,0.0,0.0
2004-06-22 00:00:00-04:00,13.669558284937802,13.75909665010698,13.538235425259145,13.72925090789795,29200,0.0,0.0
2004-06-23 00:00:00-04:00,13.729249501970095,13.729249501970095,13.508387161197327,13.699403762817383,20000,0.0,0.0
2004-06-24 00:00:00-04:00,13.729252307726426,13.848637565819187,13.663590301921186,13.759098052978516,24800,0.0,0.0
2004-06-25 00:00:00-04:00,13.75910068725605,14.296333312988281,13.75910068725605,14.296333312988281,118500,0.0,0.0
2004-06-28 00:00:00-04:00,14.296332355407113,14.302300594366674,14.087408697009852,14.206792831420898,36300,0.0,0.0
2004-06-29 00:00:00-04:00,14.147097065486076,14.409742765078894,14.123219562682001,14.326173782348633,44500,0.0,0.0
2004-06-30 00:00:00-04:00,14.326181639525938,14.3560273958579,14.26051960934447,14.28439712524414,20600,0.0,0.0
2004-07-01 00:00:00-04:00,14.284390031345438,14.326174524876265,14.015773803587185,14.2366361618042,27800,0.0,0.0
2004-07-02 00:00:00-04:00,14.26648713975955,14.296334030766769,13.890425421408413,13.950118064880371,17800,0.0,0.0
2004-07-06 00:00:00-04:00,13.914294749282211,13.914294749282211,13.64567969750245,13.735218048095703,26100,0.0,0.0
2004-07-07 00:00:00-04:00,13.78297677444857,14.02771555041498,13.657622128551802,13.788946151733398,24700,0.0,0.0
2004-07-08 00:00:00-04:00,13.75909764786535,13.818790275154182,13.550175160167683,13.580020904541016,65400,0.0,0.0
2004-07-09 00:00:00-04:00,13.526302204675444,13.580025473456036,13.329317265327454,13.418855667114258,11000,0.0,0.0
2004-07-12 00:00:00-04:00,13.383027959673859,13.383027959673859,13.18007383242618,13.251705169677734,12900,0.0,0.0
2004-07-13 00:00:00-04:00,13.251714640155356,13.389006901251594,13.239775885657695,13.311406135559082,23200,0.0,0.0
2004-07-14 00:00:00-04:00,13.311406135559082,13.377068146753933,13.275591010608387,13.311406135559082,15100,0.0,0.0
2004-07-15 00:00:00-04:00,13.34125678148236,13.44870332515608,13.251718374601795,13.257686614990234,18500,0.0,0.0
2004-07-16 00:00:00-04:00,13.299471617393115,13.329317372046821,13.150240567039459,13.156209945678711,23200,0.0,0.0
2004-07-19 00:00:00-04:00,13.19202071170072,13.269620331236233,13.13232808361223,13.203959465026855,35500,0.0,0.0
2004-07-20 00:00:00-04:00,13.150242242869277,13.25171941558343,13.132334104669354,13.197996139526367,18900,0.0,0.0
2004-07-21 00:00:00-04:00,13.221871206850002,13.221871206850002,13.012947502748911,13.132332801818848,73600,0.0,0.0
2004-07-22 00:00:00-04:00,13.13232844509017,13.341252079879593,13.13232844509017,13.180082321166992,29500,0.0,0.0
2004-07-23 00:00:00-04:00,13.132329764840852,13.49048444068134,13.132329764840852,13.245745658874512,31300,0.0,0.0
2004-07-26 00:00:00-04:00,13.263656428570357,13.699411996475977,13.251718808859671,13.44870376586914,26100,0.0,0.0
2004-07-27 00:00:00-04:00,13.490484866608046,13.729254278526115,13.490484866608046,13.609869003295898,18300,0.0,0.0
2004-07-28 00:00:00-04:00,13.64568290841295,13.669559276203183,13.412881775840715,13.580020904541016,21100,0.0,0.0
2004-07-29 00:00:00-04:00,13.55017729813219,13.55017729813219,11.078910791375327,11.096818923950195,307400,0.0,0.0
2004-07-30 00:00:00-04:00,11.150543855512307,11.401252056450428,10.953558921813965,10.953558921813965,210500,0.0,0.0
2004-08-02 00:00:00-04:00,10.923706902379443,11.102784755304572,10.67299881911785,10.73866081237793,179900,0.0,0.0
2004-08-03 00:00:00-04:00,10.744632915247408,10.864018180833732,10.631217026794626,10.834171295166016,46400,0.0,0.0
2004-08-04 00:00:00-04:00,10.786419136350258,10.834173022489875,10.547649705652173,10.744634628295898,185400,0.0,0.0
2004-08-05 00:00:00-04:00,10.71478839939407,10.71478839939407,10.153679408327074,10.237248420715332,70700,0.0,0.0
2004-08-06 00:00:00-04:00,10.207405233558074,10.237250991608395,9.920881857521314,10.225312232971191,80100,0.0,0.0
2004-08-09 00:00:00-04:00,10.237247330945822,10.6252477395712,10.237247330945822,10.332755088806152,69700,0.0,0.0
2004-08-10 00:00:00-04:00,10.326788174862205,11.132636070251465,10.308881177580979,11.132636070251465,195600,0.0,0.0
2004-08-11 00:00:00-04:00,11.102787376827383,11.938480805504227,11.04309474509141,11.854911804199219,106100,0.0,0.0
2004-08-12 00:00:00-04:00,11.848938523942278,11.848938523942278,11.383337516028792,11.50272274017334,69200,0.0,0.0
2004-08-13 00:00:00-04:00,11.550482896177929,11.687775181777754,11.520636004606773,11.568389892578125,30200,0.0,0.0
2004-08-16 00:00:00-04:00,11.550481614385403,11.66986575179411,11.520634726126449,11.574357986450195,16100,0.0,0.0
2004-08-17 00:00:00-04:00,11.520635680096156,11.580328323014562,11.383343398363548,11.460944175720215,55900,0.0,0.0
2004-08-18 00:00:00-04:00,11.454977467783554,11.580331022444494,11.401254190488084,11.484823226928711,91900,0.0,0.0
2004-08-19 00:00:00-04:00,11.484820549762098,11.490789927908185,11.43109728498978,11.460944175720215,81900,0.0,0.0
2004-08-20 00:00:00-04:00,11.454971977486139,11.669863845128935,11.454971977486139,11.663895606994629,26100,0.0,0.0
2004-08-23 00:00:00-04:00,11.699709658450805,11.729555400561377,11.46690854352844,11.520631790161133,23900,0.0,0.0
2004-08-24 00:00:00-04:00,11.550482419417513,11.634051435282341,11.514667289552937,11.556451797485352,22500,0.0,0.0
2004-08-25 00:00:00-04:00,11.586296298465449,11.604204430735662,11.43109590108392,11.544511795043945,46200,0.0,0.0
2004-08-26 00:00:00-04:00,11.568385837553075,11.610171471105723,11.431093600077809,11.496755599975586,37400,0.0,0.0
2004-08-27 00:00:00-04:00,11.46094030593999,11.538539918552726,11.443032177548398,11.520631790161133,24200,0.0,0.0
2004-08-30 00:00:00-04:00,11.472883212396757,11.78925346201217,11.419159940980128,11.747468948364258,119800,0.0,0.0
2004-08-31 00:00:00-04:00,11.789249795435426,11.88475755079608,11.640018785366623,11.854911804199219,27900,0.0,0.0
2004-09-01 00:00:00-04:00,11.890728736698485,11.9683283727805,11.520635274468873,11.526604652404785,23600,0.0,0.0
2004-09-02 00:00:00-04:00,11.550478696341163,11.741494178771974,11.44303220283831,11.741494178771973,30100,0.0,0.0
2004-09-03 00:00:00-04:00,11.80118781071762,11.896695560099333,11.747464559372633,11.813126564025879,43500,0.0,0.0
2004-09-07 00:00:00-04:00,11.813131270035669,12.0757771161948,11.645992072763157,11.944454193115234,60700,0.0,0.0
2004-09-08 00:00:00-04:00,11.932513763907647,11.938483142103795,11.699713706970215,11.699713706970215,38400,0.0,0.0
2004-09-09 00:00:00-04:00,11.711652382070428,11.968328811468357,11.681805491296855,11.848944664001465,38200,0.0,0.0
2004-09-10 00:00:00-04:00,11.819093704223633,11.860879336920938,11.699709597857561,11.819093704223633,27400,0.0,0.0
2004-09-13 00:00:00-04:00,11.819096276729312,12.05786681851562,11.735527270229499,11.896697044372559,26500,0.0,0.0
2004-09-14 00:00:00-04:00,11.896697044372559,11.980266050872373,11.88475828957478,11.896697044372559,41900,0.0,0.0
2004-09-15 00:00:00-04:00,11.926544042344391,11.998175440093425,11.884759534716807,11.908637046813965,55400,0.0,0.0
2004-09-16 00:00:00-04:00,11.938484649815237,12.159347116795571,11.91460713401515,12.039961814880371,47500,0.0,0.0
2004-09-17 00:00:00-04:00,12.09965087106489,12.302605140898,12.022050106312198,12.201128005981445,43300,0.0,0.0
2004-09-20 00:00:00-04:00,12.165310908596261,12.236942291259764,12.13546516330275,12.236942291259766,12500,0.0,0.0
2004-09-21 00:00:00-04:00,12.225005113544976,12.260821378764593,12.02205083146987,12.242913246154785,32700,0.0,0.0
2004-09-22 00:00:00-04:00,12.183217345537207,12.225001838557322,12.05189449053941,12.19515609741211,47900,0.0,0.0
2004-09-23 00:00:00-04:00,12.16531579584544,12.183223933341216,12.057870386498765,12.069808006286621,21900,0.0,0.0
2004-09-24 00:00:00-04:00,12.105619252527557,12.195157625726312,12.063833615728765,12.129495620727539,28500,0.0,0.0
2004-09-27 00:00:00-04:00,12.099651373701931,12.738359957074547,12.063835109154855,12.618974685668945,88800,0.0,0.0
2004-09-28 00:00:00-04:00,12.660756111302593,12.941311089340902,12.654787873871271,12.899526596069336,111400,0.0,0.0
2004-09-29 00:00:00-04:00,12.959220363042228,13.460636647769814,12.87565136176838,13.430790901184082,81900,0.0,0.0
2004-09-30 00:00:00-04:00,13.39497667892952,13.669561209330421,13.23977628144723,13.245745658874512,34200,0.0,0.0
2004-10-01 00:00:00-04:00,13.245739310174061,13.394970258702479,13.156200968765367,13.23976993560791,24700,0.0,0.0
2004-10-04 00:00:00-04:00,13.251721059455544,13.442736669779332,13.251721059455544,13.42482852935791,22100,0.0,0.0
2004-10-05 00:00:00-04:00,13.383042900096388,13.466611938065904,13.329319621818057,13.335289001464844,18000,0.0,0.0
2004-10-06 00:00:00-04:00,13.335283667821356,13.389006924612278,12.266789047804448,12.421989440917969,188100,0.0,0.0
2004-10-07 00:00:00-04:00,12.433932119825053,12.475716635285481,12.213069645693663,12.272762298583984,44300,0.0,0.0
2004-10-08 00:00:00-04:00,12.236944420986806,12.702545642977666,12.236944420986806,12.511528968811035,44200,0.0,0.0
2004-10-11 00:00:00-04:00,12.475712895680996,12.636882668611303,12.475712895680996,12.601067543029785,14700,0.0,0.0
2004-10-12 00:00:00-04:00,12.601065922718954,12.83386591687766,12.505558174420912,12.744327545166016,49100,0.0,0.0
2004-10-13 00:00:00-04:00,12.7741764970433,12.7741764970433,12.529437688259957,12.535407066345215,17000,0.0,0.0
2004-10-14 00:00:00-04:00,12.4757135857617,12.595098862360183,12.219036038054623,12.571221351623535,52300,0.0,0.0
2004-10-15 00:00:00-04:00,12.523467722689384,12.547345233910308,12.344390942702061,12.398114204406738,17500,0.0,0.0
2004-10-18 00:00:00-04:00,12.433927170406648,12.433927170406648,12.19515779243197,12.236942291259766,29900,0.0,0.0
2004-10-19 00:00:00-04:00,12.236943523010865,12.320512529078373,12.039958624035798,12.045928001403809,28800,0.0,0.0
2004-10-20 00:00:00-04:00,12.04592482105544,12.302602287400664,12.022047317887505,12.18321704864502,38300,0.0,0.0
2004-10-21 00:00:00-04:00,12.183222026210055,12.34439182281494,12.177252647979227,12.344391822814941,15700,0.0,0.0
2004-10-22 00:00:00-04:00,12.29663291160868,12.350356155194518,12.117555053475215,12.18321704864502,44100,0.0,0.0
2004-10-25 00:00:00-04:00,12.153373718261719,12.344389227315835,12.057865963734661,12.153373718261719,32400,0.0,0.0
2004-10-26 00:00:00-04:00,12.183220023665024,12.266789028075477,12.129496766960507,12.219035148620605,40100,0.0,0.0
2004-10-27 00:00:00-04:00,12.219034489857739,12.314542243618389,12.159342997664007,12.230973243713379,32300,0.0,0.0
2004-10-28 00:00:00-04:00,12.08174400978941,12.189190533179248,11.819097079118961,11.992205619812012,55300,0.0,0.0
2004-10-29 00:00:00-04:00,12.051894906993082,12.051894906993082,11.538539944053717,11.741494178771973,33000,0.0,0.0
2004-11-01 00:00:00-05:00,11.801190859219796,11.926544385711498,11.681805572381768,11.699713706970215,85800,0.0,0.0
2004-11-02 00:00:00-05:00,11.699709795222045,12.296633752748251,11.699709795222045,12.1474027633667,95200,0.0,0.0
2004-11-03 00:00:00-05:00,12.28469115703514,12.535399186302866,12.219029177916386,12.296629905700684,96700,0.0,0.0
2004-11-04 00:00:00-05:00,12.159348143032526,12.38020949011072,12.159348143032526,12.350363731384277,56800,0.0,0.0
2004-11-05 00:00:00-05:00,12.350360320507292,12.475713838789938,12.284698303192153,12.398114204406738,46100,0.0,0.0
2004-11-08 00:00:00-05:00,12.39811420612315,12.601068497359494,12.39811420612315,12.511528968811035,42300,0.0,0.0
2004-11-09 00:00:00-05:00,12.529437320654472,12.595099339123385,12.481683435915922,12.559284210205078,29700,0.0,0.0
2004-11-10 00:00:00-05:00,12.55928457868625,12.678668724764066,12.529437688259957,12.535407066345215,56400,0.0,0.0
2004-11-11 00:00:00-05:00,12.541370697470693,12.86370899656914,12.52346257142114,12.833863258361816,86000,0.0,0.0
2004-11-12 00:00:00-05:00,12.869681037853884,12.893558544199477,12.493619421248114,12.744327545166016,44800,0.0,0.0
2004-11-15 00:00:00-05:00,12.77417151074515,12.911463737487793,12.75029514626652,12.911463737487793,23200,0.0,0.0
2004-11-16 00:00:00-05:00,12.953254553976398,12.983100306159779,12.90550066735751,12.959222793579102,60900,0.0,0.0
2004-11-17 00:00:00-05:00,12.89953376547214,13.07264121074277,12.89953376547214,12.983102798461914,39800,0.0,0.0
2004-11-18 00:00:00-05:00,12.9890703871309,12.9890703871309,12.792085451851511,12.905501365661621,32700,0.0,0.0
2004-11-19 00:00:00-05:00,12.845803950657475,12.971157436325273,12.80998769314487,12.815957069396973,45900,0.0,0.0
2004-11-22 00:00:00-05:00,12.815958789076687,13.126359564583698,12.815958789076687,13.060697555541992,28700,0.0,0.0
2004-11-23 00:00:00-05:00,13.012946090678684,13.060699977416235,12.929377073523586,13.030854225158691,31500,0.0,0.0
2004-11-24 00:00:00-05:00,13.072636309648168,13.168144065413054,12.941313430107012,13.060697555541992,42900,0.0,0.0
2004-11-26 00:00:00-05:00,13.120391009986292,13.359160414365842,13.120391009986292,13.245745658874512,13600,0.0,0.0
2004-11-29 00:00:00-05:00,13.281562826636632,13.669563310717516,13.281562826636632,13.466609001159668,40200,0.0,0.0
2004-11-30 00:00:00-05:00,13.287529136994248,13.6695601545222,13.257682252160977,13.526298522949219,27800,0.0,0.0
2004-12-01 00:00:00-05:00,13.526295763858494,13.729249985157223,13.526295763858494,13.711341857910156,27500,0.0,0.0
2004-12-02 00:00:00-05:00,13.717312298290594,14.153066514911018,13.663589050921818,14.1172513961792,79600,0.0,0.0
2004-12-03 00:00:00-05:00,14.117250186980982,14.409742765078894,14.033681204250723,14.326173782348633,36300,0.0,0.0
2004-12-06 00:00:00-05:00,14.206795480835007,14.361995909200681,13.991903543403158,14.135165214538574,56200,0.0,0.0
2004-12-07 00:00:00-05:00,14.087405387486395,14.123220505541507,13.836697284016461,13.95608139038086,89800,0.0,0.0
2004-12-08 00:00:00-05:00,13.962058588265531,13.985936106040251,13.735227862119249,13.932212829589844,106600,0.0,0.0
2004-12-09 00:00:00-05:00,14.057558324662407,14.11725094634143,13.932204843824309,14.08740520477295,57800,0.0,0.0
2004-12-10 00:00:00-05:00,13.93817440062434,13.979958894778985,13.729250791309049,13.95608139038086,56600,0.0,0.0
2004-12-13 00:00:00-05:00,14.105959942421645,14.105959942421645,13.902133831377627,13.992056846618652,58600,0.1,0.0
2004-12-14 00:00:00-05:00,14.028022367965562,14.267817397341414,14.028022367965562,14.213863372802734,55100,0.0,0.0
2004-12-15 00:00:00-05:00,14.243838983196769,14.441670032542573,14.15991100572671,14.369730949401855,59800,0.0,0.0
2004-12-16 00:00:00-05:00,14.429679615054344,14.47763862140844,14.327766583622777,14.40570068359375,35900,0.0,0.0
2004-12-17 00:00:00-05:00,14.297791376903202,14.393709381181813,13.968072236691771,14.243837356567383,100000,0.0,0.0
2004-12-20 00:00:00-05:00,14.255830793834798,14.327768742488887,14.093968694213478,14.285804748535156,89000,0.0,0.0
2004-12-21 00:00:00-05:00,14.321777997621778,14.321777997621778,14.201880999600453,14.273818969726562,56400,0.0,0.0
2004-12-22 00:00:00-05:00,14.177898327789638,14.375729424700815,14.111955391108053,14.26182746887207,38800,0.0,0.0
2004-12-23 00:00:00-05:00,14.153913310703992,14.381718267950482,14.093964276660373,14.30378532409668,34800,0.0,0.0
2004-12-27 00:00:00-05:00,14.303788628813495,14.303788628813495,13.968074417979619,14.004044532775879,54600,0.0,0.0
2004-12-28 00:00:00-05:00,14.063992595387733,14.135931682356233,13.908126669916474,14.11794662475586,65100,0.0,0.0
2004-12-29 00:00:00-05:00,14.147924002751804,14.189888000488281,14.028025886276286,14.189888000488281,33900,0.0,0.0
2004-12-30 00:00:00-05:00,14.141923876765166,14.141923876765166,13.914117766395744,13.998046875,26500,0.0,0.0
2004-12-31 00:00:00-05:00,13.998051806506052,14.05800086421975,13.87215867096397,13.968076705932617,36600,0.0,0.0
2005-01-03 00:00:00-05:00,13.968074417979619,14.063992437237015,13.860167503889784,14.004044532775879,107800,0.0,0.0
2005-01-04 00:00:00-05:00,14.034020127742405,14.034020127742405,13.74027101645304,13.842184066772461,49200,0.0,0.0
2005-01-05 00:00:00-05:00,13.806212696427274,13.81820159058351,13.518457511452128,13.57241153717041,66500,0.0,0.0
2005-01-06 00:00:00-05:00,13.602383253813919,13.782229199265714,13.602383253813919,13.674321174621582,33000,0.0,0.0
2005-01-07 00:00:00-05:00,13.69830378553521,13.69830378553521,13.392564706791854,13.626364707946777,145700,0.0,0.0
2005-01-10 00:00:00-05:00,13.584401341496575,13.632360347596757,13.368585242329308,13.434529304504395,87800,0.0,0.0
2005-01-11 00:00:00-05:00,13.374579939711419,13.404555032449476,13.308637022553436,13.38656997680664,109600,0.0,0.0
2005-01-12 00:00:00-05:00,13.392572349626715,13.392572349626715,13.236705212096004,13.368592262268066,60900,0.0,0.0
2005-01-13 00:00:00-05:00,13.338615617342723,13.392569659629109,13.26068263594754,13.30264663696289,22900,0.0,0.0
2005-01-14 00:00:00-05:00,13.314632542836662,13.398561669440712,13.290653609116228,13.362592697143555,15300,0.0,0.0
2005-01-18 00:00:00-05:00,13.392572420794659,13.548439559153644,13.326628323641451,13.42254638671875,176700,0.0,0.0
2005-01-19 00:00:00-05:00,13.428536108421365,13.428536108421365,13.23070503847808,13.236700057983398,79500,0.0,0.0
2005-01-20 00:00:00-05:00,13.212720937542873,13.332617895663585,13.128791809082031,13.128791809082031,117900,0.0,0.0
2005-01-21 00:00:00-05:00,13.1587668124946,13.254684835681434,12.990909700201124,13.074837684631348,73200,0.0,0.0
2005-01-24 00:00:00-05:00,13.074840103404357,13.128794144357279,12.72713691917066,12.77509593963623,104000,0.0,0.0
2005-01-25 00:00:00-05:00,12.775095908014597,13.056856153056481,12.775095908014597,12.918972969055176,47000,0.0,0.0
2005-01-26 00:00:00-05:00,12.948945707986013,13.170755707818183,12.948945707986013,13.074837684631348,55000,0.0,0.0
2005-01-27 00:00:00-05:00,13.098816675735307,13.176749634323503,12.936954596244897,12.9909086227417,99100,0.0,0.0
2005-01-28 00:00:00-05:00,13.008891585594855,13.08082951372351,12.996901549762496,13.026875495910645,118200,0.0,0.0
2005-01-31 00:00:00-05:00,13.026882577832646,13.092826667327655,12.948949589420396,12.954944610595703,64700,0.0,0.0
2005-02-01 00:00:00-05:00,12.978917167381615,13.068840153910307,12.745117173720457,12.859020233154297,81000,0.0,0.0
2005-02-02 00:00:00-05:00,12.81705806647233,13.092823251422736,12.81705806647233,13.086828231811523,31200,0.0,0.0
2005-02-03 00:00:00-05:00,13.038869043811646,13.038869043811646,12.709150973640208,12.835042953491211,36600,0.0,0.0
2005-02-04 00:00:00-05:00,12.835043315819187,13.074838386661645,12.769099242550102,13.050859451293945,25500,0.0,0.0
2005-02-07 00:00:00-05:00,13.050862817004543,13.164764790383414,13.044867795758277,13.06285285949707,60500,0.0,0.0
2005-02-08 00:00:00-05:00,13.014890870384681,13.116803930459621,12.505326713443205,12.667187690734863,61200,0.0,0.0
2005-02-09 00:00:00-05:00,12.673183277566915,12.709153401624492,12.517316170283916,12.565275192260742,22400,0.0,0.0
2005-02-10 00:00:00-05:00,12.505328756657907,12.505328756657907,12.205584547866938,12.40341567993164,38200,0.0,0.0
2005-02-11 00:00:00-05:00,12.349462321351242,12.457370425498636,12.313493334446601,12.4154052734375,28200,0.0,0.0
2005-02-14 00:00:00-05:00,12.355451466579776,12.5652714099236,12.355451466579776,12.559277534484863,41500,0.0,0.0
2005-02-15 00:00:00-05:00,12.523310668806658,12.523310668806658,12.00175646948381,12.037725448608398,72100,0.0,0.0
2005-02-16 00:00:00-05:00,12.037724406214807,12.073693382224702,11.959791434287846,11.983770370483398,39900,0.0,0.0
2005-02-17 00:00:00-05:00,11.923821314844819,12.043719426121978,11.899842378649266,11.983770370483398,50500,0.0,0.0
2005-02-18 00:00:00-05:00,11.983769453812014,11.983769453812014,11.761959451379196,11.869866371154785,54900,0.0,0.0
2005-02-22 00:00:00-05:00,11.869866850208865,11.97777491777254,11.80392392047902,11.851882934570312,45800,0.0,0.0
2005-02-23 00:00:00-05:00,11.80392323160215,11.80392323160215,11.528158059096063,11.588107109069824,32700,0.0,0.0
2005-02-24 00:00:00-05:00,11.540153721873672,11.749974927321729,11.426250585756115,11.731989860534668,44100,0.0,0.0
2005-02-25 00:00:00-05:00,11.761959876682065,11.791933831575832,11.660046829236936,11.684025764465332,40500,0.0,0.0
2005-02-28 00:00:00-05:00,11.600095202872563,11.606090221208113,11.432238119775654,11.558131217956543,39100,0.0,0.0
2005-03-01 00:00:00-05:00,11.55812667811515,11.989757537841797,11.55812667811515,11.989757537841797,85500,0.0,0.0
2005-03-02 00:00:00-05:00,12.019739570429353,12.049714670523665,11.971780553711605,11.977775573730469,98500,0.0,0.0
2005-03-03 00:00:00-05:00,11.977774144274555,12.04971323248237,11.89384616089295,11.959790229797363,85000,0.0,0.0
2005-03-04 00:00:00-05:00,11.875864332591886,12.013747527201076,11.845890371356552,11.923823356628418,35900,0.0,0.0
2005-03-07 00:00:00-05:00,11.923819700835503,11.971778710168005,11.833896701266186,11.857876777648926,26900,0.0,0.0
2005-03-08 00:00:00-05:00,11.863874543733619,12.037725564030438,11.749971441408174,11.947802543640137,50000,0.0,0.0
2005-03-09 00:00:00-05:00,11.92981931152309,11.977778339314236,11.887855305135016,11.893850326538086,30700,0.0,0.0
2005-03-10 00:00:00-05:00,11.9238226364336,11.977776678145059,11.731986551874307,11.743976593017578,27800,0.0,0.0
2005-03-11 00:00:00-05:00,11.750005099197551,11.750005099197551,11.527055778802689,11.551158905029297,22100,0.1,0.0
2005-03-14 00:00:00-05:00,11.490894363074455,11.737945491070427,11.442689292960594,11.671664237976074,45500,0.0,0.0
2005-03-15 00:00:00-05:00,11.719870488514037,11.719870488514037,11.62948496730984,11.6837158203125,28600,0.0,0.0
2005-03-16 00:00:00-05:00,11.683718122824628,11.73192320729348,11.521026681054666,11.599359512329102,60100,0.0,0.0
2005-03-17 00:00:00-05:00,11.599361319153775,11.599361319153775,11.249874114990236,11.249874114990234,32600,0.0,0.0
2005-03-18 00:00:00-05:00,11.255898266649456,11.255898266649456,10.906411113049629,11.063077926635742,78400,0.0,0.0
2005-03-21 00:00:00-05:00,11.069104259580904,11.177564844288714,11.069104259580904,11.14743709564209,22800,0.0,0.0
2005-03-22 00:00:00-05:00,11.177561085873393,11.225766157079171,10.671407263562942,10.689484596252441,48900,0.0,0.0
2005-03-23 00:00:00-05:00,10.653334059485358,10.725641111865645,10.514744584673245,10.568975448608398,55500,0.0,0.0
2005-03-24 00:00:00-05:00,10.532820983829044,10.568975660042344,10.340000641224378,10.346026420593262,36600,0.0,0.0
2005-03-28 00:00:00-05:00,10.424359902468428,10.544873198745506,10.183334459214239,10.285770416259766,74700,0.0,0.0
2005-03-29 00:00:00-05:00,10.327948325224703,10.382179186268457,10.111026030349496,10.123076438903809,33100,0.0,0.0
2005-03-30 00:00:00-05:00,10.129103143437678,10.743718858564513,10.129103143437678,10.719616889953613,71800,0.0,0.0
2005-03-31 00:00:00-05:00,10.7437208193863,10.785900134128402,10.538848876953125,10.538848876953125,44800,0.0,0.0
2005-04-01 00:00:00-05:00,10.574999224904476,10.876281267201467,10.54487148039469,10.659358978271484,61700,0.0,0.0
2005-04-04 00:00:00-04:00,10.68948771432179,10.755770137551314,10.424359170703582,10.490641593933105,49600,0.0,0.0
2005-04-05 00:00:00-04:00,10.496665695597873,10.894357872813087,10.496665695597873,10.852178573608398,24000,0.0,0.0
2005-04-06 00:00:00-04:00,10.852180946301209,10.984744651256431,10.846155166625977,10.846155166625977,18000,0.0,0.0
2005-04-07 00:00:00-04:00,10.87628140100411,11.267948980248415,10.87628140100411,11.165513038635254,29600,0.0,0.0
2005-04-08 00:00:00-04:00,11.117306577927362,11.298075323381607,11.099229243662077,11.225767135620117,23100,0.0,0.0
2005-04-11 00:00:00-04:00,11.25589521437203,11.508972129337767,11.153459292854956,11.328202247619629,33400,0.0,0.0
2005-04-12 00:00:00-04:00,11.32820695744702,11.563207786454836,11.213720582322749,11.496925354003906,54000,0.0,0.0
2005-04-13 00:00:00-04:00,11.466794120969285,11.605383574651857,11.388460151983692,11.557178497314453,41100,0.0,0.0
2005-04-14 00:00:00-04:00,11.575251146486293,11.62948198558451,11.412559778490992,11.593328475952148,63700,0.0,0.0
2005-04-15 00:00:00-04:00,11.563204606114242,11.599358127825617,11.057050704956055,11.057050704956055,31600,0.0,0.0
2005-04-18 00:00:00-04:00,11.026919520873637,11.087176144070112,10.876278537532196,10.972688674926758,48200,0.0,0.0
2005-04-19 00:00:00-04:00,11.026922666378237,11.105256643668802,10.936538280450511,10.966667175292969,39700,0.0,0.0
2005-04-20 00:00:00-04:00,10.936536565779479,10.936536565779479,10.719614303422784,10.755767822265625,47300,0.0,0.0
2005-04-21 00:00:00-04:00,10.785896086887371,10.840126942435106,10.394229690720174,10.605127334594727,94600,0.0,0.0
2005-04-22 00:00:00-04:00,10.593073820682514,10.671406625722543,10.364100033465943,10.424355506896973,23800,0.0,0.0
2005-04-25 00:00:00-04:00,10.454485030756931,10.593074466983039,10.454485030756931,10.532817840576172,19000,0.0,0.0
2005-04-26 00:00:00-04:00,10.532818931056228,10.532818931056228,10.249614251712725,10.255640029907227,24900,0.0,0.0
2005-04-27 00:00:00-04:00,10.231536839195154,10.430382920900373,10.195383319603206,10.21948528289795,57000,0.0,0.0
2005-04-28 00:00:00-04:00,10.159229800011255,10.406280957605627,10.159229800011255,10.21948528289795,72200,0.0,0.0
2005-04-29 00:00:00-04:00,10.273716480304115,10.484614125355163,10.10499928370304,10.460512161254883,129600,0.0,0.0
2005-05-02 00:00:00-04:00,10.424359434817951,10.605129371123995,10.400257466223765,10.526795387268066,41300,0.0,0.0
2005-05-03 00:00:00-04:00,10.508721330679784,10.60513152322087,10.340002919082806,10.49666976928711,63200,0.0,0.0
2005-05-04 00:00:00-04:00,10.496666786721185,10.556923427262834,10.388205063606184,10.394230842590332,46400,0.0,0.0
2005-05-05 00:00:00-04:00,10.448463888491073,10.478591640410455,10.092950899202041,10.183335304260254,54700,0.0,0.0
2005-05-06 00:00:00-04:00,10.213461797464015,10.213461797464015,9.95435905456543,9.95435905456543,35500,0.0,0.0
2005-05-09 00:00:00-04:00,10.032694436297557,10.032694436297557,9.815772089904696,9.88205337524414,56300,0.0,0.0
2005-05-10 00:00:00-04:00,9.876024057974202,9.876024057974202,9.538588523864746,9.538588523864746,45800,0.0,0.0
2005-05-11 00:00:00-04:00,9.544615784557532,9.57474410558794,9.375897991297151,9.472308158874512,39700,0.0,0.0
2005-05-12 00:00:00-04:00,9.52051212179302,9.556665643053135,9.357819552172922,9.442178726196289,91700,0.0,0.0
2005-05-13 00:00:00-04:00,9.502434196930608,9.785638852486272,9.448203347034905,9.641023635864258,118400,0.0,0.0
2005-05-16 00:00:00-04:00,9.731409124017777,9.833845057925322,9.695255603020913,9.755512237548828,33700,0.0,0.0
2005-05-17 00:00:00-04:00,9.755511306408568,10.255639371444731,9.749485528600953,10.135126113891602,27800,0.0,0.0
2005-05-18 00:00:00-04:00,10.17730779654812,10.659359790536525,10.17730779654812,10.544872283935547,75100,0.0,0.0
2005-05-19 00:00:00-04:00,10.605127089311875,10.882305989656436,10.605127089311875,10.791921615600586,32200,0.0,0.0
2005-05-20 00:00:00-04:00,10.737690624533602,10.91243474154212,10.69551132713145,10.858203887939453,30800,0.0,0.0
2005-05-23 00:00:00-04:00,10.882306316097544,10.918460986244169,10.822049681819545,10.852178573608398,18900,0.0,0.0
2005-05-24 00:00:00-04:00,10.8521832871332,11.261927199031652,10.816029750583395,11.087182998657227,44700,0.0,0.0
2005-05-25 00:00:00-04:00,11.063077266505765,11.16551320968822,11.026922592935618,11.111282348632812,58900,0.0,0.0
2005-05-26 00:00:00-04:00,11.075131436707224,11.147439659107036,10.966670827057815,11.087182998657227,32900,0.0,0.0
2005-05-27 00:00:00-04:00,11.02692264132678,11.249871865455164,10.99679489585259,11.177563667297363,25700,0.0,0.0
2005-05-31 00:00:00-04:00,11.183592516225522,11.231797611796747,11.069106132556445,11.135387420654297,40000,0.0,0.0
2005-06-01 00:00:00-04:00,11.11731184334744,11.292054893475669,11.08718293863554,11.267952919006348,33700,0.0,0.0
2005-06-02 00:00:00-04:00,11.267951454455318,11.496925354003906,11.267951454455318,11.496925354003906,24900,0.0,0.0
2005-06-03 00:00:00-04:00,11.478841387094146,11.689738973719633,11.478841387094146,11.665637016296387,85900,0.0,0.0
2005-06-06 00:00:00-04:00,11.665641753701404,11.894615614055526,11.62948707893508,11.876538276672363,70800,0.0,0.0
2005-06-07 00:00:00-04:00,11.840385948142927,12.033206302522665,11.828334388669202,11.858463287353516,41800,0.0,0.0
2005-06-08 00:00:00-04:00,11.870513646844497,12.045256644348985,11.870513646844497,11.876538276672363,93400,0.0,0.0
2005-06-09 00:00:00-04:00,11.84038448186653,12.045256370349295,11.81025673621311,12.021154403686523,18000,0.0,0.0
2005-06-10 00:00:00-04:00,11.960894462638143,12.045253046630005,11.82832966002292,11.87051010131836,22600,0.0,0.0
2005-06-13 00:00:00-04:00,11.840226417824171,12.064313061418694,11.840226417824171,11.967411041259766,58800,0.1,0.0
2005-06-14 00:00:00-04:00,11.918964067272464,12.21572674889667,11.918964067272464,12.112768173217773,222400,0.0,0.0
2005-06-15 00:00:00-04:00,12.11277020772709,12.185447337245519,12.052206125655697,12.15516471862793,38200,0.0,0.0
2005-06-16 00:00:00-04:00,12.227842871126825,12.506436054733017,12.203616774206,12.482211112976074,50000,0.0,0.0
2005-06-17 00:00:00-04:00,12.482211189954599,12.67601534586087,12.482211189954599,12.585169792175293,50400,0.0,0.0
2005-06-20 00:00:00-04:00,12.627562070066654,12.627562070066654,12.41558837890625,12.41558837890625,31000,0.0,0.0
2005-06-21 00:00:00-04:00,12.42164281734558,12.615446906395205,12.415586295167342,12.573052406311035,25700,0.0,0.0
2005-06-22 00:00:00-04:00,12.58516487730931,12.688123439321746,12.554882267797748,12.682066917419434,18800,0.0,0.0
2005-06-23 00:00:00-04:00,12.682067692256638,13.045450942452975,12.682067692256638,12.839533805847168,43900,0.0,0.0
2005-06-24 00:00:00-04:00,12.827420787824929,12.827420787824929,12.597277561653875,12.778969764709473,150600,0.0,0.0
2005-06-27 00:00:00-04:00,12.778971277263338,12.815309260110116,12.71840720240961,12.730520248413086,47700,0.0,0.0
2005-06-28 00:00:00-04:00,12.778972117693025,13.003057707676424,12.77291559429297,12.990945816040039,27800,0.0,0.0
2005-06-29 00:00:00-04:00,13.021223334557728,13.336155525004846,12.99094188189155,13.305872917175293,35200,0.0,0.0
2005-06-30 00:00:00-04:00,13.324047644791985,13.566302825482712,13.324047644791985,13.354329109191895,32400,0.0,0.0
2005-07-01 00:00:00-04:00,13.390670453286345,13.687433242797853,13.390670453286345,13.687433242797852,35200,0.0,0.0
2005-07-05 00:00:00-04:00,13.687427725177638,14.111373901367186,13.681371202711047,14.111373901367188,86200,0.0,0.0
2005-07-06 00:00:00-04:00,14.177996314877511,14.305180992689118,14.008417129516602,14.008417129516602,31700,0.0,0.0
2005-07-07 00:00:00-04:00,13.929682360197368,14.402080699575967,13.929682360197368,14.3839111328125,28800,0.0,0.0
2005-07-08 00:00:00-04:00,14.323347076877997,14.535320735300497,14.141656029752143,14.46264362335205,53700,0.0,0.0
2005-07-11 00:00:00-04:00,14.486877548629629,14.892655518190017,14.486877548629629,14.856317520141602,44700,0.0,0.0
2005-07-12 00:00:00-04:00,14.807858531382587,14.856309554523506,14.71095648510075,14.765462875366211,18800,0.0,0.0
2005-07-13 00:00:00-04:00,14.68673209471624,14.88053620969662,14.65645063493692,14.844198226928711,18200,0.0,0.0
2005-07-14 00:00:00-04:00,14.904768569260865,15.03800866554781,14.759415421903073,14.856317520141602,28400,0.0,0.0
2005-07-15 00:00:00-04:00,14.735189004419597,15.025895292913896,14.656456484472264,14.9108247756958,40600,0.0,0.0
2005-07-18 00:00:00-04:00,14.807861629294184,15.134905815124512,14.807861629294184,15.134905815124512,29700,0.0,0.0
2005-07-19 00:00:00-04:00,15.140964508056639,15.213641645967435,14.965328765284502,15.14096450805664,30700,0.0,0.0
2005-07-20 00:00:00-04:00,15.122782863734056,15.225741386413574,15.080388381777135,15.225741386413574,18900,0.0,0.0
2005-07-21 00:00:00-04:00,15.14095539911757,15.153068440676037,14.868417739868164,14.868417739868164,15500,0.0,0.0
2005-07-22 00:00:00-04:00,14.868423387436527,15.352934837341307,14.868423387436527,15.352934837341309,22700,0.0,0.0
2005-07-25 00:00:00-04:00,15.352934412021712,15.607302598504997,15.352934412021712,15.443779945373535,24300,0.0,0.0
2005-07-26 00:00:00-04:00,15.395329343735698,15.522512862918868,15.28025771554831,15.352934837341309,33300,0.0,0.0
2005-07-27 00:00:00-04:00,15.383214678302163,15.401384245628757,15.177297535921605,15.298425674438477,19100,0.0,0.0
2005-07-28 00:00:00-04:00,15.298429862705612,15.42561340332031,15.237865776866483,15.425613403320312,32300,0.0,0.0
2005-07-29 00:00:00-04:00,15.425612187685507,15.552796873441114,15.292372133470659,15.4195556640625,20100,0.0,0.0
2005-08-01 00:00:00-04:00,15.443774909814097,15.474056359336668,15.17123724345796,15.237857818603516,54000,0.0,0.0
2005-08-02 00:00:00-04:00,15.243921760747744,15.510403035897948,15.195470724826235,15.316598892211914,72900,0.0,0.0
2005-08-03 00:00:00-04:00,15.316596854026638,15.468006465528696,15.20152522583925,15.352934837341309,49500,0.0,0.0
2005-08-04 00:00:00-04:00,15.322654005267365,15.686037346197347,15.001666330829648,15.007722854614258,36200,0.0,0.0
2005-08-05 00:00:00-04:00,15.05011364708718,15.05011364708718,14.741237941377507,14.765462875366211,39900,0.0,0.0
2005-08-08 00:00:00-04:00,14.801801531975963,15.019830551500435,14.777575443604649,14.898703575134277,24900,0.0,0.0
2005-08-09 00:00:00-04:00,14.844194959433251,14.959266560559726,14.789687419697731,14.935040473937988,17200,0.0,0.0
2005-08-10 00:00:00-04:00,15.29236823380896,15.595187406755672,15.01983051609153,15.098564147949219,59400,0.0,0.0
2005-08-11 00:00:00-04:00,15.050110678183684,15.558846898387765,15.050110678183684,15.546733856201172,16200,0.0,0.0
2005-08-12 00:00:00-04:00,15.504346022957161,15.504346022957161,15.231808232517977,15.243921279907227,20600,0.0,0.0
2005-08-15 00:00:00-04:00,14.807852477465772,14.862360000610352,14.511088782495047,14.862360000610352,73100,0.0,0.0
2005-08-16 00:00:00-04:00,14.771519327596808,14.771519327596808,14.1961635749226,14.46264362335205,49900,0.0,0.0
2005-08-17 00:00:00-04:00,14.414193328348055,14.71701252562565,14.383911870685722,14.60194206237793,27300,0.0,0.0
2005-08-18 00:00:00-04:00,14.541375967837487,14.892646141578737,14.468698862335012,14.77757453918457,109200,0.0,0.0
2005-08-19 00:00:00-04:00,14.783630941086964,14.80180050610617,14.535319328308105,14.535319328308105,71900,0.0,0.0
2005-08-22 00:00:00-04:00,14.565608229899382,14.910823210815925,14.535326761212449,14.874484062194824,45300,0.0,0.0
2005-08-23 00:00:00-04:00,14.83814007680906,14.868421533267751,14.692787006513,14.710956573486328,17200,0.0,0.0
2005-08-24 00:00:00-04:00,14.686731067963317,14.783633118679061,14.565602926986854,14.60194206237793,19400,0.0,0.0
2005-08-25 00:00:00-04:00,14.595886128704464,14.601942651514003,14.299123442018738,14.492927551269531,60000,0.0,0.0
2005-08-26 00:00:00-04:00,14.402083341957251,14.474759312018127,14.081094534557856,14.238560676574707,55200,0.0,0.0
2005-08-29 00:00:00-04:00,14.184050778629212,14.456588509250993,14.159824689167932,14.389967918395996,27400,0.0,0.0
2005-08-30 00:00:00-04:00,14.341520350786089,14.359688767096914,13.929685972004952,14.056869506835938,58400,0.0,0.0
2005-08-31 00:00:00-04:00,13.996305945266688,14.28701214471691,13.89940387878328,14.14771556854248,52500,0.0,0.0
2005-09-01 00:00:00-04:00,14.147713398231941,14.444476075708375,14.020528733505714,14.141656875610352,97600,0.0,0.0
2005-09-02 00:00:00-04:00,14.093206467441835,14.111374880939266,13.820668713344105,13.893345832824707,46500,0.0,0.0
2005-09-06 00:00:00-04:00,13.984189711019441,14.19010684415691,13.984189711019441,14.117429733276367,53400,0.0,0.0
2005-09-07 00:00:00-04:00,14.147712581529273,14.262783039206093,14.044754013232874,14.184050559997559,46300,0.0,0.0
2005-09-08 00:00:00-04:00,14.153766117206642,14.280949592590334,14.153766117206642,14.280949592590332,57500,0.0,0.0
2005-09-09 00:00:00-04:00,14.280952643957026,14.807858531382587,14.274896121668972,14.765462875366211,46400,0.0,0.0
2005-09-12 00:00:00-04:00,14.717017883662011,14.995612247270522,14.68673641497508,14.874484062194824,35700,0.0,0.0
2005-09-13 00:00:00-04:00,14.81366228102501,15.446100445793105,14.746769347871215,15.342720985412598,83400,0.1,0.0
2005-09-14 00:00:00-04:00,15.415703551414609,15.774491216531676,15.354891866500688,15.683274269104004,66200,0.0,0.0
2005-09-15 00:00:00-04:00,15.683281983920443,16.084637677943572,15.622470269092426,15.920446395874023,94700,0.0,0.0
2005-09-16 00:00:00-04:00,15.932604066446014,16.29139179761366,15.871792370337042,16.206254959106445,104200,0.0,0.0
2005-09-19 00:00:00-04:00,16.206248474397967,16.218411040730405,15.993408203125,15.993408203125,59000,0.0,0.0
2005-09-20 00:00:00-04:00,16.023824635497792,16.230583752850297,15.920445076821538,15.932607650756836,50100,0.0,0.0
2005-09-21 00:00:00-04:00,15.877870656102266,15.883951940552878,15.342729223312487,15.409622192382812,39000,0.0,0.0
2005-09-22 00:00:00-04:00,15.348810413547202,15.488676475393511,15.075159574267866,15.318405151367188,30900,0.0,0.0
2005-09-23 00:00:00-04:00,15.233268329467622,15.367054266787052,14.996104036781585,15.318405151367188,18700,0.0,0.0
2005-09-26 00:00:00-04:00,15.263675778151299,15.470434822563698,15.190701520170137,15.35489273071289,21900,0.0,0.0
2005-09-27 00:00:00-04:00,15.294072310416347,15.324478717167706,15.12380107215201,15.20893669128418,20300,0.0,0.0
2005-09-28 00:00:00-04:00,15.269758781686882,15.342731887995173,14.947457609146527,14.95353889465332,24000,0.0,0.0
2005-09-29 00:00:00-04:00,14.898800458856703,14.898800458856703,14.71636663147816,14.856232643127441,32500,0.0,0.0
2005-09-30 00:00:00-04:00,14.862313890060285,14.862313890060285,14.637311087600873,14.801502227783203,19800,0.0,0.0
2005-10-03 00:00:00-04:00,14.837993621826174,14.95961698622173,14.758939246889515,14.837993621826172,66900,0.0,0.0
2005-10-04 00:00:00-04:00,14.825832352627172,15.26367557491118,14.825832352627172,15.062997817993164,73400,0.0,0.0
2005-10-05 00:00:00-04:00,15.032590949552878,15.062997372359964,14.722452396239197,14.746777534484863,76300,0.0,0.0
2005-10-06 00:00:00-04:00,14.746775966411068,14.898804584621491,14.58866606428587,14.679883003234863,33300,0.0,0.0
2005-10-07 00:00:00-04:00,14.777178526886473,14.89272058038955,14.387985706521704,14.594744682312012,30100,0.0,0.0
2005-10-10 00:00:00-04:00,15.172456641276492,15.172456641276492,14.120417716205097,14.266365051269531,80400,0.0,0.0
2005-10-11 00:00:00-04:00,14.308931767385111,14.491365617283096,14.272444069496611,14.278525352478027,24600,0.0,0.0
2005-10-12 00:00:00-04:00,14.308936272112417,14.381909371090488,13.652172581877297,13.950148582458496,41700,0.0,0.0
2005-10-13 00:00:00-04:00,13.919741837463885,13.919741837463885,13.64609098276744,13.834606170654297,28000,0.0,0.0
2005-10-14 00:00:00-04:00,13.925818712524402,14.029198200865928,13.743384867162227,14.004874229431152,53400,0.0,0.0
2005-10-17 00:00:00-04:00,14.07785126027803,14.211637200371916,14.02312085930988,14.20555591583252,22400,0.0,0.0
2005-10-18 00:00:00-04:00,14.229872837070177,14.27852192937234,13.950140846304198,14.017032623291016,79200,0.0,0.0
2005-10-19 00:00:00-04:00,14.010958011018046,14.679883003234863,13.950146331756615,14.679883003234863,21500,0.0,0.0
2005-10-20 00:00:00-04:00,14.740694383940506,14.917048134238183,14.60690962018406,14.67380142211914,18300,0.0,0.0
2005-10-21 00:00:00-04:00,14.637314460441749,14.959615532857155,14.637314460441749,14.704207420349121,31600,0.0,0.0
2005-10-24 00:00:00-04:00,14.765020012061647,15.227187156677246,14.758938728067008,15.227187156677246,25200,0.0,0.0
2005-10-25 00:00:00-04:00,15.287997676850981,15.324485380818812,15.026508264513152,15.227187156677246,39000,0.0,0.0
2005-10-26 00:00:00-04:00,15.111647865121142,15.263676513341904,14.898807525634767,14.898807525634766,16300,0.0,0.0
2005-10-27 00:00:00-04:00,14.880560005714578,14.898803856567385,14.55217880956782,14.704207420349121,23600,0.0,0.0
2005-10-28 00:00:00-04:00,14.765017614720108,15.202859552266371,14.716368510548302,15.142047882080078,25700,0.0,0.0
2005-10-31 00:00:00-05:00,15.202856063842773,15.87178196262903,15.202856063842773,15.810970306396484,59500,0.0,0.0
2005-11-01 00:00:00-05:00,15.810972836924856,15.963001421895289,15.707593352749521,15.750161170959473,48300,0.0,0.0
2005-11-02 00:00:00-05:00,15.810972731914973,16.2853023314314,15.810972731914973,16.07246208190918,40100,0.0,0.0
2005-11-03 00:00:00-05:00,16.084621754126594,16.115027001495836,15.944754600524904,15.944754600524902,80100,0.0,0.0
2005-11-04 00:00:00-05:00,15.890027491824988,15.932596470727542,15.6224580123254,15.756242752075195,60600,0.0,0.0
2005-11-07 00:00:00-05:00,15.622462354978104,16.327875105902393,15.622462354978104,16.218414306640625,48300,0.0,0.0
2005-11-08 00:00:00-05:00,16.21840665799117,16.790034362395502,16.21840665799117,16.698816299438477,41500,0.0,0.0
2005-11-09 00:00:00-05:00,16.704902477475358,17.008959683427932,16.516387334552896,16.631929397583008,41400,0.0,0.0
2005-11-10 00:00:00-05:00,16.63193230107902,16.692743984862886,16.157602559428533,16.236658096313477,124100,0.0,0.0
2005-11-11 00:00:00-05:00,16.236657123432384,16.327874063699376,16.133277615160104,16.181926727294922,33600,0.0,0.0
2005-11-14 00:00:00-05:00,16.783959047163727,16.783959047163727,16.595443892485946,16.66841697692871,225900,0.0,0.0
2005-11-15 00:00:00-05:00,16.650165059187213,16.650165059187213,16.42516347129703,16.498136520385742,98400,0.0,0.0
2005-11-16 00:00:00-05:00,16.55895505497059,16.571117621505845,16.206248744651415,16.413007736206055,51400,0.0,0.0
2005-11-17 00:00:00-05:00,16.41908741913407,16.83868664461337,16.41908741913407,16.832605361938477,84800,0.0,0.0
2005-11-18 00:00:00-05:00,17.027206420898438,17.112342081839284,16.905583053937463,17.027206420898438,67600,0.0,0.0
2005-11-21 00:00:00-05:00,17.057611682695484,17.09409938871561,16.9907198747647,17.027206420898438,28400,0.0,0.0
2005-11-22 00:00:00-05:00,17.02719899548583,17.148822309407937,16.960306056840082,16.996793746948242,35000,0.0,0.0
2005-11-23 00:00:00-05:00,16.935981942024036,17.11841575142746,16.923819378760907,17.008955001831055,39800,0.0,0.0
2005-11-25 00:00:00-05:00,17.015043852225062,17.11842336617597,16.978557306091325,17.027206420898438,18900,0.0,0.0
2005-11-28 00:00:00-05:00,16.99071858591362,17.039367697030396,16.905581771544536,16.911663055419922,41900,0.0,0.0
2005-11-29 00:00:00-05:00,16.97855627361897,17.10017963318398,16.92990716177023,16.990718841552734,35400,0.0,0.0
2005-11-30 00:00:00-05:00,16.990718461695806,17.136665793979123,16.881257672511744,16.948150634765625,32200,0.0,0.0
2005-12-01 00:00:00-05:00,17.00896179611211,17.154909133911133,16.96639396757319,17.154909133911133,83100,0.0,0.0
2005-12-02 00:00:00-05:00,17.088013026363274,17.17314866200451,17.03936392601313,17.14882469177246,14400,0.0,0.0
2005-12-05 00:00:00-05:00,17.057614334170072,17.17923772003646,17.02720906764676,17.11234474182129,31900,0.0,0.0
2005-12-06 00:00:00-05:00,17.270443731572726,17.513689189223022,17.09409120973345,17.501527786254883,34900,0.0,0.0
2005-12-07 00:00:00-05:00,17.562349381797723,18.000192642211914,17.562349381797723,18.000192642211914,56800,0.0,0.0
2005-12-08 00:00:00-05:00,18.030597029234674,18.158301693922187,17.87856838453643,18.036678314208984,24500,0.0,0.0
2005-12-09 00:00:00-05:00,18.036673239588552,18.18262055825019,17.908969770716936,18.158296585083008,13700,0.0,0.0
2005-12-12 00:00:00-05:00,18.188701030688133,18.413703861856728,18.121808077659555,18.304243087768555,47000,0.0,0.0
2005-12-13 00:00:00-05:00,18.27373495692116,18.548297882080078,18.127300000333598,18.548297882080078,22900,0.1,0.0
2005-12-14 00:00:00-05:00,18.548300554766083,18.761850303162333,18.462881120908584,18.755748748779297,25900,0.0,0.0
2005-12-15 00:00:00-05:00,18.69473369839224,19.359787973514774,18.621517375926025,19.21945571899414,88400,0.0,0.0
2005-12-16 00:00:00-05:00,19.45741854495904,19.573346958184583,19.34759285216952,19.469621658325195,89800,0.0,0.0
2005-12-19 00:00:00-05:00,19.249963114294964,19.249963114294964,18.853371387398322,19.140138626098633,60200,0.0,0.0
2005-12-20 00:00:00-05:00,19.201158490291856,19.201158490291856,18.82287129567221,18.896087646484375,59000,0.0,0.0
2005-12-21 00:00:00-05:00,18.902188207018334,19.219462147161043,18.85337692113121,19.127941131591797,19300,0.0,0.0
2005-12-22 00:00:00-05:00,19.134033513013485,19.811290798235653,19.134033513013485,19.652652740478516,45300,0.0,0.0
2005-12-23 00:00:00-05:00,19.591648206399718,19.677067662611705,19.40250346228344,19.603851318359375,16700,0.0,0.0
2005-12-27 00:00:00-05:00,19.664858699213095,19.664858699213095,19.06692035614498,19.21945571899414,27700,0.0,0.0
2005-12-28 00:00:00-05:00,19.219461557533155,19.28047595395843,19.079129260382004,19.146244049072266,14700,0.0,0.0
2005-12-29 00:00:00-05:00,19.15233967902492,19.249962217598128,18.999804317035228,19.207252502441406,31800,0.0,0.0
2005-12-30 00:00:00-05:00,19.140129752285027,19.140129752285027,18.182207100931407,18.261526107788086,278100,0.0,0.0
2006-01-03 00:00:00-05:00,18.261535811507997,18.578809680022115,18.060189157211077,18.487287521362305,80200,0.0,0.0
2006-01-04 00:00:00-05:00,18.487282820094805,18.487282820094805,18.304240876827446,18.353052139282227,66000,0.0,0.0
2006-01-05 00:00:00-05:00,18.310339695168754,18.310339695168754,17.999167507090828,18.145601272583008,34000,0.0,0.0
2006-01-06 00:00:00-05:00,18.145599950726357,18.170006158406522,17.846630889156543,18.047977447509766,27700,0.0,0.0
2006-01-09 00:00:00-05:00,18.072391225020297,18.42017168387028,18.072391225020297,18.41407012939453,17700,0.0,0.0
2006-01-10 00:00:00-05:00,18.365257009318714,18.48728459529696,18.24322825958806,18.420169830322266,20200,0.0,0.0
2006-01-11 00:00:00-05:00,18.420174178675257,18.420174178675257,17.980871506942982,18.310348510742188,29300,0.0,0.0
2006-01-12 00:00:00-05:00,18.310343799491474,18.395763224237587,17.913752116917166,18.0906925201416,15100,0.0,0.0
2006-01-13 00:00:00-05:00,18.09070226191875,18.32255677358584,18.09070226191875,18.115108489990234,33600,0.0,0.0
2006-01-17 00:00:00-05:00,18.029687970398125,18.12121016249647,17.23650417306789,17.43174934387207,48300,0.0,0.0
2006-01-18 00:00:00-05:00,17.37072635440987,17.572072982788086,17.37072635440987,17.572072982788086,20700,0.0,0.0
2006-01-19 00:00:00-05:00,17.602580568643504,17.846636909007653,17.578174352730873,17.718507766723633,21600,0.0,0.0
2006-01-20 00:00:00-05:00,17.767318556694875,17.767318556694875,17.462247848510742,17.462247848510742,23800,0.0,0.0
2006-01-23 00:00:00-05:00,17.474453930782555,17.48055548604153,17.297513483282994,17.328020095825195,52100,0.0,0.0
2006-01-24 00:00:00-05:00,17.35852507905318,17.6147845399334,17.35852507905318,17.480552673339844,24700,0.0,0.0
2006-01-25 00:00:00-05:00,17.443947584631786,17.54157014276085,17.236499357669356,17.35852813720703,12300,0.0,0.0
2006-01-26 00:00:00-05:00,17.413440705698157,17.541569874878597,17.2731072622471,17.328020095825195,31400,0.0,0.0
2006-01-27 00:00:00-05:00,17.389033743045292,17.633090124232247,17.389033743045292,17.498859405517578,27600,0.0,0.0
2006-01-30 00:00:00-05:00,17.47444796615807,17.47444796615807,17.29140602587799,17.389028549194336,41800,0.0,0.0
2006-01-31 00:00:00-05:00,17.328014263637243,17.57207057308943,17.21818863344569,17.315811157226562,78400,0.0,0.0
2006-02-01 00:00:00-05:00,17.236496723214326,17.87104441782059,17.205990114868932,17.816131591796875,24700,0.0,0.0
2006-02-02 00:00:00-05:00,17.90765297077885,17.90765297077885,17.376829362234222,17.401235580444336,51800,0.0,0.0
2006-02-03 00:00:00-05:00,17.40123143468204,17.70630210711159,17.285304253308176,17.364622116088867,48900,0.0,0.0
2006-02-06 00:00:00-05:00,17.315809239760778,17.35852010746857,16.913116082818817,17.035144805908203,31500,0.0,0.0
2006-02-07 00:00:00-05:00,17.004647493559506,17.02905255325414,16.68737357125976,16.797199249267578,67400,0.0,0.0
2006-02-08 00:00:00-05:00,16.88871414327218,16.931423855084628,16.711772578617907,16.839902877807617,48300,0.0,0.0
2006-02-09 00:00:00-05:00,16.87040946234295,17.29750890746651,16.87040946234295,17.20598793029785,23100,0.0,0.0
2006-02-10 00:00:00-05:00,17.144973339540996,17.242595869112925,17.077857414053163,17.181581497192383,16800,0.0,0.0
2006-02-13 00:00:00-05:00,17.181582677408016,17.321914927838147,17.053453534950705,17.26700210571289,38300,0.0,0.0
2006-02-14 00:00:00-05:00,17.32801362535237,17.77341651916504,17.163275186133248,17.77341651916504,30500,0.0,0.0
2006-02-15 00:00:00-05:00,17.78562105642029,17.968664169311523,17.742911345871367,17.968664169311523,21700,0.0,0.0
2006-02-16 00:00:00-05:00,18.0296808926791,18.90218342548518,18.017478947108586,18.88998031616211,72900,0.0,0.0
2006-02-17 00:00:00-05:00,19.219455140614766,19.219455140614766,18.810660333930958,18.950992584228516,49900,0.0,0.0
2006-02-21 00:00:00-05:00,18.987601538190706,18.987601538190706,18.24322825958806,18.420169830322266,25700,0.0,0.0
2006-02-22 00:00:00-05:00,18.420168749756385,18.63981885713305,18.420168749756385,18.548297882080078,30100,0.0,0.0
2006-02-23 00:00:00-05:00,18.578806319604734,18.670327297958217,18.4262709677648,18.456777572631836,58700,0.0,0.0
2006-02-24 00:00:00-05:00,18.456779846972246,18.468982955923742,18.322549139763357,18.41407012939453,95100,0.0,0.0
2006-02-27 00:00:00-05:00,18.414071562738975,18.63982327715147,18.414071562738975,18.529998779296875,90300,0.0,0.0
2006-02-28 00:00:00-05:00,18.48728579136891,18.48728579136891,18.060187467184463,18.21882438659668,26800,0.0,0.0
2006-03-01 00:00:00-05:00,18.188315052352127,18.279836030830445,18.035779700304133,18.0906925201416,26600,0.0,0.0
2006-03-02 00:00:00-05:00,18.15171023749868,18.21272462230802,17.602583101719826,17.913755416870117,27700,0.0,0.0
2006-03-03 00:00:00-05:00,17.883243173626763,17.883243173626763,17.58427404290024,17.63918685913086,34300,0.0,0.0
2006-03-06 00:00:00-05:00,17.62698633445372,17.68189915872792,17.49275563275705,17.54766845703125,27900,0.0,0.0
2006-03-07 00:00:00-05:00,17.523263707375047,17.523263707375047,17.17548323368668,17.291410446166992,20200,0.0,0.0
2006-03-08 00:00:00-05:00,17.26699936135069,17.33411528078157,16.968030246048404,17.138870239257812,27200,0.0,0.0
2006-03-09 00:00:00-05:00,17.157176685203464,17.267001159684458,16.815496663199152,16.839902877807617,25200,0.0,0.0
2006-03-10 00:00:00-05:00,16.839902590050468,17.175479888916016,16.80329443251569,17.175479888916016,48100,0.0,0.0
2006-03-13 00:00:00-05:00,16.838704558874678,17.261203291182387,16.838704558874678,17.24895668029785,48000,0.1,0.0
2006-03-14 00:00:00-05:00,17.285701704222433,17.328563690185547,17.089760529590183,17.328563690185547,28500,0.0,0.0
2006-03-15 00:00:00-05:00,17.35917231732973,17.573483317375974,17.297940436187805,17.389787673950195,26000,0.0,0.0
2006-03-16 00:00:00-05:00,17.389792150124276,17.530624695470642,17.114250365911985,17.47551727294922,29800,0.0,0.0
2006-03-17 00:00:00-05:00,17.322436499600602,17.573486202386015,17.02240034953883,17.414283752441406,92600,0.0,0.0
2006-03-20 00:00:00-05:00,17.328566066036487,17.438783283853954,17.236718773822492,17.34081268310547,43800,0.0,0.0
2006-03-21 00:00:00-05:00,17.034647741947005,17.32855943166614,16.94280048489743,16.98566246032715,40100,0.0,0.0
2006-03-22 00:00:00-05:00,17.022400570699297,17.181603022712316,16.973415290687694,17.108125686645508,30200,0.0,0.0
2006-03-23 00:00:00-05:00,16.838714280407153,17.18773471680949,16.838714280407153,17.10201072692871,31700,0.0,0.0
2006-03-24 00:00:00-05:00,17.1448727218691,17.175488098854586,16.899946202279896,17.10201072692871,33500,0.0,0.0
2006-03-27 00:00:00-05:00,16.838706731796265,17.206096930433887,16.838706731796265,17.144865036010742,40100,0.0,0.0
2006-03-28 00:00:00-05:00,17.14487147747833,17.26121200380226,17.03465425968741,17.138748168945312,32200,0.0,0.0
2006-03-29 00:00:00-05:00,17.144868129779418,17.695952943227752,17.083636224307057,17.640844345092773,38400,0.0,0.0
2006-03-30 00:00:00-05:00,17.67757961437906,17.77555017062069,17.634716474109837,17.6898250579834,24000,0.0,0.0
2006-03-31 00:00:00-05:00,17.757177922757307,18.038842943008564,17.6959460411676,18.01435089111328,23400,0.0,0.0
2006-04-03 00:00:00-04:00,17.97150024054316,18.09396291293304,17.69595718383789,17.69595718383789,43000,0.0,0.0
2006-04-04 00:00:00-04:00,17.665337574442297,17.94087939721574,17.438779874565,17.640844345092773,190600,0.0,0.0
2006-04-05 00:00:00-04:00,17.640843155557295,17.80616893881419,17.60410448191178,17.634719848632812,60700,0.0,0.0
2006-04-06 00:00:00-04:00,17.634718697994554,17.665335230619284,17.481639538574807,17.58573341369629,37300,0.0,0.0
2006-04-07 00:00:00-04:00,17.616356628132458,17.70820392504135,17.089763746265596,17.206104278564453,77500,0.0,0.0
2006-04-10 00:00:00-04:00,17.20609376174201,17.37141949586757,17.144861878595393,17.224462509155273,35800,0.0,0.0
2006-04-11 00:00:00-04:00,17.163233421776937,17.29181933746979,16.8754438940624,16.955045700073242,47100,0.0,0.0
2006-04-12 00:00:00-04:00,16.930554871159273,16.985663462219826,16.716243813468385,16.91830825805664,29800,0.0,0.0
2006-04-13 00:00:00-04:00,16.857073277085572,17.06526097572136,16.78971808990899,16.912181854248047,45900,0.0,0.0
2006-04-17 00:00:00-04:00,16.86932617191871,17.016283221210315,16.532552423054145,16.59378433227539,30600,0.0,0.0
2006-04-18 00:00:00-04:00,16.655019212966096,17.69595718383789,16.606033910429794,17.69595718383789,34700,0.0,0.0
2006-04-19 00:00:00-04:00,17.695953499085874,18.00823517569287,17.61635283700244,17.812294006347656,33900,0.0,0.0
2006-04-20 00:00:00-04:00,17.757185119209616,17.757185119209616,17.42041138583347,17.628599166870117,18300,0.0,0.0
2006-04-21 00:00:00-04:00,17.81841258498573,17.81841258498573,17.5734861883061,17.74493408203125,34200,0.0,0.0
2006-04-24 00:00:00-04:00,17.695956398531223,17.695956398531223,17.02240764262138,17.138748168945312,41700,0.0,0.0
2006-04-25 00:00:00-04:00,17.12038165020192,17.144874889207994,16.74686909857462,17.083642959594727,38100,0.0,0.0
2006-04-26 00:00:00-04:00,17.04689254342993,17.279572314431284,16.838704826686087,17.187725067138672,22000,0.0,0.0
2006-04-27 00:00:00-04:00,17.126492043495336,17.787793815193844,16.89993559306308,17.518375396728516,30400,0.0,0.0
2006-04-28 00:00:00-04:00,17.457147705948373,17.910261883537572,17.26732987282752,17.616350173950195,31700,0.0,0.0
2006-05-01 00:00:00-04:00,17.677578673509576,17.677578673509576,16.89993640281726,16.96116828918457,43800,0.0,0.0
2006-05-02 00:00:00-04:00,16.991784160362283,17.604100706681642,16.728487858580777,17.591854095458984,35000,0.0,0.0
2006-05-03 00:00:00-04:00,17.5306208662915,18.057213429574304,17.51225211876371,17.84902572631836,35700,0.0,0.0
2006-05-04 00:00:00-04:00,17.867398502004015,17.867398502004015,17.463269641084082,17.536746978759766,21600,0.0,0.0
2006-05-05 00:00:00-04:00,17.604104730102446,18.259283397541168,17.604104730102446,18.155189514160156,29800,0.0,0.0
2006-05-08 00:00:00-04:00,18.09395702014442,18.130696861007618,17.714321341102202,18.032726287841797,41800,0.0,0.0
2006-05-09 00:00:00-04:00,18.032724791152752,18.032724791152752,17.512255434469157,17.793920516967773,84200,0.0,0.0
2006-05-10 00:00:00-04:00,17.757191202510977,17.959255745340716,17.628605206120177,17.928640365600586,46600,0.0,0.0
2006-05-11 00:00:00-04:00,17.91025894383506,17.91025894383506,17.095877985583563,17.304065704345703,46900,0.0,0.0
2006-05-12 00:00:00-04:00,17.26732655312002,17.444897738894017,16.95504498375773,16.96116828918457,65100,0.0,0.0
2006-05-15 00:00:00-04:00,16.899939449717667,17.0836339740369,16.6611351666211,17.010156631469727,59500,0.0,0.0
2006-05-16 00:00:00-04:00,16.96117833087499,17.0775176991592,16.655019885681593,16.9244384765625,38600,0.0,0.0
2006-05-17 00:00:00-04:00,16.83870496152835,16.84482826711704,16.379467553486666,16.636640548706055,75000,0.0,0.0
2006-05-18 00:00:00-04:00,16.642759735388744,16.679498391927336,16.22638440161524,16.232507705688477,29600,0.0,0.0
2006-05-19 00:00:00-04:00,16.232513955592427,16.232513955592427,15.828385074366167,16.152912139892578,76800,0.0,0.0
2006-05-22 00:00:00-04:00,16.152912139892578,16.336607829114424,16.11617346920872,16.152912139892578,70200,0.0,0.0
2006-05-23 00:00:00-04:00,16.238632707681102,16.385588517102082,16.152907609593147,16.15903091430664,43600,0.0,0.0
2006-05-24 00:00:00-04:00,16.03656677831204,16.23863114278077,15.68754661858431,15.926349639892578,77600,0.0,0.0
2006-05-25 00:00:00-04:00,16.018206486182013,16.220270972006954,15.907989281568126,16.1284236907959,30100,0.0,0.0
2006-05-26 00:00:00-04:00,16.226394831514376,16.318242115848292,15.950851810611047,16.0488224029541,17700,0.0,0.0
2006-05-30 00:00:00-04:00,15.987585990842096,15.987585990842096,15.295667613824774,15.338529586791992,58000,0.0,0.0
2006-05-31 00:00:00-04:00,15.277298864210922,15.491608729047005,15.07523444315035,15.338529586791992,108400,0.0,0.0
2006-06-01 00:00:00-04:00,15.33853676217092,16.195781294139568,15.33853676217092,16.14067268371582,57000,0.0,0.0
2006-06-02 00:00:00-04:00,16.14679527282715,16.195780572365006,15.981469448923747,16.14679527282715,39800,0.0,0.0
2006-06-05 00:00:00-04:00,16.073312472416735,16.263130311745275,16.04881924519945,16.134544372558594,56300,0.0,0.0
2006-06-06 00:00:00-04:00,16.134541940569633,16.159033996193834,15.485486699862467,15.852875709533691,67000,0.0,0.0
2006-06-07 00:00:00-04:00,15.859003570944438,16.348857671052905,15.761032984503046,16.073314666748047,53100,0.0,0.0
2006-06-08 00:00:00-04:00,15.981460286297672,16.471313000829763,15.687548657578418,16.45906639099121,58900,0.0,0.0
2006-06-09 00:00:00-04:00,16.287625970356203,16.501937068894087,16.20190083020013,16.348857879638672,54100,0.0,0.0
2006-06-12 00:00:00-04:00,16.34886447409791,16.34886447409791,15.63245353269582,15.736547470092773,87000,0.0,0.0
2006-06-13 00:00:00-04:00,15.70581138180963,17.058171383936173,15.70581138180963,15.834900856018066,64200,0.1,0.0
2006-06-14 00:00:00-04:00,15.828743202904949,15.982420321379754,15.761124895587757,15.902508735656738,38500,0.0,0.0
2006-06-15 00:00:00-04:00,15.902511394478836,16.50492551822956,15.902511394478836,16.43115997314453,55900,0.0,0.0
2006-06-16 00:00:00-04:00,16.431155690113293,16.431155690113293,15.994713277221576,16.068477630615234,158800,0.0,0.0
2006-06-19 00:00:00-04:00,16.06847963678489,16.228303985709765,15.982420822926652,16.04389190673828,45200,0.0,0.0
2006-06-20 00:00:00-04:00,15.982423940165717,16.19142496241113,15.982423940165717,15.988571166992188,42900,0.0,0.0
2006-06-21 00:00:00-04:00,15.982425380280787,16.425015199493924,15.982425380280787,16.320514678955078,43300,0.0,0.0
2006-06-22 00:00:00-04:00,16.259039464378446,16.394274905391317,16.142244527048074,16.308216094970703,48000,0.0,0.0
2006-06-23 00:00:00-04:00,16.259043964058492,16.529514920936897,16.160690675654767,16.203720092773438,41300,0.0,0.0
2006-06-26 00:00:00-04:00,16.289773537152275,16.590980529785156,16.289773537152275,16.590980529785156,49600,0.0,0.0
2006-06-27 00:00:00-04:00,16.5909833352643,16.597130561353012,16.431158974348246,16.523365020751953,52100,0.0,0.0
2006-06-28 00:00:00-04:00,16.58483529251096,16.590982518296972,16.332804897601587,16.406570434570312,63800,0.0,0.0
2006-06-29 00:00:00-04:00,16.474190620525388,17.045869827270508,16.4250139776045,17.045869827270508,77600,0.0,0.0
2006-06-30 00:00:00-04:00,17.05816263252113,17.10733927068932,16.523365666536513,17.027427673339844,125700,0.0,0.0
2006-07-03 00:00:00-04:00,16.972099925312218,17.095040906369743,16.670892938895864,16.707775115966797,28200,0.0,0.0
2006-07-05 00:00:00-04:00,16.566399084315,16.627869013191248,16.197573648738853,16.320514678955078,57300,0.0,0.0
2006-07-06 00:00:00-04:00,16.381990013441193,16.62787330987422,16.381990013441193,16.4987850189209,57900,0.0,0.0
2006-07-07 00:00:00-04:00,16.44345624815839,16.843016632779783,16.44345624815839,16.720075607299805,63000,0.0,0.0
2006-07-10 00:00:00-04:00,16.713921700827367,16.84300990186381,16.603274001388574,16.683185577392578,41700,0.0,0.0
2006-07-11 00:00:00-04:00,16.621718111350273,16.904483453610048,16.443452086693412,16.732364654541016,110000,0.0,0.0
2006-07-12 00:00:00-04:00,16.670894979515943,16.72007161245113,16.554100036621094,16.554100036621094,52900,0.0,0.0
2006-07-13 00:00:00-04:00,16.554107407234618,16.554107407234618,16.136105254940965,16.191429138183594,60400,0.0,0.0
2006-07-14 00:00:00-04:00,16.129948416581694,16.17912504211389,15.93324191445292,16.0008602142334,54800,0.0,0.0
2006-07-17 00:00:00-04:00,15.939393197295203,16.025452020770896,15.668921101775624,15.78571605682373,34700,0.0,0.0
2006-07-18 00:00:00-04:00,15.847185219385155,16.16683274160216,15.74268472968054,16.037744522094727,37300,0.0,0.0
2006-07-19 00:00:00-04:00,16.074628892941227,16.640160825011442,16.074628892941227,16.584836959838867,54200,0.0,0.0
2006-07-20 00:00:00-04:00,16.57868556936387,16.658598320080802,16.05003712849845,16.068477630615234,59800,0.0,0.0
2006-07-21 00:00:00-04:00,16.068478649365304,16.068478649365304,15.798007773156211,15.884066581726074,64600,0.0,0.0
2006-07-24 00:00:00-04:00,15.970130257380658,16.42501451232363,15.970130257380658,16.26519012451172,46000,0.0,0.0
2006-07-25 00:00:00-04:00,16.308216123488435,16.6585997636289,16.308216123488435,16.468040466308594,61100,0.0,0.0
2006-07-26 00:00:00-04:00,16.351245402231672,16.48648084243444,16.197568285993526,16.33280372619629,51000,0.0,0.0
2006-07-27 00:00:00-04:00,16.41271506920097,16.468038920077408,16.16683076643313,16.22215461730957,37500,0.0,0.0
2006-07-28 00:00:00-04:00,16.295918221076835,16.480330253944267,16.265182100623523,16.351242065429688,45100,0.0,0.0
2006-07-31 00:00:00-04:00,16.25904315698352,16.59713242253111,16.252895930205465,16.492631912231445,54100,0.0,0.0
2006-08-01 00:00:00-04:00,16.468038942811415,16.627862098382593,16.283625715480955,16.51106834411621,45900,0.0,0.0
2006-08-02 00:00:00-04:00,16.578689135441252,16.670896355711996,16.314365444384123,16.34510040283203,67600,0.0,0.0
2006-08-03 00:00:00-04:00,16.33894969304834,16.720069427847413,16.33894969304834,16.572538375854492,159300,0.0,0.0
2006-08-04 00:00:00-04:00,16.658602261463773,17.248721918086897,16.658602261463773,17.24257469177246,56500,0.0,0.0
2006-08-07 00:00:00-04:00,17.150369430771708,17.174958337160344,16.90448622920329,17.113487243652344,30900,0.0,0.0
2006-08-08 00:00:00-04:00,17.13806842072626,17.488453167929148,16.732361000242012,16.738508224487305,39800,0.0,0.0
2006-08-09 00:00:00-04:00,16.78154323971369,17.119633651608826,16.51721954345703,16.51721954345703,36600,0.0,0.0
2006-08-10 00:00:00-04:00,16.443460733770067,17.156522862446714,16.338960188750352,17.131935119628906,33500,0.0,0.0
2006-08-11 00:00:00-04:00,17.027419396304946,17.027419396304946,16.44344607602179,16.689329147338867,17600,0.0,0.0
2006-08-14 00:00:00-04:00,16.72007098978059,17.174955120606622,16.72007098978059,16.978248596191406,18400,0.0,0.0
2006-08-15 00:00:00-04:00,17.101195560120903,17.476168236032038,16.978254525657295,17.01513671875,42000,0.0,0.0
2006-08-16 00:00:00-04:00,17.052013420008215,17.32863271027392,17.02742569001982,17.211837768554688,18900,0.0,0.0
2006-08-17 00:00:00-04:00,17.119633569759547,17.279457935488182,17.064309705758728,17.18110466003418,21000,0.0,0.0
2006-08-18 00:00:00-04:00,17.273310448324345,17.273310448324345,17.144221043450983,17.19954490661621,20600,0.0,0.0
2006-08-21 00:00:00-04:00,17.08889414660461,17.16880690030732,17.03971751835036,17.070453643798828,14800,0.0,0.0
2006-08-22 00:00:00-04:00,17.02742569001982,17.26101440099488,17.02742569001982,17.211837768554688,46600,0.0,0.0
2006-08-23 00:00:00-04:00,17.242569507581383,17.279452854378547,16.4373018619209,16.474184036254883,31700,0.0,0.0
2006-08-24 00:00:00-04:00,16.50492682724308,16.74466281597175,16.47419069249347,16.6708984375,32600,0.0,0.0
2006-08-25 00:00:00-04:00,16.652454534734552,16.775396712401662,16.62786563021573,16.658601760864258,14600,0.0,0.0
2006-08-28 00:00:00-04:00,16.59713242253111,16.670897971404134,16.381984175153722,16.492631912231445,48600,0.0,0.0
2006-08-29 00:00:00-04:00,16.59713052478169,16.84916093154611,16.535659436493503,16.812278747558594,53600,0.0,0.0
2006-08-30 00:00:00-04:00,16.873745894890355,17.045863494942072,16.7630981963067,16.965951919555664,42100,0.0,0.0
2006-08-31 00:00:00-04:00,17.05816259219362,17.328634687710984,17.05816259219362,17.24257469177246,55200,0.0,0.0
2006-09-01 00:00:00-04:00,17.32862838472728,17.32862838472728,17.131921904068093,17.193391799926758,47200,0.0,0.0
2006-09-05 00:00:00-04:00,17.150369430771708,17.304046578309922,17.0581633767415,17.113487243652344,29900,0.0,0.0
2006-09-06 00:00:00-04:00,17.052005044257612,17.11347609772982,16.640150510195486,16.996681213378906,22200,0.0,0.0
2006-09-07 00:00:00-04:00,16.965952428923476,16.965952428923476,16.28977294030496,16.51106834411621,44400,0.0,0.0
2006-09-08 00:00:00-04:00,16.535658359596617,16.69548270975183,16.449599545075895,16.554100036621094,12500,0.0,0.0
2006-09-11 00:00:00-04:00,16.52951567401965,16.713928977526244,16.400427416782396,16.64016342163086,32900,0.0,0.0
2006-09-12 00:00:00-04:00,16.68933625593417,16.904484474649678,16.627865168806387,16.799983978271484,29700,0.0,0.0
2006-09-13 00:00:00-04:00,16.812323008613454,17.36759215703033,16.71977834667218,17.31206512451172,27500,0.1,0.0
2006-09-14 00:00:00-04:00,17.25036917225121,17.2565389735984,17.02209240625177,17.170164108276367,49400,0.0,0.0
2006-09-15 00:00:00-04:00,17.324401582115566,17.392268204380027,17.18866951435565,17.355249404907227,61300,0.0,0.0
2006-09-18 00:00:00-04:00,17.30590101521175,17.46631236449323,17.26888337361436,17.336750030517578,83500,0.0,0.0
2006-09-19 00:00:00-04:00,17.31206480669601,17.44779807336936,17.188672318629298,17.392271041870117,47900,0.0,0.0
2006-09-20 00:00:00-04:00,17.45396501097695,17.49098263364733,17.262704744180482,17.379928588867188,32000,0.0,0.0
2006-09-21 00:00:00-04:00,17.423119276551624,17.5773607728137,17.238029951744828,17.244199752807617,19200,0.0,0.0
2006-09-22 00:00:00-04:00,17.18867409725721,17.225691729830768,16.33109050912297,16.479162216186523,44900,0.0,0.0
2006-09-25 00:00:00-04:00,16.472993837109684,16.966566201350318,16.472993837109684,16.874021530151367,46200,0.0,0.0
2006-09-26 00:00:00-04:00,16.886357324875455,16.997410199205564,16.44214112047873,16.62723159790039,58700,0.0,0.0
2006-09-27 00:00:00-04:00,16.596383458393035,16.719777116414793,16.565535632272166,16.70743751525879,23000,0.0,0.0
2006-09-28 00:00:00-04:00,16.750629461187636,16.978907437077442,16.52235266206728,16.904870986938477,21100,0.0,0.0
2006-09-29 00:00:00-04:00,16.904865593438906,17.034429045652494,16.324917312152866,16.331087112426758,51700,0.0,0.0
2006-10-02 00:00:00-04:00,16.312577540569297,16.312577540569297,15.42414637960853,15.454994201660156,41700,0.0,0.0
2006-10-03 00:00:00-04:00,15.424140933366951,15.714114359277566,15.343935918291612,15.4118013381958,52500,0.0,0.0
2006-10-04 00:00:00-04:00,15.362453210729004,15.954741184425709,15.362453210729004,15.584561347961426,62400,0.0,0.0
2006-10-05 00:00:00-04:00,15.584564104831296,15.899216962648765,15.455000609603175,15.843689918518066,44700,0.0,0.0
2006-10-06 00:00:00-04:00,15.812840710695527,15.812840710695527,15.461170220077733,15.627751350402832,31400,0.0,0.0
2006-10-09 00:00:00-04:00,15.54754766903392,15.640092357479567,15.368626918172048,15.479681015014648,20900,0.0,0.0
2006-10-10 00:00:00-04:00,15.504359210936661,15.572225865662839,15.337779240707196,15.362457275390625,24300,0.0,0.0
2006-10-11 00:00:00-04:00,15.36245599801162,15.4920194938276,15.34394776773039,15.430322647094727,22200,0.0,0.0
2006-10-12 00:00:00-04:00,15.492022206504725,15.862200998181894,15.44266495582979,15.856032371520996,34000,0.0,0.0
2006-10-13 00:00:00-04:00,16.010267023577548,16.547026746128115,15.98558782049656,16.442142486572266,39200,0.0,0.0
2006-10-16 00:00:00-04:00,16.658075893417188,16.824656934775877,16.417459618189408,16.547021865844727,34900,0.0,0.0
2006-10-17 00:00:00-04:00,16.454483503752655,16.47916153218761,16.25705456919591,16.46065330505371,36500,0.0,0.0
2006-10-18 00:00:00-04:00,16.76914660182382,16.89253917327132,16.553208130828203,16.812334060668945,32700,0.0,0.0
2006-10-19 00:00:00-04:00,16.78148621199957,17.028272531664562,16.707449727715073,16.812334060668945,22700,0.0,0.0
2006-10-20 00:00:00-04:00,16.966562303836778,16.966562303836778,16.417463027660524,16.44831085205078,19300,0.0,0.0
2006-10-23 00:00:00-04:00,16.38044821308247,16.571708536513654,16.287903540618316,16.485332489013672,32400,0.0,0.0
2006-10-24 00:00:00-04:00,16.540854640796766,16.565533840439315,16.145996860668074,16.343425750732422,19900,0.0,0.0
2006-10-25 00:00:00-04:00,16.380445110248523,16.472990941951718,15.843685405569488,16.05962371826172,38500,0.0,0.0
2006-10-26 00:00:00-04:00,16.183015333792476,16.497668085156146,16.10281028427738,16.20152473449707,30000,0.0,0.0
2006-10-27 00:00:00-04:00,16.16450482902855,16.263219265319535,16.03494139591607,16.078128814697266,21700,0.0,0.0
2006-10-30 00:00:00-05:00,16.016433400737075,16.368104934692383,15.985585577982453,16.368104934692383,15500,0.0,0.0
2006-10-31 00:00:00-05:00,16.411294408425345,16.442142235035487,16.059624007285446,16.22620391845703,39300,0.0,0.0
2006-11-01 00:00:00-05:00,16.25705292883666,16.30024035681712,15.985587582827733,16.00409698486328,38100,0.0,0.0
2006-11-02 00:00:00-05:00,15.880699391883288,16.010262820506675,15.566046695819482,15.603065490722656,45700,0.0,0.0
2006-11-03 00:00:00-05:00,15.73262939838969,15.960907283909386,15.362449647779664,15.621575355529785,26800,0.0,0.0
2006-11-06 00:00:00-05:00,15.73263426204418,15.831348735821338,15.442660642419938,15.763482093811035,23700,0.0,0.0
2006-11-07 00:00:00-05:00,15.701778839013473,15.997922117169981,15.442653176434332,15.448822975158691,51700,0.0,0.0
2006-11-08 00:00:00-05:00,15.32543396415114,15.849855245781463,15.32543396415114,15.788158416748047,28500,0.0,0.0
2006-11-09 00:00:00-05:00,15.85602813107762,15.85602813107762,15.30075773852077,15.424151420593262,30800,0.0,0.0
2006-11-10 00:00:00-05:00,15.424148254985633,15.763479045887669,15.424148254985633,15.71412181854248,24500,0.0,0.0
2006-11-13 00:00:00-05:00,15.714125554624221,15.831349438727806,15.510526796322944,15.596902847290039,29700,0.0,0.0
2006-11-14 00:00:00-05:00,15.67093369819398,15.948568825204623,14.838029493931131,15.942399024963379,20200,0.0,0.0
2006-11-15 00:00:00-05:00,15.973244604661009,16.738282075527597,15.973244604661009,16.62105941772461,48100,0.0,0.0
2006-11-16 00:00:00-05:00,16.65808478109102,17.08996152390116,16.65808478109102,16.904870986938477,46700,0.0,0.0
2006-11-17 00:00:00-05:00,16.89252898389105,16.941886218052332,16.719779252711216,16.923377990722656,26900,0.0,0.0
2006-11-20 00:00:00-05:00,16.89252962096067,17.05911073382576,16.74445791289259,16.99124526977539,47300,0.0,0.0
2006-11-21 00:00:00-05:00,16.991237331168737,16.99740595311632,16.7444500895893,16.750619888305664,27400,0.0,0.0
2006-11-22 00:00:00-05:00,16.78147067114696,16.78147067114696,16.503835583152718,16.62105941772461,23300,0.0,0.0
2006-11-24 00:00:00-05:00,16.534687042236328,16.577875647360713,16.479160012416997,16.534687042236328,8400,0.0,0.0
2006-11-27 00:00:00-05:00,16.411292664198324,16.442140487529894,16.263220994022536,16.287899017333984,34100,0.0,0.0
2006-11-28 00:00:00-05:00,16.133657911434277,16.2508817609254,15.979416437755615,16.164506912231445,45200,0.0,0.0
2006-11-29 00:00:00-05:00,16.287900076991793,16.503838384668377,16.17067622252123,16.183015823364258,24500,0.0,0.0
2006-11-30 00:00:00-05:00,16.189188114900816,16.23854534909868,15.99175917810935,16.096643447875977,36500,0.0,0.0
2006-12-01 00:00:00-05:00,16.059626118938887,16.10898335406651,15.930062641248067,16.04111671447754,42500,0.0,0.0
2006-12-04 00:00:00-05:00,16.041118908640847,16.713612064721577,16.041118908640847,16.540861129760742,39100,0.0,0.0
2006-12-05 00:00:00-05:00,16.596378386793017,16.725941805800172,16.294065311468025,16.528512954711914,36000,0.0,0.0
2006-12-06 00:00:00-05:00,16.49766951673531,16.50383931750556,16.189186538838012,16.442142486572266,37600,0.0,0.0
2006-12-07 00:00:00-05:00,16.392787592439742,16.929548568224607,16.386617790790567,16.874021530151367,23900,0.0,0.0
2006-12-08 00:00:00-05:00,16.79998294421023,16.79998294421023,16.59638422283482,16.6580810546875,22500,0.0,0.0
2006-12-11 00:00:00-05:00,16.658082119396973,17.028261957404094,16.577877056600578,16.978904724121094,23100,0.0,0.0
2006-12-12 00:00:00-05:00,17.015923344470266,17.028262947700956,16.65808308816563,16.94188690185547,32700,0.0,0.0
2006-12-13 00:00:00-05:00,17.065726098887346,17.133840769545813,16.8489985676677,17.022380828857422,22500,0.1,0.0
2006-12-14 00:00:00-05:00,17.090500779668435,17.474417159462558,17.090500779668435,17.294843673706055,27700,0.0,0.0
2006-12-15 00:00:00-05:00,17.313419748153375,17.406303849206413,17.03477098820548,17.084308624267578,43100,0.0,0.0
2006-12-18 00:00:00-05:00,17.14623389714958,17.14623389714958,16.688010389937176,16.780893325805664,22800,0.0,0.0
2006-12-19 00:00:00-05:00,16.718963225706787,16.979036034238362,16.539388609331862,16.582735061645508,23600,0.0,0.0
2006-12-20 00:00:00-05:00,16.588928145678274,16.9604597333813,16.564158743260677,16.89853858947754,29400,0.0,0.0
2006-12-21 00:00:00-05:00,16.879963221004868,17.431069487983745,16.87377086978294,17.37533950805664,59900,0.0,0.0
2006-12-22 00:00:00-05:00,17.400109088153982,17.536337273197407,17.307226181030273,17.307226181030273,39700,0.0,0.0
2006-12-26 00:00:00-05:00,17.30722196464382,17.641600585041882,17.30722196464382,17.437257766723633,28800,0.0,0.0
2006-12-27 00:00:00-05:00,17.338192853961544,17.616842854399902,17.338192853961544,17.592073440551758,41700,0.0,0.0
2006-12-28 00:00:00-05:00,17.554914058609306,17.796409849652168,17.121458923899855,17.226726531982422,83100,0.0,0.0
2006-12-29 00:00:00-05:00,17.226727999357532,17.245305054508698,16.675621688313242,16.79946517944336,102500,0.0,0.0
2007-01-03 00:00:00-05:00,16.954268324632647,17.158611181649157,16.935692452857623,17.102882385253906,41300,0.0,0.0
2007-01-04 00:00:00-05:00,16.979036869692116,17.07811211771533,16.87376927103369,16.90472984313965,48200,0.0,0.0
2007-01-05 00:00:00-05:00,16.842813015317798,16.842813015317798,15.982094953564301,16.07497787475586,62200,0.0,0.0
2007-01-08 00:00:00-05:00,16.03783167139684,16.155484050839792,15.734413371630009,16.112138748168945,41100,0.0,0.0
2007-01-09 00:00:00-05:00,16.136897178450614,16.217396561115834,15.72821145727855,16.17405128479004,41800,0.0,0.0
2007-01-10 00:00:00-05:00,16.13070767307394,16.1492847295209,15.845866560642978,15.982094764709473,34200,0.0,0.0
2007-01-11 00:00:00-05:00,16.04401949256891,16.28551535696331,15.790138922033623,15.85206127166748,37700,0.0,0.0
2007-01-12 00:00:00-05:00,15.833482043443725,16.07497787475586,15.790136758959028,16.07497787475586,69100,0.0,0.0
2007-01-16 00:00:00-05:00,16.19881584480686,16.25454581064323,15.802514915365935,15.920166015625,29000,0.0,0.0
2007-01-17 00:00:00-05:00,15.920168784830356,16.192626311748096,15.920168784830356,16.11832046508789,52100,0.0,0.0
2007-01-18 00:00:00-05:00,16.112133432448577,16.136901662487123,15.585795257086012,15.591987609863281,32600,0.0,0.0
2007-01-19 00:00:00-05:00,15.591992544300197,16.08736911254948,15.511493113790374,16.0811767578125,30000,0.0,0.0
2007-01-22 00:00:00-05:00,16.037827154827106,16.037827154827106,15.591988362964267,15.901598930358887,32900,0.0,0.0
2007-01-23 00:00:00-05:00,15.883023369190646,16.11832808400364,15.839678074638437,16.068790435791016,31800,0.0,0.0
2007-01-24 00:00:00-05:00,16.118323130048577,16.458894209202263,16.118323130048577,16.440317153930664,38100,0.0,0.0
2007-01-25 00:00:00-05:00,16.42793724082271,16.811853685555675,16.42793724082271,16.74993133544922,69300,0.0,0.0
2007-01-26 00:00:00-05:00,16.749923621588465,16.836615344241505,16.38458322338864,16.743732452392578,38900,0.0,0.0
2007-01-29 00:00:00-05:00,16.743733450904518,16.94807629758616,16.737541100269304,16.90472984313965,27400,0.0,0.0
2007-01-30 00:00:00-05:00,16.935693596923823,17.338186987198306,16.92950124555711,17.19576644897461,55900,0.0,0.0
2007-01-31 00:00:00-05:00,17.19576644897461,17.338186987198306,16.886155967060354,17.19576644897461,39300,0.0,0.0
2007-02-01 00:00:00-05:00,17.214345311132398,17.437265274761344,17.02238710971329,17.140039443969727,40500,0.0,0.0
2007-02-02 00:00:00-05:00,17.214342092836322,17.36295616151855,17.214342092836322,17.307226181030273,35600,0.0,0.0
2007-02-05 00:00:00-05:00,17.21434028847972,17.245302041655794,16.84280869892773,16.90472984313965,46600,0.0,0.0
2007-02-06 00:00:00-05:00,17.00380196062349,17.14003128737706,16.904726730840842,17.1214542388916,27200,0.0,0.0
2007-02-07 00:00:00-05:00,17.18338431722833,17.43107250360492,17.16480726034867,17.369150161743164,33100,0.0,0.0
2007-02-08 00:00:00-05:00,17.36295456985007,17.406299843796308,17.282455191604086,17.344377517700195,24900,0.0,0.0
2007-02-09 00:00:00-05:00,17.307228735800273,17.369149895642945,16.7003912121365,16.77469825744629,31100,0.0,0.0
2007-02-12 00:00:00-05:00,16.811854731495977,16.96046767235499,16.68181885114584,16.836624145507812,23400,0.0,0.0
2007-02-13 00:00:00-05:00,16.87377554719529,17.07192611694336,16.657047918631882,17.07192611694336,36600,0.0,0.0
2007-02-14 00:00:00-05:00,17.053341564579664,17.530140687598408,17.009995116059816,17.127647399902344,33400,0.0,0.0
2007-02-15 00:00:00-05:00,17.10288371455981,17.276264830310204,16.979039048106436,16.985231399536133,18100,0.0,0.0
2007-02-16 00:00:00-05:00,17.022386440028228,17.022386440028228,16.657045927818462,16.77469825744629,24800,0.0,0.0
2007-02-20 00:00:00-05:00,16.756119116181374,17.492992401123047,16.756119116181374,17.492992401123047,25900,0.0,0.0
2007-02-21 00:00:00-05:00,17.492990161713827,17.492990161713827,16.78707872428091,16.90472984313965,35600,0.0,0.0
2007-02-22 00:00:00-05:00,16.904736444806346,17.418689937538055,16.842815276412868,17.400114059448242,37600,0.0,0.0
2007-02-23 00:00:00-05:00,17.356761334787727,17.42487482705987,17.133841444627787,17.23910903930664,36700,0.0,0.0
2007-02-26 00:00:00-05:00,17.36295500530901,17.393915578598484,16.59512003217232,16.66323471069336,72800,0.0,0.0
2007-02-27 00:00:00-05:00,16.545585418414426,16.65085304026098,15.845866177484055,16.099746704101562,76200,0.0,0.0
2007-02-28 00:00:00-05:00,16.093556463241665,16.235977034695974,15.839675903320312,15.839675903320312,41700,0.0,0.0
2007-03-01 00:00:00-05:00,15.69725230039578,15.883018124585192,15.486717069743616,15.746789932250977,55400,0.0,0.0
2007-03-02 00:00:00-05:00,15.852061364899976,15.85825371800684,15.232840227060684,15.406221389770508,49200,0.0,0.0
2007-03-05 00:00:00-05:00,15.32572486647586,15.542452525044208,15.146150149611286,15.164727210998535,55900,0.0,0.0
2007-03-06 00:00:00-05:00,15.418605675810394,16.074979733333368,15.319530390941665,15.926366806030273,51900,0.0,0.0
2007-03-07 00:00:00-05:00,15.944940793860102,15.944940793860102,15.424795057943701,15.530062675476074,40500,0.0,0.0
2007-03-08 00:00:00-05:00,15.69725230039578,15.870633421353817,15.678675245548716,15.746789932250977,41600,0.0,0.0
2007-03-09 00:00:00-05:00,15.839672637186622,15.907787322998045,15.72202032016788,15.907787322998047,36300,0.0,0.0
2007-03-12 00:00:00-04:00,15.907790585778832,15.975904104490445,15.715831192041971,15.790138244628906,28600,0.0,0.0
2007-03-13 00:00:00-04:00,15.727977350876463,15.982857529074828,15.354982777907718,15.54148006439209,59500,0.1,0.0
2007-03-14 00:00:00-04:00,15.510394096374512,15.622291731710943,15.41714428834664,15.510394096374512,58400,0.0,0.0
2007-03-15 00:00:00-04:00,15.553904497031466,15.80256779645752,15.553904497031466,15.771485328674316,39900,0.0,0.0
2007-03-16 00:00:00-04:00,15.80878105007725,16.44908875705109,15.721749210850488,15.877163887023926,102000,0.0,0.0
2007-03-19 00:00:00-04:00,15.939333365349048,16.436661182702537,15.902034164406608,16.243946075439453,75600,0.0,0.0
2007-03-20 00:00:00-04:00,16.243947179673675,16.616942771614305,16.206647976195704,16.548561096191406,44400,0.0,0.0
2007-03-21 00:00:00-04:00,16.654240988137282,17.033452076419618,16.64180752669323,16.996152877807617,63300,0.0,0.0
2007-03-22 00:00:00-04:00,17.033454812516165,17.06453847111928,16.93398947642687,16.971288681030273,49500,0.0,0.0
2007-03-23 00:00:00-04:00,16.971282474164322,16.977499203611316,16.610720466278018,16.666669845581055,40800,0.0,0.0
2007-03-26 00:00:00-04:00,16.728842545065465,16.784791946411133,16.53612859916393,16.784791946411133,40100,0.0,0.0
2007-03-27 00:00:00-04:00,16.75370702245862,16.759922567725468,16.393144925251477,16.49882698059082,40600,0.0,0.0
2007-03-28 00:00:00-04:00,16.39314452135571,16.660456832891334,16.380711059687957,16.467742919921875,51600,0.0,0.0
2007-03-29 00:00:00-04:00,16.56720985566763,16.940205441993186,16.498828181274146,16.91533851623535,56000,0.0,0.0
2007-03-30 00:00:00-04:00,16.927763837274867,16.952630751072327,16.666667171000103,16.909114837646484,78300,0.0,0.0
2007-04-02 00:00:00-04:00,16.927773222863227,16.958856882344357,16.722625813169238,16.784791946411133,43200,0.0,0.0
2007-04-03 00:00:00-04:00,16.834526254597485,17.331852997503567,16.766143382802717,17.15778923034668,47000,0.0,0.0
2007-04-04 00:00:00-04:00,17.12670342726051,17.43131735315389,17.12670342726051,17.251035690307617,29300,0.0,0.0
2007-04-05 00:00:00-04:00,17.251038389706117,17.406453149973743,17.139139572598147,17.170223236083984,26500,0.0,0.0
2007-04-09 00:00:00-04:00,17.145351865027248,17.145351865027248,16.946421213118626,16.95885467529297,26000,0.0,0.0
2007-04-10 00:00:00-04:00,16.983725657969586,17.667550874339668,16.96507664467005,17.344287872314453,43200,0.0,0.0
2007-04-11 00:00:00-04:00,17.3753662608411,17.3753662608411,17.188867884437023,17.2945499420166,32800,0.0,0.0
2007-04-12 00:00:00-04:00,17.226170916420966,17.263471311429285,17.089406358551912,17.15778923034668,79300,0.0,0.0
2007-04-13 00:00:00-04:00,17.182648125983775,17.586727277472924,17.083182817047373,17.568077087402344,42600,0.0,0.0
2007-04-16 00:00:00-04:00,17.61781535437084,18.49435440968659,17.611598622366852,18.338939666748047,135100,0.0,0.0
2007-04-17 00:00:00-04:00,18.37623725839349,18.444620118708404,17.93485999637615,18.028108596801758,68600,0.0,0.0
2007-04-18 00:00:00-04:00,17.965937206359907,18.05918577947632,17.71727394947616,17.76078987121582,65800,0.0,0.0
2007-04-19 00:00:00-04:00,17.673758990554568,17.785657758678177,17.53077775827218,17.586727142333984,46100,0.0,0.0
2007-04-20 00:00:00-04:00,17.903774346848127,17.903774346848127,17.66754450634167,17.82917594909668,50200,0.0,0.0
2007-04-23 00:00:00-04:00,17.779443553965063,17.835392945973513,17.468614125349312,17.518346786499023,47600,0.0,0.0
2007-04-24 00:00:00-04:00,17.518355726168693,17.568088412697143,17.251042091432964,17.443756103515625,34200,0.0,0.0
2007-04-25 00:00:00-04:00,17.530782137823564,17.59294708167121,17.21995267570414,17.238601684570312,55100,0.0,0.0
2007-04-26 00:00:00-04:00,17.176433703589595,17.561862716790003,17.095618573866375,17.518346786499023,70100,0.0,0.0
2007-04-27 00:00:00-04:00,17.406446321066174,17.48726144298287,17.251031621770938,17.42509651184082,28700,0.0,0.0
2007-04-30 00:00:00-04:00,17.44996588065533,17.474832806866086,17.008588611897153,17.021020889282227,63000,0.0,0.0
2007-05-01 00:00:00-04:00,17.064535914403553,17.120485305786133,16.909121201834193,17.120485305786133,46200,0.0,0.0
2007-05-02 00:00:00-04:00,17.182653427627823,17.80431239315092,17.182653427627823,17.462400436401367,54900,0.0,0.0
2007-05-03 00:00:00-04:00,17.456186694993995,17.655117408326255,17.31942212600821,17.344287872314453,62300,0.0,0.0
2007-05-04 00:00:00-04:00,17.35050195207294,17.524566892480852,17.26347007472918,17.431318283081055,43900,0.0,0.0
2007-05-07 00:00:00-04:00,17.42510060699023,17.63024801084373,17.34428428036048,17.387800216674805,42600,0.0,0.0
2007-05-08 00:00:00-04:00,17.325633232854933,17.456181026441172,17.22616672276802,17.406448364257812,43600,0.0,0.0
2007-05-09 00:00:00-04:00,17.375375083009853,17.468623725697828,17.18265987763778,17.43754005432129,27800,0.0,0.0
2007-05-10 00:00:00-04:00,17.344275157624622,17.381574342601102,16.909114837646484,16.909114837646484,47000,0.0,0.0
2007-05-11 00:00:00-04:00,17.02723989883403,17.406452274239072,17.008590887401297,17.188871383666992,54900,0.0,0.0
2007-05-14 00:00:00-04:00,17.31941855355556,17.394016962807555,17.027238091110956,17.251035690307617,61200,0.0,0.0
2007-05-15 00:00:00-04:00,17.251030648975032,17.673758796935385,17.201297995433816,17.244813919067383,55700,0.0,0.0
2007-05-16 00:00:00-04:00,17.28211938979263,17.29455285412386,17.1702217679728,17.257253646850586,32200,0.0,0.0
2007-05-17 00:00:00-04:00,17.176435192059557,17.387799316692206,17.108053518128013,17.213735580444336,39900,0.0,0.0
2007-05-18 00:00:00-04:00,17.232388370477672,17.400236597881808,17.070756875835233,17.35050392150879,39300,0.0,0.0
2007-05-21 00:00:00-04:00,17.356708526611328,17.636455376817267,17.275893428618335,17.356708526611328,57300,0.0,0.0
2007-05-22 00:00:00-04:00,17.31941527054123,17.369147929188838,17.13913364186858,17.263465881347656,76600,0.0,0.0
2007-05-23 00:00:00-04:00,17.331847204831256,17.605377414870222,17.331847204831256,17.512128829956055,62800,0.0,0.0
2007-05-24 00:00:00-04:00,17.512135028096264,18.00946178080607,17.4126696775543,17.94108009338379,56200,0.0,0.0
2007-05-25 00:00:00-04:00,18.00323506216669,18.177299921925265,17.698622446879074,17.90998649597168,50900,0.0,0.0
2007-05-29 00:00:00-04:00,18.009459468854462,18.264339545113256,18.009459468854462,18.189741134643555,56100,0.0,0.0
2007-05-30 00:00:00-04:00,18.1027088719041,18.463271010021593,18.1027088719041,18.438404083251953,81900,0.0,0.0
2007-05-31 00:00:00-04:00,18.31406760763412,18.370016994274145,18.06540432574514,18.270551681518555,37400,0.0,0.0
2007-06-01 00:00:00-04:00,18.338937700754833,18.575167562979843,18.276771573099747,18.5565185546875,27500,0.0,0.0
2007-06-04 00:00:00-04:00,18.562741155014084,18.587606902505776,18.21461120436533,18.537874221801758,108200,0.0,0.0
2007-06-05 00:00:00-04:00,18.48191728662874,18.575165876786432,18.345152766778803,18.463268280029297,25200,0.0,0.0
2007-06-06 00:00:00-04:00,18.46949012205208,18.581388942680046,18.26434267947433,18.53165626525879,24400,0.0,0.0
2007-06-07 00:00:00-04:00,18.463273562587386,18.463273562587386,18.071627711862412,18.233259201049805,71000,0.0,0.0
2007-06-08 00:00:00-04:00,18.18352305879359,18.649767239788297,18.18352305879359,18.618684768676758,34800,0.0,0.0
2007-06-11 00:00:00-04:00,18.60625236504443,18.60625236504443,18.370021302557078,18.50057029724121,27900,0.0,0.0
2007-06-12 00:00:00-04:00,18.35136886267408,18.64354808458542,18.245686814626126,18.388668060302734,45000,0.0,0.0
2007-06-13 00:00:00-04:00,18.463519748502165,19.29313054378533,18.34500358067823,19.280654907226562,97300,0.1,0.0
2007-06-14 00:00:00-04:00,19.280660558628547,19.636207976573544,19.280660558628547,19.405414581298828,69600,0.0,0.0
2007-06-15 00:00:00-04:00,19.77343489970209,20.04789180796059,19.661156532804352,19.99175262451172,102200,0.0,0.0
2007-06-18 00:00:00-04:00,19.991753473369393,20.996019809104716,19.991753473369393,20.758987426757812,121700,0.0,0.0
2007-06-19 00:00:00-04:00,20.677902853514464,21.73206954483062,20.45958270287906,21.688405990600586,118500,0.0,0.0
2007-06-20 00:00:00-04:00,21.738300442216378,23.0731651377749,21.738300442216378,22.05018424987793,276700,0.0,0.0
2007-06-21 00:00:00-04:00,21.962849541302056,21.962849541302056,20.821356438796876,21.51373863220215,187100,0.0,0.0
2007-06-22 00:00:00-04:00,21.432658904452158,22.40573500955109,21.382756345480427,22.287220001220703,222600,0.0,0.0
2007-06-25 00:00:00-04:00,22.287214313254058,22.761278984558533,22.106321152375127,22.162460327148438,116800,0.0,0.0
2007-06-26 00:00:00-04:00,22.31840406401732,22.455633698051585,21.813153828681283,22.168701171875,205200,0.0,0.0
2007-06-27 00:00:00-04:00,22.0626498571303,22.69889282103568,21.969086185060515,22.218591690063477,161000,0.0,0.0
2007-06-28 00:00:00-04:00,22.224847880256437,22.33712627714123,22.019003359472524,22.100093841552734,70700,0.0,0.0
2007-06-29 00:00:00-04:00,22.143749119342274,22.23731520826005,21.32661273184509,21.345327377319336,147500,0.0,0.0
2007-07-02 00:00:00-04:00,21.388992854174173,22.043948397444712,21.133248218059595,22.025236129760742,95600,0.0,0.0
2007-07-03 00:00:00-04:00,22.01899582895148,22.430682350236683,21.981571295779364,22.093847274780273,72900,0.0,0.0
2007-07-05 00:00:00-04:00,22.156219301776577,22.38077595630723,22.149980294993004,22.337112426757812,62300,0.0,0.0
2007-07-06 00:00:00-04:00,22.33711916133487,22.61157605546257,21.85681781199792,22.05018424987793,111800,0.0,0.0
2007-07-09 00:00:00-04:00,22.043944609425328,22.043944609425328,21.638494763057196,21.90047836303711,44900,0.0,0.0
2007-07-10 00:00:00-04:00,21.94414368383654,22.00028286129031,21.301663837020236,21.345327377319336,87300,0.0,0.0
2007-07-11 00:00:00-04:00,21.295429494550245,21.58236207352139,21.095824015310754,21.11453628540039,53500,0.0,0.0
2007-07-12 00:00:00-04:00,21.264236773150817,21.619784101314902,21.170670684903648,21.519981384277344,69700,0.0,0.0
2007-07-13 00:00:00-04:00,21.44513505623902,21.551174427358372,21.07711200323268,21.251766204833984,38900,0.0,0.0
2007-07-16 00:00:00-04:00,21.145728365687383,21.245531113759387,20.783941916748105,20.92740821838379,37500,0.0,0.0
2007-07-17 00:00:00-04:00,20.933639085101554,21.220571576751908,20.933639085101554,20.9710636138916,27800,0.0,0.0
2007-07-18 00:00:00-04:00,20.883740424780267,21.208099885030666,20.86502815690506,21.16443634033203,53700,0.0,0.0
2007-07-19 00:00:00-04:00,21.22681120853497,21.22681120853497,20.821363685873685,21.002254486083984,44200,0.0,0.0
2007-07-20 00:00:00-04:00,20.996013450099813,21.008489085338013,19.966796148047383,20.31610679626465,68500,0.0,0.0
2007-07-23 00:00:00-04:00,20.32234738025732,20.640467775317173,20.166405496907835,20.303632736206055,47600,0.0,0.0
2007-07-24 00:00:00-04:00,20.11649912752781,20.328580143741565,18.950053538352154,19.149660110473633,86600,0.0,0.0
2007-07-25 00:00:00-04:00,19.255709288674755,19.711059420972237,19.037390357243403,19.30561065673828,59500,0.0,0.0
2007-07-26 00:00:00-04:00,19.149662753678694,19.492734403279577,18.557083151922157,18.800352096557617,83600,0.0,0.0
2007-07-27 00:00:00-04:00,18.700557199305596,18.87521260078692,18.24520701906877,18.407386779785156,65000,0.0,0.0
2007-07-30 00:00:00-04:00,18.33877109316714,18.557090037438453,17.752429091629413,18.320058822631836,73900,0.0,0.0
2007-07-31 00:00:00-04:00,18.388663614677736,18.463516230023966,17.403111119447164,17.453012466430664,175000,0.0,0.0
2007-08-01 00:00:00-04:00,17.44053689419502,17.802323148287837,16.97271131840985,17.303308486938477,77300,0.0,0.0
2007-08-02 00:00:00-04:00,17.31579182652637,18.114214926130835,17.31579182652637,17.61520004272461,75100,0.0,0.0
2007-08-03 00:00:00-04:00,17.540347549631367,17.646388102002167,15.419536502215383,15.606667518615723,118400,0.0,0.0
2007-08-06 00:00:00-04:00,15.806272243921903,17.2284629050284,14.802005953201368,16.910341262817383,187400,0.0,0.0
2007-08-07 00:00:00-04:00,16.860444815206282,17.116189529447087,16.348954196981964,16.916584014892578,115200,0.0,0.0
2007-08-08 00:00:00-04:00,17.066279018399353,18.56955858392223,16.929049408269613,17.87717628479004,134700,0.0,0.0
2007-08-09 00:00:00-04:00,17.71500198740411,17.870943908401934,16.86044092659181,17.621437072753906,142600,0.0,0.0
2007-08-10 00:00:00-04:00,17.54034083027901,17.771134115428673,16.910335576917497,17.278358459472656,158600,0.0,0.0
2007-08-13 00:00:00-04:00,17.39064289241643,17.802330667556834,17.17232514996485,17.509159088134766,59600,0.0,0.0
2007-08-14 00:00:00-04:00,17.702519264224392,17.75865842849797,17.303308486938477,17.303308486938477,73100,0.0,0.0
2007-08-15 00:00:00-04:00,17.30954915046939,17.99569367906706,17.265885613241366,17.36568832397461,107700,0.0,0.0
2007-08-16 00:00:00-04:00,17.37192540638653,19.810856277404397,17.37192540638653,19.673627853393555,155800,0.0,0.0
2007-08-17 00:00:00-04:00,20.74027451562286,21.014731427034633,19.274420289352165,19.692344665527344,83600,0.0,0.0
2007-08-20 00:00:00-04:00,19.711056634120766,21.332852651501124,19.318082375156585,20.946117401123047,86500,0.0,0.0
2007-08-21 00:00:00-04:00,20.896218526184303,21.020972545521207,20.35354127847651,20.877506256103516,73400,0.0,0.0
2007-08-22 00:00:00-04:00,21.0459210264634,21.42018065521766,20.684134656447554,20.790176391601562,60400,0.0,0.0
2007-08-23 00:00:00-04:00,20.852555247433255,20.852555247433255,19.7547239081206,19.923141479492188,47700,0.0,0.0
2007-08-24 00:00:00-04:00,19.891950876101,20.147695528971013,19.6985832289964,20.0291805267334,38900,0.0,0.0
2007-08-27 00:00:00-04:00,20.00422741137569,20.69037084255371,19.754720600970746,20.465816497802734,24500,0.0,0.0
2007-08-28 00:00:00-04:00,20.372244425710797,20.372244425710797,19.636198658663456,19.686100006103516,51000,0.0,0.0
2007-08-29 00:00:00-04:00,19.80461691656195,20.484523545254778,19.692338583054216,20.422147750854492,33700,0.0,0.0
2007-08-30 00:00:00-04:00,20.25997180675326,20.47829189923165,19.96056363772553,20.203832626342773,20600,0.0,0.0
2007-08-31 00:00:00-04:00,20.42838587162443,20.478288414379293,20.022936039935914,20.334819793701172,55200,0.0,0.0
2007-09-04 00:00:00-04:00,20.291157441331222,21.195620855869684,20.041651851465527,20.80264663696289,42200,0.0,0.0
2007-09-05 00:00:00-04:00,20.70909244874988,20.796419564303278,20.247503207200655,20.253742218017578,23900,0.0,0.0
2007-09-06 00:00:00-04:00,20.2786860337676,20.29740068203637,19.6362060910144,19.9605655670166,38100,0.0,0.0
2007-09-07 00:00:00-04:00,19.74224442696254,19.74224442696254,19.012436282755285,19.24323081970215,35100,0.0,0.0
2007-09-10 00:00:00-04:00,19.32432046296341,19.32432046296341,18.544610942768866,19.130952835083008,44500,0.0,0.0
2007-09-11 00:00:00-04:00,19.23700286019334,19.748492367218113,18.84402840204501,19.467796325683594,39200,0.0,0.0
2007-09-12 00:00:00-04:00,19.43024587971394,19.705586258909204,18.873308443366952,18.917112350463867,41600,0.1,0.0
2007-09-13 00:00:00-04:00,19.023489396631273,19.617973925162463,18.741892404353347,18.829500198364258,34800,0.0,0.0
2007-09-14 00:00:00-04:00,18.679310833850522,18.848269708604185,18.46029020289945,18.78569221496582,43700,0.0,0.0
2007-09-17 00:00:00-04:00,18.76692444390399,18.87330585809589,18.253790984943087,18.39771842956543,38000,0.0,0.0
2007-09-18 00:00:00-04:00,18.454036222799502,20.168653225821597,18.12863414216465,20.09356117248535,43200,0.0,0.0
2007-09-19 00:00:00-04:00,20.381415242970682,20.494054512176206,19.912085750325428,20.481538772583008,72700,0.0,0.0
2007-09-20 00:00:00-04:00,20.48154432837955,20.48154432837955,19.41147336779431,19.586688995361328,29700,0.0,0.0
2007-09-21 00:00:00-04:00,19.774415820811537,20.337610962601016,19.411467734452398,19.79944610595703,123200,0.0,0.0
2007-09-24 00:00:00-04:00,19.724353749107305,19.805703666518742,19.173673161701988,19.5115909576416,92700,0.0,0.0
2007-09-25 00:00:00-04:00,19.36141227714573,19.855772207070345,19.261288716817532,19.617979049682617,167900,0.0,0.0
2007-09-26 00:00:00-04:00,19.711848201022043,20.281301498010638,19.63049824155247,19.849517822265625,135000,0.0,0.0
2007-09-27 00:00:00-04:00,19.899564017540932,20.13109916245005,19.07980241814177,19.148637771606445,89900,0.0,0.0
2007-09-28 00:00:00-04:00,19.117353036122573,19.367663038616392,18.29133336987931,18.372684478759766,124500,0.0,0.0
2007-10-01 00:00:00-04:00,18.33514283467904,19.56791603285703,18.23501928067849,19.53036880493164,78000,0.0,0.0
2007-10-02 00:00:00-04:00,19.592945454765008,20.575409724326136,19.580430906245695,20.525346755981445,51100,0.0,0.0
2007-10-03 00:00:00-04:00,20.437729737111532,21.18239815210968,20.337606232682095,20.50656509399414,64400,0.0,0.0
2007-10-04 00:00:00-04:00,20.600437714813257,20.86952018737793,20.31258282369454,20.86952018737793,29900,0.0,0.0
2007-10-05 00:00:00-04:00,20.963390559410318,21.276276985670172,20.725596207055307,21.251245498657227,118100,0.0,0.0
2007-10-08 00:00:00-04:00,21.24497709566189,21.326328189990427,21.007182874542227,21.207429885864258,34800,0.0,0.0
2007-10-09 00:00:00-04:00,21.26375719685758,21.70179858771335,21.01970621274561,21.57038688659668,37100,0.0,0.0
2007-10-10 00:00:00-04:00,21.570391440775612,21.764379501342777,21.39517341515922,21.764379501342773,48300,0.0,0.0
2007-10-11 00:00:00-04:00,21.826951912227788,21.85824006903826,21.219951644144555,21.46400260925293,222300,0.0,0.0
2007-10-12 00:00:00-04:00,21.313819350053276,21.664250539691974,21.295044545513026,21.47026252746582,147200,0.0,0.0
2007-10-15 00:00:00-04:00,21.445226712684878,21.501546340658106,20.425216733673317,20.63797950744629,56100,0.0,0.0
2007-10-16 00:00:00-04:00,20.556634666037525,21.257501891483003,20.437738698374623,20.450254440307617,50900,0.0,0.0
2007-10-17 00:00:00-04:00,20.625463769326352,20.86951469483268,20.03097933786073,20.63797950744629,73900,0.0,0.0
2007-10-18 00:00:00-04:00,20.59418797739194,20.650507639165948,19.755652117164672,19.849517822265625,70500,0.0,0.0
2007-10-19 00:00:00-04:00,19.805707273319317,19.805707273319317,18.74189431582731,18.798213958740234,72300,0.0,0.0
2007-10-22 00:00:00-04:00,18.52286553412341,19.943369341544894,18.49157619417383,19.39894676208496,118500,0.0,0.0
2007-10-23 00:00:00-04:00,19.430236885038045,19.54287613318238,18.879557575135802,19.223731994628906,56100,0.0,0.0
2007-10-24 00:00:00-04:00,19.136125758632936,19.442754184571864,17.80323066681135,18.33513641357422,92400,0.0,0.0
2007-10-25 00:00:00-04:00,18.43526543358623,18.7982147899932,18.147410529139552,18.26004981994629,36400,0.0,0.0
2007-10-26 00:00:00-04:00,18.36642986732178,18.848275155959353,18.15366704360043,18.80447006225586,41200,0.0,0.0
2007-10-29 00:00:00-04:00,18.835754260239877,18.86704241075604,18.20998170138517,18.410228729248047,61500,0.0,0.0
2007-10-30 00:00:00-04:00,18.272560804466707,18.37268432721174,17.50911745157765,17.765684127807617,71600,0.0,0.0
2007-10-31 00:00:00-04:00,17.778203568794527,18.960913673494794,17.778203568794527,18.366430282592773,67400,0.0,0.0
2007-11-01 00:00:00-04:00,18.178703612263178,18.178703612263178,17.215013895633334,17.26507568359375,69000,0.0,0.0
2007-11-02 00:00:00-04:00,17.265065362186412,17.590467386180766,16.895859449109444,17.408992767333984,86400,0.0,0.0
2007-11-05 00:00:00-05:00,17.32764873035771,17.490349797493327,16.407761973612736,16.564205169677734,113100,0.0,0.0
2007-11-06 00:00:00-05:00,16.658067136701263,16.789478809785642,16.107386580319485,16.63303565979004,111100,0.0,0.0
2007-11-07 00:00:00-05:00,16.40775389618284,16.626774501564796,16.270084381103516,16.270084381103516,108300,0.0,0.0
2007-11-08 00:00:00-05:00,16.288855931694815,16.614256671186393,15.863330510552606,16.263824462890625,89600,0.0,0.0
2007-11-09 00:00:00-05:00,16.007266179186892,16.689358541574233,15.800761228693174,16.151193618774414,135100,0.0,0.0
2007-11-12 00:00:00-05:00,16.138681239386518,16.75193830280037,16.138681239386518,16.376474380493164,113200,0.0,0.0
2007-11-13 00:00:00-05:00,16.589232557491403,16.77070599945981,16.26383050357345,16.520397186279297,215800,0.0,0.0
2007-11-14 00:00:00-05:00,16.670584953428087,16.977213444371664,16.526657513640302,16.820770263671875,110400,0.0,0.0
2007-11-15 00:00:00-05:00,16.801997330683584,17.333904367466747,16.739419821609086,17.18997573852539,128300,0.0,0.0
2007-11-16 00:00:00-05:00,17.22752365788853,17.80949129322308,16.582977317378102,17.709367752075195,111500,0.0,0.0
2007-11-19 00:00:00-05:00,17.584207591476876,17.70310470137029,16.507878121304266,17.377702713012695,99800,0.0,0.0
2007-11-20 00:00:00-05:00,17.208739055826772,17.784449646527978,16.651802064688408,17.06481170654297,105900,0.0,0.0
2007-11-21 00:00:00-05:00,17.064821359245425,17.064821359245425,16.501626183015212,16.85831642150879,79900,0.0,0.0
2007-11-23 00:00:00-05:00,17.021018716675872,17.847038528492284,17.021018716675872,17.67807960510254,25600,0.0,0.0
2007-11-26 00:00:00-05:00,17.740659682323166,17.76568997446358,16.608011212538358,16.67058753967285,78500,0.0,0.0
2007-11-27 00:00:00-05:00,16.75819261673846,17.114882849465367,16.66432576091209,16.814512252807617,71100,0.0,0.0
2007-11-28 00:00:00-05:00,17.077344277133978,17.56544641135626,17.077344277133978,17.26507568359375,94000,0.0,0.0
2007-11-29 00:00:00-05:00,17.265058523141345,17.446531876536334,17.089841842651367,17.089841842651367,40600,0.0,0.0
2007-11-30 00:00:00-05:00,17.27132919180395,17.753174525139702,17.02727699279785,17.02727699279785,63400,0.0,0.0
2007-12-03 00:00:00-05:00,16.98973779249476,16.99599566612108,16.41402654811444,16.676851272583008,103600,0.0,0.0
2007-12-04 00:00:00-05:00,16.489115398464453,16.845805744156277,16.426537872617267,16.614269256591797,63500,0.0,0.0
2007-12-05 00:00:00-05:00,16.801994542595132,16.983467975874465,16.614262046523585,16.664323806762695,75900,0.0,0.0
2007-12-06 00:00:00-05:00,16.582979842526072,16.95844377578722,16.582979842526072,16.88960838317871,85100,0.0,0.0
2007-12-07 00:00:00-05:00,16.889599670099653,16.927145685986286,16.38272427814797,16.57045555114746,120800,0.0,0.0
2007-12-10 00:00:00-05:00,16.514138583710356,16.93340627476437,16.514138583710356,16.84579849243164,61000,0.0,0.0
2007-12-11 00:00:00-05:00,16.802002244720487,17.171208343317367,16.063590047526727,16.138683319091797,96800,0.0,0.0
2007-12-12 00:00:00-05:00,16.628683167235067,16.923942010832505,15.899961201348,16.333425521850586,70000,0.1,0.0
2007-12-13 00:00:00-05:00,16.107268470089934,16.34598841426919,15.862267494201662,15.86226749420166,62400,0.0,0.0
2007-12-14 00:00:00-05:00,15.610985179804509,15.83713947884099,15.309445315613928,15.604702949523926,53900,0.0,0.0
2007-12-17 00:00:00-05:00,15.428801752032596,15.786880436128548,15.353417396545408,15.35341739654541,54900,0.0,0.0
2007-12-18 00:00:00-05:00,15.554436546363181,15.918797286540311,15.340845643685673,15.906232833862305,98300,0.0,0.0
2007-12-19 00:00:00-05:00,15.931370068043057,16.22034544143889,15.705214594454816,15.874831199645996,56400,0.0,0.0
2007-12-20 00:00:00-05:00,16.063291757141393,16.063291757141393,15.623546509537949,15.780598640441895,75600,0.0,0.0
2007-12-21 00:00:00-05:00,16.144959803623813,16.967912647691723,16.126113116246618,16.72919273376465,115300,0.0,0.0
2007-12-24 00:00:00-05:00,16.78573024590633,17.76573634277097,16.735473615160394,17.33855438232422,41100,0.0,0.0
2007-12-26 00:00:00-05:00,17.150092337469335,18.054712953413073,17.08727244323085,17.991891860961914,57000,0.0,0.0
2007-12-27 00:00:00-05:00,17.941643996402977,17.941643996402977,16.722919718924256,16.754329681396484,122900,0.0,0.0
2007-12-28 00:00:00-05:00,16.810869776722473,17.080999786903085,16.64753532409668,16.64753532409668,47700,0.0,0.0
2007-12-31 00:00:00-05:00,16.565857858693622,16.88624312353296,15.912520475635805,16.534446716308594,61600,0.0,0.0
2008-01-02 00:00:00-05:00,16.477914353501447,16.496761046361463,16.031886739731714,16.05701446533203,80000,0.0,0.0
2008-01-03 00:00:00-05:00,15.99418943593379,17.106118879812954,15.99418943593379,16.95534896850586,121800,0.0,0.0
2008-01-04 00:00:00-05:00,16.842271934533386,17.01817077079895,16.678937557618102,16.716630935668945,86000,0.0,0.0
2008-01-07 00:00:00-05:00,16.873681150997776,17.866250559985136,16.45278139665558,17.307144165039062,105400,0.0,0.0
2008-01-08 00:00:00-05:00,17.369961748745638,17.690348171521286,16.521880182364495,16.55329132080078,69400,0.0,0.0
2008-01-09 00:00:00-05:00,16.446495978647445,17.087268829345703,16.23290502841469,17.087268829345703,117400,0.0,0.0
2008-01-10 00:00:00-05:00,16.93021747422427,17.43278373319351,16.333418993262388,17.074705123901367,112400,0.0,0.0
2008-01-11 00:00:00-05:00,17.011892160233497,17.01817439124512,16.33342678774788,16.911378860473633,50900,0.0,0.0
2008-01-14 00:00:00-05:00,17.04957586288709,17.08098700231256,16.67893280515368,16.804574966430664,69100,0.0,0.0
2008-01-15 00:00:00-05:00,16.804573808542152,16.923933733709767,16.364827472585073,16.792009353637695,59700,0.0,0.0
2008-01-16 00:00:00-05:00,16.936501703708316,17.464196974425658,16.79201402673428,16.949066162109375,65100,0.0,0.0
2008-01-17 00:00:00-05:00,16.967914131610616,17.1312485085259,16.622398688754625,16.716630935668945,83500,0.0,0.0
2008-01-18 00:00:00-05:00,16.77944730959417,17.294579250779474,16.666370793844386,16.86739730834961,79900,0.0,0.0
2008-01-22 00:00:00-05:00,16.320855516867496,17.80342786713442,16.320855516867496,17.093551635742188,51700,0.0,0.0
2008-01-23 00:00:00-05:00,16.779448870461625,17.746890559277592,16.748038923978054,17.614967346191406,176500,0.0,0.0
2008-01-24 00:00:00-05:00,17.772024016353818,18.28087270833321,17.288303048339692,17.432790756225586,73100,0.0,0.0
2008-01-25 00:00:00-05:00,17.7217638690427,18.04215039590283,17.106119734235143,17.231761932373047,45000,0.0,0.0
2008-01-28 00:00:00-05:00,17.231757773270157,17.545861994589078,16.810858068774298,17.445348739624023,33500,0.0,0.0
2008-01-29 00:00:00-05:00,17.602400922360907,17.633810865336407,17.18778344437917,17.376245498657227,38200,0.0,0.0
2008-01-30 00:00:00-05:00,17.27573756506985,17.552149701610574,16.829710006713867,16.829710006713867,53700,0.0,0.0
2008-01-31 00:00:00-05:00,16.616120271034884,17.520739918723034,16.496760284857274,17.28830337524414,70900,0.0,0.0
2008-02-01 00:00:00-05:00,17.395093846517756,18.795998525706228,17.200348347169932,18.3499698638916,193300,0.0,0.0
2008-02-04 00:00:00-05:00,18.343685987016972,18.343685987016972,17.8097086007453,17.89765739440918,68200,0.0,0.0
2008-02-05 00:00:00-05:00,17.614966311037744,17.728042830661185,16.854833429035896,16.873680114746094,59000,0.0,0.0
2008-02-06 00:00:00-05:00,17.20034966285717,17.20034966285717,16.452782347112183,16.509321212768555,49800,0.0,0.0
2008-02-07 00:00:00-05:00,16.44650309410069,16.85483848801621,16.08214211516197,16.352272033691406,297000,0.0,0.0
2008-02-08 00:00:00-05:00,16.352265233987563,16.377392947148564,15.604696895601753,15.81828784942627,90700,0.0,0.0
2008-02-11 00:00:00-05:00,15.793162069409583,15.793162069409583,14.976491459247999,15.139825820922852,96900,0.0,0.0
2008-02-12 00:00:00-05:00,15.190084193169248,15.937652765299594,15.127263093305613,15.799446105957031,72100,0.0,0.0
2008-02-13 00:00:00-05:00,15.830855827945399,16.905091865748105,15.830855827945399,16.704065322875977,113600,0.0,0.0
2008-02-14 00:00:00-05:00,16.61611648785702,16.842270749181484,16.33970439266855,16.46534538269043,82500,0.0,0.0
2008-02-15 00:00:00-05:00,16.446508674161343,16.79202307896103,16.276891988948403,16.64753532409668,68800,0.0,0.0
2008-02-19 00:00:00-05:00,16.905095131211496,17.043300606579294,16.616119719566214,16.81714630126953,78500,0.0,0.0
2008-02-20 00:00:00-05:00,16.75432223356259,17.432787425997216,16.647526731132476,17.388813018798828,61700,0.0,0.0
2008-02-21 00:00:00-05:00,17.51445878920733,17.797153195766203,16.496761322021484,16.496761322021484,72500,0.0,0.0
2008-02-22 00:00:00-05:00,16.647531998174426,16.647531998174426,15.510474487761051,16.08842658996582,65100,0.0,0.0
2008-02-25 00:00:00-05:00,16.025599846660278,16.905091554647086,15.654956715730894,16.72919273376465,70800,0.0,0.0
2008-02-26 00:00:00-05:00,16.729197276882676,16.99932721158442,16.496760727171647,16.609838485717773,81500,0.0,0.0
2008-02-27 00:00:00-05:00,16.52816873397193,16.955350794452265,16.515605472002942,16.785734176635742,89300,0.0,0.0
2008-02-28 00:00:00-05:00,16.63496380139763,16.766888233330974,15.68008642110629,15.86226749420166,67600,0.0,0.0
2008-02-29 00:00:00-05:00,15.943932085146226,15.943932085146226,15.026748199530031,15.102133750915527,65300,0.0,0.0
2008-03-03 00:00:00-05:00,15.077000098322708,15.15238562602774,14.612126072409902,15.001614570617676,88200,0.0,0.0
2008-03-04 00:00:00-05:00,14.825721448342893,15.102133535191092,14.41110391717693,14.970209121704102,226900,0.0,0.0
2008-03-05 00:00:00-05:00,15.095849004277298,15.322003224293118,14.863411357963482,14.976489067077637,113500,0.0,0.0
2008-03-06 00:00:00-05:00,14.863412364392472,14.970207852652438,14.3545638371362,14.52418041229248,94200,0.0,0.0
2008-03-07 00:00:00-05:00,14.423671577584877,15.315728004297045,14.423671577584877,14.731494903564453,43600,0.0,0.0
2008-03-10 00:00:00-04:00,14.744056501543747,14.957647537204194,14.335721120973918,14.417388916015625,62900,0.0,0.0
2008-03-11 00:00:00-04:00,14.857125255839263,15.070716162202103,14.706355415738228,15.014177322387695,92600,0.0,0.0
2008-03-12 00:00:00-04:00,15.134038934081547,15.73334483949643,14.74291396268703,14.81230640411377,46600,0.1,0.0
2008-03-13 00:00:00-04:00,14.69244931776698,14.875394597388148,14.553661998833364,14.761841773986816,195400,0.0,0.0
2008-03-14 00:00:00-04:00,14.711373318987992,14.831234760836514,13.67047449042694,14.080525398254395,70100,0.0,0.0
2008-03-17 00:00:00-04:00,14.21931941453501,14.459041208001013,13.64524642903586,14.213010787963867,48700,0.0,0.0
2008-03-18 00:00:00-04:00,14.623057626916355,16.906726837158203,14.623057626916355,16.906726837158203,98000,0.0,0.0
2008-03-19 00:00:00-04:00,16.603915441658884,17.41770975660679,16.603915441658884,17.19691276550293,87700,0.0,0.0
2008-03-20 00:00:00-04:00,16.900420170580436,18.534315545337197,16.900420170580436,18.294593811035156,207700,0.0,0.0
2008-03-24 00:00:00-04:00,17.897158199802025,18.326133826926227,17.342011288763768,17.37986183166504,168500,0.0,0.0
2008-03-25 00:00:00-04:00,17.417712136510698,17.82145443604037,17.152755951632606,17.739444732666016,146500,0.0,0.0
2008-03-26 00:00:00-04:00,17.720522163166734,17.916084725536308,17.531268225808716,17.676362991333008,34000,0.0,0.0
2008-03-27 00:00:00-04:00,17.739449555902894,17.916086258349974,16.938272159597865,17.165376663208008,95200,0.0,0.0
2008-03-28 00:00:00-04:00,17.121218268652417,17.56281245140987,16.238031106384856,16.26326560974121,34100,0.0,0.0
2008-03-31 00:00:00-04:00,16.49667176488823,17.455560827985526,15.985685320746274,16.465129852294922,133300,0.0,0.0
2008-04-01 00:00:00-04:00,16.55976483767656,17.58173942565918,16.55976483767656,17.58173942565918,44800,0.0,0.0
2008-04-02 00:00:00-04:00,17.33570227966153,17.606967104802216,17.032895536677657,17.1022891998291,65100,0.0,0.0
2008-04-03 00:00:00-04:00,17.00766412115982,17.644820843654298,16.963504946880036,17.234769821166992,63700,0.0,0.0
2008-04-04 00:00:00-04:00,17.291539974984843,17.53126283877289,17.095977472708043,17.17167854309082,32900,0.0,0.0
2008-04-07 00:00:00-04:00,17.266311220231238,17.670053576957358,17.083364712810255,17.506032943725586,30700,0.0,0.0
2008-04-08 00:00:00-04:00,17.44294038186606,17.922384825464032,17.34831345819794,17.821449279785156,19500,0.0,0.0
2008-04-09 00:00:00-04:00,18.042254824167408,18.042254824167408,17.506033730511316,17.54388427734375,59100,0.0,0.0
2008-04-10 00:00:00-04:00,17.6889892587051,18.40815603117317,17.56912772887782,18.187358856201172,50000,0.0,0.0
2008-04-11 00:00:00-04:00,18.080112591265596,18.67311034360669,17.72683787217305,17.897167205810547,86200,0.0,0.0
2008-04-14 00:00:00-04:00,18.010708918839097,19.16516064661998,17.99809287400725,18.919130325317383,119200,0.0,0.0
2008-04-15 00:00:00-04:00,18.830816622816624,20.004193307818877,18.660487341635758,19.54367446899414,121500,0.0,0.0
2008-04-16 00:00:00-04:00,20.105132214958047,21.284818852072497,20.048355781964723,21.007244110107422,248200,0.0,0.0
2008-04-17 00:00:00-04:00,20.78013437080028,21.11448548128092,20.742285027100333,21.05139923095703,82700,0.0,0.0
2008-04-18 00:00:00-04:00,21.354197865972196,21.354197865972196,20.931530979282808,21.089242935180664,132300,0.0,0.0
2008-04-21 00:00:00-04:00,20.963070528255248,21.196483522878403,20.81797583394933,20.881059646606445,81200,0.0,0.0
2008-04-22 00:00:00-04:00,20.881062746461808,20.937839148879114,20.199748323947702,20.628725051879883,132400,0.0,0.0
2008-04-23 00:00:00-04:00,20.710740748488085,20.761207336510164,20.22498750549327,20.471017837524414,67100,0.0,0.0
2008-04-24 00:00:00-04:00,20.628728535054424,21.347894816109626,20.559334875216827,21.019853591918945,93100,0.0,0.0
2008-04-25 00:00:00-04:00,21.070320943267266,21.114480104000663,20.237601903017783,20.994617462158203,49600,0.0,0.0
2008-04-28 00:00:00-04:00,20.937847056091343,21.183879830476712,20.56564659001435,20.89999771118164,121200,0.0,0.0
2008-04-29 00:00:00-04:00,20.925228563781726,20.94415564160778,20.439477685308837,20.4836368560791,52800,0.0,0.0
2008-04-30 00:00:00-04:00,20.502561628818512,20.54672079980719,19.909564124798862,20.187137603759766,78700,0.0,0.0
2008-05-01 00:00:00-04:00,20.136668697997777,20.73597359062892,20.136668697997777,20.357465744018555,41200,0.0,0.0
2008-05-02 00:00:00-04:00,20.609798453458765,20.710736421402213,19.581518173217773,19.581518173217773,38700,0.0,0.0
2008-05-05 00:00:00-04:00,19.556286139992263,19.688763629833673,18.856044541553516,18.900203704833984,50700,0.0,0.0
2008-05-06 00:00:00-04:00,18.85605198688014,19.24086976726461,18.40184172390395,19.19671058654785,58600,0.0,0.0
2008-05-07 00:00:00-04:00,19.177778657885277,19.177778657885277,18.086411923820325,18.155805587768555,46200,0.0,0.0
2008-05-08 00:00:00-04:00,18.281975210861,18.376602172590673,17.581734731463758,18.042253494262695,47400,0.0,0.0
2008-05-09 00:00:00-04:00,17.9097760019438,17.9097760019438,17.449257207859528,17.707904815673828,25200,0.0,0.0
2008-05-12 00:00:00-04:00,17.707904539923817,19.038994308128405,17.707904539923817,18.81819725036621,56500,0.0,0.0
2008-05-13 00:00:00-04:00,18.818196548602266,20.187136811781055,18.477539240591966,20.016807556152344,220800,0.0,0.0
2008-05-14 00:00:00-04:00,19.966340368236498,20.187137424466027,19.871713402208744,20.048351287841797,95300,0.0,0.0
2008-05-15 00:00:00-04:00,20.01049382593377,20.01049382593377,18.767723966213843,18.95697784423828,127200,0.0,0.0
2008-05-16 00:00:00-04:00,19.020074360933126,19.020074360933126,18.26936461188838,18.805585861206055,118800,0.0,0.0
2008-05-19 00:00:00-04:00,18.92544420492076,18.92544420492076,17.68898242775799,17.935012817382812,92000,0.0,0.0
2008-05-20 00:00:00-04:00,17.802534313904598,17.83407744327164,16.906729895085668,17.455568313598633,119300,0.0,0.0
2008-05-21 00:00:00-04:00,17.449259813498475,17.947630431863754,16.988740950646477,17.291547775268555,95700,0.0,0.0
2008-05-22 00:00:00-04:00,17.25369428255556,18.12426405578972,17.25369428255556,17.764680862426758,127400,0.0,0.0
2008-05-23 00:00:00-04:00,17.61958897656518,17.79622568803119,17.241079846892173,17.455568313598633,27200,0.0,0.0
2008-05-27 00:00:00-04:00,17.40509954638872,18.313521166668227,17.253696143550016,18.048564910888672,94000,0.0,0.0
2008-05-28 00:00:00-04:00,18.086416713685093,18.086416713685093,17.03290024311093,17.411409378051758,115000,0.0,0.0
2008-05-29 00:00:00-04:00,17.297851874003833,18.004402149784788,16.749013595176503,17.871923446655273,113500,0.0,0.0
2008-05-30 00:00:00-04:00,17.92239924367636,18.37660956463444,17.834080870968627,18.269365310668945,86500,0.0,0.0
2008-06-02 00:00:00-04:00,17.657436380447734,17.808839764674048,17.02027971979921,17.190608978271484,92000,0.0,0.0
2008-06-03 00:00:00-04:00,17.22215418118018,17.789918484299363,17.04551746754076,17.10860252380371,112100,0.0,0.0
2008-06-04 00:00:00-04:00,17.184298520783095,17.96654985748061,16.995044611496297,17.474489212036133,84500,0.0,0.0
2008-06-05 00:00:00-04:00,17.36724865837587,18.357679984693025,17.08967515695189,18.256744384765625,159200,0.0,0.0
2008-06-06 00:00:00-04:00,18.256749945404476,18.294600506093953,17.770996470773582,17.865623474121094,55100,0.0,0.0
2008-06-09 00:00:00-04:00,17.86561669350932,18.326135484066196,17.41140652788096,17.588043212890625,63900,0.0,0.0
2008-06-10 00:00:00-04:00,17.455566203475325,17.859308584588046,17.184301339947513,17.6511287689209,62500,0.0,0.0
2008-06-11 00:00:00-04:00,17.63214257690992,17.6448050874328,17.062342886578538,17.093997955322266,86600,0.1,0.0
2008-06-12 00:00:00-04:00,17.252269679361778,18.144955830386095,17.22061462169092,17.49285125732422,66900,0.0,0.0
2008-06-13 00:00:00-04:00,17.720776321076894,18.233595880688604,17.53084350864689,17.6574649810791,59000,0.0,0.0
2008-06-16 00:00:00-04:00,17.708109209481652,18.436187618894092,17.682785404601848,18.322227478027344,67400,0.0,0.0
2008-06-17 00:00:00-04:00,18.21459340499984,18.21459340499984,17.309244996471268,17.600475311279297,57000,0.0,0.0
2008-06-18 00:00:00-04:00,17.48018757497734,17.936026864114215,17.093989644731796,17.727100372314453,34000,0.0,0.0
2008-06-19 00:00:00-04:00,17.714440964513944,18.252585418541923,17.714440964513944,18.087976455688477,21500,0.0,0.0
2008-06-20 00:00:00-04:00,18.018334239666125,18.018334239666125,17.150973050039344,17.385223388671875,87000,0.0,0.0
2008-06-23 00:00:00-04:00,17.454864495736956,17.454864495736956,16.935713834941357,17.125646591186523,37500,0.0,0.0
2008-06-24 00:00:00-04:00,16.986360024943103,17.511841857400704,16.625487119317896,16.891393661499023,47800,0.0,0.0
2008-06-25 00:00:00-04:00,16.86606780730376,17.2902520031211,16.638148787990716,17.08132553100586,56200,0.0,0.0
2008-06-26 00:00:00-04:00,16.980027857084774,16.980027857084774,16.18863952513591,16.239288330078125,19800,0.0,0.0
2008-06-27 00:00:00-04:00,16.22663144860467,16.511531829833984,15.777123299957507,16.511531829833984,311600,0.0,0.0
2008-06-30 00:00:00-04:00,16.49253790467404,16.49253790467404,15.523879033246526,15.688488006591797,70000,0.0,0.0
2008-07-01 00:00:00-04:00,15.54919886477731,15.84043042240591,15.257968514711568,15.650496482849121,70900,0.0,0.0
2008-07-02 00:00:00-04:00,15.669493317604067,15.669493317604067,15.125017607824702,15.194660186767578,33000,0.0,0.0
2008-07-03 00:00:00-04:00,15.194655651669578,15.606177334056415,15.061702994347582,15.365595817565918,26300,0.0,0.0
2008-07-07 00:00:00-04:00,15.44790820702034,15.568199635516015,14.928757378599457,15.251644134521484,80700,0.0,0.0
2008-07-08 00:00:00-04:00,15.245310255463602,16.359585572075023,14.960409870582229,16.353254318237305,53500,0.0,0.0
2008-07-09 00:00:00-04:00,16.353253528673214,16.353253528673214,15.150343131538767,15.1566743850708,51800,0.0,0.0
2008-07-10 00:00:00-04:00,15.106025564377662,15.409918488536505,14.719827551865501,15.1566743850708,72700,0.0,0.0
2008-07-11 00:00:00-04:00,14.650186189282,15.669495149033292,14.561551047586493,15.599852561950684,73500,0.0,0.0
2008-07-14 00:00:00-04:00,16.25828364289292,16.973698232209397,15.891079469979855,15.986045837402344,196200,0.0,0.0
2008-07-15 00:00:00-04:00,15.827771081822279,16.435556911733965,14.909759876051346,15.41624927520752,204900,0.0,0.0
2008-07-16 00:00:00-04:00,15.416252162752386,16.720460406061918,15.352940825053931,16.6254940032959,58400,0.0,0.0
2008-07-17 00:00:00-04:00,16.752109796408547,17.777749738514114,16.600163361941597,17.549829483032227,94600,0.0,0.0
2008-07-18 00:00:00-04:00,17.480188505622085,17.784081381225917,16.821752734250833,17.594148635864258,51200,0.0,0.0
2008-07-21 00:00:00-04:00,17.663788438894965,18.19560152802839,17.492848258624324,17.81573486328125,94900,0.0,0.0
2008-07-22 00:00:00-04:00,17.77141783097889,19.550458627452343,17.54349758389942,19.35419464111328,75300,0.0,0.0
2008-07-23 00:00:00-04:00,19.41750472084377,20.373501998308768,19.39851096560678,19.563119888305664,109800,0.0,0.0
2008-07-24 00:00:00-04:00,19.734058904070608,19.734058904070608,18.68942657862719,18.803386688232422,38500,0.0,0.0
2008-07-25 00:00:00-04:00,19.088294210712572,19.72773639199653,18.7464149380086,19.480823516845703,35400,0.0,0.0
2008-07-28 00:00:00-04:00,19.436499021076372,19.582114192621287,18.12595885448366,18.30323028564453,42800,0.0,0.0
2008-07-29 00:00:00-04:00,18.347547914804228,18.58179940664634,18.138621430756004,18.360210418701172,75900,0.0,0.0
2008-07-30 00:00:00-04:00,18.49317372020497,18.759080417118636,18.29690962720503,18.664113998413086,48600,0.0,0.0
2008-07-31 00:00:00-04:00,18.63244830846875,18.986989966428112,18.012000105149156,18.14495277404785,87000,0.0,0.0
2008-08-01 00:00:00-04:00,18.31589665582583,18.67676963868525,17.695448327135498,18.65777587890625,29700,0.0,0.0
2008-08-04 00:00:00-04:00,18.80972214665365,18.80972214665365,18.024664863739208,18.518491744995117,42100,0.0,0.0
2008-08-05 00:00:00-04:00,18.670438385425584,18.67676963868525,18.3222279090855,18.65777587890625,38900,0.0,0.0
2008-08-06 00:00:00-04:00,18.518498742560336,18.68943902076845,18.360220975529906,18.664113998413086,27000,0.0,0.0
2008-08-07 00:00:00-04:00,18.588129035298138,18.860366807493786,18.22725615869004,18.556472778320312,34900,0.0,0.0
2008-08-08 00:00:00-04:00,18.67676956504349,19.398515527916512,18.5754719284144,18.93001365661621,53900,0.0,0.0
2008-08-11 00:00:00-04:00,18.828714319922327,20.417822511458095,18.828714319922327,20.2658748626709,74700,0.0,0.0
2008-08-12 00:00:00-04:00,20.18357361252428,20.417825161205425,19.816369363353967,19.96831703186035,44200,0.0,0.0
2008-08-13 00:00:00-04:00,19.816363842375743,20.09493288027532,19.67074867548659,19.810033798217773,45700,0.0,0.0
2008-08-14 00:00:00-04:00,19.65809347855791,20.09494034915524,19.4618294325181,19.879682540893555,43800,0.0,0.0
2008-08-15 00:00:00-04:00,20.189906685074682,20.259549272117823,19.49348564489622,19.854358673095703,73400,0.0,0.0
2008-08-18 00:00:00-04:00,20.025301517373492,20.291208200530743,19.632773351680644,19.76572608947754,37100,0.0,0.0
2008-08-19 00:00:00-04:00,19.65809206056158,19.76572095692883,18.784399589952173,18.93634605407715,27200,0.0,0.0
2008-08-20 00:00:00-04:00,18.936338107233205,19.22123836263296,18.581796506395566,18.740074157714844,25400,0.0,0.0
2008-08-21 00:00:00-04:00,18.505830381693453,18.74641318776711,18.296903843557462,18.524824142456055,17600,0.0,0.0
2008-08-22 00:00:00-04:00,18.600792148622006,18.89835495548457,18.550143340069653,18.771732330322266,22400,0.0,0.0
2008-08-25 00:00:00-04:00,18.683100063264863,18.879364075357,17.88538030137559,18.3095645904541,28100,0.0,0.0
2008-08-26 00:00:00-04:00,18.176614588840707,18.537488840603434,18.030999361806426,18.39187240600586,10800,0.0,0.0
2008-08-27 00:00:00-04:00,18.315898900772822,18.94267855954609,18.132296156427877,18.670440673828125,52600,0.0,0.0
2008-08-28 00:00:00-04:00,18.531152475141365,18.746410232935705,18.505827464782993,18.600793838500977,33100,0.0,0.0
2008-08-29 00:00:00-04:00,18.543812244115394,18.676764906190343,18.201931900100757,18.550142288208008,27500,0.0,0.0
2008-09-02 00:00:00-04:00,19.240234856949254,19.240234856949254,18.087973512056905,18.46784019470215,41100,0.0,0.0
2008-09-03 00:00:00-04:00,18.480496924701423,18.67676085317662,18.163941656003516,18.65143585205078,76100,0.0,0.0
2008-09-04 00:00:00-04:00,18.499496287697514,18.499496287697514,17.758756637573242,17.758756637573242,17100,0.0,0.0
2008-09-05 00:00:00-04:00,17.82206839479515,17.898042220487234,17.258600181346253,17.530838012695312,19500,0.0,0.0
2008-09-08 00:00:00-04:00,18.07531114426943,18.65144182107379,17.872715900676194,18.58180046081543,59800,0.0,0.0
2008-09-09 00:00:00-04:00,18.366545191217245,18.638783039370914,17.48019027709961,17.48019027709961,67500,0.0,0.0
2008-09-10 00:00:00-04:00,17.73343767606505,18.03733063919365,17.581491194500753,17.682788848876953,77400,0.0,0.0
2008-09-11 00:00:00-04:00,17.51122849158215,17.51122849158215,15.643195519344268,15.732149124145508,91100,0.1,0.0
2008-09-12 00:00:00-04:00,15.109471168905857,15.109471168905857,10.325016795840781,10.52198600769043,385400,0.0,0.0
2008-09-15 00:00:00-04:00,9.257567623054687,10.115338390685194,8.088458069465307,8.425212860107422,423100,0.0,0.0
2008-09-16 00:00:00-04:00,8.082108644283387,8.41886299439276,5.4833802720809,6.9511213302612305,689000,0.0,0.0
2008-09-17 00:00:00-04:00,6.385624553023312,6.824040292172588,5.851900622962734,6.696963310241699,174000,0.0,0.0
2008-09-18 00:00:00-04:00,6.836754422590314,9.467252427667168,6.747800152514479,9.454545021057129,195100,0.0,0.0
2008-09-19 00:00:00-04:00,9.391002727250852,11.513192176818848,9.391002727250852,11.513192176818848,326600,0.0,0.0
2008-09-22 00:00:00-04:00,10.909575809683783,13.209673271026366,4.587486005066943,4.701855659484863,722700,0.0,0.0
2008-09-23 00:00:00-04:00,5.36265584246258,5.36265584246258,4.130007666946321,4.276146411895752,471500,0.0,0.0
2008-09-24 00:00:00-04:00,4.905177081177044,4.905177081177044,3.138805145108628,3.3357746601104736,661300,0.0,0.0
2008-09-25 00:00:00-04:00,3.4946218600018217,3.9076226858698755,2.7321590299189196,2.9863131046295166,736400,0.0,0.0
2008-09-26 00:00:00-04:00,2.687682066176853,2.776635997317238,1.4486796705334875,1.817203402519226,658500,0.0,0.0
2008-09-29 00:00:00-04:00,2.2873891605962853,2.414466369848924,1.5884647369384766,2.382697105407715,545700,0.0,0.0
2008-09-30 00:00:00-04:00,1.9125114836809873,2.795697919351995,1.9125114836809873,2.6050820350646973,363900,0.0,0.0
2008-10-01 00:00:00-04:00,3.28494498607363,4.447701076050822,3.0434982835167292,4.31427001953125,1044500,0.0,0.0
2008-10-02 00:00:00-04:00,4.511239445500193,5.083086767431334,4.320623873506866,4.670085906982422,679400,0.0,0.0
2008-10-03 00:00:00-04:00,5.1783945071139135,6.982890443153715,4.8098710604420685,5.216517925262451,955800,0.0,0.0
2008-10-06 00:00:00-04:00,5.083085378011067,6.735088368245063,5.083085378011067,5.718471050262451,711700,0.0,0.0
2008-10-07 00:00:00-04:00,5.782011857231382,6.341150908727155,4.492178363686147,4.701855659484863,370200,0.0,0.0
2008-10-08 00:00:00-04:00,4.701855339408262,4.7336244500473255,3.8440845045442233,4.3587470054626465,429800,0.0,0.0
2008-10-09 00:00:00-04:00,4.473116636119646,4.682793931097817,2.7448671506543474,3.1006832122802734,360300,0.0,0.0
2008-10-10 00:00:00-04:00,2.6177899337572135,3.253175857658029,2.478005163808306,3.157867908477783,315600,0.0,0.0
2008-10-13 00:00:00-04:00,3.8123130798339844,4.130005836486816,3.4946203231811523,3.9711594581604004,109600,0.0,0.0
2008-10-14 00:00:00-04:00,4.460405949973594,4.886114259788981,3.5263894501950004,3.907620668411255,514800,0.0,0.0
2008-10-15 00:00:00-04:00,3.7170067169818077,3.875853160468001,3.068913239677162,3.2214059829711914,358100,0.0,0.0
2008-10-16 00:00:00-04:00,3.507329921609779,3.507329921609779,3.1451598737296154,3.304006338119507,342900,0.0,0.0
2008-10-17 00:00:00-04:00,3.29765137142079,3.3993129726594287,3.0180816650390625,3.0180816650390625,257100,0.0,0.0
2008-10-20 00:00:00-04:00,3.2722351551055904,3.5390970947844527,3.0498503063650038,3.272235155105591,103400,0.0,0.0
2008-10-21 00:00:00-04:00,3.1578677172380556,3.2086988425713194,2.8592364843989815,3.0498523712158203,149800,0.0,0.0
2008-10-22 00:00:00-04:00,3.0434979027020743,3.0816210136553224,2.8910054588890817,2.9481899738311768,145300,0.0,0.0
2008-10-23 00:00:00-04:00,2.891005911284956,3.024436971988914,2.0650041357819395,2.1348965167999268,505800,0.0,0.0
2008-10-24 00:00:00-04:00,1.906157772755572,2.2492661476135254,1.6964804662285582,2.2492661476135254,314200,0.0,0.0
2008-10-27 00:00:00-04:00,1.9061565399169922,2.249264692864017,1.8934488417698958,1.9061565399169922,203500,0.0,0.0
2008-10-28 00:00:00-04:00,2.084065759573466,2.2111429714412716,1.652003299818051,1.8807423114776611,212200,0.0,0.0
2008-10-29 00:00:00-04:00,1.8489724725559895,2.2556192425452,1.8108492147856974,2.1857268810272217,384800,0.0,0.0
2008-10-30 00:00:00-04:00,2.350927097469639,2.4780042665332487,2.2429114810424076,2.3255116939544678,185300,0.0,0.0
2008-10-31 00:00:00-04:00,2.4144654656846045,3.685236930847168,2.331865409069369,3.685236930847168,588800,0.0,0.0
2008-11-03 00:00:00-05:00,3.7805453470143258,4.4477005508288805,3.7487762391508817,4.250730991363525,634400,0.0,0.0
2008-11-04 00:00:00-05:00,4.352391939830633,5.33723958295918,4.295207433439626,4.873408317565918,624100,0.0,0.0
2008-11-05 00:00:00-05:00,4.765392883752446,4.765392883752446,3.558159959273389,3.6280524730682373,593900,0.0,0.0
2008-11-06 00:00:00-05:00,3.500975893088343,3.831376495993502,3.1133904713998968,3.1642212867736816,398200,0.0,0.0
2008-11-07 00:00:00-05:00,3.2086972230285826,4.034698275379934,3.2086972230285826,3.5454514026641846,323100,0.0,0.0
2008-11-10 00:00:00-05:00,3.9076225032657104,4.123653456674538,3.1769288151793513,3.3929600715637207,272700,0.0,0.0
2008-11-11 00:00:00-05:00,3.056204737671445,3.3357744415072,2.79569673538208,2.79569673538208,351200,0.0,0.0
2008-11-12 00:00:00-05:00,2.8910051284128704,2.8910051284128704,2.300096218746543,2.4525887966156006,336800,0.0,0.0
2008-11-13 00:00:00-05:00,2.497065434505111,2.7003887827929574,2.325511335717283,2.547896385192871,358600,0.0,0.0
2008-11-14 00:00:00-05:00,2.4907119682908343,2.6177889858666896,2.3064501413180896,2.3255116939544678,172500,0.0,0.0
2008-11-17 00:00:00-05:00,2.3064505188850672,2.3255120746418307,1.9951114718823724,2.007819175720215,176300,0.0,0.0
2008-11-18 00:00:00-05:00,2.020526623578807,2.1666653506875493,1.9061571520398437,1.9315725564956665,212700,0.0,0.0
2008-11-19 00:00:00-05:00,1.9824031815988448,2.052295688859683,1.6583565018571973,1.8044952154159546,258500,0.0,0.0
2008-11-20 00:00:00-05:00,1.7790794820978972,1.868033524372265,1.5122176582502291,1.53127920627594,227600,0.0,0.0
2008-11-21 00:00:00-05:00,1.6901265597576727,1.8489730358123777,1.6011724665124039,1.848973035812378,190400,0.0,0.0
2008-11-24 00:00:00-05:00,2.033233981534947,2.204788084051584,1.7473104268446409,1.9696953296661377,294400,0.0,0.0
2008-11-25 00:00:00-05:00,2.0650035854192037,2.179373057182071,1.9125110068979676,1.9887573719024658,213700,0.0,0.0
2008-11-26 00:00:00-05:00,1.9696955766809723,3.1769284472194737,1.912510919166613,2.973604917526245,547200,0.0,0.0
2008-11-28 00:00:00-05:00,2.852882369748971,2.8973594890790713,2.7321593228076497,2.8147592544555664,172100,0.0,0.0
2008-12-01 00:00:00-05:00,2.8147587258633644,2.8147587258633644,2.109480619430542,2.109480619430542,246200,0.0,0.0
2008-12-02 00:00:00-05:00,2.300096866372769,2.808405703383323,2.211142925937384,2.382697105407715,187300,0.0,0.0
2008-12-03 00:00:00-05:00,2.382696912772468,2.668620421114932,2.2873889756664534,2.6368513107299805,147800,0.0,0.0
2008-12-04 00:00:00-05:00,2.636850124057945,3.0053736989092132,2.3890496899935854,2.4716498851776123,203200,0.0,0.0
2008-12-05 00:00:00-05:00,2.4271731102484613,2.649558175861724,2.3191576541101115,2.5923733711242676,158000,0.0,0.0
2008-12-08 00:00:00-05:00,2.694035973010158,2.7829902139312153,2.319158511609346,2.6050820350646973,237500,0.0,0.0
2008-12-09 00:00:00-05:00,2.5542520505381434,2.5669597601238774,2.3191592717142124,2.3636362552642822,149100,0.0,0.0
2008-12-10 00:00:00-05:00,2.369988039532386,2.4652959296481174,2.2492647524491844,2.2873878479003906,121900,0.0,0.0
2008-12-11 00:00:00-05:00,2.2810347367869017,2.2810347367869017,2.0650036411693913,2.077711343765259,103100,0.0,0.0
2008-12-12 00:00:00-05:00,2.0141727398728846,2.1666653156280518,1.918864823217996,2.1666653156280518,134900,0.0,0.0
2008-12-15 00:00:00-05:00,2.17301923704593,2.198434641913968,1.9252187366070337,1.9824033975601196,64000,0.0,0.0
2008-12-16 00:00:00-05:00,2.0840647446937846,2.8910045940770823,2.0840647446937846,2.744865894317627,648600,0.0,0.0
2008-12-17 00:00:00-05:00,2.85923510243855,2.8719428018859254,2.566957712173462,2.566957712173462,179800,0.0,0.0
2008-12-18 00:00:00-05:00,2.6060489899278703,2.768927051798362,2.475746509364952,2.5018069744110107,142300,0.1,0.0
2008-12-19 00:00:00-05:00,2.48226143896816,2.7363511093931083,2.469231207424963,2.5734732151031494,206200,0.0,0.0
2008-12-22 00:00:00-05:00,2.6060484008305638,2.768926425882474,2.3128679246706074,2.508321523666382,149400,0.0,0.0
2008-12-23 00:00:00-05:00,2.5343824719152668,2.6060487440297364,2.2737775353792493,2.3975648880004883,101000,0.0,0.0
2008-12-24 00:00:00-05:00,2.3975645605557494,2.3975645605557494,2.280292339597605,2.3454434871673584,34800,0.0,0.0
2008-12-26 00:00:00-05:00,2.3454436634528975,2.527867201024492,2.3454436634528975,2.4431705474853516,74800,0.0,0.0
2008-12-29 00:00:00-05:00,2.5343823162711487,2.7689266204833984,2.3454436634528975,2.4431705474853516,120000,0.0,0.0
2008-12-30 00:00:00-05:00,2.4431714526485746,2.59953443183139,2.280293355805336,2.3389294147491455,178700,0.0,0.0
2008-12-31 00:00:00-05:00,2.34544390868343,2.540897697184229,2.2607474016213507,2.2802927494049072,302600,0.0,0.0
2009-01-02 00:00:00-05:00,2.319384276988467,2.547413726927932,2.312869158723492,2.5148379802703857,176300,0.0,0.0
2009-01-05 00:00:00-05:00,2.540898468198623,2.664685863722682,2.4105959547697537,2.632110118865967,229300,0.0,0.0
2009-01-06 00:00:00-05:00,2.716806389284106,2.912259896379734,2.5474131944685885,2.8210482597351074,264300,0.0,0.0
2009-01-07 00:00:00-05:00,2.768927431777681,2.768927431777681,2.579988878933133,2.6255948543548584,162300,0.0,0.0
2009-01-08 00:00:00-05:00,2.606049860039031,2.7689279762914705,2.482262454407335,2.6842312812805176,149700,0.0,0.0
2009-01-09 00:00:00-05:00,2.697261068775462,2.768927514972807,2.5408982523434007,2.579988956451416,97000,0.0,0.0
2009-01-12 00:00:00-05:00,2.566957506565313,2.5734726208324306,2.3519584250853,2.358473539352417,163200,0.0,0.0
2009-01-13 00:00:00-05:00,2.430140972137451,2.5343829995193294,2.3845351531159102,2.430140972137451,113400,0.0,0.0
2009-01-14 00:00:00-05:00,2.378019643655307,2.488776614428795,2.2802927494049072,2.2802927494049072,145300,0.0,0.0
2009-01-15 00:00:00-05:00,2.2737777289271905,2.3845348596827303,2.026203002610719,2.2216567993164062,262500,0.0,0.0
2009-01-16 00:00:00-05:00,2.2933230628318553,2.299838178991444,2.084839190392402,2.1304450035095215,151300,0.0,0.0
2009-01-20 00:00:00-05:00,2.084838680704312,2.1239293681052005,1.9871118068695068,1.9871118068695068,115900,0.0,0.0
2009-01-21 00:00:00-05:00,1.9871125564161136,2.2086268459090372,1.9871125564161136,2.19559645652771,117400,0.0,0.0
2009-01-22 00:00:00-05:00,2.0913543771575624,2.136960191814366,2.0196879416499587,2.039233446121216,106800,0.0,0.0
2009-01-23 00:00:00-05:00,2.000142097736531,2.1239294336592303,1.9089304909859235,2.0587782859802246,120700,0.0,0.0
2009-01-26 00:00:00-05:00,2.091354719953275,2.163021011875134,2.0652942501635083,2.117415189743042,224400,0.0,0.0
2009-01-27 00:00:00-05:00,2.1304450035095215,2.1825659327862295,2.0522636095944593,2.1304450035095215,174300,0.0,0.0
2009-01-28 00:00:00-05:00,2.208626838700182,2.449686323146683,2.1955964493613855,2.430140972137451,365100,0.0,0.0
2009-01-29 00:00:00-05:00,2.2998381937325827,2.371504627280034,2.215141683115058,2.2216567993164062,583000,0.0,0.0
2009-01-30 00:00:00-05:00,2.2281721741359553,2.3715049025344954,2.143475498355283,2.1630208492279053,228600,0.0,0.0
2009-02-02 00:00:00-05:00,2.123929533423716,2.2933226806783953,2.078323727906232,2.2672622203826904,389700,0.0,0.0
2009-02-03 00:00:00-05:00,2.2868079880029084,2.3258986856669455,2.182565972232852,2.254232406616211,127100,0.0,0.0
2009-02-04 00:00:00-05:00,2.2477174475291255,2.2933232646598665,2.195596358332786,2.2086267471313477,117000,0.0,0.0
2009-02-05 00:00:00-05:00,2.1565052984047806,2.456200928821418,2.110899488877391,2.3975648880004883,219600,0.0,0.0
2009-02-06 00:00:00-05:00,2.384535076837746,2.6386249424950403,2.345444220737106,2.521352529525757,135700,0.0,0.0
2009-02-09 00:00:00-05:00,2.4757469400696555,2.742867063927788,2.4757469400696555,2.7037763595581055,127400,0.0,0.0
2009-02-10 00:00:00-05:00,2.6646851916141268,2.840593486007648,2.4887767418879814,2.5018069744110107,242400,0.0,0.0
2009-02-11 00:00:00-05:00,2.514836809357418,2.6907452312737763,2.469231002736747,2.6125638484954834,57300,0.0,0.0
2009-02-12 00:00:00-05:00,2.5930185239004,2.68423014334789,2.4757462864210176,2.6516547203063965,58400,0.0,0.0
2009-02-13 00:00:00-05:00,2.6451399042799975,2.834078446681049,2.5604433859389837,2.755897045135498,91000,0.0,0.0
2009-02-17 00:00:00-05:00,2.57998939765864,2.606049871520618,2.469232228412557,2.4757473468780518,108800,0.0,0.0
2009-02-18 00:00:00-05:00,2.50832195932979,2.6190790853086123,2.4431708001261394,2.586503505706787,119000,0.0,0.0
2009-02-19 00:00:00-05:00,2.5408981165224067,2.690745962925826,2.3845351531159102,2.430140972137451,109200,0.0,0.0
2009-02-20 00:00:00-05:00,2.351959245751339,2.436655916109534,2.2281720314832074,2.391050100326538,128700,0.0,0.0
2009-02-23 00:00:00-05:00,2.384535333066794,2.384535333066794,2.2412025928497314,2.2412025928497314,68500,0.0,0.0
2009-02-24 00:00:00-05:00,2.2868079824484013,2.5018069744110107,2.228171936094769,2.5018069744110107,95800,0.0,0.0
2009-02-25 00:00:00-05:00,2.4757463231965615,2.625594296608549,2.4236253970237747,2.5734732151031494,104600,0.0,0.0
2009-02-26 00:00:00-05:00,2.5799893182528066,2.7689279032697502,2.436656561090687,2.5148379802703857,138900,0.0,0.0
2009-02-27 00:00:00-05:00,2.482261845165113,2.508322312516037,2.2933233015382735,2.3258988857269287,126400,0.0,0.0
2009-03-02 00:00:00-05:00,2.3128682497621886,2.3389287125802802,2.0978692761803215,2.123929738998413,293600,0.0,0.0
2009-03-03 00:00:00-05:00,2.182565925753545,2.2477172424721203,1.928476241015702,1.9610518217086792,189000,0.0,0.0
2009-03-04 00:00:00-05:00,2.0131728474869006,2.0848392837853837,1.804688965708151,1.928476333618164,197900,0.0,0.0
2009-03-05 00:00:00-05:00,1.8568103880806905,1.8959012524538092,1.6613566875457764,1.6613566875457764,132900,0.0,0.0
2009-03-06 00:00:00-05:00,1.6874167129240214,1.7590831491662065,1.563629500443879,1.6157504320144653,109500,0.0,0.0
2009-03-09 00:00:00-04:00,1.5766601512914704,1.7134777882657113,1.5701450331180622,1.6613566875457764,65800,0.0,0.0
2009-03-10 00:00:00-04:00,1.7590823961025233,1.954535961151123,1.7395370551309195,1.954535961151123,176300,0.0,0.0
2009-03-11 00:00:00-04:00,1.9610520212116436,2.0783242789693968,1.9349915540060623,2.006657838821411,65900,0.0,0.0
2009-03-12 00:00:00-04:00,1.9936269744616166,2.3258981368718863,1.8372640653666317,2.2933225631713867,557600,0.0,0.0
2009-03-13 00:00:00-04:00,2.319383569389606,2.417110468882323,2.1043845769047778,2.254232406616211,62700,0.0,0.0
2009-03-16 00:00:00-04:00,2.299838424656101,2.364989748543957,2.117414997368855,2.1825661659240723,131100,0.0,0.0
2009-03-17 00:00:00-04:00,1.8698402181310596,2.052263798013118,1.6939319103393793,1.9219613075256348,202700,0.0,0.0
2009-03-18 00:00:00-04:00,1.8958997600246612,2.058777741476976,1.8568089264233694,1.9415055513381958,190900,0.0,0.0
2009-03-19 00:00:00-04:00,2.058778708449698,2.1174147533931493,1.772113289172027,1.8177191019058228,209000,0.0,0.0
2009-03-20 00:00:00-04:00,1.8575230758787578,1.8641570806503296,1.711574812737028,1.8641570806503296,145200,0.05,0.0
2009-03-23 00:00:00-04:00,1.9570328996344981,2.056542950564791,1.8906927075138524,1.9769349098205566,125500,0.0,0.0
2009-03-24 00:00:00-04:00,1.6916721541396171,1.9503985580278362,1.6916721541396171,1.8575223684310913,49500,0.0,0.0
2009-03-25 00:00:00-04:00,1.897326897906122,1.9371310803683806,1.7248426344601109,1.8309868574142456,97200,0.0,0.0
2009-03-26 00:00:00-04:00,1.8707905282249588,1.9902027367146253,1.8177185058593752,1.817718505859375,294700,0.0,0.0
2009-03-27 00:00:00-04:00,1.7911829795862155,1.8906930484610829,1.7911829795862155,1.8044509887695312,109100,0.0,0.0
2009-03-30 00:00:00-04:00,1.8044510516440342,1.8442550805809175,1.704940821134675,1.7513790130615234,82000,0.0,0.0
2009-03-31 00:00:00-04:00,1.8110852673097637,1.9172295149990373,1.7447452113584487,1.7779152393341064,114900,0.0,0.0
2009-04-01 00:00:00-04:00,1.7845490849408037,1.9238633481159293,1.7845490849408037,1.8110851049423218,76800,0.0,0.0
2009-04-02 00:00:00-04:00,1.9902033294773442,2.089713559218071,1.8243530520208988,1.8641570806503296,194600,0.0,0.0
2009-04-03 00:00:00-04:00,1.8641568776601838,1.897326897906122,1.79118283311912,1.8309868574142456,84100,0.0,0.0
2009-04-06 00:00:00-04:00,1.7779151481296342,1.870791221697067,1.7381109584335728,1.8508892059326172,78000,0.0,0.0
2009-04-07 00:00:00-04:00,1.817719648766694,1.8508896836011368,1.7646475930315855,1.7712815999984741,68400,0.0,0.0
2009-04-08 00:00:00-04:00,1.791182840075976,1.8575228808255133,1.7845488360010222,1.8243528604507446,36900,0.0,0.0
2009-04-09 00:00:00-04:00,1.943765385612898,1.9570333957672121,1.7513790802081868,1.957033395767212,179300,0.0,0.0
2009-04-13 00:00:00-04:00,1.9238635364464698,2.15605389235645,1.9238635364464698,2.010105609893799,210600,0.0,0.0
2009-04-14 00:00:00-04:00,2.0499090019954274,2.0499090019954274,1.9238629341125488,1.9238629341125488,144200,0.0,0.0
2009-04-15 00:00:00-04:00,1.9238635531841788,2.0499096616268826,1.9238635531841788,1.9968376159667969,122300,0.0,0.0
2009-04-16 00:00:00-04:00,2.056543649442361,2.056543649442361,1.9238635364464698,2.010105609893799,141700,0.0,0.0
2009-04-17 00:00:00-04:00,2.0233728633878427,2.156053084858725,1.9503988285707687,2.136151075363159,202100,0.0,0.0
2009-04-20 00:00:00-04:00,2.089714206772739,2.1560542750457277,1.890693685619374,1.9304978847503662,144400,0.0,0.0
2009-04-21 00:00:00-04:00,1.8906935478163167,2.030007839202881,1.8575235160974175,2.030007839202881,121900,0.0,0.0
2009-04-22 00:00:00-04:00,2.295368377777997,2.295368377777997,2.0233738050825467,2.049909830093384,201100,0.0,0.0
2009-04-23 00:00:00-04:00,2.0167403126994192,2.0167403126994192,1.9238642014964653,1.9504002332687378,139700,0.0,0.0
2009-04-24 00:00:00-04:00,1.9769349098205569,2.0432749437740854,1.9371308894484396,1.9769349098205566,104300,0.0,0.0
2009-04-27 00:00:00-04:00,1.9503993189425064,2.056543396272394,1.9039611269435288,1.9172292947769165,78800,0.0,0.0
2009-04-28 00:00:00-04:00,1.9437647638524993,1.990202784538269,1.870790573179183,1.990202784538269,62100,0.0,0.0
2009-04-29 00:00:00-04:00,1.9902040339055507,2.0897142988677104,1.950399991187569,2.083080291748047,79500,0.0,0.0
2009-04-30 00:00:00-04:00,2.0897130902992114,2.109615100148037,2.0233728993026774,2.0963470935821533,88400,0.0,0.0
2009-05-01 00:00:00-04:00,2.0963485661834627,2.0963485661834627,1.950400233268738,1.9504002332687378,90900,0.0,0.0
2009-05-04 00:00:00-04:00,1.9902040249561352,2.0432760816747932,1.9503999824171419,2.036642074584961,123500,0.0,0.0
2009-05-05 00:00:00-04:00,2.0366415576576267,2.421414345708944,1.9902035198154069,2.381610155105591,450700,0.0,0.0
2009-05-06 00:00:00-04:00,2.520924180759146,2.9255987873654608,2.520924180759146,2.8526248931884766,694900,0.0,0.0
2009-05-07 00:00:00-04:00,2.7995535783081906,2.9255998736910964,2.2754666914453483,2.474487066268921,378300,0.0,0.0
2009-05-08 00:00:00-04:00,2.4811207774793225,2.580631032102587,2.3948785357168676,2.5142908096313477,199100,0.0,0.0
2009-05-11 00:00:00-04:00,2.6071666277484593,2.6071666277484593,2.3285380872993704,2.4015121459960938,226200,0.0,0.0
2009-05-12 00:00:00-04:00,3.9472374164039556,5.559302699419069,3.9472374164039556,5.128091812133789,7571700,0.0,0.0
2009-05-13 00:00:00-04:00,4.809658506220567,5.52613172274062,4.577468158842302,4.763220310211182,2382300,0.0,0.0
2009-05-14 00:00:00-04:00,4.703513908201134,4.703513908201134,3.7813861498771004,4.113086700439453,1388900,0.0,0.0
2009-05-15 00:00:00-04:00,4.006942610491232,4.564199634577528,3.914066545254948,4.126354694366455,553000,0.0,0.0
2009-05-18 00:00:00-04:00,4.212596263506767,4.776487047130875,4.0268441616781,4.604002952575684,682900,0.0,0.0
2009-05-19 00:00:00-04:00,4.471323259913024,4.650441860503954,4.212596919616619,4.259035110473633,461300,0.0,0.0
2009-05-20 00:00:00-04:00,4.292205646938749,4.477958123083394,3.9804072205185723,3.9936752319335938,413800,0.0,0.0
2009-05-21 00:00:00-04:00,3.9406027473679788,4.12635488648915,3.847726677807393,3.9671387672424316,283200,0.0,0.0
2009-05-22 00:00:00-04:00,3.9804051429953766,4.079915334837097,3.67524072339233,3.7150447368621826,475900,0.0,0.0
2009-05-26 00:00:00-04:00,3.62216956451588,4.086550148137196,3.5491953643464997,3.9406020641326904,336600,0.0,0.0
2009-05-27 00:00:00-04:00,3.980406551006192,4.000308722948311,3.5093917504970493,3.6089019775390625,322300,0.0,0.0
2009-05-28 00:00:00-04:00,3.7216810124595807,4.046747465379181,3.549196539725978,3.973773241043091,445400,0.0,0.0
2009-05-29 00:00:00-04:00,4.152890608993767,4.305472542556527,3.9671381809883317,4.146256446838379,430000,0.0,0.0
2009-06-01 00:00:00-04:00,4.305473658353771,4.305473658353771,3.8543609539086963,3.9936752319335938,413500,0.0,0.0
2009-06-02 00:00:00-04:00,3.980406312541575,4.040112508456666,3.748216007576838,3.8808960914611816,281300,0.0,0.0
2009-06-03 00:00:00-04:00,3.788020397554855,3.933968503883451,3.7548502152221137,3.834458589553833,152800,0.0,0.0
2009-06-04 00:00:00-04:00,3.847728270806532,3.947238228366723,3.801290058633186,3.9339702129364014,122400,0.0,0.0
2009-06-05 00:00:00-04:00,3.9804078923921127,4.033479947010504,3.7880215362332454,3.8609957695007324,198300,0.0,0.0
2009-06-08 00:00:00-04:00,3.914068987237313,3.9339708554661184,3.661976336552839,3.841094732284546,226100,0.0,0.0
2009-06-09 00:00:00-04:00,3.8477268158358244,3.9804069199676855,3.748216579569768,3.788020610809326,226300,0.0,0.0
2009-06-10 00:00:00-04:00,3.8808982386338697,3.894166254363059,3.6752438366642197,3.734950065612793,262400,0.0,0.0
2009-06-11 00:00:00-04:00,3.7818020497819105,3.828656029410582,3.647932761432909,3.6546263694763184,280800,0.05,0.0
2009-06-12 00:00:00-04:00,3.614465406193078,3.788495053005579,3.58769161437577,3.601078510284424,235100,0.0,0.0
2009-06-15 00:00:00-04:00,3.5676115735923735,3.6747067547501913,3.366808108921465,3.4404358863830566,176100,0.0,0.0
2009-06-16 00:00:00-04:00,3.480597022150957,3.5809989268448774,3.3132606207173754,3.3266475200653076,156800,0.0,0.0
2009-06-17 00:00:00-04:00,3.3199533786708924,3.413661650077675,3.0856825405695494,3.299872875213623,192400,0.0,0.0
2009-06-18 00:00:00-04:00,3.2463249880065126,3.4605156217915667,3.2262448055956057,3.2864856719970703,121400,0.0,0.0
2009-06-19 00:00:00-04:00,3.3400346649462955,3.380195685111271,3.1793918609619136,3.179391860961914,154100,0.0,0.0
2009-06-22 00:00:00-04:00,3.172697079377072,3.172697079377072,2.925039355122324,2.945119857788086,231600,0.0,0.0
2009-06-23 00:00:00-04:00,2.9384268216689025,3.0789894101449136,2.9116530256895503,3.012054920196533,166000,0.0,0.0
2009-06-24 00:00:00-04:00,3.06560386130619,3.453824393028778,3.0187498573066143,3.3735029697418213,377400,0.0,0.0
2009-06-25 00:00:00-04:00,3.507369310544935,3.875509362842242,3.507369310544935,3.8420419692993164,912300,0.0,0.0
2009-06-26 00:00:00-04:00,3.8219646520353727,3.8353515556486557,3.2597140619395617,3.3065683841705322,1921500,0.0,0.0
2009-06-29 00:00:00-04:00,3.4404374891476186,3.554226331721956,3.333342258098343,3.3735029697418213,352900,0.0,0.0
2009-06-30 00:00:00-04:00,3.3333413944137966,3.393582605854713,3.159311369881763,3.2329394817352295,375500,0.0,0.0
2009-07-01 00:00:00-04:00,3.286486561297956,3.4605165581837842,3.219552069868342,3.4337427616119385,237700,0.0,0.0
2009-07-02 00:00:00-04:00,3.400275533401213,3.413662432384334,3.253019644586882,3.2597129344940186,205300,0.0,0.0
2009-07-06 00:00:00-04:00,3.279792991864098,3.393581777168894,3.1258435151285746,3.226245403289795,207400,0.0,0.0
2009-07-07 00:00:00-04:00,3.2128594365393663,3.2530201395999963,2.8647996908450097,2.9049603939056396,587200,0.0,0.0
2009-07-08 00:00:00-04:00,2.9183476685293654,3.206166236894531,2.871493349375946,2.9250409603118896,323000,0.0,0.0
2009-07-09 00:00:00-04:00,2.9718947492072325,3.032135960346145,2.898266637722881,2.9652011394500732,150800,0.0,0.0
2009-07-10 00:00:00-04:00,2.9518133962719566,2.9718939006409584,2.804557534518171,2.838024616241455,129000,0.0,0.0
2009-07-13 00:00:00-04:00,2.8781871286662035,3.1593121025222852,2.751011385670641,3.0321366786956787,259400,0.0,0.0
2009-07-14 00:00:00-04:00,3.099070458969723,3.1793918609619136,2.978588036812557,3.179391860961914,171400,0.0,0.0
2009-07-15 00:00:00-04:00,3.212859806768151,3.3132614164048975,3.1258447805253,3.1994729042053223,223200,0.0,0.0
2009-07-16 00:00:00-04:00,3.21285883616768,3.3266473139919044,3.1124569376932834,3.293180227279663,204300,0.0,0.0
2009-07-17 00:00:00-04:00,3.306567125798327,3.4002754154289736,3.21285883616768,3.293180227279663,185900,0.0,0.0
2009-07-20 00:00:00-04:00,3.259711882670032,3.3935811484739697,3.259711882670032,3.2864856719970703,141400,0.0,0.0
2009-07-21 00:00:00-04:00,3.2396335065501622,3.2931811150602606,3.172698676743617,3.219552993774414,96900,0.0,0.0
2009-07-22 00:00:00-04:00,3.1726980179796582,3.3801954366258933,3.052215923848268,3.3266475200653076,407100,0.0,0.0
2009-07-23 00:00:00-04:00,3.326646727692831,3.554224281569942,3.326646727692831,3.4203553199768066,379100,0.0,0.0
2009-07-24 00:00:00-04:00,3.373501256204777,3.567611423469706,3.3467274620419456,3.514063835144043,188900,0.0,0.0
2009-07-27 00:00:00-04:00,3.5140638174773957,3.8085758709567097,3.5140638174773957,3.71486759185791,261100,0.0,0.0
2009-07-28 00:00:00-04:00,3.66801360091066,3.795189292814449,3.6278529064940153,3.7215611934661865,222900,0.0,0.0
2009-07-29 00:00:00-04:00,3.7215615403486777,4.0294605454106955,3.6546270434153816,3.995993137359619,263000,0.0,0.0
2009-07-30 00:00:00-04:00,4.0227690905084765,4.250346483903588,3.9759147616955697,4.156638145446777,446100,0.0,0.0
2009-07-31 00:00:00-04:00,4.083007604371514,4.183409496111964,3.955831917389452,4.136555194854736,262200,0.0,0.0
2009-08-03 00:00:00-04:00,4.230264910662983,4.263732003938243,4.0629284867799855,4.223571300506592,262600,0.0,0.0
2009-08-04 00:00:00-04:00,4.170023253934275,4.859449387691616,4.163329644487365,4.6385650634765625,627400,0.0,0.0
2009-08-05 00:00:00-04:00,4.772434511186145,5.3012175436221485,4.732273810906446,5.240976333618164,670300,0.0,0.0
2009-08-06 00:00:00-04:00,5.314604186927462,5.42169970166762,4.698806174054774,4.8795294761657715,653600,0.0,0.0
2009-08-07 00:00:00-04:00,4.906303171542103,5.602422566406068,4.859449184052645,5.515407562255859,852700,0.0,0.0
2009-08-10 00:00:00-04:00,5.528793882157766,6.25168695787929,5.528793882157766,6.0843505859375,981200,0.0,0.0
2009-08-11 00:00:00-04:00,7.014742645634129,7.690781957380683,5.468554432568586,5.655971050262451,4408500,0.0,0.0
2009-08-12 00:00:00-04:00,5.689438671185044,6.091046362133237,5.361459418635455,5.615810871124268,1400200,0.0,0.0
2009-08-13 00:00:00-04:00,5.676050667367025,5.676050667367025,5.026785862281982,5.234282970428467,1075000,0.0,0.0
2009-08-14 00:00:00-04:00,5.220895510890997,5.495327089157176,4.926383425331976,5.401618480682373,675400,0.0,0.0
2009-08-17 00:00:00-04:00,5.1405738063170485,5.321297095468109,4.886222735075107,5.153960704803467,254600,0.0,0.0
2009-08-18 00:00:00-04:00,5.247668606905992,5.408311367116359,5.160653618874314,5.220894813537598,361400,0.0,0.0
2009-08-19 00:00:00-04:00,5.167347662305643,5.3614581713288745,5.093719879373866,5.174041271209717,203100,0.0,0.0
2009-08-20 00:00:00-04:00,5.153960609308546,5.415005603710191,5.153960609308546,5.334683895111084,262500,0.0,0.0
2009-08-21 00:00:00-04:00,5.368152400023265,5.729599024184944,5.321297770622735,5.4217000007629395,390300,0.0,0.0
2009-08-24 00:00:00-04:00,5.441779388278349,6.15797892121759,5.441779388278349,5.756371974945068,993200,0.0,0.0
2009-08-25 00:00:00-04:00,5.89024213423237,6.137899960180583,5.89024213423237,5.997337341308594,399400,0.0,0.0
2009-08-26 00:00:00-04:00,6.024110532990609,6.024110532990609,5.789839312483664,5.970562934875488,232600,0.0,0.0
2009-08-27 00:00:00-04:00,5.910322394140747,5.990643800374293,5.682744757310138,5.870162010192871,278900,0.0,0.0
2009-08-28 00:00:00-04:00,5.990642909019105,6.010723098005287,5.582342328499017,5.716211318969727,232400,0.0,0.0
2009-08-31 00:00:00-04:00,5.6693578665484425,5.72290546778663,5.421700051237388,5.589036464691162,167800,0.0,0.0
2009-09-01 00:00:00-04:00,5.582343096144094,5.689438303247652,5.240976644748167,5.314604759216309,349900,0.0,0.0
2009-09-02 00:00:00-04:00,5.247670462612395,5.27444426544867,5.087027326425839,5.140574932098389,162600,0.0,0.0
2009-09-03 00:00:00-04:00,5.194122994610389,5.481941223144531,5.160655580593536,5.481941223144531,182900,0.0,0.0
2009-09-04 00:00:00-04:00,5.54218128082397,5.6693572998046875,5.394925711308406,5.6693572998046875,164900,0.0,0.0
2009-09-08 00:00:00-04:00,5.8835466073437015,5.8835466073437015,5.528793689897913,5.67604923248291,149000,0.0,0.0
2009-09-09 00:00:00-04:00,5.649279462481662,5.716214311932402,5.455169165080158,5.682746887207031,111700,0.0,0.0
2009-09-10 00:00:00-04:00,5.76976193615778,5.76976193615778,5.582345251368956,5.682746887207031,107500,0.0,0.0
2009-09-11 00:00:00-04:00,5.649077398622636,5.777006158023141,5.575012805494669,5.743340492248535,145100,0.05,0.0
2009-09-14 00:00:00-04:00,5.770272896444387,5.79047268118065,5.662543279660979,5.743340492248535,114600,0.0,0.0
2009-09-15 00:00:00-04:00,5.702943307525793,5.8241388287349505,5.655811109498457,5.750074863433838,138300,0.0,0.0
2009-09-16 00:00:00-04:00,5.763542040452728,5.958802191146091,5.723143100738525,5.723143100738525,210000,0.0,0.0
2009-09-17 00:00:00-04:00,5.844339787127804,5.925137031478768,5.5884815256233775,5.689477920532227,139900,0.0,0.0
2009-09-18 00:00:00-04:00,5.750074220530977,5.824138177551165,5.561547375858268,5.763540744781494,368000,0.0,0.0
2009-09-21 00:00:00-04:00,5.70294447113278,5.716410357517197,5.615413962216099,5.6558122634887695,86000,0.0,0.0
2009-09-22 00:00:00-04:00,5.689479104458604,5.817408582891432,5.5009521617423625,5.797208786010742,148400,0.0,0.0
2009-09-23 00:00:00-04:00,5.790472545953958,5.817404949520849,5.5682800559973185,5.595212459564209,134400,0.0,0.0
2009-09-24 00:00:00-04:00,5.66927921608239,5.66927921608239,5.157562652807238,5.2720255851745605,294000,0.0,0.0
2009-09-25 00:00:00-04:00,5.211426066493115,5.224892592334671,4.800706660115097,4.908436298370361,310500,0.0,0.0
2009-09-28 00:00:00-04:00,5.029632659876954,5.19796039753235,4.915170067961418,5.157561779022217,173600,0.0,0.0
2009-09-29 00:00:00-04:00,5.218160374768914,5.4470862229817545,5.0565658850137645,5.11716365814209,108600,0.0,0.0
2009-09-30 00:00:00-04:00,5.083498501455506,5.150829541522126,4.894971268209247,5.049832820892334,135200,0.0,0.0
2009-10-01 00:00:00-04:00,5.009432547996329,5.016165489256979,4.773773824800428,4.787240028381348,190500,0.0,0.0
2009-10-02 00:00:00-04:00,4.753574695588655,4.861304331866359,4.5179159557013575,4.733375549316406,168800,0.0,0.0
2009-10-05 00:00:00-04:00,4.780508413341319,4.9488361766354485,4.773775469760613,4.935369968414307,103200,0.0,0.0
2009-10-06 00:00:00-04:00,5.009433483294978,5.070031571253041,4.8411057465756295,4.901703834533691,132300,0.0,0.0
2009-10-07 00:00:00-04:00,4.854571643590143,5.285490532259241,4.827639233114553,5.238358974456787,193300,0.0,0.0
2009-10-08 00:00:00-04:00,5.251823571754396,5.50768171399659,5.191225506207676,5.352819919586182,173600,0.0,0.0
2009-10-09 00:00:00-04:00,5.379755319275438,5.4066877365112305,5.211427551021868,5.4066877365112305,120500,0.0,0.0
2009-10-12 00:00:00-04:00,5.453819593295033,5.595214935109924,5.420153913411595,5.460552215576172,102800,0.0,0.0
2009-10-13 00:00:00-04:00,5.447086328894458,5.460552215576172,5.339356345903287,5.460552215576172,52800,0.0,0.0
2009-10-14 00:00:00-04:00,5.554815790823397,5.635613034362862,5.447086132770776,5.5211501121521,123700,0.0,0.0
2009-10-15 00:00:00-04:00,5.453819529047303,5.857805756531167,5.4201538495604575,5.81067419052124,187900,0.0,0.0
2009-10-16 00:00:00-04:00,5.709676900622382,5.918403590553538,5.622147036778355,5.702944278717041,143100,0.0,0.0
2009-10-19 00:00:00-04:00,5.7231416385642575,5.871270190179296,5.709675114726891,5.837604522705078,173400,0.0,0.0
2009-10-20 00:00:00-04:00,5.884737912549236,5.884737912549236,5.622147036778355,5.702944278717041,96800,0.0,0.0
2009-10-21 00:00:00-04:00,5.689477293166999,5.824139352236405,5.622146584691971,5.669278144836426,97300,0.0,0.0
2009-10-22 00:00:00-04:00,5.669276541239734,5.743340492248535,5.474016450290016,5.743340492248535,108500,0.0,0.0
2009-10-23 00:00:00-04:00,5.803941261224695,5.803941261224695,5.420154162431572,5.554816246032715,84600,0.0,0.0
2009-10-26 00:00:00-04:00,5.460552677864909,5.803941485932186,5.460552677864909,5.696211814880371,211100,0.0,0.0
2009-10-27 00:00:00-04:00,5.709674693134133,5.84433735308774,5.561546794575808,5.595212459564209,90900,0.0,0.0
2009-10-28 00:00:00-04:00,5.588481437194212,5.6894778305049485,5.184494579712449,5.305690765380859,213000,0.0,0.0
2009-10-29 00:00:00-04:00,5.292224096268632,5.628879246352208,5.292224096268632,5.5884809494018555,99400,0.0,0.0
2009-10-30 00:00:00-04:00,5.500951517896242,5.548083087529009,5.184495133786076,5.4066877365112305,215100,0.0,0.0
2009-11-02 00:00:00-05:00,5.474016892043816,5.554814111151717,5.0969628818140045,5.251824378967285,109200,0.0,0.0
2009-11-03 00:00:00-05:00,5.272026767772663,5.817409135044144,5.049834117952329,5.71641206741333,205600,0.0,0.0
2009-11-04 00:00:00-05:00,5.817405085376502,5.978999510551613,5.696208945435585,5.743340492248535,176200,0.0,0.0
2009-11-05 00:00:00-05:00,5.8914712160010225,5.952069308390423,5.763542409271824,5.904937744140625,158900,0.0,0.0
2009-11-06 00:00:00-05:00,5.871272316701692,6.268525924116933,5.797207693009028,6.2617926597595215,261600,0.0,0.0
2009-11-09 00:00:00-05:00,6.275258546354912,6.4839852465986505,6.248326131044698,6.2617926597595215,312600,0.0,0.0
2009-11-10 00:00:00-05:00,6.167529417944563,6.167529417944563,5.0430998578914075,5.070032596588135,900000,0.0,0.0
2009-11-11 00:00:00-05:00,5.177761248807124,5.312423310507568,5.070031599446768,5.157561779022217,219900,0.0,0.0
2009-11-12 00:00:00-05:00,5.083500633633241,5.197963289225818,4.746844971036599,4.854574680328369,230900,0.0,0.0
2009-11-13 00:00:00-05:00,4.841104842705025,4.894969657028703,4.760307621219509,4.787240028381348,126500,0.0,0.0
2009-11-16 00:00:00-05:00,4.834372214773182,4.928635973268958,4.780507393381115,4.807439804077148,156400,0.0,0.0
2009-11-17 00:00:00-05:00,4.760307621219509,4.962300674933301,4.760307621219509,4.787240028381348,92000,0.0,0.0
2009-11-18 00:00:00-05:00,4.787240808354462,4.901703717971241,4.612179812220642,4.820906162261963,157100,0.0,0.0
2009-11-19 00:00:00-05:00,4.787241686977823,4.861305671803414,4.679511699946521,4.686244964599609,88100,0.0,0.0
2009-11-20 00:00:00-05:00,4.692976189475309,4.719908917164307,4.511182284197146,4.585246562957764,144200,0.0,0.0
2009-11-23 00:00:00-05:00,4.686244355803645,4.881504510540489,4.578514703827368,4.63911247253418,177500,0.0,0.0
2009-11-24 00:00:00-05:00,4.585246110851041,4.605445574361213,4.443850829458578,4.46405029296875,138500,0.0,0.0
2009-11-25 00:00:00-05:00,4.531383663586793,4.558316081591429,4.416920726537211,4.544849872589111,89600,0.0,0.0
2009-11-27 00:00:00-05:00,4.410187956782426,4.551583317422213,4.376522272416854,4.517917633056641,66800,0.0,0.0
2009-11-30 00:00:00-05:00,4.4842494109922315,4.598712287787338,4.383253057170271,4.578513145446777,114400,0.0,0.0
2009-12-01 00:00:00-05:00,4.659310534883137,4.760307213622085,4.437118034293209,4.524648189544678,209900,0.0,0.0
2009-12-02 00:00:00-05:00,4.490985276509053,4.59871495428302,4.423654227900324,4.43712043762207,117800,0.0,0.0
2009-12-03 00:00:00-05:00,4.497717632629752,4.504450897139933,4.356322288513184,4.356322288513184,93200,0.0,0.0
2009-12-04 00:00:00-05:00,4.484250427934504,4.497716632901949,4.363054583227504,4.383254051208496,113800,0.0,0.0
2009-12-07 00:00:00-05:00,4.39672148405701,4.450586318969727,4.383255275328831,4.450586318969727,69700,0.0,0.0
2009-12-08 00:00:00-05:00,4.403452551587384,4.490983031553827,4.369786883581951,4.416918754577637,66600,0.0,0.0
2009-12-09 00:00:00-05:00,4.389986553866196,4.3967198162059615,4.24185831404717,4.275523662567139,89400,0.0,0.0
2009-12-10 00:00:00-05:00,4.282258987426758,4.315924352161413,4.120664145097184,4.282258987426758,90800,0.0,0.0
2009-12-11 00:00:00-05:00,4.255111163996557,4.350121530288912,4.146527888233866,4.248324871063232,105800,0.05,0.0
2009-12-14 00:00:00-05:00,4.302617898607181,4.580862794418656,4.248326243190678,4.574076175689697,379800,0.0,0.0
2009-12-15 00:00:00-05:00,4.540144829669699,4.540144829669699,4.451920712720943,4.458707332611084,86600,0.0,0.0
2009-12-16 00:00:00-05:00,4.431560513692228,4.716591689942967,4.431560513692228,4.60800838470459,126500,0.0,0.0
2009-12-17 00:00:00-05:00,4.580863547244092,4.709806411850831,4.546931095230375,4.6826605796813965,88900,0.0,0.0
2009-12-18 00:00:00-05:00,4.736950642799893,4.798028906336902,4.614794439329612,4.770883083343506,73400,0.0,0.0
2009-12-21 00:00:00-05:00,4.8319610232767785,4.8319610232767785,4.648726556269488,4.770883083343506,70900,0.0,0.0
2009-12-22 00:00:00-05:00,4.798027992248535,4.82517381007029,4.7505226492586266,4.798027992248535,48500,0.0,0.0
2009-12-23 00:00:00-05:00,4.777667999267578,4.804813814431308,4.723376368940117,4.777667999267578,39700,0.0,0.0
2009-12-24 00:00:00-05:00,4.757310171846808,4.899825580760268,4.736950642799893,4.770883083343506,36000,0.0,0.0
2009-12-28 00:00:00-05:00,4.750524152539137,4.988050295445339,4.743737534134269,4.831961631774902,98400,0.0,0.0
2009-12-29 00:00:00-05:00,4.872680542234661,4.872680542234661,4.75731093774089,4.811602592468262,65000,0.0,0.0
2009-12-30 00:00:00-05:00,4.791242760530636,4.845534411862964,4.655513632199818,4.703018665313721,61100,0.0,0.0
2009-12-31 00:00:00-05:00,4.730165190860223,4.838748833194798,4.662300616653498,4.7573113441467285,80800,0.0,0.0
2010-01-04 00:00:00-05:00,4.899825439546285,4.899825439546285,4.750523417385522,4.838747501373291,110100,0.0,0.0
2010-01-05 00:00:00-05:00,4.818388887507289,4.886253455916504,4.75731093774089,4.811602592468262,72100,0.0,0.0
2010-01-06 00:00:00-05:00,4.770881875772017,4.865892232200561,4.7030170118622605,4.736949443817139,111900,0.0,0.0
2010-01-07 00:00:00-05:00,4.736950655666143,4.845533947934655,4.628367363397631,4.750523567199707,87800,0.0,0.0
2010-01-08 00:00:00-05:00,4.777671063617609,4.798030599850629,4.628368984456244,4.784457683563232,118200,0.0,0.0
2010-01-11 00:00:00-05:00,4.7708830963019215,4.811601830902613,4.6894453034968,4.750523567199707,55400,0.0,0.0
2010-01-12 00:00:00-05:00,4.723378605847736,4.75731105267402,4.608008674962924,4.6487274169921875,81600,0.0,0.0
2010-01-13 00:00:00-05:00,4.662299480429673,4.798028919369049,4.641940274931195,4.750523567199707,65800,0.0,0.0
2010-01-14 00:00:00-05:00,4.730164620928308,4.838748250179771,4.675872968104465,4.831961631774902,41200,0.0,0.0
2010-01-15 00:00:00-05:00,4.8116018178335995,4.8319610232767785,4.70301820225628,4.770883083343506,39700,0.0,0.0
2010-01-19 00:00:00-05:00,4.77088217442678,4.831960102723892,4.716590215179595,4.798027992248535,54200,0.0,0.0
2010-01-20 00:00:00-05:00,4.770883684149967,4.831961631774902,4.736951239333177,4.831961631774902,39800,0.0,0.0
2010-01-21 00:00:00-05:00,4.8251751175647115,4.981263774137526,4.818388499468442,4.845534324645996,125400,0.0,0.0
2010-01-22 00:00:00-05:00,4.811602253597459,4.8523209917752546,4.669086508173292,4.675872802734375,101500,0.0,0.0
2010-01-25 00:00:00-05:00,4.723378560102866,4.9201859731401685,4.635154458091994,4.865894317626953,150800,0.0,0.0
2010-01-26 00:00:00-05:00,4.859107227744469,5.05591462169923,4.859107227744469,5.042341709136963,159900,0.0,0.0
2010-01-27 00:00:00-05:00,5.035555508751072,5.0491284215669605,4.893039762382362,4.967690944671631,46300,0.0,0.0
2010-01-28 00:00:00-05:00,5.008409530741961,5.286654396804151,4.926972056324309,5.232362747192383,178400,0.0,0.0
2010-01-29 00:00:00-05:00,5.300226221662311,5.354517860134067,5.110205487011168,5.1305646896362305,78400,0.0,0.0
2010-02-01 00:00:00-05:00,5.137351670844933,5.16449749200735,4.933757688523094,5.028768062591553,103800,0.0,0.0
2010-02-02 00:00:00-05:00,5.028768280890868,5.042341192061278,4.818387995947654,5.015195369720459,154000,0.0,0.0
2010-02-03 00:00:00-05:00,5.055914716173021,5.116992985646402,4.91339896980431,4.967690944671631,60900,0.0,0.0
2010-02-04 00:00:00-05:00,4.988051510792875,5.015197343818927,4.798030679610514,4.818389892578125,111100,0.0,0.0
2010-02-05 00:00:00-05:00,4.818386892184462,4.886251432490565,4.662298287678598,4.736949443817139,136200,0.0,0.0
2010-02-08 00:00:00-05:00,4.743738611097192,4.811603516138026,4.648728197085414,4.784457683563232,43900,0.0,0.0
2010-02-09 00:00:00-05:00,4.818388794011994,5.035555732311394,4.811602499104646,4.954118251800537,52600,0.0,0.0
2010-02-10 00:00:00-05:00,4.926973717599199,5.116994555311532,4.8930412633486355,5.096635341644287,52400,0.0,0.0
2010-02-11 00:00:00-05:00,5.089844960349255,5.144136588149733,5.001620903371664,5.123777389526367,63900,0.0,0.0
2010-02-12 00:00:00-05:00,5.089847271751225,5.11020680322389,5.008409793068111,5.049128532409668,29000,0.0,0.0
2010-02-16 00:00:00-05:00,5.150924748232447,5.381664235585202,5.1102060151701965,5.354518413543701,90700,0.0,0.0
2010-02-17 00:00:00-05:00,5.374877941876688,5.374877941876688,5.212002686023961,5.354518413543701,44000,0.0,0.0
2010-02-18 00:00:00-05:00,5.347732414396101,5.347732414396101,5.10341967896177,5.198430061340332,100900,0.0,0.0
2010-02-19 00:00:00-05:00,5.157711581288249,5.273081498830841,5.110206549549834,5.212003231048584,52300,0.0,0.0
2010-02-22 00:00:00-05:00,5.293439155099784,5.435954847063492,5.245933816577334,5.408808708190918,105600,0.0,0.0
2010-02-23 00:00:00-05:00,5.35451833163753,5.395237064076921,5.259507955945619,5.30022668838501,47200,0.0,0.0
2010-02-24 00:00:00-05:00,5.286652867633443,5.578470885293619,5.259507050679519,5.517392635345459,109100,0.0,0.0
2010-02-25 00:00:00-05:00,5.45631394479906,5.646334648132324,5.361303593132429,5.646334648132324,143700,0.0,0.0
2010-02-26 00:00:00-05:00,5.646337314610397,5.958514655401313,5.5241814140974865,5.931368827819824,219100,0.0,0.0
2010-03-01 00:00:00-05:00,5.992445694026482,6.209612263664949,5.9381540516168645,6.19603967666626,211200,0.0,0.0
2010-03-02 00:00:00-05:00,6.202828375021376,6.318198315654063,6.134963475634744,6.175682544708252,137800,0.0,0.0
2010-03-03 00:00:00-05:00,6.175681025467323,6.297836908221746,6.168894407756665,6.250331878662109,141100,0.0,0.0
2010-03-04 00:00:00-05:00,6.257118496372768,6.3046235259324055,6.168894407756665,6.250331878662109,157400,0.0,0.0
2010-03-05 00:00:00-05:00,6.277477549342945,6.358915018264119,6.257118343914519,6.338555812835693,111100,0.0,0.0
2010-03-08 00:00:00-05:00,6.33855662194811,6.413207482853117,6.223186697781021,6.229973316192627,91500,0.0,0.0
2010-03-09 00:00:00-05:00,6.202826849102472,6.338555967278213,6.162107790046006,6.250331878662109,149400,0.0,0.0
2010-03-10 00:00:00-05:00,6.243544743482712,6.392847084705503,6.107815636556281,6.2231855392456055,141300,0.0,0.0
2010-03-11 00:00:00-05:00,6.32554014848882,6.414247254216123,6.154948459272905,6.339187145233154,167900,0.05,0.0
2010-03-12 00:00:00-05:00,6.380130359318219,6.448366654415745,6.264127941821107,6.421072006225586,118200,0.0,0.0
2010-03-15 00:00:00-04:00,6.448368035979095,6.54389965049018,6.31189476578889,6.502957344055176,206400,0.0,0.0
2010-03-16 00:00:00-04:00,6.482485114652573,6.7349607726062475,6.41424816893288,6.687195301055908,247100,0.0,0.0
2010-03-17 00:00:00-04:00,6.9533181264812765,6.9533181264812765,5.697763630959352,6.12083101272583,961100,0.0,0.0
2010-03-18 00:00:00-04:00,6.175420302984251,6.209538776631718,5.854707691907273,5.909296989440918,226700,0.0,0.0
2010-03-19 00:00:00-04:00,5.731881141662598,5.970709793713424,5.731881141662598,5.731881141662598,167500,0.0,0.0
2010-03-22 00:00:00-04:00,5.752353449516449,6.004829136463901,5.622703367911439,5.984358310699463,157300,0.0,0.0
2010-03-23 00:00:00-04:00,6.0116526157494885,6.332364587026662,5.943415666123489,6.277775287628174,128700,0.0,0.0
2010-03-24 00:00:00-04:00,6.2573045677437635,6.468837943763467,6.223186092359872,6.448367118835449,139600,0.0,0.0
2010-03-25 00:00:00-04:00,6.482485430854979,7.08979219496505,6.468837780743038,6.987436771392822,365100,0.0,0.0
2010-03-26 00:00:00-04:00,7.00108098451263,7.608386799726494,7.00108098451263,7.492384433746338,389100,0.0,0.0
2010-03-29 00:00:00-04:00,7.512860283473039,7.724393673769154,7.205795285805746,7.355915546417236,265800,0.0,0.0
2010-03-30 00:00:00-04:00,7.369563277012613,7.4719180604166855,7.212618538269749,7.403681755065918,129400,0.0,0.0
2010-03-31 00:00:00-04:00,7.4241505596499175,7.840394056421181,7.308148156315101,7.731215476989746,261400,0.0,0.0
2010-04-01 00:00:00-04:00,7.826745630194989,8.324872970581055,7.79262716766383,8.324872970581055,330700,0.0,0.0
2010-04-05 00:00:00-04:00,8.40676140514872,9.403017271726869,8.40676140514872,9.198307037353516,616300,0.0,0.0
2010-04-06 00:00:00-04:00,9.075482483755795,9.450784515747783,8.823006736971799,9.416666030883789,371100,0.0,0.0
2010-04-07 00:00:00-04:00,9.44395827506827,10.201385321847592,9.437134449688216,10.167266845703125,487000,0.0,0.0
2010-04-08 00:00:00-04:00,10.18773819333034,11.088462307949623,10.167266717448411,10.80869197845459,762900,0.0,0.0
2010-04-09 00:00:00-04:00,10.795043868923434,10.97245941448933,9.498547052954311,9.942085266113281,980800,0.0,0.0
2010-04-12 00:00:00-04:00,9.942086986349398,10.371978274638629,9.696435100508072,10.092207908630371,440500,0.0,0.0
2010-04-13 00:00:00-04:00,10.167266968269077,10.29691704902982,9.826083504223057,9.948909759521484,247600,0.0,0.0
2010-04-14 00:00:00-04:00,9.901145426846899,10.344683721054025,9.832908465850778,10.235505104064941,281800,0.0,0.0
2010-04-15 00:00:00-04:00,10.249149424347202,11.538822231675196,10.235501776282765,11.375054359436035,505200,0.0,0.0
2010-04-16 00:00:00-04:00,11.340940540423318,11.525178648223479,10.576688898932062,10.665396690368652,451400,0.0,0.0
2010-04-19 00:00:00-04:00,10.583510495472115,11.047520183450757,10.276445528738625,10.95881175994873,225400,0.0,0.0
2010-04-20 00:00:00-04:00,10.938340602106864,11.327289481583737,10.88375065776688,11.306818008422852,229500,0.0,0.0
2010-04-21 00:00:00-04:00,11.313644139844763,12.036952752708556,11.102110746759553,11.934597969055176,353200,0.0,0.0
2010-04-22 00:00:00-04:00,11.900480344015142,13.30615594048402,11.65482781786092,13.203801155090332,569900,0.0,0.0
2010-04-23 00:00:00-04:00,13.190153051754018,14.745950161617257,13.135563747978729,14.152290344238281,787100,0.0,0.0
2010-04-26 00:00:00-04:00,14.316057092821964,15.087132410222239,13.183328155350578,13.217447280883789,758400,0.0,0.0
2010-04-27 00:00:00-04:00,13.333447864058183,14.19322888462168,13.244739451429146,13.463096618652344,410600,0.0,0.0
2010-04-28 00:00:00-04:00,13.729223264311479,14.602652105564077,13.681456485732795,14.582181930541992,356200,0.0,0.0
2010-04-29 00:00:00-04:00,14.827827556981157,15.592078806759044,14.79370974378593,15.414663314819336,471100,0.0,0.0
2010-04-30 00:00:00-04:00,15.394192528145538,15.66713895033565,14.9370067829104,15.366898536682129,399400,0.0,0.0
2010-05-03 00:00:00-04:00,15.517021557126474,16.30174315127907,15.517021557126474,16.062915802001953,302900,0.0,0.0
2010-05-04 00:00:00-04:00,15.79679999893488,16.056100256874974,15.155374483596454,15.735386848449707,340500,0.0,0.0
2010-05-05 00:00:00-04:00,15.380547337602964,15.523843731941616,13.483567283353503,14.937007904052734,884400,0.0,0.0
2010-05-06 00:00:00-04:00,14.868773789190238,15.209957202785114,12.241661244207396,13.44944953918457,719100,0.0,0.0
2010-05-07 00:00:00-04:00,13.66098605323932,13.776988481720814,12.303076038374543,13.074150085449219,537700,0.0,0.0
2010-05-10 00:00:00-04:00,13.879342487884983,14.56170937007594,13.831577014373464,14.193230628967285,374000,0.0,0.0
2010-05-11 00:00:00-04:00,13.490394137387065,13.817929942172066,11.777653035287063,11.955068588256836,891200,0.0,0.0
2010-05-12 00:00:00-04:00,12.105185541388195,12.930849955155955,11.907299867988293,12.801199913024902,493100,0.0,0.0
2010-05-13 00:00:00-04:00,12.88990926679293,13.237916513417455,12.357663961435454,12.446371078491211,262000,0.0,0.0
2010-05-14 00:00:00-04:00,12.562376176703292,12.562376176703292,11.736712743862535,12.15977954864502,331400,0.0,0.0
2010-05-17 00:00:00-04:00,12.364490065464626,12.466844850632478,11.115758562788724,11.477412223815918,445300,0.0,0.0
2010-05-18 00:00:00-04:00,11.804945788412024,11.866358908013375,10.174089460470853,10.358328819274902,775200,0.0,0.0
2010-05-19 00:00:00-04:00,10.22868127781415,10.692691050773647,9.798789985352716,10.235505104064941,499800,0.0,0.0
2010-05-20 00:00:00-04:00,9.757846295440096,9.89431953823005,9.041360957348148,9.23924732208252,537800,0.0,0.0
2010-05-21 00:00:00-04:00,9.03453918320971,10.180915984365274,8.85030042631308,9.96255874633789,589400,0.0,0.0
2010-05-24 00:00:00-04:00,9.805612650447966,10.23550389200278,9.389369059778613,9.457605361938477,433600,0.0,0.0
2010-05-25 00:00:00-04:00,8.925360229287625,9.66231653073296,8.625119038265993,9.641845703125,366600,0.0,0.0
2010-05-26 00:00:00-04:00,9.942082668347426,10.249148205730572,9.594076143905863,9.648665428161621,356300,0.0,0.0
2010-05-27 00:00:00-04:00,9.73055138480252,10.788220126760313,9.669138264512185,10.733630180358887,446300,0.0,0.0
2010-05-28 00:00:00-04:00,10.699511648720572,11.40917244502763,10.638098532505076,10.897397994995117,404600,0.0,0.0
2010-06-01 00:00:00-04:00,10.644923623373002,10.917870115969942,9.942085266113281,9.942085266113281,339100,0.0,0.0
2010-06-02 00:00:00-04:00,9.969381630822014,10.41292057105728,9.86020301499668,10.399272918701172,220500,0.0,0.0
2010-06-03 00:00:00-04:00,10.590337493685695,10.822341756435334,10.41292189503365,10.535747528076172,270400,0.0,0.0
2010-06-04 00:00:00-04:00,10.358331207155876,10.48798065005871,9.80561365408282,9.89432144165039,277900,0.0,0.0
2010-06-07 00:00:00-04:00,10.064912794278404,10.221856884809426,9.143717125686175,9.2665433883667,390100,0.0,0.0
2010-06-08 00:00:00-04:00,9.478076552145833,9.880672479776303,9.157363924333012,9.464428901672363,302700,0.0,0.0
2010-06-09 00:00:00-04:00,9.559959006927825,9.675961414778921,9.000417789423798,9.075478553771973,251900,0.0,0.0
2010-06-10 00:00:00-04:00,9.587253631071492,9.587253631071492,9.164186294886687,9.42348575592041,267600,0.0,0.0
2010-06-11 00:00:00-04:00,9.313909403658021,9.820695479657926,9.231727277655608,9.402938842773438,345000,0.05,0.0
2010-06-14 00:00:00-04:00,9.416635342435706,10.224754075366846,9.34815046051535,9.950815200805664,321300,0.0,0.0
2010-06-15 00:00:00-04:00,10.012451225140357,10.416510581970215,9.827543093357331,10.416510581970215,205000,0.0,0.0
2010-06-16 00:00:00-04:00,10.361724800164884,10.964389634334141,10.115180362463054,10.875359535217285,413000,0.0,0.0
2010-06-17 00:00:00-04:00,10.971239054691285,11.279419134463492,10.621967252623499,10.786330223083496,355400,0.0,0.0
2010-06-18 00:00:00-04:00,10.793180289072287,11.060269988562881,10.553483768540266,10.75893783569336,310100,0.0,0.0
2010-06-21 00:00:00-04:00,11.087663487365685,11.231480603145862,10.443907511098107,10.519240379333496,344100,0.0,0.0
2010-06-22 00:00:00-04:00,10.608270956764967,10.950694168950696,10.471301802514766,10.546634674072266,381900,0.0,0.0
2010-06-23 00:00:00-04:00,10.546636249128612,10.669908832923799,10.211061607820097,10.485000610351562,308600,0.0,0.0
2010-06-24 00:00:00-04:00,10.519237864390409,10.615116571774896,10.108330518000312,10.183663368225098,270200,0.0,0.0
2010-06-25 00:00:00-04:00,10.361724297684498,10.93699527754531,10.094634013286177,10.663056373596191,1560700,0.0,0.0
2010-06-28 00:00:00-04:00,10.827420171907916,10.97123791945919,10.272694387604341,10.29323959350586,308700,0.0,0.0
2010-06-29 00:00:00-04:00,10.10148234195192,10.149421371186419,9.265969721303232,9.402938842773438,391900,0.0,0.0
2010-06-30 00:00:00-04:00,9.245429891307635,10.03985191080217,9.211187427752733,9.6083984375,358600,0.0,0.0
2010-07-01 00:00:00-04:00,9.512521687218072,9.752217660229208,8.950946902511536,9.368703842163086,395100,0.0,0.0
2010-07-02 00:00:00-04:00,9.539912587755301,9.539912587755301,8.964641385039526,9.115307807922363,225600,0.0,0.0
2010-07-06 00:00:00-04:00,9.197491016998244,9.485126671582957,8.45785666324346,8.55373477935791,395700,0.0,0.0
2010-07-07 00:00:00-04:00,8.656461092761216,9.42348919164579,8.526339875514378,9.409791946411133,308800,0.0,0.0
2010-07-08 00:00:00-04:00,9.49196692328979,9.594694232460723,9.012574773185888,9.279664993286133,265100,0.0,0.0
2010-07-09 00:00:00-04:00,9.231733409025962,9.923428748248908,9.108461444390315,9.902883529663086,233700,0.0,0.0
2010-07-12 00:00:00-04:00,9.971363731105628,10.05354521957513,9.574152223822422,9.738515853881836,257100,0.0,0.0
2010-07-13 00:00:00-04:00,9.950819242815287,10.368576016605273,9.724819955045836,10.238454818725586,238200,0.0,0.0
2010-07-14 00:00:00-04:00,10.272696154459078,10.334332435885102,9.889181877319617,9.97136402130127,194800,0.0,0.0
2010-07-15 00:00:00-04:00,10.012453711753842,10.087786576282632,9.437182664456513,9.834393501281738,279800,0.0,0.0
2010-07-16 00:00:00-04:00,9.676881362426252,9.745365622245735,9.060519105327705,9.10161018371582,269200,0.0,0.0
2010-07-19 00:00:00-04:00,9.176939330549086,9.567302130441346,8.971485981587154,9.519362449645996,281000,0.0,0.0
2010-07-20 00:00:00-04:00,9.211182004028485,9.81384678712368,9.060515644974615,9.793301582336426,287700,0.0,0.0
2010-07-21 00:00:00-04:00,9.861788628855662,10.272696760524845,9.656335216141542,9.717970848083496,350000,0.0,0.0
2010-07-22 00:00:00-04:00,9.896029866585355,10.409664641527021,9.8275456217987,10.382270812988281,238400,0.0,0.0
2010-07-23 00:00:00-04:00,10.430213644347738,10.717849275211648,10.176820474895367,10.690455436706543,198200,0.0,0.0
2010-07-26 00:00:00-04:00,10.642513246638753,11.080815186689309,10.61511941620562,10.936997413635254,146000,0.0,0.0
2010-07-27 00:00:00-04:00,11.080815852462523,11.169845316879071,10.731544003614312,10.75893783569336,165800,0.0,0.0
2010-07-28 00:00:00-04:00,10.758936764672498,10.923299740784927,10.272695803832924,10.320634841918945,166600,0.0,0.0
2010-07-29 00:00:00-04:00,10.437058902229824,10.635664330639377,9.937121347416962,10.286393165588379,166900,0.0,0.0
2010-07-30 00:00:00-04:00,9.978211495215607,10.443907240169223,9.923423837352876,10.23160457611084,125100,0.0,0.0
2010-08-02 00:00:00-04:00,10.437059902724112,10.608271517872948,10.128879126080305,10.594574928283691,173400,0.0,0.0
2010-08-03 00:00:00-04:00,10.484998910837085,10.532937950933418,10.19736336401822,10.224757194519043,120900,0.0,0.0
2010-08-04 00:00:00-04:00,10.34117819522746,10.567177395839641,10.245299489193103,10.498692512512207,88800,0.0,0.0
2010-08-05 00:00:00-04:00,10.39597195814962,10.635667884604171,10.334335657509106,10.526092529296875,72300,0.0,0.0
2010-08-06 00:00:00-04:00,10.313782226739976,10.697295664847001,10.272691174668452,10.669901847839355,105600,0.0,0.0
2010-08-09 00:00:00-04:00,10.779482128456802,11.1629957449022,10.690452018501874,11.121905326843262,139400,0.0,0.0
2010-08-10 00:00:00-04:00,9.916577704804007,9.916577704804007,9.115307844251362,9.491972923278809,523100,0.0,0.0
2010-08-11 00:00:00-04:00,9.108456822669572,9.382395108550604,8.766033638758088,8.793427467346191,242100,0.0,0.0
2010-08-12 00:00:00-04:00,8.70439870338439,9.170094514313435,8.601671993618508,8.930397987365723,166800,0.0,0.0
2010-08-13 00:00:00-04:00,8.992034386258158,9.074215885716603,8.731792644746166,8.889307022094727,123600,0.0,0.0
2010-08-16 00:00:00-04:00,8.875609657869656,9.108457545917789,8.848215827106372,8.923548698425293,105900,0.0,0.0
2010-08-17 00:00:00-04:00,9.060517444393945,9.341305013478859,9.03997223552641,9.20433521270752,104800,0.0,0.0
2010-08-18 00:00:00-04:00,9.33445619312275,9.33445619312275,8.95779055530046,8.992033004760742,130200,0.0,0.0
2010-08-19 00:00:00-04:00,8.916701032204012,9.019427737761196,8.492095661329136,8.498944282531738,176900,0.0,0.0
2010-08-20 00:00:00-04:00,8.43045951146297,8.505792380697855,8.156520558288035,8.40306568145752,132500,0.0,0.0
2010-08-23 00:00:00-04:00,8.526339036417871,8.58797532766686,7.581250761214658,7.601796627044678,252400,0.0,0.0
2010-08-24 00:00:00-04:00,7.492220401763916,7.601796390080023,7.1429491841081,7.492220401763916,245600,0.0,0.0
2010-08-25 00:00:00-04:00,7.396340335836334,7.533309468271752,7.081311004674702,7.505915641784668,170800,0.0,0.0
2010-08-26 00:00:00-04:00,7.58810082239868,7.8825850906119825,7.50591930285278,7.697676181793213,126500,0.0,0.0
2010-08-27 00:00:00-04:00,7.8140971841009845,8.149671757537373,7.594946548896879,8.12912654876709,94700,0.0,0.0
2010-08-30 00:00:00-04:00,8.046946550805723,8.129128054226722,7.622341789903629,7.683978080749512,68800,0.0,0.0
2010-08-31 00:00:00-04:00,7.560702534294338,7.820944186306386,7.41003617720941,7.485369682312012,95200,0.0,0.0
2010-09-01 00:00:00-04:00,7.656583727795512,7.916825464232836,7.3415543261209075,7.403190612792969,170000,0.0,0.0
2010-09-02 00:00:00-04:00,7.396339416503906,7.437429824567004,7.2114306208591845,7.396339416503906,99900,0.0,0.0
2010-09-03 00:00:00-04:00,7.581247946603682,7.868883430231166,7.430582238509509,7.807247161865234,150300,0.0,0.0
2010-09-07 00:00:00-04:00,7.786703789827391,7.786703789827391,7.047069701561812,7.136099815368652,230600,0.0,0.0
2010-09-08 00:00:00-04:00,7.14294843638159,7.3278566318877605,6.985433418686273,7.136099815368652,210000,0.0,0.0
2010-09-09 00:00:00-04:00,7.30046280095646,7.348401841806124,7.012827249617573,7.136099815368652,156500,0.0,0.0
2010-09-10 00:00:00-04:00,7.1908870682121036,7.430583565067338,7.095008338845928,7.177189826965332,102700,0.0,0.0
2010-09-13 00:00:00-04:00,7.294171209135533,7.74145501411736,7.294171209135533,7.707048416137695,147200,0.05,0.0
2010-09-14 00:00:00-04:00,7.679525598196399,7.906608294984354,7.507493212372101,7.837795734405518,152600,0.0,0.0
2010-09-15 00:00:00-04:00,7.762103218451602,8.092405832136594,7.700171437369939,7.906610488891602,80900,0.0,0.0
2010-09-16 00:00:00-04:00,7.8722036328919,7.968542029022729,7.6313586269422755,7.652002334594727,50000,0.0,0.0
2010-09-17 00:00:00-04:00,7.817148898673932,7.817148898673932,7.479965686798096,7.479965686798096,150700,0.0,0.0
2010-09-20 00:00:00-04:00,7.52813447545131,7.686404560373485,7.397390193342782,7.59694766998291,107000,0.0,0.0
2010-09-21 00:00:00-04:00,7.603831169792318,7.927252221245413,7.603831169792318,7.727694034576416,75600,0.0,0.0
2010-09-22 00:00:00-04:00,7.665763471697938,7.796507798273588,7.500611879903061,7.548781394958496,83800,0.0,0.0
2010-09-23 00:00:00-04:00,7.493730664128765,7.610712734327622,7.218478464027916,7.225359916687012,101300,0.0,0.0
2010-09-24 00:00:00-04:00,7.3836314151358415,7.590070457759977,7.3698691622951,7.541901588439941,94300,0.0,0.0
2010-09-27 00:00:00-04:00,7.528134932368851,7.583185885086185,7.328577443616652,7.424915790557861,64700,0.0,0.0
2010-09-28 00:00:00-04:00,7.49372639147381,7.62447063619372,7.2735246256940185,7.59006404876709,114400,0.0,0.0
2010-09-29 00:00:00-04:00,7.535014716045763,7.61759014247147,7.356100963997818,7.431795597076416,98900,0.0,0.0
2010-09-30 00:00:00-04:00,7.535019293033588,7.624476223396277,7.369868339864724,7.445562362670898,119700,0.0,0.0
2010-10-01 00:00:00-04:00,7.569423373596736,7.624473672904606,7.156545472536381,7.177189826965332,182200,0.0,0.0
2010-10-04 00:00:00-04:00,7.14278577161753,7.246004955545621,7.101497704295353,7.156548023223877,88900,0.0,0.0
2010-10-05 00:00:00-04:00,7.259764947872831,7.30793379352773,6.991394258685603,7.287290096282959,102500,0.0,0.0
2010-10-06 00:00:00-04:00,7.259766022893487,7.404273237508004,7.184071361368349,7.376748085021973,54000,0.0,0.0
2010-10-07 00:00:00-04:00,7.473086773086008,7.473086773086008,7.2941735865307376,7.418036460876465,71900,0.0,0.0
2010-10-08 00:00:00-04:00,7.390510428899479,8.078639906217898,7.362985276056799,8.002945899963379,187100,0.0,0.0
2010-10-11 00:00:00-04:00,8.099282938373436,8.615379961952844,8.05799488773651,8.574091911315918,224500,0.0,0.0
2010-10-12 00:00:00-04:00,8.574093281535953,9.351679666744635,8.519042976056703,9.241579055786133,219000,0.0,0.0
2010-10-13 00:00:00-04:00,9.427372567445373,9.860894164456719,8.95256357429085,9.000732421875,358300,0.0,0.0
2010-10-14 00:00:00-04:00,9.110834904711982,9.558119497136428,8.92504027112911,9.131479263305664,267300,0.0,0.0
2010-10-15 00:00:00-04:00,9.262221653794594,9.262221653794594,8.63602401131594,8.656667709350586,176000,0.0,0.0
2010-10-18 00:00:00-04:00,8.76677085587822,9.007616475889227,8.622263615121918,8.993853569030762,95300,0.0,0.0
2010-10-19 00:00:00-04:00,8.794291948397904,9.014493762589844,8.360770426513689,8.463990211486816,122200,0.0,0.0
2010-10-20 00:00:00-04:00,8.553448511337038,8.863106604994373,8.39517841068913,8.794293403625488,96000,0.0,0.0
2010-10-21 00:00:00-04:00,8.925039158732762,9.097071521396261,8.463992374294472,8.642906188964844,124600,0.0,0.0
2010-10-22 00:00:00-04:00,8.663548669325234,8.746124113030918,8.519041478777465,8.63602352142334,60600,0.0,0.0
2010-10-25 00:00:00-04:00,8.718599104168204,8.876868543065264,8.525923065782257,8.574091911315918,112200,0.0,0.0
2010-10-26 00:00:00-04:00,8.491513558955285,8.773646396914723,8.429581832329832,8.677308082580566,99000,0.0,0.0
2010-10-27 00:00:00-04:00,8.55344884410035,8.704836842999377,8.395178737295105,8.532804489135742,86200,0.0,0.0
2010-10-28 00:00:00-04:00,8.615380269306785,8.636023967236062,8.195620921819774,8.271315574645996,108000,0.0,0.0
2010-10-29 00:00:00-04:00,8.236907025087124,8.27819441117713,8.092399861269765,8.099281311035156,84400,0.0,0.0
2010-11-01 00:00:00-04:00,8.113047289223804,8.216266458217794,7.727694456226731,7.837795734405518,163600,0.0,0.0
2010-11-02 00:00:00-04:00,7.989181949175035,8.463991593845767,7.954776004815949,8.450228691101074,156900,0.0,0.0
2010-11-03 00:00:00-04:00,8.498397353756655,8.828699111938477,8.498397353756655,8.828699111938477,126800,0.0,0.0
2010-11-04 00:00:00-04:00,8.973212282280386,9.310395716128133,8.890636787639204,9.289752006530762,208600,0.0,0.0
2010-11-05 00:00:00-04:00,9.289749837264402,9.489307400111132,8.911278416347766,9.07642936706543,161500,0.0,0.0
2010-11-08 00:00:00-05:00,9.048899881686324,9.131475973811165,8.81493647483671,9.014493942260742,155000,0.0,0.0
2010-11-09 00:00:00-05:00,9.110836016595695,9.282868421695696,8.973210223766003,9.069548606872559,191900,0.0,0.0
2010-11-10 00:00:00-05:00,9.681983054352687,10.549026489257812,9.620051286680678,10.549026489257812,643200,0.0,0.0
2010-11-11 00:00:00-05:00,10.473332161816689,10.514619568210989,9.984760144474182,10.087979316711426,237600,0.0,0.0
2010-11-12 00:00:00-05:00,9.97788067564931,10.239370041071693,9.59940920842608,10.198081970214844,237400,0.0,0.0
2010-11-15 00:00:00-05:00,10.30129713555078,10.721055826527973,10.19807733346531,10.438922882080078,226900,0.0,0.0
2010-11-16 00:00:00-05:00,10.308179187174744,10.315060639402835,9.771438382160328,9.970995903015137,212100,0.0,0.0
2010-11-17 00:00:00-05:00,9.970995560123669,10.09485907096416,9.778319498122867,9.888420104980469,66200,0.0,0.0
2010-11-18 00:00:00-05:00,10.108622764407182,10.335706118842138,9.950353283476895,10.246249198913574,108900,0.0,0.0
2010-11-19 00:00:00-05:00,10.204961154005714,10.315061776789761,10.05357246955191,10.28753662109375,68500,0.0,0.0
2010-11-22 00:00:00-05:00,10.246250915881495,10.321944942542906,9.977880111124808,10.108624458312988,71900,0.0,0.0
2010-11-23 00:00:00-05:00,9.915944557322478,9.922826008828574,9.681980456125892,9.723268508911133,69700,0.0,0.0
2010-11-24 00:00:00-05:00,9.840250365601507,9.998519809614914,9.805843765000365,9.922825813293457,58300,0.0,0.0
2010-11-26 00:00:00-05:00,9.82648705026485,9.902181699659353,9.6957427609718,9.805843353271484,24000,0.0,0.0
2010-11-29 00:00:00-05:00,9.716389208602985,10.067335438096976,9.620050834942434,9.943471908569336,67000,0.0,0.0
2010-11-30 00:00:00-05:00,9.840250140114104,9.840250140114104,9.564997997863632,9.60628604888916,95900,0.0,0.0
2010-12-01 00:00:00-05:00,9.81272412127725,9.819605571879778,9.482421711119663,9.503066062927246,138000,0.0,0.0
2010-12-02 00:00:00-05:00,9.53747256993486,9.613167218556201,9.344796535378446,9.427371978759766,119400,0.0,0.0
2010-12-03 00:00:00-05:00,9.372323445894882,9.420492299530638,9.200291075765566,9.317273139953613,154000,0.0,0.0
2010-12-06 00:00:00-05:00,9.269103813243772,9.819607500811397,9.207172058157848,9.681981086730957,104500,0.0,0.0
2010-12-07 00:00:00-05:00,9.833367105633265,10.418277239519387,9.792079061255514,10.266888618469238,151700,0.0,0.0
2010-12-08 00:00:00-05:00,10.184315621972928,10.390754580737848,10.05357066371289,10.149909019470215,115900,0.0,0.0
2010-12-09 00:00:00-05:00,10.287537238770547,10.287537238770547,9.8953035824893,9.998522758483887,72700,0.0,0.0
2010-12-10 00:00:00-05:00,10.005401107610721,10.727937084153544,9.97787595880201,10.638480186462402,116600,0.0,0.0
2010-12-13 00:00:00-05:00,10.700615690690624,10.949145882618609,10.465892402457127,10.9008207321167,103600,0.05,0.0
2010-12-14 00:00:00-05:00,10.914628294191987,11.321941499700985,10.859398704271637,10.9008207321167,175200,0.0,0.0
2010-12-15 00:00:00-05:00,10.900819383676017,11.204578469568297,10.83178289860105,10.887012481689453,78400,0.0,0.0
2010-12-16 00:00:00-05:00,10.956048273712668,11.183868410386822,10.845590424646844,11.045795440673828,85500,0.0,0.0
2010-12-17 00:00:00-05:00,11.087214875298043,11.087214875298043,10.569443962508444,10.748937606811523,116600,0.0,0.0
2010-12-20 00:00:00-05:00,10.776552348546334,10.817974365020083,10.355431696569529,10.417564392089844,128500,0.0,0.0
2010-12-21 00:00:00-05:00,10.493506617082343,10.900820471223762,10.493506617082343,10.880109786987305,66300,0.0,0.0
2010-12-22 00:00:00-05:00,10.88701488267097,11.321942596066158,10.783460132220943,11.308135032653809,101600,0.0,0.0
2010-12-23 00:00:00-05:00,11.294322666612244,11.384069146643412,11.052695704859245,11.17005729675293,48500,0.0,0.0
2010-12-27 00:00:00-05:00,11.087218130974259,11.791387990562473,10.962953365102829,11.749966621398926,77100,0.0,0.0
2010-12-28 00:00:00-05:00,11.805195454631406,11.846616823451425,11.390977816146492,11.480724334716797,83000,0.0,0.0
2010-12-29 00:00:00-05:00,11.494532954451458,11.68783488800429,11.480725391320178,11.611894607543945,56900,0.0,0.0
2010-12-30 00:00:00-05:00,11.563566061359618,11.563566061359618,11.356457942189044,11.363360404968262,43400,0.0,0.0
2010-12-31 00:00:00-05:00,11.252902722099286,11.390975681304477,11.149348661076056,11.26671028137207,47200,0.0,0.0
2011-01-03 00:00:00-05:00,11.418589693884362,11.529047523845415,11.266709190117014,11.432395935058594,107800,0.0,0.0
2011-01-04 00:00:00-05:00,11.460009630740041,11.508334760764127,10.748936286319955,10.9629487991333,133800,0.0,0.0
2011-01-05 00:00:00-05:00,10.921529997702187,11.294326224724115,10.893915535520641,11.204578399658203,49000,0.0,0.0
2011-01-06 00:00:00-05:00,11.19077379170413,11.19077379170413,10.914629755417632,10.976761817932129,39300,0.0,0.0
2011-01-07 00:00:00-05:00,10.976757603015022,11.101022997089661,10.514214923271233,10.92843246459961,100000,0.0,0.0
2011-01-10 00:00:00-05:00,10.866301991709527,11.377169914434704,10.811073062678739,11.273615837097168,71700,0.0,0.0
2011-01-11 00:00:00-05:00,11.335749599904714,11.56356911791557,11.31503825580858,11.473822593688965,86700,0.0,0.0
2011-01-12 00:00:00-05:00,11.591183018615949,11.756869803593066,11.294327035079712,11.41859245300293,71100,0.0,0.0
2011-01-13 00:00:00-05:00,11.356459502971408,11.411688430124737,11.073411086715403,11.087217330932617,59600,0.0,0.0
2011-01-14 00:00:00-05:00,11.107927180355551,11.446204478326615,11.01127624162925,11.411686897277832,65800,0.0,0.0
2011-01-18 00:00:00-05:00,11.494530938728849,11.556663645162097,11.239097649402355,11.549759864807129,34200,0.0,0.0
2011-01-19 00:00:00-05:00,11.439303337487802,11.453110899796854,10.576350444596306,10.769652366638184,173000,0.0,0.0
2011-01-20 00:00:00-05:00,10.693709099341456,10.893914088153574,10.548733027554709,10.603961944580078,81300,0.0,0.0
2011-01-21 00:00:00-05:00,10.721324685530613,10.76965048679622,10.438276291409215,10.472794532775879,79300,0.0,0.0
2011-01-24 00:00:00-05:00,10.44518076446291,10.603963763552857,10.210457497651044,10.383048057556152,75500,0.0,0.0
2011-01-25 00:00:00-05:00,10.265686992516535,10.47969958833534,10.030963712709065,10.231168746948242,98300,0.0,0.0
2011-01-26 00:00:00-05:00,10.300205373073576,10.873206018522053,10.244976442792815,10.776555061340332,94600,0.0,0.0
2011-01-27 00:00:00-05:00,10.721323812662604,11.377167711711442,10.590155296205092,11.149348258972168,122600,0.0,0.0
2011-01-28 00:00:00-05:00,11.10792694139283,11.10792694139283,10.48660062017136,10.56944465637207,70800,0.0,0.0
2011-01-31 00:00:00-05:00,10.624675452534195,10.790362237454854,10.369241494519656,10.65919303894043,53700,0.0,0.0
2011-02-01 00:00:00-05:00,10.769650561078407,11.059602737149183,10.631577594659412,11.025084495544434,61200,0.0,0.0
2011-02-02 00:00:00-05:00,11.031987482747635,11.073410162225478,10.75584287003557,10.893915176391602,42000,0.0,0.0
2011-02-03 00:00:00-05:00,10.90772273621755,11.031987482747635,10.617770563679539,10.893915176391602,60900,0.0,0.0
2011-02-04 00:00:00-05:00,10.880106531389231,11.17696243626851,10.831780738123399,11.059600830078125,56900,0.0,0.0
2011-02-07 00:00:00-05:00,11.059600291405765,11.453106446889304,11.059600291405765,11.425491333007812,81700,0.0,0.0
2011-02-08 00:00:00-05:00,11.411690102356276,11.991594580824286,11.370267413350216,11.977787017822266,137600,0.0,0.0
2011-02-09 00:00:00-05:00,11.88113396838804,12.371291862070207,11.777579891817915,12.247026443481445,88600,0.0,0.0
2011-02-10 00:00:00-05:00,12.115858284224638,12.833835734695663,12.115858284224638,12.826931953430176,90700,0.0,0.0
2011-02-11 00:00:00-05:00,12.83383111179373,13.565614544436807,12.60601167914253,13.43444538116455,196100,0.0,0.0
2011-02-14 00:00:00-05:00,13.462069381767595,13.586334848281222,12.83383958262607,13.24805736541748,96000,0.0,0.0
2011-02-15 00:00:00-05:00,13.179013528230737,13.179013528230737,12.688855717781399,12.937386512756348,128500,0.0,0.0
2011-02-16 00:00:00-05:00,12.992613962744608,13.406831468607775,12.65433670603868,13.192819595336914,223500,0.0,0.0
2011-02-17 00:00:00-05:00,13.199726070240247,13.46206313137405,12.98571283649377,13.427545547485352,189200,0.0,0.0
2011-02-18 00:00:00-05:00,13.427548910866903,13.779632568359377,13.393030001570361,13.779632568359375,176600,0.0,0.0
2011-02-22 00:00:00-05:00,13.406833806632122,13.448255169413585,12.916675966132846,13.103074073791504,199700,0.0,0.0
2011-02-23 00:00:00-05:00,13.07545598334005,13.07545598334005,11.970876576195083,12.668142318725586,236300,0.0,0.0
2011-02-24 00:00:00-05:00,12.688854282876799,13.28256608517271,12.509361303205205,13.192819595336914,146300,0.0,0.0
2011-02-25 00:00:00-05:00,13.26875974150223,13.455157833705725,13.18591702280819,13.406832695007324,60000,0.0,0.0
2011-02-28 00:00:00-05:00,13.462058142072111,14.04886606802744,13.365407889595092,13.75891399383545,187500,0.0,0.0
2011-03-01 00:00:00-05:00,13.821050520649102,14.249074315074381,13.441350549146541,13.531098365783691,175400,0.0,0.0
2011-03-02 00:00:00-05:00,13.544902538298587,13.772721937536652,13.282564250229925,13.738203048706055,94100,0.0,0.0
2011-03-03 00:00:00-05:00,13.952219174024144,14.173136180051362,13.779628627190032,13.99364185333252,111100,0.0,0.0
2011-03-04 00:00:00-05:00,13.972928336255514,14.283591798850303,13.814145373934252,13.938410758972168,83900,0.0,0.0
2011-03-07 00:00:00-05:00,13.966026183544331,13.966026183544331,13.558712403722724,13.607037544250488,276900,0.0,0.0
2011-03-08 00:00:00-05:00,13.613945577991842,13.689885860700569,13.054752422235781,13.565620422363281,108200,0.0,0.0
2011-03-09 00:00:00-05:00,13.524195111558805,13.703689435043197,13.386122149875012,13.503483772277832,95000,0.0,0.0
2011-03-10 00:00:00-05:00,13.172114022802335,13.192825368024407,12.495559213355373,12.985715866088867,212800,0.0,0.0
2011-03-11 00:00:00-05:00,12.978792504260413,13.276439690268154,12.791897575334012,13.151843070983887,48300,0.05,0.0
2011-03-14 00:00:00-04:00,13.158763698459127,13.186451099324948,12.570391577012913,12.750364303588867,98200,0.0,0.0
2011-03-15 00:00:00-04:00,12.251980103334612,12.535782914427212,11.836658497747322,12.431951522827148,93500,0.0,0.0
2011-03-16 00:00:00-04:00,12.411185193929311,12.688065799539075,12.11353804779724,12.141226768493652,89400,0.0,0.0
2011-03-17 00:00:00-04:00,12.99263846180324,13.255674774601356,12.549628058810486,12.97879409790039,278800,0.0,0.0
2011-03-18 00:00:00-04:00,13.172608041174426,13.27643810475459,12.60500114107914,12.999557495117188,145300,0.0,0.0
2011-03-21 00:00:00-04:00,13.23490951193136,13.42180314301129,13.138000285154174,13.3733491897583,76500,0.0,0.0
2011-03-22 00:00:00-04:00,13.414875545794143,13.497940375175858,13.20721545274586,13.345656394958496,66500,0.0,0.0
2011-03-23 00:00:00-04:00,13.255674340815988,13.255674340815988,12.764211320788556,12.791898727416992,81800,0.0,0.0
2011-03-24 00:00:00-04:00,12.881881078816452,12.937257192180066,12.32119644570532,12.55654525756836,173200,0.0,0.0
2011-03-25 00:00:00-04:00,12.58423593758127,12.93033703016482,12.431950611871136,12.750364303588867,111900,0.0,0.0
2011-03-28 00:00:00-04:00,12.778053126709182,13.04801290675629,12.771132265925573,12.812664031982422,26000,0.0,0.0
2011-03-29 00:00:00-04:00,12.819586346477255,12.91649424170897,12.625769235742775,12.902649879455566,58400,0.0,0.0
2011-03-30 00:00:00-04:00,12.944184960533148,13.407960605307876,12.90957404956712,13.234910011291504,99400,0.0,0.0
2011-03-31 00:00:00-04:00,13.22105748211583,13.7055980539663,13.193368770442435,13.22797966003418,128100,0.0,0.0
2011-04-01 00:00:00-04:00,13.401033529885273,13.456409646939726,13.10338640561605,13.290281295776367,68800,0.0,0.0
2011-04-04 00:00:00-04:00,13.331813401526626,13.380267340180316,13.151840686333772,13.214138984680176,55800,0.0,0.0
2011-04-05 00:00:00-04:00,13.186448097229002,13.394109497664385,12.958021480939497,13.186448097229004,39700,0.0,0.0
2011-04-06 00:00:00-04:00,13.311046315709994,13.311046315709994,12.992633977469884,13.207216262817383,76400,0.0,0.0
2011-04-07 00:00:00-04:00,13.165689177603852,13.200298767425801,12.868041952158686,12.99263858795166,41300,0.0,0.0
2011-04-08 00:00:00-04:00,13.13799400121206,13.241824039987847,12.868035636340897,13.09646224975586,60700,0.0,0.0
2011-04-11 00:00:00-04:00,13.096466095375751,13.227984887254967,12.812663289927047,12.847272872924805,64600,0.0,0.0
2011-04-12 00:00:00-04:00,12.688066864393683,12.77805257366739,12.279667441742507,12.286589622497559,81600,0.0,0.0
2011-04-13 00:00:00-04:00,12.438871860764259,12.646533292927765,12.335041804817902,12.50117015838623,49600,0.0,0.0
2011-04-14 00:00:00-04:00,12.335043907165527,12.501172289048277,12.224291652577028,12.335043907165527,53300,0.0,0.0
2011-04-15 00:00:00-04:00,12.27966359538845,12.487324992181358,12.196600092887742,12.466558456420898,49700,0.0,0.0
2011-04-18 00:00:00-04:00,12.182760751674836,12.425031820880605,12.182760751674836,12.390420913696289,27100,0.0,0.0
2011-04-19 00:00:00-04:00,12.445795400487242,12.618845952730737,12.335043152673078,12.49424934387207,60500,0.0,0.0
2011-04-20 00:00:00-04:00,12.819582024660601,12.819582024660601,12.521934937912329,12.639609336853027,43400,0.0,0.0
2011-04-21 00:00:00-04:00,12.764207365064516,13.131073640891449,12.515014181279613,12.826505661010742,104400,0.0,0.0
2011-04-25 00:00:00-04:00,12.77804752188488,12.951098011532965,12.61884138827355,12.701906204223633,33000,0.0,0.0
2011-04-26 00:00:00-04:00,12.71575198330601,12.944178602394352,12.611920621680813,12.639609336853027,37100,0.0,0.0
2011-04-27 00:00:00-04:00,12.639613697204682,12.764210317921163,12.542705801212337,12.722677230834961,25700,0.0,0.0
2011-04-28 00:00:00-04:00,12.72267986552655,12.958028793334961,12.62577194946591,12.958028793334961,82200,0.0,0.0
2011-04-29 00:00:00-04:00,12.978786635435133,13.34565414629413,12.833424858848076,13.117227554321289,138000,0.0,0.0
2011-05-02 00:00:00-04:00,13.221060944752862,13.366422758297583,12.784972863577128,12.805739402770996,72000,0.0,0.0
2011-05-03 00:00:00-04:00,12.76421256148475,12.978794934729653,12.681147692983112,12.888809204101562,42000,0.0,0.0
2011-05-04 00:00:00-04:00,12.881880372098182,12.881880372098182,12.418104953019771,12.584233283996582,47000,0.0,0.0
2011-05-05 00:00:00-04:00,12.411183467867035,12.452715222864832,11.912797126810746,12.175834655761719,136700,0.0,0.0
2011-05-06 00:00:00-04:00,12.335045114449734,12.501173512592189,12.120462765216292,12.362733840942383,56400,0.0,0.0
2011-05-09 00:00:00-04:00,12.348889011612696,12.750366288705148,12.328122467527,12.694990158081055,41000,0.0,0.0
2011-05-10 00:00:00-04:00,12.715754924023718,12.95802463645623,12.715754924023718,12.909570693969727,39300,0.0,0.0
2011-05-11 00:00:00-04:00,13.463332730014475,13.947873456686626,13.18645080589226,13.221061706542969,335200,0.0,0.0
2011-05-12 00:00:00-04:00,13.172612081052614,13.172612081052614,12.528863641046616,12.888809204101562,66000,0.0,0.0
2011-05-13 00:00:00-04:00,12.868038097908851,12.930336397145679,12.570390961615304,12.598079681396484,69100,0.0,0.0
2011-05-16 00:00:00-04:00,12.473485898554777,12.92341713439502,12.397343222239723,12.404265403747559,58100,0.0,0.0
2011-05-17 00:00:00-04:00,12.321196042615444,12.646531853220123,12.238132535422798,12.563467025756836,70200,0.0,0.0
2011-05-18 00:00:00-04:00,12.591162016948802,12.591162016948802,12.397344869785472,12.570395469665527,49300,0.0,0.0
2011-05-19 00:00:00-04:00,12.639612422737391,12.771131211373707,12.45963969099057,12.549625396728516,83600,0.0,0.0
2011-05-20 00:00:00-04:00,12.459641198344912,12.459641198344912,12.161994002918854,12.35581111907959,67600,0.0,0.0
2011-05-23 00:00:00-04:00,12.078930981815489,12.279668967571057,12.078930981815489,12.168916702270508,43600,0.0,0.0
2011-05-24 00:00:00-04:00,12.258901140676468,12.258901140676468,11.968177464870076,11.995864868164062,62400,0.0,0.0
2011-05-25 00:00:00-04:00,11.95433167997208,12.051239560371046,11.878189019503834,11.933565139770508,27700,0.0,0.0
2011-05-26 00:00:00-04:00,11.86434332071689,12.19660132509915,11.815889385984459,12.189679145812988,30300,0.0,0.0
2011-05-27 00:00:00-04:00,12.258897480596875,12.598077641645636,12.217365727920326,12.584233283996582,49800,0.0,0.0
2011-05-31 00:00:00-04:00,12.826504046294739,13.221058990770196,12.48040303250636,13.186448097229004,147400,0.0,0.0
2011-06-01 00:00:00-04:00,13.151843667376522,13.151843667376522,12.639614125079653,12.833431243896484,104900,0.0,0.0
2011-06-02 00:00:00-04:00,12.84726976249455,12.84726976249455,12.515013093182686,12.563467025756836,63800,0.0,0.0
2011-06-03 00:00:00-04:00,12.425030435208171,12.708833241113565,12.425030435208171,12.52193832397461,117800,0.0,0.0
2011-06-06 00:00:00-04:00,12.473484123464601,12.61884595362944,12.099694296861978,12.293511390686035,97100,0.0,0.0
2011-06-07 00:00:00-04:00,12.43887400020747,12.854195615697568,12.27966779902209,12.729598999023438,88700,0.0,0.0
2011-06-08 00:00:00-04:00,12.625770075877908,12.99955995996593,12.515017811023192,12.688068389892578,68400,0.0,0.0
2011-06-09 00:00:00-04:00,12.681140569962103,13.075695503112215,12.452713960229378,13.013397216796875,80300,0.0,0.0
2011-06-10 00:00:00-04:00,12.874958134734422,12.874958134734422,12.515012759119275,12.639609336853027,66300,0.0,0.0
2011-06-13 00:00:00-04:00,12.709021035636761,13.208775865046812,12.639610495563595,13.201834678649902,98000,0.05,0.0
2011-06-14 00:00:00-04:00,13.236540737636277,13.743235485087665,13.139366765219869,13.569709777832031,188800,0.0,0.0
2011-06-15 00:00:00-04:00,13.38230327453336,14.048641367590902,13.38230327453336,13.888998031616211,226100,0.0,0.0
2011-06-16 00:00:00-04:00,13.95146412161505,14.090283863166487,13.78487963741585,13.923699378967285,133400,0.0,0.0
2011-06-17 00:00:00-04:00,14.0972232433733,14.0972232433733,13.81264128715958,13.875110626220703,87600,0.0,0.0
2011-06-20 00:00:00-04:00,13.81264858398466,14.090289502095121,13.805707395544857,13.972291946411133,60600,0.0,0.0
2011-06-21 00:00:00-04:00,14.07640453728577,14.56921686449249,13.98617043654068,14.5206298828125,137200,0.0,0.0
2011-06-22 00:00:00-04:00,14.458161803366036,14.916269562321006,14.319340708696497,14.624746322631836,90400,0.0,0.0
2011-06-23 00:00:00-04:00,14.416515958589951,14.63862865023666,14.097227971425752,14.423457145690918,99700,0.0,0.0
2011-06-24 00:00:00-04:00,14.485926551858373,14.659452258247258,14.13193395195752,14.624746322631836,146600,0.0,0.0
2011-06-27 00:00:00-04:00,14.590045391442526,15.54790694982802,14.590045391442526,15.242501258850098,205900,0.0,0.0
2011-06-28 00:00:00-04:00,15.360488176228758,15.57566091050944,15.159199133970482,15.263314247131348,70500,0.0,0.0
2011-06-29 00:00:00-04:00,15.38131812350288,15.38131812350288,14.881564578211119,15.159205436706543,66900,0.0,0.0
2011-06-30 00:00:00-04:00,15.235553409719282,15.422960115524072,15.131436955066302,15.353550910949707,74600,0.0,0.0
2011-07-01 00:00:00-04:00,15.263320926645976,15.915777951287886,15.263320926645976,15.568726539611816,90300,0.0,0.0
2011-07-05 00:00:00-04:00,15.554842562374372,15.59648835679271,15.193908813692952,15.36743450164795,111000,0.0,0.0
2011-07-06 00:00:00-04:00,15.284138679504396,15.3604890608083,15.145317638031823,15.284138679504395,51900,0.0,0.0
2011-07-07 00:00:00-04:00,15.346612379855667,15.87413063400671,15.23555604465502,15.652016639709473,100300,0.0,0.0
2011-07-08 00:00:00-04:00,14.79133062454435,15.429905267627666,14.784389437523265,14.99956226348877,104900,0.0,0.0
2011-07-11 00:00:00-04:00,14.72886421243633,14.839920579203524,14.596985604335488,14.673336029052734,119500,0.0,0.0
2011-07-12 00:00:00-04:00,14.624747192397207,14.902388074352112,14.506749652079353,14.645570755004883,67700,0.0,0.0
2011-07-13 00:00:00-04:00,14.617802523875023,15.374374574472197,14.617802523875023,15.29802417755127,55100,0.0,0.0
2011-07-14 00:00:00-04:00,15.298026701252693,15.617313361166433,14.93709291917068,15.422964096069336,96400,0.0,0.0
2011-07-15 00:00:00-04:00,15.506257016509823,15.596489800082296,15.09673624912755,15.422964096069336,78300,0.0,0.0
2011-07-18 00:00:00-04:00,15.31884246871512,15.374370617591792,14.74967861175537,14.749678611755371,111000,0.0,0.0
2011-07-19 00:00:00-04:00,14.923206757458663,15.24943452160065,14.721916356422996,15.221671104431152,89800,0.0,0.0
2011-07-20 00:00:00-04:00,15.270259512933704,15.436844003298205,15.1522620001052,15.277200698852539,32300,0.0,0.0
2011-07-21 00:00:00-04:00,15.346617563981603,15.68672787091069,15.075916497077577,15.679786682128906,51200,0.0,0.0
2011-07-22 00:00:00-04:00,15.700607167384712,15.700607167384712,15.402142727820648,15.443788528442383,60200,0.0,0.0
2011-07-25 00:00:00-04:00,15.15226423907956,15.339672314892923,14.763567037459879,14.853799819946289,55000,0.0,0.0
2011-07-26 00:00:00-04:00,14.874623666497474,15.159205717208112,14.645569788513399,15.062031745910645,32900,0.0,0.0
2011-07-27 00:00:00-04:00,14.94403707888504,14.964859320215105,14.034761255777697,14.076408386230469,93500,0.0,0.0
2011-07-28 00:00:00-04:00,14.027816939710688,14.603923534124403,14.027816939710688,14.173579216003418,85400,0.0,0.0
2011-07-29 00:00:00-04:00,13.972285725990252,14.29851481794309,13.882052964236838,14.0208740234375,56800,0.0,0.0
2011-08-01 00:00:00-04:00,14.319337619785747,14.465099870135115,13.882053516529226,14.05557918548584,180400,0.0,0.0
2011-08-02 00:00:00-04:00,13.916758935182406,14.222164501109454,13.826526164558617,13.882054328918457,96100,0.0,0.0
2011-08-03 00:00:00-04:00,13.888994253660593,14.409571243720306,13.590529900869706,14.333219528198242,103800,0.0,0.0
2011-08-04 00:00:00-04:00,14.034757619203278,14.090285788189302,13.29900904916447,13.396183013916016,188300,0.0,0.0
2011-08-05 00:00:00-04:00,13.236541611411361,13.590534236448262,12.70208208004803,13.479477882385254,158400,0.0,0.0
2011-08-08 00:00:00-04:00,12.896429688147805,13.389243353763367,11.549869914995082,11.73727798461914,325000,0.0,0.0
2011-08-09 00:00:00-04:00,12.042686580093969,13.083841016576509,11.529050550296809,12.97972583770752,155000,0.0,0.0
2011-08-10 00:00:00-04:00,13.250425874233967,13.396186863244996,12.181506659234312,12.604909896850586,176200,0.0,0.0
2011-08-11 00:00:00-04:00,12.750666173343804,13.069952754628435,12.528552214833422,12.81313419342041,106300,0.0,0.0
2011-08-12 00:00:00-04:00,12.993608134838004,13.208781025519231,12.452208623321704,12.514678001403809,130200,0.0,0.0
2011-08-15 00:00:00-04:00,12.667374348942671,13.222655982625655,12.549376836298055,12.986660957336426,100800,0.0,0.0
2011-08-16 00:00:00-04:00,12.75066819929074,13.07689601772821,12.611847118651509,12.875605583190918,64900,0.0,0.0
2011-08-17 00:00:00-04:00,12.979721280911358,13.444770152231177,12.715961508218758,13.021367073059082,143700,0.0,0.0
2011-08-18 00:00:00-04:00,12.500790122314864,12.604905265337862,12.001036641466957,12.223149299621582,90200,0.0,0.0
2011-08-19 00:00:00-04:00,12.042687733181888,12.646556622780292,11.87610316626176,12.514678001403809,137400,0.0,0.0
2011-08-22 00:00:00-04:00,12.875608542180188,12.938077910434556,12.368913732024762,12.542439460754395,79100,0.0,0.0
2011-08-23 00:00:00-04:00,12.597966117679603,13.382303058079508,12.4938509578104,13.347597122192383,136200,0.0,0.0
2011-08-24 00:00:00-04:00,13.361479615549563,13.854291994471135,13.111602170521106,13.715472221374512,71800,0.0,0.0
2011-08-25 00:00:00-04:00,13.993116428147127,14.222170366076162,13.021372489172323,13.118546485900879,82100,0.0,0.0
2011-08-26 00:00:00-04:00,13.000542853854594,13.729351460801205,12.861723112456998,13.590530395507812,89300,0.0,0.0
2011-08-29 00:00:00-04:00,13.84040760546551,14.242987100963505,13.562766802345473,14.215222358703613,65600,0.0,0.0
2011-08-30 00:00:00-04:00,14.090284667397666,14.270751533221258,13.687705143297617,13.965347290039062,67100,0.0,0.0
2011-08-31 00:00:00-04:00,14.111113482446882,14.26381566092479,13.541949252606244,13.93758773803711,92800,0.0,0.0
2011-09-01 00:00:00-04:00,13.82652539607636,14.201340153698995,13.243479040755998,13.25736141204834,98200,0.0,0.0
2011-09-02 00:00:00-04:00,12.757609734723577,13.16018933269254,12.237032599907014,12.639612197875977,183300,0.0,0.0
2011-09-06 00:00:00-04:00,12.223145844177424,12.59796051788048,12.223145844177424,12.570197105407715,106800,0.0,0.0
2011-09-07 00:00:00-04:00,12.889488075939564,13.097719698835505,12.764549366981191,13.049131393432617,51900,0.0,0.0
2011-09-08 00:00:00-04:00,12.854779033704915,13.097715181345219,12.507727772474624,12.570197105407715,90200,0.0,0.0
2011-09-09 00:00:00-04:00,12.493853677155151,12.76455341651334,12.181506805667723,12.556323051452637,120200,0.0,0.0
2011-09-12 00:00:00-04:00,12.375852550658456,13.000544789707236,12.375852550658456,12.70902156829834,84000,0.0,0.0
2011-09-13 00:00:00-04:00,12.82733986364509,13.224061496125525,12.604619040324202,12.924779891967773,62100,0.05,0.0
2011-09-14 00:00:00-04:00,13.043104224293819,13.565106801011924,12.674221925505393,13.293665885925293,110700,0.0,0.0
2011-09-15 00:00:00-04:00,13.523347481762787,13.523347481762787,13.11270533289912,13.224065780639648,57100,0.0,0.0
2011-09-16 00:00:00-04:00,13.321503267649902,13.641665488709515,12.952622353574624,13.41198444366455,131200,0.0,0.0
2011-09-19 00:00:00-04:00,13.140542455341246,13.453744488878929,13.091822434017832,13.349344253540039,64900,0.0,0.0
2011-09-20 00:00:00-04:00,13.418947901617335,13.544227415973895,12.883024890260328,12.889985084533691,67500,0.0,0.0
2011-09-21 00:00:00-04:00,12.855183499467506,13.043104753313067,12.590702767312507,12.743823051452637,98700,0.0,0.0
2011-09-22 00:00:00-04:00,12.270539786121457,13.196224287326165,12.249660533006317,13.070944786071777,174100,0.0,0.0
2011-09-23 00:00:00-04:00,13.050063643779424,13.55118560979295,12.862142408703932,13.175344467163086,115400,0.0,0.0
2011-09-26 00:00:00-04:00,13.439820515343518,13.683421884445128,12.89693890551094,13.251900672912598,90700,0.0,0.0
2011-09-27 00:00:00-04:00,13.65559204711395,13.65559204711395,12.883027579293028,13.06398868560791,103300,0.0,0.0
2011-09-28 00:00:00-04:00,13.091823475733605,13.356305508992696,12.945663400133414,13.175344467163086,58600,0.0,0.0
2011-09-29 00:00:00-04:00,13.411984901970508,13.516385139190993,12.841262366145557,13.481585502624512,77900,0.0,0.0
2011-09-30 00:00:00-04:00,13.224069706523904,13.411991015695492,12.883028068131937,13.244950294494629,58200,0.0,0.0
2011-10-03 00:00:00-04:00,13.119661406530266,13.544222482385113,12.472378177620076,12.486298561096191,103700,0.0,0.0
2011-10-04 00:00:00-04:00,12.291418452322173,12.681179937511734,11.706775560777345,12.625499725341797,204200,0.0,0.0
2011-10-05 00:00:00-04:00,12.667262392434344,12.667262392434344,11.992138245810757,12.32621955871582,70800,0.0,0.0
2011-10-06 00:00:00-04:00,12.270535874471188,12.674217678771184,12.145256413153882,12.653338432312012,71000,0.0,0.0
2011-10-07 00:00:00-04:00,12.743820342143035,13.022221402992722,12.340138472030747,12.625499725341797,105000,0.0,0.0
2011-10-10 00:00:00-04:00,12.903901643602778,13.237982904451288,12.820380664630187,13.210142135620117,47900,0.0,0.0
2011-10-11 00:00:00-04:00,13.119664911235676,13.523346847234256,13.06398468997798,13.467666625976562,51900,0.0,0.0
2011-10-12 00:00:00-04:00,13.551186884165636,13.968789225542714,13.509427048284303,13.794788360595703,59900,0.0,0.0
2011-10-13 00:00:00-04:00,13.613823252190587,13.899184479618649,13.47462339815201,13.711264610290527,59700,0.0,0.0
2011-10-14 00:00:00-04:00,13.885264626990752,14.170625838049881,13.64862342842648,14.14278507232666,65300,0.0,0.0
2011-10-17 00:00:00-04:00,13.920067029958961,13.975747244977955,13.38414413070049,13.481585502624512,95800,0.0,0.0
2011-10-18 00:00:00-04:00,13.599902256266805,14.142783866370284,13.307580878703138,13.885263442993164,47000,0.0,0.0
2011-10-19 00:00:00-04:00,13.780870183528455,14.128871969249087,13.432868397807821,13.446788787841797,68400,0.0,0.0
2011-10-20 00:00:00-04:00,13.49551174599526,13.558152187182673,13.175350671056703,13.356311798095703,60800,0.0,0.0
2011-10-21 00:00:00-04:00,13.634709911185487,13.648630301056569,12.709025225101637,13.370227813720703,162100,0.0,0.0
2011-10-24 00:00:00-04:00,13.384142231882125,13.753024433750015,13.384142231882125,13.711264610290527,36900,0.0,0.0
2011-10-25 00:00:00-04:00,13.551183581332994,13.551183581332994,13.070942266943849,13.119662284851074,41200,0.0,0.0
2011-10-26 00:00:00-04:00,13.328462323882883,13.432862548635002,12.876060464943112,13.33542251586914,85700,0.0,0.0
2011-10-27 00:00:00-04:00,13.92006972534556,14.30983130594927,13.613827819681992,14.066229820251465,93400,0.0,0.0
2011-10-28 00:00:00-04:00,13.537267163249822,14.163669980985546,13.398065947076914,13.982708930969238,61800,0.0,0.0
2011-10-31 00:00:00-04:00,13.690387220293088,14.198469394420615,13.683427026843528,14.04534912109375,44700,0.0,0.0
2011-11-01 00:00:00-04:00,13.488540598642627,13.85046255889005,13.05005919383874,13.168379783630371,94700,0.0,0.0
2011-11-02 00:00:00-04:00,13.46070697493102,13.641668033192701,13.237986080923179,13.54422664642334,65700,0.0,0.0
2011-11-03 00:00:00-04:00,13.759989066838727,14.247190704507219,13.585988197488277,14.184550285339355,91500,0.0,0.0
2011-11-04 00:00:00-04:00,14.003588498439301,14.094068353140306,13.746066665408447,13.927027702331543,40700,0.0,0.0
2011-11-07 00:00:00-05:00,13.836547521235564,14.003589511651528,13.537267163249822,13.982708930969238,36300,0.0,0.0
2011-11-08 00:00:00-05:00,14.087113697205245,14.198474174849428,13.68343163386468,14.135833740234375,69400,0.0,0.0
2011-11-09 00:00:00-05:00,13.836545026700946,13.940946583769085,13.25190347573246,13.286703109741211,61900,0.0,0.0
2011-11-10 00:00:00-05:00,13.975747492658787,13.975747492658787,12.917822061028101,13.08486270904541,85300,0.0,0.0
2011-11-11 00:00:00-05:00,13.293669319719168,13.349349555850619,12.681185394751655,13.029187202453613,74500,0.0,0.0
2011-11-14 00:00:00-05:00,12.910862652060766,13.32846496122222,12.910862652060766,13.112704277038574,141600,0.0,0.0
2011-11-15 00:00:00-05:00,13.050063056882337,13.210143511775039,12.681180796566881,12.70902156829834,80200,0.0,0.0
2011-11-16 00:00:00-05:00,12.59070039892613,12.778621617422582,12.354059159527859,12.388858795166016,92200,0.0,0.0
2011-11-17 00:00:00-05:00,12.444543434473545,12.792545224702375,12.242703086451991,12.7855863571167,96500,0.0,0.0
2011-11-18 00:00:00-05:00,12.827341665516059,12.834301858162645,12.395819014074755,12.493260383605957,63900,0.0,0.0
2011-11-21 00:00:00-05:00,12.31925923832881,12.347098680689813,11.825096193091492,11.880776405334473,70600,0.0,0.0
2011-11-22 00:00:00-05:00,11.92253741122007,12.103498450778622,11.69981654023142,11.818137168884277,48500,0.0,0.0
2011-11-23 00:00:00-05:00,11.713736432900157,11.797257419761655,11.156934278893676,11.177813529968262,57500,0.0,0.0
2011-11-25 00:00:00-05:00,11.143017308968725,11.36573823884469,10.920295715332031,10.920295715332031,18900,0.0,0.0
2011-11-28 00:00:00-05:00,11.170853966430403,11.477095832147103,11.06645372261277,11.323975563049316,38700,0.0,0.0
2011-11-29 00:00:00-05:00,11.275253856969584,11.491014505698786,11.219573646732341,11.351813316345215,32500,0.0,0.0
2011-11-30 00:00:00-05:00,11.762456674612334,11.832057277040315,11.484055592421482,11.82509708404541,98900,0.0,0.0
2011-12-01 00:00:00-05:00,11.720699381042404,11.720699381042404,11.30309700360794,11.581498146057129,79300,0.0,0.0
2011-12-02 00:00:00-05:00,11.727659225463867,11.908620294534348,11.623258966102021,11.727659225463867,35700,0.0,0.0
2011-12-05 00:00:00-05:00,11.936459428807513,12.089581044179074,11.776378946847508,12.019980430603027,63300,0.0,0.0
2011-12-06 00:00:00-05:00,12.047822466077609,12.18006352751091,11.950382382664424,12.02694320678711,35500,0.0,0.0
2011-12-07 00:00:00-05:00,11.957337015711204,12.242698265118154,11.776375996754437,12.138298034667969,72600,0.0,0.0
2011-12-08 00:00:00-05:00,12.033899295887695,12.131339346049986,11.797258036189742,11.839017868041992,45400,0.0,0.0
2011-12-09 00:00:00-05:00,11.866852727942128,12.326214683377268,11.82509291222637,12.180054664611816,97400,0.0,0.0
2011-12-12 00:00:00-05:00,11.992137232804483,12.068698025031699,11.776376569052623,11.985177040100098,52100,0.0,0.0
2011-12-13 00:00:00-05:00,12.159686111039647,12.341174122414799,11.824631935294878,11.908394813537598,38300,0.05,0.0
2011-12-14 00:00:00-05:00,11.796709764640884,12.208547676964958,11.796709764640884,12.194586753845215,41100,0.0,0.0
2011-12-15 00:00:00-05:00,12.369093517098312,12.40399582269225,12.075920807043348,12.243449211120605,47900,0.0,0.0
2011-12-16 00:00:00-05:00,12.306268945984838,12.390033136095319,12.117801848162864,12.21552562713623,77400,0.0,0.0
2011-12-19 00:00:00-05:00,12.278351800129197,12.383056067907667,12.075922395222092,12.152706146240234,55400,0.0,0.0
2011-12-20 00:00:00-05:00,12.355135483666185,12.39003646227272,12.18760705847124,12.34815502166748,97200,0.0,0.0
2011-12-21 00:00:00-05:00,12.292313696828653,12.557564618281145,12.208549477145858,12.5156831741333,40000,0.0,0.0
2011-12-22 00:00:00-05:00,12.592464528870407,12.892616374619424,12.592464528870407,12.70414924621582,26200,0.0,0.0
2011-12-23 00:00:00-05:00,12.773951072069288,12.773951072069288,12.299291693650389,12.41097640991211,34500,0.0,0.0
2011-12-27 00:00:00-05:00,12.417953738411695,12.641323114585514,12.208543949708863,12.57151985168457,20200,0.0,0.0
2011-12-28 00:00:00-05:00,12.54360015881339,12.54360015881339,12.194585116016713,12.229487419128418,32000,0.0,0.0
2011-12-29 00:00:00-05:00,12.306275100319354,12.759995915626833,12.278354577243974,12.585488319396973,50700,0.0,0.0
2011-12-30 00:00:00-05:00,12.564544591417778,12.81583590928999,12.45285985711614,12.578505516052246,65500,0.0,0.0
2012-01-03 00:00:00-05:00,12.822816878991611,13.178811151547468,12.822816878991611,12.87865924835205,35000,0.0,0.0
2012-01-04 00:00:00-05:00,12.759991730147055,12.843754603284948,12.655286141644392,12.746030807495117,32200,0.0,0.0
2012-01-05 00:00:00-05:00,12.683213233947754,12.711133759415384,12.41098178654814,12.683213233947754,43100,0.0,0.0
2012-01-06 00:00:00-05:00,12.718112373887319,12.718112373887319,12.571526640880231,12.613408088684082,21300,0.0,0.0
2012-01-09 00:00:00-05:00,12.676224080342735,12.676224080342735,12.278347212609807,12.57151985168457,38300,0.0,0.0
2012-01-10 00:00:00-05:00,12.718111006809181,12.906579498748737,12.59944580796432,12.66226863861084,66900,0.0,0.0
2012-01-11 00:00:00-05:00,12.655288554224812,13.067126531260918,12.655288554224812,12.920540809631348,52900,0.0,0.0
2012-01-12 00:00:00-05:00,12.948461531942733,13.28351708778396,12.773953956949505,13.129949569702148,48600,0.0,0.0
2012-01-13 00:00:00-05:00,12.969399626753805,13.339356071090993,12.878656296611295,13.318414688110352,62900,0.0,0.0
2012-01-17 00:00:00-05:00,13.430104229567778,13.437084693070911,13.03222712960011,13.136931419372559,33700,0.0,0.0
2012-01-18 00:00:00-05:00,13.129947297196894,13.402179972412092,13.039203959716433,13.360297203063965,45400,0.0,0.0
2012-01-19 00:00:00-05:00,13.437079903438715,13.437079903438715,13.122965814699711,13.248611450195312,21900,0.0,0.0
2012-01-20 00:00:00-05:00,13.17880733498812,13.65346800278451,13.102024931470506,13.611586570739746,18700,0.0,0.0
2012-01-23 00:00:00-05:00,13.597625994504684,13.70931070371479,13.297472839232489,13.506882667541504,11400,0.0,0.0
2012-01-24 00:00:00-05:00,13.437081339632543,13.939662603945473,13.360297591647964,13.869860649108887,40900,0.0,0.0
2012-01-25 00:00:00-05:00,13.793074337535563,13.807035258462875,13.416137460818362,13.758172035217285,31400,0.0,0.0
2012-01-26 00:00:00-05:00,13.820998191833498,13.904762406276443,13.723274384472578,13.820998191833496,19900,0.0,0.0
2012-01-27 00:00:00-05:00,13.81401313743321,14.037382504981245,13.751190336387019,13.988520622253418,33000,0.0,0.0
2012-01-30 00:00:00-05:00,13.834954774838087,13.86287661468642,13.220688943427367,13.458019256591797,40200,0.0,0.0
2012-01-31 00:00:00-05:00,13.611586607344847,13.611586607344847,13.381236733399096,13.541783332824707,21400,0.0,0.0
2012-02-01 00:00:00-05:00,13.5766886734312,13.953624309956902,13.5766886734312,13.820998191833496,43200,0.0,0.0
2012-02-02 00:00:00-05:00,13.841937065124512,13.946641315627641,13.66742953715704,13.841937065124512,26600,0.0,0.0
2012-02-03 00:00:00-05:00,14.002486980214684,15.147257539542206,14.002486980214684,14.930867195129395,105600,0.0,0.0
2012-02-06 00:00:00-05:00,14.916907545715793,15.098394245390214,14.798242345844308,15.000670433044434,36100,0.0,0.0
2012-02-07 00:00:00-05:00,15.007648739940565,15.007648739940565,14.833141196452884,14.916905403137207,28100,0.0,0.0
2012-02-08 00:00:00-05:00,14.923887367272282,14.923887367272282,14.519029842754714,14.861065864562988,23900,0.0,0.0
2012-02-09 00:00:00-05:00,14.930864438582278,15.000667719654533,14.58882982585376,14.616751670837402,23600,0.0,0.0
2012-02-10 00:00:00-05:00,14.414325191451196,14.56789270701112,14.163035192930884,14.23981761932373,26900,0.0,0.0
2012-02-13 00:00:00-05:00,14.435261390217663,14.574866598902082,14.372438580324353,14.539965629577637,13100,0.0,0.0
2012-02-14 00:00:00-05:00,14.435264317755438,14.463184832600074,13.883819837164602,14.044367790222168,19900,0.0,0.0
2012-02-15 00:00:00-05:00,14.163034092344578,14.170013223066677,13.814018975211045,13.834959030151367,23400,0.0,0.0
2012-02-16 00:00:00-05:00,13.779117293224871,14.407344266445541,13.779117293224871,14.358482360839844,27700,0.0,0.0
2012-02-17 00:00:00-05:00,14.407338061870137,14.581845553245062,14.372437096149751,14.42129898071289,12000,0.0,0.0
2012-02-21 00:00:00-05:00,14.512043558921354,14.61674778701531,14.100205774550169,14.170007705688477,12500,0.0,0.0
2012-02-22 00:00:00-05:00,14.211896484716435,14.211896484716435,13.862881355574181,14.079270362854004,28000,0.0,0.0
2012-02-23 00:00:00-05:00,14.044362214317834,14.421297669084105,13.820991527309015,14.40035629272461,25700,0.0,0.0
2012-02-24 00:00:00-05:00,14.351500005661364,14.393382774702877,14.044367687678323,14.107189178466797,11600,0.0,0.0
2012-02-27 00:00:00-05:00,13.96060197970293,14.183971398356297,13.807035837225431,14.05832576751709,13600,0.0,0.0
2012-02-28 00:00:00-05:00,14.079271407217977,14.079271407217977,13.723275789319597,13.883822441101074,16000,0.0,0.0
2012-02-29 00:00:00-05:00,13.960605795358683,14.218877588383151,13.827979667514382,13.932683944702148,52000,0.0,0.0
2012-03-01 00:00:00-05:00,13.995503860384954,14.156051805424795,13.883819143810099,14.002484321594238,30000,0.0,0.0
2012-03-02 00:00:00-05:00,14.037387028580161,14.037387028580161,13.80005666623319,13.827977180480957,40200,0.0,0.0
2012-03-05 00:00:00-05:00,13.765153717972435,13.925701660119138,13.688371308827646,13.918721199035645,21600,0.0,0.0
2012-03-06 00:00:00-05:00,13.779117671148631,14.316601310327162,13.611590562454111,13.765156745910645,28400,0.0,0.0
2012-03-07 00:00:00-05:00,13.793074744727345,14.044366003290634,13.709310548077337,13.960601806640625,27500,0.0,0.0
2012-03-08 00:00:00-05:00,14.016454728366819,14.519036293029785,13.95363186636048,14.519036293029785,24200,0.0,0.0
2012-03-09 00:00:00-05:00,14.519023811405145,15.147251891397298,14.24679253099961,15.098388671875,37700,0.0,0.0
2012-03-12 00:00:00-04:00,15.007650853070494,15.44043020766703,14.958788947035918,15.433449745178223,60200,0.0,0.0
2012-03-13 00:00:00-04:00,15.566675758051588,15.713927449273633,15.202050612021923,15.552651405334473,40400,0.1,0.0
2012-03-14 00:00:00-04:00,15.503562244439504,15.622766527190572,15.18100892863967,15.2230806350708,30100,0.0,0.0
2012-03-15 00:00:00-04:00,15.321259985368938,15.64381217956543,15.033767347085515,15.64381217956543,53800,0.0,0.0
2012-03-16 00:00:00-04:00,15.664836388810118,15.95232880086383,15.468499552861248,15.812088012695312,141700,0.0,0.0
2012-03-19 00:00:00-04:00,15.812100385127748,16.085570002293533,15.777040829370343,15.903257369995117,85300,0.0,0.0
2012-03-20 00:00:00-04:00,15.706918520516838,15.973375927491873,15.475522002583867,15.734967231750488,50200,0.0,0.0
2012-03-21 00:00:00-04:00,15.713927650255373,15.868191519809017,15.51057988299993,15.692891120910645,20300,0.0,0.0
2012-03-22 00:00:00-04:00,15.489546231567248,15.496558409318332,15.152969724132063,15.279186248779297,18700,0.0,0.0
2012-03-23 00:00:00-04:00,15.279179205849916,15.412406509401027,15.181010100021869,15.321250915527344,39000,0.0,0.0
2012-03-26 00:00:00-04:00,15.538625386159035,15.840142250061035,15.475517143136022,15.840142250061035,25700,0.0,0.0
2012-03-27 00:00:00-04:00,15.791057215978086,16.05050100747361,15.699900277122952,15.833128929138184,21000,0.0,0.0
2012-03-28 00:00:00-04:00,15.78405132018652,15.840147405861686,15.664846970947268,15.798075675964355,29800,0.0,0.0
2012-03-29 00:00:00-04:00,15.643807982937219,15.973373604830218,15.580699729274134,15.889228820800781,9100,0.0,0.0
2012-03-30 00:00:00-04:00,16.03648070440497,16.03648070440497,15.573686431702665,15.917276382446289,41400,0.0,0.0
2012-04-02 00:00:00-04:00,15.819106003838012,16.464211459288208,15.699901691284092,16.44317626953125,75100,0.0,0.0
2012-04-03 00:00:00-04:00,16.337993308725196,16.337993308725196,15.784044856701485,15.861177444458008,59300,0.0,0.0
2012-04-04 00:00:00-04:00,15.629782059299536,15.755997205710843,15.300216498713251,15.384361267089844,25800,0.0,0.0
2012-04-05 00:00:00-04:00,15.258144559179318,15.398384054499946,15.15296460332992,15.209060668945312,10700,0.0,0.0
2012-04-09 00:00:00-04:00,14.98467922140762,15.040775297560852,14.739258386698738,14.83742618560791,45800,0.0,0.0
2012-04-10 00:00:00-04:00,14.774315972263295,15.110892384520355,14.409690856933596,14.409690856933594,72800,0.0,0.0
2012-04-11 00:00:00-04:00,14.584992242365242,14.942605206532699,14.535908346046627,14.928582191467285,43800,0.0,0.0
2012-04-12 00:00:00-04:00,14.865476959473382,15.27918608016895,14.823403893431157,15.103885650634766,27900,0.0,0.0
2012-04-13 00:00:00-04:00,15.026754044106802,15.07583795368715,14.56396098601177,14.788345336914062,42900,0.0,0.0
2012-04-16 00:00:00-04:00,14.8654743395936,15.314242932130918,14.62005351401129,15.244122505187988,23900,0.0,0.0
2012-04-17 00:00:00-04:00,15.433448590843362,15.90325375330651,15.307232078922514,15.685881614685059,30300,0.0,0.0
2012-04-18 00:00:00-04:00,15.566679765444006,15.70691931640992,15.44046323336932,15.559667587280273,20100,0.0,0.0
2012-04-19 00:00:00-04:00,15.59472858251212,15.657836854384295,15.19504375227925,15.202055931091309,21500,0.0,0.0
2012-04-20 00:00:00-04:00,15.699903483861357,15.980385195379382,15.237110532266907,15.587711334228516,37300,0.0,0.0
2012-04-23 00:00:00-04:00,15.21607570680606,15.56667651721693,14.970654872031263,15.11790657043457,43400,0.0,0.0
2012-04-24 00:00:00-04:00,15.166990660435118,15.664844512939451,15.166990660435118,15.664844512939453,45500,0.0,0.0
2012-04-25 00:00:00-04:00,15.777038210865797,15.777038210865797,15.46850908914898,15.594725608825684,17600,0.0,0.0
2012-04-26 00:00:00-04:00,15.503569025783124,15.636796377328633,15.300219903788369,15.629785537719727,34300,0.0,0.0
2012-04-27 00:00:00-04:00,15.678870339147483,16.33098812994344,15.538629465074942,16.246843338012695,44000,0.0,0.0
2012-04-30 00:00:00-04:00,16.18373432810444,16.302938664308652,15.833133496613929,16.029470443725586,51000,0.0,0.0
2012-05-01 00:00:00-04:00,15.931299770407305,16.26787755274347,15.601735501955288,15.692891120910645,33100,0.0,0.0
2012-05-02 00:00:00-04:00,15.657835361686034,16.81481800665077,15.657835361686034,16.77975845336914,84000,0.0,0.0
2012-05-03 00:00:00-04:00,16.681584545231644,16.807799693437044,16.50628416793801,16.653535842895508,28000,0.0,0.0
2012-05-04 00:00:00-04:00,16.492260948319714,16.751704775550973,16.478236596189422,16.62548828125,33300,0.0,0.0
2012-05-07 00:00:00-04:00,16.534332241021932,17.859602722145176,16.534332241021932,17.740398406982422,63000,0.0,0.0
2012-05-08 00:00:00-04:00,17.593151991535933,18.04192068297071,17.445898928761274,17.908693313598633,62700,0.0,0.0
2012-05-09 00:00:00-04:00,17.66327456037618,17.950767205116744,17.537058016356156,17.712358474731445,42000,0.0,0.0
2012-05-10 00:00:00-04:00,17.922713470109215,18.231242564920716,17.705341337086466,17.929725646972656,55000,0.0,0.0
2012-05-11 00:00:00-04:00,17.494981561333546,18.560807044283628,17.060235953369016,18.21721839904785,94000,0.0,0.0
2012-05-14 00:00:00-04:00,18.133072264583802,18.36446871944211,17.873627106137434,17.99984359741211,39000,0.0,0.0
2012-05-15 00:00:00-04:00,18.04893266822439,18.210208747807105,17.831560502811328,17.92271614074707,38000,0.0,0.0
2012-05-16 00:00:00-04:00,17.964783872094714,18.27331158380114,17.64223047130154,18.048927307128906,77200,0.0,0.0
2012-05-17 00:00:00-04:00,18.02088510525675,18.357461616713138,17.64924770462605,17.894668579101562,97800,0.0,0.0
2012-05-18 00:00:00-04:00,17.824544713354225,18.01386946620986,17.55808869400755,17.761436462402344,45400,0.0,0.0
2012-05-21 00:00:00-04:00,17.887658522057333,17.98582634851201,17.537057613363388,17.81052589416504,30100,0.0,0.0
2012-05-22 00:00:00-04:00,17.838572195135015,18.020884803479937,17.081274388321727,17.284622192382812,54000,0.0,0.0
2012-05-23 00:00:00-04:00,17.109318549320903,17.452907168346464,16.737682562127898,17.24955940246582,57000,0.0,0.0
2012-05-24 00:00:00-04:00,17.26358702636858,17.26358702636858,16.786769640251674,17.060237884521484,51400,0.0,0.0
2012-05-25 00:00:00-04:00,17.004134786799558,17.228519031852162,16.85688312752213,17.13736343383789,29100,0.0,0.0
2012-05-29 00:00:00-04:00,17.32669143455242,17.67028140621462,14.059091983611602,17.2425479888916,27500,0.0,0.0
2012-05-30 00:00:00-04:00,17.060233897803407,17.452906396840834,16.90597003611195,17.25657081604004,29300,0.0,0.0
2012-05-31 00:00:00-04:00,17.319677856196545,17.319677856196545,16.72365630437584,16.912981033325195,71700,0.0,0.0
2012-06-01 00:00:00-04:00,16.562383865914693,16.590431236963525,16.050505635554195,16.10660171508789,43300,0.0,0.0
2012-06-04 00:00:00-04:00,16.26087169344711,16.338002989470557,15.994414234641978,16.27489471435547,66300,0.0,0.0
2012-06-05 00:00:00-04:00,16.23282284452825,16.345015035499753,15.952342367099499,16.099594116210938,58500,0.0,0.0
2012-06-06 00:00:00-04:00,16.204769543624128,17.018163299638676,16.12062476242721,17.004138946533203,70000,0.0,0.0
2012-06-07 00:00:00-04:00,17.151392176139545,17.375777833592153,17.01115264484722,17.10230827331543,50100,0.0,0.0
2012-06-08 00:00:00-04:00,17.004134675559843,17.52302357320837,17.004134675559843,17.410831451416016,23400,0.0,0.0
2012-06-11 00:00:00-04:00,17.698331095389232,17.845584150750437,17.27059762200207,17.480958938598633,80900,0.0,0.0
2012-06-12 00:00:00-04:00,17.60717410117589,17.936738399722906,17.417849332092356,17.85960578918457,49800,0.0,0.0
2012-06-13 00:00:00-04:00,17.845584887295015,17.950764881216347,17.635223562016165,17.7333927154541,56000,0.0,0.0
2012-06-14 00:00:00-04:00,17.684106819771745,17.951620574784236,17.550349270892973,17.895301818847656,33400,0.1,0.0
2012-06-15 00:00:00-04:00,17.94457813351209,17.979778190423513,17.796741922718734,17.923458099365234,62800,0.0,0.0
2012-06-18 00:00:00-04:00,17.74042980062182,17.846027325308004,17.465874625143286,17.810827255249023,47600,0.0,0.0
2012-06-19 00:00:00-04:00,17.838988182331303,18.45145466106367,17.705230595066872,18.402175903320312,38300,0.0,0.0
2012-06-20 00:00:00-04:00,18.500735200178543,19.078002963564835,18.500735200178543,18.57113265991211,61400,0.0,0.0
2012-06-21 00:00:00-04:00,18.634489090227998,18.704887883800165,18.078341440773013,18.169858932495117,52600,0.0,0.0
2012-06-22 00:00:00-04:00,18.3599381962466,18.747129608438115,18.219140586679398,18.33177947998047,104300,0.0,0.0
2012-06-25 00:00:00-04:00,17.97274393132924,18.733047948272628,17.895305124084214,18.662649154663086,42800,0.0,0.0
2012-06-26 00:00:00-04:00,18.690808818443468,18.880885168046852,18.261378706769065,18.28249740600586,62700,0.0,0.0
2012-06-27 00:00:00-04:00,18.303613662719727,18.430331202916232,17.888262322184556,18.303613662719727,28600,0.0,0.0
2012-06-28 00:00:00-04:00,18.11354445560649,18.219141999598364,17.59963542349926,18.106504440307617,35800,0.0,0.0
2012-06-29 00:00:00-04:00,18.514811054229863,18.514811054229863,18.141699740833836,18.465532302856445,54100,0.0,0.0
2012-07-02 00:00:00-04:00,18.599296648108446,18.648575417432934,18.02906877875315,18.352901458740234,56000,0.0,0.0
2012-07-03 00:00:00-04:00,18.395136875354982,19.000564714941703,18.32473941351556,18.56409454345703,33100,0.0,0.0
2012-07-05 00:00:00-04:00,18.59929495003838,19.408877918838908,18.59929495003838,19.24696159362793,47900,0.0,0.0
2012-07-06 00:00:00-04:00,19.035762750186006,19.521511630040667,18.923123869264597,19.261037826538086,44700,0.0,0.0
2012-07-09 00:00:00-04:00,19.282156955457143,19.39479449614345,18.84568682098405,19.162479400634766,72400,0.0,0.0
2012-07-10 00:00:00-04:00,19.2469568638647,19.2469568638647,18.789366719403912,18.90904426574707,31400,0.0,0.0
2012-07-11 00:00:00-04:00,18.86680510478909,19.239917789304297,18.641530028381936,18.761207580566406,45300,0.0,0.0
2012-07-12 00:00:00-04:00,18.6485686346612,18.91608377476014,18.39513352146121,18.472572326660156,53900,0.0,0.0
2012-07-13 00:00:00-04:00,18.599288510967835,19.324393729820738,18.599288510967835,19.141357421875,50300,0.0,0.0
2012-07-16 00:00:00-04:00,19.092081516643464,19.134320257767317,18.958323936548332,19.00760269165039,9600,0.0,0.0
2012-07-17 00:00:00-04:00,19.06392820723252,19.120246996243345,18.74009550610675,18.88793182373047,17000,0.0,0.0
2012-07-18 00:00:00-04:00,18.782328116099496,19.31031709383357,18.782328116099496,18.965364456176758,60300,0.0,0.0
2012-07-19 00:00:00-04:00,19.070961009696067,19.070961009696067,18.831605911254883,18.831605911254883,14700,0.0,0.0
2012-07-20 00:00:00-04:00,18.71192596449429,18.761204712080733,18.289534589439523,18.41625213623047,40000,0.0,0.0
2012-07-23 00:00:00-04:00,18.19801754724668,18.19801754724668,17.071640967443624,17.416593551635742,87500,0.0,0.0
2012-07-24 00:00:00-04:00,17.430675983174364,17.557393550516373,16.89564700036664,17.113882064819336,39800,0.0,0.0
2012-07-25 00:00:00-04:00,17.26172200136559,17.543315887451172,16.994206802525117,17.543315887451172,43200,0.0,0.0
2012-07-26 00:00:00-04:00,17.93050728593475,17.93050728593475,17.465877038907855,17.52219581604004,20400,0.0,0.0
2012-07-27 00:00:00-04:00,17.585550781407512,18.1135397056569,17.451794554040926,18.00090217590332,22900,0.0,0.0
2012-07-30 00:00:00-04:00,18.007946509711687,18.176902844877024,17.768591365874396,17.951627731323242,20300,0.0,0.0
2012-07-31 00:00:00-04:00,17.84602830596772,18.155782225781188,17.67003197423775,17.698190689086914,39800,0.0,0.0
2012-08-01 00:00:00-04:00,17.747470462124898,18.247300771051357,17.59963417953466,17.606674194335938,43500,0.0,0.0
2012-08-02 00:00:00-04:00,17.52923480270856,18.064263825450706,17.52923480270856,17.86714744567871,22600,0.0,0.0
2012-08-03 00:00:00-04:00,18.078348855010514,18.733055621071003,18.02907008212353,18.67673683166504,24200,0.0,0.0
2012-08-06 00:00:00-04:00,18.74712283577335,19.042796634851687,18.606326619816308,18.683765411376953,18800,0.0,0.0
2012-08-07 00:00:00-04:00,18.718966957385803,19.099118274915398,18.69080690429349,18.775285720825195,37100,0.0,0.0
2012-08-08 00:00:00-04:00,18.627443313598633,18.817519594613696,18.585204587621362,18.627443313598633,15800,0.0,0.0
2012-08-09 00:00:00-04:00,18.669687220974197,18.77528472900161,18.113538286487245,18.183937072753906,22100,0.0,0.0
2012-08-10 00:00:00-04:00,18.198020969427652,18.472574817247857,17.655951945440446,17.698190689086914,29100,0.0,0.0
2012-08-13 00:00:00-04:00,17.606669397221314,17.66298815754139,16.79708671409079,17.022361755371094,54200,0.0,0.0
2012-08-14 00:00:00-04:00,17.05051949193778,17.177237031118803,16.67740822962152,16.90268325805664,39000,0.0,0.0
2012-08-15 00:00:00-04:00,16.832283478972403,16.860443527231357,16.578848415621852,16.768924713134766,36600,0.0,0.0
2012-08-16 00:00:00-04:00,16.754847592950217,17.05052143719029,16.65629009245194,16.916765213012695,34300,0.0,0.0
2012-08-17 00:00:00-04:00,16.902682814168553,17.198356616911113,16.63516771786836,17.191316604614258,57400,0.0,0.0
2012-08-20 00:00:00-04:00,17.0927667449041,17.0927667449041,16.73373401403109,16.930849075317383,24700,0.0,0.0
2012-08-21 00:00:00-04:00,16.937883395425775,17.113879693964783,16.635169547099444,16.719648361206055,20500,0.0,0.0
2012-08-22 00:00:00-04:00,16.719641686016377,16.895637914290234,16.712601675756066,16.811159133911133,26900,0.0,0.0
2012-08-23 00:00:00-04:00,16.740766444381446,16.790045187375274,16.64220761564875,16.691486358642578,23900,0.0,0.0
2012-08-24 00:00:00-04:00,16.550697282247707,16.881569944198525,16.550697282247707,16.80413246154785,22000,0.0,0.0
2012-08-27 00:00:00-04:00,16.853399195473013,16.980116694669338,16.78300043561454,16.811159133911133,16600,0.0,0.0
2012-08-28 00:00:00-04:00,16.775962878963167,17.09979668457738,16.719644131388286,17.001237869262695,25500,0.0,0.0
2012-08-29 00:00:00-04:00,16.994202197734655,17.501072398091477,16.966043488128832,17.437713623046875,18100,0.0,0.0
2012-08-30 00:00:00-04:00,17.381394796846333,17.430673545533285,17.078680948917697,17.39547348022461,20300,0.0,0.0
2012-08-31 00:00:00-04:00,17.557387306825106,17.557387306825106,17.240593501127087,17.4306697845459,8100,0.0,0.0
2012-09-04 00:00:00-04:00,17.32507894511441,17.486995244495095,17.07868381754856,17.310998916625977,22200,0.0,0.0
2012-09-05 00:00:00-04:00,17.416596965816016,17.416596965816016,17.078684328457555,17.275800704956055,29500,0.0,0.0
2012-09-06 00:00:00-04:00,17.381394394044676,17.853064516288743,17.23355680866466,17.726346969604492,30400,0.0,0.0
2012-09-07 00:00:00-04:00,17.81786924002806,17.81786924002806,17.23356143987469,17.585554122924805,19900,0.0,0.0
2012-09-10 00:00:00-04:00,17.50812247966812,17.50812247966812,17.332126079498643,17.36028480529785,14600,0.0,0.0
2012-09-11 00:00:00-04:00,17.543310664583075,17.634828146785377,17.374354383232173,17.50107192993164,25600,0.0,0.0
2012-09-12 00:00:00-04:00,17.4869383974393,17.81914733501025,17.43746061398921,17.691919326782227,25700,0.1,0.0
2012-09-13 00:00:00-04:00,17.67071138228705,18.37753983757853,17.67071138228705,18.349266052246094,20500,0.0,0.0
2012-09-14 00:00:00-04:00,18.434086840565737,18.624930855135073,18.193765047738058,18.264448165893555,26400,0.0,0.0
2012-09-17 00:00:00-04:00,18.151355318657508,18.44115488339788,18.024125978397183,18.3634033203125,16400,0.0,0.0
2012-09-18 00:00:00-04:00,18.250309934650335,18.533041038376208,17.83328105109158,18.306856155395508,66300,0.0,0.0
2012-09-19 00:00:00-04:00,18.391678556009087,18.476497224089876,17.847420267845074,18.00292205810547,26200,0.0,0.0
2012-09-20 00:00:00-04:00,17.854485305225296,18.25030882640524,17.437456446990502,18.01705551147461,11100,0.0,0.0
2012-09-21 00:00:00-04:00,18.144287703586844,18.47649661424702,17.925171245413896,18.073604583740234,47000,0.0,0.0
2012-09-24 00:00:00-04:00,18.052395070100783,18.46235542202091,17.889823539726276,18.398740768432617,13900,0.0,0.0
2012-09-25 00:00:00-04:00,18.462359079139826,18.681475513698786,18.22910575250139,18.278583526611328,22200,0.0,0.0
2012-09-26 00:00:00-04:00,18.356339613371528,18.483568986481988,18.193769346916458,18.419954299926758,22700,0.0,0.0
2012-09-27 00:00:00-04:00,18.483563453404894,18.483563453404894,18.024125236615028,18.31392478942871,12200,0.0,0.0
2012-09-28 00:00:00-04:00,18.15842475411426,18.455292781500837,18.15842475411426,18.19376564025879,8400,0.0,0.0
2012-10-01 00:00:00-04:00,18.22203313357372,18.46235485121766,18.0948038303307,18.377534866333008,13700,0.0,0.0
2012-10-02 00:00:00-04:00,18.455291016826326,18.455291016826326,18.101876796500544,18.31392478942871,8600,0.0,0.0
2012-10-03 00:00:00-04:00,18.377541592009692,18.377541592009692,18.172560673285666,18.207902908325195,7200,0.0,0.0
2012-10-04 00:00:00-04:00,18.22910421003328,18.518903732299805,18.13014732201848,18.518903732299805,18100,0.0,0.0
2012-10-05 00:00:00-04:00,18.54718166834471,18.65320568508748,18.441157651601937,18.646137237548828,8400,0.0,0.0
2012-10-08 00:00:00-04:00,18.617863046854374,18.79457017421771,18.455292813240522,18.76629638671875,22600,0.0,0.0
2012-10-09 00:00:00-04:00,18.808707255477994,18.865253482871257,18.497702330730856,18.773365020751953,45200,0.0,0.0
2012-10-10 00:00:00-04:00,18.72388210809454,18.75215588812554,18.540106582397147,18.70267677307129,9500,0.0,0.0
2012-10-11 00:00:00-04:00,18.794571855879497,18.886458977136027,18.554250033308872,18.851118087768555,6200,0.0,0.0
2012-10-12 00:00:00-04:00,18.72388510736276,18.99248066800985,18.518905561975693,18.971275329589844,92700,0.0,0.0
2012-10-15 00:00:00-04:00,18.730955623560043,19.049028994170875,18.681477843280224,18.999549865722656,49900,0.0,0.0
2012-10-16 00:00:00-04:00,19.11970976482276,19.14798355102539,18.96420798521327,19.14798355102539,17700,0.0,0.0
2012-10-17 00:00:00-04:00,19.23280386818717,19.437784791288887,19.091438969515224,19.345897674560547,13900,0.0,0.0
2012-10-18 00:00:00-04:00,19.374170266739558,19.678106756108498,19.282283149291683,19.487262725830078,36800,0.0,0.0
2012-10-19 00:00:00-04:00,19.352970381307966,19.360038830515,19.091444501491946,19.22574234008789,35200,0.0,0.0
2012-10-22 00:00:00-04:00,19.112645458535898,19.37417127827393,19.084371668202852,19.317625045776367,14400,0.0,0.0
2012-10-23 00:00:00-04:00,19.14798612215922,19.451922623807544,19.05609765283049,19.40244483947754,28200,0.0,0.0
2012-10-24 00:00:00-04:00,19.515536478240172,19.748789843199805,19.458990248800518,19.60035514831543,27600,0.0,0.0
2012-10-25 00:00:00-04:00,19.79119738876762,19.861880506218313,19.57914938458387,19.833606719970703,70900,0.0,0.0
2012-10-26 00:00:00-04:00,19.833611779328244,20.095138976158303,19.741724646920677,19.996183395385742,34200,0.0,0.0
2012-10-31 00:00:00-04:00,19.939632227200722,19.946700674296185,19.31762371265279,19.911359786987305,18400,0.0,0.0
2012-11-01 00:00:00-04:00,19.953769909669315,19.960838357044018,19.685175650273038,19.847745895385742,16300,0.0,0.0
2012-11-02 00:00:00-04:00,19.911359410811123,19.925496304734963,19.741720728230227,19.876018524169922,18300,0.0,0.0
2012-11-05 00:00:00-05:00,19.77705877622008,19.932561890725783,19.515533017008476,19.819469451904297,12800,0.0,0.0
2012-11-06 00:00:00-05:00,19.95376510980944,20.01737977271083,19.663965578000063,19.904287338256836,19200,0.0,0.0
2012-11-07 00:00:00-05:00,19.656899899571584,19.656899899571584,19.22573543808062,19.409509658813477,34800,0.0,0.0
2012-11-08 00:00:00-05:00,19.317623630877844,19.911359702698967,19.317623630877844,19.565013885498047,34100,0.0,0.0
2012-11-09 00:00:00-05:00,19.550874439834608,19.974971771240234,19.550874439834608,19.974971771240234,73300,0.0,0.0
2012-11-12 00:00:00-05:00,19.974978918701616,21.07763129637351,19.826544192920913,20.512168884277344,105400,0.0,0.0
2012-11-13 00:00:00-05:00,20.632329409055313,21.38863587590323,20.632329409055313,21.303815841674805,104300,0.0,0.0
2012-11-14 00:00:00-05:00,20.363724478881217,21.275533701660184,20.32838360048728,20.957460403442383,59800,0.0,0.0
2012-11-15 00:00:00-05:00,21.26847221231487,21.537066481191015,20.865580134916385,21.45931625366211,104300,0.0,0.0
2012-11-16 00:00:00-05:00,21.339157750510115,22.159078893160316,20.978674969973937,21.961166381835938,54500,0.0,0.0
2012-11-19 00:00:00-05:00,21.968230404155314,22.922449178242367,21.968230404155314,22.696264266967773,151600,0.0,0.0
2012-11-20 00:00:00-05:00,22.781081691375952,23.198110604343057,22.554896792444985,23.063814163208008,134700,0.0,0.0
2012-11-21 00:00:00-05:00,23.09914969999923,23.75650025292741,22.950716400005398,23.66461181640625,49800,0.0,0.0
2012-11-23 00:00:00-05:00,23.784775184867804,24.018027139536432,23.572724521650265,23.749431610107422,38600,0.0,0.0
2012-11-26 00:00:00-05:00,23.784785161042826,24.47040711832194,23.784785161042826,24.413862228393555,56200,0.0,0.0
2012-11-27 00:00:00-05:00,24.512815143844698,24.682452491530135,24.329038204792276,24.38558578491211,60100,0.0,0.0
2012-11-28 00:00:00-05:00,24.237158114250345,24.45627329774589,23.96149533737681,24.406795501708984,56300,0.0,0.0
2012-11-29 00:00:00-05:00,24.512814727441178,24.512814727441178,24.201811131076266,24.4421329498291,66900,0.0,0.0
2012-11-30 00:00:00-05:00,24.413847668474038,24.413847668474038,23.770634088156314,23.80597496032715,92500,0.0,0.0
2012-12-03 00:00:00-05:00,23.96855548556648,24.152329718060273,23.77064435882903,23.8554630279541,36900,0.0,0.0
2012-12-04 00:00:00-05:00,23.84132275413133,23.91907431328149,23.473771644908346,23.530319213867188,34600,0.0,0.0
2012-12-05 00:00:00-05:00,23.544459174678195,23.671688525081013,23.261726685708187,23.50204849243164,31700,0.0,0.0
2012-12-06 00:00:00-05:00,23.396025539576197,23.424299330646484,23.099158822349537,23.219318389892578,47100,0.0,0.0
2012-12-07 00:00:00-05:00,23.31827931911442,23.353620213815905,23.099161457825335,23.247594833374023,21700,0.0,0.0
2012-12-10 00:00:00-05:00,23.233455564326462,23.537392081137764,22.816426578213544,23.459640502929688,32000,0.0,0.0
2012-12-11 00:00:00-05:00,23.5232513575711,23.622206915065156,23.247588677027178,23.438432693481445,49800,0.0,0.0
2012-12-12 00:00:00-05:00,23.438431709713324,23.438431709713324,22.61144235462395,22.717466354370117,37500,0.0,0.0
2012-12-13 00:00:00-05:00,22.674918251893597,22.788363640021057,22.206955687773892,22.370033264160156,35600,0.1,0.0
2012-12-14 00:00:00-05:00,22.25659296342781,22.320406177882845,21.61137166382779,21.89498519897461,45500,0.0,0.0
2012-12-17 00:00:00-05:00,21.909165856968116,22.781279322856562,21.838262136242292,22.689104080200195,62700,0.0,0.0
2012-12-18 00:00:00-05:00,22.66783528441881,22.979810881706612,22.334589515018394,22.738739013671875,27200,0.0,0.0
2012-12-19 00:00:00-05:00,22.724560453885058,22.802554699732273,22.45512787644896,22.540212631225586,35400,0.0,0.0
2012-12-20 00:00:00-05:00,22.476399094953365,22.838005578759446,22.320410605398457,22.76710319519043,32100,0.0,0.0
2012-12-21 00:00:00-05:00,22.59693175021956,22.59693175021956,22.0580653288214,22.242414474487305,62000,0.0,0.0
2012-12-24 00:00:00-05:00,22.043888273259498,22.561483264240824,21.902080796541394,22.54730224609375,21400,0.0,0.0
2012-12-26 00:00:00-05:00,22.547300729338865,22.689108196517594,22.263687147357643,22.462217330932617,51500,0.0,0.0
2012-12-27 00:00:00-05:00,22.41967447498154,22.781282280491457,22.29913853981157,22.568571090698242,65200,0.0,0.0
2012-12-28 00:00:00-05:00,22.398403837194575,22.79546419958043,22.33459061296743,22.561481475830078,32500,0.0,0.0
2012-12-31 00:00:00-05:00,22.398407197423513,23.149984983878678,22.242420043898164,23.043628692626953,42900,0.0,0.0
2013-01-02 00:00:00-05:00,23.539939905779182,23.75264966029425,23.45485654492341,23.667566299438477,77400,0.0,0.0
2013-01-03 00:00:00-05:00,23.74557169914721,23.74557169914721,23.284698093182694,23.369781494140625,17700,0.0,0.0
2013-01-04 00:00:00-05:00,23.426507152007638,23.64630617810538,23.093259977275277,23.5966739654541,30000,0.0,0.0
2013-01-07 00:00:00-05:00,23.6675821319258,23.752665549698335,23.518682769882513,23.688852310180664,16700,0.0,0.0
2013-01-08 00:00:00-05:00,23.603766825809462,23.802295684814453,23.56831563023755,23.802295684814453,112400,0.0,0.0
2013-01-09 00:00:00-05:00,23.880286292836743,24.09299613855303,23.851924258807255,24.085906982421875,15700,0.0,0.0
2013-01-10 00:00:00-05:00,24.10717558503821,24.213531853343692,23.958278973212337,24.078813552856445,27600,0.0,0.0
2013-01-11 00:00:00-05:00,24.128447328713673,24.19935241378739,24.03627477524649,24.085906982421875,13800,0.0,0.0
2013-01-14 00:00:00-05:00,24.0362713162845,24.057541486369495,23.837739811400382,23.95118522644043,26300,0.0,0.0
2013-01-15 00:00:00-05:00,23.752665999433212,24.128453581067422,23.752665999433212,23.965375900268555,24900,0.0,0.0
2013-01-16 00:00:00-05:00,23.972465684078607,24.071730115543268,23.724301900664056,23.859020233154297,31900,0.0,0.0
2013-01-17 00:00:00-05:00,23.951183565280772,24.05044795846222,23.887370354699577,23.97954559326172,18300,0.0,0.0
2013-01-18 00:00:00-05:00,23.91573844704092,24.03627574414888,23.894468273037617,24.0220947265625,17100,0.0,0.0
2013-01-22 00:00:00-05:00,24.092988967895508,24.107169980689637,23.95118154470583,24.092988967895508,16900,0.0,0.0
2013-01-23 00:00:00-05:00,24.107178312161743,24.12844848632812,23.915738630406622,24.128448486328125,48600,0.0,0.0
2013-01-24 00:00:00-05:00,24.142628266050206,24.47587540291578,24.04336385202704,24.29152488708496,60900,0.0,0.0
2013-01-25 00:00:00-05:00,24.48296191306093,24.49005377315467,24.248981920258018,24.383697509765625,16700,0.0,0.0
2013-01-28 00:00:00-05:00,24.46169783811311,24.490059876051596,24.37661442905046,24.426246643066406,16100,0.0,0.0
2013-01-29 00:00:00-05:00,24.390792575236762,24.490056991577152,24.21353391612822,24.49005699157715,21700,0.0,0.0
2013-01-30 00:00:00-05:00,24.49005415619638,24.49005415619638,24.248982299529192,24.298614501953125,24200,0.0,0.0
2013-01-31 00:00:00-05:00,24.156811079303733,24.39079381954495,24.156811079303733,24.326980590820312,27400,0.0,0.0
2013-02-01 00:00:00-05:00,24.348248750780808,24.802030470939993,24.334067733931782,24.66022300720215,33700,0.0,0.0
2013-02-04 00:00:00-05:00,24.624775508728703,24.816215207758894,24.468787004759033,24.646045684814453,45900,0.0,0.0
2013-02-05 00:00:00-05:00,24.716938636612465,25.17072020185755,24.716938636612465,24.99346160888672,22100,0.0,0.0
2013-02-06 00:00:00-05:00,24.85166735234574,24.979293823242188,24.773673097380918,24.979293823242188,13800,0.0,0.0
2013-02-07 00:00:00-05:00,24.95802222906881,24.95802222906881,24.475878411895394,24.63895606994629,21100,0.0,0.0
2013-02-08 00:00:00-05:00,24.67440492948875,24.993471058419072,24.61768356476364,24.85166358947754,13900,0.0,0.0
2013-02-11 00:00:00-05:00,24.830390597432743,25.525244141149322,24.830390597432743,25.440160751342773,20700,0.0,0.0
2013-02-12 00:00:00-05:00,25.404717581359712,25.986125887226862,25.114010723673086,25.57488441467285,44600,0.0,0.0
2013-02-13 00:00:00-05:00,25.52524028644626,26.06410528018045,25.347981673345938,26.028654098510742,32500,0.0,0.0
2013-02-14 00:00:00-05:00,25.929390319499714,26.283907554061923,25.929390319499714,26.22718620300293,25500,0.0,0.0
2013-02-15 00:00:00-05:00,26.390268422878727,26.482440972567655,26.028659265706608,26.354814529418945,44500,0.0,0.0
2013-02-19 00:00:00-05:00,26.361909745356137,26.758970141773567,26.361909745356137,26.744789123535156,51700,0.0,0.0
2013-02-20 00:00:00-05:00,26.695156979117222,26.879504807174154,25.404714068460695,25.475616455078125,37300,0.0,0.0
2013-02-21 00:00:00-05:00,25.475615992763867,25.475615992763867,24.894207777843366,25.07146644592285,23200,0.0,0.0
2013-02-22 00:00:00-05:00,25.248722041291014,25.31253526222381,23.773928804067374,24.24898338317871,37400,0.0,0.0
2013-02-25 00:00:00-05:00,24.24898591222364,24.440425594988213,23.68175872519116,23.795204162597656,26500,0.0,0.0
2013-02-26 00:00:00-05:00,23.866107984471487,24.149722947449963,23.476139438940635,23.738481521606445,37400,0.0,0.0
2013-02-27 00:00:00-05:00,23.788109842841493,24.45460408538116,23.60376204039045,24.121356964111328,19200,0.0,0.0
2013-02-28 00:00:00-05:00,24.07172383467874,24.07172383467874,23.76683875772999,23.929916381835938,16800,0.0,0.0
2013-03-01 00:00:00-05:00,23.809380716598003,24.33406475195336,23.80228885666635,24.107173919677734,50700,0.0,0.0
2013-03-04 00:00:00-05:00,24.02209368335607,24.87293576832162,23.951188598503357,24.816211700439453,63700,0.0,0.0
2013-03-05 00:00:00-05:00,25.014739260162226,25.326716208190668,24.22771043909381,24.63186264038086,75400,0.0,0.0
2013-03-06 00:00:00-05:00,24.631862311241097,24.965106722065425,24.404968759001203,24.936744689941406,11500,0.0,0.0
2013-03-07 00:00:00-05:00,24.86583888784224,24.95801412716732,24.390787086612765,24.596405029296875,16700,0.0,0.0
2013-03-08 00:00:00-05:00,24.872923865351485,24.915464191152957,24.34823730754056,24.440412521362305,16800,0.0,0.0
2013-03-11 00:00:00-04:00,24.341163739402834,24.582232952626896,24.092999959417632,24.305709838867188,23500,0.0,0.0
2013-03-12 00:00:00-04:00,24.284432588847906,24.312794619114065,23.334326212948152,23.724294662475586,76500,0.0,0.0
2013-03-13 00:00:00-04:00,23.809686227688644,24.065857829863756,22.934435063248596,23.133678436279297,41800,0.12,0.0
2013-03-14 00:00:00-04:00,23.126562151857144,23.667366718572364,22.863275896646257,23.610441207885742,36200,0.0,0.0
2013-03-15 00:00:00-04:00,23.482361014562706,23.589100104969486,23.30446434020996,23.30446434020996,65300,0.0,0.0
2013-03-18 00:00:00-04:00,23.17637343730953,23.667367173682806,22.73519054167758,23.45389175415039,88900,0.0,0.0
2013-03-19 00:00:00-04:00,23.261762581392453,23.532166221603987,22.955780157742154,23.126562118530273,52600,0.0,0.0
2013-03-20 00:00:00-04:00,23.31156935265957,23.418308398834444,22.777879550758616,22.92731475830078,28600,0.0,0.0
2013-03-21 00:00:00-04:00,22.82057920962206,22.89173677498649,22.279773297942306,22.799232482910156,31100,0.0,0.0
2013-03-22 00:00:00-04:00,22.699612401831555,23.197722210409957,22.699612401831555,23.0340576171875,38800,0.0,0.0
2013-03-25 00:00:00-04:00,23.026938693226416,23.354267819224756,23.026938693226416,23.190603256225586,14800,0.0,0.0
2013-03-26 00:00:00-04:00,23.375615689539696,23.375615689539696,22.74942016002079,22.977128982543945,26000,0.0,0.0
2013-03-27 00:00:00-04:00,22.9130828379857,23.14790494065693,22.664027324199115,22.763648986816406,22500,0.0,0.0
2013-03-28 00:00:00-04:00,22.69961801724261,22.69961801724261,21.703396796397758,21.909757614135742,132000,0.0,0.0
2013-04-01 00:00:00-04:00,21.803011658686383,22.08764736710538,21.489914551015325,21.639347076416016,97700,0.0,0.0
2013-04-02 00:00:00-04:00,21.689157918216246,22.094762038296572,21.383175481736377,21.639347076416016,36400,0.0,0.0
2013-04-03 00:00:00-04:00,21.48991584777832,21.838593118663763,21.397408829786915,21.48991584777832,40600,0.0,0.0
2013-04-04 00:00:00-04:00,21.4329898645838,21.539727587494585,21.404525747944238,21.525495529174805,16200,0.0,0.0
2013-04-05 00:00:00-04:00,21.22662749451801,21.361829323901706,21.205279408643634,21.29067039489746,17700,0.0,0.0
2013-04-08 00:00:00-04:00,21.36894243090687,21.660692778416056,21.20527650940085,21.553955078125,21300,0.0,0.0
2013-04-09 00:00:00-04:00,21.60377102397653,22.130344979564036,21.58953896530675,22.02360725402832,39500,0.0,0.0
2013-04-10 00:00:00-04:00,22.13034052936034,23.00559296013332,21.95244390349288,22.806346893310547,64900,0.0,0.0
2013-04-11 00:00:00-04:00,22.7209564227971,22.941549207834147,22.450552801539917,22.905967712402344,32900,0.0,0.0
2013-04-12 00:00:00-04:00,22.713845497024703,22.941554360846187,22.713845497024703,22.891740798950195,18900,0.0,0.0
2013-04-15 00:00:00-04:00,22.770765786474573,23.16213778053224,22.173033076000145,22.301118850708008,124000,0.0,0.0
2013-04-16 00:00:00-04:00,22.55730112513216,22.941558631953363,22.45767805452441,22.841934204101562,28300,0.0,0.0
2013-04-17 00:00:00-04:00,22.77076936221808,22.813465531987642,21.55395702590149,21.81012725830078,30800,0.0,0.0
2013-04-18 00:00:00-04:00,21.89551882139203,22.386512571573444,21.646463253437652,21.824359893798828,40400,0.0,0.0
2013-04-19 00:00:00-04:00,21.916858838640113,22.03071254502968,21.703383478470485,21.98090171813965,21400,0.0,0.0
2013-04-22 00:00:00-04:00,22.13745983137608,22.500369164688905,21.859940131052305,22.358051300048828,18300,0.0,0.0
2013-04-23 00:00:00-04:00,22.57152557207842,22.82769852952428,22.180153500430578,22.329586029052734,45300,0.0,0.0
2013-04-24 00:00:00-04:00,22.386518893498124,22.486141963159497,22.258434416351854,22.457677841186523,10000,0.0,0.0
2013-04-25 00:00:00-04:00,22.578643680366465,22.607107797341257,22.073417819258097,22.272661209106445,28700,0.0,0.0
2013-04-26 00:00:00-04:00,22.251315935655768,22.422096576955997,21.88840656392632,22.187273025512695,20500,0.0,0.0
2013-04-29 00:00:00-04:00,22.3438220167041,22.557298840172926,22.29401116506788,22.514602661132812,17300,0.0,0.0
2013-04-30 00:00:00-04:00,22.450553737524718,22.635566392086805,22.272657110896965,22.614219665527344,14700,0.0,0.0
2013-05-01 00:00:00-04:00,22.336700870133136,22.479018719844536,21.995139659518095,22.286890029907227,66500,0.0,0.0
2013-05-02 00:00:00-04:00,22.32247472183114,22.422096422592794,22.1659247837841,22.244199752807617,28400,0.0,0.0
2013-05-03 00:00:00-04:00,22.54306235308401,22.71384296397178,22.379397770638686,22.486135482788086,15600,0.0,0.0
2013-05-06 00:00:00-04:00,22.422096962076555,22.63557242805751,22.194389436431827,22.5003719329834,19800,0.0,0.0
2013-05-07 00:00:00-04:00,22.592868700623512,22.77076530456543,22.379393318790562,22.77076530456543,18900,0.0,0.0
2013-05-08 00:00:00-04:00,22.65691610026431,22.72807502746582,22.429208619014403,22.72807502746582,9000,0.0,0.0
2013-05-09 00:00:00-04:00,22.735195488460015,22.735195488460015,22.471907813655854,22.5003719329834,23700,0.0,0.0
2013-05-10 00:00:00-04:00,22.621338793993115,22.72096048424109,22.272660163637724,22.41497802734375,25500,0.0,0.0
2013-05-13 00:00:00-04:00,22.535944260559415,22.585755097850683,22.22284582398691,22.422090530395508,7000,0.0,0.0
2013-05-14 00:00:00-04:00,22.350934978451587,22.621338646278588,22.21573314453809,22.471904754638672,34800,0.0,0.0
2013-05-15 00:00:00-04:00,22.301126530653924,22.350937380806492,21.710509643963405,21.938217163085938,29500,0.0,0.0
2013-05-16 00:00:00-04:00,21.952444226747218,22.066297960399428,21.76743157025149,22.01648712158203,19700,0.0,0.0
2013-05-17 00:00:00-04:00,22.037833173159676,22.52882823276873,21.895516689076555,22.422090530395508,33900,0.0,0.0
2013-05-20 00:00:00-04:00,22.2584326761178,22.493256235059444,21.995144997428593,22.265548706054688,26600,0.0,0.0
2013-05-21 00:00:00-04:00,22.1588045071632,22.2228474045909,21.916864974046025,21.93109703063965,20000,0.0,0.0
2013-05-22 00:00:00-04:00,21.91687050332772,22.05918839068131,21.205283781047676,21.304906845092773,32500,0.0,0.0
2013-05-23 00:00:00-04:00,21.176814453233234,21.340479022884022,21.055844693655796,21.162582397460938,19700,0.0,0.0
2013-05-24 00:00:00-04:00,21.1198870105606,21.397405304323094,21.098538927485215,21.37605857849121,15900,0.0,0.0
2013-05-28 00:00:00-04:00,21.760312717009434,21.938209322399388,21.454330338579773,21.632226943969727,19100,0.0,0.0
2013-05-29 00:00:00-04:00,21.41163721923553,21.67492345588714,21.05584398044098,21.205276489257812,15700,0.0,0.0
2013-05-30 00:00:00-04:00,21.212397749758594,21.817246676367333,21.20528172035804,21.738971710205078,13000,0.0,0.0
2013-05-31 00:00:00-04:00,21.56819583267622,21.63935478513034,21.2266344895894,21.397415161132812,23500,0.0,0.0
2013-06-03 00:00:00-04:00,21.660697961415185,21.696276750944374,21.233745700845784,21.418758392333984,41900,0.0,0.0
2013-06-04 00:00:00-04:00,21.511266819260605,21.518382849528166,21.027387619018555,21.027387619018555,14400,0.0,0.0
2013-06-05 00:00:00-04:00,20.927761814234255,20.927761814234255,20.522157669067383,20.522157669067383,43100,0.0,0.0
2013-06-06 00:00:00-04:00,20.6217741922383,21.240854976818067,20.5648473327448,21.19816017150879,25800,0.0,0.0
2013-06-07 00:00:00-04:00,21.24797792210924,21.475685434223273,21.03450111156946,21.240861892700195,13700,0.0,0.0
2013-06-10 00:00:00-04:00,21.247977494587925,21.34048316055655,21.13412374082171,21.169702529907227,7500,0.0,0.0
2013-06-11 00:00:00-04:00,21.034499686371692,21.347598172936337,20.877951121711238,21.08431053161621,10100,0.0,0.0
2013-06-12 00:00:00-04:00,21.162583697211268,21.276437435895158,20.906412106550707,21.13412094116211,11000,0.0,0.0
2013-06-13 00:00:00-04:00,21.198423915111714,21.198423915111714,20.719726725899896,21.0698184967041,22600,0.12,0.0
2013-06-14 00:00:00-04:00,21.041236912628108,21.041236912628108,20.59111802006417,20.626842498779297,15200,0.0,0.0
2013-06-17 00:00:00-04:00,20.769742301170947,20.926927327243046,20.469663407374103,20.548255920410156,23500,0.0,0.0
2013-06-18 00:00:00-04:00,20.53396513273157,20.791175990059056,20.22674135597926,20.698293685913086,31200,0.0,0.0
2013-06-19 00:00:00-04:00,20.698295457838306,20.698295457838306,20.20530975609058,20.3410587310791,37900,0.0,0.0
2013-06-20 00:00:00-04:00,20.262461099842856,20.28389442443608,19.197896157977635,19.262197494506836,35000,0.0,0.0
2013-06-21 00:00:00-04:00,19.347938537597656,19.44081947480363,19.24791270326049,19.347938537597656,44900,0.0,0.0
2013-06-24 00:00:00-04:00,19.24791270326049,19.45510926906602,18.84780664041224,19.347938537597656,46900,0.0,0.0
2013-06-25 00:00:00-04:00,19.569425975215008,19.569425975215008,19.190755945659465,19.533702850341797,27100,0.0,0.0
2013-06-26 00:00:00-04:00,19.73374882863519,19.948090226645782,19.376512256784622,19.848064422607422,27400,0.0,0.0
2013-06-27 00:00:00-04:00,20.155286716661223,20.71257625897766,20.069550702612155,20.669708251953125,26800,0.0,0.0
2013-06-28 00:00:00-04:00,20.662565101671618,20.76973580965679,20.469657009648614,20.63398551940918,41800,0.0,0.0
2013-07-01 00:00:00-04:00,20.855478919169556,20.855478919169556,20.64828097913308,20.748308181762695,33500,0.0,0.0
2013-07-02 00:00:00-04:00,20.11956713317584,21.377040249343032,19.862356320420165,21.055526733398438,51000,0.0,0.0
2013-07-03 00:00:00-04:00,20.905492598683495,21.319887131063073,20.905492598683495,21.312742233276367,12200,0.0,0.0
2013-07-05 00:00:00-04:00,21.498510417824253,21.562813149901512,21.076970890984544,21.512800216674805,12100,0.0,0.0
2013-07-08 00:00:00-04:00,21.51279018833905,21.51279018833905,20.72686933367405,21.21985626220703,23500,0.0,0.0
2013-07-09 00:00:00-04:00,21.391334746180224,21.484215691907583,21.176991900828774,21.312742233276367,21800,0.0,0.0
2013-07-10 00:00:00-04:00,21.2484346561782,22.17725071477015,21.148408835541225,21.991487503051758,36100,0.0,0.0
2013-07-11 00:00:00-04:00,22.284423859172584,22.298712290284698,21.727134163307582,22.291568756103516,36500,0.0,0.0
2013-07-12 00:00:00-04:00,22.08437054064137,22.45589699962702,22.08437054064137,22.348726272583008,13600,0.0,0.0
2013-07-15 00:00:00-04:00,22.434460302819268,23.47044572193018,22.434460302819268,23.18465805053711,30800,0.0,0.0
2013-07-16 00:00:00-04:00,23.113211456806734,23.434725004878903,22.62022583342907,23.041765213012695,43700,0.0,0.0
2013-07-17 00:00:00-04:00,23.184661351399555,23.220384474722284,22.97031988596358,23.191804885864258,8600,0.0,0.0
2013-07-18 00:00:00-04:00,23.19894956529077,23.820540590356167,23.020331235346738,23.577619552612305,56000,0.0,0.0
2013-07-19 00:00:00-04:00,23.49902784524451,23.720515563037605,23.163224501445185,23.38471221923828,47900,0.0,0.0
2013-07-22 00:00:00-04:00,23.49189180350067,23.68479999494324,23.127508755609025,23.477602005004883,23000,0.0,0.0
2013-07-23 00:00:00-04:00,23.634781752870094,23.634781752870094,22.81313623971599,23.006044387817383,23500,0.0,0.0
2013-07-24 00:00:00-04:00,23.198951424819075,23.198951424819075,22.727397742239376,22.813135147094727,42800,0.0,0.0
2013-07-25 00:00:00-04:00,22.85600216885165,23.463304785337968,22.791699458708994,23.399002075195312,24600,0.0,0.0
2013-07-26 00:00:00-04:00,23.22038595691475,23.22038595691475,22.791701635929424,22.89887237548828,16200,0.0,0.0
2013-07-29 00:00:00-04:00,23.06319564264161,23.18465751242646,22.377301976618618,22.455894470214844,10500,0.0,0.0
2013-07-30 00:00:00-04:00,22.49161774973199,22.57735513997761,22.20582872016257,22.37015724182129,8600,0.0,0.0
2013-07-31 00:00:00-04:00,22.42017301758076,22.727396774670815,22.177253333456974,22.212976455688477,13000,0.0,0.0
2013-08-01 00:00:00-04:00,22.505912412786778,22.505912412786778,22.005780480736007,22.22726821899414,11400,0.0,0.0
2013-08-02 00:00:00-04:00,22.177253130708092,23.163224377681306,21.56280562214538,22.291568756103516,94500,0.0,0.0
2013-08-05 00:00:00-04:00,22.155818316322794,22.291568631753755,21.97719998229512,22.262989044189453,11800,0.0,0.0
2013-08-06 00:00:00-04:00,22.25584204450739,22.25584204450739,21.862882291874282,21.91289520263672,10400,0.0,0.0
2013-08-07 00:00:00-04:00,21.884314995780564,21.905749683819373,21.348460059556512,21.591381072998047,24500,0.0,0.0
2013-08-08 00:00:00-04:00,21.798580384515457,22.841710740642714,21.405619254786274,22.15581703186035,46900,0.0,0.0
2013-08-09 00:00:00-04:00,22.391596292343635,24.06346414447075,22.391596292343635,23.1346492767334,77600,0.0,0.0
2013-08-12 00:00:00-04:00,23.09892425542235,23.563330288408114,22.998895698987457,23.44901466369629,24500,0.0,0.0
2013-08-13 00:00:00-04:00,23.449014467422085,24.277803421020508,23.449014467422085,24.277803421020508,33500,0.0,0.0
2013-08-14 00:00:00-04:00,24.149201534047016,24.149201534047016,23.52046414872808,23.891990661621094,34100,0.0,0.0
2013-08-15 00:00:00-04:00,23.64906868271483,24.134910817539765,23.520463251408245,23.74195098876953,31000,0.0,0.0
2013-08-16 00:00:00-04:00,23.56333133020468,24.09918635576406,23.49902861811757,23.942001342773438,35400,0.0,0.0
2013-08-19 00:00:00-04:00,23.98486738046977,24.034880291172627,23.61334095417766,23.620487213134766,31700,0.0,0.0
2013-08-20 00:00:00-04:00,23.327558453441945,23.999162492827015,22.941742149210175,23.9562931060791,20000,0.0,0.0
2013-08-21 00:00:00-04:00,23.506170073437037,24.827944442781167,23.3704184170564,24.306379318237305,60700,0.0,0.0
2013-08-22 00:00:00-04:00,24.313526155807736,24.827947817275117,24.313526155807736,24.74935531616211,18900,0.0,0.0
2013-08-23 00:00:00-04:00,24.749350710159078,25.535272849524898,24.46356307125243,25.470970153808594,66100,0.0,0.0
2013-08-26 00:00:00-04:00,25.635305459651917,26.056844859946764,24.96369874279254,25.078014373779297,23000,0.0,0.0
2013-08-27 00:00:00-04:00,24.920825870371434,24.920825870371434,23.94199562828434,24.063457489013672,21300,0.0,0.0
2013-08-28 00:00:00-04:00,24.25637136875469,24.427843450653913,23.6990802888332,23.942001342773438,17100,0.0,0.0
2013-08-29 00:00:00-04:00,23.013185786984426,24.292093728579527,22.798844328596864,24.270660400390625,20100,0.0,0.0
2013-08-30 00:00:00-04:00,24.17778121365198,24.17778121365198,23.08463772735783,24.04203224182129,40700,0.0,0.0
2013-09-03 00:00:00-04:00,24.106334506352457,24.30638619275793,23.549043382723212,23.613346099853516,19800,0.0,0.0
2013-09-04 00:00:00-04:00,23.72051850385558,24.063465424392064,23.35613552700442,23.877700805664062,33200,0.0,0.0
2013-09-05 00:00:00-04:00,24.142056954180656,24.27780591964211,23.627635231590325,23.71337127685547,47100,0.0,0.0
2013-09-06 00:00:00-04:00,23.749093798835567,24.049171277955644,22.94173820303733,23.391857147216797,25700,0.0,0.0
2013-09-09 00:00:00-04:00,23.556184510016916,23.784815737658334,23.170368291309817,23.620487213134766,15800,0.0,0.0
2013-09-10 00:00:00-04:00,23.72766125425206,23.8919898112308,23.31326809437084,23.756240844726562,19300,0.0,0.0
2013-09-11 00:00:00-04:00,23.584761340002714,23.770525915667243,22.977460153366927,23.063196182250977,51600,0.0,0.0
2013-09-12 00:00:00-04:00,23.16360083099968,23.29268613493263,22.898260033212875,23.048858642578125,21000,0.12,0.0
2013-09-13 00:00:00-04:00,23.19945560412774,23.42176977525936,22.883915292298106,23.127742767333984,15000,0.0,0.0
2013-09-16 00:00:00-04:00,23.529340639744618,23.694282345009807,23.235313645894625,23.41459846496582,22500,0.0,0.0
2013-09-17 00:00:00-04:00,23.514993077420716,23.72296408476039,23.185109729296983,23.407421112060547,14500,0.0,0.0
2013-09-18 00:00:00-04:00,23.47913613388457,24.51898567561159,23.29267842958729,24.15324592590332,46200,0.0,0.0
2013-09-19 00:00:00-04:00,24.26799492480108,24.755649885807546,23.88073903182487,24.7341365814209,45000,0.0,0.0
2013-09-20 00:00:00-04:00,24.913423098188183,24.913423098188183,24.569193790702293,24.605052947998047,31300,0.0,0.0
2013-09-23 00:00:00-04:00,24.54051301621339,24.683938718623093,24.17477036232685,24.389911651611328,25400,0.0,0.0
2013-09-24 00:00:00-04:00,24.41142186519651,24.648076406186973,24.060022412611566,24.275163650512695,16300,0.0,0.0
2013-09-25 00:00:00-04:00,24.30384770606366,24.375563269400068,24.060020262057908,24.146076202392578,7000,0.0,0.0
2013-09-26 00:00:00-04:00,23.866392841624812,24.131736327992375,23.758823597883353,24.03850746154785,12900,0.0,0.0
2013-09-27 00:00:00-04:00,23.816194933051023,24.074365512650914,23.400255571438404,23.959623336791992,10200,0.0,0.0
2013-09-30 00:00:00-04:00,23.75882552842308,23.945280540793586,23.52934117365817,23.9381103515625,19300,0.0,0.0
2013-10-01 00:00:00-04:00,24.01699480012395,24.41142084236116,23.952452157891013,24.361221313476562,16700,0.0,0.0
2013-10-02 00:00:00-04:00,24.131735825394315,24.332533931398224,24.01699365972508,24.146076202392578,26200,0.0,0.0
2013-10-03 00:00:00-04:00,24.167597555684274,24.181940671506794,23.457628368652404,23.787511825561523,28000,0.0,0.0
2013-10-04 00:00:00-04:00,23.715793460383413,24.117392402901075,23.350053666907797,23.70145034790039,40500,0.0,0.0
2013-10-07 00:00:00-04:00,23.43611330731013,23.909425151322196,23.063200530865863,23.53651237487793,10700,0.0,0.0
2013-10-08 00:00:00-04:00,23.608226833247528,23.88791348652846,23.29268649413955,23.507827758789062,20700,0.0,0.0
2013-10-09 00:00:00-04:00,23.579540436258586,24.311022834602056,23.529340905205835,23.859224319458008,19900,0.0,0.0
2013-10-10 00:00:00-04:00,24.060023863498735,24.741306770993305,24.060023863498735,24.7341365814209,18900,0.0,0.0
2013-10-11 00:00:00-04:00,24.411423118439533,25.09987620933492,24.411423118439533,24.870391845703125,29700,0.0,0.0
2013-10-14 00:00:00-04:00,24.90624500418095,25.09987292358604,24.90624500418095,25.028160095214844,20800,0.0,0.0
2013-10-15 00:00:00-04:00,24.920590609600016,25.085532319886834,24.447278782268917,24.533334732055664,28600,0.0,0.0
2013-10-16 00:00:00-04:00,24.784326120801317,24.89189533502515,24.425756602051887,24.490299224853516,16700,0.0,0.0
2013-10-17 00:00:00-04:00,24.483131707735392,24.73413206767526,24.42576199461729,24.511817932128906,16600,0.0,0.0
2013-10-18 00:00:00-04:00,24.82019080782785,25.099874688073594,24.389905600345045,25.013818740844727,29100,0.0,0.0
2013-10-21 00:00:00-04:00,25.08553106335152,25.19310304694866,24.683932091680603,24.755647659301758,22500,0.0,0.0
2013-10-22 00:00:00-04:00,25.05685020629158,25.250478176861755,24.79150938840049,24.927764892578125,24800,0.0,0.0
2013-10-23 00:00:00-04:00,24.920593176165475,25.193106903503836,24.920593176165475,25.071191787719727,20000,0.0,0.0
2013-10-24 00:00:00-04:00,25.200279569260758,25.644905257579403,24.920595624420486,25.39390754699707,21200,0.0,0.0
2013-10-25 00:00:00-04:00,25.537325443766694,26.010637171015016,25.415410366317793,25.84569549560547,82600,0.0,0.0
2013-10-28 00:00:00-04:00,25.946094235882306,26.369206436797363,25.6305539999521,25.81700897216797,23200,0.0,0.0
2013-10-29 00:00:00-04:00,24.784326916017914,25.544492569329247,24.75564069703715,25.530149459838867,16800,0.0,0.0
2013-10-30 00:00:00-04:00,25.616221870820393,25.67359160391686,25.064024169458747,25.458450317382812,14100,0.0,0.0
2013-10-31 00:00:00-04:00,25.630559012072247,25.881556665228505,25.350872395551956,25.59469985961914,25100,0.0,0.0
2013-11-01 00:00:00-04:00,25.515821846329725,25.924591096389257,24.741309960530746,24.992307662963867,41300,0.0,0.0
2013-11-04 00:00:00-05:00,24.748478579724345,25.221790456882797,24.748478579724345,24.970792770385742,20000,0.0,0.0
2013-11-05 00:00:00-05:00,24.97795644920176,25.171581601007823,24.74129923039876,25.04966926574707,27000,0.0,0.0
2013-11-06 00:00:00-05:00,25.14290027380285,25.401068076925643,24.748471541944085,25.279155731201172,6200,0.0,0.0
2013-11-07 00:00:00-05:00,25.10704662391344,25.12138973872768,24.490309100917667,24.7341365814209,20200,0.0,0.0
2013-11-08 00:00:00-05:00,24.669588545279904,25.40824101505607,24.669588545279904,25.22895622253418,19600,0.0,0.0
2013-11-11 00:00:00-05:00,25.006654660160685,25.31502487709987,24.691114251612074,25.107053756713867,10700,0.0,0.0
2013-11-12 00:00:00-05:00,24.94210688777183,25.243306851451102,24.633736733950744,25.16442108154297,27400,0.0,0.0
2013-11-13 00:00:00-05:00,24.83453787957738,25.379562613114263,24.798681457156608,25.24330711364746,63200,0.0,0.0
2013-11-14 00:00:00-05:00,25.135732893663537,25.286331495949305,25.01382052105204,25.26481819152832,7100,0.0,0.0
2013-11-15 00:00:00-05:00,25.185938523365355,25.44410918157847,25.09988254918435,25.35805320739746,23000,0.0,0.0
2013-11-18 00:00:00-05:00,25.336534380234156,25.458446755802555,25.01382112774501,25.271991729736328,19200,0.0,0.0
2013-11-19 00:00:00-05:00,25.171590357464982,25.20744951388058,24.81302067866537,24.86322021484375,14400,0.0,0.0
2013-11-20 00:00:00-05:00,24.89190294403354,24.985131813393917,24.74130435668389,24.841703414916992,9000,0.0,0.0
2013-11-21 00:00:00-05:00,25.028165321894694,25.2719928192124,24.834537362053904,25.085535049438477,32300,0.0,0.0
2013-11-22 00:00:00-05:00,25.171595449675277,25.178768376677297,24.884741290006758,25.09271240234375,18000,0.0,0.0
2013-11-25 00:00:00-05:00,25.04966958932224,25.157241551198343,24.92058432933836,24.977956771850586,24400,0.0,0.0
2013-11-26 00:00:00-05:00,25.049676101070826,25.049676101070826,24.11739555324671,24.44727897644043,33200,0.0,0.0
2013-11-27 00:00:00-05:00,24.368394087179265,24.848878860473633,24.16042302507171,24.848878860473633,19600,0.0,0.0
2013-11-29 00:00:00-05:00,25.02099777904974,25.150083113381037,24.605058273947943,25.107053756713867,16700,0.0,0.0
2013-12-02 00:00:00-05:00,25.135731851901546,25.135731851901546,24.26082376845274,24.533334732055664,12900,0.0,0.0
2013-12-03 00:00:00-05:00,24.418584671502394,24.63372584435669,24.189100389035353,24.40424156188965,49600,0.0,0.0
2013-12-04 00:00:00-05:00,24.224961159531606,24.633730282297957,24.196277670807017,24.511817932128906,25800,0.0,0.0
2013-12-05 00:00:00-05:00,24.43293627859009,24.669593566004217,24.31102390798479,24.540508270263672,35100,0.0,0.0
2013-12-06 00:00:00-05:00,24.84887665736187,25.2002733656733,24.454447872586925,25.185930252075195,43100,0.0,0.0
2013-12-09 00:00:00-05:00,25.264812949079577,25.379555108298227,24.992299295059464,25.207443237304688,43100,0.0,0.0
2013-12-10 00:00:00-05:00,25.099873531344308,25.616214662260365,25.099873531344308,25.45127296447754,115300,0.0,0.0
2013-12-11 00:00:00-05:00,25.408250068863598,25.580361999039294,24.382740471361572,24.640911102294922,29100,0.0,0.0
2013-12-12 00:00:00-05:00,24.569194334303962,24.86322137521516,23.866398059337424,24.045682907104492,26000,0.0,0.0
2013-12-13 00:00:00-05:00,24.17476448534805,24.368392419333354,24.16042137145996,24.16042137145996,12700,0.0,0.0
2013-12-16 00:00:00-05:00,24.332542564777697,24.66242606616341,24.332542564777697,24.562026977539062,17900,0.0,0.0
2013-12-17 00:00:00-05:00,24.368392540897073,24.368392540897073,23.170771249794477,23.543684005737305,31500,0.0,0.0
2013-12-18 00:00:00-05:00,23.651641498340503,24.38580719240838,23.421315329107973,24.292236328125,37600,0.12,0.0
2013-12-19 00:00:00-05:00,24.30664369802254,25.08399420505032,24.21307278892553,25.00482177734375,59600,0.0,0.0
2013-12-20 00:00:00-05:00,25.09838657719769,25.263933396826282,24.69531701486911,25.191957473754883,82000,0.0,0.0
2013-12-23 00:00:00-05:00,25.364697071292895,25.40788151585203,24.14108747086333,24.630531311035156,51800,0.0,0.0
2013-12-24 00:00:00-05:00,24.788884210864275,24.95443102411608,24.328231731258327,24.796083450317383,17900,0.0,0.0
2013-12-26 00:00:00-05:00,24.767291524284133,25.551841122086262,24.767291524284133,24.968826293945312,92500,0.0,0.0
2013-12-27 00:00:00-05:00,25.083988126976475,25.155966787958427,24.500976074401116,24.702510833740234,19100,0.0,0.0
2013-12-30 00:00:00-05:00,24.853658263136733,25.09118369103105,24.580147628579653,24.630531311035156,12200,0.0,0.0
2013-12-31 00:00:00-05:00,24.752899433961172,24.796086639117654,24.3714220650489,24.652132034301758,29000,0.0,0.0
2014-01-02 00:00:00-05:00,24.500981803749518,24.500981803749518,23.522093751131624,23.536489486694336,22500,0.0,0.0
2014-01-03 00:00:00-05:00,23.529286899210618,23.93955569442016,23.464507471245668,23.72362518310547,43300,0.0,0.0
2014-01-06 00:00:00-05:00,23.75241876023281,24.07631592883166,23.21259106113661,23.248579025268555,54200,0.0,0.0
2014-01-07 00:00:00-05:00,23.255777550209782,23.255777550209782,22.80232152811893,23.162206649780273,23600,0.0,0.0
2014-01-08 00:00:00-05:00,22.924678998900806,23.234179002736415,22.32007197766169,22.62237548828125,24200,0.0,0.0
2014-01-09 00:00:00-05:00,22.62236894815148,22.723136298275286,22.32006552492788,22.543193817138672,17800,0.0,0.0
2014-01-10 00:00:00-05:00,22.478421619013016,22.5000152178975,22.089746449060687,22.298479080200195,18300,0.0,0.0
2014-01-13 00:00:00-05:00,22.089746694662512,22.521609067185413,21.952989979245523,22.197711944580078,21800,0.0,0.0
2014-01-14 00:00:00-05:00,22.197707640806996,22.507208970655363,22.010567269902115,22.42803382873535,19200,0.0,0.0
2014-01-15 00:00:00-05:00,22.384854188615765,22.55759887722941,22.334470492710047,22.435237884521484,31600,0.0,0.0
2014-01-16 00:00:00-05:00,22.44243313125647,22.600782067451348,22.370455842857858,22.528804779052734,24700,0.0,0.0
2014-01-17 00:00:00-05:00,22.579189422629963,22.73034048989282,22.377653293426917,22.723142623901367,23400,0.0,0.0
2014-01-21 00:00:00-05:00,22.80232309684036,22.917486233866594,22.536007484434144,22.888694763183594,19900,0.0,0.0
2014-01-22 00:00:00-05:00,22.910282363303406,23.083027023580648,22.665560418030843,23.018247604370117,20200,0.0,0.0
2014-01-23 00:00:00-05:00,23.025446369133846,23.08302792480774,22.744736456830175,23.06143569946289,21400,0.0,0.0
2014-01-24 00:00:00-05:00,22.85269819956093,23.10461660899073,22.679953559015193,22.69434928894043,39600,0.0,0.0
2014-01-27 00:00:00-05:00,22.8167137906008,22.867097480310385,22.557596103119977,22.593584060668945,27000,0.0,0.0
2014-01-28 00:00:00-05:00,22.70875435583536,22.852708977274357,22.615184812897123,22.78792953491211,30700,0.0,0.0
2014-01-29 00:00:00-05:00,22.622373380975436,22.859897447704203,22.082545831787105,22.276884078979492,26500,0.0,0.0
2014-01-30 00:00:00-05:00,22.32727924506382,22.658372986518753,22.32008137596439,22.44964027404785,20800,0.0,0.0
2014-01-31 00:00:00-05:00,22.01777446861297,22.51441637990168,22.01777446861297,22.053762435913086,33300,0.0,0.0
2014-02-03 00:00:00-05:00,22.032168674345034,22.05376090408415,20.880535953644067,21.132455825805664,60700,0.0,0.0
2014-02-04 00:00:00-05:00,21.182833252036257,21.81623030576216,21.017286466418998,21.600299835205078,65500,0.0,0.0
2014-02-05 00:00:00-05:00,21.521131825852596,21.650690700294216,21.362782853120006,21.593109130859375,20600,0.0,0.0
2014-02-06 00:00:00-05:00,21.59310563815417,21.931397132258287,21.542721944654907,21.665082931518555,19100,0.0,0.0
2014-02-07 00:00:00-05:00,21.837823800887968,21.902603216325765,21.528322454430135,21.636287689208984,33500,0.0,0.0
2014-02-10 00:00:00-05:00,21.62189490832565,21.62189490832565,21.341183630003997,21.564311981201172,28100,0.0,0.0
2014-02-11 00:00:00-05:00,21.629096523204485,21.866620662429273,21.51393338738961,21.823434829711914,14400,0.0,0.0
2014-02-12 00:00:00-05:00,21.751451090255582,21.852219833915296,21.600300034044707,21.737056732177734,16900,0.0,0.0
2014-02-13 00:00:00-05:00,21.60750112184798,21.866617452973415,21.427558576941557,21.765850067138672,18600,0.0,0.0
2014-02-14 00:00:00-05:00,21.751458059799553,21.751458059799553,21.48514381651942,21.62190055847168,14800,0.0,0.0
2014-02-18 00:00:00-05:00,21.59310517243281,21.809035675016077,21.36997680338308,21.65788459777832,33800,0.0,0.0
2014-02-19 00:00:00-05:00,21.521128274081544,21.593105567209445,21.492338180541992,21.492338180541992,16600,0.0,0.0
2014-02-20 00:00:00-05:00,21.52113147244416,21.693876177911964,21.44915416861935,21.549922943115234,17400,0.0,0.0
2014-02-21 00:00:00-05:00,21.62909103427797,21.665080363119962,21.312393177583555,21.52112579345703,31000,0.0,0.0
2014-02-24 00:00:00-05:00,21.63629812545677,21.873822305680783,21.63629812545677,21.852230072021484,10000,0.0,0.0
2014-02-25 00:00:00-05:00,21.787446449537892,22.240901116564025,21.722667015269465,21.988981246948242,27000,0.0,0.0
2014-02-26 00:00:00-05:00,22.060955201122418,22.456829614120494,21.80903536973321,22.406444549560547,22200,0.0,0.0
2014-02-27 00:00:00-05:00,22.29128027438202,22.93907448508732,22.03936182894392,22.723142623901367,16800,0.0,0.0
2014-02-28 00:00:00-05:00,22.816716550620413,23.061438535543363,22.40644637153,22.643970489501953,23800,0.0,0.0
2014-03-03 00:00:00-05:00,22.384853079740783,22.586387853380263,22.14732897305662,22.28408432006836,15000,0.0,0.0
2014-03-04 00:00:00-05:00,22.521607867550888,23.140610614290367,22.132931341127705,22.723142623901367,44800,0.0,0.0
2014-03-05 00:00:00-05:00,22.6943545014458,23.20539204834935,22.607981474908343,23.126216888427734,13800,0.0,0.0
2014-03-06 00:00:00-05:00,23.11182090426066,23.11182090426066,22.687156388505347,22.816715240478516,21300,0.0,0.0
2014-03-07 00:00:00-05:00,23.025447777455216,23.8027995130248,23.025447777455216,23.673240661621094,21700,0.0,0.0
2014-03-10 00:00:00-04:00,23.550884194728656,23.961153030395508,23.392533856153488,23.961153030395508,14700,0.0,0.0
2014-03-11 00:00:00-04:00,23.88917068390676,23.917962149350696,23.450113191560405,23.486101150512695,14000,0.0,0.0
2014-03-12 00:00:00-04:00,23.457313081122106,23.66604711725241,23.3565456831849,23.65165138244629,20300,0.0,0.0
2014-03-13 00:00:00-04:00,23.810673701515928,23.84681840094284,22.986625291725264,23.160110473632812,18700,0.14,0.0
2014-03-14 00:00:00-04:00,23.152877703286546,24.056439933448562,23.152877703286546,23.926326751708984,16600,0.0,0.0
2014-03-17 00:00:00-04:00,23.962474105141187,24.374498307206487,23.962474105141187,24.04921531677246,11400,0.0,0.0
2014-03-18 00:00:00-04:00,24.215475468213057,24.215475468213057,23.86127774808482,24.020305633544922,20700,0.0,0.0
2014-03-19 00:00:00-04:00,24.099815710383293,24.20824429806815,23.962475222442205,24.092588424682617,19900,0.0,0.0
2014-03-20 00:00:00-04:00,24.070900743643076,24.374499130790852,24.013074186419473,24.12150001525879,14900,0.0,0.0
2014-03-21 00:00:00-04:00,24.172098846272142,24.258842816706643,23.832361279824067,24.06367301940918,55700,0.0,0.0
2014-03-24 00:00:00-04:00,24.157649582878125,24.157649582878125,23.854053857362516,23.984167098999023,25200,0.0,0.0
2014-03-25 00:00:00-04:00,24.0203097923838,24.222706948954677,23.832369969490045,24.01308250427246,37400,0.0,0.0
2014-03-26 00:00:00-04:00,24.2443885822534,24.2443885822534,23.817906990945286,23.82513427734375,47500,0.0,0.0
2014-03-27 00:00:00-04:00,23.926329719539986,23.926329719539986,23.615504053213073,23.832361221313477,12700,0.0,0.0
2014-03-28 00:00:00-04:00,23.796215672501855,23.861272269119766,23.427563463302572,23.55044937133789,14300,0.0,0.0
2014-03-31 00:00:00-04:00,23.60104505942226,24.179324298594853,23.60104505942226,24.034753799438477,41400,0.0,0.0
2014-04-01 00:00:00-04:00,23.44924866579405,24.38895569777467,23.304680898523255,24.280527114868164,32700,0.0,0.0
2014-04-02 00:00:00-04:00,24.244389345889477,24.56967239314189,24.1431907884007,24.504615783691406,13600,0.0,0.0
2014-04-03 00:00:00-04:00,24.576893750146844,25.010602536874032,24.504609871510056,24.880489349365234,24400,0.0,0.0
2014-04-04 00:00:00-04:00,25.140717909782587,25.32866042250062,24.482924630176395,24.526296615600586,19400,0.0,0.0
2014-04-07 00:00:00-04:00,24.482919572304354,24.482919572304354,23.875725689071828,24.157636642456055,17700,0.0,0.0
2014-04-08 00:00:00-04:00,24.085359982137977,24.576898166055383,24.085359982137977,24.33112907409668,17000,0.0,0.0
2014-04-09 00:00:00-04:00,24.511844999253512,25.96477238137916,24.511844999253512,25.892488479614258,48600,0.0,0.0
2014-04-10 00:00:00-04:00,26.094881669150933,26.094881669150933,24.3961854171598,25.314205169677734,61600,0.0,0.0
2014-04-11 00:00:00-04:00,25.010603363219087,25.733453203282682,24.779291634995,25.328659057617188,24400,0.0,0.0
2014-04-14 00:00:00-04:00,25.682851415022203,26.09487556283356,25.249142656521734,25.668394088745117,39200,0.0,0.0
2014-04-15 00:00:00-04:00,25.87802427318862,25.892481601191783,25.393716193622797,25.73345375061035,93700,0.0,0.0
2014-04-16 00:00:00-04:00,25.957537407513808,25.957537407513808,25.57442787819069,25.68285369873047,32800,0.0,0.0
2014-04-17 00:00:00-04:00,25.63225250091425,25.784050292711743,25.617795174440243,25.755138397216797,16100,0.0,0.0
2014-04-21 00:00:00-04:00,25.87079698791372,25.87079698791372,25.35757425234157,25.73345375061035,19300,0.0,0.0
2014-04-22 00:00:00-04:00,25.668398651022382,25.950312427353122,25.62502942193575,25.69731330871582,16900,0.0,0.0
2014-04-23 00:00:00-04:00,25.574425604123604,25.704538783164352,25.422625056940706,25.668394088745117,21800,0.0,0.0
2014-04-24 00:00:00-04:00,25.834652314097315,25.834652314097315,25.458770098132288,25.755138397216797,22000,0.0,0.0
2014-04-25 00:00:00-04:00,25.653941801058497,25.841881544466077,25.545513223065438,25.68285369873047,30300,0.0,0.0
2014-04-28 00:00:00-04:00,25.81296798517695,25.950311224125887,25.552741592908863,25.70454216003418,28900,0.0,0.0
2014-04-29 00:00:00-04:00,25.841880798339844,25.950309373202273,25.704540326640213,25.841880798339844,20900,0.0,0.0
2014-04-30 00:00:00-04:00,25.70454825311341,25.85634609876792,25.66117625830324,25.719005584716797,30400,0.0,0.0
2014-05-01 00:00:00-04:00,25.588892357740345,25.81297410395775,25.588892357740345,25.719005584716797,40300,0.0,0.0
2014-05-02 00:00:00-04:00,25.798506864746496,25.914162715703316,25.65393911914022,25.72622299194336,66600,0.0,0.0
2014-05-05 00:00:00-04:00,25.639481744943666,25.784049490278473,25.494911242155865,25.610567092895508,39800,0.0,0.0
2014-05-06 00:00:00-04:00,25.56719701391896,25.617796280035183,25.422626500392663,25.516597747802734,36600,0.0,0.0
2014-05-07 00:00:00-04:00,25.545511984141132,25.588883964725525,24.902176104798258,25.386484146118164,50400,0.0,0.0
2014-05-08 00:00:00-04:00,25.38648642982648,25.798510631356933,25.20577396398142,25.30697250366211,28300,0.0,0.0
2014-05-09 00:00:00-04:00,25.22745760434288,25.625024418919587,25.22745760434288,25.610567092895508,37200,0.0,0.0
2014-05-12 00:00:00-04:00,24.974450057932593,24.974450057932593,23.26852477048156,23.608264923095703,88500,0.0,0.0
2014-05-13 00:00:00-04:00,23.695022893107993,23.695022893107993,22.39389340201527,22.437265396118164,119500,0.0,0.0
2014-05-14 00:00:00-04:00,22.42280572862172,22.950485860020663,21.685498450413224,21.8662109375,74100,0.0,0.0
2014-05-15 00:00:00-04:00,21.721638445981892,21.94572290253258,21.150587754999552,21.634897232055664,86500,0.0,0.0
2014-05-16 00:00:00-04:00,21.57707122924401,21.70718444051467,21.324073471631817,21.656583786010742,50100,0.0,0.0
2014-05-19 00:00:00-04:00,21.61321295837269,21.887896708017074,21.410815857294555,21.627670288085938,28400,0.0,0.0
2014-05-20 00:00:00-04:00,21.63489600454174,21.931264329640122,21.23732776396896,21.33852767944336,46700,0.0,0.0
2014-05-21 00:00:00-04:00,21.54815139248724,21.931262269325984,21.331297011620954,21.56260871887207,32700,0.0,0.0
2014-05-22 00:00:00-04:00,21.4324987683499,21.68549650330042,21.4324987683499,21.634897232055664,24500,0.0,0.0
2014-05-23 00:00:00-04:00,21.721640025784144,21.97463777913504,21.634898805549277,21.85175323486328,36200,0.0,0.0
2014-05-27 00:00:00-04:00,21.895119329905235,22.59628308275727,21.895119329905235,22.393884658813477,22300,0.0,0.0
2014-05-28 00:00:00-04:00,22.408345360088006,22.66134308344724,21.97463517414742,22.14811897277832,30600,0.0,0.0
2014-05-29 00:00:00-04:00,22.72639945336246,22.72639945336246,21.801151157842483,22.119205474853516,39000,0.0,0.0
2014-05-30 00:00:00-04:00,22.177034806323483,22.6396582939075,22.169806141989138,22.42280387878418,16400,0.0,0.0
2014-06-02 00:00:00-04:00,22.357747278501833,22.538459750680182,22.20594808493411,22.42280387878418,24000,0.0,0.0
2014-06-03 00:00:00-04:00,22.25654176393578,22.516766704829067,22.010772768456444,22.126428604125977,21400,0.0,0.0
2014-06-04 00:00:00-04:00,22.010779427554283,22.18426323354403,21.938494163710207,22.09029197692871,13100,0.0,0.0
2014-06-05 00:00:00-04:00,22.213169629881552,22.654108361867113,21.822831532018743,22.55290985107422,16500,0.0,0.0
2014-06-06 00:00:00-04:00,22.675798777127582,23.326363319789635,22.675798777127582,23.239622116088867,19700,0.0,0.0
2014-06-09 00:00:00-04:00,23.290223018035377,23.564903975299234,22.986624647568295,23.47816276550293,13700,0.0,0.0
2014-06-10 00:00:00-04:00,23.427562749495475,23.427562749495475,22.85651210391444,22.878196716308594,9900,0.0,0.0
2014-06-11 00:00:00-04:00,22.70471611217159,22.769772715943862,22.401119087476598,22.625202178955078,13400,0.0,0.0
2014-06-12 00:00:00-04:00,22.145975553148116,22.54532865669543,22.145975553148116,22.385587692260742,25500,0.14,0.0
2014-06-13 00:00:00-04:00,22.516285995349346,22.61793921280281,21.98623509731167,22.066104888916016,29800,0.0,0.0
2014-06-16 00:00:00-04:00,22.131461516602315,22.320247118512597,21.957198203667065,22.26215934753418,19600,0.0,0.0
2014-06-17 00:00:00-04:00,22.64698189038359,22.64698189038359,22.21858424555536,22.443674087524414,31300,0.0,0.0
2014-06-18 00:00:00-04:00,22.414630689231323,22.90111607515976,22.21132288834802,22.777679443359375,32400,0.0,0.0
2014-06-19 00:00:00-04:00,22.850293942546177,23.235126219122108,22.80672846866333,23.191560745239258,25600,0.0,0.0
2014-06-20 00:00:00-04:00,23.300471424688833,23.81600004110039,22.87207374221554,23.19881820678711,50300,0.0,0.0
2014-06-23 00:00:00-04:00,22.966470344052905,23.111690442462972,22.30572152763794,22.509029388427734,18900,0.0,0.0
2014-06-24 00:00:00-04:00,22.32750705155228,22.73412142633908,22.022545924231775,22.109678268432617,20700,0.0,0.0
2014-06-25 00:00:00-04:00,21.942670822143555,22.037064293652307,21.79745212086134,21.942670822143555,26500,0.0,0.0
2014-06-26 00:00:00-04:00,21.848276435874148,22.13145405075124,21.848276435874148,22.08062744140625,8800,0.0,0.0
2014-06-27 00:00:00-04:00,21.884584386897366,22.552594330936113,21.884584386897366,22.479984283447266,48800,0.0,0.0
2014-06-30 00:00:00-04:00,22.36380982538327,22.86481765347795,22.283940015775084,22.56711769104004,36100,0.0,0.0
2014-07-01 00:00:00-04:00,22.69780922414648,23.750649824225015,22.69780922414648,23.50377655029297,35200,0.0,0.0
2014-07-02 00:00:00-04:00,23.598176690954435,23.757919081058375,23.126213434119656,23.583654403686523,65100,0.0,0.0
2014-07-03 00:00:00-04:00,23.62721742704922,23.62721742704922,23.271428371394045,23.365821838378906,7600,0.0,0.0
2014-07-07 00:00:00-04:00,23.235120419441866,23.235120419441866,22.574371793307677,22.813983917236328,18200,0.0,0.0
2014-07-08 00:00:00-04:00,23.503775408531638,23.503775408531638,22.400108255949235,22.610675811767578,22500,0.0,0.0
2014-07-09 00:00:00-04:00,22.57437515258789,22.66150609157089,22.472721928800624,22.57437515258789,9400,0.0,0.0
2014-07-10 00:00:00-04:00,22.305721140593853,22.363808901965655,22.05884780853333,22.26941680908203,15100,0.0,0.0
2014-07-11 00:00:00-04:00,22.182282722127628,22.305719378406195,22.029802879918353,22.116933822631836,16200,0.0,0.0
2014-07-14 00:00:00-04:00,22.2984600333855,22.487245604379673,21.855541371554438,21.891845703125,14500,0.0,0.0
2014-07-15 00:00:00-04:00,21.855540012610458,21.971715528318413,21.31096676338389,21.543317794799805,20700,0.0,0.0
2014-07-16 00:00:00-04:00,21.739359576210962,21.761141614899984,21.47070289137073,21.64496612548828,16000,0.0,0.0
2014-07-17 00:00:00-04:00,21.62318788170941,21.833755473877723,21.289182252341345,21.427141189575195,26200,0.0,0.0
2014-07-18 00:00:00-04:00,21.340009010331713,21.507012518615596,21.202051457078124,21.46344566345215,22200,0.0,0.0
2014-07-21 00:00:00-04:00,21.26014069548848,21.528796063131228,21.24561840942092,21.412620544433594,31300,0.0,0.0
2014-07-22 00:00:00-04:00,21.463446893512316,21.47796917939906,21.30370590352232,21.39809799194336,10300,0.0,0.0
2014-07-23 00:00:00-04:00,21.390836961817914,21.644971426490695,21.2819225869357,21.565101623535156,16200,0.0,0.0
2014-07-24 00:00:00-04:00,21.681273823269667,21.710317005830127,21.23835386362275,21.245615005493164,8600,0.0,0.0
2014-07-25 00:00:00-04:00,21.20204961815254,21.231092800821163,20.67199733900782,20.686519622802734,30400,0.0,0.0
2014-07-28 00:00:00-04:00,20.621167846845662,20.621167846845662,20.33072913617029,20.57760238647461,32200,0.0,0.0
2014-07-29 00:00:00-04:00,20.73008619839667,21.267399648186952,20.73008619839667,20.99148178100586,30700,0.0,0.0
2014-07-30 00:00:00-04:00,21.216566648760008,21.398091008336767,20.991476830662695,21.274654388427734,24600,0.0,0.0
2014-07-31 00:00:00-04:00,21.056830418383306,21.441662645290933,21.049569276186418,21.16574478149414,33700,0.0,0.0
2014-08-01 00:00:00-04:00,21.21657039915048,21.238353824721827,20.802695007743296,20.868043899536133,25700,0.0,0.0
2014-08-04 00:00:00-04:00,20.8970884862741,21.129439486231696,20.8970884862741,21.05682945251465,18600,0.0,0.0
2014-08-05 00:00:00-04:00,20.897085660678027,21.3472653159946,20.512253503457526,20.57760238647461,18500,0.0,0.0
2014-08-06 00:00:00-04:00,20.52677932120567,20.882566976186823,20.52677932120567,20.72282600402832,14400,0.0,0.0
2014-08-07 00:00:00-04:00,20.715571159649677,20.73009206340859,20.53404670590732,20.592134475708008,7200,0.0,0.0
2014-08-08 00:00:00-04:00,20.51952074682517,21.1512249572972,20.51952074682517,21.035049438476562,21600,0.0,0.0
2014-08-11 00:00:00-04:00,21.223829526017767,23.227858785919576,21.223829526017767,23.133466720581055,81100,0.0,0.0
2014-08-12 00:00:00-04:00,22.944684734330135,23.670780958818533,22.67602800948319,23.656261444091797,34900,0.0,0.0
2014-08-13 00:00:00-04:00,23.67078299585762,24.157269876345897,23.45295424825752,24.070138931274414,23700,0.0,0.0
2014-08-14 00:00:00-04:00,24.048349407294843,24.186309710632226,23.547343108962004,23.590909957885742,29800,0.0,0.0
2014-08-15 00:00:00-04:00,23.830517049975487,23.837779575270815,23.24237714393645,23.6852970123291,43300,0.0,0.0
2014-08-18 00:00:00-04:00,23.88134269760404,24.505786895751953,23.736122665734943,24.505786895751953,26800,0.0,0.0
2014-08-19 00:00:00-04:00,24.367837929945278,24.47675091464038,24.18631351894407,24.42592430114746,15800,0.0,0.0
2014-08-20 00:00:00-04:00,24.3605683076928,24.3605683076928,23.89586639404297,23.89586639404297,14500,0.0,0.0
2014-08-21 00:00:00-04:00,23.961217148398568,24.324265893071274,23.728866173395406,24.29522132873535,20000,0.0,0.0
2014-08-22 00:00:00-04:00,24.142741755704716,24.179046076556897,23.423904015526126,23.532819747924805,24400,0.0,0.0
2014-08-25 00:00:00-04:00,23.634481205733408,23.6998301140194,23.017299226243715,23.184301376342773,29700,0.0,0.0
2014-08-26 00:00:00-04:00,23.16977310180664,23.431168667404993,22.95194438708881,23.16977310180664,32300,0.0,0.0
2014-08-27 00:00:00-04:00,23.220604746649677,23.56913131976992,23.16251698446297,23.54008674621582,11900,0.0,0.0
2014-08-28 00:00:00-04:00,23.467472335928502,23.59817011507631,23.19881702094348,23.32225227355957,24600,0.0,0.0
2014-08-29 00:00:00-04:00,23.35855642513457,23.91765186075118,23.271425496290064,23.90312957763672,21200,0.0,0.0
2014-09-02 00:00:00-04:00,23.93218174269152,24.120968713279968,23.82326873951495,24.06287956237793,24100,0.0,0.0
2014-09-03 00:00:00-04:00,24.120967191854145,24.244402474970563,24.004791667220992,24.055618286132812,40500,0.0,0.0
2014-09-04 00:00:00-04:00,24.12096422155964,24.27344405951848,24.10644193653842,24.215354919433594,22700,0.0,0.0
2014-09-05 00:00:00-04:00,24.142748291790834,24.179052622471566,23.961223868544288,23.975746154785156,15400,0.0,0.0
2014-09-08 00:00:00-04:00,24.026567100014955,24.433182709245308,23.968477968763946,24.35331153869629,14400,0.0,0.0
2014-09-09 00:00:00-04:00,24.251660224729648,24.251660224729648,23.9975244104027,24.033828735351562,30900,0.0,0.0
2014-09-10 00:00:00-04:00,23.975743591108085,24.070137056658996,23.93217673704399,23.968481063842773,9600,0.0,0.0
2014-09-11 00:00:00-04:00,23.917652130126953,24.033827626508828,23.80147663374508,23.917652130126953,30000,0.0,0.0
2014-09-12 00:00:00-04:00,23.881199360064567,24.129126426519644,23.85932434238679,24.070789337158203,37900,0.14,0.0
2014-09-15 00:00:00-04:00,24.304134500941178,24.57393658050042,23.90307397254375,23.99057960510254,20400,0.0,0.0
2014-09-16 00:00:00-04:00,23.990575614899615,24.02703489823566,23.87390423922526,23.9832820892334,24000,0.0,0.0
2014-09-17 00:00:00-04:00,23.96870063032643,24.165584121427216,23.8301542247364,24.03432846069336,37600,0.0,0.0
2014-09-18 00:00:00-04:00,24.048913271630063,24.09995683176451,23.997869711495614,24.06349754333496,20900,0.0,0.0
2014-09-19 00:00:00-04:00,24.09265622907622,24.36974893309881,23.516590249928168,23.786392211914062,32900,0.0,0.0
2014-09-22 00:00:00-04:00,23.55305689608065,23.859321009110413,23.188458483504586,23.3488826751709,159900,0.0,0.0
2014-09-23 00:00:00-04:00,23.34158563153742,23.472841262817383,23.217623525142297,23.472841262817383,42100,0.0,0.0
2014-09-24 00:00:00-04:00,23.429096663775084,23.589518086736255,23.341591034888594,23.560352325439453,22900,0.0,0.0
2014-09-25 00:00:00-04:00,23.582221376723094,23.582221376723094,23.334294387588383,23.494718551635742,43500,0.0,0.0
2014-09-26 00:00:00-04:00,23.494722733053905,23.596809844101973,23.028035816478646,23.516597747802734,17500,0.0,0.0
2014-09-29 00:00:00-04:00,23.23221112004621,23.54576597504148,23.159291159911774,23.341588973999023,19500,0.0,0.0
2014-09-30 00:00:00-04:00,23.42180374388822,23.472847304561487,23.13741739680418,23.43638801574707,61300,0.0,0.0
2014-10-01 00:00:00-04:00,23.057205106703037,23.494723496724145,22.933241586044264,23.159292221069336,27100,0.0,0.0
2014-10-02 00:00:00-04:00,23.224920863371814,23.924950590114914,23.130124490280192,23.553058624267578,24200,0.0,0.0
2014-10-03 00:00:00-04:00,23.822862251724757,23.85203079638224,23.341592391538363,23.531185150146484,16100,0.0,0.0
2014-10-06 00:00:00-04:00,23.64056164608736,23.932241512378262,23.465555951645104,23.560352325439453,16100,0.0,0.0
2014-10-07 00:00:00-04:00,23.356169398444056,23.6259741800991,23.334294387588383,23.494718551635742,24300,0.0,0.0
2014-10-08 00:00:00-04:00,23.41451232130475,24.01245354188941,22.969701778309133,23.932241439819336,55400,0.0,0.0
2014-10-09 00:00:00-04:00,23.691610958917675,23.8374481286912,23.47284964092597,23.567646026611328,31700,0.0,0.0
2014-10-10 00:00:00-04:00,23.429097504732574,24.18016943214218,23.42180397789756,23.771818161010742,31300,0.0,0.0
2014-10-13 00:00:00-04:00,23.84473569989042,24.676019599278312,23.64785223187776,23.9832820892334,39600,0.0,0.0
2014-10-14 00:00:00-04:00,24.027036759913003,24.36975738782473,23.69889762113349,23.924949645996094,66200,0.0,0.0
2014-10-15 00:00:00-04:00,23.567639735680252,23.567639735680252,22.473844564352277,22.714479446411133,93800,0.0,0.0
2014-10-16 00:00:00-04:00,22.714486298275318,23.32701189025499,22.678027004566037,23.18117332458496,39800,0.0,0.0
2014-10-17 00:00:00-04:00,23.502012711659663,23.502012711659663,22.71448021721241,22.809276580810547,26300,0.0,0.0
2014-10-20 00:00:00-04:00,22.84573520117569,22.998867249143018,22.53218036132912,22.641559600830078,28200,0.0,0.0
2014-10-21 00:00:00-04:00,22.65614162132522,22.78739725203009,22.517593856599817,22.648849487304688,29300,0.0,0.0
2014-10-22 00:00:00-04:00,22.61239342334379,22.874904722080625,22.495722044090204,22.561349868774414,27000,0.0,0.0
2014-10-23 00:00:00-04:00,22.605097056376415,22.75093694855692,22.53217711028616,22.670724868774414,24000,0.0,0.0
2014-10-24 00:00:00-04:00,22.74364895799996,22.750941093020597,22.605101174272917,22.63426971435547,16400,0.0,0.0
2014-10-27 00:00:00-04:00,22.510303083513723,22.656141591233602,22.36446318496149,22.61968231201172,19600,0.0,0.0
2014-10-28 00:00:00-04:00,22.736357975860546,23.516598381809057,22.72177370507975,23.443679809570312,42800,0.0,0.0
2014-10-29 00:00:00-04:00,23.37805483462406,23.37805483462406,22.92595212107937,23.04262351989746,22800,0.0,0.0
2014-10-30 00:00:00-04:00,23.020741070487944,23.655141461242582,23.00615680175435,23.63326644897461,20300,0.0,0.0
2014-10-31 00:00:00-04:00,24.005161469324804,24.38434420465421,23.91036787174159,24.282257080078125,56000,0.0,0.0
2014-11-03 00:00:00-05:00,24.30412872491729,24.66143357045418,24.30412872491729,24.573930740356445,21600,0.0,0.0
2014-11-04 00:00:00-05:00,24.508308556295543,24.697898528700726,24.304134311910662,24.464555740356445,44000,0.0,0.0
2014-11-05 00:00:00-05:00,24.712483492361102,24.712483492361102,24.253088647971605,24.44997215270996,16300,0.0,0.0
2014-11-06 00:00:00-05:00,24.260369007036232,24.690595073133256,24.202031949148623,24.661426544189453,10400,0.0,0.0
2014-11-07 00:00:00-05:00,24.654145969053726,24.778108095685297,24.06349553187195,24.588518142700195,201800,0.0,0.0
2014-11-10 00:00:00-05:00,24.654153100320816,25.13542303890002,23.239510443158895,23.910371780395508,61400,0.0,0.0
2014-11-11 00:00:00-05:00,23.757233488284804,23.997866989962553,23.334298001802885,23.698896408081055,48500,0.0,0.0
2014-11-12 00:00:00-05:00,23.414505521812107,24.099949390302033,23.414505521812107,23.91765022277832,162000,0.0,0.0
2014-11-13 00:00:00-05:00,23.82285778419895,23.82285778419895,22.182166398213393,22.22591781616211,89500,0.0,0.0
2014-11-14 00:00:00-05:00,22.145711831171855,22.306134658368826,21.97070334044251,22.036331176757812,20600,0.0,0.0
2014-11-17 00:00:00-05:00,22.24049891775835,22.24049891775835,22.02174046834283,22.18216323852539,25500,0.0,0.0
2014-11-18 00:00:00-05:00,22.30613443411396,22.30613443411396,21.664440350111754,21.70090103149414,47300,0.0,0.0
2014-11-19 00:00:00-05:00,21.63526603041808,21.686309576615443,21.401923310183097,21.620681762695312,22100,0.0,0.0
2014-11-20 00:00:00-05:00,21.401923310183097,21.693601710476827,21.401923310183097,21.620681762695312,61400,0.0,0.0
2014-11-21 00:00:00-05:00,21.875903967138065,21.90507250669386,21.584225525742728,21.737356185913086,23600,0.0,0.0
2014-11-24 00:00:00-05:00,21.76653053443794,21.948829782815423,21.76653053443794,21.87590980529785,19800,0.0,0.0
2014-11-25 00:00:00-05:00,21.861321618772045,22.50301563707339,21.861321618772045,22.430095672607422,30600,0.0,0.0
2014-11-26 00:00:00-05:00,22.459261774302337,23.29783924022264,22.430094624378604,23.064495086669922,63600,0.0,0.0
2014-11-28 00:00:00-05:00,22.962405796923328,23.115537839699,22.01445056561038,22.17487335205078,59800,0.0,0.0
2014-12-01 00:00:00-05:00,22.16758338134377,22.313423303857792,21.387342994808694,21.41651153564453,37300,0.0,0.0
2014-12-02 00:00:00-05:00,21.54776684443196,21.54776684443196,21.066497023904834,21.183168411254883,37100,0.0,0.0
2014-12-03 00:00:00-05:00,21.088372405404275,21.5185986469048,20.570641932228824,21.41651153564453,28800,0.0,0.0
2014-12-04 00:00:00-05:00,21.263379052812233,21.3946347022842,20.796693535429732,21.314422607421875,22900,0.0,0.0
2014-12-05 00:00:00-05:00,21.314426873597068,21.86861673182857,21.14671190607292,21.205047607421875,38800,0.0,0.0
2014-12-08 00:00:00-05:00,21.08107763247924,21.29254535458195,20.64355931051312,20.76752281188965,24000,0.0,0.0
2014-12-09 00:00:00-05:00,20.519600324595487,21.139417967872642,20.519600324595487,21.10295867919922,57400,0.0,0.0
2014-12-10 00:00:00-05:00,21.08837466651347,21.146710363607355,20.42480559050827,20.475849151611328,24000,0.0,0.0
2014-12-11 00:00:00-05:00,20.54147882328097,20.701901656939764,20.03833252154117,20.067501068115234,24400,0.0,0.0
2014-12-12 00:00:00-05:00,19.804983140550465,19.958115177586016,19.119537822667173,19.25079345703125,68900,0.0,0.0
2014-12-15 00:00:00-05:00,19.469556728147023,19.542475301517673,19.228921819859032,19.36017608642578,27900,0.0,0.0
2014-12-16 00:00:00-05:00,19.34559029255276,20.32271404954431,19.34559029255276,19.96540641784668,28200,0.0,0.0
2014-12-17 00:00:00-05:00,20.11199938199066,21.20408662297671,19.89944478576813,21.00619125366211,48200,0.14,0.0
2014-12-18 00:00:00-05:00,21.33601355921819,21.467943784960895,21.013517607178322,21.43862533569336,78700,0.0,0.0
2014-12-19 00:00:00-05:00,21.343343171535075,21.849073839574626,21.240729997079303,21.43862533569336,77300,0.0,0.0
2014-12-22 00:00:00-05:00,21.394648539332508,21.423965589906278,21.09414143155334,21.21141242980957,26000,0.0,0.0
2014-12-23 00:00:00-05:00,21.365333490447043,21.65851103273827,21.365333490447043,21.460617065429688,24100,0.0,0.0
2014-12-24 00:00:00-05:00,21.533912117158717,21.533912117158717,21.33601813409279,21.4019832611084,16100,0.0,0.0
2014-12-26 00:00:00-05:00,21.460614945982332,21.460614945982332,20.89624735907059,21.035507202148438,17500,0.0,0.0
2014-12-29 00:00:00-05:00,21.079487764896232,21.262723922729492,21.064828536754145,21.262723922729492,16000,0.0,0.0
2014-12-30 00:00:00-05:00,21.292035509156896,22.17156939991605,21.18209412230715,22.054298400878906,49700,0.0,0.0
2014-12-31 00:00:00-05:00,22.200896428959354,22.809240495822564,22.061636539538295,22.2375431060791,35200,0.0,0.0
2015-01-02 00:00:00-05:00,22.2008923969194,22.20822061262753,21.262722814440696,21.29203987121582,26800,0.0,0.0
2015-01-05 00:00:00-05:00,21.24073576440471,21.533913346781187,20.793640475523457,20.866933822631836,46300,0.0,0.0
2015-01-06 00:00:00-05:00,20.91824563825023,20.9622219356043,19.906781013237666,20.251264572143555,25200,0.0,0.0
2015-01-07 00:00:00-05:00,20.515119817409662,21.079487512288388,19.8774587786607,20.20728302001953,20500,0.0,0.0
2015-01-08 00:00:00-05:00,20.28790403012681,20.412504651331314,19.899442940964366,20.002056121826172,51500,0.0,0.0
2015-01-09 00:00:00-05:00,19.82615563898932,19.958085922395437,19.672237907002998,19.738203048706055,30000,0.0,0.0
2015-01-12 00:00:00-05:00,19.730865113398607,19.928760455062523,19.437687606107964,19.518310546875,22800,0.0,0.0
2015-01-13 00:00:00-05:00,19.657575084485085,19.91410598890815,19.44502186515006,19.591609954833984,28600,0.0,0.0
2015-01-14 00:00:00-05:00,19.474333008718926,20.12665309493054,19.467003396763896,19.99472427368164,26000,0.0,0.0
2015-01-15 00:00:00-05:00,20.016720579836704,20.749665324299222,19.716213346445564,20.566429138183594,65000,0.0,0.0
2015-01-16 00:00:00-05:00,20.471140077279102,21.152778684910544,20.44915123903978,21.0574951171875,30500,0.0,0.0
2015-01-20 00:00:00-05:00,21.130790002207288,21.25539062385255,20.822953254494333,20.844942092895508,40400,0.0,0.0
2015-01-21 00:00:00-05:00,20.705690971406543,20.822962029671583,20.1853008251031,20.251264572143555,15100,0.0,0.0
2015-01-22 00:00:00-05:00,20.28057781595145,20.96954615442009,20.15597717386649,20.72767448425293,19400,0.0,0.0
2015-01-23 00:00:00-05:00,20.66903255179621,20.66903255179621,20.44914839393766,20.507783889770508,10800,0.0,0.0
2015-01-26 00:00:00-05:00,20.493127967751345,20.698352935218217,20.339210290636732,20.64704704284668,16500,0.0,0.0
2015-01-27 00:00:00-05:00,20.522445465793385,20.544434303494057,20.046031832790742,20.09733772277832,19200,0.0,0.0
2015-01-28 00:00:00-05:00,20.112003221498387,20.112003221498387,19.1445164285688,19.371728897094727,35400,0.0,0.0
2015-01-29 00:00:00-05:00,19.525640843162567,20.133984716339757,19.203146272838264,20.10466766357422,25600,0.0,0.0
2015-01-30 00:00:00-05:00,19.914102924945507,20.339210696189884,19.906773311891893,20.1926212310791,32400,0.0,0.0
2015-02-02 00:00:00-05:00,20.126654401441744,20.632386475323734,20.00205518405958,20.5517635345459,47100,0.0,0.0
2015-02-03 00:00:00-05:00,20.830282735842925,21.797769251698007,20.830282735842925,21.629192352294922,34000,0.0,0.0
2015-02-04 00:00:00-05:00,21.401984448324317,21.72447908942246,21.401984448324317,21.548572540283203,28300,0.0,0.0
2015-02-05 00:00:00-05:00,21.768453846764327,22.354808931681692,21.51192297287018,22.303503036499023,81300,0.0,0.0
2015-02-06 00:00:00-05:00,22.4134499011749,22.669980837572403,22.00300124172758,22.090953826904297,27300,0.0,0.0
2015-02-09 00:00:00-05:00,22.112942230624288,22.85321656465488,22.083623770830076,22.450096130371094,61800,0.0,0.0
2015-02-10 00:00:00-05:00,22.757928290281765,22.772587517165583,22.171573194737242,22.420774459838867,67900,0.0,0.0
2015-02-11 00:00:00-05:00,22.362138067403087,22.743269563449957,22.281513720706045,22.713951110839844,41400,0.0,0.0
2015-02-12 00:00:00-05:00,22.84588360395324,23.44689796190568,22.765259249307604,23.402921676635742,44300,0.0,0.0
2015-02-13 00:00:00-05:00,23.40291715183017,23.784048611762675,23.344281650146755,23.710752487182617,67000,0.0,0.0
2015-02-17 00:00:00-05:00,23.7840522412512,24.040581726525094,23.56416942587905,23.857345581054688,25000,0.0,0.0
2015-02-18 00:00:00-05:00,23.959954203262274,24.01859110411186,23.62280041126112,23.87200164794922,20800,0.0,0.0
2015-02-19 00:00:00-05:00,23.74006794447103,24.121199356360187,23.74006794447103,24.04057502746582,11500,0.0,0.0
2015-02-20 00:00:00-05:00,24.11388129404356,24.11388129404356,23.63746612963507,23.87933921813965,28400,0.0,0.0
2015-02-23 00:00:00-05:00,23.893994212397626,23.893994212397626,23.512865458978876,23.630136489868164,19900,0.0,0.0
2015-02-24 00:00:00-05:00,23.622803469283227,24.033253440479985,23.622803469283227,23.95262908935547,11000,0.0,0.0
2015-02-25 00:00:00-05:00,24.02592340247355,24.02592340247355,23.461555717695486,23.498205184936523,15500,0.0,0.0
2015-02-26 00:00:00-05:00,23.454228040645184,23.630135981173243,23.10241495555093,23.15372085571289,13900,0.0,0.0
2015-02-27 00:00:00-05:00,23.14638733446421,23.571495090021312,22.941162370478455,23.410247802734375,16000,0.0,0.0
2015-03-02 00:00:00-05:00,23.373597064545375,23.769387721666515,23.373597064545375,23.747400283813477,11100,0.0,0.0
2015-03-03 00:00:00-05:00,23.57882748095074,23.791382095365915,23.556840036687753,23.688770294189453,14500,0.0,0.0
2015-03-04 00:00:00-05:00,23.710755794880843,23.725415021841847,23.051107357405627,23.21235466003418,20300,0.0,0.0
2015-03-05 00:00:00-05:00,23.153717379832507,23.600813982092205,22.970481250772725,23.593482971191406,31400,0.0,0.0
2015-03-06 00:00:00-05:00,23.38093110913742,24.143192722133577,23.38093110913742,24.033252716064453,34600,0.0,0.0
2015-03-09 00:00:00-04:00,23.93796658703061,24.150521157102105,23.93796658703061,24.018590927124023,17700,0.0,0.0
2015-03-10 00:00:00-04:00,23.7987144505324,23.820701896036272,23.527522908161778,23.578828811645508,35600,0.0,0.0
2015-03-11 00:00:00-04:00,23.740071321039434,23.740071321039434,22.963150561671398,23.029115676879883,20200,0.0,0.0
2015-03-12 00:00:00-04:00,23.05121778514867,23.78791376184037,23.05121778514867,23.706876754760742,17700,0.16,0.0
2015-03-13 00:00:00-04:00,23.787917580489708,23.861586065875954,23.353266772056685,23.69214630126953,24600,0.0,0.0
2015-03-16 00:00:00-04:00,23.942627903553593,24.27414177504204,22.24085997523156,22.461868286132812,56700,0.0,0.0
2015-03-17 00:00:00-04:00,22.38818721205815,22.38818721205815,20.99583245667971,21.01056671142578,49000,0.0,0.0
2015-03-18 00:00:00-04:00,21.23894923989622,21.23894923989622,20.45068461050961,20.91480255126953,26100,0.0,0.0
2015-03-19 00:00:00-04:00,20.752728905259534,20.92216866867583,20.443316491347208,20.5759220123291,25600,0.0,0.0
2015-03-20 00:00:00-04:00,20.62748622283025,20.68642184154718,20.295972489337508,20.620119094848633,56600,0.0,0.0
2015-03-23 00:00:00-04:00,20.70115895442938,20.70115895442938,20.435947931034033,20.598020553588867,30200,0.0,0.0
2015-03-24 00:00:00-04:00,20.62748621059189,20.752724575933065,20.590651975841656,20.605384826660156,59300,0.0,0.0
2015-03-25 00:00:00-04:00,20.55382396647697,21.540996999735764,20.531723979476695,20.760099411010742,87300,0.0,0.0
2015-03-26 00:00:00-04:00,20.752729854289697,20.811665487961655,20.516987319601856,20.553821563720703,35300,0.0,0.0
2015-03-27 00:00:00-04:00,20.509616349741968,20.583286229322816,20.295973839471117,20.443313598632812,34900,0.0,0.0
2015-03-30 00:00:00-04:00,20.553816335955435,20.664320445342124,20.259138242545603,20.605384826660156,38500,0.0,0.0
2015-03-31 00:00:00-04:00,20.605389640987,20.907434932945158,20.56855539763066,20.76746368408203,121500,0.0,0.0
2015-04-01 00:00:00-04:00,20.841126145030895,23.93524925838872,20.841126145030895,23.8615779876709,154800,0.0,0.0
2015-04-02 00:00:00-04:00,23.670038304347816,24.26676014066822,23.13961639626601,23.8615779876709,72500,0.0,0.0
2015-04-06 00:00:00-04:00,23.647944977431525,24.11206433265589,23.559542227479707,23.87632179260254,42600,0.0,0.0
2015-04-07 00:00:00-04:00,23.743712912099124,23.942621179127634,23.64057591666338,23.72161293029785,20300,0.0,0.0
2015-04-08 00:00:00-04:00,23.662670948553462,23.7142394354839,23.205920288481664,23.338525772094727,21900,0.0,0.0
2015-04-09 00:00:00-04:00,23.191190281074817,23.507969793249593,22.697603893412385,23.27959442138672,49100,0.0,0.0
2015-04-10 00:00:00-04:00,23.35326175149125,23.90578370392272,22.837574033834148,22.9333438873291,92600,0.0,0.0
2015-04-13 00:00:00-04:00,23.080689404104273,23.169093556843585,22.918616763407933,22.948083877563477,34800,0.0,0.0
2015-04-14 00:00:00-04:00,23.021749911769746,23.021749911769746,22.74180605110251,22.837575912475586,34300,0.0,0.0
2015-04-15 00:00:00-04:00,23.051221327774414,23.051221327774414,22.75654176770107,22.85968017578125,27700,0.0,0.0
2015-04-16 00:00:00-04:00,22.837579757472582,22.98491954376888,22.61657148316448,22.97755241394043,25300,0.0,0.0
2015-04-17 00:00:00-04:00,22.822837806105966,22.962810415400508,22.63129671052814,22.741802215576172,19900,0.0,0.0
2015-04-20 00:00:00-04:00,22.741806995599205,22.89651248696609,22.668137111794717,22.830209732055664,30300,0.0,0.0
2015-04-21 00:00:00-04:00,22.808106451483862,22.91124484230043,22.46185985303064,22.844942092895508,30500,0.0,0.0
2015-04-22 00:00:00-04:00,22.81546961807657,23.55216545675676,22.7196997773079,23.4195613861084,18400,0.0,0.0
2015-04-23 00:00:00-04:00,23.426930961324135,23.640573464147284,23.35326248944749,23.53006935119629,30300,0.0,0.0
2015-04-24 00:00:00-04:00,23.485870428693485,23.832117080688477,23.309063537985217,23.832117080688477,15900,0.0,0.0
2015-04-27 00:00:00-04:00,23.69951016943399,24.16362945977838,23.677410187603616,23.91315269470215,54300,0.0,0.0
2015-04-28 00:00:00-04:00,23.935257913234377,24.112063406345698,23.86895515074947,24.02366065979004,22600,0.0,0.0
2015-04-29 00:00:00-04:00,23.85422272021299,23.85422272021299,23.368001956332375,23.699514389038086,20200,0.0,0.0
2015-04-30 00:00:00-04:00,23.55217597485612,23.566910235442446,22.918618226144748,23.161727905273438,37900,0.0,0.0
2015-05-01 00:00:00-04:00,23.095420417111722,23.53743830839894,22.63866826824983,23.27959442138672,72200,0.0,0.0
2015-05-04 00:00:00-04:00,23.21329643543033,23.817388473846723,23.16172792846298,23.699514389038086,66800,0.0,0.0
2015-05-05 00:00:00-04:00,23.522708438921363,24.045762034171226,23.441671412279565,23.898422241210938,75100,0.0,0.0
2015-05-06 00:00:00-04:00,23.868954122192513,23.868954122192513,23.4416690467528,23.655311584472656,27300,0.0,0.0
2015-05-07 00:00:00-04:00,23.566908840601855,23.72161575732889,23.35326769529047,23.574275970458984,47800,0.0,0.0
2015-05-08 00:00:00-04:00,23.846850892604266,23.92788790958623,23.530072764232372,23.83948516845703,21900,0.0,0.0
2015-05-11 00:00:00-04:00,24.13416486489896,24.671955532506676,24.13416486489896,24.2373046875,32900,0.0,0.0
2015-05-12 00:00:00-04:00,24.281501333309475,24.605649396550728,23.743713549617542,24.303604125976562,40800,0.0,0.0
2015-05-13 00:00:00-04:00,24.43621158098659,24.43621158098659,24.060497755876973,24.318340301513672,316900,0.0,0.0
2015-05-14 00:00:00-04:00,24.318338904134453,24.414110191413297,24.14889912527054,24.2373046875,41100,0.0,0.0
2015-05-15 00:00:00-04:00,24.252032238692294,24.288869288835496,23.773181499826705,23.972089767456055,60600,0.0,0.0
2015-05-18 00:00:00-04:00,23.92052459716797,24.09733009725235,23.832119036853022,23.92052459716797,66700,0.0,0.0
2015-05-19 00:00:00-04:00,24.04575585191549,24.04575585191549,23.721610638960072,23.935253143310547,28600,0.0,0.0
2015-05-20 00:00:00-04:00,24.016283957335936,24.12678946065371,23.77317578441719,23.927881240844727,37900,0.0,0.0
2015-05-21 00:00:00-04:00,23.93526122750571,24.038398247813948,23.78055288677032,23.942626953125,20300,0.0,0.0
2015-05-22 00:00:00-04:00,23.942617142493038,23.964717120568334,23.13225135818147,23.331159591674805,93900,0.0,0.0
2015-05-26 00:00:00-04:00,23.213295374205597,23.22066250416934,21.924077138414383,22.653406143188477,82700,0.0,0.0
2015-05-27 00:00:00-04:00,22.74917433793815,23.846851328801563,22.653404465773697,23.655311584472656,46100,0.0,0.0
2015-05-28 00:00:00-04:00,23.530075048669055,23.75845045808377,23.242762599264612,23.485872268676758,26300,0.0,0.0
2015-05-29 00:00:00-04:00,23.44166606202655,23.58900582135847,23.213290699684546,23.257492065429688,23400,0.0,0.0
2015-06-01 00:00:00-04:00,23.493234118663405,23.574271125300164,22.756538145997776,23.345895767211914,28500,0.0,0.0
2015-06-02 00:00:00-04:00,23.345899491634416,23.53007351418251,22.911248686010016,22.9554500579834,40300,0.0,0.0
2015-06-03 00:00:00-04:00,22.83757790586444,23.345898581723436,22.653403890494566,23.198558807373047,50800,0.0,0.0
2015-06-04 00:00:00-04:00,23.021755695555,23.21329687155839,22.78601314205435,23.07332420349121,19700,0.0,0.0
2015-06-05 00:00:00-04:00,22.97754956432018,23.205924940134167,22.81547553846702,23.06595230102539,36500,0.0,0.0
2015-06-08 00:00:00-04:00,23.0217471828739,23.235389671196216,22.90387594970846,23.191186904907227,39500,0.0,0.0
2015-06-09 00:00:00-04:00,23.205922587498325,23.301692443409106,22.999647214204927,23.154354095458984,25500,0.0,0.0
2015-06-10 00:00:00-04:00,23.345901014110268,23.692147693231696,23.220662614404837,23.485872268676758,40900,0.0,0.0
2015-06-11 00:00:00-04:00,23.419574239303863,23.44904135835268,23.088060367901097,23.18383026123047,25100,0.0,0.0
2015-06-12 00:00:00-04:00,23.043850926737456,23.205923537659423,22.955446790238877,23.146987915039062,16100,0.0,0.0
2015-06-15 00:00:00-04:00,22.94706167867703,23.324699845657523,22.880419566131764,23.021108627319336,30700,0.16,0.0
2015-06-16 00:00:00-04:00,22.998899077953162,23.07294604256116,22.83599688567827,22.88042449951172,39300,0.0,0.0
2015-06-17 00:00:00-04:00,22.880429884772777,23.072951473135134,22.613862726703037,22.665695190429688,24200,0.0,0.0
2015-06-18 00:00:00-04:00,22.776755748192716,22.91744481594484,22.39171272714908,22.5842342376709,31800,0.0,0.0
2015-06-19 00:00:00-04:00,22.658285018016105,23.124778494088243,22.532405601881024,22.88042449951172,104100,0.0,0.0
2015-06-22 00:00:00-04:00,23.05072563761839,23.065535309220255,22.85820555610627,22.910037994384766,18300,0.0,0.0
2015-06-23 00:00:00-04:00,22.813781475199043,22.932256048980193,22.40652530436737,22.569427490234375,45200,0.0,0.0
2015-06-24 00:00:00-04:00,22.56943233958937,22.65828899518148,22.39172044073378,22.458362579345703,32400,0.0,0.0
2015-06-25 00:00:00-04:00,22.495382820304112,22.502787658460857,22.32507577968435,22.3917179107666,23200,0.0,0.0
2015-06-26 00:00:00-04:00,22.502786001296617,22.502786001296617,22.21400439609249,22.43614387512207,91000,0.0,0.0
2015-06-29 00:00:00-04:00,22.21400078631569,22.354689853414236,21.910409555222294,21.99186134338379,28700,0.0,0.0
2015-06-30 00:00:00-04:00,22.214006489579912,22.214006489579912,21.480944444903194,21.517967224121094,22900,0.0,0.0
2015-07-01 00:00:00-04:00,21.85117004370658,21.962239753824313,21.48834157074706,21.64383888244629,36000,0.0,0.0
2015-07-02 00:00:00-04:00,21.65865339761038,21.86598460523937,21.473536701904308,21.828960418701172,18500,0.0,0.0
2015-07-06 00:00:00-04:00,21.614228180389766,21.94743742217467,21.510561858927574,21.821557998657227,28100,0.0,0.0
2015-07-07 00:00:00-04:00,21.791938004080254,21.791938004080254,21.036661534177863,21.155136108398438,25800,0.0,0.0
2015-07-08 00:00:00-04:00,21.044063568115234,21.125515356663982,21.021849058785172,21.044063568115234,25900,0.0,0.0
2015-07-09 00:00:00-04:00,21.258799587729214,21.510558394213206,21.029255292050834,21.051469802856445,26100,0.0,0.0
2015-07-10 00:00:00-04:00,21.288419082830174,21.458726096534036,21.118112069126312,21.221776962280273,23300,0.0,0.0
2015-07-13 00:00:00-04:00,21.155128986548323,21.421697394968824,21.11810622419119,21.147724151611328,20300,0.0,0.0
2015-07-14 00:00:00-04:00,21.07368214599673,21.221776054736257,21.044064211645736,21.110706329345703,23100,0.0,0.0
2015-07-15 00:00:00-04:00,21.214371978446227,21.214371978446227,21.03666012898604,21.051469802856445,14100,0.0,0.0
2015-07-16 00:00:00-04:00,21.11811549400301,21.11811549400301,20.955211878538112,21.00704574584961,15900,0.0,0.0
2015-07-17 00:00:00-04:00,21.007043333404074,21.007043333404074,20.888567348340604,20.910781860351562,21100,0.0,0.0
2015-07-20 00:00:00-04:00,21.00703971649221,21.00703971649221,20.733066431508636,20.762685775756836,16300,0.0,0.0
2015-07-21 00:00:00-04:00,20.88856375182748,21.05887215659849,20.733066431508636,20.762685775756836,18100,0.0,0.0
2015-07-22 00:00:00-04:00,20.903376226231188,20.91078106328592,20.399858605135424,20.473905563354492,16700,0.0,0.0
2015-07-23 00:00:00-04:00,20.570164054649155,20.570164054649155,19.726031112888087,19.77046012878418,32600,0.0,0.0
2015-07-24 00:00:00-04:00,19.792676797903823,19.844509246812716,19.622369776537948,19.718629837036133,29000,0.0,0.0
2015-07-27 00:00:00-04:00,19.585345693432615,19.585345693432615,19.32618205387905,19.392824172973633,10600,0.0,0.0
2015-07-28 00:00:00-04:00,19.429848216768487,19.570537300992786,19.252136358324886,19.326183319091797,25800,0.0,0.0
2015-07-29 00:00:00-04:00,19.415038346769926,20.429478450712875,19.40023008462821,20.370241165161133,33700,0.0,0.0
2015-07-30 00:00:00-04:00,20.355428597804465,20.370238270169743,19.859315872192383,19.859315872192383,12600,0.0,0.0
2015-07-31 00:00:00-04:00,19.925956310051284,19.925956310051284,19.49648573386652,19.80748176574707,29300,0.0,0.0
2015-08-03 00:00:00-04:00,19.76305872849502,19.93336574871944,19.622369645022182,19.748249053955078,23600,0.0,0.0
2015-08-04 00:00:00-04:00,19.7186298101983,19.7186298101983,19.252136358324886,19.326183319091797,19200,0.0,0.0
2015-08-05 00:00:00-04:00,19.363201378478177,19.526104934964923,19.16327505678697,19.311368942260742,19100,0.0,0.0
2015-08-06 00:00:00-04:00,19.215112043039397,19.296562422255146,19.141065088211107,19.148469924926758,16600,0.0,0.0
2015-08-07 00:00:00-04:00,19.081828575698513,19.20770798028034,18.837474603548873,19.18549346923828,23900,0.0,0.0
2015-08-10 00:00:00-04:00,19.252134204965778,21.332845237050584,19.252134204965778,20.918184280395508,60800,0.0,0.0
2015-08-11 00:00:00-04:00,20.7034502957531,20.7034502957531,19.252136098549272,19.281755447387695,34900,0.0,0.0
2015-08-12 00:00:00-04:00,19.252136985854346,19.274351498507002,18.400600440099534,18.696786880493164,47800,0.0,0.0
2015-08-13 00:00:00-04:00,18.726402327577265,18.726402327577265,18.252502709393383,18.29693031311035,40100,0.0,0.0
2015-08-14 00:00:00-04:00,18.24509993548517,19.807485201451215,18.23029167412456,19.78527069091797,71100,0.0,0.0
2015-08-17 00:00:00-04:00,19.666794561282124,19.666794561282124,18.704188445349125,18.889305114746094,23000,0.0,0.0
2015-08-18 00:00:00-04:00,18.822665790745,18.90411758929776,18.430217885015164,18.800451278686523,28100,0.0,0.0
2015-08-19 00:00:00-04:00,18.68197161219622,18.807850988217535,18.452427366155455,18.66716194152832,27500,0.0,0.0
2015-08-20 00:00:00-04:00,18.659763591172364,18.659763591172364,18.356172321588836,18.50426483154297,28300,0.0,0.0
2015-08-21 00:00:00-04:00,17.993339236423136,18.63754585073548,17.993339236423136,18.3709774017334,45000,0.0,0.0
2015-08-24 00:00:00-04:00,17.2158492183622,18.067385563901606,17.2158492183622,17.88226890563965,42600,0.0,0.0
2015-08-25 00:00:00-04:00,18.393197093299747,18.393197093299747,16.949286137401725,17.015928268432617,40900,0.0,0.0
2015-08-26 00:00:00-04:00,17.386155942647328,17.919292814286667,16.882638413800397,17.837841033935547,64200,0.0,0.0
2015-08-27 00:00:00-04:00,18.252499476898947,18.252499476898947,17.30470323304081,17.519437789916992,28000,0.0,0.0
2015-08-28 00:00:00-04:00,17.400970204119233,17.43799298004771,17.03073679552095,17.1566162109375,31400,0.0,0.0
2015-08-31 00:00:00-04:00,17.193635369442266,17.556463864052535,16.623477113527887,17.526845932006836,43300,0.0,0.0
2015-09-01 00:00:00-04:00,17.25287207792557,17.326919024094423,16.51240544089309,16.712331771850586,38300,0.0,0.0
2015-09-02 00:00:00-04:00,16.867834981522567,17.171426270378465,16.66790859744818,16.978904724121094,24600,0.0,0.0
2015-09-03 00:00:00-04:00,17.038143039633685,17.245474274001673,16.89004909903819,16.964096069335938,23000,0.0,0.0
2015-09-04 00:00:00-04:00,16.86783202069751,16.86783202069751,16.31248199285754,16.59385871887207,31300,0.0,0.0
2015-09-08 00:00:00-04:00,16.756770074177513,17.17143267256284,16.67531965247916,17.04555320739746,47800,0.0,0.0
2015-09-09 00:00:00-04:00,17.193635891776978,19.563129845196094,17.193635891776978,19.059612274169922,87400,0.0,0.0
2015-09-10 00:00:00-04:00,18.99297383087636,19.7630600089061,18.99297383087636,19.48168182373047,78200,0.0,0.0
2015-09-11 00:00:00-04:00,19.451885461137298,20.83757986492574,19.451885461137298,19.988283157348633,59300,0.16,0.0
2015-09-14 00:00:00-04:00,19.94357935838398,19.958479646385214,19.51893109713658,19.742429733276367,36100,0.0,0.0
2015-09-15 00:00:00-04:00,19.697730478095604,20.45017797769768,19.667929901808936,20.30862808227539,31600,0.0,0.0
2015-09-16 00:00:00-04:00,20.30117903306215,20.43527879164488,20.30117903306215,20.368228912353516,35700,0.0,0.0
2015-09-17 00:00:00-04:00,20.256476790207987,20.487425553117102,20.152176202950994,20.27137565612793,36800,0.0,0.0
2015-09-18 00:00:00-04:00,19.98827906721318,21.187725268838268,19.831830304028877,21.150474548339844,98800,0.0,0.0
2015-09-21 00:00:00-04:00,21.068520743404513,21.30691961343958,20.740721586621625,21.120670318603516,48500,0.0,0.0
2015-09-22 00:00:00-04:00,21.01636901031172,21.098319151876257,20.412921714073754,20.450172424316406,40700,0.0,0.0
2015-09-23 00:00:00-04:00,20.628975699517145,20.807774881561105,20.055327435686788,20.398025512695312,56800,0.0,0.0
2015-09-24 00:00:00-04:00,20.12983048636417,20.8599276117424,20.12983048636417,20.614078521728516,55800,0.0,0.0
2015-09-25 00:00:00-04:00,20.8524743218297,20.8524743218297,20.301176488618427,20.398025512695312,48200,0.0,0.0
2015-09-28 00:00:00-04:00,20.308628397428315,20.316078541615596,19.958480146444447,19.995729446411133,30500,0.0,0.0
2015-09-29 00:00:00-04:00,20.01062699193982,20.01062699193982,19.176229429941188,19.623228073120117,37500,0.0,0.0
2015-09-30 00:00:00-04:00,19.80947567225191,19.80947567225191,19.25072777195365,19.317777633666992,77800,0.0,0.0
2015-10-01 00:00:00-04:00,19.422076547167997,19.422076547167997,18.96762780582722,19.183677673339844,29000,0.0,0.0
2015-10-02 00:00:00-04:00,19.07192727026427,19.18367655825442,18.587679408327435,19.12407684326172,25600,0.0,0.0
2015-10-05 00:00:00-04:00,19.16877508858714,20.48742029982678,19.16877508858714,20.2639217376709,24400,0.0,0.0
2015-10-06 00:00:00-04:00,20.412929370579413,20.502329687724856,20.308630184717924,20.442729949951172,24400,0.0,0.0
2015-10-07 00:00:00-04:00,20.383126147933904,21.016372702650955,20.249026409439146,20.316076278686523,32100,0.0,0.0
2015-10-08 00:00:00-04:00,20.241579416944816,20.524677803747572,20.226679127910522,20.517229080200195,21500,0.0,0.0
2015-10-09 00:00:00-04:00,20.57682579021295,20.76307511285041,20.539575073103723,20.718374252319336,14000,0.0,0.0
2015-10-12 00:00:00-04:00,20.673675043601307,21.344172328389057,20.532125158944808,21.28457260131836,28400,0.0,0.0
2015-10-13 00:00:00-04:00,21.120674768318274,21.366523832458714,20.859925416419106,20.919525146484375,23300,0.0,0.0
2015-10-14 00:00:00-04:00,21.053626243601958,21.217525156542546,20.785426730635773,21.105775833129883,26500,0.0,0.0
2015-10-15 00:00:00-04:00,21.172824084980316,22.10407074350167,21.046174482582625,22.089170455932617,29300,0.0,0.0
2015-10-16 00:00:00-04:00,22.156220928511054,22.193471648441594,21.694323369129762,21.895471572875977,20400,0.0,0.0
2015-10-19 00:00:00-04:00,21.79117054014907,21.977419861005046,21.76882011009732,21.888019561767578,22700,0.0,0.0
2015-10-20 00:00:00-04:00,21.955069910227134,22.305219550500563,21.90292032660418,22.14876937866211,17400,0.0,0.0
2015-10-21 00:00:00-04:00,22.23072090657409,22.47656997378543,21.843321945826013,21.902921676635742,52200,0.0,0.0
2015-10-22 00:00:00-04:00,21.49316994476212,22.349916458129883,21.49316994476212,22.349916458129883,16800,0.0,0.0
2015-10-23 00:00:00-04:00,22.461665600019646,22.603215467808184,22.13386642970861,22.379716873168945,48500,0.0,0.0
2015-10-26 00:00:00-04:00,22.171117532724868,22.506365430579827,21.47826988780074,21.597469329833984,20700,0.0,0.0
2015-10-27 00:00:00-04:00,21.560220153946837,21.791168896517114,21.41122014011279,21.575119018554688,39800,0.0,0.0
2015-10-28 00:00:00-04:00,21.657069173020762,22.923565027980228,21.62727002282907,22.901214599609375,46000,0.0,0.0
2015-10-29 00:00:00-04:00,22.670272003363127,22.81182191281672,22.007224745926017,22.14132308959961,25600,0.0,0.0
2015-10-30 00:00:00-04:00,22.12642238762425,22.12642238762425,21.45592361996253,21.873123168945312,35700,0.0,0.0
2015-11-02 00:00:00-05:00,21.895468095760656,23.0055137959555,21.895468095760656,22.89376449584961,37900,0.0,0.0
2015-11-03 00:00:00-05:00,22.78201751014146,23.035316707297554,22.267968972269443,22.29776954650879,47300,0.0,0.0
2015-11-04 00:00:00-05:00,22.402066035843745,22.409516178512785,22.230717017364075,22.349916458129883,28200,0.0,0.0
2015-11-05 00:00:00-05:00,22.64791606257538,22.64791606257538,22.17856842140509,22.431867599487305,20400,0.0,0.0
2015-11-06 00:00:00-05:00,22.52871776510805,22.692616656529818,22.28286871749061,22.484018325805664,26800,0.0,0.0
2015-11-09 00:00:00-05:00,22.75966768094732,22.953367155713337,22.24562055045981,22.536169052124023,23700,0.0,0.0
2015-11-10 00:00:00-05:00,22.349916286843907,22.662815171698497,22.312666994753595,22.64791488647461,19700,0.0,0.0
2015-11-11 00:00:00-05:00,22.767119429207145,23.281168016891634,22.573419940790238,22.849069595336914,60200,0.0,0.0
2015-11-12 00:00:00-05:00,22.685170173403282,22.685170173403282,22.12642215357532,22.17112159729004,22900,0.0,0.0
2015-11-13 00:00:00-05:00,22.01467294011761,22.416972224368998,21.753924982884072,22.32012176513672,24900,0.0,0.0
2015-11-16 00:00:00-05:00,22.089167148591148,22.424416463850864,21.806068832014716,22.349916458129883,28400,0.0,0.0
2015-11-17 00:00:00-05:00,22.484020117757854,22.59576943540489,21.85077208979844,21.902921676635742,23200,0.0,0.0
2015-11-18 00:00:00-05:00,21.910370976321126,22.431869666538248,21.910370976321126,22.402069091796875,32000,0.0,0.0
2015-11-19 00:00:00-05:00,22.34992014097483,22.424420158972012,22.037021202162396,22.20092010498047,26900,0.0,0.0
2015-11-20 00:00:00-05:00,22.335018118400725,22.84161649627002,22.26796824950805,22.34246826171875,36000,0.0,0.0
2015-11-23 00:00:00-05:00,22.25307282006482,22.349921856215055,21.92527356830213,22.23817253112793,38500,0.0,0.0
2015-11-24 00:00:00-05:00,22.029570780129113,22.335019571188386,21.888020889818588,22.253070831298828,20100,0.0,0.0
2015-11-25 00:00:00-05:00,22.17112116093292,22.46911981478222,21.604923008134417,22.335020065307617,69500,0.0,0.0
2015-11-27 00:00:00-05:00,22.260518365856793,22.64791729709576,22.163669343531833,22.469118118286133,45800,0.0,0.0
2015-11-30 00:00:00-05:00,22.603219604960888,22.603219604960888,22.29777080659409,22.32756996154785,75400,0.0,0.0
2015-12-01 00:00:00-05:00,22.57341609305637,22.57341609305637,22.081718022029204,22.42441749572754,47900,0.0,0.0
2015-12-02 00:00:00-05:00,22.476569187850725,22.528718772864522,22.275419570537828,22.387168884277344,71400,0.0,0.0
2015-12-03 00:00:00-05:00,22.707524986194432,24.34652016481539,22.58087534583763,23.57172203063965,227700,0.0,0.0
2015-12-04 00:00:00-05:00,23.54936568577225,24.1304626846158,22.647918191740402,23.25881576538086,73800,0.0,0.0
2015-12-07 00:00:00-05:00,23.176868964002168,23.281168142570568,22.834169430039267,22.998069763183594,68600,0.0,0.0
2015-12-08 00:00:00-05:00,22.87887105988257,23.20667033650559,22.662822537791627,22.945920944213867,23700,0.0,0.0
2015-12-09 00:00:00-05:00,22.968266478209536,23.243916101748432,22.945916047878413,23.057666778564453,55600,0.0,0.0
2015-12-10 00:00:00-05:00,23.169419972028727,24.115565612463065,23.080019656688183,23.892066955566406,57200,0.0,0.0
2015-12-11 00:00:00-05:00,23.430163765291955,23.653662368893713,22.99806542295094,23.00551414489746,54700,0.0,0.0
2015-12-14 00:00:00-05:00,22.953098865718324,23.215206319516035,22.18175582796908,22.398929595947266,47300,0.16,0.0
2015-12-15 00:00:00-05:00,22.503772659205204,23.245162784665574,21.912160062452596,23.17027473449707,60000,0.0,0.0
2015-12-16 00:00:00-05:00,23.260131358580647,24.15878337052916,23.222688060388307,24.04645347595215,65500,0.0,0.0
2015-12-17 00:00:00-05:00,23.949102144092954,24.668023859582874,23.68699473301499,24.218698501586914,40400,0.0,0.0
2015-12-18 00:00:00-05:00,24.128831370282914,24.52573548845821,23.59712765968896,24.21120834350586,132700,0.0,0.0
2015-12-21 00:00:00-05:00,24.46582392366311,24.488292188831593,23.61210555088774,24.21120834350586,56700,0.0,0.0
2015-12-22 00:00:00-05:00,24.06144165235346,24.62309993555761,23.86673327610485,24.473323822021484,52800,0.0,0.0
2015-12-23 00:00:00-05:00,24.390941994687658,24.600626798138816,24.158788921765886,24.54071807861328,25700,0.0,0.0
2015-12-24 00:00:00-05:00,24.465826591462406,24.465826591462406,23.836770804593964,24.218698501586914,31100,0.0,0.0
2015-12-28 00:00:00-05:00,24.05394418735569,24.248653934598945,23.61210778220142,23.80681610107422,29000,0.0,0.0
2015-12-29 00:00:00-05:00,23.919153337570084,24.600630479126224,23.836776336247876,24.480810165405273,24300,0.0,0.0
2015-12-30 00:00:00-05:00,24.368477894335925,24.480807820773837,24.10636901916477,24.203723907470703,23100,0.0,0.0
2015-12-31 00:00:00-05:00,24.21121361062625,24.286100226170973,23.60462174044541,23.642065048217773,37800,0.0,0.0
2016-01-04 00:00:00-05:00,23.1253360288215,23.844259154702765,22.72843187729298,23.619596481323242,43900,0.0,0.0
2016-01-05 00:00:00-05:00,23.754398852022522,23.9865505265911,23.469825969813055,23.866731643676758,39500,0.0,0.0
2016-01-06 00:00:00-05:00,23.612106971151125,25.71645224656406,23.612106971151125,25.40192222595215,151700,0.0,0.0
2016-01-07 00:00:00-05:00,25.012515485737254,25.327042737976637,24.353502331901225,24.480810165405273,61200,0.0,0.0
2016-01-08 00:00:00-05:00,24.653049643369204,24.653049643369204,23.14780689853237,23.252649307250977,60800,0.0,0.0
2016-01-11 00:00:00-05:00,23.357487091415802,23.51475066373999,22.75838429937669,23.050447463989258,85400,0.0,0.0
2016-01-12 00:00:00-05:00,23.132827498788966,23.132827498788966,21.92713559183731,22.264129638671875,58600,0.0,0.0
2016-01-13 00:00:00-05:00,22.264124935346135,22.556188094948748,20.99103420229554,21.230674743652344,81700,0.0,0.0
2016-01-14 00:00:00-05:00,21.417896592520204,22.37645886971846,21.18574496955756,21.357986450195312,85800,0.0,0.0
2016-01-15 00:00:00-05:00,20.871216977817824,21.095879661037273,19.553192379616476,19.74041175842285,203700,0.0,0.0
2016-01-19 00:00:00-05:00,19.905167055976793,20.564178732216718,19.590638398860516,20.279605865478516,130300,0.0,0.0
2016-01-20 00:00:00-05:00,20.00251528172783,20.893679814997665,20.00251528172783,20.788837432861328,150500,0.0,0.0
2016-01-21 00:00:00-05:00,20.75888841395215,21.328035612247188,20.698978257730083,20.93113136291504,48600,0.0,0.0
2016-01-22 00:00:00-05:00,21.1707691066034,21.627583449988247,21.035970916356185,21.223190307617188,63600,0.0,0.0
2016-01-25 00:00:00-05:00,20.99852654293042,21.41040861143677,20.60910988607718,21.080902099609375,54700,0.0,0.0
2016-01-26 00:00:00-05:00,21.12583735376957,21.560187752401596,21.12583735376957,21.33552360534668,53400,0.0,0.0
2016-01-27 00:00:00-05:00,21.45534809234785,23.013013816235205,21.320549863527724,22.354001998901367,56700,0.0,0.0
2016-01-28 00:00:00-05:00,22.646053713661765,23.200222850291347,22.466323298676794,23.155290603637695,53500,0.0,0.0
2016-01-29 00:00:00-05:00,23.19273098444685,24.56317647598973,23.19273098444685,24.42089080810547,85400,0.0,0.0
2016-02-01 00:00:00-05:00,24.18125080140598,24.196228691514793,23.709457261569863,23.74690055847168,34800,0.0,0.0
2016-02-02 00:00:00-05:00,23.522240846236176,23.522240846236176,22.848251419574844,23.057937622070312,43100,0.0,0.0
2016-02-03 00:00:00-05:00,23.14780046480119,23.874211033140412,22.413900951010596,23.507261276245117,72800,0.0,0.0
2016-02-04 00:00:00-05:00,23.320042351349983,23.88918936072506,23.215199969854947,23.31255340576172,26500,0.0,0.0
2016-02-05 00:00:00-05:00,23.185249733383397,23.35000371899347,22.86323356628418,22.86323356628418,40100,0.0,0.0
2016-02-08 00:00:00-05:00,22.803324077576242,23.147807096814294,22.466328577564493,22.7434139251709,95800,0.0,0.0
2016-02-09 00:00:00-05:00,22.541213128143443,22.893185040373943,22.11435317993164,22.11435317993164,54200,0.0,0.0
2016-02-10 00:00:00-05:00,22.331524115095963,23.275109822146955,22.331524115095963,22.765872955322266,37200,0.0,0.0
2016-02-11 00:00:00-05:00,22.40641547171118,22.878207681168764,22.046954604660588,22.503768920898438,47500,0.0,0.0
2016-02-12 00:00:00-05:00,22.70596672329915,23.312557129126805,22.57865748470613,22.61610221862793,31900,0.0,0.0
2016-02-16 00:00:00-05:00,22.87820746459384,23.162781719592875,22.676011621523525,22.885696411132812,65200,0.0,0.0
2016-02-17 00:00:00-05:00,23.110362573951313,23.59713271523659,23.072917837932057,23.417402267456055,39500,0.0,0.0
2016-02-18 00:00:00-05:00,23.40242681899571,23.874219115183525,23.40242681899571,23.544713973999023,26600,0.0,0.0
2016-02-19 00:00:00-05:00,23.44735765735007,23.754397364335304,23.32753735356904,23.350004196166992,33900,0.0,0.0
2016-02-22 00:00:00-05:00,23.754393635196035,25.124839394373296,23.597130046810832,24.97506332397461,72100,0.0,0.0
2016-02-23 00:00:00-05:00,24.87022541905824,24.907668729228586,23.90417401863028,24.2711238861084,57200,0.0,0.0
2016-02-24 00:00:00-05:00,24.09887466476953,24.278603638788965,23.8143004563748,24.04645347595215,79800,0.0,0.0
2016-02-25 00:00:00-05:00,24.121349867833008,24.608121512229257,24.03897286431287,24.555700302124023,53000,0.0,0.0
2016-02-26 00:00:00-05:00,24.615604833339912,25.154797595867155,24.143814022869783,24.405920028686523,23500,0.0,0.0
2016-02-29 00:00:00-05:00,24.405913541451163,24.787839742228922,24.106361451505133,24.301071166992188,43200,0.0,0.0
2016-03-01 00:00:00-05:00,24.533225244094393,25.012509235963062,24.166276874836345,24.787843704223633,33400,0.0,0.0
2016-03-02 00:00:00-05:00,24.690496387544012,24.690496387544012,23.964084171925265,24.2711238861084,69600,0.0,0.0
2016-03-03 00:00:00-05:00,24.32353947243893,24.62309159808165,24.113854698533505,24.49578094482422,63900,0.0,0.0
2016-03-04 00:00:00-05:00,24.563180548219457,25.102373243049964,24.413404482239777,24.510759353637695,31200,0.0,0.0
2016-03-07 00:00:00-05:00,24.360981014152635,24.465823393531668,24.19622992801726,24.458335876464844,71600,0.0,0.0
2016-03-08 00:00:00-05:00,24.30107483998268,24.690491473074786,23.994035186913635,24.338518142700195,75100,0.0,0.0
2016-03-09 00:00:00-05:00,24.540715152019626,24.540715152019626,23.97905704683476,24.15129852294922,59500,0.0,0.0
2016-03-10 00:00:00-05:00,25.08739436013358,27.221693931657605,24.90017499923706,26.210710525512695,169700,0.0,0.0
2016-03-11 00:00:00-05:00,25.98605388326114,27.229190613307775,25.634080489086628,26.847261428833008,138200,0.0,0.0
2016-03-14 00:00:00-04:00,26.704976282487564,27.363989399513322,26.375471152345416,27.086902618408203,142600,0.0,0.0
2016-03-15 00:00:00-04:00,26.637575007961264,27.2591447639678,26.39793441345642,26.77237319946289,84200,0.0,0.0
2016-03-16 00:00:00-04:00,26.637576543183727,27.0869019695913,26.13582991225332,26.62259864807129,58400,0.0,0.0
2016-03-17 00:00:00-04:00,26.599967568908944,27.565595167012667,26.599967568908944,27.52033042907715,93000,0.26,0.0
2016-03-18 00:00:00-04:00,27.686286560605872,28.80279039123518,27.663652762305734,28.27471351623535,92300,0.0,0.0
2016-03-21 00:00:00-04:00,28.304896801982412,28.99139604122988,28.033314179372308,28.802797317504883,62400,0.0,0.0
2016-03-22 00:00:00-04:00,28.742442758437754,28.780164803331598,28.071031799474326,28.682092666625977,42400,0.0,0.0
2016-03-23 00:00:00-04:00,28.508581644824133,28.991393881140677,28.146472467586722,28.734899520874023,80800,0.0,0.0
2016-03-24 00:00:00-04:00,28.50104847320013,29.511938111553732,28.274730498778403,29.074390411376953,84500,0.0,0.0
2016-03-28 00:00:00-04:00,29.270523608337864,29.51947532423003,28.493497727441163,28.863149642944336,75700,0.0,0.0
2016-03-29 00:00:00-04:00,28.893320929035326,30.175792694091797,28.87069000540687,30.175792694091797,56500,0.0,0.0
2016-03-30 00:00:00-04:00,30.175799213069894,30.175799213069894,28.10875570074768,28.76508140563965,95600,0.0,0.0
2016-03-31 00:00:00-04:00,28.89332658564326,29.421403636732027,28.380337779189986,28.463321685791016,221300,0.0,0.0
2016-04-01 00:00:00-04:00,28.19173320963543,28.56893061417672,28.09366395646192,28.297348022460938,125100,0.0,0.0
2016-04-04 00:00:00-04:00,28.418054022816165,28.68963664268609,27.889979903944766,28.28980827331543,90700,0.0,0.0
2016-04-05 00:00:00-04:00,27.595765034932647,28.267175991974245,27.580676792575897,28.146472930908203,102000,0.0,0.0
2016-04-06 00:00:00-04:00,28.0484005675376,28.48594808119121,27.867344538509514,28.25963020324707,64700,0.0,0.0
2016-04-07 00:00:00-04:00,28.025776206221742,28.43314733080514,27.98051146891753,28.176652908325195,51000,0.0,0.0
2016-04-08 00:00:00-04:00,28.365245344399124,29.149816682816507,28.12383922146885,28.229454040527344,58100,0.0,0.0
2016-04-11 00:00:00-04:00,28.312436728671774,29.02911238462065,27.9050657121997,28.252086639404297,132400,0.0,0.0
2016-04-12 00:00:00-04:00,28.252086106812268,28.802793970765208,28.214366942007675,28.485946655273438,60800,0.0,0.0
2016-04-13 00:00:00-04:00,28.58403178067291,29.059301531080546,28.33508287755689,28.870702743530273,115200,0.0,0.0
2016-04-14 00:00:00-04:00,28.953674550234908,28.953674550234908,28.274718048155467,28.478404998779297,74200,0.0,0.0
2016-04-15 00:00:00-04:00,28.440696288080098,28.644383313584033,28.2520975101456,28.30490493774414,52900,0.0,0.0
2016-04-18 00:00:00-04:00,28.184190990360975,28.319982288447623,27.693833205293885,28.252086639404297,40700,0.0,0.0
2016-04-19 00:00:00-04:00,28.35770751450639,28.410514933071756,28.010686513137273,28.312442779541016,51700,0.0,0.0
2016-04-20 00:00:00-04:00,28.395431891493395,29.089476899202563,28.101218254775542,28.88578987121582,94400,0.0,0.0
2016-04-21 00:00:00-04:00,29.01403388107677,29.01403388107677,28.546309740563245,28.697189331054688,156100,0.0,0.0
2016-04-22 00:00:00-04:00,28.259633930420733,29.059293607597926,28.252091247202568,28.98385238647461,32900,0.0,0.0
2016-04-25 00:00:00-04:00,28.983853625654987,28.983853625654987,28.199285036947217,28.689640045166016,52500,0.0,0.0
2016-04-26 00:00:00-04:00,28.870696540649444,30.002289022827973,28.742447896219193,29.80614471435547,62700,0.0,0.0
2016-04-27 00:00:00-04:00,29.587367373206423,30.024914896194247,29.519471720595966,29.828773498535156,49500,0.0,0.0
2016-04-28 00:00:00-04:00,29.715613672934357,29.881581466366363,29.459119300261285,29.77596664428711,40000,0.0,0.0
2016-04-29 00:00:00-04:00,29.78352032951788,30.847217381365336,29.78352032951788,30.68879508972168,63300,0.0,0.0
2016-05-02 00:00:00-04:00,30.756684001481787,31.65441300106329,30.198430444218577,31.14142417907715,71400,0.0,0.0
2016-05-03 00:00:00-04:00,30.89247113668427,31.473355543851994,30.462466282173686,31.36019515991211,100200,0.0,0.0
2016-05-04 00:00:00-04:00,31.09616022030653,31.60914900762813,30.79440109442736,31.42809295654297,69900,0.0,0.0
2016-05-05 00:00:00-04:00,31.367738259017585,31.68458270472667,31.15650575075698,31.413000106811523,56600,0.0,0.0
2016-05-06 00:00:00-04:00,31.42054598060509,31.903358213817455,31.42054598060509,31.744935989379883,47000,0.0,0.0
2016-05-09 00:00:00-04:00,31.827922952724048,31.95617159489776,30.92265128514031,31.458271026611328,46800,0.0,0.0
2016-05-10 00:00:00-04:00,31.435633352716806,34.309878889242476,31.11878888360385,32.81617736816406,129900,0.0,0.0
2016-05-11 00:00:00-04:00,31.760028884772375,31.87318928779715,28.76508264113478,28.91596221923828,224600,0.0,0.0
2016-05-12 00:00:00-04:00,28.636827140822785,29.353502806999895,27.52786869433887,28.123838424682617,68600,0.0,0.0
2016-05-13 00:00:00-04:00,27.995597154064544,28.561393368567746,27.573134944565012,27.79191017150879,66300,0.0,0.0
2016-05-16 00:00:00-04:00,27.76927431076949,28.27471745793154,27.50523439756681,27.716466903686523,71700,0.0,0.0
2016-05-17 00:00:00-04:00,27.59576770497528,27.731556143748378,27.158217267657985,27.17330551147461,95700,0.0,0.0
2016-05-18 00:00:00-04:00,27.173308860622637,27.8673508949994,27.173308860622637,27.48261070251465,55500,0.0,0.0
2016-05-19 00:00:00-04:00,27.21857446310212,27.21857446310212,26.200139430985974,26.252946853637695,108600,0.0,0.0
2016-05-20 00:00:00-04:00,26.313297835554163,26.826286654660436,26.268033100531202,26.705583572387695,62400,0.0,0.0
2016-05-23 00:00:00-04:00,26.60750378749036,27.18838810363463,26.516977221196655,27.075227737426758,39900,0.0,0.0
2016-05-24 00:00:00-04:00,27.165757727710425,27.791906844815625,26.87908975201727,27.384532928466797,51500,0.0,0.0
2016-05-25 00:00:00-04:00,27.3317282231094,27.53541520144096,27.158217732928065,27.218570709228516,33700,0.0,0.0
2016-05-26 00:00:00-04:00,27.158218147753193,27.45997727828801,27.158218147753193,27.180849075317383,36800,0.0,0.0
2016-05-27 00:00:00-04:00,27.2864733499312,27.482617715989505,27.02998174134461,27.2789306640625,34800,0.0,0.0
2016-05-31 00:00:00-04:00,27.361902883573027,27.399622052347137,26.992248122895283,27.211023330688477,55400,0.0,0.0
2016-06-01 00:00:00-04:00,27.158212531102848,27.535409927368168,26.863999022461943,27.535409927368164,38000,0.0,0.0
2016-06-02 00:00:00-04:00,27.45244121693602,27.633497333467584,26.954540493710898,27.2789306640625,39800,0.0,0.0
2016-06-03 00:00:00-04:00,27.135580700147663,27.28645735137462,26.63013470961687,27.075227737426758,60600,0.0,0.0
2016-06-06 00:00:00-04:00,27.014882300146976,27.70892422411477,26.88663367119492,27.444887161254883,43200,0.0,0.0
2016-06-07 00:00:00-04:00,27.34682124557853,27.79945713576913,27.301556505443944,27.573139190673828,54300,0.0,0.0
2016-06-08 00:00:00-04:00,27.437336144060954,27.87488647868214,27.41470522254178,27.603303909301758,65500,0.0,0.0
2016-06-09 00:00:00-04:00,27.490153455634843,28.00314229876447,27.037517595362164,27.92015838623047,52100,0.0,0.0
2016-06-10 00:00:00-04:00,27.641025937679903,27.784362796266652,27.3920771417884,27.422250747680664,41100,0.0,0.0
2016-06-13 00:00:00-04:00,27.19431613735195,27.604625029099957,27.19431613735195,27.475452423095703,77100,0.26,0.0
2016-06-14 00:00:00-04:00,27.47544501597767,27.61981163221889,26.008973293371387,26.198930740356445,154500,0.0,0.0
2016-06-15 00:00:00-04:00,26.35089806987437,26.594043377443626,25.97858018724105,26.008974075317383,52300,0.0,0.0
2016-06-16 00:00:00-04:00,26.00137705255865,26.069761851470048,25.47709262806437,26.008974075317383,37100,0.0,0.0
2016-06-17 00:00:00-04:00,26.06975685609566,26.472465651119286,26.06975685609566,26.350893020629883,59000,0.0,0.0
2016-06-20 00:00:00-04:00,26.844789091758443,27.239898049813185,26.624437747001213,26.685222625732422,61600,0.0,0.0
2016-06-21 00:00:00-04:00,26.806791112565463,26.89037284402741,26.252115774751076,26.723209381103516,52400,0.0,0.0
2016-06-22 00:00:00-04:00,26.844787514254318,27.01954801580297,26.58644527315618,26.64723014831543,38300,0.0,0.0
2016-06-23 00:00:00-04:00,27.0651413748036,27.574228936635418,26.859986945276255,27.300689697265625,67100,0.0,0.0
2016-06-24 00:00:00-04:00,25.940585382955835,26.692818058077798,25.826612667556926,26.12294578552246,158200,0.0,0.0
2016-06-27 00:00:00-04:00,25.74303357787169,26.00137581720499,24.702064699620127,24.785646438598633,42100,0.0,0.0
2016-06-28 00:00:00-04:00,25.074386184277092,25.218752818840226,24.550104607527945,24.808446884155273,68800,0.0,0.0
2016-06-29 00:00:00-04:00,25.00598905176926,26.016563691100405,24.770440860262408,25.986169815063477,43100,0.0,0.0
2016-06-30 00:00:00-04:00,26.130540785034157,26.4724647018117,25.644250280515003,26.45726776123047,69100,0.0,0.0
2016-07-01 00:00:00-04:00,26.563644657643874,26.776398936959126,26.29010551175296,26.639629364013672,55100,0.0,0.0
2016-07-05 00:00:00-04:00,26.49526472223753,26.49526472223753,25.59866531255514,25.796222686767578,43600,0.0,0.0
2016-07-06 00:00:00-04:00,25.62905477988987,26.768799300837646,25.530276109822072,26.609235763549805,37400,0.0,0.0
2016-07-07 00:00:00-04:00,26.601637698008467,26.92836471533836,26.411680264608314,26.61683464050293,31000,0.0,0.0
2016-07-08 00:00:00-04:00,26.844786955620872,27.475444152562144,26.844786955620872,27.12592315673828,30100,0.0,0.0
2016-07-11 00:00:00-04:00,27.186709104375385,27.923744932151987,27.103127363264143,27.741384506225586,27800,0.0,0.0
2016-07-12 00:00:00-04:00,27.87815718423773,28.69117492192936,27.87815718423773,28.128902435302734,98300,0.0,0.0
2016-07-13 00:00:00-04:00,28.258067081709275,28.782351459117073,27.733785602821918,28.470821380615234,60300,0.0,0.0
2016-07-14 00:00:00-04:00,28.774753911043756,29.90690159612927,28.516411661337575,28.73676300048828,174500,0.0,0.0
2016-07-15 00:00:00-04:00,28.972315472357643,28.98751241848113,28.62279150855963,28.9039306640625,50700,0.0,0.0
2016-07-18 00:00:00-04:00,28.896328458950734,29.519388708186906,28.660783058947345,29.359825134277344,124100,0.0,0.0
2016-07-19 00:00:00-04:00,29.3218387065808,29.99808691723225,28.934326696591324,29.489002227783203,113400,0.0,0.0
2016-07-20 00:00:00-04:00,29.663759170122663,29.747340920571276,29.162271565951944,29.26104736328125,56800,0.0,0.0
2016-07-21 00:00:00-04:00,29.31423590270176,29.31423590270176,28.73676361523069,29.086284637451172,47700,0.0,0.0
2016-07-22 00:00:00-04:00,29.10147173100831,29.830907417041992,29.10147173100831,29.443395614624023,36500,0.0,0.0
2016-07-25 00:00:00-04:00,29.549774719080883,29.57256868112723,29.05588718411609,29.276235580444336,51400,0.0,0.0
2016-07-26 00:00:00-04:00,29.162270059362267,29.542184979213445,29.048294423998588,29.215457916259766,38300,0.0,0.0
2016-07-27 00:00:00-04:00,29.124267251429583,29.390206427295645,29.01788868256353,29.16225814819336,26800,0.0,0.0
2016-07-28 00:00:00-04:00,29.05588642779402,29.375013482216414,28.85073207915676,29.253440856933594,30200,0.0,0.0
2016-07-29 00:00:00-04:00,28.957112960802753,29.504191322017817,28.957112960802753,29.200258255004883,41100,0.0,0.0
2016-08-01 00:00:00-04:00,29.19265378689765,29.91449253472447,29.093878019246894,29.602962493896484,69300,0.0,0.0
2016-08-02 00:00:00-04:00,29.633358067993736,30.112051586831615,28.52400741032396,28.569595336914062,59300,0.0,0.0
2016-08-03 00:00:00-04:00,28.69117376777328,29.458603536960673,28.675979721520815,29.39021873474121,36500,0.0,0.0
2016-08-04 00:00:00-04:00,29.481395030346214,29.861309922228305,28.65318045010243,28.72156524658203,26300,0.0,0.0
2016-08-05 00:00:00-04:00,28.919123165899702,29.420610716821866,28.68357488496632,28.97231101989746,28600,0.0,0.0
2016-08-08 00:00:00-04:00,28.926719665527344,29.557379777984806,28.888728756004504,28.926719665527344,19400,0.0,0.0
2016-08-09 00:00:00-04:00,29.223056799918616,30.955470915735702,28.957117498498953,30.248828887939453,94300,0.0,0.0
2016-08-10 00:00:00-04:00,30.317210105094183,30.484370689690387,30.11205571177458,30.226028442382812,49600,0.0,0.0
2016-08-11 00:00:00-04:00,30.34759328011708,30.38558707905767,30.051260198907862,30.134841918945312,51900,0.0,0.0
2016-08-12 00:00:00-04:00,29.952496054190256,30.013283843137472,29.564984044476336,29.694156646728516,41500,0.0,0.0
2016-08-15 00:00:00-04:00,30.317212548224436,30.60594580784955,30.074067225108085,30.476776123046875,114500,0.0,0.0
2016-08-16 00:00:00-04:00,30.56035318011012,30.773104580547862,30.408386651860116,30.46917152404785,76300,0.0,0.0
2016-08-17 00:00:00-04:00,30.47676930594799,30.621135903468364,30.22602411715339,30.491966247558594,88000,0.0,0.0
2016-08-18 00:00:00-04:00,30.400768375803022,30.476753043310016,30.09683840133112,30.385574340820312,37200,0.0,0.0
2016-08-19 00:00:00-04:00,30.31720596001102,30.95546301912242,30.180436383164274,30.57554817199707,56100,0.0,0.0
2016-08-22 00:00:00-04:00,30.68192758720851,30.77310634999309,30.26402178438186,30.59074592590332,39900,0.0,0.0
2016-08-23 00:00:00-04:00,30.64394413496559,30.940277360020264,30.59835329321821,30.712326049804688,60900,0.0,0.0
2016-08-24 00:00:00-04:00,30.71992191476128,30.849091601534294,30.317213010679612,30.529964447021484,44900,0.0,0.0
2016-08-25 00:00:00-04:00,30.53755711162662,30.53755711162662,30.013275618965242,30.066463470458984,42300,0.0,0.0
2016-08-26 00:00:00-04:00,30.271615134888684,30.590742215184257,30.1120515947409,30.57554817199707,96200,0.0,0.0
2016-08-29 00:00:00-04:00,30.750313550569206,31.464552533433846,30.750313550569206,31.19101333618164,161300,0.0,0.0
2016-08-30 00:00:00-04:00,31.229010892312427,31.46455922862764,31.213816843472653,31.297395706176758,51600,0.0,0.0
2016-08-31 00:00:00-04:00,31.342977487142154,31.418959303460362,31.046644345572453,31.1378231048584,106200,0.0,0.0
2016-09-01 00:00:00-04:00,31.206208204872155,31.22140514798887,30.028472649271453,30.264020919799805,37900,0.0,0.0
2016-09-02 00:00:00-04:00,30.271617603974217,30.431181157136702,30.096857107864757,30.302011489868164,34500,0.0,0.0
2016-09-06 00:00:00-04:00,30.40077888950686,30.514754480924946,29.762521954308923,29.84610366821289,43700,0.0,0.0
2016-09-07 00:00:00-04:00,29.82331283142716,30.127245841346518,29.724534168425368,30.028467178344727,51900,0.0,0.0
2016-09-08 00:00:00-04:00,30.142436085082068,30.697114193070778,30.05125735300322,30.567941665649414,61100,0.0,0.0
2016-09-09 00:00:00-04:00,30.286811883595803,30.765505399508978,29.975281826879026,30.491966247558594,157500,0.0,0.0
2016-09-12 00:00:00-04:00,30.37798467905954,30.476763330902543,29.777718646465427,30.195627212524414,90600,0.0,0.0
2016-09-13 00:00:00-04:00,29.86675440577295,30.165039072011222,29.071326684064953,29.163108825683594,74700,0.26,0.0
2016-09-14 00:00:00-04:00,29.056029941518812,30.906925865410052,28.94130373371026,30.868684768676758,187800,0.0,0.0
2016-09-15 00:00:00-04:00,30.708069398682,31.274044613922385,30.616287268419853,31.251100540161133,83700,0.0,0.0
2016-09-16 00:00:00-04:00,31.014009841272483,32.451898194543766,31.014009841272483,32.34482192993164,94300,0.0,0.0
2016-09-19 00:00:00-04:00,32.43659642243432,32.69663999170428,31.38877509226226,31.526445388793945,59800,0.0,0.0
2016-09-20 00:00:00-04:00,31.801773472608456,31.924146697211146,31.189904431987202,31.24344253540039,22700,0.0,0.0
2016-09-21 00:00:00-04:00,31.411717668349194,31.970045880892165,31.358179546434716,31.633520126342773,48700,0.0,0.0
2016-09-22 00:00:00-04:00,31.855326315904296,32.505433825367994,31.35818321976677,32.36776351928711,109800,0.0,0.0
2016-09-23 00:00:00-04:00,32.207150059630905,32.39070852793727,31.37348114558228,32.01594161987305,144800,0.0,0.0
2016-09-26 00:00:00-04:00,31.794130674176607,31.9241538957903,31.144023318933552,31.166967391967773,38700,0.0,0.0
2016-09-27 00:00:00-04:00,31.197565959270108,31.2816981294093,30.838093202351352,30.94516944885254,30600,0.0,0.0
2016-09-28 00:00:00-04:00,30.914578750802345,31.212866363864975,30.685129209500428,31.121084213256836,47200,0.0,0.0
2016-09-29 00:00:00-04:00,31.00635988935625,31.1287331685636,30.279767267608637,30.501569747924805,51900,0.0,0.0
2016-09-30 00:00:00-04:00,30.662183787038032,30.662183787038032,30.080911446703876,30.2109317779541,50900,0.0,0.0
2016-10-03 00:00:00-04:00,30.134444958301337,31.2052102460042,30.027365803683274,31.014001846313477,70100,0.0,0.0
2016-10-04 00:00:00-04:00,31.014006634822536,31.014006634822536,30.180337766749606,30.379196166992188,44800,0.0,0.0
2016-10-05 00:00:00-04:00,30.53980779987933,31.18991523367477,30.241523143958865,30.899280548095703,48400,0.0,0.0
2016-10-06 00:00:00-04:00,31.00635617859429,31.37347597228037,30.899279936803616,31.205211639404297,31100,0.0,0.0
2016-10-07 00:00:00-04:00,31.243453317312238,31.40407060058759,30.975762707868018,31.182268142700195,40100,0.0,0.0
2016-10-10 00:00:00-04:00,31.342878659363713,31.878262730114145,31.3199345864029,31.648813247680664,83800,0.0,0.0
2016-10-11 00:00:00-04:00,31.725304495686302,32.03888622533626,31.335240555920464,31.388778686523438,56500,0.0,0.0
2016-10-12 00:00:00-04:00,31.46525233543272,31.70999884234295,31.136373669720502,31.572328567504883,31800,0.0,0.0
2016-10-13 00:00:00-04:00,31.472911680890366,31.472911680890366,30.48627538982907,30.983415603637695,41700,0.0,0.0
2016-10-14 00:00:00-04:00,31.335240530174197,31.70236039012549,31.205217271952886,31.22051429748535,42300,0.0,0.0
2016-10-17 00:00:00-04:00,31.488205245926853,31.664119582397245,31.296996801389696,31.34288787841797,23600,0.0,0.0
2016-10-18 00:00:00-04:00,31.62586775776055,31.755890985127824,31.335233094438127,31.641164779663086,38500,0.0,0.0
2016-10-19 00:00:00-04:00,31.809434560152113,32.26833362552176,31.809434560152113,32.13831329345703,42100,0.0,0.0
2016-10-20 00:00:00-04:00,32.17655549925339,32.48249016506257,31.679412396715758,31.755897521972656,31200,0.0,0.0
2016-10-21 00:00:00-04:00,31.457616488224044,31.9547567310048,31.26640802924463,31.870624542236328,16400,0.0,0.0
2016-10-24 00:00:00-04:00,31.985346738564786,32.558972042940205,31.985346738564786,32.35246658325195,19800,0.0,0.0
2016-10-25 00:00:00-04:00,32.32187502205467,32.52838049764264,32.015943253398326,32.329524993896484,33200,0.0,0.0
2016-10-26 00:00:00-04:00,32.13831507541444,32.32187354469634,31.71000711774125,31.7176570892334,18300,0.0,0.0
2016-10-27 00:00:00-04:00,31.985346866995766,32.06182907417592,31.57998591724442,31.88591766357422,65300,0.0,0.0
2016-10-28 00:00:00-04:00,31.893557504249934,32.12300697051769,31.472899663157662,31.625864028930664,18300,0.0,0.0
2016-10-31 00:00:00-04:00,31.41936736098417,31.64116689940855,31.04459759328643,31.228158950805664,40000,0.0,0.0
2016-11-01 00:00:00-04:00,31.350532824144935,31.419367969847478,30.417434830756886,30.570402145385742,51600,0.0,0.0
2016-11-02 00:00:00-04:00,30.64688144207217,31.205209607634238,30.44802599420964,30.48626708984375,30100,0.0,0.0
2016-11-03 00:00:00-04:00,30.516864017921975,30.991060067345998,30.516864017921975,30.669828414916992,42100,0.0,0.0
2016-11-04 00:00:00-04:00,30.600996455304504,31.31229206230281,29.89735081951775,30.77691078186035,25800,0.0,0.0
2016-11-07 00:00:00-05:00,31.205203593892403,31.977686997831032,30.914566071388204,31.862960815429688,41900,0.0,0.0
2016-11-08 00:00:00-05:00,31.740593213060514,31.985339722499525,30.9834066936277,31.6947021484375,27500,0.0,0.0
2016-11-09 00:00:00-05:00,31.365816043651552,37.247386680676684,31.365816043651552,36.329586029052734,194400,0.0,0.0
2016-11-10 00:00:00-05:00,37.24739767095193,37.90515504732148,35.78656558155789,36.10014724731445,132100,0.0,0.0
2016-11-11 00:00:00-05:00,36.09250683652339,37.27035161697363,35.985430568775094,37.14033126831055,184900,0.0,0.0
2016-11-14 00:00:00-05:00,37.4768480794684,39.58014057372427,37.04089314134042,37.66805648803711,135600,0.0,0.0
2016-11-15 00:00:00-05:00,37.66805035753195,38.15754333698509,36.85732578680751,38.027523040771484,73300,0.0,0.0
2016-11-16 00:00:00-05:00,37.790431703402795,40.24554709592193,37.790431703402795,40.19200897216797,89500,0.0,0.0
2016-11-17 00:00:00-05:00,37.46920279374353,39.09829641089101,37.23210330559867,38.86884689331055,87000,0.0,0.0
2016-11-18 00:00:00-05:00,39.13653621905932,40.73503865401224,38.991218876830445,40.2990837097168,57600,0.0,0.0
2016-11-21 00:00:00-05:00,40.719750700658466,40.719750700658466,39.557203034360086,39.870784759521484,45100,0.0,0.0
2016-11-22 00:00:00-05:00,40.31438546765072,40.811528562395395,39.67192501360967,39.947265625,62200,0.0,0.0
2016-11-23 00:00:00-05:00,40.12318390733733,41.00274402021989,39.75606400179608,40.60503005981445,37700,0.0,0.0
2016-11-25 00:00:00-05:00,40.719746074326856,41.232183235288694,40.17671194857985,40.19200897216797,22900,0.0,0.0
2016-11-28 00:00:00-05:00,40.58208750346165,40.98744853402092,39.48072482781417,39.64134216308594,66300,0.0,0.0
2016-11-29 00:00:00-05:00,39.95490815489173,42.52474657483258,38.87649290619958,41.75226593017578,106300,0.0,0.0
2016-11-30 00:00:00-05:00,42.165274273381684,42.165274273381684,40.63560717900653,41.308658599853516,60600,0.0,0.0
2016-12-01 00:00:00-05:00,41.31632287765046,41.889948236696235,39.93962259946248,40.253204345703125,53500,0.0,0.0
2016-12-02 00:00:00-05:00,40.00080814257983,40.04669922205052,38.899448493768446,39.75606155395508,79400,0.0,0.0
2016-12-05 00:00:00-05:00,39.8554863732494,41.35455979270477,39.8554863732494,41.28572463989258,64800,0.0,0.0
2016-12-06 00:00:00-05:00,41.28572127111951,42.93776188620215,40.895657382084394,42.463565826416016,76900,0.0,0.0
2016-12-07 00:00:00-05:00,42.524761003102924,43.30489188223675,42.08880594088249,42.991310119628906,53800,0.0,0.0
2016-12-08 00:00:00-05:00,42.88422875745696,43.95499719019019,42.31060343655185,43.40431594848633,42500,0.0,0.0
2016-12-09 00:00:00-05:00,43.62611062586476,44.01617449047028,42.402375076543876,43.88615417480469,73700,0.0,0.0
2016-12-12 00:00:00-05:00,43.2895865396891,44.05442024475505,42.96835778401374,43.19780731201172,66200,0.0,0.0
2016-12-13 00:00:00-05:00,43.59552328451231,43.99323718037886,43.052492028036696,43.7867317199707,51600,0.0,0.0
2016-12-14 00:00:00-05:00,43.79440589496029,44.17856735017924,43.41792637924123,44.094051361083984,43200,0.26,0.0
2016-12-15 00:00:00-05:00,44.19393712120962,44.89311089931784,43.917340385972174,44.08637237548828,66200,0.0,0.0
2016-12-16 00:00:00-05:00,44.1555225838407,44.83164469575423,43.65611147463861,43.78672790527344,125100,0.0,0.0
2016-12-19 00:00:00-05:00,43.925019305930704,44.362966060558726,43.03376484862111,43.62537384033203,45500,0.0,0.0
2016-12-20 00:00:00-05:00,44.09405762696805,45.71521966731059,42.895475592151556,45.115928649902344,72200,0.0,0.0
2016-12-21 00:00:00-05:00,45.13128841718231,45.13128841718231,44.39369620598475,44.485897064208984,26600,0.0,0.0
2016-12-22 00:00:00-05:00,44.339908984630505,44.83163511766498,43.656102147697005,44.43210983276367,32900,0.0,0.0
2016-12-23 00:00:00-05:00,44.38602066040039,44.754815353664426,44.17089115539295,44.38602066040039,32600,0.0,0.0
2016-12-27 00:00:00-05:00,44.6088348825635,45.22349270254467,44.45516969483828,44.92384719848633,14900,0.0,0.0
2016-12-28 00:00:00-05:00,44.93152582016039,45.44630372137861,44.4551664112255,44.71639633178711,35800,0.0,0.0
2016-12-29 00:00:00-05:00,44.9468911837455,45.42325057734316,44.224668688231674,44.33223342895508,33200,0.0,0.0
2016-12-30 00:00:00-05:00,44.47053524795034,44.47053524795034,43.66379669887756,44.00185775756836,44100,0.0,0.0
2017-01-03 00:00:00-05:00,44.90079147898982,45.07750540316668,44.07868616911858,44.524314880371094,47500,0.0,0.0
2017-01-04 00:00:00-05:00,45.00065558532525,45.31566774205331,44.62417914312054,45.277252197265625,65200,0.0,0.0
2017-01-05 00:00:00-05:00,45.30031900334546,45.33105262379919,43.90965638338679,44.216983795166016,45700,0.0,0.0
2017-01-06 00:00:00-05:00,44.601146060585904,45.76131534077455,44.27845183277359,44.99299240112305,63600,0.0,0.0
2017-01-09 00:00:00-05:00,44.8085901885994,44.8085901885994,43.68683948568108,44.316864013671875,42800,0.0,0.0
2017-01-10 00:00:00-05:00,44.393704834975324,45.66143903824037,44.2554064516766,45.361793518066406,29000,0.0,0.0
2017-01-11 00:00:00-05:00,45.39252299547796,45.907297984445414,44.60114833426891,45.73826599121094,50000,0.0,0.0
2017-01-12 00:00:00-05:00,45.50008785835779,45.59228579539122,43.94807508551714,44.84701156616211,66500,0.0,0.0
2017-01-13 00:00:00-05:00,44.73175913910838,45.461663532455354,43.748303856877655,43.77903747558594,35500,0.0,0.0
2017-01-17 00:00:00-05:00,43.448653473572335,43.50243583475193,42.265435665783556,42.29616928100586,28300,0.0,0.0
2017-01-18 00:00:00-05:00,42.2577624435419,43.12596820167576,41.7583513513868,42.81863784790039,25500,0.0,0.0
2017-01-19 00:00:00-05:00,42.88011097674563,43.55623315838478,42.2270346180616,43.510135650634766,46300,0.0,0.0
2017-01-20 00:00:00-05:00,43.61001379783533,44.05564256110238,43.51781585509447,43.617698669433594,33500,0.0,0.0
2017-01-23 00:00:00-05:00,43.21048301981648,44.854693626663355,43.21048301981648,44.54736328125,43800,0.0,0.0
2017-01-24 00:00:00-05:00,44.624202386293554,45.37715859380948,44.25540475766724,45.115928649902344,40900,0.0,0.0
2017-01-25 00:00:00-05:00,45.46934814577423,45.90729195167652,44.88542111729172,45.162017822265625,31900,0.0,0.0
2017-01-26 00:00:00-05:00,45.20813226430748,45.20813226430748,43.93271600893828,44.071014404296875,35500,0.0,0.0
2017-01-27 00:00:00-05:00,43.85587740102708,44.37833433450478,43.33341753662978,43.417930603027344,50700,0.0,0.0
2017-01-30 00:00:00-05:00,43.33342311155834,43.33342311155834,42.772544681008185,43.07219314575195,26700,0.0,0.0
2017-01-31 00:00:00-05:00,42.787910814807255,43.141341655345926,42.326918144080174,42.764862060546875,22600,0.0,0.0
2017-02-01 00:00:00-05:00,42.91852638318957,43.53318424189271,42.757179244827476,43.1106071472168,33800,0.0,0.0
2017-02-02 00:00:00-05:00,42.8801068410094,43.44098226825786,42.8801068410094,43.06450271606445,23600,0.0,0.0
2017-02-03 00:00:00-05:00,43.54855203141619,44.593471880106534,43.487084778707384,44.45517349243164,30600,0.0,0.0
2017-02-06 00:00:00-05:00,44.03258429234438,45.26189969962324,43.92501662965324,44.147830963134766,49700,0.0,0.0
2017-02-07 00:00:00-05:00,44.516632892937004,44.516632892937004,43.31036603561791,43.46403121948242,24000,0.0,0.0
2017-02-08 00:00:00-05:00,43.12597765462809,43.24122436436563,42.34996966016281,42.59583282470703,34200,0.0,0.0
2017-02-09 00:00:00-05:00,42.84168022254245,44.09404727104769,42.664966321243526,43.69451904296875,26600,0.0,0.0
2017-02-10 00:00:00-05:00,43.86356059308179,44.10174178041662,43.479399089527355,43.98649215698242,19700,0.0,0.0
2017-02-13 00:00:00-05:00,44.09405743628925,44.67798456998936,43.84051236498977,44.24772262573242,54400,0.0,0.0
2017-02-14 00:00:00-05:00,44.032590911749594,44.86237820367471,43.725260548269446,44.677982330322266,37900,0.0,0.0
2017-02-15 00:00:00-05:00,44.50127100104332,44.762500963215906,43.610016353205076,44.45517349243164,35500,0.0,0.0
2017-02-16 00:00:00-05:00,44.22467285440645,45.031411416749954,44.15552366729588,44.900794982910156,85500,0.0,0.0
2017-02-17 00:00:00-05:00,44.95458310122413,44.95458310122413,44.309191582717524,44.83933639526367,35200,0.0,0.0
2017-02-21 00:00:00-05:00,44.854689186509304,45.50008050325473,44.754806394499425,44.939205169677734,34800,0.0,0.0
2017-02-22 00:00:00-05:00,44.83163750778758,45.02371822192706,44.18624619104216,44.939205169677734,30300,0.0,0.0
2017-02-23 00:00:00-05:00,45.10055938779212,45.10055938779212,44.34760322117919,44.916160583496094,24000,0.0,0.0
2017-02-24 00:00:00-05:00,44.493575323784384,45.215797734627635,44.493575323784384,45.07749938964844,37200,0.0,0.0
2017-02-27 00:00:00-05:00,45.085193478227964,46.09937959484089,44.962261916545174,45.50777053833008,53500,0.0,0.0
2017-02-28 00:00:00-05:00,45.59997289060647,45.83815409669841,43.92502836873129,44.24004364013672,53100,0.0,0.0
2017-03-01 00:00:00-05:00,45.077513612715585,45.7459568013317,44.63188775122479,45.02373123168945,41800,0.0,0.0
2017-03-02 00:00:00-05:00,44.83932723635295,45.06214159231897,43.56391127350244,43.633060455322266,24300,0.0,0.0
2017-03-03 00:00:00-05:00,43.80209454769274,43.80209454769274,43.141339205419136,43.50244903564453,30300,0.0,0.0
2017-03-06 00:00:00-05:00,43.11827522699849,43.41792065360716,42.54203312016062,43.141326904296875,24700,0.0,0.0
2017-03-07 00:00:00-05:00,43.03377029617949,43.31805191879195,42.68802728805676,42.695709228515625,22300,0.0,0.0
2017-03-08 00:00:00-05:00,43.21816309694355,43.44097744121953,42.41142463865113,42.4728889465332,41000,0.0,0.0
2017-03-09 00:00:00-05:00,44.17856760654742,49.38779603165135,43.89428894869313,46.860015869140625,140000,0.0,0.0
2017-03-10 00:00:00-05:00,47.251859594302154,47.574553813958545,46.52195223389736,46.721717834472656,56800,0.0,0.0
2017-03-13 00:00:00-04:00,46.8062383628485,47.12125362409509,46.63720928644961,46.79087448120117,35200,0.0,0.0
2017-03-14 00:00:00-04:00,46.667938924696706,46.86770160916395,46.12242738338627,46.74477005004883,26600,0.0,0.0
2017-03-15 00:00:00-04:00,46.760145780893694,47.79738082559972,46.67562976833304,47.597618103027344,53300,0.0,0.0
2017-03-16 00:00:00-04:00,47.76763483597803,47.89901180210885,47.319401296834464,47.54351806640625,29500,0.36,0.0
2017-03-17 00:00:00-04:00,47.52805658118614,47.713533221084504,46.500212641682914,47.5821533203125,50300,0.0,0.0
2017-03-20 00:00:00-04:00,47.57443070870696,47.57443070870696,45.379638839669894,45.54965591430664,48900,0.0,0.0
2017-03-21 00:00:00-04:00,45.81241943735188,46.64706009012235,43.47079363049893,43.50943374633789,63500,0.0,0.0
2017-03-22 00:00:00-04:00,43.200297003020346,44.06584772179963,42.218823023203676,43.88037109375,80700,0.0,0.0
2017-03-23 00:00:00-04:00,43.710352283513814,44.266776249136164,43.285302308874066,43.66398239135742,44000,0.0,0.0
2017-03-24 00:00:00-04:00,43.81082082726638,44.08130747281253,43.26212364203308,43.55579376220703,22400,0.0,0.0
2017-03-27 00:00:00-04:00,42.78297071888989,43.29302768845257,41.932873804251706,43.231201171875,27600,0.0,0.0
2017-03-28 00:00:00-04:00,43.15392469307949,44.792289198917054,42.952994392987954,44.707279205322266,32500,0.0,0.0
2017-03-29 00:00:00-04:00,44.405880921208755,44.64545426417966,43.78763046134113,43.949920654296875,35200,0.0,0.0
2017-03-30 00:00:00-04:00,43.973111183608026,45.30234905955806,43.94992476241082,45.02413558959961,28900,0.0,0.0
2017-03-31 00:00:00-04:00,44.93140569318594,45.333269328784496,44.367251824379736,44.490901947021484,47100,0.0,0.0
2017-04-03 00:00:00-04:00,44.089034519341006,44.46771464564018,43.61761754604965,44.212684631347656,24400,0.0,0.0
2017-04-04 00:00:00-04:00,44.11995369961023,44.70729107337456,43.51715969126636,43.85719680786133,34100,0.0,0.0
2017-04-05 00:00:00-04:00,44.25132322999919,44.66091660734919,42.620688354768184,42.65932846069336,71600,0.0,0.0
2017-04-06 00:00:00-04:00,42.48930087567172,43.0998244637287,41.847866977220534,42.72887420654297,86200,0.0,0.0
2017-04-07 00:00:00-04:00,42.51249695109719,43.06119713301333,42.2806533401172,42.44294357299805,28400,0.0,0.0
2017-04-10 00:00:00-04:00,42.497041529060574,43.21575580931895,42.041081168606574,42.29610824584961,51500,0.0,0.0
2017-04-11 00:00:00-04:00,42.21110409793963,43.73354877436427,42.21110409793963,43.710365295410156,74900,0.0,0.0
2017-04-12 00:00:00-04:00,43.6949075564346,43.6949075564346,42.43521981616389,42.744346618652344,39000,0.0,0.0
2017-04-13 00:00:00-04:00,42.551127690647455,42.597494630588876,41.73967086506537,41.84013748168945,22800,0.0,0.0
2017-04-17 00:00:00-04:00,42.133821297303726,42.45840177505419,41.73968449083351,42.3502082824707,82900,0.0,0.0
2017-04-18 00:00:00-04:00,42.21881696446699,42.311553791157834,41.561923492942874,41.68557357788086,62000,0.0,0.0
2017-04-19 00:00:00-04:00,42.10290959848474,42.46613314974597,41.731959203772966,42.18791961669922,34600,0.0,0.0
2017-04-20 00:00:00-04:00,42.381097503415006,42.91433782059973,42.156980854201905,42.49702072143555,27900,0.0,0.0
2017-04-21 00:00:00-04:00,42.466133627070235,43.01483090782894,42.16473661223241,42.551143646240234,73600,0.0,0.0
2017-04-24 00:00:00-04:00,43.40122879793482,43.517152062934784,42.92208500216706,43.16165542602539,39400,0.0,0.0
2017-04-25 00:00:00-04:00,43.66398575280856,45.21734040899607,43.66398575280856,44.48316955566406,82500,0.0,0.0
2017-04-26 00:00:00-04:00,44.575907670695344,45.71967193210916,44.18177091590711,45.518741607666016,60200,0.0,0.0
2017-04-27 00:00:00-04:00,45.67330252807744,46.20654603171745,44.81548153379578,44.83866500854492,51500,0.0,0.0
2017-04-28 00:00:00-04:00,44.86958653509173,45.45692393860488,44.08131581991889,44.08904266357422,59700,0.0,0.0
2017-05-01 00:00:00-04:00,44.514086585921206,45.78150406115312,43.97311912777218,45.248260498046875,54100,0.0,0.0
2017-05-02 00:00:00-04:00,45.28690549208421,45.55739219837193,43.89584068906064,44.135414123535156,67400,0.0,0.0
2017-05-03 00:00:00-04:00,43.91901744591928,44.1585878795882,43.679444064199146,43.934471130371094,24800,0.0,0.0
2017-05-04 00:00:00-04:00,44.104496030435655,44.514086519004636,42.883451407811414,43.68717575073242,55500,0.0,0.0
2017-05-05 00:00:00-04:00,44.04266027810682,44.28223067217729,42.28837257766958,42.373382568359375,63100,0.0,0.0
2017-05-08 00:00:00-04:00,42.504777077716255,43.463067894429436,42.12609685751738,42.327030181884766,83900,0.0,0.0
2017-05-09 00:00:00-04:00,42.597497235148055,43.5712443061646,42.17245022074277,43.463050842285156,83100,0.0,0.0
2017-05-10 00:00:00-04:00,45.20961553331874,50.27927309782358,44.20495799996635,49.71512222290039,202500,0.0,0.0
2017-05-11 00:00:00-04:00,49.715121121998,49.715121121998,47.36576608663924,48.7104606628418,168700,0.0,0.0
2017-05-12 00:00:00-04:00,48.50179612323863,49.460086598221565,46.647044644635855,46.840248107910156,119100,0.0,0.0
2017-05-15 00:00:00-04:00,47.67489345231791,48.74910736285074,47.15710949983316,48.61000061035156,63500,0.0,0.0
2017-05-16 00:00:00-04:00,48.67955222719351,49.12778278722843,47.38122454949379,47.5589714050293,59000,0.0,0.0
2017-05-17 00:00:00-04:00,47.14937624055425,47.91446332301588,45.936058614831644,46.786155700683594,91300,0.0,0.0
2017-05-18 00:00:00-04:00,46.693415923454424,47.35803637050054,46.469302125771215,47.064369201660156,48800,0.0,0.0
2017-05-19 00:00:00-04:00,46.98707826781174,47.40439842572232,46.28381783046643,46.36882781982422,53100,0.0,0.0
2017-05-22 00:00:00-04:00,46.42293395002922,47.69807815250079,46.34565373390118,47.5589714050293,44400,0.0,0.0
2017-05-23 00:00:00-04:00,47.543519133773245,47.543519133773245,46.484764745823746,47.15711212158203,58800,0.0,0.0
2017-05-24 00:00:00-04:00,47.48941545486123,48.48634610830357,47.15710523704712,47.82945251464844,68400,0.0,0.0
2017-05-25 00:00:00-04:00,48.099941440036424,48.62545221268094,47.86036805476148,48.54817199707031,87600,0.0,0.0
2017-05-26 00:00:00-04:00,48.548169146612125,48.548169146612125,47.65943197901499,47.674888610839844,42100,0.0,0.0
2017-05-30 00:00:00-04:00,47.91445932493589,47.99173953172349,45.77376457874926,46.16017150878906,79800,0.0,0.0
2017-05-31 00:00:00-04:00,46.17562891832683,46.90207289775195,44.95458158374845,46.83251953125,73400,0.0,0.0
2017-06-01 00:00:00-04:00,47.404403249627805,48.184943966880915,46.67795926782535,48.08448028564453,64900,0.0,0.0
2017-06-02 00:00:00-04:00,48.09220830659752,48.65636209588242,47.12619093835946,47.72898483276367,49600,0.0,0.0
2017-06-05 00:00:00-04:00,48.01492915056489,48.40133610634399,47.60533577276429,47.82945251464844,43500,0.0,0.0
2017-06-06 00:00:00-04:00,47.52033026221047,48.01493070998306,47.04891328916122,47.66716384887695,45600,0.0,0.0
2017-06-07 00:00:00-04:00,47.891279555382724,47.891279555382724,47.133922267713224,47.70580291748047,30900,0.0,0.0
2017-06-08 00:00:00-04:00,47.860359989605904,50.766141596499224,47.24983636578966,50.14788818359375,144000,0.0,0.0
2017-06-09 00:00:00-04:00,50.619316937142216,51.8171809940959,50.426113437382135,51.4616813659668,112500,0.0,0.0
2017-06-12 00:00:00-04:00,52.13402740465266,52.304047413915214,50.124712350673015,50.426109313964844,82000,0.0,0.0
2017-06-13 00:00:00-04:00,50.67477669783094,51.26537536496885,49.75779689706917,51.25760269165039,63200,0.36,0.0
2017-06-14 00:00:00-04:00,51.024483725764696,51.692785513972424,49.796662019719754,51.67724609375,82300,0.0,0.0
2017-06-15 00:00:00-04:00,51.00116736659788,52.2212164379403,50.799125253045226,52.03471374511719,68400,0.0,0.0
2017-06-16 00:00:00-04:00,51.381939778119055,52.75740646208274,50.752483697351884,52.7496337890625,192500,0.0,0.0
2017-06-19 00:00:00-04:00,52.57090304220263,52.881744741528664,51.38193902643191,51.731632232666016,62200,0.0,0.0
2017-06-20 00:00:00-04:00,51.35086820536345,51.63839196403251,50.5893061316914,51.008941650390625,50600,0.0,0.0
2017-06-21 00:00:00-04:00,51.1099557453044,51.33531585956955,50.02201854376653,50.71363830566406,37900,0.0,0.0
2017-06-22 00:00:00-04:00,50.79134049653658,51.83265337331669,50.511583559440844,51.2886848449707,55900,0.0,0.0
2017-06-23 00:00:00-04:00,51.265385125315824,51.40526362761627,49.92099696827185,50.900146484375,118500,0.0,0.0
2017-06-26 00:00:00-04:00,50.97785690842606,51.83266736753535,50.69809989579918,51.52183151245117,45900,0.0,0.0
2017-06-27 00:00:00-04:00,51.64615360696936,51.91037114177656,50.90013704268673,51.33531188964844,55100,0.0,0.0
2017-06-28 00:00:00-04:00,51.910378549526065,53.231448625644404,51.15658920431919,52.905067443847656,91600,0.0,0.0
2017-06-29 00:00:00-04:00,53.34800059079586,53.34800059079586,50.92344262039002,51.63837432861328,62300,0.0,0.0
2017-06-30 00:00:00-04:00,52.01917297348858,52.01917297348858,49.952080270130836,50.27846145629883,67700,0.0,0.0
2017-07-03 00:00:00-04:00,50.317313513849975,52.322236463648984,50.317313513849975,51.91037368774414,40900,0.0,0.0
2017-07-05 00:00:00-04:00,51.92590391789979,51.92590391789979,50.42609830781629,51.63837432861328,72300,0.0,0.0
2017-07-06 00:00:00-04:00,51.591759322287885,51.591759322287885,50.130810885526415,50.95453643798828,89700,0.0,0.0
2017-07-07 00:00:00-04:00,51.273143142675124,51.82488431935255,50.78356556017209,51.56843948364258,37700,0.0,0.0
2017-07-10 00:00:00-04:00,51.49073743799133,51.79380649211054,51.17989571025518,51.5140495300293,28200,0.0,0.0
2017-07-11 00:00:00-04:00,51.50627802110431,51.56844755381992,50.82243094767147,51.37417221069336,35300,0.0,0.0
2017-07-12 00:00:00-04:00,51.38194282897833,53.130420847170456,51.38194282897833,52.86620330810547,63900,0.0,0.0
2017-07-13 00:00:00-04:00,52.85844039916992,52.92838261580066,52.089111589114744,52.85844039916992,46500,0.0,0.0
2017-07-14 00:00:00-04:00,52.477647651988015,52.92836781010724,51.817112760295856,52.04247283935547,48900,0.0,0.0
2017-07-17 00:00:00-04:00,52.174590845495054,53.08379811850126,51.8326643104923,52.267845153808594,32200,0.0,0.0
2017-07-18 00:00:00-04:00,51.77050209101892,52.850672660540575,51.38971810178736,52.03471374511719,35000,0.0,0.0
2017-07-19 00:00:00-04:00,52.26007114081738,53.77541655701833,52.05802310905279,53.20036315917969,104900,0.0,0.0
2017-07-20 00:00:00-04:00,53.254750837530466,53.254750837530466,52.49319488799638,52.74186706542969,37300,0.0,0.0
2017-07-21 00:00:00-04:00,53.23144674881416,53.239219423005785,52.17458835365673,53.1615104675293,70800,0.0,0.0
2017-07-24 00:00:00-04:00,53.50342896966837,53.86866756785075,52.734100261487995,53.69770431518555,40800,0.0,0.0
2017-07-25 00:00:00-04:00,54.1406544289352,55.40733353611458,53.915294306008725,54.97215270996094,77700,0.0,0.0
2017-07-26 00:00:00-04:00,54.96439481144822,55.46950607195683,54.56807136397159,54.82451629638672,75900,0.0,0.0
2017-07-27 00:00:00-04:00,54.9954519004142,55.01099724527944,53.92305432837776,54.24943542480469,38900,0.0,0.0
2017-07-28 00:00:00-04:00,54.156186362892164,54.31160423664127,53.472333489247646,53.573360443115234,33300,0.0,0.0
2017-07-31 00:00:00-04:00,53.954145012152125,54.249441380076874,52.93614417776838,53.2780647277832,84400,0.0,0.0
2017-08-01 00:00:00-04:00,53.84535998187366,53.84535998187366,53.16927958851303,53.231449127197266,69200,0.0,0.0
2017-08-02 00:00:00-04:00,53.11488795105847,53.728798866145844,52.159056397188664,53.16928482055664,100700,0.0,0.0
2017-08-03 00:00:00-04:00,53.17704473406712,53.65884969743409,52.454340253423005,52.617530822753906,63600,0.0,0.0
2017-08-04 00:00:00-04:00,52.718560005491,53.13819550379582,52.29893043599978,52.76519012451172,52900,0.0,0.0
2017-08-07 00:00:00-04:00,52.75741015226324,53.06825187787891,51.38194337209088,52.05025100708008,89800,0.0,0.0
2017-08-08 00:00:00-04:00,51.59952683543932,53.285835211617716,51.58398148950632,52.32999801635742,111300,0.0,0.0
2017-08-09 00:00:00-04:00,52.765189013600015,57.51327929096969,49.40811102665451,51.078880310058594,122900,0.0,0.0
2017-08-10 00:00:00-04:00,50.20852550224963,52.46212090842775,48.99624616477076,51.21098709106445,93600,0.0,0.0
2017-08-11 00:00:00-04:00,49.54021125855953,51.6383825403381,49.54021125855953,51.00115966796875,120500,0.0,0.0
2017-08-14 00:00:00-04:00,51.87927881434512,52.384395790255475,51.335304406129445,52.291141510009766,59800,0.0,0.0
2017-08-15 00:00:00-04:00,52.46987253551528,53.192576917870646,52.10463993695882,52.59421157836914,57500,0.0,0.0
2017-08-16 00:00:00-04:00,52.82735351630274,52.82735351630274,51.537362401766195,51.91814041137695,36900,0.0,0.0
2017-08-17 00:00:00-04:00,51.88705576266491,52.41548493036278,51.10995439421587,51.304229736328125,52600,0.0,0.0
2017-08-18 00:00:00-04:00,50.77580909005804,51.7860434101091,50.597079065454714,51.59954071044922,58700,0.0,0.0
2017-08-21 00:00:00-04:00,51.296459147502304,51.45187703802074,50.78356943692898,51.12549591064453,30400,0.0,0.0
2017-08-22 00:00:00-04:00,51.59175398379214,52.003616717405265,51.13326707016615,51.630611419677734,38800,0.0,0.0
2017-08-23 00:00:00-04:00,51.226511769416646,52.10463995565441,51.17211492035153,51.366390228271484,41900,0.0,0.0
2017-08-24 00:00:00-04:00,51.5295812505365,51.809338170825356,51.00892484342578,51.34307861328125,27200,0.0,0.0
2017-08-25 00:00:00-04:00,51.39747664121832,52.34554112295402,51.08663495279171,51.988075256347656,46400,0.0,0.0
2017-08-28 00:00:00-04:00,52.151283726950425,52.84290360870034,51.61508177840633,52.30670166015625,57600,0.0,0.0
2017-08-29 00:00:00-04:00,51.708330360682645,52.09688107941743,51.1799011460508,51.52959442138672,52200,0.0,0.0
2017-08-30 00:00:00-04:00,51.6306297824553,52.609773483838296,51.4052696175551,51.57623291015625,57000,0.0,0.0
2017-08-31 00:00:00-04:00,51.871522280866316,53.456809965402115,51.6383894721235,52.936153411865234,78300,0.0,0.0
2017-09-01 00:00:00-04:00,52.998321541906165,53.14597272862158,51.91815089832757,52.30670166015625,33600,0.0,0.0
2017-09-05 00:00:00-04:00,52.112409875623854,52.143494638243176,50.457186285627685,50.69808578491211,66600,0.0,0.0
2017-09-06 00:00:00-04:00,50.75249889309767,51.148822332419385,49.80443408039021,50.130821228027344,48000,0.0,0.0
2017-09-07 00:00:00-04:00,50.247373628685374,50.247373628685374,48.739795187717476,49.159427642822266,68800,0.0,0.0
2017-09-08 00:00:00-04:00,50.42610900567138,50.42610900567138,49.330396158201,50.006473541259766,39800,0.0,0.0
2017-09-11 00:00:00-04:00,50.44165301886279,51.04001846800722,49.65677897126222,50.589298248291016,45300,0.0,0.0
2017-09-12 00:00:00-04:00,50.55820610286708,51.77048810064646,50.27068243096757,51.27314376831055,48500,0.0,0.0
2017-09-13 00:00:00-04:00,51.07110282889455,51.615071414706556,50.41056785217628,50.95453643798828,74600,0.0,0.0
2017-09-14 00:00:00-04:00,50.97796883868642,51.02485637246308,50.071557993422175,50.610713958740234,54100,0.36,0.0
2017-09-15 00:00:00-04:00,50.65761205962268,51.18114293058482,50.03249647890633,50.88421630859375,104300,0.0,0.0
2017-09-18 00:00:00-04:00,50.9779924610629,51.939106868021895,50.9779924610629,51.75938415527344,38900,0.0,0.0
2017-09-19 00:00:00-04:00,51.85313944896395,52.657971725092835,51.73592953384314,52.35322952270508,47200,0.0,0.0
2017-09-20 00:00:00-04:00,52.509498288313715,54.158234575056866,52.47043229628651,53.81442642211914,61300,0.0,0.0
2017-09-21 00:00:00-04:00,53.99414017345912,54.69739356879504,53.642516456562554,54.548927307128906,69300,0.0,0.0
2017-09-22 00:00:00-04:00,54.49422813510656,55.29906022826962,54.25199873738944,55.033390045166016,37400,0.0,0.0
2017-09-25 00:00:00-04:00,54.955266560093875,55.369403108287784,54.21294104554679,54.87712860107422,42300,0.0,0.0
2017-09-26 00:00:00-04:00,54.728662148996555,56.43991146587983,54.69740577316945,56.36958312988281,69300,0.0,0.0
2017-09-27 00:00:00-04:00,56.90093702407623,58.487161044727145,56.682148326268496,58.42464828491211,86600,0.0,0.0
2017-09-28 00:00:00-04:00,58.51841288461139,58.61218201705907,57.3775819334479,58.174598693847656,66500,0.0,0.0
2017-09-29 00:00:00-04:00,57.947989755427926,58.096450069294725,56.54929841787366,56.838409423828125,57800,0.0,0.0
2017-10-02 00:00:00-04:00,56.8931352285554,57.72922421871307,56.619649290007814,57.58857345581055,75100,0.0,0.0
2017-10-03 00:00:00-04:00,57.5182208189477,57.7604502426766,56.97905885099036,57.479148864746094,49400,0.0,0.0
2017-10-04 00:00:00-04:00,57.50260105321037,58.27618297666249,56.5258616199526,57.3306999206543,48900,0.0,0.0
2017-10-05 00:00:00-04:00,57.40102600180489,58.073023252166855,57.05721179142115,57.908931732177734,42400,0.0,0.0
2017-10-06 00:00:00-04:00,57.79952414037411,58.04175357224793,57.377572059290316,57.94799041748047,44800,0.0,0.0
2017-10-09 00:00:00-04:00,58.26055125271099,58.26055125271099,57.713579559910755,58.0339469909668,30400,0.0,0.0
2017-10-10 00:00:00-04:00,58.213671151218094,59.55766558667723,58.0730204321225,59.432640075683594,52600,0.0,0.0
2017-10-11 00:00:00-04:00,59.4795191891931,59.83895854001644,58.8231472726356,59.2763557434082,59100,0.0,0.0
2017-10-12 00:00:00-04:00,59.307632965586436,60.58911491433043,57.84642829747966,59.8936767578125,78700,0.0,0.0
2017-10-13 00:00:00-04:00,60.034312735636874,60.425008500994586,59.463894295135134,59.9171028137207,45500,0.0,0.0
2017-10-16 00:00:00-04:00,60.02650132981934,60.77663653614122,59.151340608338145,59.47171401977539,53900,0.0,0.0
2017-10-17 00:00:00-04:00,59.69830501520505,59.92490923986565,58.033937493760114,58.166778564453125,38500,0.0,0.0
2017-10-18 00:00:00-04:00,58.32304402559297,59.08881009471212,58.049558272886955,58.30741882324219,34900,0.0,0.0
2017-10-19 00:00:00-04:00,57.862039949987924,58.51840591430664,57.4322722627242,58.51840591430664,20100,0.0,0.0
2017-10-20 00:00:00-04:00,59.02630844502107,59.3857477820006,58.38556772057175,58.52621841430664,33800,0.0,0.0
2017-10-23 00:00:00-04:00,58.487146442023594,58.487146442023594,57.541663541676776,57.94799041748047,35100,0.0,0.0
2017-10-24 00:00:00-04:00,58.05739817376553,59.20603881627042,57.846419103630595,58.6199951171875,34200,0.0,0.0
2017-10-25 00:00:00-04:00,58.60434536024554,58.760621229922606,58.02611748858962,58.30741882324219,23800,0.0,0.0
2017-10-26 00:00:00-04:00,58.53405410978142,59.229492233991586,58.3699566094213,58.5731201171875,42300,0.0,0.0
2017-10-27 00:00:00-04:00,58.815321878765296,59.299786642047565,58.04956172564146,59.01066970825195,34300,0.0,0.0
2017-10-30 00:00:00-04:00,58.60436289992489,58.830967151856555,57.33069689238906,57.48697280883789,31400,0.0,0.0
2017-10-31 00:00:00-04:00,57.627617915718005,58.48714729571154,57.3697573132569,58.010498046875,56900,0.0,0.0
2017-11-01 00:00:00-04:00,58.56529347606316,59.432638561463776,57.74483593686281,58.0339469909668,62000,0.0,0.0
2017-11-02 00:00:00-04:00,58.09646748247802,59.29981132845082,57.67451527974378,58.35432815551758,22000,0.0,0.0
2017-11-03 00:00:00-04:00,58.42464341662072,59.62017749267085,58.35432103884716,59.612361907958984,78000,0.0,0.0
2017-11-06 00:00:00-05:00,59.526400668833595,59.55765704209773,57.221298284881904,57.36975860595703,44800,0.0,0.0
2017-11-07 00:00:00-05:00,57.5807475088966,57.5807475088966,54.79898942681608,55.50224304199219,63800,0.0,0.0
2017-11-08 00:00:00-05:00,55.13497987565936,55.79135180641633,53.13461963248341,53.3299674987793,100000,0.0,0.0
2017-11-09 00:00:00-05:00,51.681235929019,52.657975353080516,51.251468197814205,52.368858337402344,78300,0.0,0.0
2017-11-10 00:00:00-05:00,52.40011158982792,53.697224329178255,51.4311878081666,52.954898834228516,52800,0.0,0.0
2017-11-13 00:00:00-05:00,52.48606636921776,54.68959019203286,51.80625956995675,54.55675506591797,56400,0.0,0.0
2017-11-14 00:00:00-05:00,54.19730313866642,56.189853415259364,54.19730313866642,55.53348159790039,58600,0.0,0.0
2017-11-15 00:00:00-05:00,54.884927777245814,55.1271631541077,53.78316905322292,54.34577178955078,48500,0.0,0.0
2017-11-16 00:00:00-05:00,54.869294174132015,56.627424475266196,54.869294174132015,55.697566986083984,46400,0.0,0.0
2017-11-17 00:00:00-05:00,55.30687334543727,56.51803220312413,54.99431564394947,55.73664093017578,37900,0.0,0.0
2017-11-20 00:00:00-05:00,55.91637716744685,57.41665346770453,55.86167999764619,57.3306999206543,54800,0.0,0.0
2017-11-21 00:00:00-05:00,57.91673857076314,58.94817508460146,57.29162300293342,58.776268005371094,70100,0.0,0.0
2017-11-22 00:00:00-05:00,58.65905751502076,58.885661757094574,56.346139475240065,56.604000091552734,51400,0.0,0.0
2017-11-24 00:00:00-05:00,56.86184094317201,57.58853507357562,56.20547512811965,56.43207931518555,14200,0.0,0.0
2017-11-27 00:00:00-05:00,56.80717131243332,57.033775609278784,55.64289940795751,56.11954879760742,73800,0.0,0.0
2017-11-28 00:00:00-05:00,56.47116908553794,57.16661310372322,56.00233531139928,56.90875244140625,51300,0.0,0.0
2017-11-29 00:00:00-05:00,57.158785217141094,58.88565958986085,56.400834563990124,58.48714828491211,43000,0.0,0.0
2017-11-30 00:00:00-05:00,58.83095830561035,58.83095830561035,57.28380073461469,58.018310546875,50300,0.0,0.0
2017-12-01 00:00:00-05:00,58.11209631307799,58.76064682006836,55.932013000869794,58.76064682006836,41900,0.0,0.0
2017-12-04 00:00:00-05:00,59.97961389253964,59.97961389253964,58.82315183628547,59.190406799316406,35300,0.0,0.0
2017-12-05 00:00:00-05:00,59.40919085884524,59.79207099926999,58.65905578388214,59.2763557434082,43900,0.0,0.0
2017-12-06 00:00:00-05:00,58.909101341329205,59.573282886061385,58.06519713878908,58.7215690612793,35000,0.0,0.0
2017-12-07 00:00:00-05:00,58.52621841430664,59.3779321985866,58.09645074968796,58.52621841430664,29100,0.0,0.0
2017-12-08 00:00:00-05:00,58.72157439862238,58.72157439862238,56.03358564023336,56.080467224121094,64900,0.0,0.0
2017-12-11 00:00:00-05:00,56.48678775896694,56.65087924553429,55.50223287801925,55.775718688964844,33000,0.0,0.0
2017-12-12 00:00:00-05:00,56.049198861194604,56.267987464669346,55.25217642105966,55.62724685668945,42000,0.0,0.0
2017-12-13 00:00:00-05:00,55.736645585987105,57.19003395199932,55.59599490664583,56.228919982910156,41400,0.0,0.0
2017-12-14 00:00:00-05:00,56.30746324093782,57.58753916740917,56.15040157718941,57.07707977294922,52300,0.36,0.0
2017-12-15 00:00:00-05:00,57.32837176498347,58.96968802588824,57.28910336031833,58.40426254272461,74700,0.0,0.0
2017-12-18 00:00:00-05:00,59.118913669414525,60.14768138765932,58.50636476873385,59.85711669921875,45300,0.0,0.0
2017-12-19 00:00:00-05:00,59.896359636538556,60.81518868018149,59.43302366703645,60.57173538208008,36500,0.0,0.0
2017-12-20 00:00:00-05:00,61.011517927846036,61.74186582988052,60.46964516428337,60.89371871948242,47800,0.0,0.0
2017-12-21 00:00:00-05:00,61.066508640672204,62.18951691733342,60.86232368359241,61.78114700317383,43600,0.0,0.0
2017-12-22 00:00:00-05:00,62.197362434933495,63.19472252422476,61.96176995093701,63.037654876708984,47500,0.0,0.0
2017-12-26 00:00:00-05:00,63.076921485965684,63.076921485965684,61.443453947536945,61.938209533691406,23900,0.0,0.0
2017-12-27 00:00:00-05:00,61.62408770752892,61.88324485630177,60.38328013902743,61.55340576171875,22400,0.0,0.0
2017-12-28 00:00:00-05:00,61.859667919482334,62.291596414929785,61.1764431977059,62.1816520690918,29200,0.0,0.0
2017-12-29 00:00:00-05:00,62.48009662906235,62.48009662906235,61.278557231044985,61.44347381591797,36600,0.0,0.0
2018-01-02 00:00:00-05:00,61.96176818226677,62.12668471381228,61.14503441305241,61.938209533691406,43000,0.0,0.0
2018-01-03 00:00:00-05:00,61.686900366602885,62.04029203857011,60.202645757912904,60.83089828491211,43500,0.0,0.0
2018-01-04 00:00:00-05:00,61.168600097746165,61.545556492866496,59.75502110544322,60.124122619628906,32200,0.0,0.0
2018-01-05 00:00:00-05:00,59.998466080738375,60.43038860736355,58.98540227669942,60.31259536743164,44600,0.0,0.0
2018-01-08 00:00:00-05:00,60.31260493902459,60.579610980601075,58.89902592032919,59.26812744140625,52600,0.0,0.0
2018-01-09 00:00:00-05:00,59.58222990374728,61.25495932846339,59.41731342453719,60.76805877685547,74000,0.0,0.0
2018-01-10 00:00:00-05:00,60.50892961364268,61.529842376708984,60.06129729634416,61.529842376708984,54800,0.0,0.0
2018-01-11 00:00:00-05:00,61.6869157253263,62.77065564850217,60.909444266997,62.57432556152344,32300,0.0,0.0
2018-01-12 00:00:00-05:00,62.511504493789595,63.705194892407036,61.9931961300231,63.61095428466797,68000,0.0,0.0
2018-01-16 00:00:00-05:00,64.21562147473799,65.15800918280947,63.610927638393505,63.91720199584961,65800,0.0,0.0
2018-01-17 00:00:00-05:00,64.38841865252161,64.38841865252161,61.60053479564608,61.9853401184082,64500,0.0,0.0
2018-01-18 00:00:00-05:00,61.83612445883764,62.66071324664774,61.09792738285113,61.357078552246094,44100,0.0,0.0
2018-01-19 00:00:00-05:00,61.04293662994414,63.006236964231945,60.9408411779902,62.833465576171875,53000,0.0,0.0
2018-01-22 00:00:00-05:00,62.778495579942415,63.11618348879178,61.76543185339432,62.39368438720703,38300,0.0,0.0
2018-01-23 00:00:00-05:00,62.330870105598684,63.50099559495729,62.1109754037602,63.328224182128906,67100,0.0,0.0
2018-01-24 00:00:00-05:00,63.45386053953279,64.79675706590237,63.186848614927044,63.21040725708008,46900,0.0,0.0
2018-01-25 00:00:00-05:00,63.54025345004791,63.54025345004791,62.44080408954247,63.35177230834961,36300,0.0,0.0
2018-01-26 00:00:00-05:00,63.64234475224725,64.0978318706074,62.370123970746654,62.95911407470703,42100,0.0,0.0
2018-01-29 00:00:00-05:00,62.66854816714771,64.0114448575344,61.946049100951925,63.24968338012695,33900,0.0,0.0
2018-01-30 00:00:00-05:00,63.32823555853673,63.71304087072477,62.96698889932687,63.46173858642578,21000,0.0,0.0
2018-01-31 00:00:00-05:00,63.6973410815427,63.6973410815427,62.59789127217841,63.02196502685547,25200,0.0,0.0
2018-02-01 00:00:00-05:00,62.613593869080354,64.08213908261268,62.36229159783555,63.66592025756836,15800,0.0,0.0
2018-02-02 00:00:00-05:00,63.351795952362956,63.351795952362956,61.875395740476165,61.9853401184082,27900,0.0,0.0
2018-02-05 00:00:00-05:00,61.23929314850674,62.19737909312351,57.54828332882549,58.70270538330078,89900,0.0,0.0
2018-02-06 00:00:00-05:00,57.21057583360729,59.65292215464788,55.404342953934574,58.545623779296875,122500,0.0,0.0
2018-02-07 00:00:00-05:00,58.545626699415365,60.90158743594688,58.52991693925508,60.53248596191406,32200,0.0,0.0
2018-02-08 00:00:00-05:00,60.626733694043914,61.98534064944229,58.66343265483888,58.671287536621094,36900,0.0,0.0
2018-02-09 00:00:00-05:00,59.25242630750837,60.67386041427253,57.57969588473684,58.98542022705078,27200,0.0,0.0
2018-02-12 00:00:00-05:00,59.566555689797006,60.116283606682025,57.940942577336905,58.98542022705078,35300,0.0,0.0
2018-02-13 00:00:00-05:00,58.66341564569543,60.34400036865685,58.66341564569543,59.40947341918945,20100,0.0,0.0
2018-02-14 00:00:00-05:00,59.81785620808619,63.02196502685547,59.81785620808619,63.02196502685547,52100,0.0,0.0
2018-02-15 00:00:00-05:00,63.5166922542487,64.27059888732829,62.35442177507001,64.10568237304688,44200,0.0,0.0
2018-02-16 00:00:00-05:00,64.00360207854703,64.96954864802501,62.83347655252752,64.0664291381836,30300,0.0,0.0
2018-02-20 00:00:00-05:00,63.96432428546155,64.04286109424577,62.644986184218595,62.84131622314453,25100,0.0,0.0
2018-02-21 00:00:00-05:00,63.06120941406402,65.59779010198235,63.06120941406402,64.97738647460938,37200,0.0,0.0
2018-02-22 00:00:00-05:00,65.29937966450979,65.44858643704339,64.42767371197742,64.8595962524414,37500,0.0,0.0
2018-02-23 00:00:00-05:00,65.22083059818097,65.26794788248628,63.7915483895952,64.7496337890625,25200,0.0,0.0
2018-02-26 00:00:00-05:00,65.13444596195772,65.13444596195772,64.45907024899259,64.54545593261719,22400,0.0,0.0
2018-02-27 00:00:00-05:00,64.61616574242137,64.94599889383984,61.969639657419414,62.29947280883789,47900,0.0,0.0
2018-02-28 00:00:00-05:00,62.47224073324315,62.7628054490738,59.731468200683594,59.731468200683594,32900,0.0,0.0
2018-03-01 00:00:00-05:00,59.7785792383038,61.60837085657833,59.25241012031885,61.45130920410156,51300,0.0,0.0
2018-03-02 00:00:00-05:00,60.862314475296664,63.21042015613804,59.778574774489314,62.38583755493164,44900,0.0,0.0
2018-03-05 00:00:00-05:00,61.9696132183307,63.76799101111195,61.87537264748155,63.35177230834961,30300,0.0,0.0
2018-03-06 00:00:00-05:00,63.650187321697395,64.39623891249181,62.22090518549541,63.68159484863281,27700,0.0,0.0
2018-03-07 00:00:00-05:00,62.99840662892191,65.02453480123363,62.99840662892191,64.49051666259766,40000,0.0,0.0
2018-03-08 00:00:00-05:00,65.96690059370576,72.69709485509335,64.63970746209425,71.01651000976562,70400,0.0,0.0
2018-03-09 00:00:00-05:00,71.46412432766856,71.46412432766856,66.72864539954371,67.03491973876953,68800,0.0,0.0
2018-03-12 00:00:00-04:00,66.75224152483,67.89880871909764,65.5899645655407,67.17631530761719,49900,0.0,0.0
2018-03-13 00:00:00-04:00,67.61607369215058,68.48777966657545,67.03493837304005,67.65534210205078,62000,0.0,0.0
2018-03-14 00:00:00-04:00,68.04800229789073,69.71287742847925,67.43545344859736,68.30715942382812,33600,0.0,0.0
2018-03-15 00:00:00-04:00,68.40924688237975,69.32807012919994,68.11867623537321,68.79405212402344,41400,0.0,0.0
2018-03-16 00:00:00-04:00,68.61223400960935,70.99180502887316,68.61223400960935,69.67948150634766,51900,0.58,0.0
2018-03-19 00:00:00-04:00,69.65575511758577,70.65185544264459,67.56869179081144,69.5213623046875,37900,0.0,0.0
2018-03-20 00:00:00-04:00,69.63205322441075,69.75853882879419,67.56079792348523,67.67938232421875,28500,0.0,0.0
2018-03-21 00:00:00-04:00,67.86908798451361,70.19331964341846,67.53705661365602,69.29999542236328,20500,0.0,0.0
2018-03-22 00:00:00-04:00,68.58849660014735,70.19332095404121,68.10625796760915,69.22884368896484,55600,0.0,0.0
2018-03-23 00:00:00-04:00,69.26049779657929,69.26049779657929,66.24848631759778,66.48564910888672,39400,0.0,0.0
2018-03-26 00:00:00-04:00,67.52125483548083,67.91653203920629,66.20102439113465,67.55287170410156,30000,0.0,0.0
2018-03-27 00:00:00-04:00,67.79006089767925,68.08256828803617,66.24848175048828,66.24848175048828,28700,0.0,0.0
2018-03-28 00:00:00-04:00,66.57256817390011,68.97585365540986,66.40655251638313,68.69125366210938,53300,0.0,0.0
2018-03-29 00:00:00-04:00,69.11025981144218,69.72689123924933,68.635928407856,68.79403686523438,45800,0.0,0.0
2018-04-02 00:00:00-04:00,68.50945125360809,69.01540561703526,65.4262877048507,66.56468200683594,58900,0.0,0.0
2018-04-03 00:00:00-04:00,66.63585228669176,69.12610064475831,66.24848219633354,67.74263000488281,41500,0.0,0.0
2018-04-04 00:00:00-04:00,66.66746072384028,68.59640955301323,66.56468478134506,67.30780792236328,39300,0.0,0.0
2018-04-05 00:00:00-04:00,67.91653547150949,69.40277566130496,67.19712802927569,68.34342956542969,29500,0.0,0.0
2018-04-06 00:00:00-04:00,67.85329561412884,68.8177730895099,66.99158805459325,68.4303970336914,80800,0.0,0.0
2018-04-09 00:00:00-04:00,68.6596446926947,68.9600592084551,66.91252028766334,67.21292877197266,73600,0.0,0.0
2018-04-10 00:00:00-04:00,67.87699878069127,68.2011229364663,67.1654986404579,67.39476013183594,23300,0.0,0.0
2018-04-11 00:00:00-04:00,67.14178896152832,67.54497341552187,65.98758020064935,66.18521881103516,20800,0.0,0.0
2018-04-12 00:00:00-04:00,66.92043390168708,67.79004257094236,66.62001935727862,67.11807250976562,23300,0.0,0.0
2018-04-13 00:00:00-04:00,67.48174506824107,67.48174506824107,65.82158151785386,66.24848175048828,34300,0.0,0.0
2018-04-16 00:00:00-04:00,66.58840985766145,67.59241144398453,66.58840985766145,67.45011138916016,20000,0.0,0.0
2018-04-17 00:00:00-04:00,67.59241064022711,68.54898087405138,67.03902489551962,67.73471069335938,19400,0.0,0.0
2018-04-18 00:00:00-04:00,67.75841737845795,69.18931892249265,67.75841737845795,68.62012481689453,30000,0.0,0.0
2018-04-19 00:00:00-04:00,68.43038775831394,70.75461965237832,68.12997925401744,70.62812805175781,37100,0.0,0.0
2018-04-20 00:00:00-04:00,70.32771761046236,71.87720348667811,70.32771761046236,71.46611785888672,61100,0.0,0.0
2018-04-23 00:00:00-04:00,71.79814878054334,72.5570802640025,71.33172458994449,71.81395721435547,41000,0.0,0.0
2018-04-24 00:00:00-04:00,72.24086227845132,72.94445524483318,71.20523789609297,71.47402954101562,32100,0.0,0.0
2018-04-25 00:00:00-04:00,71.9562765681529,72.97609271926596,69.21305719049168,69.67948150634766,29200,0.0,0.0
2018-04-26 00:00:00-04:00,69.86129026309574,70.55697592158846,69.00749011531985,69.11026000976562,24600,0.0,0.0
2018-04-27 00:00:00-04:00,69.26047413205394,69.75062005024007,67.9797737834428,68.09835815429688,27500,0.0,0.0
2018-04-30 00:00:00-04:00,68.41458910184498,68.83358203374326,67.6003189086914,67.6003189086914,26500,0.0,0.0
2018-05-01 00:00:00-04:00,67.38685653581508,69.40277270335562,65.9638622100084,69.14979553222656,23600,0.0,0.0
2018-05-02 00:00:00-04:00,69.01539992543202,71.86930172548986,69.01539992543202,70.51744842529297,34700,0.0,0.0
2018-05-03 00:00:00-04:00,70.16170956425461,70.21704813617397,67.75051600608535,68.224853515625,34100,0.0,0.0
2018-05-04 00:00:00-04:00,68.0667311049225,69.49763863817111,68.0667311049225,68.88890838623047,19900,0.0,0.0
2018-05-07 00:00:00-04:00,69.11028263333304,70.50956767215882,69.11028263333304,69.92455291748047,15500,0.0,0.0
2018-05-08 00:00:00-04:00,69.81386332864265,70.55698646064573,69.61622471110584,70.0194091796875,25600,0.0,0.0
2018-05-09 00:00:00-04:00,70.33562563551584,70.71508836829794,69.79014117175876,70.36724853515625,41100,0.0,0.0
2018-05-10 00:00:00-04:00,70.75463477615054,72.6124368293455,70.04313444920595,70.8811264038086,37300,0.0,0.0
2018-05-11 00:00:00-04:00,71.48192277427209,72.0985542013326,69.0786368300342,69.86128997802734,35000,0.0,0.0
2018-05-14 00:00:00-04:00,69.49764975427951,71.26849016494471,69.49764975427951,70.16171264648438,22800,0.0,0.0
2018-05-15 00:00:00-04:00,70.02731536732634,72.18552566098212,69.71109237769987,70.80205535888672,16100,0.0,0.0
2018-05-16 00:00:00-04:00,71.11827492570717,72.47012226063255,71.07084359055415,71.95626068115234,26300,0.0,0.0
2018-05-17 00:00:00-04:00,72.304124070118,73.29231733484974,72.04323960068008,72.48595428466797,22900,0.0,0.0
2018-05-18 00:00:00-04:00,73.00768247552746,73.244851158866,71.15778845870743,71.71117401123047,28300,0.0,0.0
2018-05-21 00:00:00-04:00,72.05903678554097,72.44640676358952,70.76252801572609,72.2724838256836,42800,0.0,0.0
2018-05-22 00:00:00-04:00,72.49385769881036,73.38718829749955,72.01161888839934,72.92866516113281,47700,0.0,0.0
2018-05-23 00:00:00-04:00,72.6756690474396,72.88121488820524,71.55308320351864,71.98788452148438,45400,0.0,0.0
2018-05-24 00:00:00-04:00,72.15390807104978,73.37136275030043,71.44241383132284,73.26859283447266,36700,0.0,0.0
2018-05-25 00:00:00-04:00,73.1263041544918,73.92476602920182,72.4938580303041,72.91285705566406,22200,0.0,0.0
2018-05-29 00:00:00-04:00,72.44641814538372,73.6085342935568,71.58471658495483,71.916748046875,17200,0.0,0.0
2018-05-30 00:00:00-04:00,72.25669062223506,73.91685405241586,72.25669062223506,73.23697662353516,44600,0.0,0.0
2018-05-31 00:00:00-04:00,73.12628956631572,74.42279843394829,72.65195808352732,73.92475128173828,40700,0.0,0.0
2018-06-01 00:00:00-04:00,74.5967081174939,74.93664672546497,73.69547665104989,74.21723937988281,24400,0.0,0.0
2018-06-04 00:00:00-04:00,74.73112932483362,75.86952993909847,74.58882924805052,74.7390365600586,32600,0.0,0.0
2018-06-05 00:00:00-04:00,74.8655049573341,75.06314357235499,73.34764184152208,73.54528045654297,36500,0.0,0.0
2018-06-06 00:00:00-04:00,73.32393520327344,73.932659558669,72.74682772249747,73.79035949707031,51500,0.0,0.0
2018-06-07 00:00:00-04:00,73.78245173979107,73.9563746920118,73.00770568847656,73.00770568847656,23900,0.0,0.0
2018-06-08 00:00:00-04:00,72.92863896099053,73.61642341844907,72.41477742597789,72.45430755615234,20000,0.0,0.0
2018-06-11 00:00:00-04:00,72.77052692453235,73.03140526392086,71.91672681894063,72.64403533935547,43900,0.0,0.0
2018-06-12 00:00:00-04:00,72.69148188163165,73.03932778221781,71.75072615365401,72.16181182861328,17800,0.0,0.0
2018-06-13 00:00:00-04:00,72.31202967528247,72.46223697820132,70.9601820433716,72.0906753540039,51500,0.0,0.0
2018-06-14 00:00:00-04:00,72.42480372991815,72.59188208518947,71.02452018614073,72.13838195800781,36700,0.58,0.0
2018-06-15 00:00:00-04:00,72.09065781752807,74.04786950537228,71.25525984598248,73.50685119628906,61600,0.0,0.0
2018-06-18 00:00:00-04:00,73.39548029570818,74.84349928475605,73.39548029570818,74.39795684814453,25700,0.0,0.0
2018-06-19 00:00:00-04:00,73.99218029548065,75.50384970907764,73.99218029548065,75.01852416992188,27900,0.0,0.0
2018-06-20 00:00:00-04:00,75.16968180137277,75.86982057333712,74.93895280298416,75.7902603149414,23000,0.0,0.0
2018-06-21 00:00:00-04:00,75.56749796635467,76.26763681987899,74.54910590205655,75.4004135131836,27700,0.0,0.0
2018-06-22 00:00:00-04:00,75.02649670981798,75.96532264988993,74.34226732620313,75.09014129638672,83700,0.0,0.0
2018-06-25 00:00:00-04:00,75.01058021666853,75.17765863600685,72.92607282963377,73.34774780273438,28600,0.0,0.0
2018-06-26 00:00:00-04:00,73.51480559895212,74.8832639678033,72.26569065902335,74.42976379394531,32300,0.0,0.0
2018-06-27 00:00:00-04:00,74.48546323345091,74.49341501137897,71.92358248681629,72.07474517822266,32800,0.0,0.0
2018-06-28 00:00:00-04:00,72.13046510199456,72.29754353815325,71.37462714406384,71.44623565673828,37200,0.0,0.0
2018-06-29 00:00:00-04:00,71.7167225207449,71.91562623443014,70.89724019157126,71.19161987304688,37400,0.0,0.0
2018-07-02 00:00:00-04:00,70.91315346494989,73.43525729743749,70.81768356230906,73.27613067626953,34500,0.0,0.0
2018-07-03 00:00:00-04:00,73.64210423856085,73.64210423856085,72.15430844147966,72.62371826171875,20900,0.0,0.0
2018-07-05 00:00:00-04:00,73.284099575888,74.56504023666773,73.02950301368675,73.75350952148438,36100,0.0,0.0
2018-07-06 00:00:00-04:00,73.75350604262287,74.68438018025572,72.56804142485835,73.9444580078125,28900,0.0,0.0
2018-07-09 00:00:00-04:00,74.55708426811121,75.981235910442,73.53074014363614,75.50386810302734,34800,0.0,0.0
2018-07-10 00:00:00-04:00,75.46407788471099,76.10853013117092,74.15131198421611,74.7639389038086,34100,0.0,0.0
2018-07-11 00:00:00-04:00,74.12744210060794,75.75845514677862,74.12744210060794,75.14582824707031,24500,0.0,0.0
2018-07-12 00:00:00-04:00,75.36063435218794,75.48792956295478,74.52523638943005,74.77188110351562,11400,0.0,0.0
2018-07-13 00:00:00-04:00,74.81166125616679,75.2015108220124,74.20699228766995,74.5888900756836,14900,0.0,0.0
2018-07-16 00:00:00-04:00,74.53320393617211,75.3208609860903,74.53320393617211,75.18560791015625,17200,0.0,0.0
2018-07-17 00:00:00-04:00,74.93102358116028,75.65503010022132,74.48548110789194,74.7002944946289,19500,0.0,0.0
2018-07-18 00:00:00-04:00,74.6764081558795,75.44815550936225,74.49341407482362,74.95487213134766,30700,0.0,0.0
2018-07-19 00:00:00-04:00,75.04239160096823,75.66297020607487,74.42181299586159,75.38450622558594,21700,0.0,0.0
2018-07-20 00:00:00-04:00,75.5436281124846,75.93348376217818,74.03991652097973,75.81414031982422,26700,0.0,0.0
2018-07-23 00:00:00-04:00,75.81415220723589,77.12691813884763,75.28109162720695,76.42677307128906,26000,0.0,0.0
2018-07-24 00:00:00-04:00,76.85638605353142,78.12141670225397,75.84595796007395,77.27806091308594,17900,0.0,0.0
2018-07-25 00:00:00-04:00,77.0871285602886,77.89070132334183,75.54363368414008,77.37355041503906,63700,0.0,0.0
2018-07-26 00:00:00-04:00,77.26216590872608,78.85339575988705,75.6470685810073,78.38397979736328,28300,0.0,0.0
2018-07-27 00:00:00-04:00,78.3839691151039,78.78973437146863,77.34967349484037,77.68383026123047,52000,0.0,0.0
2018-07-30 00:00:00-04:00,77.48491787971363,77.57243598540443,75.31289307135516,75.41632080078125,51800,0.0,0.0
2018-07-31 00:00:00-04:00,75.71866304556092,75.71866304556092,74.38998771642409,75.01852416992188,34200,0.0,0.0
2018-08-01 00:00:00-04:00,75.16969668660987,75.66297402837812,73.26817153507479,74.03196716308594,20000,0.0,0.0
2018-08-02 00:00:00-04:00,73.89670299055986,74.62071539718968,73.88079336483652,74.5888900756836,33000,0.0,0.0
2018-08-03 00:00:00-04:00,74.70823905630255,75.7425347667158,73.41138290647027,73.65802764892578,30500,0.0,0.0
2018-08-06 00:00:00-04:00,73.43525759512738,73.46707684943003,71.04841289847181,71.29505157470703,63300,0.0,0.0
2018-08-07 00:00:00-04:00,71.1279854968547,71.14389512676229,69.9743400515729,70.29258728027344,74900,0.0,0.0
2018-08-08 00:00:00-04:00,70.26872224616169,74.18314690625941,70.0539088495971,73.93650817871094,62200,0.0,0.0
2018-08-09 00:00:00-04:00,73.39548867684861,74.6286944376548,66.97487543865194,67.05443572998047,76100,0.0,0.0
2018-08-10 00:00:00-04:00,67.02260132910467,67.49996908253365,64.34138284681612,64.71531677246094,45200,0.0,0.0
2018-08-13 00:00:00-04:00,64.81077853960241,64.81077853960241,62.26481369954804,62.75809097290039,62900,0.0,0.0
2018-08-14 00:00:00-04:00,62.70241370570517,63.29117315265693,60.7690690900447,61.19075012207031,106500,0.0,0.0
2018-08-15 00:00:00-04:00,60.71338599637707,63.02067098738465,60.6656510330658,61.238494873046875,68700,0.0,0.0
2018-08-16 00:00:00-04:00,61.58059836232857,61.88292985819677,59.69498874504599,61.127098083496094,81800,0.0,0.0
2018-08-17 00:00:00-04:00,60.8724872792859,61.38168024252432,59.7427097014204,61.047523498535156,89900,0.0,0.0
2018-08-20 00:00:00-04:00,61.047528496365835,62.71831842315459,61.00774532689443,62.4239387512207,47200,0.0,0.0
2018-08-21 00:00:00-04:00,62.28074410072716,62.99679884775856,60.904333486491076,61.05549621582031,45000,0.0,0.0
2018-08-22 00:00:00-04:00,61.103219339788396,64.61187746696284,61.063436171587774,64.24589538574219,85200,0.0,0.0
2018-08-23 00:00:00-04:00,64.30954803215698,64.47662641770287,62.84561359156636,63.67305374145508,37000,0.0,0.0
2018-08-24 00:00:00-04:00,63.895823156446475,63.895823156446475,62.94108781683678,63.25137710571289,66100,0.0,0.0
2018-08-27 00:00:00-04:00,63.354815441012775,63.70488795677808,62.941098343339455,62.9649658203125,47900,0.0,0.0
2018-08-28 00:00:00-04:00,63.187739656146356,63.93561967268034,61.47716625134017,61.69994354248047,27800,0.0,0.0
2018-08-29 00:00:00-04:00,61.69994405829238,62.50351081675362,61.38965470204288,61.795413970947266,28700,0.0,0.0
2018-08-30 00:00:00-04:00,61.60447596080003,62.45578385461462,61.49309033507187,61.68403625488281,22200,0.0,0.0
2018-08-31 00:00:00-04:00,61.47716331399251,61.890886479139354,61.10322939365241,61.31804275512695,31900,0.0,0.0
2018-09-04 00:00:00-04:00,61.166875357312264,61.88293002850801,60.729290775514016,61.38169479370117,51700,0.0,0.0
2018-09-05 00:00:00-04:00,61.02366791740917,61.508993551784755,60.63381826801363,61.341915130615234,32100,0.0,0.0
2018-09-06 00:00:00-04:00,61.33395360011417,61.7317610752325,60.51447117258008,61.127098083496094,42800,0.0,0.0
2018-09-07 00:00:00-04:00,60.983891674860175,62.53533851492005,60.617909499001456,62.24891662597656,37100,0.0,0.0
2018-09-10 00:00:00-04:00,62.50347917483013,63.760551662260696,62.43187677658716,63.649166107177734,41800,0.0,0.0
2018-09-11 00:00:00-04:00,63.346872698495496,64.22204804269226,63.251396706923416,63.4980354309082,36500,0.0,0.0
2018-09-12 00:00:00-04:00,63.36276586138705,63.688970861935104,62.097741169645005,62.853572845458984,27300,0.0,0.0
2018-09-13 00:00:00-04:00,63.26233135896015,63.27034806305318,62.661206966007256,62.917686462402344,22700,0.58,0.0
2018-09-14 00:00:00-04:00,62.95775982804063,64.1439751296433,62.18030468465007,63.09401321411133,28000,0.0,0.0
2018-09-17 00:00:00-04:00,62.997848610284876,63.118074737537825,62.244443368412455,62.701297760009766,24300,0.0,0.0
2018-09-18 00:00:00-04:00,62.83754865066282,63.566909860671906,61.77956978040734,61.795597076416016,45900,0.0,0.0
2018-09-19 00:00:00-04:00,61.93184586481347,62.91769265689625,61.28263341329197,62.460838317871094,25200,0.0,0.0
2018-09-20 00:00:00-04:00,62.396707063662504,63.614989185476404,62.07610618345079,62.96577072143555,29000,0.0,0.0
2018-09-21 00:00:00-04:00,62.98182702250854,64.52070446896155,62.98182702250854,64.37643432617188,98500,0.0,0.0
2018-09-24 00:00:00-04:00,63.89555297917577,63.89555297917577,61.20251367007668,61.755550384521484,29000,0.0,0.0
2018-09-25 00:00:00-04:00,61.939860555441705,62.092147368482514,60.72158439597708,60.76967239379883,30400,0.0,0.0
2018-09-26 00:00:00-04:00,60.88189118256784,61.10631002693153,58.7979940513916,59.230804443359375,38900,0.0,0.0
2018-09-27 00:00:00-04:00,59.262846218228646,60.24067611194383,58.78995856301017,59.166664123535156,25500,0.0,0.0
2018-09-28 00:00:00-04:00,59.08654774088407,59.60752367081536,57.77208896949342,57.852237701416016,76200,0.0,0.0
2018-10-01 00:00:00-04:00,57.90030710983653,58.54150898906326,55.03895488357888,55.54390335083008,47600,0.0,0.0
2018-10-02 00:00:00-04:00,55.47177002126199,56.7461571845747,55.3755878965925,56.44960021972656,51000,0.0,0.0
2018-10-03 00:00:00-04:00,56.49767213544112,57.77205893583992,56.08891198064897,57.49954605102539,31900,0.0,0.0
2018-10-04 00:00:00-04:00,57.43543335031241,57.43543335031241,55.840445602219184,56.73011016845703,31400,0.0,0.0
2018-10-05 00:00:00-04:00,56.72211071540089,57.81215040527746,56.185107576772715,56.69806671142578,40600,0.0,0.0
2018-10-08 00:00:00-04:00,56.53775481314734,58.14876993190509,56.50569411106293,57.84419631958008,19300,0.0,0.0
2018-10-09 00:00:00-04:00,57.82816402409381,58.06861009649865,56.962543487548835,56.96254348754883,33600,0.0,0.0
2018-10-10 00:00:00-04:00,56.9625473787102,58.1086914688315,56.68202388426518,56.690040588378906,42800,0.0,0.0
2018-10-11 00:00:00-04:00,56.59386888753118,57.63582047553026,56.128997802734375,56.128997802734375,28600,0.0,0.0
2018-10-12 00:00:00-04:00,56.94652570236527,56.94652570236527,54.09318413683929,55.295433044433594,37000,0.0,0.0
2018-10-15 00:00:00-04:00,55.151167726343004,56.64195699058107,55.151167726343004,56.016788482666016,38700,0.0,0.0
2018-10-16 00:00:00-04:00,56.42555348578663,57.52360364323888,55.98472641275172,57.21903610229492,31000,0.0,0.0
2018-10-17 00:00:00-04:00,57.11484348764643,57.65986327206095,55.52787213701297,57.10682678222656,26300,0.0,0.0
2018-10-18 00:00:00-04:00,57.04270689847369,57.04270689847369,55.383603499433406,55.81641387939453,32200,0.0,0.0
2018-10-19 00:00:00-04:00,55.39963599043944,56.281284032031294,52.93903328752025,53.32374954223633,50700,0.0,0.0
2018-10-22 00:00:00-04:00,53.33977105443536,54.01302740747871,51.84898214132138,53.67639923095703,53700,0.0,0.0
2018-10-23 00:00:00-04:00,52.99513855216324,54.62218123366285,52.61041617845593,54.285552978515625,34800,0.0,0.0
2018-10-24 00:00:00-04:00,54.165324925852104,55.11109435779492,52.914981842041016,52.914981842041016,56000,0.0,0.0
2018-10-25 00:00:00-04:00,53.17948736937889,54.509979393680894,52.51424135722789,54.42181396484375,22400,0.0,0.0
2018-10-26 00:00:00-04:00,53.660376589136405,55.07101709298621,52.66651915265231,54.27753448486328,36700,0.0,0.0
2018-10-29 00:00:00-04:00,54.74240610895548,55.30345318807003,53.54015712660613,53.76457595825195,31400,0.0,0.0
2018-10-30 00:00:00-04:00,53.84472502440705,55.271392847860994,52.810790158937095,55.1110954284668,25500,0.0,0.0
2018-10-31 00:00:00-04:00,55.60800715030623,56.10493880971826,54.75040333024152,55.9766960144043,46500,0.0,0.0
2018-11-01 00:00:00-04:00,56.313354070538786,59.46324720964769,55.42368917602253,58.244964599609375,44100,0.0,0.0
2018-11-02 00:00:00-04:00,58.52547334536549,59.03843849814331,56.9705689372547,57.54764938354492,30600,0.0,0.0
2018-11-05 00:00:00-05:00,57.69193092362103,58.86211934264995,57.05874564823009,57.70795822143555,16100,0.0,0.0
2018-11-06 00:00:00-05:00,57.61979599588565,58.31710273116899,57.45148184218739,58.244964599609375,9500,0.0,0.0
2018-11-07 00:00:00-05:00,58.24494792433889,58.24494792433889,56.20913913418696,57.812137603759766,27800,0.0,0.0
2018-11-08 00:00:00-05:00,59.02240600403121,60.80173536937343,57.707947684850396,60.24068832397461,33900,0.0,0.0
2018-11-09 00:00:00-05:00,60.09641501602915,60.497164631429584,57.78809331775217,58.12472152709961,31500,0.0,0.0
2018-11-12 00:00:00-05:00,58.068627686051784,58.45335007937009,56.746158599853516,56.746158599853516,21000,0.0,0.0
2018-11-13 00:00:00-05:00,56.97058216177406,58.148787327286406,56.97058216177406,57.65185546875,18000,0.0,0.0
2018-11-14 00:00:00-05:00,57.707946631815155,58.35715907463777,53.900825152632905,54.34966278076172,51500,0.0,0.0
2018-11-15 00:00:00-05:00,54.27752929291393,54.75041090743434,53.29168254109882,53.8687629699707,20500,0.0,0.0
2018-11-16 00:00:00-05:00,53.74853448660845,54.958799992853386,53.50007169097112,54.301570892333984,21600,0.0,0.0
2018-11-19 00:00:00-05:00,54.30158900192328,55.02293974671118,52.97911365563808,53.71649169921875,46600,0.0,0.0
2018-11-20 00:00:00-05:00,53.29169203681434,53.70045843259311,52.09745967341123,52.10547637939453,18400,0.0,0.0
2018-11-21 00:00:00-05:00,52.49019293242794,53.55618858046207,51.736787669831756,52.113487243652344,27300,0.0,0.0
2018-11-23 00:00:00-05:00,52.185614340642196,53.636325961972766,52.185614340642196,53.22756576538086,9400,0.0,0.0
2018-11-26 00:00:00-05:00,53.66838193831727,54.62216787628229,53.123362275902,54.25347900390625,17300,0.0,0.0
2018-11-27 00:00:00-05:00,53.96495469544732,54.57408982116885,51.70472668959906,52.10547637939453,21700,0.0,0.0
2018-11-28 00:00:00-05:00,52.23369998612051,55.175200503112215,50.81504913100315,54.11722183227539,43200,0.0,0.0
2018-11-29 00:00:00-05:00,53.644354829930265,54.173341251622595,52.70660200400629,52.923004150390625,20800,0.0,0.0
2018-11-30 00:00:00-05:00,52.99513085473859,53.7805966693283,52.289807624547585,52.94703674316406,58200,0.0,0.0
2018-12-03 00:00:00-05:00,53.700453463164514,53.716480758692974,51.78487061240619,53.17947769165039,38500,0.0,0.0
2018-12-04 00:00:00-05:00,53.17947569398857,53.31572910320268,49.53265460281246,49.55670166015625,47800,0.0,0.0
2018-12-06 00:00:00-05:00,49.16396361021417,50.98336725584579,48.731153285883764,50.71085739135742,38400,0.0,0.0
2018-12-07 00:00:00-05:00,50.67079238479997,50.67079238479997,47.857527815344454,48.546817779541016,24900,0.0,0.0
2018-12-10 00:00:00-05:00,48.707110364466224,49.332278808454745,47.68920593805092,48.723140716552734,45500,0.0,0.0
2018-12-11 00:00:00-05:00,49.396405501724445,49.50059821521876,46.75947192217091,47.520896911621094,39400,0.0,0.0
2018-12-12 00:00:00-05:00,48.274306069694354,48.3544578401539,47.072057030098016,47.59303283691406,58600,0.0,0.0
2018-12-13 00:00:00-05:00,47.8034737556816,48.08676434970693,45.67473714691617,46.30607223510742,32300,0.58,0.0
2018-12-14 00:00:00-05:00,45.8528063008282,47.60112142784477,45.03530531109138,46.31416702270508,35800,0.0,0.0
2018-12-17 00:00:00-05:00,45.933747953240996,47.42305373725681,45.464291426014846,45.901371002197266,38300,0.0,0.0
2018-12-18 00:00:00-05:00,46.35463245603818,47.325919235650616,45.77995555117023,46.88883972167969,55200,0.0,0.0
2018-12-19 00:00:00-05:00,47.23689615901718,48.475285341765925,45.674743605059035,45.76377868652344,56900,0.0,0.0
2018-12-20 00:00:00-05:00,45.99850550099421,47.366399370828056,45.90137464016479,46.783626556396484,69700,0.0,0.0
2018-12-21 00:00:00-05:00,46.73506044031208,48.2081777466228,46.297980864777436,47.60112380981445,88200,0.0,0.0
2018-12-24 00:00:00-05:00,47.29354901959266,47.43924221165,46.16038043417689,46.80790710449219,39400,0.0,0.0
2018-12-26 00:00:00-05:00,47.13976469067686,48.35387260616751,45.69902119803541,48.0948600769043,43000,0.0,0.0
2018-12-27 00:00:00-05:00,47.4068680241679,48.76666917088137,46.783625574621205,48.66144561767578,75200,0.0,0.0
2018-12-28 00:00:00-05:00,48.89617171071577,49.55988377795851,48.159613046451945,49.44656753540039,38200,0.0,0.0
2018-12-31 00:00:00-05:00,49.9645817336175,49.9645817336175,48.28911324653542,48.920448303222656,27100,0.0,0.0
2019-01-02 00:00:00-05:00,48.18389734354521,50.72542953491211,48.18389734354521,50.72542953491211,39200,0.0,0.0
2019-01-03 00:00:00-05:00,50.32072105026929,51.22725711985602,50.02124198337797,50.6282958984375,30500,0.0,0.0
2019-01-04 00:00:00-05:00,51.397225204028686,53.59880812207138,51.397225204028686,52.781307220458984,28100,0.0,0.0
2019-01-07 00:00:00-05:00,52.78941423587881,54.060180299801694,51.988104724302545,53.22649383544922,17200,0.0,0.0
2019-01-08 00:00:00-05:00,53.720224649602656,55.13668373121157,53.720224649602656,54.25442886352539,17400,0.0,0.0
2019-01-09 00:00:00-05:00,54.73198782759157,56.02703505404539,54.675329704411475,55.08003234863281,18500,0.0,0.0
2019-01-10 00:00:00-05:00,54.958621442527594,55.848966042940276,54.55391879004252,54.804832458496094,18600,0.0,0.0
2019-01-11 00:00:00-05:00,54.62675735359221,56.23747821073045,54.205869350264535,55.58185577392578,17400,0.0,0.0
2019-01-14 00:00:00-05:00,55.444256546063116,57.09544390540183,55.152870178222656,55.152870178222656,27000,0.0,0.0
2019-01-15 00:00:00-05:00,55.37141009786449,56.083684417343726,54.01969878408621,55.500911712646484,17900,0.0,0.0
2019-01-16 00:00:00-05:00,55.75183018599622,56.520768861958395,55.241907112669445,56.399356842041016,21300,0.0,0.0
2019-01-17 00:00:00-05:00,56.302236592186034,58.11530910038566,56.302236592186034,58.058650970458984,36200,0.0,0.0
2019-01-18 00:00:00-05:00,58.10719387388144,59.77456643259998,57.68629975645848,58.544273376464844,31200,0.0,0.0
2019-01-22 00:00:00-05:00,58.171968288559654,59.386076387880536,56.65837796830796,57.32209014892578,40400,0.0,0.0
2019-01-23 00:00:00-05:00,57.65394669678304,58.20434259037785,57.3625602722168,57.3625602722168,15300,0.0,0.0
2019-01-24 00:00:00-05:00,57.37873752065561,57.386833302209496,56.43983064437955,57.119728088378906,25300,0.0,0.0
2019-01-25 00:00:00-05:00,57.378740972508126,57.759162449891086,56.90928441849203,57.427303314208984,20100,0.0,0.0
2019-01-28 00:00:00-05:00,56.828345358883844,58.333839710559026,56.609808645053995,58.20433807373047,30500,0.0,0.0
2019-01-29 00:00:00-05:00,58.17194341772234,59.69362269519397,56.58551025390625,56.58551025390625,20200,0.0,0.0
2019-01-30 00:00:00-05:00,57.006410821528966,58.68187940724921,57.006410821528966,58.53618621826172,22900,0.0,0.0
2019-01-31 00:00:00-05:00,58.544280729120004,58.544280729120004,56.682646263045235,57.265419006347656,30800,0.0,0.0
2019-02-01 00:00:00-05:00,57.17638062198293,58.64140200121841,57.127818287948585,58.09910202026367,7900,0.0,0.0
2019-02-04 00:00:00-05:00,57.85630633482599,59.26467013869293,57.5406325168799,58.67380142211914,21700,0.0,0.0
2019-02-05 00:00:00-05:00,58.722351481851526,58.981360906567154,57.63774527035547,58.64950180053711,11700,0.0,0.0
2019-02-06 00:00:00-05:00,59.24845434102894,59.24845434102894,57.17637913902131,57.77533721923828,16000,0.0,0.0
2019-02-07 00:00:00-05:00,58.29336322754198,58.29336322754198,57.111632306825015,57.119728088378906,11900,0.0,0.0
2019-02-08 00:00:00-05:00,56.91738124253766,57.41111897644319,54.99908843169455,57.00641632080078,25500,0.0,0.0
2019-02-11 00:00:00-05:00,57.103545144475376,57.17638865576204,56.29413986206055,56.29413986206055,9000,0.0,0.0
2019-02-12 00:00:00-05:00,56.64218910647954,57.70250813882411,56.018943528866856,57.19258499145508,22800,0.0,0.0
2019-02-13 00:00:00-05:00,57.19257588451512,57.71868433798933,56.70692781165929,56.868812561035156,23400,0.0,0.0
2019-02-14 00:00:00-05:00,56.66646717920341,56.974038972260864,56.2293875731076,56.26176452636719,24400,0.0,0.0
2019-02-15 00:00:00-05:00,56.57742080720816,59.08657551884459,56.54504386041187,58.665687561035156,31600,0.0,0.0
2019-02-19 00:00:00-05:00,58.88423430476594,59.7017353692073,58.13958292689472,59.39415740966797,24200,0.0,0.0
2019-02-20 00:00:00-05:00,59.46699628154851,59.53983977959906,58.77900315156286,59.28083038330078,27500,0.0,0.0
2019-02-21 00:00:00-05:00,59.41034680481889,59.41034680481889,56.002751430746514,58.042449951171875,41700,0.0,0.0
2019-02-22 00:00:00-05:00,59.596496622938915,66.65451024085377,58.301449669025864,65.60228729248047,104300,0.0,0.0
2019-02-25 00:00:00-05:00,66.35504625134664,68.11954997365167,64.9790535975595,65.61848449707031,43200,0.0,0.0
2019-02-26 00:00:00-05:00,65.73987518129874,67.94954737628203,64.7119273716893,67.06729888916016,39500,0.0,0.0
2019-02-27 00:00:00-05:00,67.06732846090532,67.31015253842531,65.9503512899135,66.98638916015625,24700,0.0,0.0
2019-02-28 00:00:00-05:00,66.5735858898607,67.36680580056185,66.2093559751619,66.2660140991211,44800,0.0,0.0
2019-03-01 00:00:00-05:00,67.07542474816027,67.07542474816027,65.75609005246143,66.50074768066406,24200,0.0,0.0
2019-03-04 00:00:00-05:00,66.50074311287983,66.97828928078121,64.90621366703395,65.24616241455078,29400,0.0,0.0
2019-03-05 00:00:00-05:00,65.06808886464952,65.50516844948964,64.33962288991599,65.17330932617188,18200,0.0,0.0
2019-03-06 00:00:00-05:00,64.93048124691228,65.0923598046245,62.85031028642758,62.85840606689453,37100,0.0,0.0
2019-03-07 00:00:00-05:00,62.91507431161355,63.02029477354432,60.72967637893022,61.037254333496094,20000,0.0,0.0
2019-03-08 00:00:00-05:00,60.98868121887409,62.235165980862895,60.98868121887409,61.919498443603516,27500,0.0,0.0
2019-03-11 00:00:00-04:00,61.55527630518596,63.530221062707966,61.52289935174823,62.38086700439453,25200,0.0,0.0
2019-03-12 00:00:00-04:00,62.87460364318151,63.40880792742445,61.83856585229745,62.89078903198242,18500,0.0,0.0
2019-03-13 00:00:00-04:00,63.044571202309726,63.42499263838601,62.61558742980556,62.915069580078125,30400,0.0,0.0
2019-03-14 00:00:00-04:00,62.69453608674429,63.90333810558412,62.69453608674429,63.73181915283203,29400,0.7,0.0
2019-03-15 00:00:00-04:00,63.73184596414604,65.02232955885503,62.91508514188321,63.63383865356445,80000,0.0,0.0
2019-03-18 00:00:00-04:00,63.690995951112676,64.97330987649937,63.50313826651952,63.7481689453125,36500,0.0,0.0
2019-03-19 00:00:00-04:00,64.06670157586161,64.06670157586161,62.0738037763655,62.35966873168945,14600,0.0,0.0
2019-03-20 00:00:00-04:00,62.00028492978132,62.7435336531568,60.685300187806604,60.90582275390625,29900,0.0,0.0
2019-03-21 00:00:00-04:00,60.63631114190648,61.64092952017576,58.90478248829592,59.17430877685547,52200,0.0,0.0
2019-03-22 00:00:00-04:00,58.880263359697686,59.231470635320655,55.66223112288428,56.6586799621582,40800,0.0,0.0
2019-03-25 00:00:00-04:00,56.69135939869711,58.561735793384265,56.666851344963675,58.41471862792969,39300,0.0,0.0
2019-03-26 00:00:00-04:00,58.92927597324426,60.11357629917949,58.055342418510136,59.2559814453125,39000,0.0,0.0
2019-03-27 00:00:00-04:00,59.74603646393245,60.8976656180997,58.774089399361664,60.30959701538086,33300,0.0,0.0
2019-03-28 00:00:00-04:00,60.32595075227761,60.82417531868481,58.34939119156816,59.83589553833008,37000,0.0,0.0
2019-03-29 00:00:00-04:00,60.23609805399352,60.49746121324342,58.455559584294484,59.15797424316406,57300,0.0,0.0
2019-04-01 00:00:00-04:00,59.62352578645344,61.60008500877236,59.24781664570275,60.93851089477539,42400,0.0,0.0
2019-04-02 00:00:00-04:00,60.93035269467146,60.93035269467146,59.22332566246015,60.1707649230957,76900,0.0,0.0
2019-04-03 00:00:00-04:00,60.56280564471955,61.314223974493785,59.70520443849736,60.42395782470703,39100,0.0,0.0
2019-04-04 00:00:00-04:00,60.432104872947576,61.542899600410095,60.432104872947576,61.19169235229492,26800,0.0,0.0
2019-04-05 00:00:00-04:00,61.39588684748068,62.07379957521689,60.685309182537075,61.93495178222656,44900,0.0,0.0
2019-04-08 00:00:00-04:00,61.69809929175992,62.253496774400645,61.48573978126486,61.71443176269531,37600,0.0,0.0
2019-04-09 00:00:00-04:00,61.771604797775666,61.771604797775666,60.3586123838621,60.80782699584961,42100,0.0,0.0
2019-04-10 00:00:00-04:00,61.142680109390696,61.86142697185648,60.538279197058394,61.85326385498047,61700,0.0,0.0
2019-04-11 00:00:00-04:00,62.02480349508306,63.225442603858355,61.93495932834552,62.915069580078125,27200,0.0,0.0
2019-04-12 00:00:00-04:00,63.42146898896561,64.1892198022083,61.82878190050868,62.53119659423828,29100,0.0,0.0
2019-04-15 00:00:00-04:00,62.645541856275784,63.22544742448354,61.020189842861775,61.77977752685547,47800,0.0,0.0
2019-04-16 00:00:00-04:00,61.76343957057859,63.24177428061208,61.052855596589175,63.045753479003906,28000,0.0,0.0
2019-04-17 00:00:00-04:00,63.27444756629178,63.59298371631576,62.25349676970488,63.013084411621094,21300,0.0,0.0
2019-04-18 00:00:00-04:00,62.66187328299757,62.66187328299757,61.167199912029766,61.17536926269531,24200,0.0,0.0
2019-04-22 00:00:00-04:00,61.159034828854516,61.159034828854516,60.105412849476174,60.61997604370117,29000,0.0,0.0
2019-04-23 00:00:00-04:00,60.3831137999925,62.49852084675082,60.3831137999925,61.755271911621094,50800,0.0,0.0
2019-04-24 00:00:00-04:00,61.763438305243426,62.77621969609077,60.930339010545595,62.45768356323242,29100,0.0,0.0
2019-04-25 00:00:00-04:00,62.5066945117947,62.5066945117947,61.142705657142315,61.64093017578125,27100,0.0,0.0
2019-04-26 00:00:00-04:00,61.60825976680759,62.343345642089844,61.061031594082316,62.343345642089844,25400,0.0,0.0
2019-04-29 00:00:00-04:00,62.735364124795076,64.18919663501869,62.735364124795076,63.927833557128906,50700,0.0,0.0
2019-04-30 00:00:00-04:00,64.00952389235421,64.39339610056889,62.22081636798678,62.46584701538086,67200,0.0,0.0
2019-05-01 00:00:00-04:00,62.653710689254375,63.32345419411635,61.97579783284583,63.19277572631836,39200,0.0,0.0
2019-05-02 00:00:00-04:00,62.81705688983757,63.805336407543756,61.820608021842844,63.715492248535156,40000,0.0,0.0
2019-05-03 00:00:00-04:00,63.805351659176935,66.95804863420226,63.380632582088886,65.95343017578125,96600,0.0,0.0
2019-05-06 00:00:00-04:00,65.49604166345286,66.5659961723004,64.40974845124258,65.17750549316406,60700,0.0,0.0
2019-05-07 00:00:00-04:00,64.76094906377531,65.14482754482484,63.274445013180504,64.06670379638672,50100,0.0,0.0
2019-05-08 00:00:00-04:00,63.90335003695199,64.40157452046903,62.93957224293091,64.0340347290039,39100,0.0,0.0
2019-05-09 00:00:00-04:00,63.35610451279374,63.47861982010393,60.14623586448122,61.20802688598633,56600,0.0,0.0
2019-05-10 00:00:00-04:00,60.938512838962446,62.359674630862706,60.53830186364929,62.351505279541016,23900,0.0,0.0
2019-05-13 00:00:00-04:00,61.11821971205877,62.13100148442133,58.98647326212251,59.43568801879883,32100,0.0,0.0
2019-05-14 00:00:00-04:00,59.62353207205849,61.289724674989635,58.782269534365504,60.35044860839844,36600,0.0,0.0
2019-05-15 00:00:00-04:00,59.78688387764628,61.1263709972653,59.30499803048368,59.87672805786133,29900,0.0,0.0
2019-05-16 00:00:00-04:00,60.06456332344849,61.150856200891454,59.62351193941779,60.20341110229492,23000,0.0,0.0
2019-05-17 00:00:00-04:00,59.63984510117804,60.49744606312696,58.83125400339526,59.582672119140625,29000,0.0,0.0
2019-05-20 00:00:00-04:00,59.10079905922313,59.999234496427675,58.872107082268045,59.72970199584961,31500,0.0,0.0
2019-05-21 00:00:00-04:00,60.15440974868218,61.36321175243232,59.909379115587704,61.028343200683594,18000,0.0,0.0
2019-05-22 00:00:00-04:00,60.701649193649274,60.8241645332591,59.49284073096217,59.65619659423828,17400,0.0,0.0
2019-05-23 00:00:00-04:00,58.95377944266168,58.95377944266168,57.41827178178313,57.49994659423828,23600,0.0,0.0
2019-05-24 00:00:00-04:00,57.86748092225594,58.37387468206226,57.148733916320545,58.34937286376953,28500,0.0,0.0
2019-05-28 00:00:00-04:00,58.33305346483445,58.33305346483445,56.43816870277595,57.05073928833008,51000,0.0,0.0
2019-05-29 00:00:00-04:00,56.797533208875,57.95733177222539,56.62601422962366,57.69596862792969,27100,0.0,0.0
2019-05-30 00:00:00-04:00,57.810319784492116,58.096184775478,56.11145607893392,56.93638610839844,47600,0.0,0.0
2019-05-31 00:00:00-04:00,56.274808669010824,56.62601598926458,54.93532173394747,55.89093017578125,47500,0.0,0.0
2019-06-03 00:00:00-04:00,56.282976691575,57.45093838309896,55.931769379611296,57.14057159423828,37000,0.0,0.0
2019-06-04 00:00:00-04:00,57.69597779075164,58.912949540455706,57.29576677560679,58.65975570678711,42700,0.0,0.0
2019-06-05 00:00:00-04:00,58.59442157710861,59.36217876940545,56.691373534320164,56.797550201416016,49300,0.0,0.0
2019-06-06 00:00:00-04:00,56.85470533155603,57.622462282403525,56.00527356775193,57.48360824584961,28500,0.0,0.0
2019-06-07 00:00:00-04:00,57.68781163970347,57.89200183467375,56.781206675524196,57.467288970947266,29200,0.0,0.0
2019-06-10 00:00:00-04:00,57.80215543347635,58.618916182032066,57.80215543347635,57.965511322021484,35100,0.0,0.0
2019-06-11 00:00:00-04:00,58.33305068377713,59.28049613533157,57.47545564372176,58.1043586730957,24400,0.0,0.0
2019-06-12 00:00:00-04:00,57.96550151065178,58.56173326659954,57.81031500064861,58.5372314453125,31400,0.0,0.0
2019-06-13 00:00:00-04:00,58.702216759423294,59.23009906746914,58.24032131309656,58.80119705200195,32700,0.7,0.0
2019-06-14 00:00:00-04:00,58.66095364182014,59.76620476698252,58.26503894016678,59.015625,47800,0.0,0.0
2019-06-17 00:00:00-04:00,59.14761307689659,60.20337759374686,59.14761307689659,59.63425827026367,27000,0.0,0.0
2019-06-18 00:00:00-04:00,60.038414833611775,60.08790182724481,58.61147901961643,59.089874267578125,42600,0.0,0.0
2019-06-19 00:00:00-04:00,58.71869650100369,60.01365832746139,58.56197933133417,59.11460494995117,52800,0.0,0.0
2019-06-20 00:00:00-04:00,59.42802762999329,59.42802762999329,58.30627675663495,58.75992202758789,36700,0.0,0.0
2019-06-21 00:00:00-04:00,58.561974230709936,59.1640930726406,57.9681053161621,57.96810531616211,71100,0.0,0.0
2019-06-24 00:00:00-04:00,57.82788459568219,58.08357569377435,56.17000168940464,56.26898193359375,43500,0.0,0.0
2019-06-25 00:00:00-04:00,56.29373971356171,56.79687840344076,55.44417952034524,56.18651580810547,33700,0.0,0.0
2019-06-26 00:00:00-04:00,56.252495624573264,57.47322709210461,56.252495624573264,56.75563430786133,32100,0.0,0.0
2019-06-27 00:00:00-04:00,56.82985085794963,59.29605011630216,56.56590986333849,59.18057632446289,56300,0.0,0.0
2019-06-28 00:00:00-04:00,59.49401337525177,60.72299452200068,59.155841874032404,59.93117141723633,94400,0.0,0.0
2019-07-01 00:00:00-04:00,60.75599193582179,61.267374184903446,59.45278023702138,59.87343215942383,46300,0.0,0.0
2019-07-02 00:00:00-04:00,59.87343613251594,60.12913356687545,57.95161816778059,58.70219802856445,42400,0.0,0.0
2019-07-03 00:00:00-04:00,58.94140261854355,59.51877810376483,58.51250068890544,58.90016555786133,21500,0.0,0.0
2019-07-05 00:00:00-04:00,58.85891461616143,60.39307403564453,58.14132188999952,60.39307403564453,46400,0.0,0.0
2019-07-08 00:00:00-04:00,60.04664802852856,61.118905779807065,59.6919766563489,60.995182037353516,57900,0.0,0.0
2019-07-09 00:00:00-04:00,60.77249414111027,61.39110666034273,59.74147327572285,60.36833572387695,55900,0.0,0.0
2019-07-10 00:00:00-04:00,60.56627399903479,61.30036015821218,59.997148617684786,60.57452392578125,49900,0.0,0.0
2019-07-11 00:00:00-04:00,60.66526109747529,61.019932473452336,60.046648671435165,60.426063537597656,45900,0.0,0.0
2019-07-12 00:00:00-04:00,60.76425277840239,61.960240926566875,60.20337709684835,61.87775421142578,36400,0.0,0.0
2019-07-15 00:00:00-04:00,62.042700218971035,62.042700218971035,60.739488594951936,61.32510757446289,67300,0.0,0.0
2019-07-16 00:00:00-04:00,61.30036063858348,61.99320975515858,60.97043278749297,61.21788024902344,31100,0.0,0.0
2019-07-17 00:00:00-04:00,61.176672228552064,61.3911263995049,60.805507114812215,60.94572448730469,33800,0.0,0.0
2019-07-18 00:00:00-04:00,60.94569123574907,62.735541546739995,60.920947747380154,62.191165924072266,41800,0.0,0.0
2019-07-19 00:00:00-04:00,61.93547983914705,62.35613809679681,60.82197860922869,61.09416961669922,40100,0.0,0.0
2019-07-22 00:00:00-04:00,61.2178879810656,61.2178879810656,59.42803750086167,59.65898513793945,28300,0.0,0.0
2019-07-23 00:00:00-04:00,60.021903826149135,60.970444216013306,59.510521539311334,60.83022689819336,34100,0.0,0.0
2019-07-24 00:00:00-04:00,60.69825178871982,62.2654046186673,60.35183032006814,62.01796340942383,33000,0.0,0.0
2019-07-25 00:00:00-04:00,61.861245800901145,61.98496955107321,60.48380357135207,60.63227081298828,18800,0.0,0.0
2019-07-26 00:00:00-04:00,60.863197618505616,62.58706072403138,60.78071724424802,62.45509338378906,23000,0.0,0.0
2019-07-29 00:00:00-04:00,62.554096231950346,63.44489978855237,62.075707322977046,62.93351745605469,33300,0.0,0.0
2019-07-30 00:00:00-04:00,62.372654350560296,64.42644660723342,62.32316105892189,64.3357162475586,41800,0.0,0.0
2019-07-31 00:00:00-04:00,64.31920306865915,64.97080266350753,63.733577728271484,63.733577728271484,42100,0.0,0.0
2019-08-01 00:00:00-04:00,65.16050485190138,68.91342252190431,64.83882691365548,67.44524383544922,79700,0.0,0.0
2019-08-02 00:00:00-04:00,67.40398062231317,67.5771912685327,62.16639903019564,64.59135437011719,57100,0.0,0.0
2019-08-05 00:00:00-04:00,63.54386853616039,63.58510558844892,61.47357720860714,63.29642105102539,45000,0.0,0.0
2019-08-06 00:00:00-04:00,63.667603958155375,64.60789450559733,61.902496699423835,62.15818786621094,57900,0.0,0.0
2019-08-07 00:00:00-04:00,61.35810199370175,61.86124058723936,60.277594338490225,61.79525375366211,53600,0.0,0.0
2019-08-08 00:00:00-04:00,62.45511960470541,64.46767430434974,61.79526374791493,64.08000946044922,42000,0.0,0.0
2019-08-09 00:00:00-04:00,63.64284520604772,64.78108972931982,62.884009231015725,64.0057601928711,36000,0.0,0.0
2019-08-12 00:00:00-04:00,63.81606337600909,63.81606337600909,62.050956334178736,62.90876007080078,35400,0.0,0.0
2019-08-13 00:00:00-04:00,63.01598080065178,64.25320552988114,63.01598080065178,63.48612594604492,34600,0.0,0.0
2019-08-14 00:00:00-04:00,62.30664102290166,62.727299212442304,61.688028629456866,62.17466735839844,52800,0.0,0.0
2019-08-15 00:00:00-04:00,62.40564550889974,63.16447549596185,61.96024365748855,62.18294143676758,41600,0.0,0.0
2019-08-16 00:00:00-04:00,62.68606401430052,64.7481055937183,62.68606401430052,64.30270385742188,48800,0.0,0.0
2019-08-19 00:00:00-04:00,65.20998128471773,66.11728434111065,64.66560574373158,66.03479766845703,54100,0.0,0.0
2019-08-20 00:00:00-04:00,65.90285822719389,66.18329289585299,64.35219874168318,66.04307556152344,55500,0.0,0.0
2019-08-21 00:00:00-04:00,66.7854009639708,67.22255275416623,66.01007134794041,66.9998550415039,63200,0.0,0.0
2019-08-22 00:00:00-04:00,67.34629135602452,68.56701666661654,67.21431765063478,68.2041015625,42300,0.0,0.0
2019-08-23 00:00:00-04:00,67.73394797970528,68.30306720936841,65.43270868897078,65.82037353515625,50400,0.0,0.0
2019-08-26 00:00:00-04:00,66.47198702549638,67.12359309316378,66.01834153299465,66.942138671875,26200,0.0,0.0
2019-08-27 00:00:00-04:00,67.51948041257798,67.70094105271055,65.21824158088413,65.5564193725586,45200,0.0,0.0
2019-08-28 00:00:00-04:00,65.25125532736615,67.0988431343931,64.8635904377231,66.95862579345703,53100,0.0,0.0
2019-08-29 00:00:00-04:00,67.77518812453089,68.73197853680475,67.40402311902763,67.8741683959961,49200,0.0,0.0
2019-08-30 00:00:00-04:00,68.27831640542361,68.97116561424059,67.10707835632836,67.92364501953125,54500,0.0,0.0
2019-09-03 00:00:00-04:00,67.55247347577996,67.55247347577996,65.77911671944426,66.05130767822266,32700,0.0,0.0
2019-09-04 00:00:00-04:00,66.68641402278672,66.68641402278672,65.24298512059285,65.9193344116211,40600,0.0,0.0
2019-09-05 00:00:00-04:00,66.90912569276092,68.26182443022076,66.79365187074738,67.08233642578125,42500,0.0,0.0
2019-09-06 00:00:00-04:00,66.96685573548277,67.68444208541933,66.36473690286579,66.4554672241211,23100,0.0,0.0
2019-09-09 00:00:00-04:00,66.85137321772085,69.70523726978442,66.39772167053377,69.23509216308594,45000,0.0,0.0
2019-09-10 00:00:00-04:00,69.23513553271414,69.76301786764849,68.47629916999894,68.50929260253906,50300,0.0,0.0
2019-09-11 00:00:00-04:00,69.11139337373679,70.2826315999173,68.45978741309638,69.72175598144531,74900,0.0,0.0
2019-09-12 00:00:00-04:00,69.56503715588869,70.71153815334283,68.96292449149578,70.20014953613281,57800,0.0,0.0
2019-09-13 00:00:00-04:00,70.5161953491999,72.91136514203323,70.5161953491999,72.35415649414062,98900,0.7,0.0
2019-09-16 00:00:00-04:00,71.98819809833373,72.76995738522677,71.5391027427805,71.74701690673828,56200,0.0,0.0
2019-09-17 00:00:00-04:00,71.40603573316268,71.40603573316268,69.63460947055019,70.00053405761719,47700,0.0,0.0
2019-09-18 00:00:00-04:00,69.52651860269053,70.15026130488877,68.09606765710966,69.07742309570312,60800,0.0,0.0
2019-09-19 00:00:00-04:00,68.73643261499964,71.0983347723171,68.53683676882689,69.19384002685547,32700,0.0,0.0
2019-09-20 00:00:00-04:00,69.20215426763832,70.02549263618778,67.89645348315598,68.06278228759766,132300,0.0,0.0
2019-09-23 00:00:00-04:00,68.3122836942507,68.81959481012164,67.2394457448697,68.48693084716797,54800,0.0,0.0
2019-09-24 00:00:00-04:00,68.32060288680093,70.28331331306482,68.27901751152619,69.45996856689453,65800,0.0,0.0
2019-09-25 00:00:00-04:00,69.31026282809455,70.89041174721054,68.85285547324305,70.36647033691406,50400,0.0,0.0
2019-09-26 00:00:00-04:00,70.12529788405763,70.23341097885172,69.10235727547679,69.19384002685547,37900,0.0,0.0
2019-09-27 00:00:00-04:00,69.26869890542342,69.52651049518946,67.83824812664771,68.29566192626953,33400,0.0,0.0
2019-09-30 00:00:00-04:00,68.76970673380387,68.76970673380387,67.4806360824707,67.91310119628906,35400,0.0,0.0
2019-10-01 00:00:00-04:00,68.2707100709245,69.4017639326328,67.18124159113249,67.18955993652344,71100,0.0,0.0
2019-10-02 00:00:00-04:00,66.64898190030942,67.32262194314904,66.02523923989098,66.47433471679688,37800,0.0,0.0
2019-10-03 00:00:00-04:00,66.29966293935473,66.61569015252228,65.30998958819886,66.10006713867188,34500,0.0,0.0
2019-10-04 00:00:00-04:00,66.2414492463083,67.38913306641005,66.20818222101076,67.33091735839844,37900,0.0,0.0
2019-10-07 00:00:00-04:00,67.02322694093677,68.18754787716347,66.61571683402094,67.53885650634766,31500,0.0,0.0
2019-10-08 00:00:00-04:00,66.90678757571631,67.51389983655751,65.90880194547195,67.25608825683594,43600,0.0,0.0
2019-10-09 00:00:00-04:00,67.91309572119914,68.02952716283176,65.60108454226003,66.64065551757812,27100,0.0,0.0
2019-10-10 00:00:00-04:00,66.94838066011143,67.92973605899287,66.48265482506214,66.89848327636719,45900,0.0,0.0
2019-10-11 00:00:00-04:00,68.11268083089432,68.94433748000161,68.10436248779297,68.10436248779297,27600,0.0,0.0
2019-10-14 00:00:00-04:00,67.97130072335489,68.57008818088131,67.28934252488837,68.10436248779297,63500,0.0,0.0
2019-10-15 00:00:00-04:00,68.27068790145134,69.76767233378582,67.8964449658859,69.59302520751953,24300,0.0,0.0
2019-10-16 00:00:00-04:00,69.41838757592217,70.14192486298168,68.92770681069686,69.6595687866211,21400,0.0,0.0
2019-10-17 00:00:00-04:00,70.03380131335543,70.79061186269013,69.81756882139747,70.49952697753906,39600,0.0,0.0
2019-10-18 00:00:00-04:00,70.1668913684568,71.03181526187055,70.1668913684568,70.74073028564453,23900,0.0,0.0
2019-10-21 00:00:00-04:00,71.27298573528341,72.31255674277027,70.93200974424742,71.7553482055664,32700,0.0,0.0
2019-10-22 00:00:00-04:00,71.66385381794575,72.32918169276685,71.03179931640625,71.03179931640625,29300,0.0,0.0
2019-10-23 00:00:00-04:00,71.00684260237075,71.43930761425872,70.15855560987775,70.39141845703125,14400,0.0,0.0
2019-10-24 00:00:00-04:00,70.55775318929824,70.55775318929824,69.49323360124285,70.01718139648438,29000,0.0,0.0
2019-10-25 00:00:00-04:00,69.96728547690273,70.85715801407225,69.5514570699069,70.1585693359375,16500,0.0,0.0
2019-10-28 00:00:00-04:00,70.43300361905676,71.50584145744017,70.43300361905676,70.96526336669922,17700,0.0,0.0
2019-10-29 00:00:00-04:00,70.89041287261665,71.23971349672965,70.36647145400246,70.67418670654297,15200,0.0,0.0
2019-10-30 00:00:00-04:00,70.29993914767898,70.58270572233047,68.77800587876719,70.33320617675781,22500,0.0,0.0
2019-10-31 00:00:00-04:00,70.15024731465834,70.58271238849004,68.86949512683006,70.43301391601562,28800,0.0,0.0
2019-11-01 00:00:00-04:00,70.75736418336265,72.17949659249813,70.48291590834404,72.03811645507812,32500,0.0,0.0
2019-11-04 00:00:00-05:00,72.54539726980526,73.56833118314428,72.19609672728998,72.89469146728516,26300,0.0,0.0
2019-11-05 00:00:00-05:00,73.0776752961315,73.5350826664913,72.44561443804785,72.64521026611328,43900,0.0,0.0
2019-11-06 00:00:00-05:00,71.52248266176198,71.67218113508811,67.48063022699428,67.92972564697266,58000,0.0,0.0
2019-11-07 00:00:00-05:00,68.4037710653769,70.94032681615067,68.4037710653769,69.23542785644531,64900,0.0,0.0
2019-11-08 00:00:00-05:00,69.11068061061692,70.34984749827392,68.47030764975842,69.77600860595703,38400,0.0,0.0
2019-11-11 00:00:00-05:00,69.36015689190374,69.36015689190374,67.6968438074218,68.15425109863281,35600,0.0,0.0
2019-11-12 00:00:00-05:00,68.1958452267977,69.00255319163765,67.76338656107806,68.10436248779297,31000,0.0,0.0
2019-11-13 00:00:00-05:00,67.80496730529318,69.14393505190021,67.36419028529896,68.47860717773438,75700,0.0,0.0
2019-11-14 00:00:00-05:00,68.21247172991258,68.8195838414172,67.82159845665589,68.2374267578125,53400,0.0,0.0
2019-11-15 00:00:00-05:00,68.6283073111427,69.26868651607549,67.45567467690742,68.7613754272461,78100,0.0,0.0
2019-11-18 00:00:00-05:00,69.06077806100126,69.60966822277797,68.44535383566449,69.05245971679688,38500,0.0,0.0
2019-11-19 00:00:00-05:00,69.24373761338583,69.65124761385955,68.5201940106763,68.97760772705078,37700,0.0,0.0
2019-11-20 00:00:00-05:00,68.68652680897743,69.34353639209316,67.3974626746677,67.41409301757812,47800,0.0,0.0
2019-11-21 00:00:00-05:00,67.5721102088016,67.95467154827156,66.9151006219823,67.24776458740234,54300,0.0,0.0
2019-11-22 00:00:00-05:00,67.38081207491082,67.78832836000792,67.1978529605214,67.50556182861328,33500,0.0,0.0
2019-11-25 00:00:00-05:00,67.780019686522,69.80094568067007,67.74675265778674,69.50154876708984,38100,0.0,0.0
2019-11-26 00:00:00-05:00,69.5514382441766,69.8258864413171,68.64493560791016,68.64493560791016,21900,0.0,0.0
2019-11-27 00:00:00-05:00,68.86119667870737,69.11068995190395,68.30398171065339,68.43704986572266,32100,0.0,0.0
2019-11-29 00:00:00-05:00,68.36216341991334,69.42668909556022,67.99623886566307,69.06907653808594,15000,0.0,0.0
2019-12-02 00:00:00-05:00,69.11900134936707,69.11900134936707,67.65528351594607,67.69686889648438,41500,0.0,0.0
2019-12-03 00:00:00-05:00,67.10638352198356,67.62200663335915,66.6323394400533,67.43904113769531,37700,0.0,0.0
2019-12-04 00:00:00-05:00,67.80497752857259,68.95266796729958,67.2976663756647,68.30397033691406,34500,0.0,0.0
2019-12-05 00:00:00-05:00,68.53683682002814,69.19384007854755,67.86319052800579,68.83622741699219,82600,0.0,0.0
2019-12-06 00:00:00-05:00,69.72609020372649,69.95895939459994,68.46197489273963,68.67820739746094,63200,0.0,0.0
2019-12-09 00:00:00-05:00,68.61998901895834,69.02749898333408,68.19584236907706,68.4952392578125,48500,0.0,0.0
2019-12-10 00:00:00-05:00,68.1043524428363,68.9692759917416,67.88811996935104,68.42037963867188,50900,0.0,0.0
2019-12-11 00:00:00-05:00,68.53686344045829,69.44336661775347,68.07944950555887,69.11070251464844,75000,0.0,0.0
2019-12-12 00:00:00-05:00,69.21047898923267,69.66788641611672,68.53683902061854,69.09404754638672,58200,0.0,0.0
2019-12-13 00:00:00-05:00,69.06050038031532,69.14437786218372,67.66822248685772,68.17145538330078,47100,0.7,0.0
2019-12-16 00:00:00-05:00,68.70821705346115,69.21983882196196,68.54886396417261,68.97660827636719,69600,0.0,0.0
2019-12-17 00:00:00-05:00,69.1695141792834,70.41082112661,68.98499402250349,70.32695007324219,87100,0.0,0.0
2019-12-18 00:00:00-05:00,70.57857833073763,71.77795309867258,70.44437950964885,71.14891052246094,46200,0.0,0.0
2019-12-19 00:00:00-05:00,71.51795076100309,72.38184134995973,71.29988725601835,72.24764251708984,69400,0.0,0.0
2019-12-20 00:00:00-05:00,72.54957794997155,72.66699872028656,72.00440643125071,72.44892883300781,112100,0.0,0.0
2019-12-23 00:00:00-05:00,72.59153367533175,72.96895675413377,69.99148526952735,71.09021759033203,58600,0.0,0.0
2019-12-24 00:00:00-05:00,71.22438814619284,71.30825920469967,70.6205062866211,70.6205062866211,33400,0.0,0.0
2019-12-26 00:00:00-05:00,70.7630865111984,71.29147988199557,70.68759808739829,71.07341003417969,33600,0.0,0.0
2019-12-27 00:00:00-05:00,71.29150526779644,71.29150526779644,70.22632912227583,70.64569091796875,27700,0.0,0.0
2019-12-30 00:00:00-05:00,70.59535219283997,70.94761451079236,69.83211717060975,70.44438171386719,43700,0.0,0.0
2019-12-31 00:00:00-05:00,70.31018173747869,70.9308352404076,69.99146276112077,70.03340148925781,27100,0.0,0.0
2020-01-02 00:00:00-05:00,70.25985404157734,70.25985404157734,68.88434822371346,69.92436981201172,33600,0.0,0.0
2020-01-03 00:00:00-05:00,69.01855451687652,70.0501807926354,69.01855451687652,69.88243865966797,30500,0.0,0.0
2020-01-06 00:00:00-05:00,69.39597104984503,70.27663316325246,69.16112952599013,69.94953155517578,24600,0.0,0.0
2020-01-07 00:00:00-05:00,69.72307149224795,70.0082407656981,69.24499942697845,69.68952178955078,26300,0.0,0.0
2020-01-08 00:00:00-05:00,69.5721087153603,70.13405829892818,69.24500707661672,69.58049774169922,60100,0.0,0.0
2020-01-09 00:00:00-05:00,69.92438632850323,70.14244984943828,68.7837217614852,69.19469451904297,50600,0.0,0.0
2020-01-10 00:00:00-05:00,69.052107730748,69.32888802326025,68.36435471232376,68.8759765625,30900,0.0,0.0
2020-01-13 00:00:00-05:00,68.82564005189431,69.06048157970568,68.41466737822444,68.9598388671875,23800,0.0,0.0
2020-01-14 00:00:00-05:00,68.82565532247395,69.21985643117077,68.46500392504423,68.61597442626953,25200,0.0,0.0
2020-01-15 00:00:00-05:00,68.42304442970494,68.95982679903592,68.1630358703145,68.88433837890625,30100,0.0,0.0
2020-01-16 00:00:00-05:00,69.38760247113444,70.22632602553546,69.16953255528337,70.07535552978516,26200,0.0,0.0
2020-01-17 00:00:00-05:00,70.56179378599438,70.56179378599438,69.08564528355525,69.36241912841797,24300,0.0,0.0
2020-01-21 00:00:00-05:00,69.13595901546786,69.15273066523575,68.36433514713076,68.64949798583984,40600,0.0,0.0
2020-01-22 00:00:00-05:00,68.94307918819926,69.49663985037252,68.59920583053838,69.37921905517578,32400,0.0,0.0
2020-01-23 00:00:00-05:00,69.12758100496112,69.4714606700237,68.36434603937978,68.65789794921875,38700,0.0,0.0
2020-01-24 00:00:00-05:00,68.6746772881363,68.70822699572321,67.39982039459531,68.0120849609375,23800,0.0,0.0
2020-01-27 00:00:00-05:00,67.05593119821582,67.47529288525644,67.03915954627286,67.13980865478516,37400,0.0,0.0
2020-01-28 00:00:00-05:00,67.76885224054573,68.07917579845873,67.31594084361558,67.61788177490234,56200,0.0,0.0
2020-01-29 00:00:00-05:00,67.83593631781912,67.83593631781912,65.83977722283815,65.89009857177734,47500,0.0,0.0
2020-01-30 00:00:00-05:00,65.37846805763036,65.78944701513001,63.70941075339985,64.8500747680664,45200,0.0,0.0
2020-01-31 00:00:00-05:00,64.54814481336673,64.54814481336673,63.61716143249044,63.994590759277344,40400,0.0,0.0
2020-02-03 00:00:00-05:00,64.28814704268522,64.28814704268522,62.92941289123635,63.273292541503906,49900,0.0,0.0
2020-02-04 00:00:00-05:00,63.96942862857041,64.03652803393368,61.2100343717348,61.30228805541992,81500,0.0,0.0
2020-02-05 00:00:00-05:00,61.9397389834398,62.73653027372685,61.88102858512,62.50168228149414,63000,0.0,0.0
2020-02-06 00:00:00-05:00,62.8623252194322,63.12233386173392,61.32746604213461,61.4616584777832,36700,0.0,0.0
2020-02-07 00:00:00-05:00,61.226812199823115,61.36101102408688,60.36292806521959,60.72357940673828,51300,0.0,0.0
2020-02-10 00:00:00-05:00,60.74034769876691,61.50358907188499,59.80098157671609,61.47003936767578,51400,0.0,0.0
2020-02-11 00:00:00-05:00,61.637789756864805,62.30038210622465,60.80745526291246,61.201656341552734,42300,0.0,0.0
2020-02-12 00:00:00-05:00,61.62101324740774,61.62101324740774,60.547448249106196,60.72357940673828,29800,0.0,0.0
2020-02-13 00:00:00-05:00,60.539052674478185,61.44487544342135,60.37131056124491,61.05067443847656,38600,0.0,0.0
2020-02-14 00:00:00-05:00,61.15970566908802,61.15970566908802,59.95194838605017,60.60615158081055,43800,0.0,0.0
2020-02-18 00:00:00-05:00,61.92297461323331,63.35719142578001,61.5287734357176,63.10557174682617,51600,0.0,0.0
2020-02-19 00:00:00-05:00,63.73458717229768,63.73458717229768,60.8493831272671,61.04228591918945,52700,0.0,0.0
2020-02-20 00:00:00-05:00,60.83261054459229,61.67972301717725,60.58099735003927,60.64809036254883,31000,0.0,0.0
2020-02-21 00:00:00-05:00,60.63970241107346,60.832605203398415,60.12808064176577,60.37131118774414,30900,0.0,0.0
2020-02-24 00:00:00-05:00,59.20548681415923,60.14485940637724,58.71064303719992,59.884857177734375,48900,0.0,0.0
2020-02-25 00:00:00-05:00,60.10292112952906,60.51389379844827,57.45255214869119,58.13191604614258,46200,0.0,0.0
2020-02-26 00:00:00-05:00,59.80935631538787,64.21265362861216,59.80935631538787,62.79521560668945,74100,0.0,0.0
2020-02-27 00:00:00-05:00,61.67132900747126,62.35069289650411,60.47195432005986,61.226806640625,59000,0.0,0.0
2020-02-28 00:00:00-05:00,59.7758158426106,62.9545783996582,59.440331590883126,62.9545783996582,112700,0.0,0.0
2020-03-02 00:00:00-05:00,62.912637887631334,64.66556655110992,61.88939441563187,63.071990966796875,69900,0.0,0.0
2020-03-03 00:00:00-05:00,63.013296511506525,65.00107358142601,62.25845045359407,63.0384635925293,84900,0.0,0.0
2020-03-04 00:00:00-05:00,63.90234504065959,63.90234504065959,61.89779640238209,62.91265106201172,42300,0.0,0.0
2020-03-05 00:00:00-05:00,61.964890994390224,62.275220998612305,59.64162967301144,60.75713348388672,53500,0.0,0.0
2020-03-06 00:00:00-05:00,59.77581184092788,61.41132625389369,59.264196471607924,60.89131546020508,60100,0.0,0.0
2020-03-09 00:00:00-04:00,59.21387051249725,60.606154422169666,57.217711132470505,58.920318603515625,98300,0.0,0.0
2020-03-10 00:00:00-04:00,60.522284990434954,61.06745009365858,57.595135650691084,59.431941986083984,106500,0.0,0.0
2020-03-11 00:00:00-04:00,58.02287662199105,58.49255960995817,55.17121619729612,55.389286041259766,77200,0.0,0.0
2020-03-12 00:00:00-04:00,46.12978732790444,50.60018461742978,46.12978732790444,47.069156646728516,126300,0.0,0.0
2020-03-13 00:00:00-04:00,49.63873985056849,50.217319867000505,45.9800743907155,47.92001724243164,101900,0.8,0.0
2020-03-16 00:00:00-04:00,43.555129182652394,45.81839622871597,42.551123183310864,43.24882507324219,86600,0.0,0.0
2020-03-17 00:00:00-04:00,44.1847676444488,47.56265288331067,42.295874181504146,47.49458312988281,84400,0.0,0.0
2020-03-18 00:00:00-04:00,44.28686981376461,45.55464140499963,41.7002775610634,42.37245178222656,72200,0.0,0.0
2020-03-19 00:00:00-04:00,42.50859171817565,44.976065359182705,41.28336524060891,44.17626190185547,95900,0.0,0.0
2020-03-20 00:00:00-04:00,44.34643710657341,44.737831773782446,36.40798394625047,36.60367965698242,161000,0.0,0.0
2020-03-23 00:00:00-04:00,37.45453000539787,40.41549651875631,34.07664431034976,39.07114791870117,89400,0.0,0.0
2020-03-24 00:00:00-04:00,39.92199954809794,42.81489947726947,39.3689473455249,42.39798355102539,101100,0.0,0.0
2020-03-25 00:00:00-04:00,43.24883519785734,45.30789674059938,41.69177352656094,42.942527770996094,96200,0.0,0.0
2020-03-26 00:00:00-04:00,43.72531210041693,49.17076972808463,43.72531210041693,48.132728576660156,72100,0.0,0.0
2020-03-27 00:00:00-04:00,46.28637090962361,48.28587271034458,45.8013853112233,46.04813003540039,57100,0.0,0.0
2020-03-30 00:00:00-04:00,46.618211793052694,47.69028457331577,45.350440070875486,46.371463775634766,57700,0.0,0.0
2020-03-31 00:00:00-04:00,46.25234086107569,47.332923889160156,45.7843726509905,47.332923889160156,68900,0.0,0.0
2020-04-01 00:00:00-04:00,45.48657343013415,46.20128965303642,43.61469729912872,44.4570426940918,53300,0.0,0.0
2020-04-02 00:00:00-04:00,43.94653221067295,46.15024027976801,43.94653221067295,45.41850662231445,40000,0.0,0.0
2020-04-03 00:00:00-04:00,45.137723594052254,45.137723594052254,41.88746736720799,42.21929931640625,52700,0.0,0.0
2020-04-06 00:00:00-04:00,44.337922199085796,47.230818614932225,44.23582081271922,45.5461311340332,92300,0.0,0.0
2020-04-07 00:00:00-04:00,46.79688418374772,49.3068995300249,45.97155627859612,46.635223388671875,81400,0.0,0.0
2020-04-08 00:00:00-04:00,47.094683488533455,49.979076123312296,46.58417329862717,49.077171325683594,56300,0.0,0.0
2020-04-09 00:00:00-04:00,50.9490430110972,54.30140032430956,50.9490430110972,53.688785552978516,64500,0.0,0.0
2020-04-13 00:00:00-04:00,52.72732834411323,52.94004146056262,48.92401678335986,49.6217155456543,66600,0.0,0.0
2020-04-14 00:00:00-04:00,50.719320180953325,51.70630899270205,47.486081193896794,48.67727279663086,65900,0.0,0.0
2020-04-15 00:00:00-04:00,46.745838282888236,48.71130885675563,45.5461363081237,46.31190490722656,54900,0.0,0.0
2020-04-16 00:00:00-04:00,46.40550028144735,46.87346854917327,43.453040803616325,44.85694885253906,72900,0.0,0.0
2020-04-17 00:00:00-04:00,46.84794193783463,48.96656294106245,46.686277878244454,48.64323806762695,51500,0.0,0.0
2020-04-20 00:00:00-04:00,48.64323473897017,50.49809340561421,47.62221435924415,49.49408721923828,55200,0.0,0.0
2020-04-21 00:00:00-04:00,48.0731678349191,48.907002922920356,47.11170356941217,48.30289840698242,41900,0.0,0.0
2020-04-22 00:00:00-04:00,49.76636144693077,49.76636144693077,47.73282135608513,47.911502838134766,33100,0.0,0.0
2020-04-23 00:00:00-04:00,48.362458298635254,49.511107924473265,48.08167540366672,48.26035690307617,36600,0.0,0.0
2020-04-24 00:00:00-04:00,48.49858541570134,50.41300326105798,47.95404041456342,49.8259162902832,39100,0.0,0.0
2020-04-27 00:00:00-04:00,50.293886089282395,52.86346073729462,49.987578704708916,51.90199661254883,53700,0.0,0.0
2020-04-28 00:00:00-04:00,52.79539401324447,53.34844940550772,51.48508045779381,52.02962875366211,44100,0.0,0.0
2020-04-29 00:00:00-04:00,54.10570354247216,57.89199732240037,53.1272219968944,56.57317352294922,58000,0.0,0.0
2020-04-30 00:00:00-04:00,55.484086181809595,57.4070144912434,54.19079009870888,56.69229507446289,80000,0.0,0.0
2020-05-01 00:00:00-04:00,55.866979727092904,57.48359432618327,53.09319868692876,54.17377853393555,88200,0.0,0.0
2020-05-04 00:00:00-04:00,53.56966878542062,54.62472399226139,51.75735542711886,52.9910888671875,55900,0.0,0.0
2020-05-05 00:00:00-04:00,54.42052826095312,55.36497510976455,51.263866082800135,51.74885177612305,67400,0.0,0.0
2020-05-06 00:00:00-04:00,52.403997657468736,52.403997657468736,50.62571607232535,51.672264099121094,44500,0.0,0.0
2020-05-07 00:00:00-04:00,52.55715614115998,52.667767868289914,50.880975778727155,51.1107063293457,50100,0.0,0.0
2020-05-08 00:00:00-04:00,53.1612673633861,54.488598520562434,52.28489026845435,53.935543060302734,59900,0.0,0.0
2020-05-11 00:00:00-04:00,53.94403838114379,54.11420624853232,51.365953644684176,52.07216262817383,61800,0.0,0.0
2020-05-12 00:00:00-04:00,51.29790611875892,52.72733880453946,48.74534821497155,48.92402648925781,73900,0.0,0.0
2020-05-13 00:00:00-04:00,48.49860184865155,48.73683955593625,46.039638168977774,47.366966247558594,80300,0.0,0.0
2020-05-14 00:00:00-04:00,46.11620485326818,48.855947619174096,44.47405931475344,48.6517448425293,73300,0.0,0.0
2020-05-15 00:00:00-04:00,48.49858855543516,49.90249636454817,48.34543485823213,49.409000396728516,40200,0.0,0.0
2020-05-18 00:00:00-04:00,51.646746714911046,52.80390661889965,50.68528249384041,50.82141876220703,79100,0.0,0.0
2020-05-19 00:00:00-04:00,50.812908403738476,52.13172902746141,49.78337449169856,49.851444244384766,55000,0.0,0.0
2020-05-20 00:00:00-04:00,52.0126245459659,53.69731244048711,51.621229851600994,53.595211029052734,70700,0.0,0.0
2020-05-21 00:00:00-04:00,54.03763992340981,54.70130706917464,53.45055287691078,53.55265426635742,46900,0.0,0.0
2020-05-22 00:00:00-04:00,53.714316604515794,53.81641799070945,52.497597329414106,53.748348236083984,29200,0.0,0.0
2020-05-26 00:00:00-04:00,55.85846419339824,56.411519579766335,54.31842010276523,54.74384307861328,60200,0.0,0.0
2020-05-27 00:00:00-04:00,56.48809652867303,58.23234673708357,54.98209047131265,57.61973190307617,51800,0.0,0.0
2020-05-28 00:00:00-04:00,58.232343631291016,58.232343631291016,55.7053108215332,55.7053108215332,45700,0.0,0.0
2020-05-29 00:00:00-04:00,55.22032650943268,55.22032650943268,54.06316663283861,54.56516647338867,46600,0.0,0.0
2020-06-01 00:00:00-04:00,54.93103160680218,56.06266691320787,53.63773875054494,54.8204231262207,45100,0.0,0.0
2020-06-02 00:00:00-04:00,55.53513328262232,56.75185247408199,54.92252500757341,55.19479751586914,37100,0.0,0.0
2020-06-03 00:00:00-04:00,56.36897076028819,59.1257306824953,56.1137124470424,58.05366134643555,59700,0.0,0.0
2020-06-04 00:00:00-04:00,57.577189310558275,59.32143959860467,57.28790256545225,58.23234939575195,59700,0.0,0.0
2020-06-05 00:00:00-04:00,60.972102588737165,63.54167467537731,60.78491397147714,62.75038146972656,65600,0.0,0.0
2020-06-08 00:00:00-04:00,64.02665518970608,65.06469635235032,62.563187746731565,63.85648727416992,52600,0.0,0.0
2020-06-09 00:00:00-04:00,62.96309281727742,63.21835119556518,60.59772361223976,61.627254486083984,58200,0.0,0.0
2020-06-10 00:00:00-04:00,61.46558802592421,61.7889161580601,58.87899542628698,59.68730926513672,53100,0.0,0.0
2020-06-11 00:00:00-04:00,57.857970429248596,57.857970429248596,54.74384714022998,54.752357482910156,93900,0.0,0.0
2020-06-12 00:00:00-04:00,57.440435063162326,57.62136260337927,54.42496291313139,56.43240737915039,55500,0.8,0.0
2020-06-15 00:00:00-04:00,55.165915124714346,59.39619546908228,55.01945089328871,58.836177825927734,59700,0.0,0.0
2020-06-16 00:00:00-04:00,60.77469834195835,61.31748105440245,58.017690823179755,59.66328048706055,63900,0.0,0.0
2020-06-17 00:00:00-04:00,59.61158332308398,59.66327503195943,56.906274338466226,57.57829284667969,42700,0.0,0.0
2020-06-18 00:00:00-04:00,56.742571666063974,58.74139868897352,56.57887250043526,57.397361755371094,32900,0.0,0.0
2020-06-19 00:00:00-04:00,58.0865987987413,58.40537960086008,56.105007060886656,57.9745979309082,148800,0.0,0.0
2020-06-22 00:00:00-04:00,57.31982025480585,57.733373638932754,56.26871170280768,57.33705520629883,27800,0.0,0.0
2020-06-23 00:00:00-04:00,58.465702197205694,58.465702197205694,56.148094177246094,56.148094177246094,31800,0.0,0.0
2020-06-24 00:00:00-04:00,55.56222833742271,55.68284670170267,52.977541121099634,53.718482971191406,46800,0.0,0.0
2020-06-25 00:00:00-04:00,53.11538994883426,55.01082697884111,53.11538994883426,54.821285247802734,30500,0.0,0.0
2020-06-26 00:00:00-04:00,54.27849874190737,54.27849874190737,51.50426331005222,51.63349914550781,87100,0.0,0.0
2020-06-29 00:00:00-04:00,52.744923096231716,53.92526427335252,51.607659440526206,53.6151008605957,46900,0.0,0.0
2020-06-30 00:00:00-04:00,53.52894133552605,55.64838347648324,53.52894133552605,55.148681640625,43000,0.0,0.0
2020-07-01 00:00:00-04:00,55.338238072965325,55.38992979035178,53.30494397517659,53.82188415527344,50800,0.0,0.0
2020-07-02 00:00:00-04:00,55.208985404005695,55.536377136497,52.94307269437581,53.31354522705078,35100,0.0,0.0
2020-07-06 00:00:00-04:00,54.5197308997533,54.5197308997533,52.262435712024384,53.2446174621582,31300,0.0,0.0
2020-07-07 00:00:00-04:00,52.96030524757023,53.175696105695565,51.75411512742689,51.952274322509766,53000,0.0,0.0
2020-07-08 00:00:00-04:00,51.952282339412164,52.908618422920135,50.93563706925091,51.68519973754883,43900,0.0,0.0
2020-07-09 00:00:00-04:00,51.5473446016214,51.5473446016214,49.1608133669043,49.75529098510742,66200,0.0,0.0
2020-07-10 00:00:00-04:00,49.8586811274898,52.68461177289697,49.772526088152276,52.60707092285156,34100,0.0,0.0
2020-07-13 00:00:00-04:00,53.51171252343455,53.51171252343455,52.0298221682945,52.32275390625,59400,0.0,0.0
2020-07-14 00:00:00-04:00,52.08151325410587,52.805226711976964,50.6771638552338,51.17687225341797,42900,0.0,0.0
2020-07-15 00:00:00-04:00,52.753534692954595,53.98557080717977,52.227980412348934,53.67540740966797,40000,0.0,0.0
2020-07-16 00:00:00-04:00,53.33077438275367,54.05448775132951,52.33136099630165,52.91722106933594,23600,0.0,0.0
2020-07-17 00:00:00-04:00,52.65876220419322,53.02923478622348,52.02120703042305,52.520912170410156,29700,0.0,0.0
2020-07-20 00:00:00-04:00,52.27105246967231,52.58121583477412,51.04763395910819,51.14240646362305,34600,0.0,0.0
2020-07-21 00:00:00-04:00,51.848897277456146,53.64094784143983,51.848897277456146,52.968929290771484,30100,0.0,0.0
2020-07-22 00:00:00-04:00,52.23660236334298,52.82246587847822,51.73689389418467,52.15044403076172,22500,0.0,0.0
2020-07-23 00:00:00-04:00,52.219364196149726,53.17570020582132,52.10736002103941,53.012001037597656,25100,0.0,0.0
2020-07-24 00:00:00-04:00,53.07230291949547,53.07230291949547,51.78857532316121,51.93503952026367,24600,0.0,0.0
2020-07-27 00:00:00-04:00,51.71103465860159,52.10735302612359,50.76331296503621,51.76272964477539,33200,0.0,0.0
2020-07-28 00:00:00-04:00,51.53011312016338,53.055080880020896,51.37503143023862,51.978126525878906,24600,0.0,0.0
2020-07-29 00:00:00-04:00,52.12459168541053,53.27047271656051,51.814428299938236,53.012001037597656,31800,0.0,0.0
2020-07-30 00:00:00-04:00,51.90058490987883,52.03843493369694,50.918399792745475,51.71965408325195,27400,0.0,0.0
2020-07-31 00:00:00-04:00,51.030400260368864,51.93504118142903,50.186068514939144,51.271636962890625,48500,0.0,0.0
2020-08-03 00:00:00-04:00,51.538730169780386,52.08151611464682,50.95286670567784,51.814430236816406,27400,0.0,0.0
2020-08-04 00:00:00-04:00,52.03843977865102,52.03843977865102,51.306108788569205,51.87474060058594,33500,0.0,0.0
2020-08-05 00:00:00-04:00,52.460591400602446,52.7018280847969,51.857496403513,52.61567306518555,23500,0.0,0.0
2020-08-06 00:00:00-04:00,52.75353213487389,53.76156312790664,52.512295409219924,53.29631805419922,33000,0.0,0.0
2020-08-07 00:00:00-04:00,52.96892146635973,54.872975936394965,52.96892146635973,54.666202545166016,38500,0.0,0.0
2020-08-10 00:00:00-04:00,55.14007372276593,56.957973554170096,55.14007372276593,56.24287414550781,41400,0.0,0.0
2020-08-11 00:00:00-04:00,57.11303630257242,61.95502478429098,57.11303630257242,59.43925476074219,80500,0.0,0.0
2020-08-12 00:00:00-04:00,60.43005900499466,60.481750707839346,56.74256854270666,57.89706039428711,54100,0.0,0.0
2020-08-13 00:00:00-04:00,57.42321008595045,59.11187380116797,57.29397424294131,59.0171012878418,53800,0.0,0.0
2020-08-14 00:00:00-04:00,58.80171625664894,60.97285365699031,58.379551929150914,60.740234375,61300,0.0,0.0
2020-08-17 00:00:00-04:00,60.86944864263691,60.86944864263691,59.67187617789308,60.70574951171875,47800,0.0,0.0
2020-08-18 00:00:00-04:00,60.70575413252949,60.70575413252949,59.01709071969955,59.266944885253906,50900,0.0,0.0
2020-08-19 00:00:00-04:00,59.482347310379524,60.72300090556592,59.29280228075848,59.97343826293945,65400,0.0,0.0
2020-08-20 00:00:00-04:00,59.18940540030848,59.499568763001356,57.707521812473736,57.9142951965332,48300,0.0,0.0
2020-08-21 00:00:00-04:00,57.72475391714294,58.16415313820445,56.596107846965594,57.922916412353516,61900,0.0,0.0
2020-08-24 00:00:00-04:00,58.6293831566883,59.31001235561227,57.741967467036055,58.69830322265625,31200,0.0,0.0
2020-08-25 00:00:00-04:00,59.21525302949028,59.57710806559236,57.91429050650594,59.361717224121094,62700,0.0,0.0
2020-08-26 00:00:00-04:00,59.2669546153205,59.2669546153205,57.91430016815054,58.052146911621094,36400,0.0,0.0
2020-08-27 00:00:00-04:00,58.310619882218504,59.766664349070034,58.310619882218504,58.818939208984375,46100,0.0,0.0
2020-08-28 00:00:00-04:00,59.447865509453706,59.69771964603179,58.33644810462267,59.68910217285156,34800,0.0,0.0
2020-08-31 00:00:00-04:00,60.094065268769064,60.094065268769064,58.7155647277832,58.7155647277832,62200,0.0,0.0
2020-09-01 00:00:00-04:00,58.45708806710821,60.11990605305464,58.069387082216416,60.07683181762695,42200,0.0,0.0
2020-09-02 00:00:00-04:00,59.74080501507213,61.73102100595476,59.723576638702376,61.5587043762207,61300,0.0,0.0
2020-09-03 00:00:00-04:00,61.42086027036016,63.25598808629965,61.3347052384151,61.49839782714844,60300,0.0,0.0
2020-09-04 00:00:00-04:00,62.90274139442412,63.01474226244872,60.63682559975066,61.36915969848633,31000,0.0,0.0
2020-09-08 00:00:00-04:00,61.42085494162726,61.42085494162726,59.594338186101375,59.861427307128906,51700,0.0,0.0
2020-09-09 00:00:00-04:00,60.352518929005,60.361129830314404,58.64662050112721,58.663848876953125,45300,0.0,0.0
2020-09-10 00:00:00-04:00,59.17218459643358,59.40480386161927,57.7850667616523,58.879249572753906,50400,0.0,0.0
2020-09-11 00:00:00-04:00,58.7500121503378,58.7500121503378,56.889031994152276,57.56105041503906,72400,0.0,0.0
2020-09-14 00:00:00-04:00,58.12968158512871,59.611571632209746,58.12968158512871,59.180789947509766,49100,0.0,0.0
2020-09-15 00:00:00-04:00,59.65151550735241,59.65151550735241,58.16960123191362,58.26548385620117,45900,0.8,0.0
2020-09-16 00:00:00-04:00,58.3090754225076,59.44230874118164,57.36762066397818,58.71006393432617,71200,0.0,0.0
2020-09-17 00:00:00-04:00,57.96039729777127,58.370104898276914,57.437369006969284,57.550689697265625,53400,0.0,0.0
2020-09-18 00:00:00-04:00,57.85578178008331,57.91680162189175,56.46975015805729,56.92304611206055,163300,0.0,0.0
2020-09-21 00:00:00-04:00,55.96415333798471,55.99902276908511,53.96792662480099,55.26678466796875,81300,0.0,0.0
2020-09-22 00:00:00-04:00,55.022712089483235,55.93801320945482,54.29047052843945,55.65034866333008,60200,0.0,0.0
2020-09-23 00:00:00-04:00,55.876990429900594,56.75742539158182,54.29046768495588,54.29918670654297,64100,0.0,0.0
2020-09-24 00:00:00-04:00,54.30790303863279,56.0949200716816,53.86332936712599,55.632911682128906,49800,0.0,0.0
2020-09-25 00:00:00-04:00,55.42370803018025,56.55693490427011,54.90939542789874,56.34772491455078,56400,0.0,0.0
2020-09-28 00:00:00-04:00,57.01022707078935,58.3439514712579,56.766147657718655,56.82716751098633,61400,0.0,0.0
2020-09-29 00:00:00-04:00,56.862025833735046,56.862025833735046,54.752471821318345,55.5980339050293,45300,0.0,0.0
2020-09-30 00:00:00-04:00,55.868265848943985,56.64409907703737,55.083723576127376,55.493431091308594,47900,0.0,0.0
2020-10-01 00:00:00-04:00,55.502154214361596,56.49590988811951,54.70017711811223,56.400020599365234,51000,0.0,0.0
2020-10-02 00:00:00-04:00,55.51958813613002,57.37634405670061,55.36267899775321,57.263023376464844,35800,0.0,0.0
2020-10-05 00:00:00-04:00,57.646570341950365,58.3352267042459,57.2804512584002,58.108585357666016,34300,0.0,0.0
2020-10-06 00:00:00-04:00,58.701341760466136,59.9827651156415,58.422392956328,58.68391036987305,63700,0.0,0.0
2020-10-07 00:00:00-04:00,59.555628635400716,59.712537759774136,58.52700363132256,58.614173889160156,41700,0.0,0.0
2020-10-08 00:00:00-04:00,59.18949983539524,59.660227131160276,58.64031466500439,59.05002212524414,27100,0.0,0.0
2020-10-09 00:00:00-04:00,59.590507395909945,59.677677667391634,58.06500436765147,58.866981506347656,50400,0.0,0.0
2020-10-12 00:00:00-04:00,58.75365476325433,59.7822798223237,58.43111747628128,59.599220275878906,38000,0.0,0.0
2020-10-13 00:00:00-04:00,59.28539036040812,59.28539036040812,58.126006810085755,58.936702728271484,31200,0.0,0.0
2020-10-14 00:00:00-04:00,59.06746724966961,59.84329381612387,58.4398307800293,58.4398307800293,18400,0.0,0.0
2020-10-15 00:00:00-04:00,57.942954021225994,59.89559567677657,57.77732588034831,59.259246826171875,52300,0.0,0.0
2020-10-16 00:00:00-04:00,59.285399587301335,60.47093373067866,58.01269518498895,60.427345275878906,55400,0.0,0.0
2020-10-19 00:00:00-04:00,60.40992881430534,61.22933743160415,59.77357313054547,59.87818145751953,36600,0.0,0.0
2020-10-20 00:00:00-04:00,60.488362735842934,60.863200820073786,60.16582547477689,60.4970817565918,37300,0.0,0.0
2020-10-21 00:00:00-04:00,59.75612680195886,60.4970839768652,59.67766891366802,59.76483917236328,34200,0.0,0.0
2020-10-22 00:00:00-04:00,60.226843906471956,60.99395809844384,59.729966146064726,60.008914947509766,49800,0.0,0.0
2020-10-23 00:00:00-04:00,60.5232344532573,60.741163425557566,59.72125743135177,60.30530548095703,45400,0.0,0.0
2020-10-26 00:00:00-04:00,59.68638582082103,60.52323224585285,59.346417168485104,60.13967514038086,48600,0.0,0.0
2020-10-27 00:00:00-04:00,60.122252611219515,60.67143128809331,57.83835433393762,57.942962646484375,34200,0.0,0.0
2020-10-28 00:00:00-04:00,57.533254189809064,57.70759472405761,55.36267995495631,55.70265197753906,52700,0.0,0.0
2020-10-29 00:00:00-04:00,55.38883427408907,57.00150751006585,54.543268707752105,56.49591064453125,33400,0.0,0.0
2020-10-30 00:00:00-04:00,56.39130364995742,56.89689381701078,55.89442585341801,56.30412673950195,36400,0.0,0.0
2020-11-02 00:00:00-05:00,57.20200072577438,58.28292659798486,56.853313029707074,57.18456268310547,71800,0.0,0.0
2020-11-03 00:00:00-05:00,58.239335659302554,58.788520918663444,56.853310606117034,57.19327926635742,65400,0.0,0.0
2020-11-04 00:00:00-05:00,55.88571339931461,57.48095527853603,54.95297754355103,55.842124938964844,63600,0.0,0.0
2020-11-05 00:00:00-05:00,55.91185810001353,58.29164546761469,55.91185810001353,57.001502990722656,47400,0.0,0.0
2020-11-06 00:00:00-05:00,57.09739166910342,57.472229773568394,56.24310715753283,56.269264221191406,37100,0.0,0.0
2020-11-09 00:00:00-05:00,59.11977307696736,61.621600146735865,58.95414492493916,60.80218505859375,108200,0.0,0.0
2020-11-10 00:00:00-05:00,61.874412719594574,63.04250912044225,59.56436368655561,61.517005920410156,85800,0.0,0.0
2020-11-11 00:00:00-05:00,61.586728678113985,62.64150410212989,58.6403247269092,59.58177947998047,52800,0.0,0.0
2020-11-12 00:00:00-05:00,58.86697423984242,59.28540080223576,57.10611103087678,57.99525833129883,52100,0.0,0.0
2020-11-13 00:00:00-05:00,58.46597909401347,59.259243673206065,58.02140216885428,58.814666748046875,41300,0.0,0.0
2020-11-16 00:00:00-05:00,60.409924861902084,61.45598146053861,59.74741880241061,61.36009216308594,53900,0.0,0.0
2020-11-17 00:00:00-05:00,60.540670051826346,61.020116484470286,59.90432113286064,60.7934684753418,66400,0.0,0.0
2020-11-18 00:00:00-05:00,61.02011771319187,61.36008640839788,60.043793435541396,60.07866287231445,46900,0.0,0.0
2020-11-19 00:00:00-05:00,59.817148739391264,60.06122813253707,58.77980466785693,59.80842971801758,36000,0.0,0.0
2020-11-20 00:00:00-05:00,59.41616269559442,59.60793461916968,58.23062846453221,58.98030471801758,42900,0.0,0.0
2020-11-23 00:00:00-05:00,59.224385551171046,60.20942221003644,59.224385551171046,59.451026916503906,41700,0.0,0.0
2020-11-24 00:00:00-05:00,60.39248550350187,62.32769615450342,60.375054109192035,61.412391662597656,72700,0.0,0.0
2020-11-25 00:00:00-05:00,61.18573843029082,61.33392853054618,60.13096303624181,60.44477462768555,47300,0.0,0.0
2020-11-27 00:00:00-05:00,60.6278394193379,60.6278394193379,58.893120106768414,60.096092224121094,25100,0.0,0.0
2020-11-30 00:00:00-05:00,59.756138840569754,60.09610757343726,58.86698473101954,59.015174865722656,49500,0.0,0.0
2020-12-01 00:00:00-05:00,59.92173978911485,61.490830825469004,59.913027419947625,61.08112335205078,66600,0.0,0.0
2020-12-02 00:00:00-05:00,61.06370296925137,61.14215420987748,59.712540630485464,60.05250930786133,38100,0.0,0.0
2020-12-03 00:00:00-05:00,60.29658148847043,61.36007584971773,59.7125334870195,60.95908737182617,62700,0.0,0.0
2020-12-04 00:00:00-05:00,61.23803818626407,62.205643307452476,61.23803818626407,62.118473052978516,43400,0.0,0.0
2020-12-07 00:00:00-05:00,62.39742751277715,63.57424268149072,61.891830680076154,62.67637634277344,49600,0.0,0.0
2020-12-08 00:00:00-05:00,62.24924099755311,64.88182031704966,62.24924099755311,64.39366149902344,66100,0.0,0.0
2020-12-09 00:00:00-05:00,64.89925400786026,65.96274859963782,64.53313488137907,65.68379974365234,64400,0.0,0.0
2020-12-10 00:00:00-05:00,65.43972629068476,66.64269209477007,65.3787064307094,66.5119400024414,66300,0.0,0.0
2020-12-11 00:00:00-05:00,65.89300246885944,67.15699452922391,65.76225040284294,66.65139770507812,60600,0.0,0.0
2020-12-14 00:00:00-05:00,67.02140248889381,68.01685463019169,67.02140248889381,67.056640625,88100,0.8,0.0
2020-12-15 00:00:00-05:00,67.76138029898927,67.82304535430269,64.44026508398824,65.20667266845703,61000,0.0,0.0
2020-12-16 00:00:00-05:00,65.18024399503292,65.41809971697941,63.990985548260866,64.33454895019531,68100,0.0,0.0
2020-12-17 00:00:00-05:00,64.42263564728886,64.42263564728886,63.356707395132496,63.612178802490234,52100,0.0,0.0
2020-12-18 00:00:00-05:00,63.68265327793066,64.7750084172823,63.12766785605543,64.76619720458984,160000,0.0,0.0
2020-12-21 00:00:00-05:00,64.14955399674909,64.26407289076879,62.55506708922929,64.20240783691406,76800,0.0,0.0
2020-12-22 00:00:00-05:00,64.0966959146112,64.63406565734739,63.18052466012631,63.559326171875,47400,0.0,0.0
2020-12-23 00:00:00-05:00,64.14955887805198,66.3254650769038,63.71790346822317,65.67357635498047,63000,0.0,0.0
2020-12-24 00:00:00-05:00,66.24616598662298,66.24616598662298,64.53716035437316,65.0569076538086,12700,0.0,0.0
2020-12-28 00:00:00-05:00,65.53261749645795,67.03901239955609,65.19786531387614,65.69999694824219,37400,0.0,0.0
2020-12-29 00:00:00-05:00,65.61191760839058,65.67358267286983,64.28170639349509,64.54598236083984,29400,0.0,0.0
2020-12-30 00:00:00-05:00,64.45787103936524,66.36949418587095,64.45787103936524,65.3035659790039,34500,0.0,0.0
2020-12-31 00:00:00-05:00,65.41809008199242,65.88498352247177,64.72215216696225,65.4092788696289,30200,0.0,0.0
2021-01-04 00:00:00-05:00,65.62071816415293,66.43998638362753,64.4314595800092,65.85857391357422,49700,0.0,0.0
2021-01-05 00:00:00-05:00,65.77047945500864,68.28994235842352,65.40048238327378,67.07425689697266,54100,0.0,0.0
2021-01-06 00:00:00-05:00,68.82731156293157,73.17031270126627,68.82731156293157,70.95917510986328,108100,0.0,0.0
2021-01-07 00:00:00-05:00,71.52295225605617,72.11317575166088,69.2237165936706,69.64656066894531,41100,0.0,0.0
2021-01-08 00:00:00-05:00,70.00775713055498,70.00775713055498,67.81423551202296,68.8537368774414,29000,0.0,0.0
2021-01-11 00:00:00-05:00,68.87134248273617,70.90629557011371,68.84491556798874,70.62439727783203,42000,0.0,0.0
2021-01-12 00:00:00-05:00,70.80940830284733,71.53177325909333,70.31608786082185,71.4613037109375,45800,0.0,0.0
2021-01-13 00:00:00-05:00,71.329164415455,71.48773266504313,67.86709656693685,68.58065032958984,40900,0.0,0.0
2021-01-14 00:00:00-05:00,69.02991995053833,70.85345124352403,69.02991995053833,70.79178619384766,51200,0.0,0.0
2021-01-15 00:00:00-05:00,69.81394567089488,70.8974963022637,68.93301260249241,70.85344696044922,41100,0.0,0.0
2021-01-19 00:00:00-05:00,71.2058273910184,71.30273057419501,69.87561646640123,70.27203369140625,40300,0.0,0.0
2021-01-20 00:00:00-05:00,70.59798279365306,70.70369719224193,68.68635945249731,69.17967987060547,39800,0.0,0.0
2021-01-21 00:00:00-05:00,69.1796832180824,70.5891749958703,68.05208979585208,70.35132598876953,37100,0.0,0.0
2021-01-22 00:00:00-05:00,69.54967138291126,70.2896587438142,69.15325414309712,70.03418731689453,30200,0.0,0.0
2021-01-25 00:00:00-05:00,69.26777215336926,70.01657071834359,67.84066473143639,69.74347686767578,32100,0.0,0.0
2021-01-26 00:00:00-05:00,69.93728011772073,69.93728011772073,68.21946321576347,68.84492492675781,24100,0.0,0.0
2021-01-27 00:00:00-05:00,68.14899485612108,68.14899485612108,65.62952529374273,66.8980712890625,44000,0.0,0.0
2021-01-28 00:00:00-05:00,67.67328717492316,67.82304420371709,66.89806838970739,67.68209838867188,39600,0.0,0.0
2021-01-29 00:00:00-05:00,67.36495976519808,67.81423755830512,66.89806626613962,66.95092010498047,36400,0.0,0.0
2021-02-01 00:00:00-05:00,67.25043948699002,68.73040758079607,67.0830667437234,68.4485092163086,37500,0.0,0.0
2021-02-02 00:00:00-05:00,69.30301192918772,69.30301192918772,68.17541852972613,68.51898193359375,44700,0.0,0.0
2021-02-03 00:00:00-05:00,68.4925566253737,68.52779476005954,66.69545208231813,67.70852661132812,51400,0.0,0.0
2021-02-04 00:00:00-05:00,67.34734174506772,68.57183837890625,67.34734174506772,68.57183837890625,35900,0.0,0.0
2021-02-05 00:00:00-05:00,69.1708798370362,70.80941631456932,68.88898144955672,70.50109100341797,56700,0.0,0.0
2021-02-08 00:00:00-05:00,71.22344161408988,72.95888094087411,71.22344161408988,72.60650634765625,57700,0.0,0.0
2021-02-09 00:00:00-05:00,72.27175268611404,72.88840317075365,71.69914482409942,72.71221923828125,36600,0.0,0.0
2021-02-10 00:00:00-05:00,72.31580716511134,73.45221186253771,71.58463767658607,72.65056610107422,66200,0.0,0.0
2021-02-11 00:00:00-05:00,72.83554819814252,74.18337475137488,72.7298338077177,73.67243194580078,69600,0.0,0.0
2021-02-12 00:00:00-05:00,73.67243951653292,74.60623325877876,73.13506973837791,74.08647918701172,31700,0.0,0.0
2021-02-16 00:00:00-05:00,74.57980942319185,74.82646964874571,73.41697112388863,73.5843505859375,35200,0.0,0.0
2021-02-17 00:00:00-05:00,73.12626819515675,74.35076482860728,73.12626819515675,73.9983901977539,44400,0.0,0.0
2021-02-18 00:00:00-05:00,73.6195707191446,74.85287826632334,73.54909446593771,74.36836242675781,58700,0.0,0.0
2021-02-19 00:00:00-05:00,74.56218989810255,74.69433123007609,72.04272026015968,73.21436309814453,38400,0.0,0.0
2021-02-22 00:00:00-05:00,72.79149610434258,75.58405900390208,72.6857884388987,74.87049865722656,53300,0.0,0.0
2021-02-23 00:00:00-05:00,74.52695131788577,76.16548769423467,73.31126585713771,73.47864532470703,38700,0.0,0.0
2021-02-24 00:00:00-05:00,73.94552975622507,75.25811825000062,73.41696449662311,74.98503112792969,49500,0.0,0.0
2021-02-25 00:00:00-05:00,74.83526722301987,75.78667662304106,73.69005817868604,74.70313262939453,46300,0.0,0.0
2021-02-26 00:00:00-05:00,75.54882864818059,79.900633828674,74.87931757387908,75.98048400878906,79500,0.0,0.0
2021-03-01 00:00:00-05:00,76.5971485023207,78.55282152297363,76.2535850496101,78.33258819580078,53400,0.0,0.0
2021-03-02 00:00:00-05:00,77.86566814717546,78.23565839801086,76.64117180204009,78.12113952636719,78800,0.0,0.0
2021-03-03 00:00:00-05:00,77.83922777508324,80.06798682773203,77.83922777508324,79.25753021240234,61600,0.0,0.0
2021-03-04 00:00:00-05:00,79.50422018672441,81.56560061978574,76.0421524903633,76.73809051513672,86700,0.0,0.0
2021-03-05 00:00:00-05:00,77.5133052914014,79.89182880766019,77.29307200587668,79.5923080444336,68000,0.0,0.0
2021-03-08 00:00:00-05:00,80.23538524663778,82.59628613183702,79.59230115136566,81.5479736328125,63000,0.0,0.0
2021-03-09 00:00:00-05:00,82.10296883410756,82.59629598005021,80.52610437276815,81.16918182373047,41500,0.0,0.0
2021-03-10 00:00:00-05:00,81.85630123706335,83.2305614298711,81.50392665631813,82.97509002685547,37100,0.0,0.0
2021-03-11 00:00:00-05:00,83.39793063264237,85.32717617216143,82.77246897064443,85.28312683105469,56600,0.0,0.0
2021-03-12 00:00:00-05:00,85.71479707352826,87.92593441228733,85.31837312856938,87.65284729003906,47500,0.0,0.0
2021-03-15 00:00:00-04:00,88.47942667387746,88.47942667387746,86.168557338514,88.23944854736328,69500,0.88,0.0
2021-03-16 00:00:00-04:00,88.23945008062455,88.23945008062455,86.23077413245764,87.78616333007812,43100,0.0,0.0
2021-03-17 00:00:00-04:00,87.64394770211734,88.87937040831632,87.110672835859,88.70161437988281,48900,0.0,0.0
2021-03-18 00:00:00-04:00,89.40377810538601,91.40356444657853,88.1594720289672,89.11048126220703,64200,0.0,0.0
2021-03-19 00:00:00-04:00,89.51931582174973,91.04804229736328,88.25723020805344,91.04804229736328,197400,0.0,0.0
2021-03-22 00:00:00-04:00,91.13690256249753,91.30577552753039,84.13321097418633,85.8663558959961,87800,0.0,0.0
2021-03-23 00:00:00-04:00,85.05756734869813,86.59518366780247,84.34653634884224,84.55984497070312,60100,0.0,0.0
2021-03-24 00:00:00-04:00,85.52864068717112,88.47054635056712,84.93314361572266,84.93314361572266,52300,0.0,0.0
2021-03-25 00:00:00-04:00,84.39985265151809,88.78160605653484,83.99100834524563,88.27499389648438,64500,0.0,0.0
2021-03-26 00:00:00-04:00,89.14600635700216,90.23032892068319,87.88391421269324,89.94591522216797,65000,0.0,0.0
2021-03-29 00:00:00-04:00,89.4926392660184,90.12368197537666,86.95957181201474,88.18611145019531,40600,0.0,0.0
2021-03-30 00:00:00-04:00,88.24833939317112,90.65696983688709,87.11068438605378,89.64374542236328,72200,0.0,0.0
2021-03-31 00:00:00-04:00,90.328108805758,90.63030221500057,88.48830596491241,89.5193099975586,60100,0.0,0.0
2021-04-01 00:00:00-04:00,90.03481018665387,90.51475284760517,89.14601643073807,90.38143920898438,37000,0.0,0.0
2021-04-05 00:00:00-04:00,90.66585587979924,91.21690368652344,90.37255230340564,91.21690368652344,36300,0.0,0.0
2021-04-06 00:00:00-04:00,91.11914862708463,92.07904767686723,90.26590728759766,90.26590728759766,36100,0.0,0.0
2021-04-07 00:00:00-04:00,90.48808983119237,90.799173069537,88.68383959739279,89.04824829101562,41600,0.0,0.0
2021-04-08 00:00:00-04:00,88.58608729658398,89.45710831116362,87.75062563304449,89.15491485595703,53100,0.0,0.0
2021-04-09 00:00:00-04:00,88.92383535074421,89.75929703334548,88.45276887214618,89.11048126220703,20400,0.0,0.0
2021-04-12 00:00:00-04:00,89.39488521639105,89.39488521639105,87.67951285003741,88.04391479492188,28200,0.0,0.0
2021-04-13 00:00:00-04:00,88.16834272187812,88.36387844388328,85.84859034892338,86.42630767822266,22900,0.0,0.0
2021-04-14 00:00:00-04:00,86.63072160099625,88.85270581449895,86.55961647873433,87.89280700683594,29900,0.0,0.0
2021-04-15 00:00:00-04:00,88.21277487290322,88.21277487290322,86.22187888023333,87.88391876220703,22900,0.0,0.0
2021-04-16 00:00:00-04:00,88.98603350723864,90.67473622295924,88.55051968345464,89.5281982421875,48400,0.0,0.0
2021-04-19 00:00:00-04:00,89.54596710205078,90.50586594506593,88.46163768097342,89.54596710205078,36400,0.0,0.0
2021-04-20 00:00:00-04:00,89.54598426355503,90.26590514331039,87.13735363951098,88.01725769042969,30900,0.0,0.0
2021-04-21 00:00:00-04:00,88.23055053779206,89.51041567809084,87.55507218570816,89.2082290649414,28300,0.0,0.0
2021-04-22 00:00:00-04:00,89.66150995957867,90.06147121074993,87.8928123174317,88.27499389648438,30200,0.0,0.0
2021-04-23 00:00:00-04:00,89.03934978097668,91.09246098067992,88.87936664976878,89.6081771850586,45100,0.0,0.0
2021-04-26 00:00:00-04:00,90.12370173325226,91.07471092358642,89.03937210332823,89.35044860839844,12200,0.0,0.0
2021-04-27 00:00:00-04:00,89.38599316660371,89.99037322841313,89.11935231132126,89.5370864868164,50900,0.0,0.0
2021-04-28 00:00:00-04:00,89.37709293804663,90.27477648010219,89.37709293804663,89.66150665283203,15100,0.0,0.0
2021-04-29 00:00:00-04:00,90.63920311325845,91.6524275967455,89.99927043295945,91.05693054199219,19000,0.0,0.0
2021-04-30 00:00:00-04:00,90.47920647833428,91.51909353858764,90.40810135089177,91.42132568359375,37100,0.0,0.0
2021-05-03 00:00:00-04:00,92.4612060405166,94.21213068633858,91.40353938460314,93.45665740966797,51500,0.0,0.0
2021-05-04 00:00:00-04:00,93.65219398983386,94.11436372715121,92.43454418775423,93.82106018066406,50400,0.0,0.0
2021-05-05 00:00:00-04:00,94.70986643379362,96.30969800772608,93.76774716301043,96.28303527832031,53800,0.0,0.0
2021-05-06 00:00:00-04:00,97.34958594622303,99.43825006545596,96.3008089681757,99.27826690673828,84800,0.0,0.0
2021-05-07 00:00:00-04:00,97.43846186594607,97.43846186594607,89.43931766487135,90.91471862792969,139700,0.0,0.0
2021-05-10 00:00:00-04:00,90.92362090164472,92.14126423455096,89.981494733597,90.59476470947266,86500,0.0,0.0
2021-05-11 00:00:00-04:00,89.7681742919244,89.830389587027,87.11068271402989,89.05713653564453,67800,0.0,0.0
2021-05-12 00:00:00-04:00,89.16379112445837,89.77706099834262,85.00423599145907,85.43974304199219,77200,0.0,0.0
2021-05-13 00:00:00-04:00,85.32419710206281,90.6125170225679,84.70204421057677,90.21256256103516,62600,0.0,0.0
2021-05-14 00:00:00-04:00,90.98581752536555,91.82127902918332,88.92381632160738,91.6879653930664,30800,0.0,0.0
2021-05-17 00:00:00-04:00,91.73241114173216,92.95006114008073,91.43022449188499,92.41678619384766,35700,0.0,0.0
2021-05-18 00:00:00-04:00,92.81673485406691,93.3322368746602,91.19024060682862,91.33245086669922,29800,0.0,0.0
2021-05-19 00:00:00-04:00,90.19480133259718,90.79029157443996,88.6571850148826,90.48809814453125,33500,0.0,0.0
2021-05-20 00:00:00-04:00,90.69252852897318,90.79918623595377,89.34155803105595,90.39033508300781,27600,0.0,0.0
2021-05-21 00:00:00-04:00,91.33245560975452,91.56353712260709,90.2925616780829,90.79029083251953,21700,0.0,0.0
2021-05-24 00:00:00-04:00,91.3324555501912,91.3324555501912,89.32377960274461,90.34589385986328,20400,0.0,0.0
2021-05-25 00:00:00-04:00,90.93249931961209,91.23469276367035,87.72395288350656,87.8395004272461,40000,0.0,0.0
2021-05-26 00:00:00-04:00,87.85725257710494,89.80371287664128,87.85725257710494,89.6081771850586,27100,0.0,0.0
2021-05-27 00:00:00-04:00,92.18570744286205,92.28347531757339,90.381456851123,90.95916748046875,34200,0.0,0.0
2021-05-28 00:00:00-04:00,88.36388454073911,90.40811314516446,88.08836061215342,90.1770248413086,36400,0.0,0.0
2021-06-01 00:00:00-04:00,90.14148466341744,92.03462019825753,90.05260662078194,91.19026184082031,28600,0.0,0.0
2021-06-02 00:00:00-04:00,91.66130083535992,91.66130083535992,89.99037095652214,90.36366271972656,25600,0.0,0.0
2021-06-03 00:00:00-04:00,90.46143181861099,90.87027615262282,90.03481459223279,90.47032165527344,15900,0.0,0.0
2021-06-04 00:00:00-04:00,90.47031284461015,90.47031284461015,88.17722343802994,89.0660171508789,20700,0.0,0.0
2021-06-07 00:00:00-04:00,88.98604665378241,89.67930480260696,87.99948489400616,89.57264709472656,25200,0.0,0.0
2021-06-08 00:00:00-04:00,89.16379405687248,91.02137663147325,88.80827517943631,90.28367614746094,40700,0.0,0.0
2021-06-09 00:00:00-04:00,90.50587004747338,90.50587004747338,89.32377272134305,89.82149505615234,35600,0.0,0.0
2021-06-10 00:00:00-04:00,91.11025137828916,91.36800238563494,89.79483361337944,90.15035247802734,37500,0.0,0.0
2021-06-11 00:00:00-04:00,90.87915998761206,92.41677614266217,90.29255286388347,92.35456085205078,34500,0.0,0.0
2021-06-14 00:00:00-04:00,92.91032853841362,93.57365168002868,90.70522173882051,90.9472427368164,31300,0.88,0.0
2021-06-15 00:00:00-04:00,90.66039659811385,91.61056270089294,90.3376973860613,90.92034912109375,16900,0.0,0.0
2021-06-16 00:00:00-04:00,90.2032408217864,91.70020931341885,89.78194551960387,91.18927001953125,24000,0.0,0.0
2021-06-17 00:00:00-04:00,91.08170056294455,91.69124277145451,89.16343678534365,91.00102233886719,38700,0.0,0.0
2021-06-18 00:00:00-04:00,90.15843680307071,90.4721702961683,87.05694442767692,87.29896545410156,99900,0.0,0.0
2021-06-21 00:00:00-04:00,88.34772559011759,91.24305287605709,88.08777305419487,90.51698303222656,33900,0.0,0.0
2021-06-22 00:00:00-04:00,89.82676062632447,91.01895459102069,88.8586629630128,90.85760498046875,27700,0.0,0.0
2021-06-23 00:00:00-04:00,90.85759803785372,92.30974442185973,90.34665878329388,91.27890014648438,38700,0.0,0.0
2021-06-24 00:00:00-04:00,92.30078373008855,93.61847104820626,91.2340831699216,92.99099731445312,36600,0.0,0.0
2021-06-25 00:00:00-04:00,93.4840112931944,93.94116965012584,92.66829749629467,92.90135955810547,274000,0.0,0.0
2021-06-28 00:00:00-04:00,92.25595256444662,92.68622042021697,88.34771299346184,88.84969329833984,52700,0.0,0.0
2021-06-29 00:00:00-04:00,89.2799670726437,89.2799670726437,87.20035362349022,87.68440246582031,30000,0.0,0.0
2021-06-30 00:00:00-04:00,87.2093081349092,89.04689350629036,87.00313655059293,88.6524887084961,39100,0.0,0.0
2021-07-01 00:00:00-04:00,89.20824955950559,90.22116918359825,89.0917219488129,89.55784606933594,21200,0.0,0.0
2021-07-02 00:00:00-04:00,89.2261835008211,90.14049339440548,88.41943545420175,89.91639709472656,31500,0.0,0.0
2021-07-06 00:00:00-04:00,90.15841064142064,90.15841064142064,86.27706170469993,87.50511169433594,29600,0.0,0.0
2021-07-07 00:00:00-04:00,86.78800708921777,88.26704390574912,86.74318509764456,87.41547393798828,20900,0.0,0.0
2021-07-08 00:00:00-04:00,86.06194297775194,87.22723960749286,84.71736520882891,85.91851806640625,30200,0.0,0.0
2021-07-09 00:00:00-04:00,87.49615542243365,89.10068566863742,86.77904456373747,88.67041778564453,19700,0.0,0.0
2021-07-12 00:00:00-04:00,88.10568254339886,89.53093141191553,88.10568254339886,88.81382751464844,28800,0.0,0.0
2021-07-13 00:00:00-04:00,88.86760798745591,88.86760798745591,86.51907683511843,86.64457702636719,17100,0.0,0.0
2021-07-14 00:00:00-04:00,86.75215652509797,87.20034911457574,86.06194294640773,86.29499816894531,22400,0.0,0.0
2021-07-15 00:00:00-04:00,85.81992080291599,87.1196835018218,85.81992080291599,86.779052734375,21700,0.0,0.0
2021-07-16 00:00:00-04:00,87.72921484340357,87.72921484340357,85.48825202585456,86.37567138671875,44900,0.0,0.0
2021-07-19 00:00:00-04:00,85.06694681054151,86.50116159354013,84.43947314125269,86.16053771972656,43800,0.0,0.0
2021-07-20 00:00:00-04:00,86.51014198867233,88.34772763927091,86.17847698572447,86.63563537597656,39000,0.0,0.0
2021-07-21 00:00:00-04:00,87.59476273032121,88.04295532976913,86.877651835654,87.22724151611328,19500,0.0,0.0
2021-07-22 00:00:00-04:00,86.98520449777986,87.24515697823838,85.32689355307896,85.8647232055664,16400,0.0,0.0
2021-07-23 00:00:00-04:00,86.62665943463365,86.94935863233796,85.8826581266556,86.69837188720703,16300,0.0,0.0
2021-07-26 00:00:00-04:00,86.9762503737536,87.52304586464874,86.5728797901183,87.39755249023438,17100,0.0,0.0
2021-07-27 00:00:00-04:00,86.57287222061552,87.7023124915921,86.27706350441315,87.02106475830078,21800,0.0,0.0
2021-07-28 00:00:00-04:00,87.5858085267483,87.5858085267483,86.25019631894794,87.11072540283203,28500,0.0,0.0
2021-07-29 00:00:00-04:00,87.93538166511539,88.72420497236239,87.32583949082267,87.82781982421875,19400,0.0,0.0
2021-07-30 00:00:00-04:00,87.8547108335301,87.94434798112951,86.47427687609616,87.39755249023438,23000,0.0,0.0
2021-08-02 00:00:00-04:00,87.397559603351,89.36960436654265,85.81096076119584,86.0350570678711,26800,0.0,0.0
2021-08-03 00:00:00-04:00,86.52806283847868,87.28998889578155,85.13866987254434,86.56391906738281,19700,0.0,0.0
2021-08-04 00:00:00-04:00,85.39862838359542,86.50118536155865,84.6546337484988,84.83390808105469,23700,0.0,0.0
2021-08-05 00:00:00-04:00,85.42550595059701,86.33085001136189,84.86974470588052,86.27706909179688,21000,0.0,0.0
2021-08-06 00:00:00-04:00,87.97123973011848,89.54887953870586,87.8457463538659,87.90849304199219,45900,0.0,0.0
2021-08-09 00:00:00-04:00,88.42839552708531,88.670416506049,87.36169502085913,87.78299713134766,19300,0.0,0.0
2021-08-10 00:00:00-04:00,87.44239017707764,88.57183074951172,86.98523175173402,88.57183074951172,20900,0.0,0.0
2021-08-11 00:00:00-04:00,89.0379327402041,89.4144128371356,88.33875346336687,89.32477569580078,28300,0.0,0.0
2021-08-12 00:00:00-04:00,89.62954466443264,90.01499053283823,89.02000251995116,89.64747619628906,43800,0.0,0.0
2021-08-13 00:00:00-04:00,89.79090817662168,89.95225779396462,88.93934493106968,89.3696060180664,28800,0.0,0.0
2021-08-16 00:00:00-04:00,89.36960233294377,89.7909044741268,88.77799165299895,89.39649963378906,30200,0.0,0.0
2021-08-17 00:00:00-04:00,89.19033178532561,89.23515378307997,87.8636786149909,88.28498077392578,15500,0.0,0.0
2021-08-18 00:00:00-04:00,88.29393823490425,88.74213081477686,87.51408068393053,87.8636703491211,34600,0.0,0.0
2021-08-19 00:00:00-04:00,87.0300294387062,88.06983947753906,86.28603497450773,88.06983947753906,34700,0.0,0.0
2021-08-20 00:00:00-04:00,87.6933611911075,88.69730818595077,86.77904450494552,88.1505126953125,50700,0.0,0.0
2021-08-23 00:00:00-04:00,89.12759287855532,89.12759287855532,87.31689753643835,87.57684326171875,26900,0.0,0.0
2021-08-24 00:00:00-04:00,87.50511485484179,88.0967254573981,87.21827189990152,87.72024536132812,20500,0.0,0.0
2021-08-25 00:00:00-04:00,87.98918272558562,88.60768392086665,87.48720231630618,87.64855194091797,30200,0.0,0.0
2021-08-26 00:00:00-04:00,87.44237179958975,87.64853654885293,85.81991007067231,85.85576629638672,34300,0.0,0.0
2021-08-27 00:00:00-04:00,85.78405225336245,89.12757172128325,85.69441511017737,88.84072875976562,52300,0.0,0.0
2021-08-30 00:00:00-04:00,88.77799221906362,88.79591691419837,87.29895525145636,87.54994201660156,38100,0.0,0.0
2021-08-31 00:00:00-04:00,87.52305669072643,88.10570848050708,87.19139168082009,87.75611877441406,26900,0.0,0.0
2021-09-01 00:00:00-04:00,87.9174740611075,87.9174740611075,86.72527994100143,87.57684326171875,16600,0.0,0.0
2021-09-02 00:00:00-04:00,87.7650731724969,88.91244506835938,87.47822335965533,88.91244506835938,28500,0.0,0.0
2021-09-03 00:00:00-04:00,89.15446415811667,90.53489807819182,88.96622410158948,90.52593231201172,35400,0.0,0.0
2021-09-07 00:00:00-04:00,89.99707032184378,91.17133267852131,89.71022734773645,89.80883026123047,23500,0.0,0.0
2021-09-08 00:00:00-04:00,89.71919190127535,89.99707596530925,89.32478706144322,89.62955474853516,19700,0.0,0.0
2021-09-09 00:00:00-04:00,89.68333938384572,90.27495004240149,89.21721526364915,89.22618103027344,22100,0.0,0.0
2021-09-10 00:00:00-04:00,89.84469288567608,89.84469288567608,87.9353880055816,88.4015121459961,26700,0.0,0.0
2021-09-13 00:00:00-04:00,88.67042037859238,90.1136010657356,88.67042037859238,89.12757873535156,18500,0.0,0.0
2021-09-14 00:00:00-04:00,89.6340377821246,89.6340377821246,87.22835856426775,88.00613403320312,25900,0.88,0.0
2021-09-15 00:00:00-04:00,87.9609099259425,89.47123848124455,87.40923187162014,89.13661193847656,24700,0.0,0.0
2021-09-16 00:00:00-04:00,89.11852718749002,89.4802843067094,88.33170597068359,89.13661193847656,24500,0.0,0.0
2021-09-17 00:00:00-04:00,89.03713490844667,90.90018179032154,88.30458169223948,90.69216918945312,80700,0.0,0.0
2021-09-20 00:00:00-04:00,89.06427408742141,90.87305294711771,88.61207937249733,90.75547790527344,52400,0.0,0.0
2021-09-21 00:00:00-04:00,91.51517055803299,91.51517055803299,90.21284754340924,91.01775360107422,36400,0.0,0.0
2021-09-22 00:00:00-04:00,91.29810096384993,92.70895302390602,91.29810096384993,92.16632080078125,31600,0.0,0.0
2021-09-23 00:00:00-04:00,92.27485043884299,94.25546545559497,91.7141334203606,94.21024322509766,32200,0.0,0.0
2021-09-24 00:00:00-04:00,93.9479752640032,96.0823349562109,93.9479752640032,95.79293060302734,24700,0.0,0.0
2021-09-27 00:00:00-04:00,96.52548953133532,100.55906567110468,96.52548953133532,100.41436004638672,39400,0.0,0.0
2021-09-28 00:00:00-04:00,100.09782856198017,100.9389110597521,99.50092818939304,100.54097747802734,42300,0.0,0.0
2021-09-29 00:00:00-04:00,100.32392855164291,100.59524816443499,99.43762379647391,99.50093078613281,71500,0.0,0.0
2021-09-30 00:00:00-04:00,100.30584545563362,100.30584545563362,98.10817863550912,98.14434814453125,36100,0.0,0.0
2021-10-01 00:00:00-04:00,97.82779950651852,102.27739368782082,97.82779950651852,102.1507797241211,45400,0.0,0.0
2021-10-04 00:00:00-04:00,101.87946121887036,102.79289639042186,101.52674992588433,102.46731567382812,42500,0.0,0.0
2021-10-05 00:00:00-04:00,101.13785273063212,102.94663125293643,100.97506238762702,102.80192565917969,18100,0.0,0.0
2021-10-06 00:00:00-04:00,102.19599604069501,103.10038538618788,101.60814158613601,103.064208984375,27300,0.0,0.0
2021-10-07 00:00:00-04:00,102.69342614778161,104.88204698935986,102.26836199674285,104.44793701171875,39200,0.0,0.0
2021-10-08 00:00:00-04:00,104.80065128544234,105.12623205280715,103.72443248771151,105.02674865722656,21900,0.0,0.0
2021-10-11 00:00:00-04:00,105.78644072050791,106.55517041407671,104.73734559050303,106.1662826538086,32900,0.0,0.0
2021-10-12 00:00:00-04:00,105.2709408700229,106.2205457203014,105.18050329855987,105.37946319580078,31700,0.0,0.0
2021-10-13 00:00:00-04:00,105.39753817514696,105.39753817514696,103.91434015798735,104.49314880371094,30100,0.0,0.0
2021-10-14 00:00:00-04:00,104.87298361893515,106.29287456044068,104.87298361893515,106.28382873535156,27500,0.0,0.0
2021-10-15 00:00:00-04:00,108.18305579355084,109.06935348654122,106.12104229365427,106.80838012695312,65100,0.0,0.0
2021-10-18 00:00:00-04:00,106.2838356584805,107.08874854521379,106.06678414180338,106.96212768554688,24400,0.0,0.0
2021-10-19 00:00:00-04:00,107.2334611742778,107.25154592803842,105.37945996635321,106.50090789794922,21700,0.0,0.0
2021-10-20 00:00:00-04:00,106.8083942847387,108.68952602525222,106.69082613843561,108.13784790039062,24100,0.0,0.0
2021-10-21 00:00:00-04:00,108.36394372839273,109.57582918054219,107.76705027878305,109.49443054199219,20100,0.0,0.0
2021-10-22 00:00:00-04:00,109.99185063769207,110.69727332551071,108.96084718627343,110.27220916748047,25000,0.0,0.0
2021-10-25 00:00:00-04:00,110.63395982955002,111.83679941875681,109.59391061256628,111.63783264160156,26700,0.0,0.0
2021-10-26 00:00:00-04:00,111.55643886654123,111.94532661157837,110.33551447163894,111.0047607421875,28900,0.0,0.0
2021-10-27 00:00:00-04:00,110.96858001514036,110.96858001514036,108.53577714666962,109.5396499633789,34500,0.0,0.0
2021-10-28 00:00:00-04:00,110.11845269910013,112.02671484044033,110.11845269910013,111.84583282470703,19700,0.0,0.0
2021-10-29 00:00:00-04:00,111.84584117097862,114.31482739542014,111.62878963584501,114.03446197509766,36900,0.0,0.0
2021-11-01 00:00:00-04:00,114.03446382063015,118.62876393829984,114.03446382063015,115.9427261352539,71600,0.0,0.0
2021-11-02 00:00:00-04:00,116.63910359054297,116.91946210033127,115.23729724171419,116.82901763916016,27500,0.0,0.0
2021-11-03 00:00:00-04:00,116.82902488341362,121.5499390116222,116.4944051961287,121.39619445800781,37600,0.0,0.0
2021-11-04 00:00:00-04:00,120.78119909572918,120.78119909572918,116.1416773663818,118.71919250488281,58500,0.0,0.0
2021-11-05 00:00:00-04:00,119.92204827646889,121.94787184103066,118.71015590851077,121.10679626464844,57600,0.0,0.0
2021-11-08 00:00:00-05:00,121.52278018984678,123.91036727913544,120.95302434118938,123.7294921875,31800,0.0,0.0
2021-11-09 00:00:00-05:00,121.76700457826767,123.41300013074287,115.65332948317732,116.56676483154297,69800,0.0,0.0
2021-11-10 00:00:00-05:00,115.80706722830323,119.35227207536897,115.19208215075561,118.92720794677734,44700,0.0,0.0
2021-11-11 00:00:00-05:00,118.99051092941374,122.08352078611802,118.99051092941374,120.6998062133789,38300,0.0,0.0
2021-11-12 00:00:00-05:00,120.27476205981206,120.27476205981206,117.60680205064834,119.18948364257812,22400,0.0,0.0
2021-11-15 00:00:00-05:00,118.95433877231109,119.23469728326513,118.13134109184855,118.70111083984375,41300,0.0,0.0
2021-11-16 00:00:00-05:00,119.18043064121183,119.33417517885636,117.43496577275918,118.0589828491211,32400,0.0,0.0
2021-11-17 00:00:00-05:00,117.23601305437897,117.23601305437897,114.07064296509243,115.10164642333984,39200,0.0,0.0
2021-11-18 00:00:00-05:00,114.3238635547304,116.54865367662526,114.3238635547304,115.04737091064453,33900,0.0,0.0
2021-11-19 00:00:00-05:00,113.6546254169435,115.24635284943204,113.06677086915484,114.42335510253906,21100,0.0,0.0
2021-11-22 00:00:00-05:00,115.72566049417988,118.11325472811178,115.46338675446874,115.662353515625,27300,0.0,0.0
2021-11-23 00:00:00-05:00,115.7618470975367,118.39362365211777,115.75280127124795,117.74246215820312,24700,0.0,0.0
2021-11-24 00:00:00-05:00,118.5111830183277,118.5111830183277,117.20887385099924,117.30835723876953,14900,0.0,0.0
2021-11-26 00:00:00-05:00,114.42334741430506,115.39104382643409,108.87944270368934,111.98149871826172,28600,0.0,0.0
2021-11-29 00:00:00-05:00,113.88975974998087,113.88975974998087,110.46212302580406,111.04093170166016,28600,0.0,0.0
2021-11-30 00:00:00-05:00,109.6301034990895,111.28513804884814,107.76706321462913,110.0822982788086,31800,0.0,0.0
2021-12-01 00:00:00-05:00,112.8768573623541,112.89494901729665,108.57196807861328,108.57196807861328,28400,0.0,0.0
2021-12-02 00:00:00-05:00,109.2954744705851,113.03060768475298,108.49961415979061,112.74120330810547,32300,0.0,0.0
2021-12-03 00:00:00-05:00,112.90397369098686,112.90397369098686,109.04223384164783,109.65721893310547,28000,0.0,0.0
2021-12-06 00:00:00-05:00,111.57452083910714,113.51895249564203,110.57064807041237,111.59260559082031,28000,0.0,0.0
2021-12-07 00:00:00-05:00,111.91819678343217,113.74506047474996,111.53835486245679,113.02155303955078,27200,0.0,0.0
2021-12-08 00:00:00-05:00,114.18821324248805,114.18821324248805,111.92723963028894,112.86780548095703,27200,0.0,0.0
2021-12-09 00:00:00-05:00,112.84970643755805,112.84970643755805,110.14558410644531,110.14558410644531,25400,0.0,0.0
2021-12-10 00:00:00-05:00,109.80193691796543,110.35360818717855,109.19599068466553,109.87428283691406,29400,0.0,0.0
2021-12-13 00:00:00-05:00,108.80709462744029,109.34973382789802,107.35102703276311,108.1107177734375,32800,0.0,0.0
2021-12-14 00:00:00-05:00,107.70983784702563,109.29514393589045,106.8716306691077,107.32717895507812,42500,0.88,0.0
2021-12-15 00:00:00-05:00,108.41136349485753,110.54333277993307,106.15184821533173,107.82826232910156,40700,0.0,0.0
2021-12-16 00:00:00-05:00,108.77580346123356,110.81665754137943,107.29071876581042,107.82826232910156,46800,0.0,0.0
2021-12-17 00:00:00-05:00,107.07205317772944,108.09248371778008,105.16786490829345,106.6073989868164,82800,0.0,0.0
2021-12-20 00:00:00-05:00,105.30453883055716,106.5800753655042,102.77169158392637,106.14274597167969,33600,0.0,0.0
2021-12-21 00:00:00-05:00,106.73495269963935,109.44091032388738,106.73495269963935,109.1129150390625,34400,0.0,0.0
2021-12-22 00:00:00-05:00,108.97625126991298,109.90556662734181,108.37492425248907,109.22224426269531,26700,0.0,0.0
2021-12-23 00:00:00-05:00,109.24048291269794,111.31778203297355,109.24048291269794,109.94202423095703,16900,0.0,0.0
2021-12-27 00:00:00-05:00,110.52511800554807,112.93952520410711,109.5775767787088,112.93041229248047,31000,0.0,0.0
2021-12-28 00:00:00-05:00,112.27443230949682,113.39507718729138,112.27443230949682,112.74819946289062,25000,0.0,0.0
2021-12-29 00:00:00-05:00,113.27663132301653,114.19683379791547,112.15597955162214,113.80506896972656,27200,0.0,0.0
2021-12-30 00:00:00-05:00,113.15818857116471,113.69573914949211,112.3837578949717,112.50220489501953,14300,0.0,0.0
2021-12-31 00:00:00-05:00,112.95774327283613,113.0397386185023,112.01020211104536,112.91218566894531,16000,0.0,0.0
2022-01-03 00:00:00-05:00,114.48838365930082,116.21946135969583,112.23797430745014,113.47706604003906,40200,0.0,0.0
2022-01-04 00:00:00-05:00,114.27882740964941,117.303667329938,114.27882740964941,116.23768615722656,32400,0.0,0.0
2022-01-05 00:00:00-05:00,115.9825893309391,117.06679640993124,113.95084104065285,114.16950225830078,22400,0.0,0.0
2022-01-06 00:00:00-05:00,115.18081198359093,117.10322605657156,114.64326841255898,116.29235076904297,24100,0.0,0.0
2022-01-07 00:00:00-05:00,116.43814151889899,117.61344994786928,116.11014620580005,116.31969451904297,18200,0.0,0.0
2022-01-10 00:00:00-05:00,115.93702273815776,115.93702273815776,114.3608228282961,115.59991455078125,22900,0.0,0.0
2022-01-11 00:00:00-05:00,116.02814390196782,116.39258391109051,113.81417901410757,116.31969451904297,28100,0.0,0.0
2022-01-12 00:00:00-05:00,117.05767068143098,117.26723287932991,114.98948475110512,115.55436706542969,22100,0.0,0.0
2022-01-13 00:00:00-05:00,116.28323822462892,118.99830872311412,115.48147584542085,118.29676055908203,34700,0.0,0.0
2022-01-14 00:00:00-05:00,117.23077972374831,117.70455377510281,115.56347153533329,117.48588562011719,23300,0.0,0.0
2022-01-18 00:00:00-05:00,116.89368238452143,116.93923998944273,114.90749175934602,115.49059295654297,24300,0.0,0.0
2022-01-19 00:00:00-05:00,116.44723454733246,116.44723454733246,112.96684640140509,113.76861572265625,21500,0.0,0.0
2022-01-20 00:00:00-05:00,114.53392553426653,115.79123604108037,112.06485516914503,112.45662689208984,23000,0.0,0.0
2022-01-21 00:00:00-05:00,112.12864881799263,113.79595712350523,112.04665346745011,112.21975708007812,25100,0.0,0.0
2022-01-24 00:00:00-05:00,111.24486218193661,113.81415359327363,110.1606622596285,113.7230453491211,33200,0.0,0.0
2022-01-25 00:00:00-05:00,112.2926497517327,113.86884984122128,111.29955784908424,112.52042388916016,24700,0.0,0.0
2022-01-26 00:00:00-05:00,112.97596087549066,114.25149730785617,109.33157504079742,111.19932556152344,46900,0.0,0.0
2022-01-27 00:00:00-05:00,112.01019751402295,112.59329867409932,106.9809413194716,107.77359771728516,25800,0.0,0.0
2022-01-28 00:00:00-05:00,108.58447307168309,108.75758361816406,104.96741912353617,108.75758361816406,32700,0.0,0.0
2022-01-31 00:00:00-05:00,107.44560423668548,110.97154998779297,107.31805129023745,110.97154998779297,30000,0.0,0.0
2022-02-01 00:00:00-05:00,110.98066382254613,111.87354146215446,109.377138967382,111.66398620605469,20200,0.0,0.0
2022-02-02 00:00:00-05:00,110.88954706569356,112.05574939868643,109.67778713017802,111.62753295898438,19000,0.0,0.0
2022-02-03 00:00:00-05:00,111.94642232476203,113.64106226287761,111.57286944702781,112.28352355957031,25900,0.0,0.0
2022-02-04 00:00:00-05:00,112.36553309410628,113.05796142980188,111.56376372481608,112.76641082763672,17800,0.0,0.0
2022-02-07 00:00:00-05:00,112.76640937613827,113.8050657685417,112.0557552269527,112.53863525390625,14500,0.0,0.0
2022-02-08 00:00:00-05:00,112.65707055905955,115.02591979430363,112.65707055905955,114.80725860595703,19000,0.0,0.0
2022-02-09 00:00:00-05:00,115.14437393892182,115.18993154467286,111.9737619903069,112.11042785644531,22300,0.0,0.0
2022-02-10 00:00:00-05:00,111.42710284347908,113.31307228849646,111.3268816740871,112.0193099975586,26000,0.0,0.0
2022-02-11 00:00:00-05:00,111.32688859025934,114.29705830967984,111.32688859025934,112.79375457763672,15100,0.0,0.0
2022-02-14 00:00:00-05:00,112.61152291245911,112.77552055599304,110.04223113117065,111.6184310913086,36500,0.0,0.0
2022-02-15 00:00:00-05:00,112.06486814628558,114.17861172270753,112.06486814628558,112.86663055419922,18600,0.0,0.0
2022-02-16 00:00:00-05:00,112.42019218492642,115.90058040084958,112.06486511990367,115.20814514160156,27200,0.0,0.0
2022-02-17 00:00:00-05:00,113.86885261437908,113.86885261437908,112.33821009554481,112.95775604248047,17000,0.0,0.0
2022-02-18 00:00:00-05:00,111.94642942896242,115.0077142242739,111.94642942896242,113.732177734375,22000,0.0,0.0
2022-02-22 00:00:00-05:00,113.04885825262035,114.4246089976756,111.44532642567907,112.21975708007812,27300,0.0,0.0
2022-02-23 00:00:00-05:00,113.49529686486377,113.49529686486377,109.71424479515879,110.86222839355469,38500,0.0,0.0
2022-02-24 00:00:00-05:00,108.70291846392863,108.7940336725348,105.65074665571252,108.18359375,29600,0.0,0.0
2022-02-25 00:00:00-05:00,109.43179705535894,113.10351470008729,109.43179705535894,113.06707000732422,21200,0.0,0.0
2022-02-28 00:00:00-05:00,112.85752077008326,113.7595043173129,111.07177254629612,112.70262908935547,38900,0.0,0.0
2022-03-01 00:00:00-05:00,115.63637129193623,115.78215007500177,105.13142928852093,106.52540588378906,53700,0.0,0.0
2022-03-02 00:00:00-05:00,107.59138178983376,111.84620770558918,106.78050646513313,111.5728759765625,24700,0.0,0.0
2022-03-03 00:00:00-05:00,110.25178609780036,112.15597438903679,110.06956263260813,111.46353912353516,23900,0.0,0.0
2022-03-04 00:00:00-05:00,109.63225227121771,110.23357239467443,106.76229667672897,107.67339324951172,21900,0.0,0.0
2022-03-07 00:00:00-05:00,107.50938434049083,107.50938434049083,104.87631607671543,105.04031372070312,30200,0.0,0.0
2022-03-08 00:00:00-05:00,105.20431110639568,108.01959587830562,104.73053704665463,105.54141235351562,27400,0.0,0.0
2022-03-09 00:00:00-05:00,108.36580608578839,110.82576354097317,108.03781083161525,109.67778015136719,36600,0.0,0.0
2022-03-10 00:00:00-05:00,108.05604188159198,111.06266306673417,107.96493362318773,109.55023956298828,27100,0.0,0.0
2022-03-11 00:00:00-05:00,111.29043165166304,112.85751864226683,111.13554692496979,112.26530456542969,39200,0.0,0.0
2022-03-14 00:00:00-04:00,114.10573623808256,117.62257662129939,113.39508200225856,117.28546142578125,54600,0.0,0.0
2022-03-15 00:00:00-04:00,118.09319744981347,118.31347736064345,115.36712150857694,117.94633483886719,51000,0.95,0.0
2022-03-16 00:00:00-04:00,118.15742491679421,119.35065895763724,116.20236394501893,117.11105346679688,35200,0.0,0.0
2022-03-17 00:00:00-04:00,116.1289153668241,116.1289153668241,112.09946641719175,112.8796615600586,41400,0.0,0.0
2022-03-18 00:00:00-04:00,113.05407583134456,113.05407583134456,108.6758378657906,109.47438049316406,165400,0.0,0.0
2022-03-21 00:00:00-04:00,110.61254020312238,112.05359614274735,108.34539967965004,110.14442443847656,77000,0.0,0.0
2022-03-22 00:00:00-04:00,111.68644641056916,113.11832168416817,109.731385402171,109.83235168457031,47800,0.0,0.0
2022-03-23 00:00:00-04:00,108.45553705466443,108.97872274446802,105.56424476773162,105.72946166992188,38900,0.0,0.0
2022-03-24 00:00:00-04:00,105.94056336032759,107.44586973709286,105.92220903988591,106.7391128540039,25200,0.0,0.0
2022-03-25 00:00:00-04:00,106.12414833373263,108.86857809739307,106.12414833373263,107.4734115600586,17400,0.0,0.0
2022-03-28 00:00:00-04:00,106.47293598189785,106.47293598189785,101.48890085366797,103.49903869628906,77600,0.0,0.0
2022-03-29 00:00:00-04:00,104.02223105643633,105.4908219703682,102.34252691606713,103.55411529541016,68800,0.0,0.0
2022-03-30 00:00:00-04:00,103.28792538742847,105.04106071029105,101.53479706735929,101.92948150634766,35400,0.0,0.0
2022-03-31 00:00:00-04:00,101.06668245942221,103.27874587252477,99.570556640625,99.570556640625,29900,0.0,0.0
2022-04-01 00:00:00-04:00,100.89228559835684,101.6724738283219,98.7352921380557,101.26861572265625,36500,0.0,0.0
2022-04-04 00:00:00-04:00,100.26813199934486,102.28745050633287,99.2401219257011,101.19518280029297,38500,0.0,0.0
2022-04-05 00:00:00-04:00,100.86474438138866,100.96571065226436,98.65268108945963,98.85460662841797,21300,0.0,0.0
2022-04-06 00:00:00-04:00,98.17538367812189,99.12996940906284,97.05558105138743,97.36766052246094,23000,0.0,0.0
2022-04-07 00:00:00-04:00,98.04687580215244,98.43237953202849,95.6145188350521,98.33141326904297,39800,0.0,0.0
2022-04-08 00:00:00-04:00,99.08407637460822,99.96523784979158,97.62466624924768,99.9468765258789,25700,0.0,0.0
2022-04-11 00:00:00-04:00,100.04785700564031,102.23238567429881,100.04785700564031,101.04833221435547,36000,0.0,0.0
2022-04-12 00:00:00-04:00,101.42466118452968,102.37924707130762,99.21259055210508,99.74495697021484,18800,0.0,0.0
2022-04-13 00:00:00-04:00,99.00147416082622,100.5159612969773,99.00147416082622,100.12127685546875,22900,0.0,0.0
2022-04-14 00:00:00-04:00,100.36910173387578,101.29615256677305,100.04784857479069,100.60774993896484,22700,0.0,0.0
2022-04-18 00:00:00-04:00,100.48842494782534,101.25025183386164,99.73577172108094,100.35991668701172,21300,0.0,0.0
2022-04-19 00:00:00-04:00,100.45171410512478,102.95749575912089,100.45171410512478,102.51692199707031,17200,0.0,0.0
2022-04-20 00:00:00-04:00,103.19612705183931,105.1511876814502,102.60869079685409,102.96665954589844,21400,0.0,0.0
2022-04-21 00:00:00-04:00,104.58213075403931,104.58213075403931,99.73577731463546,100.34156799316406,27500,0.0,0.0
2022-04-22 00:00:00-04:00,100.19472102102088,100.19472102102088,96.82613184207212,96.96381378173828,23500,0.0,0.0
2022-04-25 00:00:00-04:00,96.468144057099,97.1932622610074,94.97201834693432,96.71597290039062,23500,0.0,0.0
2022-04-26 00:00:00-04:00,95.45849514727477,95.64206637528676,94.07250926656583,94.10004425048828,25700,0.0,0.0
2022-04-27 00:00:00-04:00,93.99908507792915,95.09134579052171,93.47589237166714,93.60440063476562,22600,0.0,0.0
2022-04-28 00:00:00-04:00,94.80681334394163,97.18409378920664,92.91600298189802,96.72515869140625,31400,0.0,0.0
2022-04-29 00:00:00-04:00,96.10100297846733,96.65173067686028,93.38410814442271,94.01744079589844,34300,0.0,0.0
2022-05-02 00:00:00-04:00,93.59522907463828,95.27493328699633,92.61310820234263,94.1734848022461,33300,0.0,0.0
2022-05-03 00:00:00-04:00,94.64159978035268,95.9633351497211,93.99909342179531,95.45850372314453,23100,0.0,0.0
2022-05-04 00:00:00-04:00,94.65994820283272,98.00099506464717,94.65994820283272,97.62467193603516,23600,0.0,0.0
2022-05-05 00:00:00-04:00,99.1116248913459,99.1116248913459,95.13724534034937,97.38602447509766,38800,0.0,0.0
2022-05-06 00:00:00-04:00,97.64302388948884,97.9183877351931,96.40390058940676,97.78988647460938,34100,0.0,0.0
2022-05-09 00:00:00-04:00,96.58748263452419,97.98264223428903,95.43096424081263,96.10100555419922,33800,0.0,0.0
2022-05-10 00:00:00-04:00,96.43144154252316,97.01887791378059,94.05416107177734,94.05416107177734,35300,0.0,0.0
2022-05-11 00:00:00-04:00,94.94449388839624,95.20149641896724,93.31068608451461,93.6961898803711,28400,0.0,0.0
2022-05-12 00:00:00-04:00,92.90681664971595,93.43000234917034,90.3092424740067,92.03483581542969,37900,0.0,0.0
2022-05-13 00:00:00-04:00,92.69571399949746,93.41165166951497,91.3464436200979,92.36528015136719,29900,0.0,0.0
2022-05-16 00:00:00-04:00,92.92516956960795,94.4763723230103,92.15416202532322,93.55850219726562,26200,0.0,0.0
2022-05-17 00:00:00-04:00,94.38459998979431,96.83531188964844,94.38459998979431,96.83531188964844,27900,0.0,0.0
2022-05-18 00:00:00-04:00,96.0459296385414,96.0459296385414,92.75077924019598,93.3473892211914,31500,0.0,0.0
2022-05-19 00:00:00-04:00,93.02615145551646,93.43001661951551,91.85127861784048,92.85176086425781,38400,0.0,0.0
2022-05-20 00:00:00-04:00,93.3382073003495,93.3382073003495,89.35464765576977,90.94256591796875,23800,0.0,0.0
2022-05-23 00:00:00-04:00,92.69569773699224,94.05414854128983,91.7961889770649,92.81502532958984,21800,0.0,0.0
2022-05-24 00:00:00-04:00,90.97011262738481,94.43966073117221,90.80489571754762,93.98990631103516,21400,0.0,0.0
2022-05-25 00:00:00-04:00,94.72420114070158,95.51357006710691,93.72372599141681,94.32034301757812,18200,0.0,0.0
2022-05-26 00:00:00-04:00,95.50437933164238,96.12853123155953,94.88940109000582,95.1372299194336,15200,0.0,0.0
2022-05-27 00:00:00-04:00,94.14593975174421,96.44979575834832,94.14593975174421,95.2290267944336,21600,0.0,0.0
2022-05-31 00:00:00-04:00,94.54062291051696,96.39471748248444,94.02661788121772,96.38554382324219,50800,0.0,0.0
2022-06-01 00:00:00-04:00,96.826122084372,96.826122084372,93.97154530099532,96.39472198486328,32600,0.0,0.0
2022-06-02 00:00:00-04:00,96.71599467315265,97.34014674849514,94.95367839978915,96.61502838134766,31800,0.0,0.0
2022-06-03 00:00:00-04:00,95.45849946273808,95.45849946273808,93.95319291604918,94.19184112548828,15300,0.0,0.0
2022-06-06 00:00:00-04:00,94.58652559286703,96.46815527496648,94.58652559286703,95.23821258544922,14900,0.0,0.0
2022-06-07 00:00:00-04:00,94.10004445576658,96.00003538128868,93.95318887359532,95.6971435546875,28200,0.0,0.0
2022-06-08 00:00:00-04:00,95.50439972636379,95.50439972636379,92.1725263273373,93.54933166503906,29300,0.0,0.0
2022-06-09 00:00:00-04:00,91.46576993147902,91.98895568310458,90.63968532291389,90.90586853027344,27700,0.0,0.0
2022-06-10 00:00:00-04:00,89.95126722302543,89.95126722302543,87.39040887705517,87.39958953857422,27700,0.0,0.0
2022-06-13 00:00:00-04:00,86.94066208797729,86.94066208797729,83.5170033330901,84.41651916503906,45100,0.0,0.0
2022-06-14 00:00:00-04:00,84.39797025801958,85.54800655281551,83.9249686632382,84.97299194335938,45800,0.95,0.0
2022-06-15 00:00:00-04:00,86.01173045942183,87.96865096780233,85.66857841042587,87.06902313232422,32700,0.0,0.0
2022-06-16 00:00:00-04:00,85.65003093678699,85.8633476120704,83.8229527745062,84.12901306152344,40400,0.0,0.0
2022-06-17 00:00:00-04:00,84.74112588137737,88.2097875891897,84.62982931195049,86.837158203125,95900,0.0,0.0
2022-06-21 00:00:00-04:00,87.70897291980734,89.95340090490782,87.70897291980734,89.16506958007812,45900,0.0,0.0
2022-06-22 00:00:00-04:00,87.71824689785997,90.49132118164681,87.67187155471319,89.3320083618164,33300,0.0,0.0
2022-06-23 00:00:00-04:00,89.2856390424205,91.80830504070724,88.69207140469237,89.91630554199219,31600,0.0,0.0
2022-06-24 00:00:00-04:00,90.34293444226925,92.05871603124821,90.34293444226925,91.15908813476562,46400,0.0,0.0
2022-06-27 00:00:00-04:00,92.22565978107386,92.22565978107386,90.27800849702314,90.89012908935547,29000,0.0,0.0
2022-06-28 00:00:00-04:00,92.03090187874864,92.20711263467118,89.86066436767578,89.86066436767578,19500,0.0,0.0
2022-06-29 00:00:00-04:00,89.71226263979224,89.95339460167278,88.87755602898064,89.48040008544922,26100,0.0,0.0
2022-06-30 00:00:00-04:00,88.77553443853026,90.66753369909713,87.90372898465283,90.56551361083984,31900,0.0,0.0
2022-07-01 00:00:00-04:00,89.69371696655644,91.70628240369722,88.53440410056969,91.68773651123047,44100,0.0,0.0
2022-07-05 00:00:00-04:00,90.06468695673625,90.74172162121295,88.50657038149293,90.63043212890625,28000,0.0,0.0
2022-07-06 00:00:00-04:00,91.26109968068243,91.26109968068243,89.23925799298448,90.14815521240234,20700,0.0,0.0
2022-07-07 00:00:00-04:00,90.99214935302734,91.95669851258535,90.4542264816785,90.99214935302734,23100,0.0,0.0
2022-07-08 00:00:00-04:00,90.7973868022386,91.44659918915703,89.60097505273096,91.01069641113281,22100,0.0,0.0
2022-07-11 00:00:00-04:00,90.53769412266833,91.02924161309336,89.96267243197057,90.10179138183594,21200,0.0,0.0
2022-07-12 00:00:00-04:00,89.9626766672332,92.00306444170343,89.55459628198554,89.75863647460938,17100,0.0,0.0
2022-07-13 00:00:00-04:00,89.40620866193659,89.40620866193659,87.8202695277236,88.66424560546875,32400,0.0,0.0
2022-07-14 00:00:00-04:00,87.05046448504949,87.21740578135366,85.72421059660039,86.59601593017578,27300,0.0,0.0
2022-07-15 00:00:00-04:00,88.28399798072314,89.91630544476833,88.2005237726943,89.50823211669922,38300,0.0,0.0
2022-07-18 00:00:00-04:00,90.79736783403946,91.93812751500984,89.98120720283298,90.65824890136719,23100,0.0,0.0
2022-07-19 00:00:00-04:00,91.30746079823935,94.37732548399549,91.27963842698945,93.56116485595703,35900,0.0,0.0
2022-07-20 00:00:00-04:00,92.80993398265505,94.82249906126485,92.7635586459235,94.68338012695312,42400,0.0,0.0
2022-07-21 00:00:00-04:00,93.68175131196541,94.31241776216133,92.75430106614105,94.13619995117188,19300,0.0,0.0
2022-07-22 00:00:00-04:00,93.8023232863693,94.15475185496877,92.50389144412682,93.31077575683594,26300,0.0,0.0
2022-07-25 00:00:00-04:00,94.81323852410881,96.1765843954283,94.61846775232245,95.89835357666016,34000,0.0,0.0
2022-07-26 00:00:00-04:00,95.97255534793652,96.60322180336743,95.47173136192811,95.9540023803711,16700,0.0,0.0
2022-07-27 00:00:00-04:00,96.69595544668468,100.50777616183404,96.69595544668468,99.93275451660156,48200,0.0,0.0
2022-07-28 00:00:00-04:00,99.72870823070699,101.47231894919247,99.58958930037721,101.05496215820312,32400,0.0,0.0
2022-07-29 00:00:00-04:00,101.09207860773547,103.16956521439005,101.09207860773547,102.28849029541016,32300,0.0,0.0
2022-08-01 00:00:00-04:00,101.722734941299,102.48324379775835,99.36701066009974,99.55249786376953,43600,0.0,0.0
2022-08-02 00:00:00-04:00,98.54158717874068,99.27427371134043,97.41009676322928,97.82745361328125,33500,0.0,0.0
2022-08-03 00:00:00-04:00,98.22624454897262,101.12916084602719,97.89236194329368,100.66543579101562,19300,0.0,0.0
2022-08-04 00:00:00-04:00,100.03479046981958,100.64690399169922,99.0887871961634,100.64690399169922,24800,0.0,0.0
2022-08-05 00:00:00-04:00,99.80291364826142,102.28848039408153,99.80291364826142,101.15699005126953,17200,0.0,0.0
2022-08-08 00:00:00-04:00,101.41669357672023,103.10465291769266,100.83240240803599,102.00099182128906,26200,0.0,0.0
2022-08-09 00:00:00-04:00,102.54816408450854,103.80022038748497,101.29610778153211,103.34577178955078,24200,0.0,0.0
2022-08-10 00:00:00-04:00,104.8667956693958,105.63658104710302,103.91152307879017,103.93006896972656,22700,0.0,0.0
2022-08-11 00:00:00-04:00,104.20830838341446,105.65512847757823,103.69820792668558,105.15430450439453,17000,0.0,0.0
2022-08-12 00:00:00-04:00,105.71078463755386,107.64915230083741,104.95954510903246,107.41728973388672,24800,0.0,0.0
2022-08-15 00:00:00-04:00,106.64750793886131,107.41729338551853,106.11886155127783,106.36000061035156,26900,0.0,0.0
2022-08-16 00:00:00-04:00,106.40637248521212,108.24272005550021,106.18377932599586,108.02013397216797,25600,0.0,0.0
2022-08-17 00:00:00-04:00,106.7402465848846,108.21489617163662,106.25797556507098,107.79754638671875,22800,0.0,0.0
2022-08-18 00:00:00-04:00,108.30764807948444,108.30764807948444,106.94429496634369,108.0108642578125,22800,0.0,0.0
2022-08-19 00:00:00-04:00,107.4172879091346,107.4172879091346,105.06156341982727,105.989013671875,41500,0.0,0.0
2022-08-22 00:00:00-04:00,104.92243668602664,105.6180243234792,104.01353946891665,104.88533782958984,29400,0.0,0.0
2022-08-23 00:00:00-04:00,104.57001731670009,105.37690159408953,104.19903579574343,104.8018798828125,24900,0.0,0.0
2022-08-24 00:00:00-04:00,104.80188135855526,105.80352935647753,104.34743270382323,105.5252914428711,23300,0.0,0.0
2022-08-25 00:00:00-04:00,105.45108646657678,106.84226178711677,105.45108646657678,106.73097229003906,17200,0.0,0.0
2022-08-26 00:00:00-04:00,106.74952938358979,106.74952938358979,103.10464937823336,103.1603012084961,20200,0.0,0.0
2022-08-29 00:00:00-04:00,102.64093492498561,103.67040544363391,101.75058338267347,102.60383605957031,16900,0.0,0.0
2022-08-30 00:00:00-04:00,103.36433749818187,103.36433749818187,101.25902834108408,102.29777526855469,22500,0.0,0.0
2022-08-31 00:00:00-04:00,103.16956731064839,103.16956731064839,101.10135714584281,101.31466674804688,30300,0.0,0.0
2022-09-01 00:00:00-04:00,101.054975389669,101.52797698436885,99.70089891398969,101.02715301513672,24900,0.0,0.0
2022-09-02 00:00:00-04:00,101.02714584501344,102.956243869021,100.02549797763838,100.33155822753906,18600,0.0,0.0
2022-09-06 00:00:00-04:00,100.11825539365218,100.11825539365218,98.37465140589745,98.60651397705078,23900,0.0,0.0
2022-09-07 00:00:00-04:00,98.49522265339904,100.08116895152597,98.34683427939947,99.78437805175781,26600,0.0,0.0
2022-09-08 00:00:00-04:00,98.82909749496784,100.21100347775446,98.7734527436205,99.27427673339844,18200,0.0,0.0
2022-09-09 00:00:00-04:00,99.65452476313723,100.68399508843338,98.4117448466226,98.7363510131836,17700,0.0,0.0
2022-09-12 00:00:00-04:00,99.18152668398253,99.79364013671875,98.47666255050986,99.79364013671875,22100,0.0,0.0
2022-09-13 00:00:00-04:00,99.0145847897279,99.0145847897279,96.14876000799983,96.37135314941406,27800,0.0,0.0
2022-09-14 00:00:00-04:00,96.43686488366227,97.28863525390625,95.46341609245691,97.28863525390625,30200,0.95,0.0
2022-09-15 00:00:00-04:00,97.344794211703,98.75816774257403,96.90486947988958,98.4118423461914,34000,0.0,0.0
2022-09-16 00:00:00-04:00,97.82217122200343,99.04833908017766,96.75512296626037,98.29953002929688,56500,0.0,0.0
2022-09-19 00:00:00-04:00,97.17632119781872,101.11691284179688,97.17632119781872,101.11691284179688,28900,0.0,0.0
2022-09-20 00:00:00-04:00,99.86266250673708,100.09666442871094,97.85024454952755,100.09666442871094,33000,0.0,0.0
2022-09-21 00:00:00-04:00,101.09819390000807,104.13085685518367,100.88290898641648,101.21051025390625,42800,0.0,0.0
2022-09-22 00:00:00-04:00,100.48042880874326,101.63172146358829,97.55072717237627,100.42427062988281,39600,0.0,0.0
2022-09-23 00:00:00-04:00,98.25272845027852,99.17937406468401,95.69742431216403,96.92359924316406,29800,0.0,0.0
2022-09-26 00:00:00-04:00,97.34480316021721,98.11232920717973,96.2496758385461,96.28711700439453,28200,0.0,0.0
2022-09-27 00:00:00-04:00,97.27928408264815,97.31672524894974,94.37766153541158,94.46189880371094,35400,0.0,0.0
2022-09-28 00:00:00-04:00,95.45407069365334,96.58663918106804,94.85501918130595,95.30430603027344,39500,0.0,0.0
2022-09-29 00:00:00-04:00,96.97039804146215,96.97039804146215,91.50411640259324,92.06571960449219,40900,0.0,0.0
2022-09-30 00:00:00-04:00,92.58052910336123,94.5929400338622,92.19676250173342,92.79580688476562,40700,0.0,0.0
2022-10-03 00:00:00-04:00,93.87221782469878,94.89246284139567,91.95339908644796,94.67718505859375,31500,0.0,0.0
2022-10-04 00:00:00-04:00,95.71615019571672,99.85330255016277,95.5289443694602,99.31977844238281,29100,0.0,0.0
2022-10-05 00:00:00-04:00,97.87832345245815,98.34632729552071,96.55855632843111,97.6817626953125,23700,0.0,0.0
2022-10-06 00:00:00-04:00,97.18568002822784,98.29016938650236,96.03438742905115,96.62407684326172,33200,0.0,0.0
2022-10-07 00:00:00-04:00,96.65215716535319,97.47584137107519,93.97517457029166,94.64910125732422,28500,0.0,0.0
2022-10-10 00:00:00-04:00,95.10773431165845,95.89397728033263,94.56484818119026,94.95796966552734,15200,0.0,0.0
2022-10-11 00:00:00-04:00,94.63036879524743,96.05310437432016,93.61012391891876,95.10773468017578,19700,0.0,0.0
2022-10-12 00:00:00-04:00,95.42598447222481,96.60535620234798,94.24661988327387,96.28711700439453,33300,0.0,0.0
2022-10-13 00:00:00-04:00,94.46189697736385,100.51786804199219,94.46189697736385,100.51786804199219,34100,0.0,0.0
2022-10-14 00:00:00-04:00,100.80803121023988,102.39924866034167,98.0093700541557,98.14977264404297,34600,0.0,0.0
2022-10-17 00:00:00-04:00,100.32129105522398,101.01393465347076,99.57248214710731,100.45233154296875,35500,0.0,0.0
2022-10-18 00:00:00-04:00,101.44451109748141,101.8282776789993,100.36810796451985,100.69570922851562,26700,0.0,0.0
2022-10-19 00:00:00-04:00,99.46952602149847,101.07946026055164,98.01871850415367,99.79713439941406,28200,0.0,0.0
2022-10-20 00:00:00-04:00,100.31193784301405,101.19178731661373,98.2246447886795,98.32760620117188,22400,0.0,0.0
2022-10-21 00:00:00-04:00,98.8424135857568,101.06075444808597,98.2527312942794,100.81739044189453,23800,0.0,0.0
2022-10-24 00:00:00-04:00,101.65042008301863,101.65042008301863,100.30257404604801,100.45233154296875,26200,0.0,0.0
2022-10-25 00:00:00-04:00,99.93753813791207,103.69093098255507,99.8252217852163,103.03572845458984,29700,0.0,0.0
2022-10-26 00:00:00-04:00,104.11213407834778,104.3367739148774,102.89532127656669,103.45692443847656,19900,0.0,0.0
2022-10-27 00:00:00-04:00,104.68310468788764,108.28674028499279,104.62694650733556,104.91710662841797,38800,0.0,0.0
2022-10-28 00:00:00-04:00,104.89837925253813,108.015286506369,104.89837925253813,107.13543701171875,52500,0.0,0.0
2022-10-31 00:00:00-04:00,106.864000040747,109.01682066051312,106.39599617916065,107.82808685302734,33100,0.0,0.0
2022-11-01 00:00:00-04:00,108.65177414993762,110.4208281091758,108.27736964645838,109.45674133300781,51300,0.0,0.0
2022-11-02 00:00:00-04:00,108.67050048333255,110.27107291036066,106.5176869007096,106.64872741699219,26700,0.0,0.0
2022-11-03 00:00:00-04:00,105.16981219576441,107.39750766398019,104.49588559598925,106.33045959472656,14700,0.0,0.0
2022-11-04 00:00:00-04:00,108.0340053303261,108.38969282111277,105.95606712624023,107.94976806640625,13900,0.0,0.0
2022-11-07 00:00:00-05:00,107.45368764481755,108.58625611360775,106.64872044531838,107.54728698730469,34600,0.0,0.0
2022-11-08 00:00:00-05:00,106.2275104426142,111.20707105389391,105.95606735632984,109.83113861083984,49000,0.0,0.0
2022-11-09 00:00:00-05:00,110.17747060383934,111.23515678291689,107.88425448928703,108.10889434814453,27600,0.0,0.0
2022-11-10 00:00:00-05:00,111.92781084123581,115.81224451464945,110.86076255481775,114.6422348022461,60500,0.0,0.0
2022-11-11 00:00:00-05:00,114.75454368097593,115.93391539369829,111.80611796975609,113.73429870605469,37200,0.0,0.0
2022-11-14 00:00:00-05:00,113.13525322937484,115.5220685788183,113.01356765806824,113.81853485107422,25600,0.0,0.0
2022-11-15 00:00:00-05:00,115.57822965268275,116.72951508193881,114.03381557671244,115.37230682373047,38700,0.0,0.0
2022-11-16 00:00:00-05:00,115.94327311512919,115.99006921411234,113.17269125784401,115.66246795654297,23300,0.0,0.0
2022-11-17 00:00:00-05:00,115.41910844662546,115.56887310800326,113.42541459494531,115.39102935791016,25500,0.0,0.0
2022-11-18 00:00:00-05:00,116.92607946941145,116.92607946941145,114.84814124527645,116.2427978515625,32500,0.0,0.0
2022-11-21 00:00:00-05:00,115.47527564946813,118.19905441687936,115.35359007482008,117.86209106445312,25600,0.0,0.0
2022-11-22 00:00:00-05:00,117.37537109765026,118.43305726467864,116.83248489885456,117.47833251953125,29400,0.0,0.0
2022-11-23 00:00:00-05:00,117.84336700156706,118.20840942132654,116.9635175071869,117.5531997680664,23500,0.0,0.0
2022-11-25 00:00:00-05:00,118.03056400663785,119.69665649191772,117.26303801427841,118.7044906616211,17800,0.0,0.0
2022-11-28 00:00:00-05:00,116.6827296936408,117.43153160990559,116.15856049696578,116.77632904052734,28700,0.0,0.0
2022-11-29 00:00:00-05:00,117.57192439853266,118.27393015341227,116.3083154679837,116.79503631591797,26900,0.0,0.0
2022-11-30 00:00:00-05:00,117.36600713109084,118.6389781982395,114.89494732807809,117.79656982421875,46700,0.0,0.0
2022-12-01 00:00:00-05:00,118.18032528688154,118.59216378781852,116.8418340912005,117.0009536743164,27000,0.0,0.0
2022-12-02 00:00:00-05:00,115.39103369204004,118.24586017152663,115.39103369204004,117.23497009277344,24700,0.0,0.0
2022-12-05 00:00:00-05:00,116.3363973928322,116.3363973928322,112.82636853283064,113.21949005126953,30800,0.0,0.0
2022-12-06 00:00:00-05:00,112.349002424902,114.29590014328531,111.26323721272377,113.90277862548828,37600,0.0,0.0
2022-12-07 00:00:00-05:00,112.53620867189166,113.67813206485941,110.69227236425665,111.17899322509766,39400,0.0,0.0
2022-12-08 00:00:00-05:00,112.32092671540053,113.55645662362305,110.64547203495515,112.13372802734375,37800,0.0,0.0
2022-12-09 00:00:00-05:00,110.90756165779301,112.34901451939467,110.33659633140621,111.44108581542969,41400,0.0,0.0
2022-12-12 00:00:00-05:00,111.84355581615118,113.20077123846194,111.1228330438131,112.40515899658203,31700,0.0,0.0
2022-12-13 00:00:00-05:00,115.48462618369344,115.48462618369344,111.9558803356606,113.4534912109375,57200,0.0,0.0
2022-12-14 00:00:00-05:00,113.17991582088894,114.20822033461972,109.58555724314625,110.67046356201172,46700,0.95,0.0
2022-12-15 00:00:00-05:00,108.73648012758035,110.32139524481384,107.9911919334115,108.88742065429688,46900,0.0,0.0
2022-12-16 00:00:00-05:00,107.15157653226422,109.51950983177979,107.04780176004496,108.70819091796875,78400,0.0,0.0
2022-12-19 00:00:00-05:00,108.65158210210377,110.46291180606917,107.11383978013072,107.94403076171875,47400,0.0,0.0
2022-12-20 00:00:00-05:00,108.51949845428275,109.9440370635809,105.73646626561751,108.81195068359375,35600,0.0,0.0
2022-12-21 00:00:00-05:00,109.70818739199784,110.39686662014908,108.1515731072521,108.51006317138672,70300,0.0,0.0
2022-12-22 00:00:00-05:00,109.01006081751194,109.33081391567141,105.47230471825365,107.3591079711914,101700,0.0,0.0
2022-12-23 00:00:00-05:00,108.10440786062465,108.84969613980924,106.53836462908049,107.53836822509766,40300,0.0,0.0
2022-12-27 00:00:00-05:00,108.5195010401396,109.00063794303851,106.69873539337262,107.03836059570312,44000,0.0,0.0
2022-12-28 00:00:00-05:00,107.623278390605,107.79309100143415,104.98175048828125,104.98175048828125,62600,0.0,0.0
2022-12-29 00:00:00-05:00,106.20817377514399,107.96290165605615,105.09495939045333,107.06666564941406,46600,0.0,0.0
2022-12-30 00:00:00-05:00,106.60439791851758,107.13270059612577,105.77420696833553,106.330810546875,38900,0.0,0.0
2023-01-03 00:00:00-05:00,107.39686052729338,107.79309476478471,106.10440463080029,107.10440826416016,49200,0.0,0.0
2023-01-04 00:00:00-05:00,107.12327061945474,110.38743978112429,107.12327061945474,109.08554077148438,51700,0.0,0.0
2023-01-05 00:00:00-05:00,108.81195747899102,108.81195747899102,106.51949807109604,108.2930908203125,49400,0.0,0.0
2023-01-06 00:00:00-05:00,109.50063594484,114.95349666472876,108.78364863153355,113.91575622558594,71700,0.0,0.0
2023-01-09 00:00:00-05:00,114.1327451307167,115.1610495675983,111.61385702670185,111.84027862548828,46500,0.0,0.0
2023-01-10 00:00:00-05:00,111.37800629781644,113.35915569523814,111.2648026963071,113.32141876220703,58000,0.0,0.0
2023-01-11 00:00:00-05:00,114.11387691914018,117.5195578752056,112.97236164431484,116.36860656738281,146600,0.0,0.0
2023-01-12 00:00:00-05:00,116.5761658441184,119.36863444509046,116.000690142144,117.66107940673828,55300,0.0,0.0
2023-01-13 00:00:00-05:00,116.70823765646611,118.73655299799887,115.44408267935268,117.7365493774414,60000,0.0,0.0
2023-01-17 00:00:00-05:00,118.4912638497751,118.63277555834767,115.47238098895433,115.62332153320312,73100,0.0,0.0
2023-01-18 00:00:00-05:00,115.10444909658088,115.7742634728322,113.33084920684892,113.53839874267578,62400,0.0,0.0
2023-01-19 00:00:00-05:00,112.74594159194756,114.90633239482982,111.72706600675187,114.89689636230469,56000,0.0,0.0
2023-01-20 00:00:00-05:00,115.78369989330315,117.1893664848588,114.32142430241528,116.91577911376953,51700,0.0,0.0
2023-01-23 00:00:00-05:00,117.69881672517569,120.67053398976508,116.75541487594636,119.91580963134766,48600,0.0,0.0
2023-01-24 00:00:00-05:00,118.67994435310054,119.859196553757,118.02899483511122,118.86862182617188,37100,0.0,0.0
2023-01-25 00:00:00-05:00,118.27427175806467,123.95354673091367,117.3874718715491,123.81204223632812,58500,0.0,0.0
2023-01-26 00:00:00-05:00,125.02901750053356,126.8875198725855,123.14221423105273,125.19883728027344,84000,0.0,0.0
2023-01-27 00:00:00-05:00,124.4535641045253,127.1139640982429,124.4535641045253,124.73658752441406,80500,0.0,0.0
2023-01-30 00:00:00-05:00,124.33091768013186,125.11394290654015,121.04788342586579,121.16108703613281,60800,0.0,0.0
2023-01-31 00:00:00-05:00,120.89693402106842,125.44413757324219,120.89693402106842,125.44413757324219,60400,0.0,0.0
2023-02-01 00:00:00-05:00,125.34036950758012,127.30264706954881,123.83092079985968,125.28376770019531,59700,0.0,0.0
2023-02-02 00:00:00-05:00,125.3875316080161,126.84036398722519,125.1045082004597,125.98186492919922,50300,0.0,0.0
2023-02-03 00:00:00-05:00,125.63281709145068,128.2649161980608,125.02904050990911,127.0950927734375,53900,0.0,0.0
2023-02-06 00:00:00-05:00,126.3781259533297,127.79322881559591,125.24603214738016,126.77435302734375,49400,0.0,0.0
2023-02-07 00:00:00-05:00,125.91583644432504,129.38754807721676,125.39696258746113,129.1139678955078,58900,0.0,0.0
2023-02-08 00:00:00-05:00,127.74604516617637,129.12340377572224,127.18944154170468,127.83094787597656,42000,0.0,0.0
2023-02-09 00:00:00-05:00,128.28376940666325,129.5196234293877,127.10451718724394,128.18943786621094,65800,0.0,0.0
2023-02-10 00:00:00-05:00,127.92531299140404,131.3309946816087,127.45361200603038,130.8309783935547,50700,0.0,0.0
2023-02-13 00:00:00-05:00,130.52907569708017,131.28380002810175,129.8781261415137,130.78379821777344,40700,0.0,0.0
2023-02-14 00:00:00-05:00,130.37812050902934,131.7271925129318,129.00076199907497,129.4064178466797,56200,0.0,0.0
2023-02-15 00:00:00-05:00,128.0856436876124,132.0573564995299,127.83092121616602,131.2271728515625,56500,0.0,0.0
2023-02-16 00:00:00-05:00,129.78378972416,132.42530319080132,127.17056276412328,130.4441680908203,46500,0.0,0.0
2023-02-17 00:00:00-05:00,130.8120908974175,132.1800205641197,129.73661347174914,131.54794311523438,58900,0.0,0.0
2023-02-21 00:00:00-05:00,130.13283353747588,130.86868571602568,128.49130938792834,128.8403778076172,64700,0.0,0.0
2023-02-22 00:00:00-05:00,129.13284960358328,130.51965147221748,128.34982434206285,129.28378295898438,62200,0.0,0.0
2023-02-23 00:00:00-05:00,127.38752268813492,130.03847900143563,126.6988435194702,127.86865234375,80600,0.0,0.0
2023-02-24 00:00:00-05:00,127.925300293901,133.86872060354466,125.07622259438743,133.0951385498047,130800,0.0,0.0
2023-02-27 00:00:00-05:00,133.90646325864193,135.72722195163715,131.96305771652496,133.29324340820312,99700,0.0,0.0
2023-02-28 00:00:00-05:00,133.736647704598,136.31214524731723,132.68947102337066,133.83099365234375,124800,0.0,0.0
2023-03-01 00:00:00-05:00,134.18001183714682,138.03853550263187,133.00075978178057,136.85928344726562,66100,0.0,0.0
2023-03-02 00:00:00-05:00,136.1611704051652,137.87815403028216,135.02909123325094,136.92532348632812,77900,0.0,0.0
2023-03-03 00:00:00-05:00,137.86875202491152,140.09518106751523,136.7555447011949,139.1517791748047,46800,0.0,0.0
2023-03-06 00:00:00-05:00,139.16119615508075,140.91592410182815,138.0385600903458,138.86874389648438,76400,0.0,0.0
2023-03-07 00:00:00-05:00,138.4159101399633,138.8404380613982,134.73664896063602,135.25550842285156,79500,0.0,0.0
2023-03-08 00:00:00-05:00,135.7272102664136,137.09515437145294,134.07625714187395,134.849853515625,85300,0.0,0.0
2023-03-09 00:00:00-05:00,134.5573950239115,134.80267429449074,127.46300989574438,127.54791259765625,128700,0.0,0.0
2023-03-10 00:00:00-05:00,126.01018554859631,127.02904682656907,121.02901079262425,122.8403549194336,111600,0.0,0.0
2023-03-13 00:00:00-04:00,118.53843417324555,123.40638357738622,115.46294237907628,118.87805938720703,144400,0.0,0.0
2023-03-14 00:00:00-04:00,123.69883439876853,125.53847935038367,120.10447598959541,121.73655700683594,90300,0.0,0.0
2023-03-15 00:00:00-04:00,117.97808302749462,121.06099006570615,117.11221005909373,119.82402038574219,104100,1.1,0.0
2023-03-16 00:00:00-04:00,117.81632057515664,126.50363026591862,116.65547373882403,124.84800720214844,150400,0.0,0.0
2023-03-17 00:00:00-04:00,123.39219128242851,124.60061678341383,117.51184827315241,120.02384185791016,292000,0.0,0.0
2023-03-20 00:00:00-04:00,122.11716200154845,123.92504522143015,120.68038275054039,120.97534942626953,81600,0.0,0.0
2023-03-21 00:00:00-04:00,123.44929528859804,126.83667906561418,123.44929528859804,124.53401947021484,129600,0.0,0.0
2023-03-22 00:00:00-04:00,124.81946074656669,124.81946074656669,119.1199075168315,119.1294174194336,120400,0.0,0.0
2023-03-23 00:00:00-04:00,119.49098968031194,121.5462537342325,117.88293058378915,118.59656524658203,111700,0.0,0.0
2023-03-24 00:00:00-04:00,116.92190247960069,119.81450256527735,116.17972357948992,119.27214050292969,55500,0.0,0.0
2023-03-27 00:00:00-04:00,121.35595534820604,122.7071091746174,120.12850284404958,121.6794662475586,51200,0.0,0.0
2023-03-28 00:00:00-04:00,121.52723533739844,122.11716872131912,119.89063189916484,120.5947494506836,75000,0.0,0.0
2023-03-29 00:00:00-04:00,123.57297379901159,126.16109000919495,122.37407279004766,125.8756332397461,77400,0.0,0.0
2023-03-30 00:00:00-04:00,126.61782571969009,128.34957160883195,123.3636388983367,124.1343765258789,102000,0.0,0.0
2023-03-31 00:00:00-04:00,125.33329225965734,127.38856380350951,123.5825118418289,126.73201751708984,99600,0.0,0.0
2023-04-03 00:00:00-04:00,127.28389679380585,129.4057666971407,124.71481462345864,126.73201751708984,81000,0.0,0.0
2023-04-04 00:00:00-04:00,127.51224538077044,127.51224538077044,123.69668367275825,125.00025177001953,70000,0.0,0.0
2023-04-05 00:00:00-04:00,123.64910460475315,125.17153112809231,123.26850523338604,123.8965072631836,78100,0.0,0.0
2023-04-06 00:00:00-04:00,123.95358215226268,127.4075639002956,122.33601322256641,126.6368408203125,72400,0.0,0.0
2023-04-10 00:00:00-04:00,126.3704217178318,127.62642567309545,124.97169663989462,125.54261016845703,146100,0.0,0.0
2023-04-11 00:00:00-04:00,125.9898270595937,127.12212973799147,124.80994583222542,124.93364715576172,71000,0.0,0.0
2023-04-12 00:00:00-04:00,125.77098435146243,126.1135296203376,124.3912933725534,124.67675018310547,56000,0.0,0.0
2023-04-13 00:00:00-04:00,124.96218668731245,126.11350912690273,124.14388504013664,124.92411804199219,53200,0.0,0.0
2023-04-14 00:00:00-04:00,125.83758285650346,126.76055154445159,124.33419071035019,124.69577026367188,39100,0.0,0.0
2023-04-17 00:00:00-04:00,124.64820960057031,126.55123570134238,124.06778605907736,126.47511291503906,40700,0.0,0.0
2023-04-18 00:00:00-04:00,126.76055240690526,127.52176564695041,125.89467216486722,127.50273132324219,42700,0.0,0.0
2023-04-19 00:00:00-04:00,127.4932322182932,131.21363701744653,126.29431654503172,131.1755828857422,100300,0.0,0.0
2023-04-20 00:00:00-04:00,129.98619495264342,130.06231773693142,128.42571417208111,128.82534790039062,61800,0.0,0.0
2023-04-21 00:00:00-04:00,128.7587382131424,130.43339576336928,127.94043650269326,129.2820587158203,52000,0.0,0.0
2023-04-24 00:00:00-04:00,128.85386727111594,130.69980450690545,128.60647915910857,128.68260192871094,41800,0.0,0.0
2023-04-25 00:00:00-04:00,127.41708533471959,128.55889781604387,126.13253721889636,126.19915008544922,54800,0.0,0.0
2023-04-26 00:00:00-04:00,124.73381842281597,126.52266726130632,124.64818574921185,125.54261016845703,43500,0.0,0.0
2023-04-27 00:00:00-04:00,125.63774943113917,126.92229757706684,125.63774943113917,126.6368408203125,32700,0.0,0.0
2023-04-28 00:00:00-04:00,125.52360305953555,127.5027519969851,125.52360305953555,126.8271713256836,47500,0.0,0.0
2023-05-01 00:00:00-04:00,126.5226785689398,128.4542487027327,125.7043768482983,126.25625610351562,48700,0.0,0.0
2023-05-02 00:00:00-04:00,125.30473628335598,125.30473628335598,122.12668667785935,122.78321838378906,55300,0.0,0.0
2023-05-03 00:00:00-04:00,122.88788377575378,124.77188974913099,120.57571442515602,120.7660140991211,48700,0.0,0.0
2023-05-04 00:00:00-04:00,119.395839836626,121.38449827894452,118.5299596279453,120.74698638916016,63100,0.0,0.0
2023-05-05 00:00:00-04:00,122.88788937836512,124.07728054354068,122.18377910069967,123.58250427246094,36200,0.0,0.0
2023-05-08 00:00:00-04:00,123.76329040527344,124.33418943637216,123.12576398286444,123.76329040527344,38200,0.0,0.0
2023-05-09 00:00:00-04:00,122.64049627540484,124.572066287899,121.62237776963106,123.38267517089844,127600,0.0,0.0
2023-05-10 00:00:00-04:00,123.41122475620382,126.5702546692493,117.43572468637906,117.66409301757812,146400,0.0,0.0
2023-05-11 00:00:00-04:00,117.22638974347369,124.6291591565992,116.99802867356499,122.58341217041016,64900,0.0,0.0
2023-05-12 00:00:00-04:00,122.39310549675189,122.96400450917598,119.79547215936633,122.51679229736328,45300,0.0,0.0
2023-05-15 00:00:00-04:00,123.79182876678739,130.30017323797745,123.79182876678739,130.08132934570312,69700,0.0,0.0
2023-05-16 00:00:00-04:00,128.62550557502522,129.56750856348293,127.1696920140034,127.32193756103516,47900,0.0,0.0
2023-05-17 00:00:00-04:00,128.53987061062094,130.6998088990036,127.5693379331775,129.9481201171875,48400,0.0,0.0
2023-05-18 00:00:00-04:00,129.66266591702592,134.03010660874506,129.4533319191761,133.6019287109375,50600,0.0,0.0
2023-05-19 00:00:00-04:00,134.90550200284616,136.08538326241643,132.72654378230197,134.09671020507812,49200,0.0,0.0
2023-05-22 00:00:00-04:00,134.48682137817045,135.25754445586838,132.46961880257257,133.06907653808594,32100,0.0,0.0
2023-05-23 00:00:00-04:00,132.50766861105816,134.82936218903802,132.012892403799,132.69798278808594,26200,0.0,0.0
2023-05-24 00:00:00-04:00,131.51812254165202,131.51812254165202,129.88151908832822,130.59515380859375,27700,0.0,0.0
2023-05-25 00:00:00-04:00,130.7664075502986,130.9662316425449,128.58744945307777,128.79678344726562,44200,0.0,0.0
2023-05-26 00:00:00-04:00,129.11079068226383,130.93769374985035,129.11079068226383,129.7578125,28600,0.0,0.0
2023-05-30 00:00:00-04:00,130.2431075347483,130.6522511664926,128.2925029293113,128.82534790039062,23500,0.0,0.0
2023-05-31 00:00:00-04:00,128.35908312718686,129.27254189044297,126.04691377224675,127.32193756103516,57900,0.0,0.0
2023-06-01 00:00:00-04:00,128.45423460229088,131.55616126290778,127.53126597733748,129.70071411132812,37500,0.0,0.0
2023-06-02 00:00:00-04:00,131.83212978027916,134.10624528205375,130.7854596669368,133.9825439453125,44100,0.0,0.0
2023-06-05 00:00:00-04:00,133.28793176530002,133.80174235449886,130.55709432707815,131.54666137695312,36300,0.0,0.0
2023-06-06 00:00:00-04:00,131.41345828598068,139.0731406809491,131.41345828598068,138.8447723388672,55900,0.0,0.0
2023-06-07 00:00:00-04:00,139.52984781608188,141.31869667235674,137.58876793375316,141.09983825683594,46400,0.0,0.0
2023-06-08 00:00:00-04:00,141.09033948423874,143.69749020181195,140.176895180125,143.15512084960938,66800,0.0,0.0
2023-06-09 00:00:00-04:00,142.79355380320675,143.3073644022173,140.57652691184748,143.288330078125,29500,0.0,0.0
2023-06-12 00:00:00-04:00,142.75549117722355,146.0952965090214,142.15603335397682,143.0599822998047,67300,0.0,0.0
2023-06-13 00:00:00-04:00,143.16464631956535,144.39209164937338,142.0513633799382,142.72694396972656,47100,0.0,0.0
2023-06-14 00:00:00-04:00,142.79354227818118,143.45959837830162,141.3567485633491,142.5556640625,40600,0.0,0.0
2023-06-15 00:00:00-04:00,142.7857463297095,144.05102589279187,141.17537323649233,143.35128784179688,42800,1.1,0.0
2023-06-16 00:00:00-04:00,144.64531907228195,144.74118000891073,140.8111156283373,142.3448028564453,75000,0.0,0.0
2023-06-20 00:00:00-04:00,142.23933811854727,142.38311487335227,140.51394392927244,140.56187438964844,37000,0.0,0.0
2023-06-21 00:00:00-04:00,140.30305648209162,140.90694808286997,138.51057141479396,138.6160125732422,51900,0.0,0.0
2023-06-22 00:00:00-04:00,139.03778313245374,139.03778313245374,136.12378078914574,137.76290893554688,41800,0.0,0.0
2023-06-23 00:00:00-04:00,135.7978899828839,137.714991581501,133.8520330303935,135.1269073486328,242700,0.0,0.0
2023-06-26 00:00:00-04:00,135.28984138533417,136.68933180332198,134.2737800122922,134.4175567626953,50300,0.0,0.0
2023-06-27 00:00:00-04:00,134.63802970409608,137.07274190087963,134.46548298272918,134.9831085205078,38700,0.0,0.0
2023-06-28 00:00:00-04:00,134.93518611569004,137.1110856734363,134.7243037916134,136.06626892089844,44000,0.0,0.0
2023-06-29 00:00:00-04:00,136.7468604313756,137.4945288841382,135.5870075295481,135.76913452148438,25500,0.0,0.0
2023-06-30 00:00:00-04:00,137.5041165548491,139.38288265708277,136.1142207471329,137.7821044921875,64000,0.0,0.0
2023-07-03 00:00:00-04:00,137.32197585607076,139.277427586446,137.32197585607076,138.66395568847656,18900,0.0,0.0
2023-07-05 00:00:00-04:00,136.7085175275723,137.67666324678586,135.0118930542623,135.2131805419922,26900,0.0,0.0
2023-07-06 00:00:00-04:00,133.7369901170145,133.74657035799078,131.4843902502094,132.7688446044922,45100,0.0,0.0
2023-07-07 00:00:00-04:00,133.2481412302559,134.98313046160456,132.1266385512014,133.89996337890625,40700,0.0,0.0
2023-07-10 00:00:00-04:00,133.83285781304374,136.21007432439987,133.73701150898347,135.76913452148438,32400,0.0,0.0
2023-07-11 00:00:00-04:00,136.02794453178507,137.8683602719487,136.02794453178507,137.1015167236328,36000,0.0,0.0
2023-07-12 00:00:00-04:00,139.68001454726993,139.68001454726993,137.69580750130712,138.5968475341797,35400,0.0,0.0
2023-07-13 00:00:00-04:00,139.44038172716105,141.1849365234375,138.27094861727642,141.1849365234375,78800,0.0,0.0
2023-07-14 00:00:00-04:00,141.66421218459638,143.78261582669222,140.21680578408433,143.7538604736328,38900,0.0,0.0
2023-07-17 00:00:00-04:00,143.7346935288779,146.7732978941566,143.7346935288779,146.7637176513672,53700,0.0,0.0
2023-07-18 00:00:00-04:00,146.7541263696239,149.78313563794399,146.7541263696239,149.46681213378906,52500,0.0,0.0
2023-07-19 00:00:00-04:00,148.65206205876657,150.46372251300826,148.65206205876657,149.79273986816406,46000,0.0,0.0
2023-07-20 00:00:00-04:00,149.69684811750912,150.9717221934121,147.09918413590546,149.8502197265625,49700,0.0,0.0
2023-07-21 00:00:00-04:00,150.63623634834443,150.71292215934733,148.75748517090332,149.89816284179688,36300,0.0,0.0
2023-07-24 00:00:00-04:00,150.01319516922618,152.51501325837933,150.01319516922618,150.87588500976562,41000,0.0,0.0
2023-07-25 00:00:00-04:00,150.67459611719136,152.6012778769182,149.98443840074393,151.86318969726562,41200,0.0,0.0
2023-07-26 00:00:00-04:00,151.7577653134757,153.83781873451352,151.54688297343276,152.63003540039062,41300,0.0,0.0
2023-07-27 00:00:00-04:00,153.1668114343475,153.83780863205126,151.42225674875775,152.00697326660156,60600,0.0,0.0
2023-07-28 00:00:00-04:00,153.75153240245268,154.4704454553812,152.13159394263212,153.42562866210938,69900,0.0,0.0
2023-07-31 00:00:00-04:00,154.1158067474162,155.61114375507907,153.01347910432062,154.08705139160156,42900,0.0,0.0
2023-08-01 00:00:00-04:00,153.6077652704556,156.73263560424047,153.6077652704556,156.0904083251953,34800,0.0,0.0
2023-08-02 00:00:00-04:00,155.80283174345007,159.25362027790052,155.80283174345007,158.86061096191406,44800,0.0,0.0
2023-08-03 00:00:00-04:00,158.55389007886643,159.28238341560294,157.61449977137474,158.9468994140625,50400,0.0,0.0
2023-08-04 00:00:00-04:00,158.94688838340792,161.16113821994207,158.28548604235002,159.0235595703125,63000,0.0,0.0
2023-08-07 00:00:00-04:00,163.4520857106963,169.18421537124647,155.73574888323012,160.0012969970703,82000,0.0,0.0
2023-08-08 00:00:00-04:00,159.93418099700926,166.87407830718809,159.02354618304085,166.500244140625,73800,0.0,0.0
2023-08-09 00:00:00-04:00,167.7463654829828,169.10750566488605,165.6471371975842,167.851806640625,53600,0.0,0.0
2023-08-10 00:00:00-04:00,167.90933843435747,170.65079425113973,167.56425956838754,170.15234375,46000,0.0,0.0
2023-08-11 00:00:00-04:00,170.74664329283897,172.5583035564778,169.90311398445326,171.9735870361328,88500,0.0,0.0
2023-08-14 00:00:00-04:00,171.11088747706654,172.69250497520227,169.43342368064367,171.93524169921875,55400,0.0,0.0
2023-08-15 00:00:00-04:00,170.67955103267732,171.28344270975907,166.73032646511555,167.29586791992188,98800,0.0,0.0
2023-08-16 00:00:00-04:00,166.62488878041745,168.91582462745538,165.59923239478695,165.8484649658203,77000,0.0,0.0
2023-08-17 00:00:00-04:00,166.57692263457204,167.67924997759494,160.6722474092312,161.8033447265625,76900,0.0,0.0
2023-08-18 00:00:00-04:00,160.57643487756854,166.02099642691175,159.16736402473913,164.0943145751953,52600,0.0,0.0
2023-08-21 00:00:00-04:00,164.39144835309978,164.95698976714564,162.10051271912118,163.97927856445312,38300,0.0,0.0
2023-08-22 00:00:00-04:00,163.6917153610582,163.6917153610582,160.1259054077447,160.67227172851562,56000,0.0,0.0
2023-08-23 00:00:00-04:00,161.39119579205482,162.95363829851743,160.85440967669518,161.122802734375,34000,0.0,0.0
2023-08-24 00:00:00-04:00,160.57642114751337,163.4712337988521,160.57642114751337,161.23782348632812,28400,0.0,0.0
2023-08-25 00:00:00-04:00,161.43911009241896,161.87045499004594,160.0108642578125,160.0108642578125,33200,0.0,0.0
2023-08-28 00:00:00-04:00,160.18340884228266,163.74921863375704,160.18340884228266,162.62771606445312,40400,0.0,0.0
2023-08-29 00:00:00-04:00,162.90569068314423,163.74921999066618,161.64041134818441,162.1676025390625,32000,0.0,0.0
2023-08-30 00:00:00-04:00,161.47745857898644,163.768394184262,160.88314719459152,161.17071533203125,32300,0.0,0.0
2023-08-31 00:00:00-04:00,161.95673358502071,164.11347267170535,160.81605590562916,161.34326171875,47800,0.0,0.0
2023-09-01 00:00:00-04:00,162.57022760974968,164.86116352236493,162.57022760974968,163.35623168945312,39000,0.0,0.0
2023-09-05 00:00:00-04:00,162.35933654282672,162.70441541026523,159.1002551000575,159.17694091796875,41900,0.0,0.0
2023-09-06 00:00:00-04:00,161.7266766843983,163.1836778564741,158.1608668791978,158.601806640625,56300,0.0,0.0
2023-09-07 00:00:00-04:00,158.45800196908516,159.0810686530571,157.22147809458878,158.66888427734375,69800,0.0,0.0
2023-09-08 00:00:00-04:00,159.14820647337388,161.01737782326848,158.61142030379656,160.95028686523438,36600,0.0,0.0
2023-09-11 00:00:00-04:00,161.49662855044815,162.14845067536234,159.87667541980758,160.7393798828125,40000,0.0,0.0
2023-09-12 00:00:00-04:00,160.35595181664755,161.80337283964366,159.55077268047194,160.45181274414062,30700,0.0,0.0
2023-09-13 00:00:00-04:00,160.7393489667821,160.7393489667821,157.44193263411202,159.5124053955078,44100,0.0,0.0
2023-09-14 00:00:00-04:00,161.2396604136601,161.2396604136601,158.93348042622765,159.78260803222656,34800,1.1,0.0
2023-09-15 00:00:00-04:00,159.049265769305,160.22648045252373,157.43783593458912,159.85015869140625,115000,0.0,0.0
2023-09-18 00:00:00-04:00,160.5738267347243,161.55804364205173,158.24834448033195,158.54747009277344,35600,0.0,0.0
2023-09-19 00:00:00-04:00,158.32555862800956,158.32555862800956,156.23166437833873,156.62728881835938,39100,0.0,0.0
2023-09-20 00:00:00-04:00,157.1097538703529,159.4255776844139,157.1097538703529,157.81414794921875,42900,0.0,0.0
2023-09-21 00:00:00-04:00,157.37994638076316,157.37994638076316,151.64826501505678,151.8219451904297,38500,0.0,0.0
2023-09-22 00:00:00-04:00,151.65789875680284,153.16318573624125,151.63859605296034,152.22720336914062,35300,0.0,0.0
2023-09-25 00:00:00-04:00,152.07281594464715,153.67458689104274,150.6061197453513,152.01490783691406,37300,0.0,0.0
2023-09-26 00:00:00-04:00,151.90878976974244,152.33336095362995,150.0175368716169,150.4324493408203,27300,0.0,0.0
2023-09-27 00:00:00-04:00,151.24297848050466,152.3140502716312,149.72803286592506,150.72190856933594,24700,0.0,0.0
2023-09-28 00:00:00-04:00,151.86053616150522,152.4973781343037,150.57717877877963,152.3912353515625,93900,0.0,0.0
2023-09-29 00:00:00-04:00,152.8447655921309,153.693907923041,148.4639938980215,148.88856506347656,52200,0.0,0.0
2023-10-02 00:00:00-04:00,148.6666289767842,148.97539862308298,145.42446671057664,146.10955810546875,52300,0.0,0.0
2023-10-03 00:00:00-04:00,146.08060731734938,146.63062393953655,142.72265836834208,144.4498748779297,41300,0.0,0.0
2023-10-04 00:00:00-04:00,143.3981065628601,145.41480474162287,143.3402131757031,145.01918029785156,39200,0.0,0.0
2023-10-05 00:00:00-04:00,144.6428571204899,145.91657051988352,143.2726596513429,145.08673095703125,49200,0.0,0.0
2023-10-06 00:00:00-04:00,143.89987950604808,147.08413371533874,143.61039783511728,145.3955078125,38300,0.0,0.0
2023-10-09 00:00:00-04:00,145.270099561926,146.82363622230142,144.49815322766557,146.32186889648438,27900,0.0,0.0
2023-10-10 00:00:00-04:00,146.32184401529807,148.32889825362653,146.05166505279706,146.0902557373047,47400,0.0,0.0
2023-10-11 00:00:00-04:00,145.82007250096947,147.74028660013937,144.04460659267147,145.0577850341797,38500,0.0,0.0
2023-10-12 00:00:00-04:00,145.0770787781529,145.0770787781529,143.6296853007133,144.19898986816406,36000,0.0,0.0
2023-10-13 00:00:00-04:00,144.36301900300214,144.36301900300214,140.7348914966382,140.8217315673828,36100,0.0,0.0
2023-10-16 00:00:00-04:00,142.00862853104044,145.39552472094906,141.1112514428108,142.93496704101562,34000,0.0,0.0
2023-10-17 00:00:00-04:00,142.52003225880236,146.7946760420582,142.52003225880236,145.0384979248047,32200,0.0,0.0
2023-10-18 00:00:00-04:00,144.00601133364077,144.00601133364077,140.82174264307005,140.98577880859375,31300,0.0,0.0
2023-10-19 00:00:00-04:00,141.5937113825233,142.0665172516057,138.14890718614842,138.2936553955078,42900,0.0,0.0
2023-10-20 00:00:00-04:00,139.37434565561043,139.37434565561043,136.68218552857226,136.87518310546875,46600,0.0,0.0
2023-10-23 00:00:00-04:00,135.52428513289922,139.29716133573507,135.51464114269896,138.22608947753906,56500,0.0,0.0
2023-10-24 00:00:00-04:00,139.61557601570837,140.0015417169879,137.34798703065994,139.36468505859375,34400,0.0,0.0
2023-10-25 00:00:00-04:00,137.9173092958223,139.83752350673086,137.3287166790984,138.0620574951172,45100,0.0,0.0
2023-10-26 00:00:00-04:00,138.85328746836672,141.84457347880806,137.90766110112978,140.65771484375,41500,0.0,0.0
2023-10-27 00:00:00-04:00,139.97259829179367,140.87963390697846,138.67959696632298,139.8568115234375,39800,0.0,0.0
2023-10-30 00:00:00-04:00,141.49720695565466,143.43670920536326,140.77351010855665,142.73231506347656,27100,0.0,0.0
2023-10-31 00:00:00-04:00,141.91211869233837,144.11215569017892,141.53578223810268,143.349853515625,24200,0.0,0.0
2023-11-01 00:00:00-04:00,144.44023542292555,147.51836152434495,144.0446109689643,147.29641723632812,44400,0.0,0.0
2023-11-02 00:00:00-04:00,149.84382462012627,153.18248558755818,149.84382462012627,152.96055603027344,49400,0.0,0.0
2023-11-03 00:00:00-04:00,154.64918399575157,158.67293639420322,154.64918399575157,157.11940002441406,62900,0.0,0.0
2023-11-06 00:00:00-05:00,156.77202431585422,156.77202431585422,154.1763628092049,155.3246307373047,59300,0.0,0.0
2023-11-07 00:00:00-05:00,153.9254843829152,155.40182463430017,151.0113945632895,151.16578674316406,58300,0.0,0.0
2023-11-08 00:00:00-05:00,152.81579729106232,154.23424406435646,151.6096360704821,153.38511657714844,30500,0.0,0.0
2023-11-09 00:00:00-05:00,154.89042063316077,154.89042063316077,149.67015075683594,149.67015075683594,25400,0.0,0.0
2023-11-10 00:00:00-05:00,151.2622653335157,153.31756882315457,150.49997789892726,152.5938720703125,30000,0.0,0.0
2023-11-13 00:00:00-05:00,151.43596886149402,152.90266515366255,151.24298599444134,152.2465057373047,26100,0.0,0.0
2023-11-14 00:00:00-05:00,156.347458317469,160.13963727424664,155.295689149485,159.9659423828125,42800,0.0,0.0
2023-11-15 00:00:00-05:00,159.42557717048817,163.47827619385492,159.42557717048817,161.4808807373047,65400,0.0,0.0
2023-11-16 00:00:00-05:00,161.48089360492693,161.48089360492693,156.6176426104392,157.32203674316406,46200,0.0,0.0
2023-11-17 00:00:00-05:00,158.76942397677223,159.89840395456667,157.90099369624494,158.18081665039062,43000,0.0,0.0
2023-11-20 00:00:00-05:00,157.77554236124783,162.38790200424285,157.7080049846033,161.46157836914062,49000,0.0,0.0
2023-11-21 00:00:00-05:00,160.78612568052293,161.17209139514202,158.0167694091797,158.0167694091797,27000,0.0,0.0
2023-11-22 00:00:00-05:00,159.76330695018248,160.12032598057692,158.0167730338009,159.0878448486328,27200,0.0,0.0
2023-11-24 00:00:00-05:00,159.54138536981074,160.20718885262644,159.22295697700102,159.41595458984375,12600,0.0,0.0
2023-11-27 00:00:00-05:00,159.7825912646761,159.879090055155,157.31237535435812,158.0167694091797,39100,0.0,0.0
2023-11-28 00:00:00-05:00,158.00712010942573,158.2579963431321,156.04831546244955,156.40533447265625,30900,0.0,0.0
2023-11-29 00:00:00-05:00,158.21941488935852,161.0466498917431,157.28343254844825,158.4702911376953,33700,0.0,0.0
2023-11-30 00:00:00-05:00,158.9913829351343,162.5326712104272,158.9913829351343,160.0238494873047,53300,0.0,0.0
2023-12-01 00:00:00-05:00,160.0817193450597,163.8352926630594,159.27118249780105,162.7835235595703,42800,0.0,0.0
2023-12-04 00:00:00-05:00,162.93793121724892,165.56253959228044,161.5677336385214,165.19586181640625,46000,0.0,0.0
2023-12-05 00:00:00-05:00,164.19234191014615,165.5335927924231,162.42651986105065,163.9897003173828,47600,0.0,0.0
2023-12-06 00:00:00-05:00,164.8002515064898,167.7625912163485,160.81510392458216,161.0273895263672,46600,0.0,0.0
2023-12-07 00:00:00-05:00,162.18527043363156,166.53709498608842,159.69575181077087,166.51780700683594,67600,0.0,0.0
2023-12-08 00:00:00-05:00,165.71690938503195,169.5959133084015,164.8195177715987,166.0835723876953,58700,0.0,0.0
2023-12-11 00:00:00-05:00,165.00287251047752,165.8713027921256,164.4432118778146,164.85813903808594,84200,0.0,0.0
2023-12-12 00:00:00-05:00,165.0028621590305,166.1800767394605,162.79318118513066,165.2537384033203,48900,0.0,0.0
2023-12-13 00:00:00-05:00,166.40201898219937,171.87316516738048,165.1958576171158,171.42930603027344,82400,0.0,0.0
2023-12-14 00:00:00-05:00,174.5460206088114,178.43948763443703,172.26430394848694,176.96365356445312,80900,1.1,0.0
2023-12-15 00:00:00-05:00,177.05105491142774,177.05105491142774,173.4488581445914,173.74984741210938,109700,0.0,0.0
2023-12-18 00:00:00-05:00,173.96345281481877,176.05098432152872,172.9342579878234,175.68202209472656,59400,0.0,0.0
2023-12-19 00:00:00-05:00,176.85685410125333,179.9250304688392,176.0315633417124,179.66287231445312,58300,0.0,0.0
2023-12-20 00:00:00-05:00,178.59487120398316,183.38160272122454,178.11910483027793,178.47836303710938,89000,0.0,0.0
2023-12-21 00:00:00-05:00,179.74053390680922,182.95434518654298,179.23565542037727,182.94464111328125,49900,0.0,0.0
2023-12-22 00:00:00-05:00,184.11949118587003,184.4496074708755,182.0125516275054,182.79901123046875,39400,0.0,0.0
2023-12-26 00:00:00-05:00,183.81852596686346,186.8381377405084,183.0514744107114,185.1195831298828,54600,0.0,0.0
2023-12-27 00:00:00-05:00,186.42062263093246,192.4113252365913,185.1583967021262,189.25576782226562,74400,0.0,0.0
2023-12-28 00:00:00-05:00,187.61487913910375,189.09071324444,187.03232357160962,187.11000061035156,29500,0.0,0.0
2023-12-29 00:00:00-05:00,188.02266312266912,188.02266312266912,185.58560726688202,185.6632843017578,42400,0.0,0.0
2024-01-02 00:00:00-05:00,183.61460299627223,184.8379829888875,180.72120375415557,181.55621337890625,60600,0.0,0.0
2024-01-03 00:00:00-05:00,181.35230952025185,181.52708655676352,177.98314398044377,178.05111694335938,50200,0.0,0.0
2024-01-04 00:00:00-05:00,178.8375688806613,180.80857730515845,178.24529446443344,179.0414581298828,57300,0.0,0.0
2024-01-05 00:00:00-05:00,178.52686088114535,184.0029658093245,178.52686088114535,181.44940185546875,65100,0.0,0.0
2024-01-08 00:00:00-05:00,181.42028166709892,181.9640061064585,179.23566502049934,179.79879760742188,45700,0.0,0.0
2024-01-09 00:00:00-05:00,177.79868232783204,178.7016650153054,176.565598125,177.67247009277344,37800,0.0,0.0
2024-01-10 00:00:00-05:00,176.95393865616595,178.79872001915956,175.93444798066778,177.68214416503906,56600,0.0,0.0
2024-01-11 00:00:00-05:00,177.42972287734818,178.1385054960712,172.37111491169853,174.86643981933594,45900,0.0,0.0
2024-01-12 00:00:00-05:00,177.6724581436474,177.6724581436474,172.66240017787808,173.3323516845703,51800,0.0,0.0
2024-01-16 00:00:00-05:00,171.57495814246502,174.42951169705634,171.34192701304934,174.31300354003906,45500,0.0,0.0
2024-01-17 00:00:00-05:00,172.08954694101695,175.41986666169066,172.08954694101695,175.283935546875,34000,0.0,0.0
2024-01-18 00:00:00-05:00,175.74028278476598,177.83751844440815,174.09939048112133,177.75013732910156,55900,0.0,0.0
2024-01-19 00:00:00-05:00,178.8958452249354,180.83772685559956,177.19669879810428,180.23574829101562,47400,0.0,0.0
2024-01-22 00:00:00-05:00,181.86691351365135,184.0321072854856,181.86691351365135,182.97378540039062,47000,0.0,0.0
2024-01-23 00:00:00-05:00,184.10979068036133,184.10979068036133,180.2745774641628,181.0901641845703,49000,0.0,0.0
2024-01-24 00:00:00-05:00,182.14849444900042,182.80872706147466,178.57542471001284,178.5851287841797,37000,0.0,0.0
2024-01-25 00:00:00-05:00,181.14842850513185,181.97371927921856,178.38124135492333,181.68243408203125,41400,0.0,0.0
2024-01-26 00:00:00-05:00,182.44947160656767,183.70197859844748,182.4009216081954,183.6728515625,29900,0.0,0.0
2024-01-29 00:00:00-05:00,183.7796752475811,186.44976247386086,182.50774515752335,186.14877319335938,47400,0.0,0.0
2024-01-30 00:00:00-05:00,185.16812069508816,187.41099150247481,184.6729314207329,187.3527374267578,25100,0.0,0.0
2024-01-31 00:00:00-05:00,187.39155992107595,187.39155992107595,180.5852707725052,180.8765411376953,51500,0.0,0.0
2024-02-01 00:00:00-05:00,181.05132500109093,183.45925394155654,177.31319714277245,183.16796875,91900,0.0,0.0
2024-02-02 00:00:00-05:00,181.255235525576,185.4302842532706,181.255235525576,182.81845092773438,41300,0.0,0.0
2024-02-05 00:00:00-05:00,180.50759884499092,182.89610479942252,179.35217697910613,182.04168701171875,46800,0.0,0.0
2024-02-06 00:00:00-05:00,181.47852297842792,183.5369124442169,180.3425241799286,180.7114715576172,49000,0.0,0.0
2024-02-07 00:00:00-05:00,179.6240426587484,179.915327853163,176.0995229186307,177.26466369628906,42700,0.0,0.0
2024-02-08 00:00:00-05:00,176.6529602788756,178.012271386206,175.817950651407,176.3034210205078,54900,0.0,0.0
2024-02-09 00:00:00-05:00,177.0025102972463,180.0706867721696,176.43936285700994,178.65310668945312,61100,0.0,0.0
2024-02-12 00:00:00-05:00,179.19681360455837,183.34273455072616,178.94437435555537,181.90574645996094,56300,0.0,0.0
2024-02-13 00:00:00-05:00,176.78890531139245,179.090030301218,172.82746500972823,175.623779296875,100900,0.0,0.0
2024-02-14 00:00:00-05:00,177.2937978461084,178.81816721393025,175.17713917614364,178.4686279296875,83200,0.0,0.0
2024-02-15 00:00:00-05:00,179.89590674554645,183.769965795857,179.5269445077891,182.77960205078125,86100,0.0,0.0
2024-02-16 00:00:00-05:00,180.80858759616527,182.1873216829074,179.3424723976405,179.62403869628906,80700,0.0,0.0
2024-02-20 00:00:00-05:00,177.57535975529015,179.5560724399221,177.57535975529015,179.28421020507812,48800,0.0,0.0
2024-02-21 00:00:00-05:00,179.21624881668822,180.16776662145392,177.7889647018495,179.67259216308594,78000,0.0,0.0
2024-02-22 00:00:00-05:00,179.61433707999538,182.2261552875327,179.61433707999538,181.19696044921875,70300,0.0,0.0
2024-02-23 00:00:00-05:00,185.43998459777532,186.42062945040976,173.22554782781427,175.3130645751953,158500,0.0,0.0
2024-02-26 00:00:00-05:00,174.09938569490373,176.507314636788,170.15736857093938,172.19635009765625,125000,0.0,0.0
2024-02-27 00:00:00-05:00,174.9732511043302,176.01215007424884,172.8662964944588,175.41017150878906,78400,0.0,0.0
2024-02-28 00:00:00-05:00,174.1964786668053,175.3033504983954,170.56515502929688,170.56515502929688,75500,0.0,0.0
2024-02-29 00:00:00-05:00,172.83715529040927,174.19648121167768,170.739934557807,173.6721649169922,102400,0.0,0.0
2024-03-01 00:00:00-05:00,172.91483372488,176.94424670594006,171.6137766822447,175.8859100341797,86000,0.0,0.0
2024-03-04 00:00:00-05:00,177.38118272382985,192.2268615058613,177.22582863523266,189.0615997314453,165700,0.0,0.0
2024-03-05 00:00:00-05:00,187.3430136429047,193.60557848033957,187.3430136429047,192.77056884765625,91900,0.0,0.0
2024-03-06 00:00:00-05:00,186.4303456043199,188.78973955267531,175.93447748033674,176.35198974609375,242100,0.0,0.0
2024-03-07 00:00:00-05:00,177.70155982381598,179.4395370481331,176.3616570016349,177.13841247558594,97600,0.0,0.0
2024-03-08 00:00:00-05:00,178.39093548520253,180.42991693647483,177.92488808490992,179.77938842773438,62600,0.0,0.0
2024-03-11 00:00:00-04:00,179.77940054986877,184.03211114312694,179.77940054986877,182.80873107910156,55600,0.0,0.0
2024-03-12 00:00:00-04:00,182.44947537707253,185.71183680902485,181.4299846517037,185.70211791992188,77600,0.0,0.0
2024-03-13 00:00:00-04:00,185.49822742454765,189.43054030161971,185.18751928292377,188.31394958496094,79700,0.0,0.0
2024-03-14 00:00:00-04:00,188.34330560155848,188.34330560155848,179.95206096782996,180.8713836669922,78100,1.4,0.0
2024-03-15 00:00:00-04:00,180.10854842560553,185.53645336442068,180.10854842560553,184.1085662841797,332600,0.0,0.0
2024-03-18 00:00:00-04:00,183.639140452107,184.49977066186057,179.99118819231853,180.82249450683594,75200,0.0,0.0
2024-03-19 00:00:00-04:00,178.79802258425332,183.42395983966617,178.79802258425332,182.33837890625,38300,0.0,0.0
2024-03-20 00:00:00-04:00,181.5853241460761,188.43132663198085,181.41906587647625,187.66848754882812,47100,0.0,0.0
2024-03-21 00:00:00-04:00,187.6684852119968,189.63426052901252,186.49488778507543,187.80540466308594,71800,0.0,0.0
2024-03-22 00:00:00-04:00,189.02789994355874,189.02789994355874,184.53888207321597,185.4093017578125,35900,0.0,0.0
2024-03-25 00:00:00-04:00,185.91787820042842,187.74673413556891,185.42887801044634,185.8494110107422,46600,0.0,0.0
2024-03-26 00:00:00-04:00,187.25771470526476,187.25771470526476,183.94229435476254,185.82005310058594,44600,0.0,0.0
2024-03-27 00:00:00-04:00,187.44355024910345,191.21863218870087,186.5340021655971,190.82742309570312,47300,0.0,0.0
2024-03-28 00:00:00-04:00,190.9545607719546,192.55848068548386,188.99856014945058,192.5487060546875,83400,0.0,0.0
2024-04-01 00:00:00-04:00,192.54870964594264,192.6758395410682,186.69048229996426,187.05233764648438,48700,0.0,0.0
2024-04-02 00:00:00-04:00,185.3408515081138,185.3408515081138,183.27727005520475,184.14768981933594,48900,0.0,0.0
2024-04-03 00:00:00-04:00,182.76870210565093,185.5559940261017,182.53397665970863,182.8078155517578,40600,0.0,0.0
2024-04-04 00:00:00-04:00,184.67580949256944,185.8298427525499,178.44595198410624,180.0596466064453,53300,0.0,0.0
2024-04-05 00:00:00-04:00,179.95205496465027,183.01320067503886,179.88358778065168,182.6415557861328,44800,0.0,0.0
2024-04-08 00:00:00-04:00,184.26504740761433,185.19414474481766,182.78825734529977,185.01809692382812,32700,0.0,0.0
2024-04-09 00:00:00-04:00,185.30172005930388,189.0670272246807,184.14767193268355,186.36773681640625,48500,0.0,0.0
2024-04-10 00:00:00-04:00,182.28947139124153,183.1403268585112,178.09385676083258,180.41171264648438,53400,0.0,0.0
2024-04-11 00:00:00-04:00,179.56085094579967,181.45815888563865,178.31878645621944,181.29190063476562,41300,0.0,0.0
2024-04-12 00:00:00-04:00,178.9447131918644,180.4410524328252,176.78332599764323,177.9080352783203,35400,0.0,0.0
2024-04-15 00:00:00-04:00,177.9080411673009,179.95205824737093,175.12073429585956,175.365234375,42000,0.0,0.0
2024-04-16 00:00:00-04:00,174.83712780848188,175.3554668032779,172.94957936151997,173.40924072265625,41500,0.0,0.0
2024-04-17 00:00:00-04:00,175.77599380789079,176.9007031327761,174.7295412226886,175.95204162597656,44000,0.0,0.0
2024-04-18 00:00:00-04:00,175.88357128301047,177.4483777403694,175.48258757638592,176.3921356201172,38300,0.0,0.0
2024-04-19 00:00:00-04:00,176.0596149040686,179.81513240455052,176.0596149040686,179.2185516357422,32600,0.0,0.0
2024-04-22 00:00:00-04:00,179.93250139180063,183.01321146831785,179.78580730758125,182.14279174804688,42800,0.0,0.0
2024-04-23 00:00:00-04:00,184.72470404129672,187.3653019038703,184.55844577872693,186.71981811523438,43500,0.0,0.0
2024-04-24 00:00:00-04:00,185.4386455662818,186.7100489963435,182.690466991139,186.14280700683594,33600,0.0,0.0
2024-04-25 00:00:00-04:00,184.26503594383115,185.3799556637322,182.40682646192946,184.93006896972656,35000,0.0,0.0
2024-04-26 00:00:00-04:00,185.91785947943245,188.51932888662506,183.66845584739823,186.827392578125,32300,0.0,0.0
2024-04-29 00:00:00-04:00,186.40686382895683,188.7638332189951,185.42886352539062,185.42886352539062,48100,0.0,0.0
2024-04-30 00:00:00-04:00,185.52665536443686,185.52665536443686,181.9080572109889,182.0352020263672,39600,0.0,0.0
2024-05-01 00:00:00-04:00,183.66845538279242,188.36285970666282,181.2821323143108,185.70269775390625,42700,0.0,0.0
2024-05-02 00:00:00-04:00,187.61958442563977,189.83964940882197,186.71005125904378,189.09637451171875,30000,0.0,0.0
2024-05-03 00:00:00-04:00,190.71007421041543,192.4998166976238,189.1257183692906,189.94723510742188,33500,0.0,0.0
2024-05-06 00:00:00-04:00,182.338377030166,187.18925012692358,180.93005422042987,181.16477966308594,71300,0.0,0.0
2024-05-07 00:00:00-04:00,180.55841154990043,181.55597603955798,169.42877822571057,169.4385528564453,98900,0.0,0.0
2024-05-08 00:00:00-04:00,167.46298220642296,175.44346799844823,167.46298220642296,175.0718231201172,89000,0.0,0.0
2024-05-09 00:00:00-04:00,175.15006648289008,176.3138892032494,172.79308222763296,174.34811401367188,38200,0.0,0.0
2024-05-10 00:00:00-04:00,174.1916512128181,176.43126555457764,174.1916512128181,175.5510711669922,34900,0.0,0.0
2024-05-13 00:00:00-04:00,177.2136641873875,177.2136641873875,172.46058178883013,172.6170654296875,37500,0.0,0.0
2024-05-14 00:00:00-04:00,175.1011687251273,176.9202498964582,173.8786683391012,176.861572265625,44500,0.0,0.0
2024-05-15 00:00:00-04:00,178.2307754354775,178.95448608797903,176.79311383780575,178.39703369140625,46300,0.0,0.0
2024-05-16 00:00:00-04:00,178.81757886092197,178.81757886092197,176.11830329065896,177.4092559814453,30200,0.0,0.0
2024-05-17 00:00:00-04:00,178.30903527453825,178.475293547275,177.32124534643563,177.83958435058594,27700,0.0,0.0
2024-05-20 00:00:00-04:00,177.84937324674004,177.99606733299373,175.3261305014672,175.70755004882812,44400,0.0,0.0
2024-05-21 00:00:00-04:00,175.06204797963485,176.56816182625664,174.26008059675198,176.26498413085938,36800,0.0,0.0
2024-05-22 00:00:00-04:00,175.38480242617103,176.0302862308757,172.2160759583398,172.30409240722656,36800,0.0,0.0
2024-05-23 00:00:00-04:00,172.2845421518969,172.2845421518969,169.06691270108863,170.8273162841797,43100,0.0,0.0
2024-05-24 00:00:00-04:00,171.9226646205515,172.3921155049505,171.00335688224544,171.89332580566406,27300,0.0,0.0
2024-05-28 00:00:00-04:00,173.19407785282053,173.19407785282053,169.0375763784513,169.91778564453125,40200,0.0,0.0
2024-05-29 00:00:00-04:00,168.16714719211674,169.74172825885492,167.62924404700118,168.1475830078125,39200,0.0,0.0
2024-05-30 00:00:00-04:00,169.25272413745955,171.8542084341134,168.95932107218812,171.7466278076172,58500,0.0,0.0
2024-05-31 00:00:00-04:00,172.27475259778757,172.27475259778757,169.43855760282474,170.8273162841797,61000,0.0,0.0
2024-06-03 00:00:00-04:00,171.15007074679747,172.24542642418436,170.09382851941643,171.5021514892578,36200,0.0,0.0
2024-06-04 00:00:00-04:00,169.96667856155813,171.38479104342608,169.01803192730438,169.878662109375,32200,0.0,0.0
2024-06-05 00:00:00-04:00,171.05225914473175,172.0693878888528,168.1280475823618,171.96180725097656,35600,0.0,0.0
2024-06-06 00:00:00-04:00,172.48013771791145,172.48013771791145,169.72216964145738,170.6610565185547,37000,0.0,0.0
2024-06-07 00:00:00-04:00,169.49724212639552,170.3970006780904,168.13782220589653,170.29920959472656,42600,0.0,0.0
2024-06-10 00:00:00-04:00,168.8615514924957,169.21363223101562,166.37742213652123,167.77597045898438,49700,0.0,0.0
2024-06-11 00:00:00-04:00,167.09135627773435,167.5607922406071,165.5167752067297,166.83706665039062,33500,0.0,0.0
2024-06-12 00:00:00-04:00,171.43366392672831,174.44590660470502,170.40677556275224,170.65127563476562,41700,0.0,0.0
2024-06-13 00:00:00-04:00,169.3603263678157,170.0840520313915,167.55103459352875,169.55592346191406,35200,0.0,0.0
2024-06-14 00:00:00-04:00,167.18961794311042,168.1361332327883,166.79522403525357,167.08116149902344,27200,1.4,0.0
2024-06-17 00:00:00-04:00,167.02199281244359,171.70531332273774,166.80507992208385,171.62644958496094,31800,0.0,0.0
2024-06-18 00:00:00-04:00,172.05040880334255,174.49559091654393,171.01514545492026,172.2771759033203,44500,0.0,0.0
2024-06-20 00:00:00-04:00,171.45882243534138,174.15051010285214,170.33482611684536,172.16871643066406,48100,0.0,0.0
2024-06-21 00:00:00-04:00,172.28703912350082,173.61807905809022,171.74475690810996,172.10955810546875,83800,0.0,0.0
2024-06-24 00:00:00-04:00,173.3715815530188,176.3294680150932,172.80959094841072,175.6885986328125,52300,0.0,0.0
2024-06-25 00:00:00-04:00,176.201315929597,176.58584059573852,173.51949747280878,174.1505126953125,45100,0.0,0.0
2024-06-26 00:00:00-04:00,172.66169077305676,175.67873261270884,171.25177208828148,174.71249389648438,48700,0.0,0.0
2024-06-27 00:00:00-04:00,175.78719498426966,177.29573099958063,174.13078570057112,175.76748657226562,44400,0.0,0.0
2024-06-28 00:00:00-04:00,177.50277394069178,179.25778545587585,175.08716955582284,178.2816925048828,345300,0.0,0.0
2024-07-01 00:00:00-04:00,177.92675128219864,180.36206415799182,176.48723980162734,178.7943878173828,58000,0.0,0.0
2024-07-02 00:00:00-04:00,177.74925479695037,180.42121883703413,177.74925479695037,180.02682495117188,32600,0.0,0.0
2024-07-03 00:00:00-04:00,180.4310826080076,181.7325599334682,178.70564875793104,178.9225616455078,21800,0.0,0.0
2024-07-05 00:00:00-04:00,178.7943877107673,180.42123442187332,177.9957607092197,178.9915771484375,43900,0.0,0.0
2024-07-08 00:00:00-04:00,180.43108270899856,183.073454185192,178.72537231445312,178.72537231445312,55200,0.0,0.0
2024-07-09 00:00:00-04:00,178.21267022471707,180.66772155423843,177.89715509475587,180.5099639892578,27700,0.0,0.0
2024-07-10 00:00:00-04:00,180.43108089384629,185.13412475585938,180.43108089384629,185.13412475585938,34700,0.0,0.0
2024-07-11 00:00:00-04:00,188.08213394662027,193.40633857286184,186.001753212444,192.706298828125,69700,0.0,0.0
2024-07-12 00:00:00-04:00,194.22470002887698,199.29254515687623,193.92890835868775,197.13328552246094,77600,0.0,0.0
2024-07-15 00:00:00-04:00,199.26297223652261,202.5067813460446,197.47836796692567,201.49124145507812,59900,0.0,0.0
2024-07-16 00:00:00-04:00,202.72368018135634,208.90566713283206,202.63494719771802,208.45211791992188,61500,0.0,0.0
2024-07-17 00:00:00-04:00,206.05625486631462,210.65082749117656,205.63228327805004,209.59585571289062,69400,0.0,0.0
2024-07-18 00:00:00-04:00,209.1817506190057,212.8791089866581,206.64782046297148,208.40283203125,52800,0.0,0.0
2024-07-19 00:00:00-04:00,208.4817112946612,208.5901677421454,206.44077729420914,206.92388916015625,35700,0.0,0.0
2024-07-22 00:00:00-04:00,206.87460011326195,209.03384473647384,204.34066998778846,206.91403198242188,59100,0.0,0.0
2024-07-23 00:00:00-04:00,206.4802047646878,212.97769213525154,204.66603790414072,211.94244384765625,52400,0.0,0.0
2024-07-24 00:00:00-04:00,211.42972582380915,212.7410572884779,204.16318959358532,204.20262145996094,52300,0.0,0.0
2024-07-25 00:00:00-04:00,205.08013486333022,214.545377874858,205.08013486333022,209.7042999267578,53500,0.0,0.0
2024-07-26 00:00:00-04:00,212.90868846494902,213.3720919212122,209.5564078229475,212.1593475341797,49200,0.0,0.0
2024-07-29 00:00:00-04:00,207.1999524687941,209.12259081447718,202.88144821816587,203.45330810546875,71400,0.0,0.0
2024-07-30 00:00:00-04:00,203.93641984746503,207.07178749755622,203.256103515625,203.256103515625,41600,0.0,0.0
2024-07-31 00:00:00-04:00,204.7744999732902,206.94361389174256,202.5856625975584,203.32513427734375,48500,0.0,0.0
2024-08-01 00:00:00-04:00,202.9208887386075,202.9208887386075,193.97821893343865,195.63462829589844,47100,0.0,0.0
2024-08-02 00:00:00-04:00,191.7302182192918,192.77533575608248,188.52584103272935,192.05557250976562,35200,0.0,0.0
2024-08-05 00:00:00-04:00,185.68625505974518,186.2285372556746,178.13378131720796,184.86790466308594,78300,0.0,0.0
2024-08-06 00:00:00-04:00,182.915722754706,184.28620969482455,172.1687250900142,173.77584838867188,136100,0.0,0.0
2024-08-07 00:00:00-04:00,175.68859914785182,179.86906906463554,172.93775630508884,173.07579040527344,79600,0.0,0.0
2024-08-08 00:00:00-04:00,174.79137842838682,177.14782749560354,173.37159044662474,176.26046752929688,32900,0.0,0.0
2024-08-09 00:00:00-04:00,175.87594083506679,175.87594083506679,171.46868862795122,172.35604858398438,52200,0.0,0.0
2024-08-12 00:00:00-04:00,173.98289438821317,175.65902709960938,172.01097001137316,175.65902709960938,50900,0.0,0.0
2024-08-13 00:00:00-04:00,177.64081130623816,177.64081130623816,175.59987733478084,176.91119384765625,51400,0.0,0.0
2024-08-14 00:00:00-04:00,177.92674551054282,179.6718877751743,177.55207505968693,178.2816925048828,25400,0.0,0.0
2024-08-15 00:00:00-04:00,182.55089510233125,183.58615842005912,179.47469785613575,179.6620330810547,32100,0.0,0.0
2024-08-16 00:00:00-04:00,179.41554200991848,182.1663699171428,179.41554200991848,181.33816528320312,38100,0.0,0.0
2024-08-19 00:00:00-04:00,182.817116684453,184.9566529393054,182.817116684453,184.91722106933594,38700,0.0,0.0
2024-08-20 00:00:00-04:00,183.79321598998865,184.4340853975408,182.75795267852135,183.65518188476562,28200,0.0,0.0
2024-08-21 00:00:00-04:00,184.01998830164862,187.83565728215217,183.1129048637977,186.58349609375,48600,0.0,0.0
2024-08-22 00:00:00-04:00,187.76665065911325,188.0328646753583,186.06094020306278,186.83984375,23400,0.0,0.0
2024-08-23 00:00:00-04:00,188.03285712771265,194.76696569105545,188.03285712771265,191.50343322753906,38900,0.0,0.0
2024-08-26 00:00:00-04:00,193.25844506346917,193.25844506346917,189.92590306369556,190.2216796875,41800,0.0,0.0
2024-08-27 00:00:00-04:00,189.92589988787864,192.0752902227261,189.79771998998058,191.29638671875,49500,0.0,0.0
2024-08-28 00:00:00-04:00,191.29639582033988,192.30206646148557,188.80191258535498,191.27667236328125,35200,0.0,0.0
2024-08-29 00:00:00-04:00,193.30775782246792,195.2895515888282,191.86826135130855,192.72604370117188,40600,0.0,0.0
2024-08-30 00:00:00-04:00,192.40065859304508,194.6979522705078,191.97670207839272,194.6979522705078,19300,0.0,0.0
2024-09-03 00:00:00-04:00,192.41050524545798,193.67253557874471,187.40183082280726,188.3089141845703,41200,0.0,0.0
2024-09-04 00:00:00-04:00,188.476535611931,189.5808084490612,185.7749937987071,185.97218322753906,40900,0.0,0.0
2024-09-05 00:00:00-04:00,187.33282535634143,187.7765053548464,185.10455611289203,185.36090087890625,26800,0.0,0.0
2024-09-06 00:00:00-04:00,185.28200467359505,185.60737398713027,181.20997619628906,181.20997619628906,34800,0.0,0.0
2024-09-09 00:00:00-04:00,180.75645502539788,183.21150636147365,179.080322265625,179.080322265625,54100,0.0,0.0
2024-09-10 00:00:00-04:00,178.804262649035,181.39733317382837,176.34921119487012,180.1944580078125,44900,0.0,0.0
2024-09-11 00:00:00-04:00,178.49859579444845,179.99726259900928,175.50127722991655,179.73104858398438,38000,0.0,0.0
2024-09-12 00:00:00-04:00,180.8747676221887,184.47353877924252,179.44512540126144,182.24525451660156,54100,0.0,0.0
2024-09-13 00:00:00-04:00,184.28619938271822,187.38212010523048,184.15801948177497,185.8341522216797,42200,0.0,0.0
2024-09-16 00:00:00-04:00,186.60896312792704,186.60896312792704,184.53288494051196,185.4368133544922,27500,1.4,0.0
2024-09-17 00:00:00-04:00,187.58244267748378,188.48638629691965,184.12562149691692,184.14549255371094,42200,0.0,0.0
2024-09-18 00:00:00-04:00,184.08588457517664,188.86385036615067,181.5131209393507,185.21829223632812,37100,0.0,0.0
2024-09-19 00:00:00-04:00,189.47971443908335,189.47971443908335,185.6851461719894,187.095703125,22300,0.0,0.0
2024-09-20 00:00:00-04:00,187.15531429284218,187.15531429284218,181.98000287068265,182.12901306152344,139100,0.0,0.0
2024-09-23 00:00:00-04:00,182.73495095400332,184.42362701195856,182.46674473697342,183.08261108398438,25300,0.0,0.0
2024-09-24 00:00:00-04:00,182.4468708432835,182.4468708432835,180.23172549271212,180.2416534423828,38500,0.0,0.0
2024-09-25 00:00:00-04:00,180.24165302079743,180.41051910785475,177.97683761281982,178.41390991210938,39600,0.0,0.0
2024-09-26 00:00:00-04:00,180.70852394860603,183.78788593649332,180.22178158774608,183.53955078125,40900,0.0,0.0
2024-09-27 00:00:00-04:00,185.5262373010887,186.16197471031026,183.32101984721942,184.61236572265625,38900,0.0,0.0
2024-09-30 00:00:00-04:00,183.43028529960696,186.38050819817576,182.3376045382203,186.16197204589844,45600,0.0,0.0
2024-10-01 00:00:00-04:00,185.01961423757865,185.04941324293029,181.07605085284843,182.05946350097656,32900,0.0,0.0
2024-10-02 00:00:00-04:00,181.115795557182,184.2050854659764,180.50985717773438,180.50985717773438,37700,0.0,0.0
2024-10-03 00:00:00-04:00,179.2582592788074,180.98666229871162,178.6324498228143,180.84759521484375,42400,0.0,0.0
2024-10-04 00:00:00-04:00,183.3706856121082,184.9997636323691,182.3276749234321,184.52294921875,33200,0.0,0.0
2024-10-07 00:00:00-04:00,183.06273299905644,184.0759446578007,180.3608605043629,181.65219116210938,24000,0.0,0.0
2024-10-08 00:00:00-04:00,182.78459352555902,182.78459352555902,181.15551559083892,181.8607940673828,20400,0.0,0.0
2024-10-09 00:00:00-04:00,181.19525770180792,183.6488101316303,181.15551559083892,181.8607940673828,27500,0.0,0.0
2024-10-10 00:00:00-04:00,181.12572453870706,181.83100304621692,180.29132205781437,181.49327087402344,26000,0.0,0.0
2024-10-11 00:00:00-04:00,181.95019054634034,184.12560882168088,181.9005204863623,183.98654174804688,27100,0.0,0.0
2024-10-14 00:00:00-04:00,183.63887537920985,184.62228804857594,182.85414295937832,184.6024169921875,20600,0.0,0.0
2024-10-15 00:00:00-04:00,183.76800681231336,188.68503963882958,183.76800681231336,185.1884765625,46700,0.0,0.0
2024-10-16 00:00:00-04:00,187.1751570683488,189.98631271140403,186.74802789700675,188.4863739013672,40600,0.0,0.0
2024-10-17 00:00:00-04:00,188.58571566883964,188.73471069335938,186.39042631214434,188.73471069335938,27000,0.0,0.0
2024-10-18 00:00:00-04:00,188.7843815582754,188.7843815582754,185.97322587868857,186.82749938964844,51900,0.0,0.0
2024-10-21 00:00:00-04:00,186.38050404840638,186.7480352248828,180.9866566386376,182.1190643310547,56300,0.0,0.0
2024-10-22 00:00:00-04:00,180.48999073819954,185.20835876464844,180.48999073819954,185.20835876464844,64700,0.0,0.0
2024-10-23 00:00:00-04:00,183.09255519096433,186.49970633213383,183.09255519096433,184.06602478027344,78100,0.0,0.0
2024-10-24 00:00:00-04:00,183.36073818810289,184.32427978515625,181.66213424574985,184.32427978515625,50700,0.0,0.0
2024-10-25 00:00:00-04:00,185.65535316880985,185.65535316880985,180.66879424065397,182.1985321044922,30700,0.0,0.0
2024-10-28 00:00:00-04:00,183.6388728050615,185.3176208527418,183.22167156980203,184.7613525390625,28700,0.0,0.0
2024-10-29 00:00:00-04:00,183.19187350517967,184.3540802001953,182.7647443182587,184.3540802001953,54100,0.0,0.0
2024-10-30 00:00:00-04:00,183.35081081343787,186.25136356313345,183.35081081343787,184.87062072753906,42500,0.0,0.0
2024-10-31 00:00:00-04:00,184.9202991621688,185.75470167099016,182.03960218098717,182.04954528808594,61000,0.0,0.0
2024-11-01 00:00:00-04:00,183.9766240374761,184.40375323127444,181.7217365721179,183.1322784423828,64800,0.0,0.0
2024-11-04 00:00:00-05:00,181.72173722769733,184.36402694049744,178.80131335114726,181.00653076171875,59500,0.0,0.0
2024-11-05 00:00:00-05:00,179.39731346333136,193.0756022340217,179.39731346333136,192.22132873535156,66200,0.0,0.0
2024-11-06 00:00:00-05:00,203.65469087648916,212.30667887939381,201.89647379793007,211.72061157226562,105900,0.0,0.0
2024-11-07 00:00:00-05:00,209.8431971215444,210.31999635501884,206.32677814426197,207.73731994628906,60500,0.0,0.0
2024-11-08 00:00:00-05:00,207.30024753464824,208.58165021041106,204.8466950957555,206.3466339111328,68300,0.0,0.0
2024-11-11 00:00:00-05:00,209.89287435062192,212.53516401630904,208.1743993358415,212.058349609375,48700,0.0,0.0
2024-11-12 00:00:00-05:00,211.64114980441855,213.00202160180163,209.59487055495418,210.69747924804688,45900,0.0,0.0
2024-11-13 00:00:00-05:00,212.86295695503057,212.86295695503057,208.39292411957933,208.92933654785156,38700,0.0,0.0
2024-11-14 00:00:00-05:00,209.5948647075778,209.5948647075778,205.86983749121092,206.40623474121094,48600,0.0,0.0
2024-11-15 00:00:00-05:00,207.52872276348106,207.53865071320578,202.9096948932289,204.8665771484375,61000,0.0,0.0
2024-11-18 00:00:00-05:00,205.68110069406092,205.7108996992672,203.60502249309283,205.34336853027344,62100,0.0,0.0
2024-11-19 00:00:00-05:00,202.73087908167943,204.0321528403838,202.73087908167943,203.7639617919922,45000,0.0,0.0
2024-11-20 00:00:00-05:00,202.86002736963331,202.86002736963331,199.85020643327044,200.4263458251953,41900,0.0,0.0
2024-11-21 00:00:00-05:00,201.82693551262983,203.6348226772079,200.75414100464408,202.4825439453125,45600,0.0,0.0
2024-11-22 00:00:00-05:00,202.54215012035084,204.13150120476658,202.29381496073432,203.72422790527344,55500,0.0,0.0
2024-11-25 00:00:00-05:00,206.22744256700994,212.43582131685108,205.13476184416803,209.54519653320312,55100,0.0,0.0
2024-11-26 00:00:00-05:00,208.4227341648099,210.33987426757812,206.43605294386464,210.33987426757812,38000,0.0,0.0
2024-11-27 00:00:00-05:00,210.54848200336852,211.04515230751602,208.78032177600255,209.90280151367188,27900,0.0,0.0
2024-11-29 00:00:00-05:00,212.34642134497474,214.16423643648747,210.66767332923587,212.0484161376953,28100,0.0,0.0
2024-12-02 00:00:00-05:00,211.39281415405316,212.32655675863091,209.10812770486447,211.5418243408203,32500,0.0,0.0
2024-12-03 00:00:00-05:00,210.62793577270168,211.92922470072375,209.71406423254308,211.074951171875,35800,0.0,0.0
2024-12-04 00:00:00-05:00,211.2140177494581,214.7006378173828,209.63459466762146,214.7006378173828,43700,0.0,0.0
2024-12-05 00:00:00-05:00,213.87616974027722,215.22711361043946,211.31334908259404,211.41268920898438,41300,0.0,0.0
2024-12-06 00:00:00-05:00,211.88947835852008,212.6742259109,210.37959642105486,212.376220703125,39000,0.0,0.0
2024-12-09 00:00:00-05:00,211.6908159841911,211.94907908374472,208.86973231642173,209.6544647216797,32700,0.0,0.0
2024-12-10 00:00:00-05:00,209.10813367534914,212.0583566029098,207.47905562420246,210.70741271972656,30000,0.0,0.0
2024-12-11 00:00:00-05:00,213.56823456336775,215.69398289645565,211.20407902348654,215.00857543945312,54100,0.0,0.0
2024-12-12 00:00:00-05:00,214.56156442647801,214.9092396909647,208.55185090994968,209.9723358154297,40300,0.0,0.0
2024-12-13 00:00:00-05:00,209.5749920097018,209.86306926686146,207.4095168136644,208.82998657226562,24500,0.0,0.0
2024-12-16 00:00:00-05:00,209.4600067138672,210.61000061035156,208.4199981689453,210.1300048828125,27200,1.4,0.0
2024-12-17 00:00:00-05:00,208.3300018310547,209.22999572753906,207.42999267578125,209.19000244140625,35400,0.0,0.0
2024-12-18 00:00:00-05:00,209.5800018310547,210.55999755859375,197.67999267578125,199.41000366210938,55000,0.0,0.0
2024-12-19 00:00:00-05:00,201.83999633789062,202.83999633789062,198.4499969482422,199.2899932861328,41500,0.0,0.0
2024-12-20 00:00:00-05:00,197.4600067138672,203.11000061035156,197.4600067138672,199.52999877929688,72300,0.0,0.0
2024-12-23 00:00:00-05:00,198.02999877929688,199.3699951171875,196.16000366210938,197.24000549316406,28600,0.0,0.0
2024-12-24 00:00:00-05:00,196.8000030517578,198.5500030517578,196.52999877929688,198.5500030517578,13600,0.0,0.0
2024-12-26 00:00:00-05:00,196.5399932861328,199.49000549316406,188.75999450683594,198.25999450683594,93700,0.0,0.0
2024-12-27 00:00:00-05:00,197.27000427246094,197.97999572753906,194.22999572753906,197.25,29100,0.0,0.0
2024-12-30 00:00:00-05:00,196.5399932861328,197.24000549316406,193.82000732421875,196.25999450683594,24700,0.0,0.0
2024-12-31 00:00:00-05:00,197.6199951171875,198.8000030517578,195.86000061035156,196.9499969482422,32900,0.0,0.0
2025-01-02 00:00:00-05:00,197.77999877929688,197.77999877929688,192.10000610351562,192.16000366210938,29200,0.0,0.0
2025-01-03 00:00:00-05:00,193.4600067138672,194.9499969482422,189.02999877929688,194.7899932861328,29900,0.0,0.0
2025-01-06 00:00:00-05:00,194.7899932861328,197.17999267578125,191.5500030517578,191.74000549316406,28700,0.0,0.0
2025-01-07 00:00:00-05:00,191.60000610351562,192.49000549316406,186.1300048828125,186.8800048828125,49200,0.0,0.0
2025-01-08 00:00:00-05:00,185.94000244140625,189.6300048828125,184.99000549316406,187.75999450683594,50100,0.0,0.0
2025-01-10 00:00:00-05:00,184.39999389648438,186.0500030517578,179.14999389648438,182.77999877929688,49500,0.0,0.0
2025-01-13 00:00:00-05:00,180.41000366210938,185.14999389648438,180.41000366210938,184.8300018310547,35200,0.0,0.0
2025-01-14 00:00:00-05:00,185.6699981689453,188.99000549316406,185.3699951171875,187.58999633789062,38300,0.0,0.0
2025-01-15 00:00:00-05:00,192.97999572753906,193.38999938964844,191.0399932861328,192.5,30100,0.0,0.0
2025-01-16 00:00:00-05:00,191.1300048828125,194.27999877929688,191.1300048828125,193.5500030517578,25300,0.0,0.0
2025-01-17 00:00:00-05:00,195.1300048828125,196.86000061035156,193.49000549316406,195.6199951171875,41100,0.0,0.0
2025-01-21 00:00:00-05:00,195.52999877929688,197.92999267578125,194.91000366210938,196.66000366210938,32800,0.0,0.0
2025-01-22 00:00:00-05:00,197.0,198.1199951171875,195.77000427246094,196.0399932861328,34600,0.0,0.0
2025-01-23 00:00:00-05:00,194.83999633789062,197.58999633789062,193.52000427246094,196.25999450683594,34500,0.0,0.0
2025-01-24 00:00:00-05:00,194.75999450683594,197.2899932861328,194.75999450683594,196.0399932861328,21400,0.0,0.0
2025-01-27 00:00:00-05:00,195.3699951171875,199.0,195.3699951171875,198.72000122070312,34300,0.0,0.0
2025-01-28 00:00:00-05:00,197.5800018310547,200.25999450683594,197.5800018310547,199.5500030517578,27500,0.0,0.0
2025-01-29 00:00:00-05:00,198.3699951171875,200.1999969482422,197.1300048828125,198.3699951171875,29400,0.0,0.0
2025-01-30 00:00:00-05:00,200.08999633789062,201.02999877929688,197.52999877929688,199.4199981689453,28700,0.0,0.0
2025-01-31 00:00:00-05:00,198.80999755859375,199.4199981689453,195.24000549316406,197.77999877929688,32400,0.0,0.0
2025-02-03 00:00:00-05:00,193.32000732421875,196.58999633789062,192.75999450683594,195.22000122070312,45900,0.0,0.0
2025-02-04 00:00:00-05:00,194.02999877929688,197.5,194.02999877929688,196.97000122070312,30300,0.0,0.0
2025-02-05 00:00:00-05:00,197.00999450683594,199.19000244140625,196.0399932861328,198.74000549316406,28000,0.0,0.0
2025-02-06 00:00:00-05:00,199.72999572753906,200.1999969482422,198.10000610351562,199.6199951171875,26900,0.0,0.0
2025-02-07 00:00:00-05:00,199.5800018310547,199.85000610351562,196.11000061035156,197.80999755859375,22100,0.0,0.0
