Date,Open,High,Low,Close,Volume,Dividends,Stock Splits
1995-02-08 00:00:00-05:00,3.3722305297851562,3.400332450866699,3.3160266876220703,3.3160266876220703,813200,0.0,0.0
1995-02-09 00:00:00-05:00,3.3160262067093806,3.3441281237153926,3.287924289703369,3.287924289703369,241600,0.0,0.0
1995-02-10 00:00:00-05:00,3.316025995817341,3.442484614301901,3.231720250160968,3.428433656692505,1013600,0.0,0.0
1995-02-13 00:00:00-05:00,3.4846374930405037,3.540841323573415,3.4284336625075924,3.456535577774048,539200,0.0,0.0
1995-02-14 00:00:00-05:00,3.4565360565339365,3.484637975692749,3.4565360565339365,3.484637975692749,204800,0.0,0.0
1995-02-15 00:00:00-05:00,3.456535577774048,3.512739408306959,3.4284336625075924,3.456535577774048,350800,0.0,0.0
1995-02-16 00:00:00-05:00,3.428433638660848,3.428433638660848,3.344127893447876,3.344127893447876,225200,0.0,0.0
1995-02-17 00:00:00-05:00,3.344127893447876,3.3722298085188664,3.344127893447876,3.344127893447876,219600,0.0,0.0
1995-02-21 00:00:00-05:00,3.3160259783768855,3.3722298085188664,3.3160259783768855,3.344127893447876,532400,0.0,0.0
1995-02-22 00:00:00-05:00,3.3441286087036133,3.3441286087036133,3.3160266876220703,3.3160266876220703,83600,0.0,0.0
1995-02-23 00:00:00-05:00,3.316025749842326,3.4003314892450964,3.316025749842326,3.37222957611084,267200,0.0,0.0
1995-02-24 00:00:00-05:00,3.37222957611084,3.4003314892450964,3.37222957611084,3.37222957611084,226800,0.0,0.0
1995-02-27 00:00:00-05:00,3.3722305297851562,3.400332450866699,3.3441286087036133,3.400332450866699,213600,0.0,0.0
1995-02-28 00:00:00-05:00,3.372229831974681,3.456535577774048,3.372229831974681,3.456535577774048,345600,0.0,0.0
1995-03-01 00:00:00-05:00,3.456536293029785,3.456536293029785,3.400332450866699,3.400332450866699,279600,0.0,0.0
1995-03-02 00:00:00-05:00,3.3722305297851562,3.400332450866699,3.3160266876220703,3.3160266876220703,134400,0.0,0.0
1995-03-03 00:00:00-05:00,3.3160266876220703,3.3441286087036133,3.3160266876220703,3.3160266876220703,72400,0.0,0.0
1995-03-06 00:00:00-05:00,3.316026442983876,3.316026442983876,3.2317206859588623,3.2317206859588623,233600,0.0,0.0
1995-03-07 00:00:00-05:00,3.2317201833467224,3.2317201833467224,3.1193125247955322,3.1193125247955322,1073600,0.0,0.0
1995-03-08 00:00:00-05:00,3.1193125247955322,3.1193125247955322,3.091210610157735,3.1193125247955322,518400,0.0,0.0
1995-03-09 00:00:00-05:00,3.1474146756258876,3.1474146756258876,3.0631089253859085,3.0912108421325684,218000,0.0,0.0
1995-03-10 00:00:00-05:00,3.091210610157735,3.1193125247955322,3.0350067808821395,3.1193125247955322,678800,0.0,0.0
1995-03-13 00:00:00-05:00,3.1193127588792278,3.1193127588792278,3.0912108421325684,3.0912108421325684,107200,0.0,0.0
1995-03-14 00:00:00-05:00,3.1193122948919023,3.17551612002509,3.063108469758715,3.147414207458496,432000,0.0,0.0
1995-03-15 00:00:00-05:00,3.17551612002509,3.17551612002509,3.091210382325309,3.147414207458496,334800,0.0,0.0
1995-03-16 00:00:00-05:00,3.147414207458496,3.147414207458496,3.091210382325309,3.147414207458496,208000,0.0,0.0
1995-03-17 00:00:00-05:00,3.1193127588792278,3.1474146756258876,3.0631089253859085,3.0912108421325684,1450000,0.0,0.0
1995-03-20 00:00:00-05:00,3.0912113189697266,3.3160266876220703,3.0631093978881836,3.3160266876220703,1866400,0.0,0.0
1995-03-21 00:00:00-05:00,3.259821857724871,3.3160256828580583,3.147414207458496,3.147414207458496,425600,0.0,0.0
1995-03-22 00:00:00-05:00,3.1755168479421867,3.2317206859588623,3.1474149289338484,3.2317206859588623,348000,0.0,0.0
1995-03-23 00:00:00-05:00,3.231720443357501,3.259822360256262,3.2036185264587402,3.2036185264587402,350800,0.0,0.0
1995-03-24 00:00:00-05:00,3.2598228454589844,3.3160266876220703,3.2317209243774414,3.3160266876220703,1123600,0.0,0.0
1995-03-27 00:00:00-05:00,3.2879243237631663,3.540841579437256,3.2879243237631663,3.540841579437256,1812400,0.0,0.0
1995-03-28 00:00:00-05:00,3.4846379831433296,3.6251475792378187,3.4846379831433296,3.597045660018921,1515600,0.0,0.0
1995-03-29 00:00:00-05:00,3.568943496734377,3.597045414031498,3.512739662140135,3.540841579437256,618400,0.0,0.0
1995-03-30 00:00:00-05:00,3.5408418215811253,3.597045660018921,3.5127399023622274,3.597045660018921,779200,0.0,0.0
1995-03-31 00:00:00-05:00,3.5408413466506117,3.5689432621002197,3.5408413466506117,3.5689432621002197,293200,0.0,0.0
1995-04-03 00:00:00-04:00,3.512739658355713,3.5408415756225584,3.512739658355713,3.512739658355713,435200,0.0,0.0
1995-04-04 00:00:00-04:00,3.5127399023622274,3.6251475792378187,3.5127399023622274,3.597045660018921,588400,0.0,0.0
1995-04-05 00:00:00-04:00,3.5970451775498278,3.5970451775498278,3.5408413466506117,3.5689432621002197,484400,0.0,0.0
1995-04-06 00:00:00-04:00,3.5689432621002197,3.5689432621002197,3.5127394312010036,3.5689432621002197,294000,0.0,0.0
1995-04-07 00:00:00-04:00,3.5689435150787117,3.7375550197281,3.5689435150787117,3.6813511848449707,1372000,0.0,0.0
1995-04-10 00:00:00-04:00,3.6813511774521466,3.6813511774521466,3.597045425296754,3.6251473426818848,652000,0.0,0.0
1995-04-11 00:00:00-04:00,3.6251470693727823,3.6251470693727823,3.456535577774048,3.456535577774048,460800,0.0,0.0
1995-04-12 00:00:00-04:00,3.4284334023793535,3.4284334023793535,3.37222957611084,3.37222957611084,380800,0.0,0.0
1995-04-13 00:00:00-04:00,3.3722305297851562,3.400332450866699,3.3722305297851562,3.400332450866699,239600,0.0,0.0
1995-04-17 00:00:00-04:00,3.316025749842326,3.4284334023793535,3.2598219235738117,3.37222957611084,1008000,0.0,0.0
1995-04-18 00:00:00-04:00,3.3722298085188664,3.3722298085188664,3.287924063305895,3.344127893447876,410000,0.0,0.0
1995-04-19 00:00:00-04:00,3.3160260014417697,3.4846374930405037,3.3160260014417697,3.456535577774048,680800,0.0,0.0
1995-04-20 00:00:00-04:00,3.5127399023622274,3.6532494984567165,3.428434144705534,3.597045660018921,976400,0.0,0.0
1995-04-21 00:00:00-04:00,3.597045425296754,3.6813511774521466,3.568943507911623,3.6251473426818848,401200,0.0,0.0
1995-04-24 00:00:00-04:00,3.6251471097652725,3.709452856504,3.6251471097652725,3.6532490253448486,649200,0.0,0.0
1995-04-25 00:00:00-04:00,3.6251473426818848,3.6532492600670157,3.597045425296754,3.6251473426818848,442000,0.0,0.0
1995-04-26 00:00:00-04:00,3.6251473499618414,3.7375550197281,3.6251473499618414,3.6813511848449707,631200,0.0,0.0
1995-04-27 00:00:00-04:00,3.653249274519153,3.7656569445043577,3.653249274519153,3.7375550270080566,820400,0.0,0.0
1995-04-28 00:00:00-04:00,3.7375548094728566,3.8780643887763477,3.7375548094728566,3.8499624729156494,654000,0.0,0.0
1995-05-01 00:00:00-04:00,3.8499617256335354,3.8499617256335354,3.765655994415283,3.765655994415283,207600,0.0,0.0
1995-05-02 00:00:00-04:00,3.765655994415283,3.7937579048213674,3.765655994415283,3.765655994415283,464400,0.0,0.0
1995-05-03 00:00:00-04:00,3.76565625036464,3.8218600749969482,3.76565625036464,3.8218600749969482,922800,0.0,0.0
1995-05-04 00:00:00-04:00,3.8218607867205585,3.8218607867205585,3.7937588691711426,3.7937588691711426,607600,0.0,0.0
1995-05-05 00:00:00-04:00,3.793758862000659,3.793758862000659,3.7094531095117556,3.7375550270080566,607600,0.0,0.0
1995-05-08 00:00:00-04:00,3.7375550270080566,3.7656569445043577,3.7375550270080566,3.7375550270080566,85200,0.0,0.0
1995-05-09 00:00:00-04:00,3.7656569445043577,3.7656569445043577,3.7094531095117556,3.7375550270080566,118800,0.0,0.0
1995-05-10 00:00:00-04:00,3.737555023395654,3.737555023395654,3.6813511884573735,3.7094531059265137,869200,0.0,0.0
1995-05-11 00:00:00-04:00,3.6813511884573735,3.737555023395654,3.6813511884573735,3.7094531059265137,106000,0.0,0.0
1995-05-12 00:00:00-04:00,3.6813511920154545,3.7656569445043577,3.6813511920154545,3.7375550270080566,266800,0.0,0.0
1995-05-15 00:00:00-04:00,3.7375550197281,3.7375550197281,3.6813511848449707,3.6813511848449707,579600,0.0,0.0
1995-05-16 00:00:00-04:00,3.6813502631970305,3.765655994415283,3.6813502631970305,3.765655994415283,249200,0.0,0.0
1995-05-17 00:00:00-04:00,3.7656569371696644,3.7656569371696644,3.6813511848449707,3.6813511848449707,196400,0.0,0.0
1995-05-18 00:00:00-04:00,3.6813511920154545,3.7375550270080566,3.6813511920154545,3.7375550270080566,520800,0.0,0.0
1995-05-19 00:00:00-04:00,3.7375550197281,3.7375550197281,3.6813511848449707,3.6813511848449707,374000,0.0,0.0
1995-05-22 00:00:00-04:00,3.709453102286535,3.7375550197281,3.6813511848449707,3.6813511848449707,222400,0.0,0.0
1995-05-23 00:00:00-04:00,3.7375550270080566,3.7375550270080566,3.7094531095117556,3.7375550270080566,427600,0.0,0.0
1995-05-24 00:00:00-04:00,3.709453102286535,3.709453102286535,3.653249267403406,3.6813511848449707,415200,0.0,0.0
1995-05-25 00:00:00-04:00,3.6813509409244243,3.6813509409244243,3.6532490253448486,3.6532490253448486,18800,0.0,0.0
1995-05-26 00:00:00-04:00,3.653249267403406,3.6813511848449707,3.653249267403406,3.6813511848449707,53200,0.0,0.0
1995-05-30 00:00:00-04:00,3.6532490253448486,3.6813509409244243,3.6532490253448486,3.6532490253448486,22400,0.0,0.0
1995-05-31 00:00:00-04:00,3.653249274519153,3.7375550270080566,3.653249274519153,3.7375550270080566,136400,0.0,0.0
1995-06-01 00:00:00-04:00,3.737555023395654,3.765656940864794,3.7094531059265137,3.7094531059265137,123600,0.0,0.0
1995-06-02 00:00:00-04:00,3.73755525611341,3.73755525611341,3.568943740800023,3.597045660018921,562800,0.0,0.0
1995-06-05 00:00:00-04:00,3.5970451775498278,3.5970451775498278,3.5408413466506117,3.5689432621002197,425600,0.0,0.0
1995-06-06 00:00:00-04:00,3.597045660018921,3.597045660018921,3.568943740800023,3.597045660018921,216000,0.0,0.0
1995-06-07 00:00:00-04:00,3.625147353519093,3.7094531059265137,3.625147353519093,3.7094531059265137,274400,0.0,0.0
1995-06-08 00:00:00-04:00,3.7094530948372775,3.7094530948372775,3.6251473426818848,3.6251473426818848,127600,0.0,0.0
1995-06-09 00:00:00-04:00,3.6251473499618414,3.6813511848449707,3.6251473499618414,3.6813511848449707,246400,0.0,0.0
1995-06-12 00:00:00-04:00,3.653249267403406,3.6813511848449707,3.653249267403406,3.6813511848449707,236800,0.0,0.0
1995-06-13 00:00:00-04:00,3.6813505134161777,3.849961987313102,3.6813505134161777,3.8218600749969482,922000,0.0,0.0
1995-06-14 00:00:00-04:00,3.8218607867205585,3.8218607867205585,3.7656569516217266,3.7937588691711426,313600,0.0,0.0
1995-06-15 00:00:00-04:00,3.793759346008301,3.9342689514160156,3.793759346008301,3.9061670303344727,672000,0.0,0.0
1995-06-16 00:00:00-04:00,3.9342689514160156,3.9342689514160156,3.8499631881713867,3.9061670303344727,335200,0.0,0.0
1995-06-19 00:00:00-04:00,3.878064169202532,3.9623699120112827,3.878064169202532,3.934267997741699,564800,0.0,0.0
1995-06-20 00:00:00-04:00,3.9342682412330143,3.9623701572418213,3.906166325224207,3.9623701572418213,1625200,0.0,0.0
1995-06-21 00:00:00-04:00,3.9342682412330143,3.9623701572418213,3.906166325224207,3.9623701572418213,2169200,0.0,0.0
1995-06-22 00:00:00-04:00,3.9623708724975586,4.130982398986816,3.9623708724975586,4.130982398986816,6290400,0.0,0.0
1995-06-23 00:00:00-04:00,4.130980478574152,4.130980478574152,4.074776662539129,4.102878570556641,925600,0.0,0.0
1995-06-26 00:00:00-04:00,4.130981425444285,4.130981425444285,4.046675682067871,4.046675682067871,617600,0.0,0.0
1995-06-27 00:00:00-04:00,4.018573767609066,4.046675682067871,4.018573767609066,4.046675682067871,529600,0.0,0.0
1995-06-28 00:00:00-04:00,4.0185723304748535,4.0185723304748535,3.9904704260659383,4.0185723304748535,1011200,0.0,0.0
1995-06-29 00:00:00-04:00,3.9904704260659383,4.0185723304748535,3.9623685216570235,4.0185723304748535,798800,0.0,0.0
1995-06-30 00:00:00-04:00,4.018572846504107,4.130980478574152,3.9904709384865957,4.102878570556641,338000,0.0,0.0
1995-07-03 00:00:00-04:00,4.102878570556641,4.130980478574152,4.102878570556641,4.102878570556641,96400,0.0,0.0
1995-07-05 00:00:00-04:00,4.130981931686401,4.215287685394287,4.102880013783773,4.215287685394287,620000,0.0,0.0
1995-07-06 00:00:00-04:00,4.215287688552149,4.299593442323192,4.215287688552149,4.24338960647583,881200,0.0,0.0
1995-07-07 00:00:00-04:00,4.215287688552149,4.271491524399511,4.215287688552149,4.24338960647583,520400,0.0,0.0
1995-07-10 00:00:00-04:00,4.271491063105596,4.355796807772153,4.2433891482167425,4.327694892883301,907200,0.0,0.0
1995-07-11 00:00:00-04:00,4.29959344550183,4.355797281390743,4.243389609612917,4.271491527557373,756400,0.0,0.0
1995-07-12 00:00:00-04:00,4.271491524399511,4.271491524399511,4.187185770628468,4.24338960647583,717200,0.0,0.0
1995-07-13 00:00:00-04:00,4.215288162231445,4.468205451965332,4.215288162231445,4.412001609802246,1018800,0.0,0.0
1995-07-14 00:00:00-04:00,4.41200112681235,4.4401030448175245,4.3276953727968275,4.355797290802002,466000,0.0,0.0
1995-07-17 00:00:00-04:00,4.355797290802002,4.3838992088071755,4.355797290802002,4.355797290802002,230800,0.0,0.0
1995-07-18 00:00:00-04:00,4.383898722661006,4.383898722661006,4.299592977994448,4.327694892883301,491200,0.0,0.0
1995-07-19 00:00:00-04:00,4.299592446636509,4.299592446636509,4.130980978140959,4.159082889556885,1034000,0.0,0.0
1995-07-20 00:00:00-04:00,4.159083852704787,4.24338960647583,4.130981934781106,4.24338960647583,670000,0.0,0.0
1995-07-21 00:00:00-04:00,4.243390544866904,4.440104013834245,4.243390544866904,4.383900165557861,1420400,0.0,0.0
1995-07-24 00:00:00-04:00,4.4120020896960535,4.4120020896960535,4.35579824141967,4.383900165557861,440000,0.0,0.0
1995-07-25 00:00:00-04:00,4.383898293972015,4.524407854676246,4.355796381831169,4.4963059425354,1570000,0.0,0.0
1995-07-26 00:00:00-04:00,4.4682044922551025,4.496306407300732,4.412000662163843,4.440102577209473,445200,0.0,0.0
1995-07-27 00:00:00-04:00,4.440103057045606,4.496306893210741,4.440103057045606,4.468204975128174,328000,0.0,0.0
1995-07-28 00:00:00-04:00,4.496307373046875,4.496307373046875,4.412001609802246,4.412001609802246,440000,0.0,0.0
1995-07-31 00:00:00-04:00,4.412000637549858,4.412000637549858,4.327694892883301,4.327694892883301,763200,0.0,0.0
1995-08-01 00:00:00-04:00,4.355796801498513,4.355796801498513,4.27149105695338,4.299592971801758,147200,0.0,0.0
1995-08-02 00:00:00-04:00,4.243388623804659,4.299592446636509,4.130980978140959,4.159082889556885,563200,0.0,0.0
1995-08-03 00:00:00-04:00,4.130981937835092,4.271491527557373,4.102880019890635,4.271491527557373,1388400,0.0,0.0
1995-08-04 00:00:00-04:00,4.27149105695338,4.299592971801758,4.243389142105003,4.299592971801758,76400,0.0,0.0
1995-08-07 00:00:00-04:00,4.327694886650136,4.327694886650136,4.27149105695338,4.299592971801758,96400,0.0,0.0
1995-08-08 00:00:00-04:00,4.29959344550183,4.29959344550183,4.271491527557373,4.271491527557373,513600,0.0,0.0
1995-08-09 00:00:00-04:00,4.271491521199544,4.271491521199544,4.187185767491658,4.215287685394287,79600,0.0,0.0
1995-08-10 00:00:00-04:00,4.215286202626686,4.215286202626686,4.046674754521618,4.102878570556641,814000,0.0,0.0
1995-08-11 00:00:00-04:00,4.102879066725035,4.159082889556885,4.102879066725035,4.159082889556885,260800,0.0,0.0
1995-08-14 00:00:00-04:00,4.130982398986816,4.187186241149902,4.102880477905273,4.130982398986816,258400,0.0,0.0
1995-08-15 00:00:00-04:00,4.102880477905273,4.130982398986816,4.0747785568237305,4.130982398986816,1135200,0.0,0.0
1995-08-16 00:00:00-04:00,4.102880013783773,4.215287685394287,4.102880013783773,4.215287685394287,164000,0.0,0.0
1995-08-17 00:00:00-04:00,4.187185773724004,4.29959344550183,4.187185773724004,4.271491527557373,265600,0.0,0.0
1995-08-18 00:00:00-04:00,4.271491524399511,4.271491524399511,4.215287688552149,4.24338960647583,144400,0.0,0.0
1995-08-21 00:00:00-04:00,4.355797302797905,4.468204975128174,4.355797302797905,4.468204975128174,912000,0.0,0.0
1995-08-22 00:00:00-04:00,4.4682044922551025,4.496306407300732,4.440102577209473,4.440102577209473,1076400,0.0,0.0
1995-08-23 00:00:00-04:00,4.4682044922551025,4.4682044922551025,4.355796832072584,4.440102577209473,904400,0.0,0.0
1995-08-24 00:00:00-04:00,4.383898747118214,4.440102577209473,4.383898747118214,4.440102577209473,289600,0.0,0.0
1995-08-25 00:00:00-04:00,4.440103057045606,4.468204975128174,4.412001138963039,4.468204975128174,306800,0.0,0.0
1995-08-28 00:00:00-04:00,4.4682044922551025,4.4682044922551025,4.355796832072584,4.440102577209473,1444400,0.0,0.0
1995-08-29 00:00:00-04:00,4.440103057045606,4.496306893210741,4.412001138963039,4.468204975128174,1546800,0.0,0.0
1995-08-30 00:00:00-04:00,4.4682044922551025,4.4682044922551025,4.412000662163843,4.440102577209473,268400,0.0,0.0
1995-08-31 00:00:00-04:00,4.4120020896960535,4.4120020896960535,4.35579824141967,4.383900165557861,498400,0.0,0.0
1995-09-01 00:00:00-04:00,4.35579776763916,4.412001609802246,4.35579776763916,4.412001609802246,46800,0.0,0.0
1995-09-05 00:00:00-04:00,4.412000206112862,4.4963059425354,4.383898293972015,4.4963059425354,1394800,0.0,0.0
1995-09-06 00:00:00-04:00,4.496306913444795,4.721122259117035,4.496306913444795,4.664918422698975,1193200,0.0,0.0
1995-09-07 00:00:00-04:00,4.721123718633884,4.8054294993237745,4.608716011047363,4.608716011047363,890800,0.0,0.0
1995-09-08 00:00:00-04:00,4.6087145655410096,4.636816483623576,4.468204975128174,4.468204975128174,1366000,0.0,0.0
1995-09-11 00:00:00-04:00,4.102878964465598,4.102878964465598,3.878063678741455,3.878063678741455,3358800,0.0,0.0
1995-09-12 00:00:00-04:00,3.906166539368806,3.934268456918222,3.7656569516217266,3.7937588691711426,2826400,0.0,0.0
1995-09-13 00:00:00-04:00,3.8218600749969482,3.878063899629256,3.793758162680794,3.8218600749969482,2692800,0.0,0.0
1995-09-14 00:00:00-04:00,3.8218598152274517,3.8499617256335354,3.7094521736031147,3.765655994415283,2123600,0.0,0.0
1995-09-15 00:00:00-04:00,3.765656940864794,3.765656940864794,3.7094531059265137,3.7094531059265137,800400,0.0,0.0
1995-09-18 00:00:00-04:00,3.709453102286535,3.7375550197281,3.653249267403406,3.6813511848449707,1140800,0.0,0.0
1995-09-19 00:00:00-04:00,3.6813511884573735,3.7094531059265137,3.6813511884573735,3.7094531059265137,342400,0.0,0.0
1995-09-20 00:00:00-04:00,3.709453336894512,3.709453336894512,3.597045660018921,3.597045660018921,913600,0.0,0.0
1995-09-21 00:00:00-04:00,3.5689432388398705,3.5970451541063264,3.4003317472411365,3.456535577774048,1415200,0.0,0.0
1995-09-22 00:00:00-04:00,3.456535577774048,3.456535577774048,3.456535577774048,3.456535577774048,282400,0.0,0.0
1995-09-25 00:00:00-04:00,3.4565360565339365,3.5408418140103737,3.428434137375124,3.484637975692749,1099200,0.0,0.0
1995-09-26 00:00:00-04:00,3.484637487130087,3.484637487130087,3.400331741473714,3.428433656692505,785200,0.0,0.0
1995-09-27 00:00:00-04:00,3.4284334023793535,3.4284334023793535,3.1474142710367836,3.37222957611084,1560400,0.0,0.0
1995-09-28 00:00:00-04:00,3.372230299057499,3.484637975692749,3.3160264607398737,3.484637975692749,1711600,0.0,0.0
1995-09-29 00:00:00-04:00,3.4846377448430137,3.540841579437256,3.456535827545893,3.540841579437256,932000,0.0,0.0
1995-10-02 00:00:00-04:00,3.4846374930405037,3.512739408306959,3.4284336625075924,3.456535577774048,290800,0.0,0.0
1995-10-03 00:00:00-04:00,3.5408415756225584,3.6532492446899414,3.484637741088867,3.512739658355713,1911600,0.0,0.0
1995-10-04 00:00:00-04:00,3.484637975692749,3.512739894851561,3.484637975692749,3.484637975692749,124400,0.0,0.0
1995-10-05 00:00:00-04:00,3.4565360565339365,3.512739894851561,3.428434137375124,3.484637975692749,482400,0.0,0.0
1995-10-06 00:00:00-04:00,3.4565360565339365,3.512739894851561,3.4565360565339365,3.484637975692749,216800,0.0,0.0
1995-10-09 00:00:00-04:00,3.4846372286478675,3.4846372286478675,3.344127662976583,3.37222957611084,406000,0.0,0.0
1995-10-10 00:00:00-04:00,3.3441286087036133,3.3581795692443848,3.3160266876220703,3.3160266876220703,174400,0.0,0.0
1995-10-11 00:00:00-04:00,3.3160259783768855,3.3722298085188664,3.3160259783768855,3.344127893447876,102800,0.0,0.0
1995-10-12 00:00:00-04:00,3.372229826254923,3.428433656692505,3.372229826254923,3.428433656692505,120400,0.0,0.0
1995-10-13 00:00:00-04:00,3.428434137375124,3.484637975692749,3.4003322182163114,3.484637975692749,237200,0.0,0.0
1995-10-16 00:00:00-04:00,3.4565353155136105,3.4846372286478675,3.37222957611084,3.37222957611084,100400,0.0,0.0
1995-10-17 00:00:00-04:00,3.4284334023793535,3.4284334023793535,3.344127662976583,3.37222957611084,209600,0.0,0.0
1995-10-18 00:00:00-04:00,3.3441283641190367,3.3441283641190367,3.2036187689879845,3.2598226070404053,588800,0.0,0.0
1995-10-19 00:00:00-04:00,3.2317209243774414,3.2317209243774414,3.1755170822143555,3.1755170822143555,1054800,0.0,0.0
1995-10-20 00:00:00-04:00,3.203618268708925,3.203618268708925,3.1193125247955322,3.1193125247955322,1681200,0.0,0.0
1995-10-23 00:00:00-04:00,3.1193127757624577,3.2036185264587402,3.063108941964936,3.2036185264587402,779600,0.0,0.0
1995-10-24 00:00:00-04:00,3.2317206859588623,3.2598226049672006,3.1755168479421867,3.2317206859588623,1968400,0.0,0.0
1995-10-25 00:00:00-04:00,3.259821857724871,3.259821857724871,3.1193122948919023,3.147414207458496,1478000,0.0,0.0
1995-10-26 00:00:00-04:00,3.1755165923725475,3.1755165923725475,3.0912108421325684,3.0912108421325684,1202000,0.0,0.0
1995-10-27 00:00:00-04:00,3.1193132400512695,3.1755170822143555,3.1193132400512695,3.1755170822143555,428400,0.0,0.0
1995-10-30 00:00:00-05:00,3.1755168499617743,3.2598226070404053,3.1755168499617743,3.2598226070404053,1233600,0.0,0.0
1995-10-31 00:00:00-05:00,3.2598219235738117,3.37222957611084,3.2598219235738117,3.37222957611084,1318400,0.0,0.0
1995-11-01 00:00:00-05:00,3.3441286087036133,3.3722305297851562,3.2598228454589844,3.3160266876220703,291600,0.0,0.0
1995-11-02 00:00:00-05:00,3.344127916708225,3.456535577774048,3.344127916708225,3.456535577774048,673600,0.0,0.0
1995-11-03 00:00:00-05:00,3.4565358238220214,3.512739658355713,3.4565358238220214,3.512739658355713,362000,0.0,0.0
1995-11-06 00:00:00-05:00,3.5127394312010036,3.625147092999436,3.5127394312010036,3.5689432621002197,678000,0.0,0.0
1995-11-07 00:00:00-05:00,3.5689434928894044,3.5689434928894044,3.4565358238220214,3.512739658355713,363600,0.0,0.0
1995-11-08 00:00:00-05:00,3.512739894851561,3.512739894851561,3.484637975692749,3.484637975692749,160000,0.0,0.0
1995-11-09 00:00:00-05:00,3.4565360565339365,3.512739894851561,3.4565360565339365,3.484637975692749,291200,0.0,0.0
1995-11-10 00:00:00-05:00,3.4565358238220214,3.5408415756225584,3.428433906555176,3.512739658355713,209600,0.0,0.0
1995-11-13 00:00:00-05:00,3.5127394312010036,3.5689432621002197,3.5127394312010036,3.5689432621002197,499600,0.0,0.0
1995-11-14 00:00:00-05:00,3.512739894851561,3.512739894851561,3.4565360565339365,3.484637975692749,347600,0.0,0.0
1995-11-15 00:00:00-05:00,3.4846377448430137,3.540841579437256,3.456535827545893,3.540841579437256,282400,0.0,0.0
1995-11-16 00:00:00-05:00,3.653249267403406,3.709453102286535,3.6251473499618414,3.6813511848449707,978000,0.0,0.0
1995-11-17 00:00:00-05:00,3.7375550340723107,3.8499627042699744,3.7094531165228948,3.7937588691711426,1068800,0.0,0.0
1995-11-20 00:00:00-05:00,3.7937588691711426,3.8218607867205585,3.7375550340723107,3.7937588691711426,526800,0.0,0.0
1995-11-21 00:00:00-05:00,3.793758451938629,4.046675682067871,3.7656565374798245,4.046675682067871,1858000,0.0,0.0
1995-11-22 00:00:00-05:00,4.0185723304748535,4.0185723304748535,3.906164712839193,4.0185723304748535,1702000,0.0,0.0
1995-11-24 00:00:00-05:00,3.9904704260659383,4.0185723304748535,3.9623685216570235,4.0185723304748535,120400,0.0,0.0
1995-11-27 00:00:00-05:00,4.018572846504107,4.130980478574152,3.9904709384865957,4.102878570556641,1684800,0.0,0.0
1995-11-28 00:00:00-05:00,4.102878043701598,4.102878043701598,4.0185723304748535,4.0185723304748535,619600,0.0,0.0
1995-11-29 00:00:00-05:00,4.018573767609066,4.074777596526675,3.990471853150262,4.046675682067871,452000,0.0,0.0
1995-11-30 00:00:00-05:00,4.0747761726379395,4.102878077276822,3.9904704587212922,4.0747761726379395,635200,0.0,0.0
1995-12-01 00:00:00-05:00,4.046675243893185,4.159082889556885,4.046675243893185,4.159082889556885,682400,0.0,0.0
1995-12-04 00:00:00-05:00,4.130980978140959,4.187184800972809,4.130980978140959,4.159082889556885,773200,0.0,0.0
1995-12-05 00:00:00-05:00,4.15908384958903,4.243389603296915,4.15908384958903,4.215287685394287,776800,0.0,0.0
1995-12-06 00:00:00-05:00,4.187184810638428,4.243388633600017,4.187184810638428,4.187184810638428,659200,0.0,0.0
1995-12-07 00:00:00-05:00,4.187185254361895,4.187185254361895,4.018573767609066,4.046675682067871,504800,0.0,0.0
1995-12-08 00:00:00-05:00,4.018574474563061,4.018574474563061,3.9342687163554446,3.9904725551605225,355200,0.0,0.0
1995-12-11 00:00:00-05:00,3.96236855408241,4.130979981915704,3.96236855408241,4.0747761726379395,544000,0.0,0.0
1995-12-12 00:00:00-05:00,4.0185723304748535,4.0185723304748535,3.9904704260659383,4.0185723304748535,163200,0.0,0.0
1995-12-13 00:00:00-05:00,4.046674234883769,4.074776139292683,3.9904704260659383,4.0185723304748535,250400,0.0,0.0
1995-12-14 00:00:00-05:00,3.990471853150262,4.074777596526675,3.990471853150262,4.046675682067871,565200,0.0,0.0
1995-12-15 00:00:00-05:00,4.046675682067871,4.046675682067871,3.962369938691457,4.046675682067871,758800,0.0,0.0
1995-12-18 00:00:00-05:00,3.9904713216035264,3.9904713216035264,3.878063678741455,3.878063678741455,358400,0.0,0.0
1995-12-19 00:00:00-05:00,3.8499617680259375,3.878063678741455,3.82185985731042,3.878063678741455,1133200,0.0,0.0
1995-12-20 00:00:00-05:00,3.9061667969529057,4.0466763939656,3.9061667969529057,3.9904725551605225,522800,0.0,0.0
1995-12-21 00:00:00-05:00,3.9623696365777183,3.9623696365777183,3.8218600749969482,3.8218600749969482,334000,0.0,0.0
1995-12-22 00:00:00-05:00,3.793758641194253,3.8780643887763477,3.793758641194253,3.8499624729156494,350000,0.0,0.0
1995-12-26 00:00:00-05:00,3.878064169202532,3.9623699120112827,3.878064169202532,3.934267997741699,398800,0.0,0.0
1995-12-27 00:00:00-05:00,3.9342684456796357,3.9342684456796357,3.7094531059265137,3.7094531059265137,1504000,0.0,0.0
1995-12-28 00:00:00-05:00,3.7375547720835756,3.7375547720835756,3.6532490253448486,3.6532490253448486,1235200,0.0,0.0
1995-12-29 00:00:00-05:00,3.6532490253448486,3.709452856504,3.6251471097652725,3.6532490253448486,953200,0.0,0.0
1996-01-02 00:00:00-05:00,3.6532492600670157,3.6813511774521466,3.568943507911623,3.6251473426818848,968000,0.0,0.0
1996-01-03 00:00:00-05:00,3.625147146030064,3.8499624729156494,3.625147146030064,3.8499624729156494,1365600,0.0,0.0
1996-01-04 00:00:00-05:00,3.9061665319858636,3.9061665319858636,3.6813511920154545,3.7375550270080566,373200,0.0,0.0
1996-01-05 00:00:00-05:00,3.7375548094728566,3.8780643887763477,3.7094528936121587,3.8499624729156494,688400,0.0,0.0
1996-01-08 00:00:00-05:00,3.9061660834721157,3.9623699120112827,3.821860340663365,3.934267997741699,595200,0.0,0.0
1996-01-09 00:00:00-05:00,3.9623708724975586,3.9623708724975586,3.8499631881713867,3.9061670303344727,718000,0.0,0.0
1996-01-10 00:00:00-05:00,3.849961987313102,3.849961987313102,3.793758162680794,3.8218600749969482,869200,0.0,0.0
1996-01-11 00:00:00-05:00,3.793758162680794,3.849961987313102,3.793758162680794,3.8218600749969482,486400,0.0,0.0
1996-01-12 00:00:00-05:00,3.8218598152274517,3.8218598152274517,3.765655994415283,3.765655994415283,238400,0.0,0.0
1996-01-15 00:00:00-05:00,3.765655994415283,3.7937579048213674,3.765655994415283,3.765655994415283,183200,0.0,0.0
1996-01-16 00:00:00-05:00,3.765656940864794,3.765656940864794,3.6813511884573735,3.7094531059265137,264000,0.0,0.0
1996-01-17 00:00:00-05:00,3.7094531165228948,3.8499627042699744,3.7094531165228948,3.7937588691711426,723200,0.0,0.0
1996-01-18 00:00:00-05:00,3.7656560358793842,3.878063678741455,3.7656560358793842,3.878063678741455,439200,0.0,0.0
1996-01-19 00:00:00-05:00,3.821860557054951,3.8780643887763477,3.821860557054951,3.8499624729156494,447200,0.0,0.0
1996-01-22 00:00:00-05:00,3.849961987313102,3.90616581194541,3.8218600749969482,3.8218600749969482,313600,0.0,0.0
1996-01-23 00:00:00-05:00,3.8499622549329486,3.934267997741699,3.821860340663365,3.934267997741699,237600,0.0,0.0
1996-01-24 00:00:00-05:00,3.9342689514160156,3.9342689514160156,3.9061670303344727,3.9061670303344727,322800,0.0,0.0
1996-01-25 00:00:00-05:00,3.8780648775503668,4.018574474563061,3.821861038745289,3.9904725551605225,364400,0.0,0.0
1996-01-26 00:00:00-05:00,4.102879567863115,4.299592971801758,4.0466757381663605,4.299592971801758,2911600,0.0,0.0
1996-01-29 00:00:00-05:00,4.355797281390743,4.412001117279655,4.243389609612917,4.271491527557373,1585600,0.0,0.0
1996-01-30 00:00:00-05:00,4.2433891482167425,4.327694892883301,4.2433891482167425,4.327694892883301,646800,0.0,0.0
1996-01-31 00:00:00-05:00,4.327694917026954,4.4682044922551025,4.271491086935695,4.440102577209473,1830800,0.0,0.0
1996-02-01 00:00:00-05:00,4.440102552438711,4.468204467327563,4.327694892883301,4.327694892883301,2980800,0.0,0.0
1996-02-02 00:00:00-05:00,4.41200253978279,4.6087160288176925,4.327696758767833,4.524410247802734,2921600,0.0,0.0
1996-02-05 00:00:00-05:00,4.524408820234699,4.552510738372803,4.468204983958492,4.552510738372803,1713600,0.0,0.0
1996-02-06 00:00:00-05:00,4.552512157254102,4.664919864840623,4.524410230357472,4.608716011047363,2588400,0.0,0.0
1996-02-07 00:00:00-05:00,4.608716011047363,4.636817937943993,4.580614084150732,4.608716011047363,592000,0.0,0.0
1996-02-08 00:00:00-05:00,4.552509766817093,4.580611678957939,4.468204030394554,4.4963059425354,374000,0.0,0.0
1996-02-09 00:00:00-05:00,4.552512157254102,4.664919864840623,4.552512157254102,4.608716011047363,1272000,0.0,0.0
1996-02-12 00:00:00-05:00,4.60871457464901,4.60871457464901,4.524408820234699,4.552510738372803,464000,0.0,0.0
1996-02-13 00:00:00-05:00,4.524407854676246,4.580611678957939,4.4963059425354,4.4963059425354,727600,0.0,0.0
1996-02-14 00:00:00-05:00,4.552512157254102,4.636817937943993,4.524410230357472,4.608716011047363,854400,0.0,0.0
1996-02-15 00:00:00-05:00,4.6087160288176925,4.6087160288176925,4.496308320797748,4.524410247802734,599600,0.0,0.0
1996-02-16 00:00:00-05:00,4.4963059425354,4.552509766817093,4.4963059425354,4.4963059425354,388400,0.0,0.0
1996-02-20 00:00:00-05:00,4.440102118253708,4.4963059425354,4.440102118253708,4.4963059425354,467200,0.0,0.0
1996-02-21 00:00:00-05:00,4.496307829896847,4.693021297454834,4.496307829896847,4.693021297454834,747200,0.0,0.0
1996-02-22 00:00:00-05:00,4.636815590016982,4.805427066017599,4.636815590016982,4.77732515335083,1387600,0.0,0.0
1996-02-23 00:00:00-05:00,4.805428022463646,4.805428022463646,4.66491843116354,4.7492241859436035,1038000,0.0,0.0
1996-02-26 00:00:00-05:00,4.721123221391689,4.721123221391689,4.580613601707412,4.693021297454834,756800,0.0,0.0
1996-02-27 00:00:00-05:00,4.721121810203375,4.833529472351074,4.6368160635926,4.833529472351074,1399200,0.0,0.0
1996-02-28 00:00:00-05:00,4.833529472351074,4.889733303424924,4.805427556814149,4.833529472351074,740400,0.0,0.0
1996-02-29 00:00:00-05:00,4.861631883664078,5.11454914928822,4.861631883664078,5.00214147567749,2632400,0.0,0.0
1996-03-01 00:00:00-05:00,5.00214049748012,5.00214049748012,4.83352902003697,4.917834758758545,654000,0.0,0.0
1996-03-04 00:00:00-05:00,4.9178357151421634,4.974039551886645,4.9178357151421634,4.945937633514404,474800,0.0,0.0
1996-03-05 00:00:00-05:00,4.889732845851354,4.917834758758545,4.805427107129779,4.917834758758545,849600,0.0,0.0
1996-03-06 00:00:00-05:00,5.17075252532959,5.283160188923712,5.17075252532959,5.17075252532959,7446800,0.0,0.0
1996-03-07 00:00:00-05:00,5.198854925811932,5.226956844329834,5.0864472517403225,5.226956844329834,2274800,0.0,0.0
1996-03-08 00:00:00-05:00,5.114549154705471,5.255058746867709,5.058345317840576,5.058345317840576,1236400,0.0,0.0
1996-03-11 00:00:00-05:00,5.086447266240914,5.423670289417108,5.086447266240914,5.395568370819092,2494000,0.0,0.0
1996-03-12 00:00:00-05:00,5.395567431892316,5.451771259307861,5.283159777061226,5.451771259307861,1965200,0.0,0.0
1996-03-13 00:00:00-05:00,5.451772689819336,5.536078453063965,5.423670768737793,5.507976531982422,2428400,0.0,0.0
1996-03-14 00:00:00-05:00,5.536077532113767,5.732790946960449,5.47987369930043,5.732790946960449,3596800,0.0,0.0
1996-03-15 00:00:00-05:00,5.7327900025902725,5.817095737922482,5.704688090812869,5.760891914367676,3479200,0.0,0.0
1996-03-18 00:00:00-05:00,5.676586669224959,5.901401982857631,5.676586669224959,5.845198154449463,1328800,0.0,0.0
1996-03-19 00:00:00-05:00,5.873300578982331,6.238625495378361,5.873300578982331,6.041912078857422,2906800,0.0,0.0
1996-03-20 00:00:00-05:00,6.070013999938965,6.098115916605349,5.929504416607044,6.070013999938965,1369200,0.0,0.0
1996-03-21 00:00:00-05:00,6.041910158139523,6.0700120658518,5.957604435002692,6.013808250427246,794800,0.0,0.0
1996-03-22 00:00:00-05:00,5.985706342714969,6.0700120658518,5.901400619578139,6.013808250427246,487600,0.0,0.0
1996-03-25 00:00:00-05:00,6.041912083272581,6.126217833271733,6.041912083272581,6.070013999938965,525200,0.0,0.0
1996-03-26 00:00:00-05:00,6.098116397857666,6.126218316741802,6.070014478973529,6.098116397857666,856000,0.0,0.0
1996-03-27 00:00:00-05:00,6.070013502953758,6.098115417319284,5.957605845491651,5.985707759857178,790400,0.0,0.0
1996-03-28 00:00:00-05:00,5.985706342714969,6.013808250427246,5.957604435002692,6.013808250427246,1236000,0.0,0.0
1996-03-29 00:00:00-05:00,6.041910158139523,6.0700120658518,5.985706342714969,6.013808250427246,373600,0.0,0.0
1996-04-01 00:00:00-05:00,6.041911647126481,6.2386250495910645,6.041911647126481,6.2386250495910645,752000,0.0,0.0
1996-04-02 00:00:00-05:00,6.238624589783805,6.35103224005018,6.210522677217211,6.294828414916992,2105600,0.0,0.0
1996-04-03 00:00:00-05:00,6.435338551256837,6.856867277321696,6.407236636185846,6.688255786895752,5724400,0.0,0.0
1996-04-04 00:00:00-05:00,6.716357239087422,6.913070631027221,6.688255325953166,6.74445915222168,2248400,0.0,0.0
1996-04-08 00:00:00-04:00,6.575849054197385,6.603950973232417,6.379135620952164,6.5477471351623535,2148000,0.0,0.0
1996-04-09 00:00:00-04:00,6.660153865814209,6.744459610951098,6.63205195076858,6.660153865814209,1444400,0.0,0.0
1996-04-10 00:00:00-04:00,6.603950969068519,6.772562483172396,6.491543292999268,6.491543292999268,781600,0.0,0.0
1996-04-11 00:00:00-04:00,6.491543769836426,6.547747611999512,6.322932243347168,6.379136085510254,686000,0.0,0.0
1996-04-12 00:00:00-04:00,6.435338969816241,6.435338969816241,6.238625551524915,6.4072370529174805,668400,0.0,0.0
1996-04-15 00:00:00-04:00,6.463441373981954,6.491543292999268,6.463441373981954,6.491543292999268,310800,0.0,0.0
1996-04-16 00:00:00-04:00,6.4915432950546,6.575849052133232,6.379135618949759,6.5196452140808105,647200,0.0,0.0
1996-04-17 00:00:00-04:00,6.54774576028188,6.74445915222168,6.54774576028188,6.74445915222168,1656000,0.0,0.0
1996-04-18 00:00:00-04:00,6.744459617037733,6.744459617037733,6.632051956753771,6.688255786895752,540400,0.0,0.0
1996-04-19 00:00:00-04:00,6.716357701966743,6.744459617037733,6.57584812661179,6.688255786895752,335200,0.0,0.0
1996-04-22 00:00:00-04:00,6.57584754058293,6.57584754058293,6.266726502350399,6.294828414916992,1104400,0.0,0.0
1996-04-23 00:00:00-04:00,6.2105240595849205,6.238625978406572,5.901402952546757,5.929504871368408,2401600,0.0,0.0
1996-04-24 00:00:00-04:00,5.957605811265799,6.013809639673966,5.817096240245379,5.845198154449463,1201200,0.0,0.0
1996-04-25 00:00:00-04:00,5.873299570916926,5.901401482739495,5.620382364513805,5.788993835449219,2489600,0.0,0.0
1996-04-26 00:00:00-04:00,5.8451995849609375,5.929505348205566,5.788995742797852,5.8170976638793945,965200,0.0,0.0
1996-04-29 00:00:00-04:00,5.817096723828997,5.929504389989944,5.817096723828997,5.901402473449707,557200,0.0,0.0
1996-04-30 00:00:00-04:00,5.901402445400462,5.901402445400462,5.704689030553781,5.732790946960449,2202800,0.0,0.0
1996-05-01 00:00:00-04:00,5.704688583429043,5.845198154449463,5.676586669224959,5.845198154449463,2033600,0.0,0.0
1996-05-02 00:00:00-04:00,5.817096696180456,5.817096696180456,5.704689030553781,5.732790946960449,557600,0.0,0.0
1996-05-03 00:00:00-04:00,5.7889947797737875,5.7889947797737875,5.676587114147112,5.732790946960449,821600,0.0,0.0
1996-05-06 00:00:00-04:00,5.76089192362665,5.845197659094357,5.732790011804081,5.788993835449219,1545200,0.0,0.0
1996-05-07 00:00:00-04:00,5.7889942839594175,5.845198111959023,5.676586627960205,5.676586627960205,892400,0.0,0.0
1996-05-08 00:00:00-04:00,5.648485658168793,5.648485658168793,5.451772227287293,5.6203837394714355,1141200,0.0,0.0
1996-05-09 00:00:00-04:00,5.648486137390137,5.8451995849609375,5.620384216308594,5.8170976638793945,727600,0.0,0.0
1996-05-10 00:00:00-04:00,5.7608924765105645,6.154319279784456,5.7608924765105645,6.126217365264893,1629600,0.0,0.0
1996-05-13 00:00:00-04:00,6.0981164148118765,6.379135604434543,6.0981164148118765,6.32293176651001,1430400,0.0,0.0
1996-05-14 00:00:00-04:00,6.351033685472276,6.435339442359076,6.294829847547743,6.32293176651001,1562800,0.0,0.0
1996-05-15 00:00:00-04:00,6.322930327483586,6.379134152616774,6.266726502350399,6.294828414916992,767200,0.0,0.0
1996-05-16 00:00:00-04:00,6.294829847547743,6.379135604434543,6.294829847547743,6.32293176651001,512400,0.0,0.0
1996-05-17 00:00:00-04:00,6.294830322265625,6.379136085510254,6.294830322265625,6.351034164428711,330800,0.0,0.0
1996-05-20 00:00:00-04:00,6.379135604434543,6.379135604434543,6.294829847547743,6.32293176651001,390000,0.0,0.0
1996-05-21 00:00:00-04:00,6.351034164428711,6.43533992767334,6.322932243347168,6.351034164428711,573200,0.0,0.0
1996-05-22 00:00:00-04:00,6.322930327483586,6.322930327483586,6.238624589783805,6.294828414916992,362800,0.0,0.0
1996-05-23 00:00:00-04:00,6.266726964228862,6.294828878866659,6.210523134953267,6.2386250495910645,513200,0.0,0.0
1996-05-24 00:00:00-04:00,6.2386250495910645,6.2386250495910645,6.18242122031547,6.2386250495910645,295600,0.0,0.0
1996-05-28 00:00:00-04:00,6.210523596637326,6.238625513364191,6.098115929729862,6.154319763183594,398800,0.0,0.0
1996-05-29 00:00:00-04:00,6.126217846456728,6.182421679910459,6.126217846456728,6.154319763183594,195200,0.0,0.0
1996-05-30 00:00:00-04:00,6.1543192460503375,6.1543192460503375,5.957605845491651,5.985707759857178,232000,0.0,0.0
1996-05-31 00:00:00-04:00,5.985707725469883,5.985707725469883,5.817096240245379,5.845198154449463,403600,0.0,0.0
1996-06-03 00:00:00-04:00,5.901400619578139,6.013808250427246,5.845196804153585,6.013808250427246,644800,0.0,0.0
1996-06-04 00:00:00-04:00,6.04191164085768,6.2105231285095215,6.013809726249039,6.2105231285095215,805200,0.0,0.0
1996-06-05 00:00:00-04:00,6.154319305677672,6.266726964228862,6.154319305677672,6.2386250495910645,900000,0.0,0.0
1996-06-06 00:00:00-04:00,6.23862600962321,6.351033685472276,6.210524090660943,6.32293176651001,343200,0.0,0.0
1996-06-07 00:00:00-04:00,6.2948288853393,6.2948288853393,6.266726970672607,6.266726970672607,298800,0.0,0.0
1996-06-10 00:00:00-04:00,6.294828414916992,6.35103224005018,6.266726502350399,6.294828414916992,288400,0.0,0.0
1996-06-11 00:00:00-04:00,6.3229313063309185,6.435338973999023,6.3229313063309185,6.435338973999023,719600,0.0,0.0
1996-06-12 00:00:00-04:00,6.435339452909387,6.463441371917725,6.379135614892711,6.463441371917725,778400,0.0,0.0
1996-06-13 00:00:00-04:00,6.491542803613763,6.519644720512524,6.4072370529174805,6.4072370529174805,633200,0.0,0.0
1996-06-14 00:00:00-04:00,6.407236065183367,6.407236065183367,6.294828414916992,6.294828414916992,503200,0.0,0.0
1996-06-17 00:00:00-04:00,6.351033219119959,6.463440886715002,6.351033219119959,6.4072370529174805,210800,0.0,0.0
1996-06-18 00:00:00-04:00,6.40723752339681,6.435339442359076,6.294829847547743,6.32293176651001,408800,0.0,0.0
1996-06-19 00:00:00-04:00,6.35103224005018,6.35103224005018,6.294828414916992,6.294828414916992,164800,0.0,0.0
1996-06-20 00:00:00-04:00,6.351032714672687,6.351032714672687,6.238625056005914,6.266726970672607,140800,0.0,0.0
1996-06-21 00:00:00-04:00,6.238625056005914,6.322930800005994,6.238625056005914,6.266726970672607,766000,0.0,0.0
1996-06-24 00:00:00-04:00,6.294829847547743,6.32293176651001,6.2667279285854764,6.32293176651001,380800,0.0,0.0
1996-06-25 00:00:00-04:00,6.294828414916992,6.379134152616774,6.294828414916992,6.294828414916992,242400,0.0,0.0
1996-06-26 00:00:00-04:00,6.322930327483586,6.407236065183367,6.294828414916992,6.294828414916992,526000,0.0,0.0
1996-06-27 00:00:00-04:00,6.294829346817922,6.294829346817922,6.154319763183594,6.154319763183594,220000,0.0,0.0
1996-06-28 00:00:00-04:00,6.182421679910459,6.182421679910459,6.098115929729862,6.154319763183594,417600,0.0,0.0
1996-07-01 00:00:00-04:00,6.182421213900882,6.2105231285095215,6.1262173846836,6.2105231285095215,304000,0.0,0.0
1996-07-02 00:00:00-04:00,6.210523134953267,6.322930793504457,6.210523134953267,6.2386250495910645,156400,0.0,0.0
1996-07-03 00:00:00-04:00,6.238625023343148,6.294828852382275,6.126217365264893,6.126217365264893,212400,0.0,0.0
1996-07-05 00:00:00-04:00,6.126217828794967,6.126217828794967,6.041912078857422,6.041912078857422,82000,0.0,0.0
1996-07-08 00:00:00-04:00,6.013809130029771,6.013809130029771,5.788993835449219,5.788993835449219,443200,0.0,0.0
1996-07-09 00:00:00-04:00,5.845199114903455,5.957606790190059,5.788995277260152,5.929504871368408,550000,0.0,0.0
1996-07-10 00:00:00-04:00,5.929505348205566,5.929505348205566,5.67658805847168,5.704689979553223,605600,0.0,0.0
1996-07-11 00:00:00-04:00,5.7608918469361585,5.7608918469361585,5.536076555348406,5.564178466796875,452800,0.0,0.0
1996-07-12 00:00:00-04:00,5.67658757686615,5.7327914142608645,5.536077983379364,5.6203837394714355,479600,0.0,0.0
1996-07-15 00:00:00-04:00,5.704688996832988,5.732790913073544,5.479873666908535,5.536077499389648,1126800,0.0,0.0
1996-07-16 00:00:00-04:00,5.507976045211156,5.536077963809172,5.395568370819092,5.395568370819092,1009200,0.0,0.0
1996-07-17 00:00:00-04:00,5.451771760106686,5.620383257841944,5.451771760106686,5.592281341552734,478000,0.0,0.0
1996-07-18 00:00:00-04:00,5.592280378245344,5.592280378245344,5.42366890955453,5.564178466796875,1039600,0.0,0.0
1996-07-19 00:00:00-04:00,5.507976531982422,5.536078453063965,5.339365005493164,5.367466926574707,1988000,0.0,0.0
1996-07-22 00:00:00-04:00,5.395567363017314,5.423669276366363,5.114548229526829,5.198853969573975,659600,0.0,0.0
1996-07-23 00:00:00-04:00,5.255058770457273,5.423670281808843,5.255058770457273,5.311262607574463,971600,0.0,0.0
1996-07-24 00:00:00-04:00,5.255057796272071,5.255057796272071,5.08644631617778,5.198853969573975,619200,0.0,0.0
1996-07-25 00:00:00-04:00,5.226955882923023,5.311261622970169,5.198853969573975,5.198853969573975,546400,0.0,0.0
1996-07-26 00:00:00-04:00,5.255058770457273,5.339364526133058,5.198854933340082,5.311262607574463,878000,0.0,0.0
1996-07-29 00:00:00-04:00,5.255058752311455,5.311262589234572,5.086447241542103,5.114549160003662,375200,0.0,0.0
1996-07-30 00:00:00-04:00,5.198853969573975,5.226955882923023,5.142650142875878,5.198853969573975,800000,0.0,0.0
1996-07-31 00:00:00-04:00,5.1988549406329785,5.423670289417108,5.1988549406329785,5.395568370819092,619200,0.0,0.0
1996-08-01 00:00:00-04:00,5.395568370819092,5.395568370819092,5.339364533623059,5.395568370819092,470400,0.0,0.0
1996-08-02 00:00:00-04:00,5.3674650866575915,5.564178466796875,5.3674650866575915,5.564178466796875,387600,0.0,0.0
1996-08-05 00:00:00-04:00,5.648484230041504,5.67658614163375,5.620382318449257,5.648484230041504,375200,0.0,0.0
1996-08-06 00:00:00-04:00,5.620383727244842,5.648485645881066,5.451772215427496,5.479874134063721,668800,0.0,0.0
1996-08-07 00:00:00-04:00,5.479874134063721,5.536077971336169,5.423670296791272,5.479874134063721,783600,0.0,0.0
1996-08-08 00:00:00-04:00,5.507976531982422,5.536078453063965,5.39556884765625,5.507976531982422,525200,0.0,0.0
1996-08-09 00:00:00-04:00,5.507976531982422,5.536078453063965,5.367466926574707,5.367466926574707,522400,0.0,0.0
1996-08-12 00:00:00-04:00,5.395569334638879,5.395569334638879,5.255059716549326,5.283161640167236,635200,0.0,0.0
1996-08-13 00:00:00-04:00,5.2831597096211205,5.311261622970169,5.170752056224926,5.198853969573975,1203600,0.0,0.0
1996-08-14 00:00:00-04:00,5.198854441228121,5.255058273025181,5.14265060943106,5.17075252532959,342000,0.0,0.0
1996-08-15 00:00:00-04:00,5.198853953939969,5.198853953939969,5.086446300881808,5.142650127410889,424000,0.0,0.0
1996-08-16 00:00:00-04:00,5.170753479003906,5.198855400085449,5.058345794677734,5.086447715759277,820000,0.0,0.0
1996-08-19 00:00:00-04:00,5.086447241542103,5.17075299692678,5.030243404618987,5.114549160003662,1582400,0.0,0.0
1996-08-20 00:00:00-04:00,5.11454963684082,5.142651557922363,5.058345794677734,5.086447715759277,1482800,0.0,0.0
1996-08-21 00:00:00-04:00,5.086446740532999,5.170752487613656,4.945937162065237,4.974039077758789,1510400,0.0,0.0
1996-08-22 00:00:00-04:00,5.002140965572623,5.030242881109548,4.805427556814149,4.833529472351074,3029600,0.0,0.0
1996-08-23 00:00:00-04:00,4.83352902003697,4.945936671665737,4.805427107129779,4.917834758758545,1253600,0.0,0.0
1996-08-26 00:00:00-04:00,4.917835218961849,4.917835218961849,4.7773256412772245,4.833529472351074,1534800,0.0,0.0
1996-08-27 00:00:00-04:00,4.833529472351074,4.861631387887999,4.7773256412772245,4.833529472351074,1147600,0.0,0.0
1996-08-28 00:00:00-04:00,4.8054280281066895,4.8054280281066895,4.721122273227625,4.8054280281066895,1222800,0.0,0.0
1996-08-29 00:00:00-04:00,4.805428504943848,4.861632347106934,4.777326583862305,4.861632347106934,640800,0.0,0.0
1996-08-30 00:00:00-04:00,4.861631858983689,4.861631858983689,4.66491843116354,4.7492241859436035,980400,0.0,0.0
1996-09-03 00:00:00-04:00,4.721122259117035,4.721122259117035,4.6087145862809145,4.664918422698975,413600,0.0,0.0
1996-09-04 00:00:00-04:00,4.693021791737253,4.693021791737253,4.608716011047363,4.608716011047363,383600,0.0,0.0
1996-09-05 00:00:00-04:00,4.636816492787114,4.636816492787114,4.524408820234699,4.552510738372803,540800,0.0,0.0
1996-09-06 00:00:00-04:00,4.552510755402701,4.777326101348513,4.552510755402701,4.7211222648620605,686800,0.0,0.0
1996-09-09 00:00:00-04:00,4.693020349423561,4.805428022463646,4.693020349423561,4.7492241859436035,726400,0.0,0.0
1996-09-10 00:00:00-04:00,4.777326109813668,4.8054280281066895,4.749224191520646,4.8054280281066895,498400,0.0,0.0
1996-09-11 00:00:00-04:00,4.805428993202255,4.805428993202255,4.693021297454834,4.693021297454834,1094400,0.0,0.0
1996-09-12 00:00:00-04:00,4.721122741699219,4.721122741699219,4.327695846557617,4.412001609802246,4533600,0.0,0.0
1996-09-13 00:00:00-04:00,4.440104013834245,4.440104013834245,4.327696317281479,4.383900165557861,5126800,0.0,0.0
1996-09-16 00:00:00-04:00,4.383900165557861,4.468205937972436,4.35579824141967,4.383900165557861,2978000,0.0,0.0
1996-09-17 00:00:00-04:00,4.383898722661006,4.383898722661006,4.299592977994448,4.327694892883301,1354000,0.0,0.0
1996-09-18 00:00:00-04:00,4.355797290802002,4.3838992088071755,4.3276953727968275,4.355797290802002,726000,0.0,0.0
1996-09-19 00:00:00-04:00,4.327694917026954,4.4682044922551025,4.327694917026954,4.440102577209473,2028000,0.0,0.0
1996-09-20 00:00:00-04:00,4.440104466787776,4.5806141018127065,4.440104466787776,4.524410247802734,1625200,0.0,0.0
1996-09-23 00:00:00-04:00,4.55251074704257,4.693020338000673,4.524408828850949,4.636816501617432,2246000,0.0,0.0
1996-09-24 00:00:00-04:00,4.693020340908005,4.693020340908005,4.6087145862809145,4.664918422698975,1519600,0.0,0.0
1996-09-25 00:00:00-04:00,4.664918428375607,4.7211222648620605,4.664918428375607,4.7211222648620605,2014800,0.0,0.0
1996-09-26 00:00:00-04:00,4.749224174383915,4.749224174383915,4.636816501617432,4.636816501617432,702800,0.0,0.0
1996-09-27 00:00:00-04:00,4.6649184198090525,4.6649184198090525,4.594663624330001,4.636816501617432,605200,0.0,0.0
1996-09-30 00:00:00-04:00,4.63681651834856,4.833529946399711,4.63681651834856,4.8054280281066895,1048000,0.0,0.0
1996-10-01 00:00:00-04:00,4.805427066017599,4.805427066017599,4.721121328017291,4.77732515335083,959600,0.0,0.0
1996-10-02 00:00:00-04:00,4.77732515335083,4.833528978684369,4.77732515335083,4.77732515335083,578800,0.0,0.0
1996-10-03 00:00:00-04:00,4.777326109813668,4.861631864692733,4.777326109813668,4.8054280281066895,919200,0.0,0.0
1996-10-04 00:00:00-04:00,4.833530426025391,4.9178361892700195,4.833530426025391,4.889734268188477,704000,0.0,0.0
1996-10-07 00:00:00-04:00,4.889733303424924,4.889733303424924,4.833529472351074,4.833529472351074,448000,0.0,0.0
1996-10-08 00:00:00-04:00,4.83353091713911,4.83353091713911,4.664919373517979,4.693021297454834,885600,0.0,0.0
1996-10-09 00:00:00-04:00,4.805428013744124,4.805428013744124,4.664918422698975,4.664918422698975,584800,0.0,0.0
1996-10-10 00:00:00-04:00,4.664917979129525,4.861631387887999,4.6368160635926,4.833529472351074,802000,0.0,0.0
1996-10-11 00:00:00-04:00,4.861631864692733,4.861631864692733,4.721122273227625,4.8054280281066895,750800,0.0,0.0
1996-10-14 00:00:00-04:00,4.805427556814149,4.833529472351074,4.7773256412772245,4.833529472351074,860400,0.0,0.0
1996-10-15 00:00:00-04:00,4.861630891351139,4.861630891351139,4.77732515335083,4.77732515335083,462800,0.0,0.0
1996-10-16 00:00:00-04:00,4.777326104203625,4.777326104203625,4.7492241859436035,4.7492241859436035,376800,0.0,0.0
1996-10-17 00:00:00-04:00,4.777326104203625,4.777326104203625,4.7492241859436035,4.7492241859436035,374800,0.0,0.0
1996-10-18 00:00:00-04:00,4.721122259117035,4.749224177326065,4.664918422698975,4.664918422698975,1153200,0.0,0.0
1996-10-21 00:00:00-04:00,4.636817449581123,4.721123221391689,4.636817449581123,4.693021297454834,326000,0.0,0.0
1996-10-22 00:00:00-04:00,4.693020368164236,4.945937633514404,4.693020368164236,4.945937633514404,908400,0.0,0.0
1996-10-23 00:00:00-04:00,4.945937162065237,4.974039077758789,4.945937162065237,4.974039077758789,646800,0.0,0.0
1996-10-24 00:00:00-04:00,5.00214049748012,5.058344323294503,4.889732845851354,4.917834758758545,820000,0.0,0.0
1996-10-25 00:00:00-04:00,4.861631387887999,4.889733303424924,4.805427556814149,4.833529472351074,605600,0.0,0.0
1996-10-28 00:00:00-05:00,4.80542801959174,4.80542801959174,4.664918428375607,4.7211222648620605,734000,0.0,0.0
1996-10-29 00:00:00-05:00,4.777326101348513,4.777326101348513,4.7211222648620605,4.7211222648620605,150800,0.0,0.0
1996-10-30 00:00:00-05:00,4.721122273227625,4.833529946399711,4.721122273227625,4.8054280281066895,396800,0.0,0.0
1996-10-31 00:00:00-05:00,4.805428041653199,4.945937633514404,4.805428041653199,4.945937633514404,564800,0.0,0.0
1996-11-01 00:00:00-05:00,4.9178361892700195,4.9178361892700195,4.861632347106934,4.889734268188477,304000,0.0,0.0
1996-11-04 00:00:00-05:00,4.861630932944162,4.917834758758545,4.861630932944162,4.917834758758545,905600,0.0,0.0
1996-11-05 00:00:00-05:00,4.9178357151421634,4.945937633514404,4.889733796769923,4.945937633514404,403200,0.0,0.0
1996-11-06 00:00:00-05:00,4.9178361892700195,5.058345794677734,4.9178361892700195,5.030243873596191,817600,0.0,0.0
1996-11-07 00:00:00-05:00,5.058344387617267,5.142650127410889,5.030242474352727,5.142650127410889,549200,0.0,0.0
1996-11-08 00:00:00-05:00,5.114549154705471,5.142651073137919,5.002141480975681,5.058345317840576,233200,0.0,0.0
1996-11-11 00:00:00-05:00,5.030242945836938,5.198854441228121,5.030242945836938,5.17075252532959,300000,0.0,0.0
1996-11-12 00:00:00-05:00,5.142651096222893,5.367466444691653,5.114549177664298,5.311262607574463,956400,0.0,0.0
1996-11-13 00:00:00-05:00,5.283161640167236,5.311263563785147,5.255059716549326,5.283161640167236,418800,0.0,0.0
1996-11-14 00:00:00-05:00,5.255058772940385,5.36746644722788,5.226956854368511,5.339364528656006,684800,0.0,0.0
1996-11-15 00:00:00-05:00,5.311261606998131,5.367465433527212,5.114548214146348,5.142650127410889,533200,0.0,0.0
1996-11-18 00:00:00-05:00,5.198855869313504,5.311263563785147,5.170753945695593,5.283161640167236,595600,0.0,0.0
1996-11-19 00:00:00-05:00,5.226956854368511,5.339364528656006,5.226956854368511,5.339364528656006,550400,0.0,0.0
1996-11-20 00:00:00-05:00,5.339363604476771,5.479873173015634,5.283159777061226,5.451771259307861,960000,0.0,0.0
1996-11-21 00:00:00-05:00,5.479873173015634,5.536077000431179,5.423669345600089,5.451771259307861,849600,0.0,0.0
1996-11-22 00:00:00-05:00,5.451772689819336,5.507976531982422,5.451772689819336,5.507976531982422,979600,0.0,0.0
1996-11-25 00:00:00-05:00,5.479874134063721,5.648485645881066,5.479874134063721,5.479874134063721,1498000,0.0,0.0
1996-11-26 00:00:00-05:00,5.4517722029435,5.507976040087248,5.339364528656006,5.339364528656006,558800,0.0,0.0
1996-11-27 00:00:00-05:00,5.339364528656006,5.36746644722788,5.311262610084132,5.339364528656006,275200,0.0,0.0
1996-11-29 00:00:00-05:00,5.339363597217619,5.4517712518958845,5.339363597217619,5.423669338226318,112800,0.0,0.0
1996-12-02 00:00:00-05:00,5.451771259307861,5.451771259307861,5.367465518184544,5.451771259307861,292000,0.0,0.0
1996-12-03 00:00:00-05:00,5.451771259307861,5.592280827846724,5.451771259307861,5.451771259307861,332800,0.0,0.0
1996-12-04 00:00:00-05:00,5.507975086723406,5.507975086723406,5.395567431892316,5.451771259307861,297200,0.0,0.0
1996-12-05 00:00:00-05:00,5.479874610900879,5.507976531982422,5.39556884765625,5.507976531982422,718400,0.0,0.0
1996-12-06 00:00:00-05:00,5.4517712518958845,5.4517712518958845,5.2269559425393535,5.423669338226318,549600,0.0,0.0
1996-12-09 00:00:00-05:00,5.395567431892316,5.479873173015634,5.395567431892316,5.451771259307861,1378400,0.0,0.0
1996-12-10 00:00:00-05:00,5.479873173015634,5.479873173015634,5.367465518184544,5.451771259307861,909200,0.0,0.0
1996-12-11 00:00:00-05:00,5.283160691512259,5.339364528656006,5.198854935796637,5.339364528656006,497600,0.0,0.0
1996-12-12 00:00:00-05:00,5.395569334638879,5.423671258256791,5.255059716549326,5.283161640167236,400400,0.0,0.0
1996-12-13 00:00:00-05:00,5.255058752311455,5.255058752311455,5.086447241542103,5.114549160003662,864400,0.0,0.0
1996-12-16 00:00:00-05:00,5.086447715759277,5.142651557922363,5.030243873596191,5.030243873596191,538800,0.0,0.0
1996-12-17 00:00:00-05:00,5.002141486157428,5.142651078465221,4.974039567695869,5.114549160003662,456800,0.0,0.0
1996-12-18 00:00:00-05:00,5.11454963684082,5.170753479003906,5.030243873596191,5.030243873596191,377600,0.0,0.0
1996-12-19 00:00:00-05:00,5.058344387617267,5.170752040675429,5.058344387617267,5.142650127410889,828400,0.0,0.0
1996-12-20 00:00:00-05:00,5.002141480975681,5.086447236273023,4.974039562543233,5.058345317840576,628400,0.0,0.0
1996-12-23 00:00:00-05:00,5.058345312482856,5.058345312482856,4.945937638872126,5.00214147567749,428000,0.0,0.0
1996-12-24 00:00:00-05:00,5.002141952514648,5.11454963684082,5.002141952514648,5.086447715759277,125200,0.0,0.0
1996-12-26 00:00:00-05:00,5.11454963684082,5.11454963684082,5.086447715759277,5.086447715759277,136800,0.0,0.0
1996-12-27 00:00:00-05:00,5.086446740532999,5.086446740532999,4.945937162065237,4.974039077758789,750800,0.0,0.0
1996-12-30 00:00:00-05:00,4.945937619571797,4.945937619571797,4.721122273227625,4.8054280281066895,972000,0.0,0.0
1996-12-31 00:00:00-05:00,4.80542801959174,4.80542801959174,4.664918428375607,4.7211222648620605,1109600,0.0,0.0
1997-01-02 00:00:00-05:00,4.7492241859436035,4.7492241859436035,4.66491843116354,4.7492241859436035,446800,0.0,0.0
1997-01-03 00:00:00-05:00,4.74922324068406,4.77732515335083,4.721121328017291,4.77732515335083,612400,0.0,0.0
1997-01-06 00:00:00-05:00,4.777326104203625,4.777326104203625,4.693020349423561,4.7492241859436035,740000,0.0,0.0
1997-01-07 00:00:00-05:00,4.805427556814149,4.861631387887999,4.721121810203375,4.833529472351074,1118000,0.0,0.0
1997-01-08 00:00:00-05:00,4.833529946399711,4.833529946399711,4.749224191520646,4.8054280281066895,626800,0.0,0.0
1997-01-09 00:00:00-05:00,4.805427556814149,4.833529472351074,4.721121810203375,4.833529472351074,810400,0.0,0.0
1997-01-10 00:00:00-05:00,4.805427066017599,4.833528978684369,4.77732515335083,4.77732515335083,961200,0.0,0.0
1997-01-13 00:00:00-05:00,4.777327069265399,4.805428993202255,4.664919373517979,4.693021297454834,668400,0.0,0.0
1997-01-14 00:00:00-05:00,4.693021297454834,4.749225145328545,4.664919373517979,4.693021297454834,1434800,0.0,0.0
1997-01-15 00:00:00-05:00,4.693019415350521,4.945936629351447,4.693019415350521,4.77732515335083,1766400,0.0,0.0
1997-01-16 00:00:00-05:00,4.777326583862305,4.889734268188477,4.777326583862305,4.889734268188477,908000,0.0,0.0
1997-01-17 00:00:00-05:00,4.889733796769923,4.974039551886645,4.889733796769923,4.945937633514404,1482800,0.0,0.0
1997-01-20 00:00:00-05:00,4.9459381103515625,5.058345794677734,4.9459381103515625,5.030243873596191,1044800,0.0,0.0
1997-01-21 00:00:00-05:00,4.974039077758789,5.030242909145894,4.974039077758789,4.974039077758789,534400,0.0,0.0
1997-01-22 00:00:00-05:00,4.9459381103515625,4.9740400314331055,4.833530426025391,4.861632347106934,983200,0.0,0.0
1997-01-23 00:00:00-05:00,4.889733782985754,4.889733782985754,4.8054280281066895,4.8054280281066895,1709200,0.0,0.0
1997-01-24 00:00:00-05:00,4.805428504943848,4.861632347106934,4.805428504943848,4.861632347106934,638000,0.0,0.0
1997-01-27 00:00:00-05:00,4.917835701278776,4.945937619571797,4.8054280281066895,4.8054280281066895,495200,0.0,0.0
1997-01-28 00:00:00-05:00,4.7492241859436035,4.833529940723667,4.721122267683582,4.7492241859436035,735200,0.0,0.0
1997-01-29 00:00:00-05:00,4.749224662780762,4.9178361892700195,4.749224662780762,4.889734268188477,580000,0.0,0.0
1997-01-30 00:00:00-05:00,4.833528978684369,4.889732804017908,4.77732515335083,4.77732515335083,587200,0.0,0.0
1997-01-31 00:00:00-05:00,4.749224662780762,4.861632347106934,4.749224662780762,4.861632347106934,627200,0.0,0.0
1997-02-03 00:00:00-05:00,4.805428504943848,5.058345794677734,4.805428504943848,5.030243873596191,1064800,0.0,0.0
1997-02-04 00:00:00-05:00,5.058345317840576,5.114549154705471,5.030243399408128,5.058345317840576,567200,0.0,0.0
1997-02-05 00:00:00-05:00,5.058344323294503,5.058344323294503,4.917834758758545,4.917834758758545,577200,0.0,0.0
1997-02-06 00:00:00-05:00,4.9178361892700195,5.058345794677734,4.9178361892700195,5.030243873596191,766800,0.0,0.0
1997-02-07 00:00:00-05:00,5.058345312482856,5.058345312482856,5.00214147567749,5.00214147567749,582400,0.0,0.0
1997-02-10 00:00:00-05:00,5.030243388631127,5.030243388631127,4.945937633514404,4.945937633514404,374800,0.0,0.0
1997-02-11 00:00:00-05:00,4.945937644110785,5.086447236273023,4.917835725678338,5.058345317840576,1118400,0.0,0.0
1997-02-12 00:00:00-05:00,5.030243414704517,5.226956844329834,5.002141496186615,5.226956844329834,982800,0.0,0.0
1997-02-13 00:00:00-05:00,5.226956859230995,5.451772208015123,5.226956859230995,5.395568370819092,1681600,0.0,0.0
1997-02-14 00:00:00-05:00,5.367466444691653,5.3955683632502485,5.311262607574463,5.311262607574463,632400,0.0,0.0
1997-02-18 00:00:00-05:00,5.339364518401443,5.339364518401443,5.226956844329834,5.226956844329834,292000,0.0,0.0
1997-02-19 00:00:00-05:00,5.226956854368511,5.36746644722788,5.226956854368511,5.339364528656006,1224800,0.0,0.0
1997-02-20 00:00:00-05:00,5.339364528656006,5.36746644722788,5.311262610084132,5.339364528656006,734400,0.0,0.0
1997-02-21 00:00:00-05:00,5.339363604476771,5.451771259307861,5.339363604476771,5.451771259307861,791600,0.0,0.0
1997-02-24 00:00:00-05:00,5.451771760106686,5.592281341552734,5.395567927528266,5.592281341552734,758000,0.0,0.0
1997-02-25 00:00:00-05:00,5.592281341552734,5.648485174131154,5.564179425263524,5.592281341552734,776400,0.0,0.0
1997-02-26 00:00:00-05:00,5.620382289693813,5.648484201142282,5.507974643899937,5.564178466796875,1084800,0.0,0.0
1997-02-27 00:00:00-05:00,5.564178914138951,5.564178914138951,5.451771259307861,5.451771259307861,683600,0.0,0.0
1997-02-28 00:00:00-05:00,5.479874121515374,5.507976040087248,5.311262610084132,5.339364528656006,580400,0.0,0.0
1997-03-03 00:00:00-05:00,5.33936403651926,5.33936403651926,5.198854456610858,5.255058288574219,1699600,0.0,0.0
1997-03-04 00:00:00-05:00,5.395567424556752,5.507975079235018,5.311261683548053,5.423669338226318,1066800,0.0,0.0
1997-03-05 00:00:00-05:00,5.5079760646820075,5.67658757686615,5.5079760646820075,5.6203837394714355,2118400,0.0,0.0
1997-03-06 00:00:00-05:00,5.620383257841944,5.620383257841944,5.536077508974315,5.592281341552734,372800,0.0,0.0
1997-03-07 00:00:00-05:00,5.564178466796875,5.592280378245344,5.507974643899937,5.564178466796875,510400,0.0,0.0
1997-03-10 00:00:00-05:00,5.592281341552734,5.592281341552734,5.536077508974315,5.592281341552734,397600,0.0,0.0
1997-03-11 00:00:00-05:00,5.592281391507103,5.901402473449707,5.592281391507103,5.901402473449707,2238000,0.0,0.0
1997-03-12 00:00:00-05:00,5.873300578982331,6.041912078857422,5.7889948290447855,6.041912078857422,1217200,0.0,0.0
1997-03-13 00:00:00-05:00,5.985707246515739,6.098114894337631,5.873299598693848,5.873299598693848,1944400,0.0,0.0
1997-03-14 00:00:00-05:00,5.9295039244417875,6.070013496111024,5.90140201010794,5.957605838775635,1037600,0.0,0.0
1997-03-17 00:00:00-05:00,5.957606790190059,5.957606790190059,5.817097196081803,5.929504871368408,460000,0.0,0.0
1997-03-18 00:00:00-05:00,5.901402952546757,5.957606790190059,5.873301033725106,5.929504871368408,384400,0.0,0.0
1997-03-19 00:00:00-05:00,5.845198220069255,6.154319279784456,5.788994391030128,6.126217365264893,2245600,0.0,0.0
1997-03-20 00:00:00-05:00,6.098115912149119,6.210523578732513,5.985708245565725,6.041912078857422,1361200,0.0,0.0
1997-03-21 00:00:00-05:00,6.041912083272581,6.098115916605349,5.985708249939812,6.070013999938965,968400,0.0,0.0
1997-03-24 00:00:00-05:00,6.098115417319284,6.126217331684811,5.985707759857178,5.985707759857178,688800,0.0,0.0
1997-03-25 00:00:00-05:00,5.985709190368652,5.985709190368652,5.788995742797852,5.8170976638793945,579600,0.0,0.0
1997-03-26 00:00:00-05:00,5.817097209016299,6.098116397857666,5.788995290132162,6.098116397857666,986000,0.0,0.0
1997-03-27 00:00:00-05:00,6.098114855696515,6.098114855696515,5.7327900025902725,5.760891914367676,663200,0.0,0.0
1997-03-31 00:00:00-05:00,5.760891914367676,5.788993826145079,5.7327900025902725,5.760891914367676,225200,0.0,0.0
1997-04-01 00:00:00-05:00,5.704688053225996,5.7327899648182425,5.507974672080272,5.648484230041504,1438000,0.0,0.0
1997-04-02 00:00:00-05:00,5.395569334638879,5.507977029110523,5.170753945695593,5.283161640167236,3912400,0.0,0.0
1997-04-03 00:00:00-05:00,5.255058784973927,5.507976052699945,5.255058784973927,5.479874134063721,1480400,0.0,0.0
1997-04-04 00:00:00-05:00,5.423669401961979,5.760892369959614,5.395567487962175,5.676586627960205,1374000,0.0,0.0
1997-04-07 00:00:00-04:00,5.67658614163375,5.67658614163375,5.564178495264764,5.648484230041504,526800,0.0,0.0
1997-04-08 00:00:00-04:00,5.620383248111318,5.620383248111318,5.507975583149092,5.536077499389648,390400,0.0,0.0
1997-04-09 00:00:00-04:00,5.564179425263524,5.592281341552734,5.5079755926851055,5.592281341552734,406400,0.0,0.0
1997-04-10 00:00:00-04:00,5.536078453063965,5.592282295227051,5.507976531982422,5.507976531982422,306400,0.0,0.0
1997-04-11 00:00:00-04:00,5.507977029110523,5.507977029110523,5.283161640167236,5.283161640167236,318400,0.0,0.0
1997-04-14 00:00:00-04:00,5.3112626150250435,5.395568370819092,5.226956859230995,5.395568370819092,370000,0.0,0.0
1997-04-15 00:00:00-04:00,5.367466011239056,5.592281341552734,5.367466011239056,5.592281341552734,1389200,0.0,0.0
1997-04-16 00:00:00-04:00,5.592280378245344,5.620382289693813,5.564178466796875,5.564178466796875,615600,0.0,0.0
1997-04-17 00:00:00-04:00,5.592280378245344,5.648484201142282,5.536076555348406,5.564178466796875,492800,0.0,0.0
1997-04-18 00:00:00-04:00,5.5079755926851055,5.620383257841944,5.5079755926851055,5.592281341552734,669200,0.0,0.0
1997-04-21 00:00:00-04:00,5.620384216308594,5.620384216308594,5.479874610900879,5.507976531982422,510400,0.0,0.0
1997-04-22 00:00:00-04:00,5.564179902076721,5.6203837394714355,5.536077983379364,5.6203837394714355,560400,0.0,0.0
1997-04-23 00:00:00-04:00,5.564178531925853,5.760891914367676,5.45177088481624,5.760891914367676,489600,0.0,0.0
1997-04-24 00:00:00-04:00,5.760892411837212,5.901401982857631,5.760892411837212,5.845198154449463,1408800,0.0,0.0
1997-04-25 00:00:00-04:00,5.845197581281566,5.845197581281566,5.507974643899937,5.564178466796875,616800,0.0,0.0
1997-04-28 00:00:00-04:00,5.564179425263524,5.676587090420363,5.536077508974315,5.592281341552734,613200,0.0,0.0
1997-04-29 00:00:00-04:00,5.648486137390137,5.704689979553223,5.536078453063965,5.704689979553223,402400,0.0,0.0
1997-04-30 00:00:00-04:00,5.676587090420363,5.7046890067095735,5.592281341552734,5.592281341552734,819600,0.0,0.0
1997-05-01 00:00:00-04:00,5.395568378155048,5.536077971336169,5.3112626222463755,5.479874134063721,1186400,0.0,0.0
1997-05-02 00:00:00-04:00,5.479873229961584,5.676586627960205,5.451771315961781,5.676586627960205,767600,0.0,0.0
1997-05-05 00:00:00-04:00,5.67658614163375,5.67658614163375,5.592280406857011,5.648484230041504,419200,0.0,0.0
1997-05-06 00:00:00-04:00,5.620384216308594,5.704689979553223,5.507976531982422,5.507976531982422,997200,0.0,0.0
1997-05-07 00:00:00-04:00,5.536077499389648,5.536077499389648,5.507975583149092,5.536077499389648,359200,0.0,0.0
1997-05-08 00:00:00-04:00,5.5079755926851055,5.620383257841944,5.5079755926851055,5.592281341552734,558400,0.0,0.0
1997-05-09 00:00:00-04:00,5.620383248111318,5.704688996832988,5.536077499389648,5.536077499389648,703600,0.0,0.0
1997-05-12 00:00:00-04:00,5.536077971336169,5.536077971336169,5.451772215427496,5.479874134063721,618000,0.0,0.0
1997-05-13 00:00:00-04:00,5.507976040087248,5.507976040087248,5.339364528656006,5.339364528656006,486000,0.0,0.0
1997-05-14 00:00:00-04:00,5.395568370819092,5.451772208015123,5.367466452221075,5.395568370819092,650800,0.0,0.0
1997-05-15 00:00:00-04:00,5.395568370819092,5.395568370819092,5.339364533623059,5.395568370819092,269600,0.0,0.0
1997-05-16 00:00:00-04:00,5.367465510887185,5.507975079235018,5.367465510887185,5.423669338226318,568800,0.0,0.0
1997-05-19 00:00:00-04:00,5.451771750667978,5.536077499389648,5.451771750667978,5.536077499389648,480400,0.0,0.0
1997-05-20 00:00:00-04:00,5.5079760646820075,5.648485658168793,5.5079760646820075,5.6203837394714355,478000,0.0,0.0
1997-05-21 00:00:00-04:00,5.67658614163375,5.7327899648182425,5.648484230041504,5.648484230041504,872800,0.0,0.0
1997-05-22 00:00:00-04:00,5.620383257841944,5.648485174131154,5.592281341552734,5.592281341552734,609600,0.0,0.0
1997-05-23 00:00:00-04:00,5.592280885960796,5.704688541960008,5.592280885960796,5.676586627960205,486000,0.0,0.0
1997-05-27 00:00:00-04:00,5.648486137390137,5.704689979553223,5.620384216308594,5.704689979553223,242000,0.0,0.0
1997-05-28 00:00:00-04:00,5.704689495563508,5.704689495563508,5.564179902076721,5.6203837394714355,261600,0.0,0.0
1997-05-29 00:00:00-04:00,5.620383257841944,5.620383257841944,5.592281341552734,5.592281341552734,162800,0.0,0.0
1997-05-30 00:00:00-04:00,5.592281341552734,5.620383257841944,5.564179425263524,5.592281341552734,140000,0.0,0.0
1997-06-02 00:00:00-04:00,5.536078453063965,5.564180374145508,5.479874610900879,5.507976531982422,435600,0.0,0.0
1997-06-03 00:00:00-04:00,5.479873666908535,5.536077499389648,5.479873666908535,5.536077499389648,426800,0.0,0.0
1997-06-04 00:00:00-04:00,5.507975583149092,5.536077499389648,5.507975583149092,5.536077499389648,341200,0.0,0.0
1997-06-05 00:00:00-04:00,5.507975615707099,5.732790946960449,5.507975615707099,5.732790946960449,523200,0.0,0.0
1997-06-06 00:00:00-04:00,5.676587114147112,5.760892863367118,5.676587114147112,5.732790946960449,295600,0.0,0.0
1997-06-09 00:00:00-04:00,5.7327899648182425,5.7327899648182425,5.620382318449257,5.648484230041504,256400,0.0,0.0
1997-06-10 00:00:00-04:00,5.676586112590751,5.676586112590751,5.536076555348406,5.564178466796875,361600,0.0,0.0
1997-06-11 00:00:00-04:00,5.536077000431179,5.550127957285065,5.451771259307861,5.451771259307861,275200,0.0,0.0
1997-06-12 00:00:00-04:00,5.479874610900879,5.507976531982422,5.367466926574707,5.367466926574707,764000,0.0,0.0
1997-06-13 00:00:00-04:00,5.395567431892316,5.451771259307861,5.395567431892316,5.451771259307861,367600,0.0,0.0
1997-06-16 00:00:00-04:00,5.451771259307861,5.451771259307861,5.423669345600089,5.451771259307861,122800,0.0,0.0
1997-06-17 00:00:00-04:00,5.423670284371627,5.423670284371627,5.339364528656006,5.339364528656006,1113200,0.0,0.0
1997-06-18 00:00:00-04:00,5.339364085705752,5.536077499389648,5.311262169465196,5.536077499389648,345600,0.0,0.0
1997-06-19 00:00:00-04:00,5.5079760646820075,5.6203837394714355,5.5079760646820075,5.6203837394714355,2661600,0.0,0.0
1997-06-20 00:00:00-04:00,5.620382318449257,5.648484230041504,5.620382318449257,5.648484230041504,1988000,0.0,0.0
1997-06-23 00:00:00-04:00,5.648484713960403,5.704688541960008,5.648484713960403,5.676586627960205,1223600,0.0,0.0
1997-06-24 00:00:00-04:00,5.676586627960205,5.760892369959614,5.662535670960303,5.676586627960205,1136800,0.0,0.0
1997-06-25 00:00:00-04:00,5.690639495849609,5.704690457567756,5.676588534131462,5.690639495849609,1313600,0.0,0.0
1997-06-26 00:00:00-04:00,5.676586627960205,5.704688541960008,5.676586627960205,5.676586627960205,157600,0.0,0.0
1997-06-27 00:00:00-04:00,5.6765875874638265,5.760893343713289,5.6765875874638265,5.746842384338379,205200,0.0,0.0
1997-06-30 00:00:00-04:00,5.760891914367676,5.760891914367676,5.746840958478974,5.760891914367676,507200,0.0,0.0
1997-07-01 00:00:00-04:00,5.732791900634766,5.760893821716309,5.690639019012451,5.704689979553223,242400,0.0,0.0
1997-07-02 00:00:00-04:00,5.690638553665345,5.831148147583008,5.690638553665345,5.831148147583008,669200,0.0,0.0
1997-07-03 00:00:00-04:00,5.817096723828997,5.929504389989944,5.817096723828997,5.901402473449707,729200,0.0,0.0
1997-07-07 00:00:00-04:00,5.901401982857631,5.929503897061715,5.817096240245379,5.845198154449463,442400,0.0,0.0
1997-07-08 00:00:00-04:00,5.845197659094357,5.845197659094357,5.788993835449219,5.788993835449219,591200,0.0,0.0
1997-07-09 00:00:00-04:00,5.817097181212931,5.845199099962752,5.718740465588558,5.746842384338379,481600,0.0,0.0
1997-07-10 00:00:00-04:00,5.746842861175537,5.760893821716309,5.67658805847168,5.704689979553223,820400,0.0,0.0
1997-07-11 00:00:00-04:00,5.732790038916483,5.90140151064932,5.718739082938746,5.873299598693848,325600,0.0,0.0
1997-07-14 00:00:00-04:00,5.901401982857631,5.901401982857631,5.817096240245379,5.845198154449463,419600,0.0,0.0
1997-07-15 00:00:00-04:00,5.887351052941017,5.971656795942558,5.873300095774093,5.957605838775635,429600,0.0,0.0
1997-07-16 00:00:00-04:00,5.985706342714969,6.0700120658518,5.971655388858831,6.013808250427246,1308800,0.0,0.0
1997-07-17 00:00:00-04:00,5.985709190368652,5.985709190368652,5.788995742797852,5.8170976638793945,658800,0.0,0.0
1997-07-18 00:00:00-04:00,5.78899480728876,5.901402473449707,5.78899480728876,5.901402473449707,432400,0.0,0.0
1997-07-21 00:00:00-04:00,5.957605835393811,6.027860621188549,5.943554878234863,5.943554878234863,638800,0.0,0.0
1997-07-22 00:00:00-04:00,5.957606326727878,6.084064951587668,5.957606326727878,6.02786111831665,1033200,0.0,0.0
1997-07-23 00:00:00-04:00,6.0138101837851785,6.182421684265137,6.0138101837851785,6.182421684265137,1432400,0.0,0.0
1997-07-24 00:00:00-04:00,6.182421213900882,6.252676000422483,6.08406451277064,6.2105231285095215,1145600,0.0,0.0
1997-07-25 00:00:00-04:00,6.210523638662813,6.5055937662915895,6.1964726802043,6.435338973999023,1027200,0.0,0.0
1997-07-28 00:00:00-04:00,6.379135140164971,6.46344089091605,6.379135140164971,6.435338973999023,356800,0.0,0.0
1997-07-29 00:00:00-04:00,6.421288967132568,6.421288967132568,6.351034164428711,6.393187046051025,566000,0.0,0.0
1997-07-30 00:00:00-04:00,6.393185640256811,6.505593299865723,6.393185640256811,6.505593299865723,1232400,0.0,0.0
1997-07-31 00:00:00-04:00,6.519644755389676,6.660154340635143,6.505593796865129,6.646103382110596,658400,0.0,0.0
1997-08-01 00:00:00-04:00,6.632052413418761,6.744460081442808,6.547746662400726,6.575848579406738,1511200,0.0,0.0
1997-08-04 00:00:00-04:00,6.589899548012409,6.660154340635143,6.589899548012409,6.646103382110596,822800,0.0,0.0
1997-08-05 00:00:00-04:00,6.660154812341074,6.660154812341074,6.561798095703125,6.561798095703125,1474400,0.0,0.0
1997-08-06 00:00:00-04:00,6.561798095703125,6.575849055222832,6.5477471361834185,6.561798095703125,635600,0.0,0.0
1997-08-07 00:00:00-04:00,6.575849533081055,6.688257217407227,6.53369665145874,6.53369665145874,642400,0.0,0.0
1997-08-08 00:00:00-04:00,6.491543769836426,6.491543769836426,6.3088812828063965,6.393187046051025,277600,0.0,0.0
1997-08-11 00:00:00-04:00,6.3791356138674,6.477492330380775,6.351033694863579,6.449390411376953,702000,0.0,0.0
1997-08-12 00:00:00-04:00,6.47749132735006,6.47749132735006,6.252676010131836,6.252676010131836,729600,0.0,0.0
1997-08-13 00:00:00-04:00,6.280779836438016,6.351034644451864,6.266728874835246,6.308881759643555,487200,0.0,0.0
1997-08-14 00:00:00-04:00,6.308880807028877,6.3369827259911435,6.294829847547743,6.32293176651001,90000,0.0,0.0
1997-08-15 00:00:00-04:00,6.308880305181355,6.322931263544788,6.154319763183594,6.154319763183594,870400,0.0,0.0
1997-08-18 00:00:00-04:00,6.18242119430402,6.18242119430402,6.098115450745329,6.126217365264893,389200,0.0,0.0
1997-08-19 00:00:00-04:00,6.140269756317139,6.182422637939453,6.126218795776367,6.168371677398682,810000,0.0,0.0
1997-08-20 00:00:00-04:00,6.168370256596561,6.2105231285095215,6.154319299292241,6.2105231285095215,637200,0.0,0.0
1997-08-21 00:00:00-04:00,6.238624589783805,6.294828414916992,6.238624589783805,6.294828414916992,208800,0.0,0.0
1997-08-22 00:00:00-04:00,6.2105231285095215,6.2105231285095215,6.154319299292241,6.2105231285095215,214400,0.0,0.0
1997-08-25 00:00:00-04:00,6.238624589783805,6.39318510890007,6.238624589783805,6.294828414916992,282400,0.0,0.0
1997-08-26 00:00:00-04:00,6.280777437154112,6.322930305859844,6.224573612213135,6.224573612213135,532000,0.0,0.0
1997-08-27 00:00:00-04:00,6.2245736035630275,6.238624559778745,6.168369778700156,6.196471691131592,100400,0.0,0.0
1997-08-28 00:00:00-04:00,6.182422154510076,6.196473113952144,6.098116397857666,6.098116397857666,354800,0.0,0.0
1997-08-29 00:00:00-04:00,6.112167835235596,6.224575519561768,6.098116874694824,6.168371677398682,256000,0.0,0.0
1997-09-02 00:00:00-04:00,6.154318822484438,6.210522647347309,6.1402678662687205,6.196471691131592,234000,0.0,0.0
1997-09-03 00:00:00-04:00,6.196474066821398,6.322932721246324,6.196474066821398,6.308881759643555,202000,0.0,0.0
1997-09-04 00:00:00-04:00,6.308880810179721,6.4212884860849275,6.280778891203419,6.365084648132324,215600,0.0,0.0
1997-09-05 00:00:00-04:00,6.379135615913573,6.477492332458496,6.379135615913573,6.477492332458496,508400,0.0,0.0
1997-09-08 00:00:00-04:00,6.491541934013366,6.74445915222168,6.491541934013366,6.74445915222168,2128800,0.0,0.0
1997-09-09 00:00:00-04:00,6.702307224273682,6.772562016980952,6.603950514483501,6.702307224273682,1329600,0.0,0.0
1997-09-10 00:00:00-04:00,6.730410099029541,6.842817783355713,6.7163591384887695,6.800664901733398,715200,0.0,0.0
1997-09-11 00:00:00-04:00,6.772561579215818,6.927122113181324,6.744459663949362,6.913071155548096,2692400,0.0,0.0
1997-09-12 00:00:00-04:00,6.969274974260174,6.98332593186957,6.842816355775614,6.85686731338501,1633200,0.0,0.0
1997-09-15 00:00:00-04:00,6.814713974388279,6.8990197142776175,6.772561104443609,6.8849687576293945,558400,0.0,0.0
1997-09-16 00:00:00-04:00,6.884968261169307,6.941172083709465,6.82876443862915,6.82876443862915,825200,0.0,0.0
1997-09-17 00:00:00-04:00,6.828765398166219,6.884969228603802,6.800663482947428,6.85686731338501,685200,0.0,0.0
1997-09-18 00:00:00-04:00,6.828765398166219,6.85686731338501,6.716357737291055,6.85686731338501,526800,0.0,0.0
1997-09-19 00:00:00-04:00,6.969275966286659,7.2362441988661885,6.969275966286659,7.194091320037842,2404400,0.0,0.0
1997-09-22 00:00:00-04:00,7.2362446784973145,7.362703323364258,7.2081427574157715,7.2081427574157715,1662000,0.0,0.0
1997-09-23 00:00:00-04:00,7.1940913046559976,7.1940913046559976,6.800664436432623,6.969275951385498,1264000,0.0,0.0
1997-09-24 00:00:00-04:00,7.02547932428027,7.137886993468754,6.997377406983149,7.081683158874512,1090400,0.0,0.0
1997-09-25 00:00:00-04:00,7.095734117523072,7.137886993468754,7.081683158874512,7.081683158874512,641600,0.0,0.0
1997-09-26 00:00:00-04:00,7.123835566475636,7.306498016898088,7.109784608750831,7.1378865242004395,682400,0.0,0.0
1997-09-29 00:00:00-04:00,7.137888874003286,7.48916293276329,7.137888874003286,7.404857158660889,2866400,0.0,0.0
1997-09-30 00:00:00-04:00,7.418906686877117,7.418906686877117,7.320549969437458,7.390804767608643,564400,0.0,0.0
1997-10-01 00:00:00-04:00,7.404854234059651,7.475109018064012,7.067631270838718,7.165987968444824,1526000,0.0,0.0
1997-10-02 00:00:00-04:00,7.1659879571587375,7.208140827494965,7.12383508682251,7.12383508682251,988000,0.0,0.0
1997-10-03 00:00:00-04:00,7.151937435312969,7.180039350579425,6.913071155548096,6.913071155548096,983600,0.0,0.0
1997-10-06 00:00:00-04:00,6.927122133289406,7.039529794681526,6.927122133289406,7.011427879333496,966800,0.0,0.0
1997-10-07 00:00:00-04:00,7.011427410110504,7.081682193778946,7.011427410110504,7.039529323577881,720000,0.0,0.0
1997-10-08 00:00:00-04:00,7.053579821444974,7.095732688903809,7.01142695398614,7.095732688903809,620800,0.0,0.0
1997-10-09 00:00:00-04:00,7.095733184440463,7.180038925245696,7.0816822276395905,7.165987968444824,634000,0.0,0.0
1997-10-10 00:00:00-04:00,7.165987968444824,7.208140838847441,7.123835098042207,7.165987968444824,348800,0.0,0.0
1997-10-13 00:00:00-04:00,7.165988433973591,7.208141307114612,7.1097846031188965,7.1097846031188965,198400,0.0,0.0
1997-10-14 00:00:00-04:00,7.137886518546243,7.165988433973591,7.067631729977875,7.1097846031188965,557200,0.0,0.0
1997-10-15 00:00:00-04:00,7.12383513807564,7.376752361912645,7.12383513807564,7.3205485343933105,1030800,0.0,0.0
1997-10-16 00:00:00-04:00,7.348650890072499,7.376752805522107,7.1378865242004395,7.1378865242004395,983200,0.0,0.0
1997-10-17 00:00:00-04:00,7.137886054843079,7.165987968444824,7.039529357236974,7.165987968444824,1080800,0.0,0.0
1997-10-20 00:00:00-04:00,7.165988008715141,7.348650448152978,7.165988008715141,7.3205485343933105,1162000,0.0,0.0
1997-10-21 00:00:00-04:00,7.3346018649388425,7.573468209199303,7.3346018649388425,7.559417247772217,1122400,0.0,0.0
1997-10-22 00:00:00-04:00,7.531315784349738,7.685876369476318,7.531315784349738,7.685876369476318,2650400,0.0,0.0
1997-10-23 00:00:00-04:00,7.64371971462084,7.75612735748291,7.545363027116527,7.75612735748291,1267600,0.0,0.0
1997-10-24 00:00:00-04:00,7.756127272079239,7.868534913703576,7.531311988830566,7.531311988830566,1006800,0.0,0.0
1997-10-27 00:00:00-05:00,7.531314334561747,7.531314334561747,6.969275951385498,6.969275951385498,996000,0.0,0.0
1997-10-28 00:00:00-05:00,6.800663091622146,7.222191795648312,6.744459264418658,7.165987968444824,803200,0.0,0.0
1997-10-29 00:00:00-05:00,7.222195118495397,7.404857640947615,7.222195118495397,7.376755714416504,919600,0.0,0.0
1997-10-30 00:00:00-05:00,7.292447090148926,7.3486509212868745,7.250294216795464,7.292447090148926,566800,0.0,0.0
1997-10-31 00:00:00-05:00,7.292447130331833,7.573466287570054,7.278396172469922,7.503211498260498,779600,0.0,0.0
1997-11-03 00:00:00-05:00,7.559417238218103,7.7280287751300305,7.559417238218103,7.713977813720703,837200,0.0,0.0
1997-11-04 00:00:00-05:00,7.71397637796926,7.71397637796926,7.615619666410453,7.671823501586914,388400,0.0,0.0
1997-11-05 00:00:00-05:00,7.671823515358384,7.798282144732424,7.6437215977197095,7.784231185913086,794400,0.0,0.0
1997-11-06 00:00:00-05:00,7.812331697732581,7.896637435477897,7.812331697732581,7.882586479187012,586800,0.0,0.0
1997-11-07 00:00:00-05:00,7.840435981750488,7.95284366607666,7.826385021209717,7.840435981750488,803600,0.0,0.0
1997-11-10 00:00:00-05:00,7.868538389223303,7.868538389223303,7.685875890902048,7.713977813720703,1256400,0.0,0.0
1997-11-11 00:00:00-05:00,7.699925419175145,7.71397637796926,7.643721583998683,7.671823501586914,287600,0.0,0.0
1997-11-12 00:00:00-05:00,7.6718230168463775,7.6718230168463775,7.629670143127441,7.629670143127441,706400,0.0,0.0
1997-11-13 00:00:00-05:00,7.629671573638916,7.699926376342773,7.559416770935059,7.6156206130981445,264000,0.0,0.0
1997-11-14 00:00:00-05:00,7.615620158088039,7.980945110321045,7.615620158088039,7.980945110321045,656400,0.0,0.0
1997-11-17 00:00:00-05:00,8.065250396728516,8.219810944401013,8.051199437849197,8.065250396728516,1121600,0.0,0.0
1997-11-18 00:00:00-05:00,8.121452740502951,8.121452740502951,7.8123317019370955,7.896637439727783,910400,0.0,0.0
1997-11-19 00:00:00-05:00,7.89664080733553,7.924742731916795,7.657774448394775,7.657774448394775,1117600,0.0,0.0
1997-11-20 00:00:00-05:00,7.7139727602471835,8.121450374176453,7.7139727602471835,8.037144660949707,3718000,0.0,0.0
1997-11-21 00:00:00-05:00,8.093352340439619,8.318167683229609,8.079301381515245,8.29006576538086,3051600,0.0,0.0
1997-11-24 00:00:00-05:00,8.276013814866749,8.276013814866749,8.037147541772123,8.121453285217285,694800,0.0,0.0
1997-11-25 00:00:00-05:00,8.121452812497893,8.17765663818992,8.09335089965188,8.135503768920898,452400,0.0,0.0
1997-11-26 00:00:00-05:00,8.13550615310669,8.276015758514404,8.121455192565918,8.261964797973633,474800,0.0,0.0
1997-11-28 00:00:00-05:00,8.276014819193046,8.430575367599028,8.276014819193046,8.402473449707031,190800,0.0,0.0
1997-12-01 00:00:00-05:00,8.458677295027979,8.613237843608225,8.458677295027979,8.48677921295166,1585600,0.0,0.0
1997-12-02 00:00:00-05:00,8.528933975941095,8.88020802766849,8.486781089733809,8.767800331115723,1652400,0.0,0.0
1997-12-03 00:00:00-05:00,8.76779658794403,9.006662841141223,8.641337983310223,8.9926118850708,2036400,0.0,0.0
1997-12-04 00:00:00-05:00,9.02071618959424,9.02071618959424,8.964512350406736,9.006665229797363,1708000,0.0,0.0
1997-12-05 00:00:00-05:00,8.711593615544306,8.908307019766275,8.641338828322175,8.655389785766602,1597600,0.0,0.0
1997-12-08 00:00:00-05:00,8.655387436134228,8.950457462366076,8.655387436134228,8.725642204284668,1043200,0.0,0.0
1997-12-09 00:00:00-05:00,8.711592148251697,8.711592148251697,8.45867495685084,8.58513355255127,1178800,0.0,0.0
1997-12-10 00:00:00-05:00,8.585134967325544,8.585134967325544,8.458676350785561,8.514880180358887,1857200,0.0,0.0
1997-12-11 00:00:00-05:00,8.318167729531565,8.8240022536247,8.318167729531565,8.711594581604004,6418800,0.0,0.0
1997-12-12 00:00:00-05:00,8.711592683454802,8.824000330983251,8.613235991867409,8.739694595336914,1718800,0.0,0.0
1997-12-15 00:00:00-05:00,8.7396969772117,8.7396969772117,8.61323833927777,8.69754409790039,1672400,0.0,0.0
1997-12-16 00:00:00-05:00,8.59918930764603,8.683495085171971,8.444628715515137,8.444628715515137,1831600,0.0,0.0
1997-12-17 00:00:00-05:00,8.472730641357117,8.486781604278107,8.374373900910186,8.444628715515137,2593600,0.0,0.0
1997-12-18 00:00:00-05:00,8.486776221288393,8.486776221288393,8.17765523309577,8.205757141113281,1560400,0.0,0.0
1997-12-19 00:00:00-05:00,7.924740314483643,7.980944146501257,7.685874028408781,7.924740314483643,2144400,0.0,0.0
1997-12-22 00:00:00-05:00,8.037147073959853,8.135503768920898,8.023096117536845,8.135503768920898,1282000,0.0,0.0
1997-12-23 00:00:00-05:00,8.135504255589751,8.177657127380371,7.994994682954349,8.177657127380371,1055200,0.0,0.0
1997-12-24 00:00:00-05:00,8.205758567535243,8.219809523986502,8.149554741730206,8.191707611083984,252400,0.0,0.0
1997-12-26 00:00:00-05:00,8.205760955810547,8.261964797973633,8.191709995269775,8.261964797973633,304800,0.0,0.0
1997-12-29 00:00:00-05:00,8.26196384753211,8.332218642153983,8.233861929683362,8.29006576538086,560400,0.0,0.0
1997-12-30 00:00:00-05:00,8.29006578127543,8.48677920659383,8.29006578127543,8.430575370788574,824800,0.0,0.0
1997-12-31 00:00:00-05:00,8.430575401552261,8.711594581604004,8.430575401552261,8.711594581604004,1230400,0.0,0.0
1998-01-02 00:00:00-05:00,8.880205098503188,8.880205098503188,8.599185949816377,8.627287864685059,1011600,0.0,0.0
1998-01-05 00:00:00-05:00,8.655392634562958,8.767800331115723,8.655392634562958,8.767800331115723,1876000,0.0,0.0
1998-01-06 00:00:00-05:00,8.76779658794403,8.9926118850708,8.739694675803184,8.9926118850708,843200,0.0,0.0
1998-01-07 00:00:00-05:00,8.964509543725999,9.119070053100586,8.90830572213524,9.119070053100586,1201600,0.0,0.0
1998-01-08 00:00:00-05:00,9.07691757565453,9.10501948765346,8.767796543666295,8.852102279663086,1547600,0.0,0.0
1998-01-09 00:00:00-05:00,9.161224335524896,9.38603965664207,9.02071475982666,9.02071475982666,3666000,0.0,0.0
1998-01-12 00:00:00-05:00,8.936412753128424,9.245533948991357,8.866157935886848,9.217432022094727,1596800,0.0,0.0
1998-01-13 00:00:00-05:00,9.231481075286865,9.498449325561523,9.203379154205322,9.414143562316895,1860400,0.0,0.0
1998-01-14 00:00:00-05:00,9.414142138182143,9.456295013427734,9.245530637199776,9.456295013427734,1659200,0.0,0.0
1998-01-15 00:00:00-05:00,9.45629550560176,9.779467565971508,9.45629550560176,9.610856056213379,2300400,0.0,0.0
1998-01-16 00:00:00-05:00,9.610856093717425,10.10263966576437,9.526550338509377,10.00428295135498,1644400,0.0,0.0
1998-01-20 00:00:00-05:00,10.102639225625406,10.369607438819958,10.018333474090285,10.299352645874023,2595200,0.0,0.0
1998-01-21 00:00:00-05:00,10.369606997240036,10.566320409111798,10.369606997240036,10.510116577148438,2106800,0.0,0.0
1998-01-22 00:00:00-05:00,10.397709355998332,10.55226990047939,10.285301687284838,10.299352645874023,1026400,0.0,0.0
1998-01-23 00:00:00-05:00,10.313401600756118,10.313401600756118,9.835669101538532,10.018331527709961,994800,0.0,0.0
1998-01-26 00:00:00-05:00,10.074537747361687,10.158843502569734,9.948079114549616,10.00428295135498,1032400,0.0,0.0
1998-01-27 00:00:00-05:00,10.004282937769876,10.018333896952138,9.779467590853699,9.863773345947266,1757200,0.0,0.0
1998-01-28 00:00:00-05:00,10.903544454574586,11.296971316337586,10.748983901739122,11.240767478942871,4126800,0.0,0.0
1998-01-29 00:00:00-05:00,11.21266796204156,11.226718924400009,10.945699677231048,11.058107376098633,2104400,0.0,0.0
1998-01-30 00:00:00-05:00,11.044053537965281,11.184563124962295,10.875442033568865,10.917594909667969,1864000,0.0,0.0
1998-02-02 00:00:00-05:00,11.030003067172702,11.156461701063852,10.973799229887744,10.987850189208984,1508800,0.0,0.0
1998-02-03 00:00:00-05:00,10.987849264361095,11.212664594578202,10.917594473668249,11.156460762023926,1444400,0.0,0.0
1998-02-04 00:00:00-05:00,11.100254913429161,11.100254913429161,10.819235801696777,10.819235801696777,1448000,0.0,0.0
1998-02-05 00:00:00-05:00,10.861392019942267,10.98785065924302,10.833290100097656,10.833290100097656,1170800,0.0,0.0
1998-02-06 00:00:00-05:00,10.833288686747416,11.030002099995748,10.81923772865825,10.931645393371582,1160000,0.0,0.0
1998-02-09 00:00:00-05:00,11.07215690612793,11.409379959106445,11.058105945587158,11.409379959106445,2207600,0.0,0.0
1998-02-10 00:00:00-05:00,11.409379041590396,11.971417418023421,11.353175203947094,11.859009742736816,2025600,0.0,0.0
1998-02-11 00:00:00-05:00,11.859008828891126,12.168129912108666,11.830906912234985,12.111926078796387,1171600,0.0,0.0
1998-02-12 00:00:00-05:00,12.097873004917481,13.20789851872524,12.013567269691576,12.91282844543457,3448800,0.0,0.0
1998-02-13 00:00:00-05:00,12.912832255944464,13.7137369769334,12.758271695753615,12.800424575805664,5180400,0.0,0.0
1998-02-17 00:00:00-05:00,12.828523643160127,13.264103306838072,12.702065031124596,12.8566255569458,2405200,0.0,0.0
1998-02-18 00:00:00-05:00,12.82852304277786,13.123593123717987,12.435096268191025,12.44914722442627,2652800,0.0,0.0
1998-02-19 00:00:00-05:00,12.196232797907687,12.406997189576598,12.154079919573904,12.224334716796875,2460000,0.0,0.0
1998-02-20 00:00:00-05:00,12.055720228897897,12.083822140853371,11.549885813699385,11.746599197387695,2554800,0.0,0.0
1998-02-23 00:00:00-05:00,12.08382423025383,12.561556816101074,12.08382423025383,12.561556816101074,4439200,0.0,0.0
1998-02-24 00:00:00-05:00,12.561555707229758,12.575606664396682,11.91521167755127,11.91521167755127,1560000,0.0,0.0
1998-02-25 00:00:00-05:00,12.196230460782868,12.44914768231984,12.055720893262327,12.37889289855957,1663200,0.0,0.0
1998-02-26 00:00:00-05:00,12.308640969078056,12.659914969337132,12.111927528932972,12.631813049316406,2021200,0.0,0.0
1998-02-27 00:00:00-05:00,12.631810120096542,12.80042160112119,12.37889289855957,12.37889289855957,1648400,0.0,0.0
1998-03-02 00:00:00-05:00,12.589659192959017,12.64586302864187,12.364843850227606,12.406996726989746,935600,0.0,0.0
1998-03-03 00:00:00-05:00,12.463200578764331,12.702066880724864,12.463200578764331,12.547506332397461,1732800,0.0,0.0
1998-03-04 00:00:00-05:00,12.533453415142663,12.702064896063863,12.336740020734593,12.350790977478027,1220800,0.0,0.0
1998-03-05 00:00:00-05:00,12.294590963460024,12.294590963460024,11.71850155831504,11.957367897033691,1373200,0.0,0.0
1998-03-06 00:00:00-05:00,12.069771850014382,12.533453422832164,12.055720893262327,12.37889289855957,1287200,0.0,0.0
1998-03-09 00:00:00-05:00,12.505353455580895,12.758270716480284,12.477251537703186,12.547506332397461,956400,0.0,0.0
1998-03-10 00:00:00-05:00,12.688015479790536,12.926881773430004,12.688015479790536,12.814474105834961,736000,0.0,0.0
1998-03-11 00:00:00-05:00,12.870677939632483,12.997136565676907,12.716117396689297,12.814474105834961,1190000,0.0,0.0
1998-03-12 00:00:00-05:00,12.814475079974391,13.137647148877255,12.814475079974391,13.095494270324707,955200,0.0,0.0
1998-03-13 00:00:00-05:00,13.137645674635825,13.179798548458185,12.842575557879298,12.88472843170166,544400,0.0,0.0
1998-03-16 00:00:00-05:00,12.926882762136236,13.193850993093397,12.926882762136236,13.179800033569336,1110800,0.0,0.0
1998-03-17 00:00:00-05:00,13.179797602473078,13.306256214863545,12.997135162353516,12.997135162353516,1036800,0.0,0.0
1998-03-18 00:00:00-05:00,12.997136569910028,13.0392894452719,12.744219317738807,12.842576026916504,829600,0.0,0.0
1998-03-19 00:00:00-05:00,13.039288514633672,13.0673904295359,12.828524152866965,13.011186599731445,1011600,0.0,0.0
1998-03-20 00:00:00-05:00,13.011188976065911,13.15169857623941,12.702067855684216,12.800424575805664,1896000,0.0,0.0
1998-03-23 00:00:00-05:00,11.802804484169863,11.985466934520112,11.662294906977365,11.873059272766113,5552800,0.0,0.0
1998-03-24 00:00:00-05:00,11.97141649113145,12.23838469926701,11.887110741193904,12.083824157714844,2579600,0.0,0.0
1998-03-25 00:00:00-05:00,12.196231837636054,12.308639504342377,11.999518420899989,12.168129920959473,1538400,0.0,0.0
1998-03-26 00:00:00-05:00,12.168128447504769,12.18217940414161,11.901160271404779,12.013567924499512,688000,0.0,0.0
1998-03-27 00:00:00-05:00,11.929262654842761,12.22433275584594,11.929262654842761,11.999517440795898,790000,0.0,0.0
1998-03-30 00:00:00-05:00,12.08382411694017,12.111926033491194,11.690397285225838,11.830906867980957,906000,0.0,0.0
1998-03-31 00:00:00-05:00,11.887109360480391,12.21028136437052,11.887109360480391,12.18217945098877,2011200,0.0,0.0
1998-04-01 00:00:00-05:00,12.22433421145011,12.252436129177582,11.873060239856716,11.985467910766602,1212400,0.0,0.0
1998-04-02 00:00:00-05:00,11.985467017037527,12.294588088989258,11.985467017037527,12.294588088989258,966400,0.0,0.0
1998-04-03 00:00:00-05:00,12.57560826928576,12.800423612647293,12.449149638644897,12.716117858886719,2824400,0.0,0.0
1998-04-06 00:00:00-04:00,12.814476981725884,12.870680828136962,12.491304864862183,12.61776351928711,939600,0.0,0.0
1998-04-07 00:00:00-04:00,12.58965724984038,12.645861076848595,12.3086381147993,12.37889289855957,509200,0.0,0.0
1998-04-08 00:00:00-04:00,12.378892485584531,12.617758742400579,12.322688660451345,12.589656829833984,916800,0.0,0.0
1998-04-09 00:00:00-04:00,12.631812105126142,12.926882243288155,12.631812105126142,12.716117858886719,833600,0.0,0.0
1998-04-13 00:00:00-04:00,12.814473672626606,13.053339958190918,12.814473672626606,13.053339958190918,1226400,0.0,0.0
1998-04-14 00:00:00-04:00,13.095492852535674,13.207900516505939,13.095492852535674,13.16574764251709,558000,0.0,0.0
1998-04-15 00:00:00-04:00,13.207901048462421,13.58727692964166,13.207901048462421,13.545124053955078,1806800,0.0,0.0
1998-04-16 00:00:00-04:00,13.559176446975691,13.713737007511165,13.460819726634936,13.61538028717041,996000,0.0,0.0
1998-04-17 00:00:00-04:00,13.62943172454834,13.62943172454834,13.320310592651367,13.460820198059082,739200,0.0,0.0
1998-04-20 00:00:00-04:00,13.460820198059082,13.474871158599854,13.292208671569824,13.460820198059082,761200,0.0,0.0
1998-04-21 00:00:00-04:00,13.545123197750481,14.022855758666992,13.517021282402451,14.022855758666992,1501600,0.0,0.0
1998-04-22 00:00:00-04:00,14.050958633422852,14.065009592056274,13.727786584854126,14.050958633422852,980000,0.0,0.0
1998-04-23 00:00:00-04:00,13.713735536459357,13.840194163332445,13.207901028967003,13.404614448547363,1643600,0.0,0.0
1998-04-24 00:00:00-04:00,13.51702208823346,13.657531673350233,13.193850042464886,13.207901000976562,1516800,0.0,0.0
1998-04-27 00:00:00-04:00,13.221952344391111,13.221952344391111,12.392945768069032,12.406996726989746,930800,0.0,0.0
1998-04-28 00:00:00-04:00,12.561557281648964,12.603710158433023,12.3648438566567,12.463200569152832,1223200,0.0,0.0
1998-04-29 00:00:00-04:00,12.491301069345175,12.617759685345295,12.491301069345175,12.533453941345215,868400,0.0,0.0
1998-04-30 00:00:00-04:00,12.758271689409673,12.856628409482214,12.617762089306042,12.631813049316406,697200,0.0,0.0
1998-05-01 00:00:00-04:00,12.659912986580585,12.659912986580585,12.238384252288224,12.266486167907715,808400,0.0,0.0
1998-05-04 00:00:00-04:00,12.280538525061583,12.308640443883236,11.746602067450212,11.859009742736816,1820000,0.0,0.0
1998-05-05 00:00:00-04:00,11.606092457598951,11.87306068604251,11.521786701248352,11.662296295166016,1982400,0.0,0.0
1998-05-06 00:00:00-04:00,11.774702328280332,11.915211902603486,10.636574776262783,10.777084350585938,5227200,0.0,0.0
1998-05-07 00:00:00-04:00,10.861391520310459,10.889493438862363,10.38365890492811,10.594423294067383,4391200,0.0,0.0
1998-05-08 00:00:00-04:00,10.777085782339174,11.072155927618343,10.720881945143143,10.791136741638184,2959200,0.0,0.0
1998-05-11 00:00:00-04:00,11.128359762246554,11.40937894816187,10.69278002407781,10.76303482055664,3184400,0.0,0.0
1998-05-12 00:00:00-04:00,10.734932397875424,10.8192381496912,10.510117059700022,10.55226993560791,1845200,0.0,0.0
1998-05-13 00:00:00-04:00,10.552272318525517,10.791138669277759,10.313405967773274,10.566323280334473,2236000,0.0,0.0
1998-05-14 00:00:00-04:00,10.453913703797356,10.777085767221198,10.453913703797356,10.622525215148926,3526000,0.0,0.0
1998-05-15 00:00:00-04:00,10.66467809044714,10.777085764654752,10.439862742031917,10.594423294067383,1532800,0.0,0.0
1998-05-18 00:00:00-04:00,10.566321349598732,10.63657614580617,10.116690653871126,10.313404083251953,1823200,0.0,0.0
1998-05-19 00:00:00-04:00,10.41176176071167,10.636577129364014,9.695162773132324,9.779468536376953,2891200,0.0,0.0
1998-05-20 00:00:00-04:00,10.032383065610318,10.482013679195095,10.018332108935795,10.39770793914795,4564000,0.0,0.0
1998-05-21 00:00:00-04:00,10.397711738627008,10.580374242143428,10.116692502447899,10.566323280334473,1655600,0.0,0.0
1998-05-22 00:00:00-04:00,10.791136756310095,10.987850186763666,10.720881959719536,10.959748268127441,1843200,0.0,0.0
1998-05-26 00:00:00-04:00,11.044052033912479,11.18456160177396,10.706829071044922,10.706829071044922,1392800,0.0,0.0
1998-05-27 00:00:00-04:00,10.594420851322642,10.594420851322642,10.144790258163061,10.411758422851562,1294000,0.0,0.0
1998-05-28 00:00:00-04:00,10.383658879459393,10.453913675666831,10.271251205527491,10.313404083251953,1709600,0.0,0.0
1998-05-29 00:00:00-04:00,10.4258093788878,10.524166071141458,10.313401730597905,10.411758422851562,1068800,0.0,0.0
1998-06-01 00:00:00-04:00,10.453914164855053,10.650627603441036,10.425812245057056,10.439863204956055,1322000,0.0,0.0
1998-06-02 00:00:00-04:00,10.482014661166758,10.594422325093479,10.355556039249196,10.510116577148438,917600,0.0,0.0
1998-06-03 00:00:00-04:00,10.622523330328033,10.889491509264849,10.594421416755736,10.706829071044922,1376800,0.0,0.0
1998-06-04 00:00:00-04:00,10.69278002407781,10.777085779852406,10.453913716049792,10.76303482055664,869600,0.0,0.0
1998-06-05 00:00:00-04:00,10.819237222882883,10.88949201004446,10.678727648559729,10.777084350585938,571600,0.0,0.0
1998-06-08 00:00:00-04:00,10.819240085314364,11.1143102694593,10.819240085314364,11.00190258026123,650800,0.0,0.0
1998-06-09 00:00:00-04:00,11.044053204552295,11.844957826256469,11.015951288001272,11.830906867980957,2710000,0.0,0.0
1998-06-10 00:00:00-04:00,11.802805438901004,12.252436122287708,11.577990097207651,11.929264068603516,2984000,0.0,0.0
1998-06-11 00:00:00-04:00,11.943315017265782,12.013569811484992,11.563939128482044,11.844958305358887,1282400,0.0,0.0
1998-06-12 00:00:00-04:00,11.802804951429934,12.027620283838123,11.634193452123792,11.830906867980957,1898800,0.0,0.0
1998-06-15 00:00:00-04:00,11.718500132733082,11.971417401784874,11.592041498207184,11.662296295166016,1732400,0.0,0.0
1998-06-16 00:00:00-04:00,11.802806374555576,11.802806374555576,11.634194854919068,11.732551574707031,782000,0.0,0.0
1998-06-17 00:00:00-04:00,11.732551570094339,11.873061169736186,11.59204197045249,11.62014389038086,793200,0.0,0.0
1998-06-18 00:00:00-04:00,11.620140912386592,11.732548563292386,11.19861222148986,11.226714134216309,1243600,0.0,0.0
1998-06-19 00:00:00-04:00,11.170510325307122,11.296968932763429,11.170510325307122,11.282917976379395,896400,0.0,0.0
1998-06-22 00:00:00-04:00,11.788754929691912,11.788754929691912,11.549888620031886,11.662296295166016,1292000,0.0,0.0
1998-06-23 00:00:00-04:00,11.648247264344015,11.648247264344015,11.254820336235893,11.381278991699219,1382800,0.0,0.0
1998-06-24 00:00:00-04:00,11.395326281598916,12.097874141130292,11.339122452836406,11.999517440795898,1792800,0.0,0.0
1998-06-25 00:00:00-04:00,11.99951981761084,12.196233257243806,11.81685733795166,11.81685733795166,1329200,0.0,0.0
1998-06-26 00:00:00-04:00,11.85900928099298,11.999518869630338,11.85900928099298,11.985467910766602,840800,0.0,0.0
1998-06-29 00:00:00-04:00,12.069772763933454,12.392944793701172,12.069772763933454,12.294588088989258,1274000,0.0,0.0
1998-06-30 00:00:00-04:00,12.28053712571746,12.28053712571746,12.055721800761534,12.266486167907715,1303200,0.0,0.0
1998-07-01 00:00:00-04:00,12.322689575023865,12.617759678872783,12.322689575023865,12.505352020263672,979600,0.0,0.0
1998-07-02 00:00:00-04:00,12.491301498413085,12.491301498413085,12.294588088989258,12.294588088989258,436800,0.0,0.0
1998-07-06 00:00:00-04:00,12.322692394256592,12.758272171020508,12.322692394256592,12.702068328857422,971200,0.0,0.0
1998-07-07 00:00:00-04:00,12.87067847166293,13.432716832870918,12.87067847166293,13.306258201599121,2752800,0.0,0.0
1998-07-08 00:00:00-04:00,13.362459695339203,13.48891830444336,13.179797259966533,13.48891830444336,1638400,0.0,0.0
1998-07-09 00:00:00-04:00,13.460820198059082,13.474871158599854,13.292208671569824,13.460820198059082,1061600,0.0,0.0
1998-07-10 00:00:00-04:00,13.47486970381671,13.47486970381671,13.165748605293283,13.250054359436035,622800,0.0,0.0
1998-07-13 00:00:00-04:00,13.264106281109472,13.517023561893339,13.264106281109472,13.474870681762695,862800,0.0,0.0
1998-07-14 00:00:00-04:00,13.545124065753111,13.755888444369601,13.545124065753111,13.629429817199707,2138000,0.0,0.0
1998-07-15 00:00:00-04:00,13.615377297355431,13.615377297355431,13.109542846679688,13.109542846679688,1167600,0.0,0.0
1998-07-16 00:00:00-04:00,13.011187524126287,13.011187524126287,12.46320014460045,12.814474105834961,1522400,0.0,0.0
1998-07-17 00:00:00-04:00,12.898779864915074,13.081442324875745,12.856626989539533,12.870677947998047,1235200,0.0,0.0
1998-07-20 00:00:00-04:00,12.926883213838117,13.039290893958448,12.631813053522247,12.744220733642578,1006400,0.0,0.0
1998-07-21 00:00:00-04:00,12.814472130366735,12.898777868066515,12.575605873550687,12.589656829833984,882800,0.0,0.0
1998-07-22 00:00:00-04:00,12.617762090363328,12.856628410559516,12.561558250317166,12.65991497039795,827600,0.0,0.0
1998-07-23 00:00:00-04:00,12.828523893401307,12.870676764902079,11.887109763217422,11.91521167755127,1367600,0.0,0.0
1998-07-24 00:00:00-04:00,11.746601519066743,11.88711110661539,10.903543993774871,11.254817962646484,2862400,0.0,0.0
1998-07-27 00:00:00-04:00,11.044053615518958,11.620142926252136,11.044053615518958,11.535837173461914,1774000,0.0,0.0
1998-07-28 00:00:00-04:00,11.592042942215485,11.592042942215485,11.128361224526866,11.142412185668945,942800,0.0,0.0
1998-07-29 00:00:00-04:00,11.1705105226548,11.381274872138851,10.229096428292696,10.285300254821777,1868400,0.0,0.0
1998-07-30 00:00:00-04:00,10.341506012045148,10.650627115666063,10.243149297256675,10.425811767578125,1949600,0.0,0.0
1998-07-31 00:00:00-04:00,10.439863681793213,10.496067523956299,9.217430114746094,9.47034740447998,2431200,0.0,0.0
1998-08-03 00:00:00-04:00,9.442244529724121,9.554652202697026,9.217429183778309,9.442244529724121,1434800,0.0,0.0
1998-08-04 00:00:00-04:00,9.498445848838207,9.653006358212792,8.90830572213524,9.119070053100586,1464800,0.0,0.0
1998-08-05 00:00:00-04:00,9.31578436479882,9.31578436479882,8.711593221983813,8.978561401367188,1731200,0.0,0.0
1998-08-06 00:00:00-04:00,8.978562853751926,9.259582035403003,8.88020614017405,9.189327239990234,1600000,0.0,0.0
1998-08-07 00:00:00-04:00,9.301733587234564,9.807568042129494,9.28768263015415,9.681109428405762,1631200,0.0,0.0
1998-08-10 00:00:00-04:00,9.723264226169452,10.186945901694873,9.667060386711825,9.905926704406738,1848400,0.0,0.0
1998-08-11 00:00:00-04:00,9.723263729385465,9.723263729385465,9.400091669015717,9.610856056213379,786800,0.0,0.0
1998-08-12 00:00:00-04:00,9.751365182719706,9.891874767485119,9.624906556430833,9.737314224243164,846000,0.0,0.0
1998-08-13 00:00:00-04:00,9.709211801154172,9.737313716642317,9.5406003082253,9.58275318145752,948400,0.0,0.0
1998-08-14 00:00:00-04:00,9.667058927921955,9.990230956035624,9.58275318145752,9.58275318145752,726400,0.0,0.0
1998-08-17 00:00:00-04:00,9.624905170713152,9.863771430424281,9.582752301352365,9.83566951751709,526000,0.0,0.0
1998-08-18 00:00:00-04:00,9.891875334968669,10.763034810491476,9.891875334968669,10.650627136230469,1984400,0.0,0.0
1998-08-19 00:00:00-04:00,10.678726568959624,10.945694733183613,10.229095976582375,10.355554580688477,1750000,0.0,0.0
1998-08-20 00:00:00-04:00,10.299351155591875,10.62252315638125,10.088586807250977,10.088586807250977,663600,0.0,0.0
1998-08-21 00:00:00-04:00,9.976180021313652,9.976180021313652,9.386039794700732,9.695160865783691,957600,0.0,0.0
1998-08-24 00:00:00-04:00,9.751365182719706,9.877823809008579,9.638957514907375,9.737314224243164,536400,0.0,0.0
1998-08-25 00:00:00-04:00,9.849721455909837,10.116689655142771,9.779466666638012,9.976180076599121,865200,0.0,0.0
1998-08-26 00:00:00-04:00,9.948080062866211,9.948080062866211,9.667060852050781,9.75136661529541,402400,0.0,0.0
1998-08-27 00:00:00-04:00,9.610858490174909,9.610858490174909,9.034769019272613,9.287686347961426,914800,0.0,0.0
1998-08-28 00:00:00-04:00,9.287683968084403,9.512499313756644,8.99261382688959,9.32983684539795,1242400,0.0,0.0
1998-08-31 00:00:00-04:00,9.442243940374825,9.470345856864036,8.318167280806392,8.75374698638916,1363600,0.0,0.0
1998-09-01 00:00:00-04:00,8.781850337982178,8.880207061767578,8.205760955810547,8.571085929870605,1668800,0.0,0.0
1998-09-02 00:00:00-04:00,8.542986436904576,8.824005727592226,8.34627293342322,8.388425827026367,1510800,0.0,0.0
1998-09-03 00:00:00-04:00,8.205759388420864,8.205759388420864,7.334600001293991,7.489160537719727,4383200,0.0,0.0
1998-09-04 00:00:00-04:00,7.531313437783258,7.7561287642842505,7.475109606158009,7.629670143127441,1468000,0.0,0.0
1998-09-08 00:00:00-04:00,7.896637982109568,8.290064785488692,7.896637982109568,8.177657127380371,1354400,0.0,0.0
1998-09-09 00:00:00-04:00,8.233859839646714,8.41652225929758,7.728025446767393,7.75612735748291,1243200,0.0,0.0
1998-09-10 00:00:00-04:00,7.728028297424316,7.756130218505859,7.503212928771973,7.742079257965088,792400,0.0,0.0
1998-09-11 00:00:00-04:00,7.685873095251063,8.079299871607608,7.685873095251063,7.896637439727783,1033200,0.0,0.0
1998-09-14 00:00:00-04:00,8.177657202918931,8.585134967325544,8.1636062455256,8.514880180358887,1526800,0.0,0.0
1998-09-15 00:00:00-04:00,8.472727332907313,8.65538977955374,8.416523503169952,8.627287864685059,1461600,0.0,0.0
1998-09-16 00:00:00-04:00,8.711593664145168,9.090969517261167,8.669440791576724,8.880205154418945,1456400,0.0,0.0
1998-09-17 00:00:00-04:00,8.711592159302356,8.725643114398004,8.444624012485026,8.613235473632812,786400,0.0,0.0
1998-09-18 00:00:00-04:00,8.852101710258845,8.89425457554579,8.37436923700678,8.613235473632812,1262800,0.0,0.0
1998-09-21 00:00:00-04:00,8.613240627028187,9.048820495605469,8.402476174490792,9.048820495605469,2425600,0.0,0.0
1998-09-22 00:00:00-04:00,9.105023820182193,9.456297887318852,9.105023820182193,9.371992111206055,1722400,0.0,0.0
1998-09-23 00:00:00-04:00,9.386039295674072,9.582752694086404,9.287682596467906,9.540599822998047,958400,0.0,0.0
1998-09-24 00:00:00-04:00,9.554652176136635,9.554652176136635,9.119072444577466,9.189327239990234,734800,0.0,0.0
1998-09-25 00:00:00-04:00,9.133122389829612,9.133122389829612,8.795899409282057,8.880205154418945,691600,0.0,0.0
1998-09-28 00:00:00-04:00,8.866152665354493,8.866152665354493,8.557031653250217,8.613235473632812,973600,0.0,0.0
1998-09-29 00:00:00-04:00,8.599186298695017,8.599186298695017,7.896638398474836,7.924740314483643,2085600,0.0,0.0
1998-09-30 00:00:00-04:00,7.868538882754264,7.868538882754264,7.587519636941613,7.657774448394775,1532800,0.0,0.0
1998-10-01 00:00:00-04:00,7.447006742233247,7.629669171759724,7.432955786115826,7.573465347290039,1281600,0.0,0.0
1998-10-02 00:00:00-04:00,7.573465369203511,7.798280667732743,7.53131250072928,7.6437201499938965,986800,0.0,0.0
1998-10-05 00:00:00-04:00,7.5734657156701175,7.5734657156701175,6.9271217028299965,7.165987968444824,1362800,0.0,0.0
1998-10-06 00:00:00-04:00,7.33459997177124,7.531313380975833,7.2643451827696,7.33459997177124,1236800,0.0,0.0
1998-10-07 00:00:00-04:00,7.348651361273953,7.348651361273953,6.856867809372255,6.997377395629883,1890400,0.0,0.0
1998-10-08 00:00:00-04:00,6.884970149193904,6.913072068170206,5.9014029850233465,6.365084648132324,3471200,0.0,0.0
1998-10-09 00:00:00-04:00,6.421288011366861,6.491542803613763,5.845198714942263,6.4072370529174805,4953200,0.0,0.0
1998-10-12 00:00:00-04:00,6.7444610595703125,6.969276428222656,6.603951454162598,6.632053375244141,2410000,0.0,0.0
1998-10-13 00:00:00-04:00,6.744459015982492,6.744459015982492,6.154318852084024,6.294828414916992,1816000,0.0,0.0
1998-10-14 00:00:00-04:00,6.3229308530012425,6.589899044572405,6.182421278490104,6.505593299865723,2050800,0.0,0.0
1998-10-15 00:00:00-04:00,6.505593384184489,6.9692749860810075,6.449389553651577,6.913071155548096,2864400,0.0,0.0
1998-10-16 00:00:00-04:00,7.053583099900885,7.756131217420894,7.053583099900885,7.404857158660889,4175200,0.0,0.0
1998-10-19 00:00:00-04:00,7.404853392003187,7.573464854439693,7.306496705581893,7.531311988830566,4430800,0.0,0.0
1998-10-20 00:00:00-04:00,7.587518193966185,7.868537386335302,7.19409132464942,7.264346122741699,2882400,0.0,0.0
1998-10-21 00:00:00-04:00,7.292447574279961,7.432957161452984,7.151937987106936,7.34865140914917,1857200,0.0,0.0
1998-10-22 00:00:00-04:00,7.362702397946959,7.601568697116993,7.208141851425171,7.587517738342285,1040400,0.0,0.0
1998-10-23 00:00:00-04:00,7.531312478937775,7.798280645168778,7.390802917763563,7.573465347290039,1096000,0.0,0.0
1998-10-26 00:00:00-05:00,7.587517264149326,7.728026843115054,7.376752895700734,7.601568222045898,1510400,0.0,0.0
1998-10-27 00:00:00-05:00,7.545364885984346,8.037148444661165,7.503212009526332,7.784231185913086,3079600,0.0,0.0
1998-10-28 00:00:00-05:00,7.728028297424316,7.910690784454346,7.6437225341796875,7.728028297424316,946800,0.0,0.0
1998-10-29 00:00:00-05:00,7.685873091114608,7.896637435477897,7.601567353369293,7.882586479187012,1008800,0.0,0.0
1998-10-30 00:00:00-05:00,7.840434593532397,8.346269083437713,7.840434593532397,8.079300880432129,1764000,0.0,0.0
1998-11-02 00:00:00-05:00,8.31816679511974,8.613236901027705,8.163606263453664,8.599185943603516,1343600,0.0,0.0
1998-11-03 00:00:00-05:00,8.767796893748695,8.767796893748695,8.402472023175832,8.416522979736328,1585600,0.0,0.0
1998-11-04 00:00:00-05:00,8.472729206085205,8.753748416900635,8.261964797973633,8.261964797973633,1422000,0.0,0.0
1998-11-05 00:00:00-05:00,8.0652527166484,8.514883530120088,8.0652527166484,8.444628715515137,1894000,0.0,0.0
1998-11-06 00:00:00-05:00,8.542983055114746,8.557034014086975,8.29006579361464,8.542983055114746,1232800,0.0,0.0
1998-11-09 00:00:00-05:00,8.43057583539914,8.43057583539914,8.163607600611499,8.21981143951416,1264400,0.0,0.0
1998-11-10 00:00:00-05:00,8.163606600558504,8.191708516567312,7.924740314483643,7.924740314483643,1002000,0.0,0.0
1998-11-11 00:00:00-05:00,7.9809417858458405,8.06524750893576,7.882585108907599,8.00904369354248,801600,0.0,0.0
1998-11-12 00:00:00-05:00,7.994994592237043,8.023096506445258,7.798281192779541,7.798281192779541,1216800,0.0,0.0
1998-11-13 00:00:00-05:00,7.8123317019370955,7.966892221220023,7.713975007847959,7.896637439727783,827600,0.0,0.0
1998-11-16 00:00:00-05:00,7.840435021190437,8.051199403480503,7.770180227093748,7.784231185913086,1228800,0.0,0.0
1998-11-17 00:00:00-05:00,7.756128338405064,7.868535995483398,7.573465895652771,7.868535995483398,1812800,0.0,0.0
1998-11-18 00:00:00-05:00,7.812333593905811,8.065250868528661,7.6577730371918475,7.980945110321045,3007600,0.0,0.0
1998-11-19 00:00:00-05:00,7.980945587158203,7.980945587158203,7.390805244445801,7.6156206130981445,3630800,0.0,0.0
1998-11-20 00:00:00-05:00,7.643721558993921,7.657772517742071,7.222192796549403,7.475110054016113,2936400,0.0,0.0
1998-11-23 00:00:00-05:00,7.517263437794373,7.966894148092354,7.517263437794373,7.9387922286987305,2349200,0.0,0.0
1998-11-24 00:00:00-05:00,7.980945130423792,8.416524882260301,7.980945130423792,8.332219123840332,2143200,0.0,0.0
1998-11-25 00:00:00-05:00,8.38841871407341,8.48677538241263,8.261960140494413,8.458673477172852,1276000,0.0,0.0
1998-11-27 00:00:00-05:00,8.514880199058384,8.613236901027705,8.514880199058384,8.599185943603516,514400,0.0,0.0
1998-11-30 00:00:00-05:00,8.59918541502276,8.59918541502276,8.233860544449897,8.416522979736328,1127200,0.0,0.0
1998-12-01 00:00:00-05:00,8.346271466142454,8.80995321426148,8.346271466142454,8.795902252197266,1935600,0.0,0.0
1998-12-02 00:00:00-05:00,8.781850337982178,8.978563785552979,8.571085929870605,8.908308982849121,2076000,0.0,0.0
1998-12-03 00:00:00-05:00,8.852106103530298,8.88020802766849,8.71159648283934,8.767800331115723,1339600,0.0,0.0
1998-12-04 00:00:00-05:00,8.767795968562998,8.964509339652553,8.542980687317794,8.58513355255127,1110800,0.0,0.0
1998-12-07 00:00:00-05:00,8.641340277915777,9.076920031761938,8.641340277915777,9.06286907196045,1601200,0.0,0.0
1998-12-08 00:00:00-05:00,9.09096998425969,9.09096998425969,8.599186445698502,8.75374698638916,1458400,0.0,0.0
1998-12-09 00:00:00-05:00,9.020715193036663,9.076919026015084,8.655390278676922,8.75374698638916,1419600,0.0,0.0
1998-12-10 00:00:00-05:00,8.809948833796474,8.838050743952126,8.43057304669519,8.58513355255127,1832800,0.0,0.0
1998-12-11 00:00:00-05:00,8.57108641872887,8.585137380071048,8.149557578463515,8.360321998596191,2512800,0.0,0.0
1998-12-14 00:00:00-05:00,8.360316630067496,8.374367582386938,8.149552345275879,8.149552345275879,1198400,0.0,0.0
1998-12-15 00:00:00-05:00,8.205759579502967,8.528931617736816,8.205759579502967,8.528931617736816,1124800,0.0,0.0
1998-12-16 00:00:00-05:00,8.557033052538882,8.683491669078865,8.290064862065583,8.514880180358887,878800,0.0,0.0
1998-12-17 00:00:00-05:00,8.571083202958107,8.9926118850708,8.571083202958107,8.9926118850708,1361600,0.0,0.0
1998-12-18 00:00:00-05:00,9.076919575893518,9.357938757809727,9.020715739510276,9.273633003234863,1835600,0.0,0.0
1998-12-21 00:00:00-05:00,9.315786838531494,9.65300989151001,9.301735877990723,9.47034740447998,1685600,0.0,0.0
1998-12-22 00:00:00-05:00,9.512497360252542,9.512497360252542,9.119070586120975,9.301733016967773,1496000,0.0,0.0
1998-12-23 00:00:00-05:00,9.357937789615526,9.386039704899657,9.189326297910743,9.245530128479004,974000,0.0,0.0
1998-12-24 00:00:00-05:00,9.217429158155342,9.217429158155342,9.10502148549491,9.189327239990234,393200,0.0,0.0
1998-12-28 00:00:00-05:00,9.189324830089033,9.329834384065931,9.105019097702895,9.119070053100586,690400,0.0,0.0
1998-12-29 00:00:00-05:00,9.119070152887137,9.414140219467459,9.06286633068136,9.400089263916016,1239200,0.0,0.0
1998-12-30 00:00:00-05:00,9.400090319915902,9.835669990943396,9.400090319915902,9.821619033813477,1190000,0.0,0.0
1998-12-31 00:00:00-05:00,9.79351761920304,10.299352101686985,9.737313787815935,9.948078155517578,1434000,0.0,0.0
1999-01-04 00:00:00-05:00,10.004279508522089,10.200992869644715,9.723260421204053,9.765413284301758,1043200,0.0,0.0
1999-01-05 00:00:00-05:00,9.723262054443358,10.566319458007811,9.582752487182617,10.538217544555664,2637200,0.0,0.0
1999-01-06 00:00:00-05:00,10.66467810548628,10.987850169288894,10.622525227598983,10.76303482055664,1603600,0.0,0.0
1999-01-07 00:00:00-05:00,10.706831932067871,11.044054985046387,10.60847520828247,11.015953063964844,1401600,0.0,0.0
1999-01-08 00:00:00-05:00,11.1564617228508,11.339124194383622,11.114308844804764,11.240767478942871,2170000,0.0,0.0
1999-01-11 00:00:00-05:00,11.19861405281137,11.240766928794349,10.62252474771066,10.692779541015625,2261200,0.0,0.0
1999-01-12 00:00:00-05:00,10.650626665032645,11.114308300845412,10.608473789049667,10.692779541015625,1372400,0.0,0.0
1999-01-13 00:00:00-05:00,10.257200276316942,10.67872905479572,10.004283009229676,10.650627136230469,2459200,0.0,0.0
1999-01-14 00:00:00-05:00,10.706832898424027,10.931648287367313,10.566323280334473,10.566323280334473,2478000,0.0,0.0
1999-01-15 00:00:00-05:00,11.015951642518715,11.184563147251144,10.87544205524169,11.086206436157227,1080400,0.0,0.0
1999-01-19 00:00:00-05:00,11.296968606100128,11.774701109343168,11.268866694144656,11.746599197387695,2228000,0.0,0.0
1999-01-20 00:00:00-05:00,11.690399169921875,11.690399169921875,11.100258827209473,11.212666511535645,2831600,0.0,0.0
1999-01-21 00:00:00-05:00,11.339122742302296,11.521785190443472,11.030001676217227,11.198613166809082,2446800,0.0,0.0
1999-01-22 00:00:00-05:00,11.142411708831787,11.26887035369873,10.903545379638672,11.26887035369873,1074000,0.0,0.0
1999-01-25 00:00:00-05:00,11.254816997006367,11.36722465740094,11.015950718667906,11.198613166809082,781200,0.0,0.0
1999-01-26 00:00:00-05:00,11.184564590454102,11.240768432617188,10.931647300720215,11.015953063964844,898400,0.0,0.0
1999-01-27 00:00:00-05:00,11.226715946070183,11.339123615117193,10.524168014526367,10.524168014526367,2443600,0.0,0.0
1999-01-28 00:00:00-05:00,10.552268422793036,10.59442129265772,10.130739724146176,10.257198333740234,2733600,0.0,0.0
1999-01-29 00:00:00-05:00,10.313404168443704,11.465582835763026,10.271251290371044,11.3250732421875,3800000,0.0,0.0
1999-02-01 00:00:00-05:00,11.465580623097013,12.125975585456768,11.465580623097013,12.041669845581055,2883200,0.0,0.0
1999-02-02 00:00:00-05:00,11.985465099471744,12.125974655151367,11.690395032544538,12.125974655151367,1729200,0.0,0.0
1999-02-03 00:00:00-05:00,12.097874141130292,12.252434670227194,11.999517440795898,11.999517440795898,1312000,0.0,0.0
1999-02-04 00:00:00-05:00,12.027622702539178,12.294590963460024,11.901164052629303,11.957367897033691,1172800,0.0,0.0
1999-02-05 00:00:00-05:00,11.985467904026853,11.985467904026853,11.816856397756839,11.929264068603516,903200,0.0,0.0
1999-02-08 00:00:00-05:00,11.92926405842194,11.92926405842194,11.746601593451992,11.844958305358887,967200,0.0,0.0
1999-02-09 00:00:00-05:00,11.802804438426497,11.81685539609129,11.577989115789801,11.64824390411377,1309600,0.0,0.0
1999-02-10 00:00:00-05:00,11.606092928101921,11.718500607792981,11.535838128295008,11.563940048217773,569600,0.0,0.0
1999-02-11 00:00:00-05:00,11.620142901253967,11.74660153016725,11.296970849586685,11.339123725891113,817200,0.0,0.0
1999-02-12 00:00:00-05:00,11.367223697848551,11.465580392391123,11.128357439673737,11.226714134216309,1235600,0.0,0.0
1999-02-16 00:00:00-05:00,11.282918353670652,11.451529835917286,10.734931036369089,10.903542518615723,1994000,0.0,0.0
1999-02-17 00:00:00-05:00,10.903545852212918,11.212666997507613,10.819240085314364,11.00190258026123,1717600,0.0,0.0
1999-02-18 00:00:00-05:00,11.044054505156494,11.044054505156494,10.819239146272901,10.973799705505371,938400,0.0,0.0
1999-02-19 00:00:00-05:00,11.100258827209473,11.54988956451416,11.100258827209473,11.26887035369873,1778400,0.0,0.0
1999-02-22 00:00:00-05:00,11.577990067134266,11.718499655327642,11.24076705547016,11.676346778869629,1821600,0.0,0.0
1999-02-23 00:00:00-05:00,11.73255205154419,11.844959735870361,11.521787643432617,11.634195327758789,1363200,0.0,0.0
1999-02-24 00:00:00-05:00,11.732548138433359,11.830904829414237,11.198611815965732,11.437478065490723,2277200,0.0,0.0
1999-02-25 00:00:00-05:00,11.465583801269531,11.465583801269531,11.296972274780273,11.409379959106445,1353600,0.0,0.0
1999-02-26 00:00:00-05:00,11.451532361539753,11.606092921020657,11.339124681917278,11.395328521728516,787200,0.0,0.0
1999-03-01 00:00:00-05:00,11.339122789812263,11.535836196326974,11.28291895937949,11.423428535461426,743600,0.0,0.0
1999-03-02 00:00:00-05:00,11.620142973775156,12.22433420457604,11.620142973775156,11.929264068603516,1520400,0.0,0.0
1999-03-03 00:00:00-05:00,11.985467900633108,12.125977489151667,11.830907353262694,11.901162147521973,1247600,0.0,0.0
1999-03-04 00:00:00-05:00,11.887109227541114,11.90116018407485,11.5358353141977,11.704446792602539,708800,0.0,0.0
1999-03-05 00:00:00-05:00,11.760650618737484,11.915211140608587,11.690395836068802,11.704446792602539,600400,0.0,0.0
1999-03-08 00:00:00-05:00,11.81685539609129,12.013568803398398,11.577989115789801,11.64824390411377,866400,0.0,0.0
1999-03-09 00:00:00-05:00,11.64824628829956,11.662297248840332,11.479634761810303,11.634195327758789,801200,0.0,0.0
1999-03-10 00:00:00-05:00,11.577989020640757,11.577989020640757,11.184562209259761,11.198613166809082,846000,0.0,0.0
1999-03-11 00:00:00-05:00,11.226715533181306,11.240766491295425,10.987849245241277,11.044053077697754,1145200,0.0,0.0
1999-03-12 00:00:00-05:00,11.001900227225605,11.409378013419147,10.903543520213372,11.184562683105469,2626800,0.0,0.0
1999-03-15 00:00:00-05:00,11.325072387246523,12.02762030208812,11.325072387246523,11.943314552307129,1443200,0.0,0.0
1999-03-16 00:00:00-05:00,11.943314487336615,11.957365445557011,11.46558190784315,11.549887657165527,1384800,0.0,0.0
1999-03-17 00:00:00-05:00,11.549888132260286,11.648244843848875,11.26886895629288,11.535837173461914,958800,0.0,0.0
1999-03-18 00:00:00-05:00,11.507735302928479,11.957365986315184,11.381276673225969,11.929264068603516,1384800,0.0,0.0
1999-03-19 00:00:00-05:00,11.901161598224267,11.915212556427601,11.423429019310895,11.465581893920898,1220000,0.0,0.0
1999-03-22 00:00:00-05:00,11.184562658838948,11.184562658838948,11.015951161469516,11.044053077697754,902800,0.0,0.0
1999-03-23 00:00:00-05:00,10.931644332885742,11.015950073242188,10.32745319366455,10.538217544555664,1652400,0.0,0.0
1999-03-24 00:00:00-05:00,10.538219461969462,10.734932891926224,10.22909835775169,10.650627136230469,1120000,0.0,0.0
1999-03-25 00:00:00-05:00,10.706830503431247,10.86139104875637,10.650626668767567,10.720881462097168,1008800,0.0,0.0
1999-03-26 00:00:00-05:00,10.748984340563823,10.847341060019962,10.608474741340766,10.833290100097656,579600,0.0,0.0
1999-03-29 00:00:00-05:00,10.833289601758556,11.001901113069973,10.538219456963576,10.594423294067383,944800,0.0,0.0
1999-03-30 00:00:00-05:00,10.650625243900329,10.987848206767886,10.650625243900329,10.706829071044922,1207600,0.0,0.0
1999-03-31 00:00:00-05:00,10.763034813027632,10.861391528029191,10.650627138740138,10.678729057312012,632400,0.0,0.0
1999-04-01 00:00:00-05:00,10.734930984617218,10.945695336409441,10.678727157472625,10.706829071044922,531600,0.0,0.0
1999-04-05 00:00:00-04:00,10.734932405585484,10.819238157461811,10.594422819124942,10.608473777770996,573200,0.0,0.0
1999-04-06 00:00:00-04:00,10.482015594149805,10.58037230884022,10.285302164768979,10.313404083251953,1173600,0.0,0.0
1999-04-07 00:00:00-04:00,10.313401676172745,10.341503588096922,10.229095940400217,10.243146896362305,396800,0.0,0.0
1999-04-08 00:00:00-04:00,10.186945460234691,10.425811767578125,9.849722438102784,10.425811767578125,1300800,0.0,0.0
1999-04-09 00:00:00-04:00,10.397707134098201,10.861388668456634,10.397707134098201,10.819235801696777,1022800,0.0,0.0
1999-04-12 00:00:00-04:00,10.706831932067871,10.763035774230957,10.51011848449707,10.734933853149414,1417200,0.0,0.0
1999-04-13 00:00:00-04:00,10.73493287383869,10.748983833097641,10.453913688659668,10.453913688659668,853600,0.0,0.0
1999-04-14 00:00:00-04:00,10.46796425213832,11.184563147251144,10.46796425213832,11.086206436157227,1353200,0.0,0.0
1999-04-15 00:00:00-04:00,11.142409243826139,11.325071690446238,10.622523818830468,10.777084350585938,1569200,0.0,0.0
1999-04-16 00:00:00-04:00,10.748981633786098,11.325070845531497,10.748981633786098,11.282917976379395,1303600,0.0,0.0
1999-04-19 00:00:00-04:00,11.409377428441266,11.676345619500852,10.692778599807639,10.748982429504395,2244400,0.0,0.0
1999-04-20 00:00:00-04:00,10.777086260408433,11.184564098155297,10.763035300486129,10.833290100097656,2008000,0.0,0.0
1999-04-21 00:00:00-04:00,10.8894944190979,11.212666511535645,10.8894944190979,11.212666511535645,818800,0.0,0.0
1999-04-22 00:00:00-04:00,11.240768432617188,11.563940525054932,11.240768432617188,11.26887035369873,847200,0.0,0.0
1999-04-23 00:00:00-04:00,11.25481839850545,11.437480869392553,10.706830985844135,10.791136741638184,2364000,0.0,0.0
1999-04-26 00:00:00-04:00,10.833288605666992,10.903543395587011,10.482014656066895,10.482014656066895,1240400,0.0,0.0
1999-04-27 00:00:00-04:00,10.524166071141458,10.524166071141458,10.369605554742853,10.411758422851562,1077600,0.0,0.0
1999-04-28 00:00:00-04:00,10.41176080832263,10.496066563855607,10.327455052789652,10.425811767578125,1119600,0.0,0.0
1999-04-29 00:00:00-04:00,10.425810798354771,10.594422293745954,10.257199302963588,10.34150505065918,693600,0.0,0.0
1999-04-30 00:00:00-04:00,10.313404540474533,10.552270858169448,9.709213266305044,9.905926704406738,2005200,0.0,0.0
1999-05-03 00:00:00-04:00,9.919977185401049,10.116690614006735,9.723263756795363,9.891875267028809,1391200,0.0,0.0
1999-05-04 00:00:00-04:00,9.93402675139189,10.257198767349477,9.93402675139189,10.074536323547363,1181200,0.0,0.0
1999-05-05 00:00:00-04:00,10.04643351289307,10.257197852324394,9.919974909234275,10.243146896362305,669200,0.0,0.0
1999-05-06 00:00:00-04:00,10.186944981010592,10.341505525550064,10.074537312254613,10.327454566955566,493600,0.0,0.0
1999-05-07 00:00:00-04:00,10.27124831433467,10.341503090766508,10.144789716757362,10.200993537902832,342800,0.0,0.0
1999-05-10 00:00:00-04:00,10.22909927368164,10.285303115844727,10.004283905029297,10.03238582611084,409200,0.0,0.0
1999-05-11 00:00:00-04:00,9.919977668300795,10.018334387391596,9.765417109729537,9.990232467651367,1222800,0.0,0.0
1999-05-12 00:00:00-04:00,10.004281537469627,10.313402596211667,10.004281537469627,10.074536323547363,1203200,0.0,0.0
1999-05-13 00:00:00-04:00,10.074536289824792,10.215045861509935,9.821619060791534,9.934026718139648,608000,0.0,0.0
1999-05-14 00:00:00-04:00,9.962129576570128,10.004282452070424,9.835670950069238,9.849721908569336,384400,0.0,0.0
1999-05-17 00:00:00-04:00,9.863771938975002,9.976179596399218,9.526548966702352,9.962128639221191,594400,0.0,0.0
1999-05-18 00:00:00-04:00,9.990232944488525,10.046436786651611,9.779468536376953,10.03238582611084,672000,0.0,0.0
1999-05-19 00:00:00-04:00,9.919974629818594,9.962127496517539,9.428191184997559,9.428191184997559,1155200,0.0,0.0
1999-05-20 00:00:00-04:00,9.442246924633386,9.65301136491538,9.245533447036857,9.371992111206055,668400,0.0,0.0
1999-05-21 00:00:00-04:00,9.371992656162806,9.428196510172778,9.048820495605469,9.048820495605469,752000,0.0,0.0
1999-05-24 00:00:00-04:00,8.908308982849121,9.147175312042236,8.557034969329834,8.571085929870605,1728000,0.0,0.0
1999-05-25 00:00:00-04:00,8.683493150125338,8.992614265501969,8.613238351176104,8.922359466552734,2262000,0.0,0.0
1999-05-26 00:00:00-04:00,8.978565156012998,9.42819596194792,8.8521064918438,9.371992111206055,1568400,0.0,0.0
1999-05-27 00:00:00-04:00,9.343886814234446,9.512498305619129,9.119071492388205,9.161224365234375,711200,0.0,0.0
1999-05-28 00:00:00-04:00,9.133123417934739,9.343887804502463,9.133123417934739,9.32983684539795,567600,0.0,0.0
1999-06-01 00:00:00-04:00,9.329834496033351,9.554649785094396,9.161223029237568,9.428191184997559,1116000,0.0,0.0
1999-06-02 00:00:00-04:00,9.456294493109985,9.456294493109985,8.950460017995631,9.245530128479004,1391200,0.0,0.0
1999-06-03 00:00:00-04:00,9.442242140563874,9.540598829528081,9.217426851502829,9.428191184997559,902000,0.0,0.0
1999-06-04 00:00:00-04:00,9.386039728158945,9.58275313563533,9.357937812805176,9.357937812805176,646800,0.0,0.0
1999-06-07 00:00:00-04:00,9.25958022370058,9.55465030670166,9.09096874769996,9.55465030670166,887200,0.0,0.0
1999-06-08 00:00:00-04:00,9.526549402050485,9.526549402050485,9.133122583086747,9.234992027282715,522000,0.0,0.0
1999-06-09 00:00:00-04:00,9.076920509338379,9.09097146987915,8.767799377441406,8.824003219604492,662400,0.0,0.0
1999-06-10 00:00:00-04:00,8.76779890886442,8.936410426342581,8.711595069705032,8.922359466552734,895600,0.0,0.0
1999-06-11 00:00:00-04:00,8.88020561059061,8.90830752707982,8.669441236921529,8.75374698638916,381200,0.0,0.0
1999-06-14 00:00:00-04:00,8.753748416900635,8.753748416900635,8.542984008789062,8.571085929870605,1677200,0.0,0.0
1999-06-15 00:00:00-04:00,8.599184518537163,8.683490249111058,8.557031653250217,8.613235473632812,857200,0.0,0.0
1999-06-16 00:00:00-04:00,8.669442653656006,8.978563785552979,8.669442653656006,8.908308982849121,1289200,0.0,0.0
1999-06-17 00:00:00-04:00,8.880205104877422,8.880205104877422,8.641338828322175,8.655389785766602,400000,0.0,0.0
1999-06-18 00:00:00-04:00,8.711593693290544,9.076918590105954,8.711593693290544,9.02071475982666,1469200,0.0,0.0
1999-06-21 00:00:00-04:00,9.076920509338379,9.133124351501465,8.978563785552979,9.076920509338379,962400,0.0,0.0
1999-06-22 00:00:00-04:00,9.03476475328207,9.076917621493338,8.936408060789107,8.9926118850708,664800,0.0,0.0
1999-06-23 00:00:00-04:00,9.020713365316759,9.133121008498275,8.992611454521379,9.119070053100586,386800,0.0,0.0
1999-06-24 00:00:00-04:00,9.161225294916884,9.189327212999451,8.936409950256348,8.936409950256348,411600,0.0,0.0
1999-06-25 00:00:00-04:00,8.936408984510205,8.950459942033019,8.852103239373315,8.880205154418945,292800,0.0,0.0
1999-06-28 00:00:00-04:00,8.824005045541902,9.217432022094727,8.824005045541902,9.217432022094727,638400,0.0,0.0
1999-06-29 00:00:00-04:00,9.189324940370199,9.456293096130189,9.189324940370199,9.428191184997559,999600,0.0,0.0
1999-06-30 00:00:00-04:00,9.442246442783379,9.540603176562371,9.287685861130674,9.386042594909668,982000,0.0,0.0
1999-07-01 00:00:00-04:00,9.32983686232708,9.54060124927724,9.32983686232708,9.498448371887207,344800,0.0,0.0
1999-07-02 00:00:00-04:00,9.442245483398438,9.821621417999268,9.442245483398438,9.779468536376953,727600,0.0,0.0
1999-07-06 00:00:00-04:00,9.835670912422861,9.84972187086918,9.568702701942811,9.59680461883545,410800,0.0,0.0
1999-07-07 00:00:00-04:00,9.582753203571706,9.765415654666182,9.526549372465714,9.695160865783691,465200,0.0,0.0
1999-07-08 00:00:00-04:00,9.638956557164517,9.723262299647006,9.596803685923273,9.681109428405762,331600,0.0,0.0
1999-07-09 00:00:00-04:00,9.653007479233665,9.68110939329257,9.456294080821333,9.540599822998047,351200,0.0,0.0
1999-07-12 00:00:00-04:00,9.5406003082253,9.624906054689736,9.526549350481229,9.58275318145752,303200,0.0,0.0
1999-07-13 00:00:00-04:00,9.582752679895473,9.61085459391276,9.442243109809027,9.484395980834961,566800,0.0,0.0
1999-07-14 00:00:00-04:00,9.484395994880238,9.540599822998047,9.386039295674072,9.540599822998047,314400,0.0,0.0
1999-07-15 00:00:00-04:00,9.526551246643066,9.540602207183838,9.357939720153809,9.47034740447998,410000,0.0,0.0
1999-07-16 00:00:00-04:00,9.456296443939209,9.512500286102295,9.400092601776123,9.414143562316895,484800,0.0,0.0
1999-07-19 00:00:00-04:00,9.582755088806152,10.102640628814697,9.582755088806152,9.723264694213867,3204400,0.0,0.0
1999-07-20 00:00:00-04:00,9.779468536376953,10.172895431518555,9.737315654754639,10.03238582611084,1916400,0.0,0.0
1999-07-21 00:00:00-04:00,10.060486349857847,10.369607438819958,10.004282515501098,10.299352645874023,1316800,0.0,0.0
1999-07-22 00:00:00-04:00,10.299352176811384,10.482014630151832,10.243148345014324,10.34150505065918,724800,0.0,0.0
1999-07-23 00:00:00-04:00,10.341503090766508,10.397706911911978,10.200993537902832,10.200993537902832,395600,0.0,0.0
1999-07-26 00:00:00-04:00,10.144793026222626,10.172894945962854,9.934028628170909,9.990232467651367,453600,0.0,0.0
1999-07-27 00:00:00-04:00,10.032385356508453,10.200996875105233,10.032385356508453,10.186945915222168,486400,0.0,0.0
1999-07-28 00:00:00-04:00,10.229095940400217,10.28529976424857,10.229095940400217,10.243146896362305,506000,0.0,0.0
1999-07-29 00:00:00-04:00,10.200997352600098,10.285303115844727,10.018334865570068,10.03238582611084,450000,0.0,0.0
1999-07-30 00:00:00-04:00,10.060485823725312,10.158842528705867,9.948078160890391,9.976180076599121,1474400,0.0,0.0
1999-08-02 00:00:00-04:00,10.032387238815117,10.215049751566653,10.018336276295768,10.158845901489258,724800,0.0,0.0
1999-08-03 00:00:00-04:00,10.215045895702834,10.271249724565024,10.03238345190072,10.074536323547363,412400,0.0,0.0
1999-08-04 00:00:00-04:00,10.074537733681181,10.229098284686053,9.821620468400482,9.863773345947266,359600,0.0,0.0
1999-08-05 00:00:00-04:00,9.89187284932075,9.89187284932075,9.68110851304261,9.793516159057617,514800,0.0,0.0
1999-08-06 00:00:00-04:00,9.765414651702432,9.779465608035816,9.55465030670166,9.55465030670166,363600,0.0,0.0
1999-08-09 00:00:00-04:00,9.554651751788944,9.84972187941772,9.512498876413403,9.653008460998535,523600,0.0,0.0
1999-08-10 00:00:00-04:00,9.624909452879844,9.624909452879844,9.189329609026887,9.287686347961426,514800,0.0,0.0
1999-08-11 00:00:00-04:00,9.287685397190227,9.400093087322636,9.17527770705782,9.231481552124023,427200,0.0,0.0
1999-08-12 00:00:00-04:00,9.287683533016445,9.695161327959678,9.287683533016445,9.59680461883545,773200,0.0,0.0
1999-08-13 00:00:00-04:00,9.63895460792575,9.77946415031534,9.554648882491998,9.568699836730957,415200,0.0,0.0
1999-08-16 00:00:00-04:00,9.51249934493974,9.681110854746649,9.498448385789164,9.638957977294922,422000,0.0,0.0
1999-08-17 00:00:00-04:00,9.695159870035507,9.695159870035507,9.414140743367811,9.55465030670166,802400,0.0,0.0
1999-08-18 00:00:00-04:00,9.526551246643066,9.821621417999268,9.498449325561523,9.75136661529541,626800,0.0,0.0
1999-08-19 00:00:00-04:00,9.751365165988894,9.877823792060797,9.610855581464559,9.624906539916992,553600,0.0,0.0
1999-08-20 00:00:00-04:00,9.653007970177882,9.667058927921955,9.442243604016793,9.58275318145752,432800,0.0,0.0
1999-08-23 00:00:00-04:00,9.610857009887695,9.821621417999268,9.610857009887695,9.75136661529541,472000,0.0,0.0
1999-08-24 00:00:00-04:00,9.807569511912085,9.93402814458717,9.793518552725965,9.891875267028809,327200,0.0,0.0
1999-08-25 00:00:00-04:00,9.863773387524349,10.327455042493442,9.835671469041372,10.313404083251953,812800,0.0,0.0
1999-08-26 00:00:00-04:00,10.313403568401204,10.313403568401204,10.004282480519969,10.046435356140137,918400,0.0,0.0
1999-08-27 00:00:00-04:00,10.060487747192383,10.144793510437012,9.891876220703125,10.060487747192383,537600,0.0,0.0
1999-08-30 00:00:00-04:00,10.032384856134398,10.032384856134398,9.863773345947266,9.863773345947266,268800,0.0,0.0
1999-08-31 00:00:00-04:00,9.84972333908081,10.004283905029297,9.723264694213867,9.723264694213867,969600,0.0,0.0
1999-09-01 00:00:00-04:00,9.779467116068842,10.004282452070424,9.779467116068842,9.849721908569336,491200,0.0,0.0
1999-09-02 00:00:00-04:00,9.793517146454505,10.00428150398222,9.723262360611933,9.934026718139648,416800,0.0,0.0
1999-09-03 00:00:00-04:00,10.060483964196203,10.257197337797804,10.060483964196203,10.144789695739746,483600,0.0,0.0
1999-09-07 00:00:00-04:00,10.11668913354178,10.11668913354178,9.807568076683557,9.821619033813477,418800,0.0,0.0
1999-09-08 00:00:00-04:00,9.793515168119615,9.793515168119615,9.681107533478357,9.709209442138672,350400,0.0,0.0
1999-09-09 00:00:00-04:00,9.723263309718845,10.060486314680194,9.624906599938454,10.046435356140137,729200,0.0,0.0
1999-09-10 00:00:00-04:00,10.018334383321992,10.102640142508433,9.835671905084705,9.905926704406738,419600,0.0,0.0
1999-09-13 00:00:00-04:00,9.877821969116553,10.17289204216271,9.863771013257212,10.018331527709961,486400,0.0,0.0
1999-09-14 00:00:00-04:00,10.004280143167174,10.22909542728329,9.751362948536542,10.144789695739746,574800,0.0,0.0
1999-09-15 00:00:00-04:00,10.116691589355469,10.257201194763184,10.004283905029297,10.060487747192383,864800,0.0,0.0
1999-09-16 00:00:00-04:00,10.046436786651611,10.046436786651611,9.47034740447998,9.47034740447998,1382800,0.0,0.0
1999-09-17 00:00:00-04:00,9.484395922948812,9.596803578331908,9.231478698336844,9.259580612182617,467200,0.0,0.0
1999-09-20 00:00:00-04:00,9.161224848623494,9.315785390548124,8.936409514914942,9.203377723693848,1459600,0.0,0.0
1999-09-21 00:00:00-04:00,9.203381094132892,9.273635911645355,8.992616641595497,9.048820495605469,1152000,0.0,0.0
1999-09-22 00:00:00-04:00,9.076918099034748,9.076918099034748,8.739695135603116,8.978561401367188,1702400,0.0,0.0
1999-09-23 00:00:00-04:00,9.006665706634521,9.203379154205322,8.767799377441406,8.824003219604492,1370400,0.0,0.0
1999-09-24 00:00:00-04:00,8.852104655375197,8.908308494456943,8.627289299048206,8.69754409790039,1106000,0.0,0.0
1999-09-27 00:00:00-04:00,8.739693157914756,8.809947926065195,8.599183621613875,8.725642204284668,374400,0.0,0.0
1999-09-28 00:00:00-04:00,8.669440736988081,8.824001268765825,8.542982120079015,8.627287864685059,1796800,0.0,0.0
1999-09-29 00:00:00-04:00,8.68349130836451,8.992612358176839,8.627287481125904,8.978561401367188,2983600,0.0,0.0
1999-09-30 00:00:00-04:00,9.034765272829024,9.161223884734873,8.880204747166319,9.147172927856445,663600,0.0,0.0
1999-10-01 00:00:00-04:00,9.133124351501465,9.133124351501465,8.964512825012207,9.076920509338379,406800,0.0,0.0
1999-10-04 00:00:00-04:00,9.076916520372569,9.835668056131267,9.076916520372569,9.765413284301758,1083600,0.0,0.0
1999-10-05 00:00:00-04:00,9.709213733673096,9.84972333908081,9.37199068069458,9.47034740447998,1141200,0.0,0.0
1999-10-06 00:00:00-04:00,9.526549830749957,9.653008456821858,9.484396955392656,9.624906539916992,530400,0.0,0.0
1999-10-07 00:00:00-04:00,9.667059863906308,9.723263700324368,9.259582049875375,9.32983684539795,1310000,0.0,0.0
1999-10-08 00:00:00-04:00,9.484396951264902,9.821619953976542,9.484396951264902,9.59680461883545,928400,0.0,0.0
1999-10-11 00:00:00-04:00,9.610855027172702,9.610855027172702,9.231479170836938,9.245530128479004,436800,0.0,0.0
1999-10-12 00:00:00-04:00,9.231480090123302,9.273632967247153,8.86615515504993,8.936409950256348,766000,0.0,0.0
1999-10-13 00:00:00-04:00,8.922358056837897,9.231479123374012,8.89425614169825,9.02071475982666,942800,0.0,0.0
1999-10-14 00:00:00-04:00,9.048816185415445,9.133121926273352,8.922357574128583,8.978561401367188,845600,0.0,0.0
1999-10-15 00:00:00-04:00,8.880207550197213,8.922360434138023,8.599188323925148,8.669443130493164,647200,0.0,0.0
1999-10-18 00:00:00-04:00,8.697544574737549,8.908308982849121,8.571085929870605,8.571085929870605,585600,0.0,0.0
1999-10-19 00:00:00-04:00,8.655389773300271,8.795899347542159,8.599185943603516,8.599185943603516,771200,0.0,0.0
1999-10-20 00:00:00-04:00,8.571084966722703,8.613237843608225,8.388422500218777,8.48677921295166,808400,0.0,0.0
1999-10-21 00:00:00-04:00,8.430573936296822,8.500828719099296,8.318166283812864,8.416522979736328,655600,0.0,0.0
1999-10-22 00:00:00-04:00,8.402471634948139,8.767796488641535,8.31816589948043,8.683490753173828,635600,0.0,0.0
1999-10-25 00:00:00-04:00,8.627284908611513,8.627284908611513,8.430571571933076,8.458673477172852,820800,0.0,0.0
1999-10-26 00:00:00-04:00,8.472727746527811,8.557033495249481,8.16360666788169,8.304116249084473,2009600,0.0,0.0
1999-10-27 00:00:00-04:00,8.430572178052818,8.753744111544844,8.388419317162555,8.725642204284668,1600800,0.0,0.0
1999-10-28 00:00:00-04:00,8.78184986417737,8.880206582656157,8.486779708741011,8.838053703308105,1055200,0.0,0.0
1999-10-29 00:00:00-04:00,8.894257073132497,9.090970499710467,8.880206114091212,8.936409950256348,766400,0.0,0.0
1999-11-01 00:00:00-05:00,8.950462838013967,8.950462838013967,8.753749369046627,8.767800331115723,634800,0.0,0.0
1999-11-02 00:00:00-05:00,8.739697929394492,8.978564271516206,8.725646968093214,8.809952735900879,511600,0.0,0.0
1999-11-03 00:00:00-05:00,8.82400507956558,9.062871459107962,8.82400507956558,9.048820495605469,718000,0.0,0.0
1999-11-04 00:00:00-05:00,9.105019533634186,9.147172401845454,8.880204236507415,8.9926118850708,676400,0.0,0.0
1999-11-05 00:00:00-05:00,9.048816215126003,9.161223869972288,8.908306646568146,9.09096908569336,920000,0.0,0.0
1999-11-08 00:00:00-05:00,9.062869068984867,9.14717482776612,8.978563310203612,9.006665229797363,541600,0.0,0.0
1999-11-09 00:00:00-05:00,8.978563785552979,9.020716667175293,8.880207061767578,8.908308982849121,591200,0.0,0.0
1999-11-10 00:00:00-05:00,8.90830995180668,9.048819572497637,8.655392634562958,8.767800331115723,820000,0.0,0.0
1999-11-11 00:00:00-05:00,8.781851293184818,8.824004179392107,8.627290710424766,8.767800331115723,472400,0.0,0.0
1999-11-12 00:00:00-05:00,8.880206582656157,8.908308502221525,8.725646025046636,8.838053703308105,1055600,0.0,0.0
1999-11-15 00:00:00-05:00,8.80995321732301,8.824004179392107,8.725647444908436,8.767800331115723,306000,0.0,0.0
1999-11-16 00:00:00-05:00,8.739697456359863,8.838054180145264,8.739697456359863,8.824003219604492,438400,0.0,0.0
1999-11-17 00:00:00-05:00,8.739695517845403,8.739695517845403,8.557033071330949,8.599185943603516,600400,0.0,0.0
1999-11-18 00:00:00-05:00,8.613235451709265,8.613235451709265,8.332216350511573,8.557031631469727,874800,0.0,0.0
1999-11-19 00:00:00-05:00,8.500828222940433,8.500828222940433,8.149554329430497,8.374369621276855,1172800,0.0,0.0
1999-11-22 00:00:00-05:00,8.332221012147215,8.571087381804048,8.219813308779292,8.444628715515137,858400,0.0,0.0
1999-11-23 00:00:00-05:00,8.472726432456849,8.767796507219026,8.444624520574736,8.739694595336914,1594400,0.0,0.0
1999-11-24 00:00:00-05:00,8.739694047248227,8.739694047248227,8.557031631469727,8.557031631469727,700400,0.0,0.0
1999-11-26 00:00:00-05:00,8.557030145512071,8.571081098131959,8.458673477172852,8.458673477172852,112400,0.0,0.0
1999-11-29 00:00:00-05:00,8.290065771802908,8.388422484349723,8.233861936061873,8.346269607543945,1582400,0.0,0.0
1999-11-30 00:00:00-05:00,8.346269629503551,8.613237849975887,8.346269629503551,8.542983055114746,791200,0.0,0.0
1999-12-01 00:00:00-05:00,8.528932560153594,8.66944215752021,8.304117204367008,8.332219123840332,1149200,0.0,0.0
1999-12-02 00:00:00-05:00,8.360318646237657,8.402471513361544,8.233860044865994,8.31816577911377,621200,0.0,0.0
1999-12-03 00:00:00-05:00,8.346269607543945,8.458677279026018,8.304116730738167,8.346269607543945,648800,0.0,0.0
1999-12-06 00:00:00-05:00,8.233861434069844,8.247912392148463,8.107402811362288,8.163606643676758,744800,0.0,0.0
1999-12-07 00:00:00-05:00,8.205761906230002,8.318169603575619,8.177659981893598,8.233863830566406,1806800,0.0,0.0
1999-12-08 00:00:00-05:00,8.318167138606944,8.514880550668595,7.896638398474836,7.924740314483643,1200400,0.0,0.0
1999-12-09 00:00:00-05:00,7.95284366607666,8.093353271484375,7.699926376342773,7.840435981750488,952400,0.0,0.0
1999-12-10 00:00:00-05:00,7.92474033202056,8.065249912375535,7.910689373985063,8.023097038269043,696800,0.0,0.0
1999-12-13 00:00:00-05:00,7.92473797045256,8.318164678205523,7.92473797045256,8.00904369354248,1190000,0.0,0.0
1999-12-14 00:00:00-05:00,7.9247412690019186,8.14955662415091,7.756129752640176,7.9387922286987305,4164000,0.0,0.0
1999-12-15 00:00:00-05:00,7.938790304350555,7.938790304350555,7.770178828859924,7.882586479187012,536800,0.0,0.0
1999-12-16 00:00:00-05:00,7.910690784454346,7.924741744995117,7.503212928771973,7.728028297424316,957600,0.0,0.0
1999-12-17 00:00:00-05:00,7.7280287858050185,7.9247422458073284,7.503213402945236,7.545366287231445,976800,0.0,0.0
1999-12-20 00:00:00-05:00,7.545364862018161,7.657772532215825,7.531313903243453,7.587517738342285,1290400,0.0,0.0
1999-12-21 00:00:00-05:00,7.615619666410453,7.699925419175145,7.461059119675186,7.671823501586914,933600,0.0,0.0
1999-12-22 00:00:00-05:00,7.6858739694253355,7.728026843115054,7.573466306252753,7.601568222045898,612800,0.0,0.0
1999-12-23 00:00:00-05:00,7.657772117284498,8.037147983645381,7.657772117284498,7.9528422355651855,1100000,0.0,0.0
1999-12-27 00:00:00-05:00,7.994996070861816,8.079301829078286,7.910690312645348,7.994996070861816,744400,0.0,0.0
1999-12-28 00:00:00-05:00,7.882586479187012,7.994994129514099,7.812331697732581,7.882586479187012,1530800,0.0,0.0
1999-12-29 00:00:00-05:00,7.910688396026231,7.938790308623127,7.868535527130887,7.896637439727783,572800,0.0,0.0
1999-12-30 00:00:00-05:00,7.9106893564792395,8.079300852532082,7.896638398474836,7.924740314483643,1106000,0.0,0.0
1999-12-31 00:00:00-05:00,7.924739352324679,7.952841264921576,7.798280745638647,7.896637439727783,660800,0.0,0.0
2000-01-03 00:00:00-05:00,7.9809436525617325,8.093351309640067,7.868535995483398,7.868535995483398,900400,0.0,0.0
2000-01-04 00:00:00-05:00,7.910690298994454,7.952843178029948,7.756129742530974,7.770180702209473,892000,0.0,0.0
2000-01-05 00:00:00-05:00,7.826385021209717,7.868537902832031,7.657773494720459,7.812334060668945,1016800,0.0,0.0
2000-01-06 00:00:00-05:00,7.812333918450021,7.8825887198749305,7.6718243156002,7.819360256195068,1045200,0.0,0.0
2000-01-07 00:00:00-05:00,7.88258747252889,8.163606633759867,7.812332682221146,8.107402801513672,1304800,0.0,0.0
2000-01-10 00:00:00-05:00,8.163606608355487,8.290065230515898,7.924740322052487,7.966893196105957,1474800,0.0,0.0
2000-01-11 00:00:00-05:00,8.065249902230722,8.191708524391133,7.966893196105957,7.966893196105957,1962800,0.0,0.0
2000-01-12 00:00:00-05:00,8.023098468780518,8.093353271484375,7.728028297424316,7.742079257965088,1040400,0.0,0.0
2000-01-13 00:00:00-05:00,7.657773494720459,7.826385021209717,7.6156206130981445,7.728028297424316,1389600,0.0,0.0
2000-01-14 00:00:00-05:00,7.7561311808974915,7.826385992318664,7.6437234826236145,7.685876369476318,1209200,0.0,0.0
2000-01-18 00:00:00-05:00,7.71397637796926,7.74207829555749,7.671823501586914,7.671823501586914,765600,0.0,0.0
2000-01-19 00:00:00-05:00,7.657772032002347,7.699924905573002,7.475109579862841,7.489160537719727,941200,0.0,0.0
2000-01-20 00:00:00-05:00,7.503211459746727,7.5734662486956665,7.264345177320333,7.306498050689697,1241600,0.0,0.0
2000-01-21 00:00:00-05:00,7.194090837579814,7.320549465584146,7.011428374906889,7.151937961578369,1471600,0.0,0.0
2000-01-24 00:00:00-05:00,7.165988866718973,7.194090783843361,6.772562026977539,6.772562026977539,1567200,0.0,0.0
2000-01-25 00:00:00-05:00,6.828765398166219,6.955224016650779,6.814714440556823,6.85686731338501,938000,0.0,0.0
2000-01-26 00:00:00-05:00,6.856867841971937,7.362702354904293,6.8147149658942405,7.2502946853637695,1780000,0.0,0.0
2000-01-27 00:00:00-05:00,7.278395622851801,7.278395622851801,7.137886054843079,7.165987968444824,959200,0.0,0.0
2000-01-28 00:00:00-05:00,7.208141351568288,7.3908038029725525,7.19409039376796,7.33459997177124,824000,0.0,0.0
2000-01-31 00:00:00-05:00,7.306497536453546,7.348650406856162,7.165987968444824,7.165987968444824,1047200,0.0,0.0
2000-02-01 00:00:00-05:00,6.716357792456319,7.348650890072499,6.6320520461074945,7.1378865242004395,3467600,0.0,0.0
2000-02-02 00:00:00-05:00,7.109785085576926,7.22219275491411,6.955224540238296,7.151937961578369,1629600,0.0,0.0
2000-02-03 00:00:00-05:00,7.053581230132934,7.095734106010223,6.941173561126831,6.997377395629883,1693200,0.0,0.0
2000-02-04 00:00:00-05:00,6.9833264234352495,7.011428340632173,6.899020671844482,6.899020671844482,942400,0.0,0.0
2000-02-07 00:00:00-05:00,6.842815394264189,6.969273994979544,6.786611571724031,6.82876443862915,1138800,0.0,0.0
2000-02-08 00:00:00-05:00,6.828766341021056,6.828766341021056,6.702307705076222,6.758511543273926,1420400,0.0,0.0
2000-02-09 00:00:00-05:00,6.744460091782423,6.744460091782423,6.646103382110596,6.646103382110596,782800,0.0,0.0
2000-02-10 00:00:00-05:00,6.73040914135659,6.786612975522407,6.561797638859139,6.702307224273682,1642800,0.0,0.0
2000-02-11 00:00:00-05:00,6.660154812341074,6.702307690900194,6.561798095703125,6.561798095703125,482400,0.0,0.0
2000-02-14 00:00:00-05:00,6.547747103518698,6.561798062968308,6.0840654416815365,6.1402692794799805,1692000,0.0,0.0
2000-02-15 00:00:00-05:00,6.182420743507403,6.294828393389356,6.07001309362545,6.224573612213135,1457200,0.0,0.0
2000-02-16 00:00:00-05:00,6.224574095479558,6.3369817540886695,6.168370266175002,6.252676010131836,1769200,0.0,0.0
2000-02-17 00:00:00-05:00,6.2807793617248535,6.421288967132568,6.2526774406433105,6.379136085510254,1376800,0.0,0.0
2000-02-18 00:00:00-05:00,6.4212884828779435,6.44939040184021,6.23862600962321,6.32293176651001,898000,0.0,0.0
2000-02-22 00:00:00-05:00,6.322932243347168,6.322932243347168,6.126218795776367,6.168371677398682,1195200,0.0,0.0
2000-02-23 00:00:00-05:00,6.196473113952144,6.196473113952144,6.084065438415597,6.098116397857666,1871600,0.0,0.0
2000-02-24 00:00:00-05:00,6.112166408005111,6.140268322524674,5.985707792667074,6.126217365264893,713200,0.0,0.0
2000-02-25 00:00:00-05:00,6.070013502953758,6.0840644601365215,5.957605845491651,5.985707759857178,616000,0.0,0.0
2000-02-28 00:00:00-05:00,5.9576063354351225,6.1964726271860595,5.9576063354351225,6.084064960479736,621600,0.0,0.0
2000-02-29 00:00:00-05:00,6.140268281945643,6.140268281945643,5.873300095774093,5.957605838775635,987600,0.0,0.0
2000-03-01 00:00:00-05:00,6.013809677588577,6.154319249494852,5.985707763207322,5.999758720397949,907200,0.0,0.0
2000-03-02 00:00:00-05:00,5.971656290538003,5.999758202493476,5.845197686738374,5.873299598693848,638800,0.0,0.0
2000-03-03 00:00:00-05:00,5.887352007284932,6.140269277287626,5.817097210061961,6.1121673583984375,1117600,0.0,0.0
2000-03-06 00:00:00-05:00,6.055964485918589,6.070015447602855,5.760894290549006,5.859251022338867,1013200,0.0,0.0
2000-03-07 00:00:00-05:00,5.887351487197129,5.887351487197129,5.676587114147112,5.732790946960449,880000,0.0,0.0
2000-03-08 00:00:00-05:00,5.7889929887290315,6.0700120658518,5.7889929887290315,6.013808250427246,1961600,0.0,0.0
2000-03-09 00:00:00-05:00,5.901401982857631,6.098115382286219,5.732790497633127,5.845198154449463,1833200,0.0,0.0
2000-03-10 00:00:00-05:00,5.929504412274028,6.16837070376374,5.887351537305255,6.041912078857422,888400,0.0,0.0
2000-03-13 00:00:00-05:00,6.041912085464865,6.126217835494607,5.8451986687288,6.084064960479736,730400,0.0,0.0
2000-03-14 00:00:00-05:00,6.098116376026567,6.154320213593633,5.760893350624176,5.831148147583008,1840400,0.0,0.0
2000-03-15 00:00:00-05:00,5.873301091660085,6.81471538147163,5.873301091660085,6.758511543273926,2609600,0.0,0.0
2000-03-16 00:00:00-05:00,6.814714528047121,7.475109544167151,6.716357823518606,7.306498050689697,2004800,0.0,0.0
2000-03-17 00:00:00-05:00,7.2502946368060135,7.334600388396781,6.842816837450637,6.899020671844482,1437600,0.0,0.0
2000-03-20 00:00:00-05:00,6.5196438471476235,6.884968717892964,6.491541934013366,6.74445915222168,2272000,0.0,0.0
2000-03-21 00:00:00-05:00,6.74445970256338,7.23624322254196,6.716357787136032,7.1097846031188965,1236400,0.0,0.0
2000-03-22 00:00:00-05:00,7.123835427714733,7.123835427714733,6.491542342414609,6.505593299865723,3377200,0.0,0.0
2000-03-23 00:00:00-05:00,6.5055924590232435,6.82876443862915,6.421286725213007,6.82876443862915,1602000,0.0,0.0
2000-03-24 00:00:00-05:00,6.786613941192627,6.983327388763428,6.519645690917969,6.53369665145874,2410000,0.0,0.0
2000-03-27 00:00:00-05:00,6.547746172219064,6.702306704181317,6.449389470061267,6.505593299865723,701600,0.0,0.0
2000-03-28 00:00:00-05:00,6.547746211540799,6.744459617037733,6.547746211540799,6.688255786895752,1496800,0.0,0.0
2000-03-29 00:00:00-05:00,6.716358164436797,6.842816790963849,6.519644745394715,6.575848579406738,1274800,0.0,0.0
2000-03-30 00:00:00-05:00,6.632052887029089,6.632052887029089,6.4634413729520785,6.477492332458496,1140000,0.0,0.0
2000-03-31 00:00:00-05:00,6.463441392735979,6.786613462372778,6.449390433186553,6.758511543273926,1852000,0.0,0.0
2000-04-03 00:00:00-04:00,6.744460566290494,6.772562485316704,6.46344137602839,6.5196452140808105,1118800,0.0,0.0
2000-04-04 00:00:00-04:00,6.575849052133232,6.702307687751178,6.308880821384233,6.5196452140808105,1284000,0.0,0.0
2000-04-05 00:00:00-04:00,6.533696204423904,7.081683628020747,6.519645244844498,6.969275951385498,1430000,0.0,0.0
2000-04-06 00:00:00-04:00,6.941174507141113,7.053582191467285,6.91307258605957,6.941174507141113,573200,0.0,0.0
2000-04-07 00:00:00-04:00,6.884970664978027,6.955225467681885,6.660155296325684,6.730410099029541,562800,0.0,0.0
2000-04-10 00:00:00-04:00,6.744458704818913,6.913070172439387,6.744458704818913,6.82876443862915,758800,0.0,0.0
2000-04-11 00:00:00-04:00,6.884968337784725,7.0816817188642895,6.856866426201931,7.053579807281494,862400,0.0,0.0
2000-04-12 00:00:00-04:00,7.109783630447084,7.165987453612674,6.96927407253311,7.053579807281494,886000,0.0,0.0
2000-04-13 00:00:00-04:00,7.109784583051601,7.109784583051601,6.997376921659481,7.011427879333496,1628400,0.0,0.0
2000-04-14 00:00:00-04:00,6.969274931316135,6.983325888838949,6.5055933330632465,6.660153865814209,1247600,0.0,0.0
2000-04-17 00:00:00-04:00,6.575848087121292,6.618000959474633,6.407236597707925,6.505593299865723,1144000,0.0,0.0
2000-04-18 00:00:00-04:00,6.505593338934314,6.744459617037733,6.491542381398818,6.688255786895752,961600,0.0,0.0
2000-04-19 00:00:00-04:00,6.603949153203005,6.9552230443308245,6.505592463687215,6.842815399169922,1197200,0.0,0.0
2000-04-20 00:00:00-04:00,6.8428163197862,6.8428163197862,6.547746211540799,6.688255786895752,699200,0.0,0.0
2000-04-24 00:00:00-04:00,6.688257217407227,6.688257217407227,6.322932243347168,6.393187046051025,994800,0.0,0.0
2000-04-25 00:00:00-04:00,6.435338551256837,6.688255786895752,6.435338551256837,6.688255786895752,583600,0.0,0.0
2000-04-26 00:00:00-04:00,6.688255746730203,6.688255746730203,6.435338512610153,6.505593299865723,1038000,0.0,0.0
2000-04-27 00:00:00-04:00,6.463441371917725,6.5055942504302315,6.351033695884373,6.463441371917725,564000,0.0,0.0
2000-04-28 00:00:00-04:00,6.463441371917725,6.519645209934401,6.336982736380204,6.463441371917725,638000,0.0,0.0
2000-05-01 00:00:00-04:00,6.449389056680592,6.800662970443151,6.435338100130089,6.716357231140137,820400,0.0,0.0
2000-05-02 00:00:00-04:00,6.688256247430785,6.758511039945814,6.477491869885697,6.575848579406738,627200,0.0,0.0
2000-05-03 00:00:00-04:00,6.589900009559862,6.589900009559862,6.477492333490611,6.491543292999268,570000,0.0,0.0
2000-05-04 00:00:00-04:00,6.63205147994192,6.702306262568423,6.603949566891319,6.674204349517822,692800,0.0,0.0
2000-05-05 00:00:00-04:00,6.674205317042181,6.91307161259948,6.6601543584799865,6.772562026977539,741200,0.0,0.0
2000-05-08 00:00:00-04:00,6.828766355591435,7.025479789703122,6.758511557694404,6.969275951385498,778800,0.0,0.0
2000-05-09 00:00:00-04:00,6.983327388763428,7.011429309844971,6.618002414703369,6.800664901733398,903200,0.0,0.0
2000-05-10 00:00:00-04:00,6.758512020111084,6.870919704437256,6.575849533081055,6.632053375244141,670400,0.0,0.0
2000-05-11 00:00:00-04:00,6.63205243156641,6.772562016980952,6.63205243156641,6.702307224273682,817200,0.0,0.0
2000-05-12 00:00:00-04:00,6.688256723984428,6.730409602496935,6.407237533901049,6.463441371917725,1062400,0.0,0.0
2000-05-15 00:00:00-04:00,6.4774923385848835,6.63205289330166,6.407237540986349,6.561798095703125,599600,0.0,0.0
2000-05-16 00:00:00-04:00,6.519644763234776,6.702307224273682,6.463440929068959,6.702307224273682,1046400,0.0,0.0
2000-05-17 00:00:00-04:00,6.646103399917792,6.9411735297238675,6.632052441355598,6.772562026977539,688000,0.0,0.0
2000-05-18 00:00:00-04:00,6.7444610595703125,6.758512020111084,6.463441848754883,6.53369665145874,513600,0.0,0.0
2000-05-19 00:00:00-04:00,6.519644724750102,6.519644724750102,6.435338973999023,6.435338973999023,407600,0.0,0.0
2000-05-22 00:00:00-04:00,6.435338950530528,6.4774918257523435,6.280778408050537,6.280778408050537,772400,0.0,0.0
2000-05-23 00:00:00-04:00,6.280778428918684,6.4493899303661655,6.280778428918684,6.421288013458252,624400,0.0,0.0
2000-05-24 00:00:00-04:00,7.194089762369791,7.20814071893692,6.632051499684652,6.74445915222168,3803600,0.0,0.0
2000-05-25 00:00:00-04:00,6.7725606209443585,6.913070177395486,6.7725606209443585,6.842815399169922,1075200,0.0,0.0
2000-05-26 00:00:00-04:00,6.842817300570482,6.842817300570482,6.758511543273926,6.758511543273926,584000,0.0,0.0
2000-05-30 00:00:00-04:00,6.7725620576176775,7.0395302715071715,6.7725620576176775,6.997377395629883,850800,0.0,0.0
2000-05-31 00:00:00-04:00,6.997377395629883,7.025479312881409,6.98332643700412,6.997377395629883,764400,0.0,0.0
2000-06-01 00:00:00-04:00,7.02547980381318,7.18004035949707,7.011428844205554,7.18004035949707,485200,0.0,0.0
2000-06-02 00:00:00-04:00,7.447007545610754,7.461058503243982,6.322930934952527,6.913071155548096,4353200,0.0,0.0
2000-06-05 00:00:00-04:00,6.856866804758707,6.941172544161478,6.660153412818908,6.74445915222168,1676000,0.0,0.0
2000-06-06 00:00:00-04:00,6.800663447179715,6.8428163197862,6.533695254005304,6.688255786895752,1103200,0.0,0.0
2000-06-07 00:00:00-04:00,6.716356793548835,6.856866349899229,6.575847237198441,6.82876443862915,1778400,0.0,0.0
2000-06-08 00:00:00-04:00,6.800664901733398,6.955225467681885,6.7444610595703125,6.955225467681885,639600,0.0,0.0
2000-06-09 00:00:00-04:00,6.927122611885753,7.109785074268137,6.913071653240955,7.06763219833374,936400,0.0,0.0
2000-06-12 00:00:00-04:00,7.0816821014531985,7.0816821014531985,6.603949578736118,6.716357231140137,969600,0.0,0.0
2000-06-13 00:00:00-04:00,6.716358168581698,6.716358168581698,6.477491873883187,6.603950500488281,886400,0.0,0.0
2000-06-14 00:00:00-04:00,6.57584812661179,6.688255786895752,6.407236636185846,6.688255786895752,984400,0.0,0.0
2000-06-15 00:00:00-04:00,6.575849052133232,6.632052890185652,6.46344137602839,6.5196452140808105,1137200,0.0,0.0
2000-06-16 00:00:00-04:00,6.491543291964914,6.505594251471331,6.393186575419991,6.477492332458496,883600,0.0,0.0
2000-06-19 00:00:00-04:00,6.505594254567706,6.561798092620126,6.505594254567706,6.5196452140808105,531600,0.0,0.0
2000-06-20 00:00:00-04:00,6.575849050051206,6.589900009559862,6.477492333490611,6.491543292999268,1123600,0.0,0.0
2000-06-21 00:00:00-04:00,6.491543289882685,6.491543289882685,6.435339451875043,6.449390411376953,576000,0.0,0.0
2000-06-22 00:00:00-04:00,6.449389412697782,6.449389412697782,6.238625052805697,6.252676010131836,1477600,0.0,0.0
2000-06-23 00:00:00-04:00,6.266726970672607,6.280777928005954,6.140268354672488,6.266726970672607,666400,0.0,0.0
2000-06-26 00:00:00-04:00,6.280777895122493,6.280777895122493,6.098115450745329,6.126217365264893,499200,0.0,0.0
2000-06-27 00:00:00-04:00,6.126217391039874,6.336981750823356,6.126217391039874,6.2386250495910645,1252800,0.0,0.0
2000-06-28 00:00:00-04:00,6.2807793617248535,6.351034164428711,6.196473598480225,6.3369832038879395,979600,0.0,0.0
2000-06-29 00:00:00-04:00,6.01381015104406,6.210523567199707,5.9435553595599,5.9716572761535645,2548000,0.0,0.0
2000-06-30 00:00:00-04:00,6.027861600647324,6.407237505583169,5.97165776287905,6.098116397857666,1870400,0.0,0.0
2000-07-03 00:00:00-04:00,6.112166877156317,6.140268793832898,6.041912085464865,6.084064960479736,238000,0.0,0.0
2000-07-05 00:00:00-04:00,6.2386255328287215,6.336982241679625,6.084064990348731,6.280778408050537,1492800,0.0,0.0
2000-07-06 00:00:00-04:00,6.294828882110253,6.294828882110253,5.985707820935196,6.252676010131836,1957600,0.0,0.0
2000-07-07 00:00:00-04:00,6.294828414916992,6.35103224005018,6.266726502350399,6.294828414916992,513600,0.0,0.0
2000-07-10 00:00:00-04:00,6.3088793408573345,6.3088793408573345,6.126216910053002,6.196471691131592,1211200,0.0,0.0
2000-07-11 00:00:00-04:00,6.238625992278349,6.252676951720417,6.098116397857666,6.098116397857666,523600,0.0,0.0
2000-07-12 00:00:00-04:00,6.140269302334921,6.505594249384596,6.140269302334921,6.449390411376953,1070400,0.0,0.0
2000-07-13 00:00:00-04:00,6.463441848754883,6.505594730377197,6.3369832038879395,6.393187046051025,405200,0.0,0.0
2000-07-14 00:00:00-04:00,5.957606350291859,6.322931267998435,5.901402516798539,6.182421684265137,2677200,0.0,0.0
2000-07-17 00:00:00-04:00,6.238626012738966,6.435339445573078,6.210524093762665,6.365084648132324,669200,0.0,0.0
2000-07-18 00:00:00-04:00,6.365085606054633,6.393187529260172,6.1824231052186285,6.308881759643555,696000,0.0,0.0
2000-07-19 00:00:00-04:00,6.238625497663104,6.238625497663104,6.0278611227420535,6.055963039398193,1103200,0.0,0.0
2000-07-20 00:00:00-04:00,6.098116397857666,6.14026927618387,6.013810641205255,6.098116397857666,596800,0.0,0.0
2000-07-21 00:00:00-04:00,6.055963058905168,6.210523601011796,5.985708267038518,6.182421684265137,931200,0.0,0.0
2000-07-24 00:00:00-04:00,6.168369787272159,6.351032218330332,6.168369787272159,6.224573612213135,841600,0.0,0.0
2000-07-25 00:00:00-04:00,6.252676476131786,6.336982226371765,6.182421684265137,6.182421684265137,626800,0.0,0.0
2000-07-26 00:00:00-04:00,6.1824217197409865,6.463440888820123,6.1262178859251595,6.421288013458252,1017200,0.0,0.0
2000-07-27 00:00:00-04:00,6.449389409374547,6.491542281331243,6.2386250495910645,6.2386250495910645,551600,0.0,0.0
2000-07-28 00:00:00-04:00,6.196472618129703,6.224574534765212,5.971657285045632,6.02786111831665,897600,0.0,0.0
2000-07-31 00:00:00-04:00,6.05596399307251,6.210524559020996,6.05596399307251,6.168371677398682,744400,0.0,0.0
2000-08-01 00:00:00-04:00,6.210522655977891,6.266726480918867,6.182420743507403,6.224573612213135,622000,0.0,0.0
2000-08-02 00:00:00-04:00,6.266726967457975,6.322930796762531,6.252676010131836,6.252676010131836,857200,0.0,0.0
2000-08-03 00:00:00-04:00,6.294829366457809,6.37913511690144,6.280778408050537,6.280778408050537,767200,0.0,0.0
2000-08-04 00:00:00-04:00,6.1121669071632745,6.280778408050537,6.1121669071632745,6.280778408050537,687600,0.0,0.0
2000-08-07 00:00:00-04:00,6.266728874835246,6.322932721246324,6.252677913232476,6.308881759643555,353600,0.0,0.0
2000-08-08 00:00:00-04:00,6.365085124969482,6.407238006591797,6.2807793617248535,6.351034164428711,1265600,0.0,0.0
2000-08-09 00:00:00-04:00,6.322930305859844,6.365083174565576,6.196471699742647,6.224573612213135,898000,0.0,0.0
2000-08-10 00:00:00-04:00,6.238624568448379,6.266726480918867,6.14026787480167,6.224573612213135,802800,0.0,0.0
2000-08-11 00:00:00-04:00,6.1964721776343685,6.2386250495910645,6.112166433720975,6.2386250495910645,819200,0.0,0.0
2000-08-14 00:00:00-04:00,6.238626480102539,6.238626480102539,6.15432071685791,6.168371677398682,234800,0.0,0.0
2000-08-15 00:00:00-04:00,6.140268322524674,6.140268322524674,5.985707792667074,6.126217365264893,687600,0.0,0.0
2000-08-16 00:00:00-04:00,6.013810166606197,6.070013999938965,5.915453458273852,6.070013999938965,370000,0.0,0.0
2000-08-17 00:00:00-04:00,6.055962535506445,6.055962535506445,5.817096263804334,5.943554878234863,849600,0.0,0.0
2000-08-18 00:00:00-04:00,5.985707749711706,5.985707749711706,5.8592491352811775,5.943554878234863,552000,0.0,0.0
2000-08-21 00:00:00-04:00,5.957606308817014,5.999759183643549,5.901402475714967,5.9154534339904785,371200,0.0,0.0
2000-08-22 00:00:00-04:00,5.901402473449707,5.9154534317198255,5.817096723828997,5.901402473449707,507200,0.0,0.0
2000-08-23 00:00:00-04:00,5.8733015060424805,5.8733015060424805,5.77494478225708,5.8170976638793945,550000,0.0,0.0
2000-08-24 00:00:00-04:00,5.760893350624176,5.859250066366541,5.718740472448878,5.831148147583008,670400,0.0,0.0
2000-08-25 00:00:00-04:00,5.873300092440124,5.9997587068706535,5.817096263804334,5.943554878234863,822400,0.0,0.0
2000-08-28 00:00:00-04:00,5.887351499054103,5.971657248443899,5.788994791432674,5.803045749664307,342000,0.0,0.0
2000-08-29 00:00:00-04:00,5.746841916737775,5.803045749664307,5.7327909585061425,5.803045749664307,373600,0.0,0.0
2000-08-30 00:00:00-04:00,5.788993826145079,5.788993826145079,5.718739046701571,5.760891914367676,409200,0.0,0.0
2000-08-31 00:00:00-04:00,5.774943368939253,5.8873510257555886,5.760892411837212,5.845198154449463,384800,0.0,0.0
2000-09-01 00:00:00-04:00,5.859249582590837,5.87330054082247,5.803045749664307,5.803045749664307,451200,0.0,0.0
2000-09-05 00:00:00-04:00,5.817097196081803,5.929504871368408,5.803046236670977,5.929504871368408,338000,0.0,0.0
2000-09-06 00:00:00-04:00,5.929504401263069,6.027861109340892,5.929504401263069,5.9716572761535645,396000,0.0,0.0
2000-09-07 00:00:00-04:00,5.929503897061715,5.943554854163757,5.788994326041295,5.845198154449463,284000,0.0,0.0
2000-09-08 00:00:00-04:00,5.859249111551505,5.915452939959673,5.803045283143337,5.845198154449463,661200,0.0,0.0
2000-09-11 00:00:00-04:00,5.8451976354350625,5.901401458852707,5.690637121036539,5.718739032745361,2989600,0.0,0.0
2000-09-12 00:00:00-04:00,5.732791900634766,5.746842861175537,5.634435176849365,5.704689979553223,542000,0.0,0.0
2000-09-13 00:00:00-04:00,5.676587121039991,5.803045745023556,5.676587121039991,5.774943828582764,517200,0.0,0.0
2000-09-14 00:00:00-04:00,5.803046703338623,5.8170976638793945,5.648486137390137,5.704689979553223,279600,0.0,0.0
2000-09-15 00:00:00-04:00,5.648485668714006,5.746842384338379,5.648485668714006,5.746842384338379,625200,0.0,0.0
2000-09-18 00:00:00-04:00,5.7187389797634545,5.7608918469361585,5.507974643899937,5.564178466796875,1566800,0.0,0.0
2000-09-19 00:00:00-04:00,5.564178914138951,5.564178914138951,5.325312647622885,5.451771259307861,1216800,0.0,0.0
2000-09-20 00:00:00-04:00,5.367466450982555,5.437721247461384,5.311262613799491,5.38151741027832,651200,0.0,0.0
2000-09-21 00:00:00-04:00,5.409618362667054,5.493924103383943,5.241006881233275,5.353414535522461,608000,0.0,0.0
2000-09-22 00:00:00-04:00,5.339364532391023,5.395568369574086,5.198854939433364,5.38151741027832,745600,0.0,0.0
2000-09-25 00:00:00-04:00,5.409618864329125,5.493924612864125,5.381516948150792,5.465822696685791,1450800,0.0,0.0
2000-09-26 00:00:00-04:00,5.423670281808843,5.43772124108814,5.26910972973657,5.311262607574463,383600,0.0,0.0
2000-09-27 00:00:00-04:00,5.297211648295165,5.381517403970951,5.241007811177975,5.311262607574463,462000,0.0,0.0
2000-09-28 00:00:00-04:00,5.297210733915113,5.451771259307861,5.255057863353454,5.451771259307861,499200,0.0,0.0
2000-09-29 00:00:00-04:00,5.3815174115200834,5.409619330118099,5.226956859230995,5.395568370819092,890000,0.0,0.0
2000-10-02 00:00:00-04:00,5.3674659525009405,5.3674659525009405,5.241007330583379,5.255058288574219,271200,0.0,0.0
2000-10-03 00:00:00-04:00,5.283161163330078,5.4096198081970215,5.283161163330078,5.367466926574707,480800,0.0,0.0
2000-10-04 00:00:00-04:00,5.367466926574707,5.620384216308594,5.367466926574707,5.507976531982422,1278800,0.0,0.0
2000-10-05 00:00:00-04:00,5.564180374145508,5.8451995849609375,5.564180374145508,5.704689979553223,914400,0.0,0.0
2000-10-06 00:00:00-04:00,5.704688482677814,5.746841353239472,5.395567431892316,5.451771259307861,937200,0.0,0.0
2000-10-09 00:00:00-04:00,5.465823180766045,5.564179896101167,5.395568384098102,5.550128936767578,762400,0.0,0.0
2000-10-10 00:00:00-04:00,5.550128457509927,5.634434206231596,5.536077499389648,5.536077499389648,393600,0.0,0.0
2000-10-11 00:00:00-04:00,5.058345288301991,5.0723962474361635,4.763275146484375,4.763275146484375,2043200,0.0,0.0
2000-10-12 00:00:00-04:00,4.945937619571797,4.945937619571797,4.6789693957880925,4.8054280281066895,1442800,0.0,0.0
2000-10-13 00:00:00-04:00,4.7773256412772245,4.861631387887999,4.721121810203375,4.833529472351074,856000,0.0,0.0
2000-10-16 00:00:00-04:00,4.833529940723667,4.861631858983689,4.636816512903518,4.7492241859436035,428800,0.0,0.0
2000-10-17 00:00:00-04:00,4.749224183105287,4.819478978713353,4.496306918916248,4.7211222648620605,1423200,0.0,0.0
2000-10-18 00:00:00-04:00,4.608715057373047,4.721122741699219,4.383899688720703,4.707071781158447,2388400,0.0,0.0
2000-10-19 00:00:00-04:00,4.707071327350357,4.959988592700524,4.707071327350357,4.945937633514404,1005200,0.0,0.0
2000-10-20 00:00:00-04:00,4.889733768371214,4.903784727475729,4.580612668071884,4.664918422698975,2907600,0.0,0.0
2000-10-23 00:00:00-04:00,4.678968950124046,4.945937148479473,4.650867034507686,4.903784275054932,2096400,0.0,0.0
2000-10-24 00:00:00-04:00,4.917835232863112,4.9318861906712925,4.861631401630391,4.903784275054932,1011600,0.0,0.0
2000-10-25 00:00:00-04:00,4.889734268188477,4.9459381103515625,4.833530426025391,4.875683307647705,537600,0.0,0.0
2000-10-26 00:00:00-04:00,4.9178361892700195,5.156702518463135,4.819479465484619,5.01619291305542,1216400,0.0,0.0
2000-10-27 00:00:00-04:00,5.002141090819073,5.606332289991039,4.974039174578516,5.536077499389648,2166800,0.0,0.0
2000-10-30 00:00:00-05:00,5.536078903600752,5.901403907391665,5.451773133495157,5.859251022338867,1111200,0.0,0.0
2000-10-31 00:00:00-05:00,5.859250066366541,5.873301025758307,5.8030462287994755,5.831148147583008,673200,0.0,0.0
2000-11-01 00:00:00-05:00,5.887351535139106,6.168370701494195,5.873300576821351,6.02786111831665,695600,0.0,0.0
2000-11-02 00:00:00-05:00,6.027860624610253,6.027860624610253,5.8592491386071694,5.957605838775635,695200,0.0,0.0
2000-11-03 00:00:00-05:00,5.957606317856732,5.999759192747228,5.831147693185245,5.9716572761535645,531200,0.0,0.0
2000-11-06 00:00:00-05:00,5.999759201681141,6.055963034952159,5.943555368410124,6.02786111831665,631200,0.0,0.0
2000-11-07 00:00:00-05:00,5.999759668422536,6.027861587244187,5.718740480206024,5.929504871368408,616800,0.0,0.0
2000-11-08 00:00:00-05:00,5.929504401263069,6.027861109340892,5.873300568075741,5.9716572761535645,598400,0.0,0.0
2000-11-09 00:00:00-05:00,5.971657267092526,5.971657267092526,5.887351517439455,5.9154534339904785,971600,0.0,0.0
2000-11-10 00:00:00-05:00,5.901403427124023,5.901403427124023,5.746842861175537,5.8170976638793945,316800,0.0,0.0
2000-11-13 00:00:00-05:00,5.788995290132162,6.126218316741802,5.788995290132162,6.098116397857666,722000,0.0,0.0
2000-11-14 00:00:00-05:00,6.140269277287626,6.210524074510596,6.055963520620061,6.1121673583984375,634000,0.0,0.0
2000-11-15 00:00:00-05:00,6.140268823977818,6.294829366457809,6.140268823977818,6.280778408050537,666400,0.0,0.0
2000-11-16 00:00:00-05:00,6.252676476131786,6.252676476131786,6.0840649756518275,6.182421684265137,314000,0.0,0.0
2000-11-17 00:00:00-05:00,6.238625555579839,6.435338973999023,6.210523638662813,6.435338973999023,814000,0.0,0.0
2000-11-20 00:00:00-05:00,6.4634404275123805,6.519644257316836,6.4634404275123805,6.505593299865723,1009200,0.0,0.0
2000-11-21 00:00:00-05:00,6.449390416515285,6.547747133107021,6.449390416515285,6.5196452140808105,564400,0.0,0.0
2000-11-22 00:00:00-05:00,6.5055942430138325,6.5055942430138325,6.351033688644173,6.365084648132324,726800,0.0,0.0
2000-11-24 00:00:00-05:00,6.407237537975969,6.5196452140808105,6.407237537975969,6.5196452140808105,218000,0.0,0.0
2000-11-27 00:00:00-05:00,6.519644720512524,6.519644720512524,6.37913513601872,6.4072370529174805,372400,0.0,0.0
2000-11-28 00:00:00-05:00,6.182421699199634,6.322931283272353,6.15431978238509,6.280778408050537,798800,0.0,0.0
2000-11-29 00:00:00-05:00,6.294829847547743,6.36508464495341,6.168371212217543,6.32293176651001,480400,0.0,0.0
2000-11-30 00:00:00-05:00,6.322931283272353,6.336982241679625,6.210523616014178,6.280778408050537,513200,0.0,0.0
2000-12-01 00:00:00-05:00,6.252676491235993,6.294829366457809,6.210523616014178,6.280778408050537,274800,0.0,0.0
2000-12-04 00:00:00-05:00,6.2386259933997845,6.2386259933997845,6.027861601730873,6.1121673583984375,412400,0.0,0.0
2000-12-05 00:00:00-05:00,6.1262178859251595,6.421288013458252,6.084065010563289,6.421288013458252,619200,0.0,0.0
2000-12-06 00:00:00-05:00,6.336981750823356,6.40723653741785,6.154319305677672,6.2386250495910645,806800,0.0,0.0
2000-12-07 00:00:00-05:00,6.140268264351711,6.140268264351711,5.8592491218184515,5.887351036071777,1554800,0.0,0.0
2000-12-08 00:00:00-05:00,5.887349665722001,6.112164927420215,5.8732987118658615,6.013808250427246,1944800,0.0,0.0
2000-12-11 00:00:00-05:00,6.0278616282531345,6.491543291964914,5.999759709240299,6.477492332458496,904000,0.0,0.0
2000-12-12 00:00:00-05:00,6.463440867345072,6.519644700974159,6.266727449643265,6.280778408050537,559200,0.0,0.0
2000-12-13 00:00:00-05:00,6.2807793617248535,6.421288967132568,6.140269756317139,6.168371677398682,532000,0.0,0.0
2000-12-14 00:00:00-05:00,6.154321217708451,6.182423141076982,5.859251022338867,5.859251022338867,1507600,0.0,0.0
2000-12-15 00:00:00-05:00,5.788995742797852,5.8451995849609375,5.788995742797852,5.8170976638793945,931600,0.0,0.0
2000-12-18 00:00:00-05:00,5.817095747271788,5.845197659094357,5.704688099981512,5.788993835449219,1045200,0.0,0.0
2000-12-19 00:00:00-05:00,5.760893821716309,5.831148624420166,5.746842861175537,5.8170976638793945,886000,0.0,0.0
2000-12-20 00:00:00-05:00,5.788993788002735,5.788993788002735,5.4658218046919025,5.648484230041504,913200,0.0,0.0
2000-12-21 00:00:00-05:00,5.620383756706514,5.831148147583008,5.620383756706514,5.831148147583008,645600,0.0,0.0
2000-12-22 00:00:00-05:00,5.817098137286069,5.8873529457073985,5.774945252233272,5.859251022338867,457200,0.0,0.0
2000-12-26 00:00:00-05:00,5.845198164691789,5.929503907451767,5.845198164691789,5.887351036071777,441200,0.0,0.0
2000-12-27 00:00:00-05:00,5.859247758009723,6.140266835132492,5.859247758009723,6.013808250427246,407200,0.0,0.0
2000-12-28 00:00:00-05:00,6.013811111450195,6.379136085510254,6.013811111450195,6.379136085510254,816800,0.0,0.0
2000-12-29 00:00:00-05:00,6.379134721114856,7.137886428031601,6.379134721114856,6.688255786895752,1756800,0.0,0.0
2001-01-02 00:00:00-05:00,6.632052423586049,6.71635817473333,6.519644755389676,6.646103382110596,656000,0.0,0.0
2001-01-03 00:00:00-05:00,6.618001975192016,7.194091319104697,6.618001975192016,7.18004035949707,1371600,0.0,0.0
2001-01-04 00:00:00-05:00,7.10978381598697,7.6437201499938965,7.10978381598697,7.6437201499938965,2179600,0.0,0.0
2001-01-05 00:00:00-05:00,7.643721095735617,7.65777205363219,7.4891605588733166,7.601568222045898,1447200,0.0,0.0
2001-01-08 00:00:00-05:00,7.6437225341796875,7.924741744995117,7.517263889312744,7.6156206130981445,1600400,0.0,0.0
2001-01-09 00:00:00-05:00,7.362703323364258,7.362703323364258,6.927123546600342,6.955225467681885,2403200,0.0,0.0
2001-01-10 00:00:00-05:00,6.941174507141113,6.941174507141113,6.7725629806518555,6.941174507141113,936800,0.0,0.0
2001-01-11 00:00:00-05:00,6.955224978997841,7.025479776765496,6.730409626141345,6.786613464355469,826800,0.0,0.0
2001-01-12 00:00:00-05:00,6.786612013892649,6.800662970443151,6.575847665635113,6.716357231140137,1048400,0.0,0.0
2001-01-16 00:00:00-05:00,6.730408195654551,6.74445915222168,6.674204369386037,6.74445915222168,465200,0.0,0.0
2001-01-17 00:00:00-05:00,6.7163591384887695,6.730410099029541,6.589900493621826,6.632053375244141,310800,0.0,0.0
2001-01-18 00:00:00-05:00,6.63205243156641,6.744460099898044,6.561797638859139,6.702307224273682,512800,0.0,0.0
2001-01-19 00:00:00-05:00,6.688255325953166,6.74445915222168,6.660153412818908,6.74445915222168,694800,0.0,0.0
2001-01-22 00:00:00-05:00,6.688256281429959,6.842816825748719,6.632052447132229,6.8147149085998535,498000,0.0,0.0
2001-01-23 00:00:00-05:00,6.81471586227417,7.2362446784973145,6.7725629806518555,7.2362446784973145,1103200,0.0,0.0
2001-01-24 00:00:00-05:00,7.208141253619898,7.278396041666875,6.85686731338501,6.85686731338501,474000,0.0,0.0
2001-01-25 00:00:00-05:00,6.82876452833119,7.180038423821478,6.82876452833119,7.095732688903809,412800,0.0,0.0
2001-01-26 00:00:00-05:00,6.8709173055342685,7.0114268618846625,6.814713482994111,6.82876443862915,682000,0.0,0.0
2001-01-29 00:00:00-05:00,6.834386768304228,7.041216913934545,6.825394376999221,7.014239311218262,500400,0.0,0.0
2001-01-30 00:00:00-05:00,7.04796083987193,7.14912748336792,6.980515982073382,7.14912748336792,333200,0.0,0.0
2001-01-31 00:00:00-05:00,7.137885355637949,7.328978006370029,7.137885355637949,7.27052640914917,614400,0.0,0.0
2001-02-01 00:00:00-05:00,7.261534143757469,7.272774737430933,7.104163688323165,7.189593315124512,342800,0.0,0.0
2001-02-02 00:00:00-05:00,7.18959432891688,7.335724640084467,7.171609119222577,7.261535167694092,520400,0.0,0.0
2001-02-05 00:00:00-05:00,7.295258477884309,7.418906752234377,7.279521471563529,7.3919291496276855,471200,0.0,0.0
2001-02-06 00:00:00-05:00,7.362702869795146,7.565037032158768,7.362702869795146,7.48859977722168,597600,0.0,0.0
2001-02-07 00:00:00-05:00,7.441387670112577,7.48410313506576,7.418906478370632,7.454876899719238,297600,0.0,0.0
2001-02-08 00:00:00-05:00,7.407664950912232,7.418905545369588,7.182849631355578,7.302001476287842,352400,0.0,0.0
2001-02-09 00:00:00-05:00,7.284016731870909,7.284016731870909,7.117653017250112,7.16261625289917,283200,0.0,0.0
2001-02-12 00:00:00-05:00,7.126647063944309,7.259288160284059,7.119902448794379,7.171609878540039,283200,0.0,0.0
2001-02-13 00:00:00-05:00,7.171609515251766,7.182850539932219,7.113157473317148,7.160368919372559,244400,0.0,0.0
2001-02-14 00:00:00-05:00,7.158119772038545,7.158119772038545,7.115404741478937,7.133389949798584,281200,0.0,0.0
2001-02-15 00:00:00-05:00,7.104165368274647,7.115405964606221,6.946794446825025,7.014239311218262,1098000,0.0,0.0
2001-02-16 00:00:00-05:00,6.969276579461299,6.980517176617331,6.778183426199681,6.847876071929932,680000,0.0,0.0
2001-02-20 00:00:00-05:00,6.845627646305353,6.865861062308325,6.517397009102563,6.5196452140808105,889600,0.0,0.0
2001-02-21 00:00:00-05:00,6.553366461441694,6.629803704186567,6.519644249360413,6.546622276306152,752800,0.0,0.0
2001-02-22 00:00:00-05:00,6.544373411388176,6.544373411388176,6.384754328065926,6.485921382904053,1023600,0.0,0.0
2001-02-23 00:00:00-05:00,6.485922505994256,6.485922505994256,6.3083181853695,6.4072370529174805,530400,0.0,0.0
2001-02-26 00:00:00-05:00,6.395995781234529,6.654533303599817,6.395995781234529,6.652285099029541,566000,0.0,0.0
2001-02-27 00:00:00-05:00,6.64329413927004,6.64329413927004,6.463442011344452,6.524142265319824,411600,0.0,0.0
2001-02-28 00:00:00-05:00,6.524140782287449,6.609570416432376,6.326303057739406,6.425221920013428,556400,0.0,0.0
2001-03-01 00:00:00-05:00,6.317310845330766,6.319559050082132,5.935124613622741,6.137458324432373,1275200,0.0,0.0
2001-03-02 00:00:00-05:00,6.0924960399049946,6.38250761695959,6.070014419258602,6.348785400390625,624000,0.0,0.0
2001-03-05 00:00:00-05:00,6.348784892183278,6.348784892183278,6.216143812668584,6.263355255126953,1010800,0.0,0.0
2001-03-06 00:00:00-05:00,6.283589070900934,6.3173112869262695,6.171181398282322,6.3173112869262695,1748800,0.0,0.0
2001-03-07 00:00:00-05:00,6.294829768120032,6.351033605335389,6.2049037143357095,6.348785400390625,585600,0.0,0.0
2001-03-08 00:00:00-05:00,6.3487839149681795,6.519643591583046,6.344287506130675,6.485921382904053,712800,0.0,0.0
2001-03-09 00:00:00-05:00,6.440959381138172,6.440959381138172,6.351033331234914,6.395996570587158,601200,0.0,0.0
2001-03-12 00:00:00-05:00,6.3622728335563545,6.404987860721901,6.294828414916992,6.294828414916992,607200,0.0,0.0
2001-03-13 00:00:00-05:00,6.182421730320117,6.380259037017822,6.171181135058205,6.380259037017822,1092000,0.0,0.0
2001-03-14 00:00:00-05:00,6.324054681417446,6.324054681417446,6.159939602844994,6.2386250495910645,1005200,0.0,0.0
2001-03-15 00:00:00-05:00,6.182421982358545,6.261107438803357,6.182421982358545,6.204903602600098,375600,0.0,0.0
2001-03-16 00:00:00-05:00,6.148698497215413,6.1711801128164305,5.9913276168094445,6.0003204345703125,951600,0.0,0.0
2001-03-19 00:00:00-05:00,6.000320332419259,6.013809130029771,5.7665122202309345,5.788993835449219,1908000,0.0,0.0
2001-03-20 00:00:00-05:00,5.845198301078372,5.87892051320897,5.822716683390909,5.83620548248291,1131200,0.0,0.0
2001-03-21 00:00:00-05:00,5.788996058832274,5.845199904063656,5.687828965895264,5.728295803070068,527600,0.0,0.0
2001-03-22 00:00:00-05:00,5.732790813188407,5.732790813188407,5.485493868820038,5.6316237449646,522800,0.0,0.0
2001-03-23 00:00:00-05:00,5.687828541923155,5.744032382965088,5.65410632305825,5.744032382965088,855600,0.0,0.0
2001-03-26 00:00:00-05:00,5.6990686514282265,5.9598543976438485,5.696820446691739,5.912642955780029,1237600,0.0,0.0
2001-03-27 00:00:00-05:00,5.957607452839072,5.957607452839072,5.777755323896526,5.878921985626221,797200,0.0,0.0
2001-03-28 00:00:00-05:00,5.878921854666344,5.878921854666344,5.710310326738238,5.804732799530029,340400,0.0,0.0
2001-03-29 00:00:00-05:00,5.804731898703822,5.903650766468291,5.67209081634728,5.721550464630127,503200,0.0,0.0
2001-03-30 00:00:00-05:00,5.676588171047161,5.815973891048413,5.676588171047161,5.777755260467529,556000,0.0,0.0
2001-04-02 00:00:00-04:00,5.777753689879967,5.811475900919495,5.629375618265102,5.676586627960205,969600,0.0,0.0
2001-04-03 00:00:00-04:00,5.642865263256847,5.660850473762157,5.56417980649565,5.645113468170166,847200,0.0,0.0
2001-04-04 00:00:00-04:00,5.645113963241819,5.75527344084789,5.5979025135242,5.730543613433838,720000,0.0,0.0
2001-04-05 00:00:00-04:00,5.777752898146901,5.845197310983961,5.721549077848978,5.833956718444824,459200,0.0,0.0
2001-04-06 00:00:00-04:00,5.788994089423038,5.788994089423038,5.6113897930880245,5.642864227294922,561200,0.0,0.0
2001-04-09 00:00:00-04:00,5.654105162871266,5.757520432144922,5.530456909471371,5.624879360198975,740000,0.0,0.0
2001-04-10 00:00:00-04:00,5.64286506795881,5.964351069815769,5.620383448404944,5.892409801483154,502400,0.0,0.0
2001-04-11 00:00:00-04:00,5.935124981133976,5.935124981133976,5.7440318534472095,5.867680549621582,408000,0.0,0.0
2001-04-12 00:00:00-04:00,5.8451980428332675,5.912642464114721,5.7103087714691885,5.856438636779785,430800,0.0,0.0
2001-04-16 00:00:00-04:00,5.890161378255808,5.935124183621934,5.811475932863611,5.872176170349121,430000,0.0,0.0
2001-04-17 00:00:00-04:00,5.890161776038235,5.991328416545028,5.8519431530553465,5.968846797943115,399200,0.0,0.0
2001-04-18 00:00:00-04:00,6.04078754639997,6.3375436859123715,6.002568926686938,6.092494964599609,730800,0.0,0.0
2001-04-19 00:00:00-04:00,6.227384386292156,6.3397920435985045,5.991328048668115,6.292580604553223,916400,0.0,0.0
2001-04-20 00:00:00-04:00,6.2723477101580585,6.2723477101580585,6.025050757892076,6.153195858001709,302400,0.0,0.0
2001-04-23 00:00:00-04:00,6.096992028611229,6.114977238125666,5.980087952366779,6.070013999938965,1098400,0.0,0.0
2001-04-24 00:00:00-04:00,6.058772969030596,6.063268949484929,6.0025691397401495,6.029546737670898,426400,0.0,0.0
2001-04-25 00:00:00-04:00,6.029548037106258,6.126218712927633,6.016059235233895,6.0677666664123535,617200,0.0,0.0
2001-04-26 00:00:00-04:00,6.058773422100321,6.272347732094204,6.040788212534508,6.182421684265137,1072400,0.0,0.0
2001-04-27 00:00:00-04:00,6.184668843815255,6.407235935377494,6.184668843815255,6.360024929046631,540800,0.0,0.0
2001-04-30 00:00:00-04:00,6.360027646236594,6.501661154540308,6.328553199768066,6.328553199768066,572800,0.0,0.0
2001-05-01 00:00:00-04:00,6.330800299133748,6.330800299133748,6.274596460946267,6.281341075897217,432800,0.0,0.0
2001-05-02 00:00:00-04:00,6.281340607229186,6.3645220414115595,6.249866168607737,6.3375444412231445,478800,0.0,0.0
2001-05-03 00:00:00-04:00,6.339792800410419,6.4117336410662205,6.173429070392335,6.384755611419678,353600,0.0,0.0
2001-05-04 00:00:00-04:00,6.384754001227265,6.436461413808204,6.294827973086258,6.434213638305664,534800,0.0,0.0
2001-05-07 00:00:00-04:00,6.434215568913683,6.609571269204433,6.429719158957188,6.5196452140808105,622000,0.0,0.0
2001-05-08 00:00:00-04:00,6.485922627902349,6.519644843054453,6.339792743042409,6.452200412750244,502000,0.0,0.0
2001-05-09 00:00:00-04:00,6.497163289004605,6.620811984213397,6.43646304383672,6.440959453582764,259200,0.0,0.0
2001-05-10 00:00:00-04:00,6.519643933749702,6.519643933749702,6.4117326887930215,6.4679365158081055,187600,0.0,0.0
2001-05-11 00:00:00-04:00,6.470185733298346,6.470185733298346,6.315063026386826,6.4004926681518555,311200,0.0,0.0
2001-05-14 00:00:00-04:00,6.398244760363853,6.434215611452371,6.351033741912294,6.422974586486816,147200,0.0,0.0
2001-05-15 00:00:00-04:00,6.422974432936517,6.422974432936517,6.103736621167964,6.180173873901367,1004800,0.0,0.0
2001-05-16 00:00:00-04:00,6.182422200622899,6.294829876997861,6.171181604505905,6.281341075897217,413600,0.0,0.0
2001-05-17 00:00:00-04:00,6.317311123340596,6.452200412750244,6.315062918490291,6.452200412750244,609200,0.0,0.0
2001-05-18 00:00:00-04:00,6.407238301267313,6.51514958027108,6.402741890775163,6.429719924926758,263200,0.0,0.0
2001-05-21 00:00:00-04:00,6.45220062835665,6.49716344046152,6.436463193878638,6.472434043884277,193600,0.0,0.0
2001-05-22 00:00:00-04:00,6.472433031327662,6.632051696851036,6.443206800670506,6.625307083129883,629200,0.0,0.0
2001-05-23 00:00:00-04:00,6.627556495579638,6.632052905546548,6.463441390998754,6.492667198181152,358400,0.0,0.0
2001-05-24 00:00:00-04:00,6.4409605223558275,6.492667956611636,6.351034456519354,6.429719924926758,246400,0.0,0.0
2001-05-25 00:00:00-04:00,6.429717896285802,6.474680700617166,6.375762273807462,6.4679365158081055,262000,0.0,0.0
2001-05-29 00:00:00-04:00,6.4521995375679335,6.542125575376304,6.335295474016465,6.497162342071533,299600,0.0,0.0
2001-05-30 00:00:00-04:00,6.499410768400517,6.499410768400517,6.3532808983752815,6.3914995193481445,214000,0.0,0.0
2001-05-31 00:00:00-04:00,6.429719465843393,6.485923306578385,6.362274599680637,6.458945274353027,270000,0.0,0.0
2001-06-01 00:00:00-04:00,6.42971931002347,6.42971931002347,6.2858371896439085,6.299326419830322,477600,0.0,0.0
2001-06-04 00:00:00-04:00,6.272348438234382,6.3397933033000315,6.272348438234382,6.3150634765625,178000,0.0,0.0
2001-06-05 00:00:00-04:00,6.29482945866868,6.375763117496527,6.227385028846292,6.353281497955322,648800,0.0,0.0
2001-06-06 00:00:00-04:00,6.339793252787035,6.3555302592032525,6.297078214799254,6.299326419830322,232400,0.0,0.0
2001-06-07 00:00:00-04:00,6.261106791506511,6.317310621899206,6.261106791506511,6.283588409423828,384400,0.0,0.0
2001-06-08 00:00:00-04:00,6.2835876561093125,6.346535664169778,6.261106040887227,6.290331840515137,445200,0.0,0.0
2001-06-11 00:00:00-04:00,6.272345936696298,6.306068141379392,6.270097732543945,6.270097732543945,300800,0.0,0.0
2001-06-12 00:00:00-04:00,6.238625394237794,6.249865989193414,6.105984315515669,6.137458324432373,281200,0.0,0.0
2001-06-13 00:00:00-04:00,6.126218004070754,6.252114474181809,6.126218004070754,6.22963285446167,178400,0.0,0.0
2001-06-14 00:00:00-04:00,6.220640705207433,6.222888910146797,6.180173873901367,6.180173873901367,451600,0.0,0.0
2001-06-15 00:00:00-04:00,6.126217392658656,6.171180627611489,6.029546737670898,6.029546737670898,438000,0.0,0.0
2001-06-18 00:00:00-04:00,6.0812553377394725,6.135211401673219,6.025051497542985,6.105985164642334,255200,0.0,0.0
2001-06-19 00:00:00-04:00,6.081254849936104,6.092495874354474,5.96659940247739,5.993577003479004,415200,0.0,0.0
2001-06-20 00:00:00-04:00,5.946365974232108,5.946365974232108,5.845198898695727,5.881169319152832,546400,0.0,0.0
2001-06-21 00:00:00-04:00,5.845198528890241,5.964350807116824,5.833957934009012,5.912642955780029,540400,0.0,0.0
2001-06-22 00:00:00-04:00,5.912643107762886,5.986832150769146,5.856439274309622,5.944117546081543,275600,0.0,0.0
2001-06-25 00:00:00-04:00,6.238625596914098,6.238625596914098,5.800235518583428,5.806980133056641,1088000,0.0,0.0
2001-06-26 00:00:00-04:00,5.710309434938156,5.926132379956936,5.710309434938156,5.903650760650635,476000,0.0,0.0
2001-06-27 00:00:00-04:00,5.90589861105443,6.193661948742788,5.90589861105443,6.173428535461426,589600,0.0,0.0
2001-06-28 00:00:00-04:00,6.173429395595747,6.328552109432133,6.168933414418847,6.254363059997559,714800,0.0,0.0
2001-06-29 00:00:00-04:00,6.238624822572025,6.497162342071533,6.225136024101063,6.497162342071533,622800,0.0,0.0
2001-07-02 00:00:00-04:00,6.440959637790751,6.5308856912772875,6.384755800761511,6.474681854248047,598800,0.0,0.0
2001-07-03 00:00:00-04:00,6.4634408430973,6.506155876559502,6.4207258096350985,6.447703838348389,203600,0.0,0.0
2001-07-05 00:00:00-04:00,6.41847783365378,6.452200477947873,6.362273998231939,6.440959453582764,268000,0.0,0.0
2001-07-06 00:00:00-04:00,6.440958889200873,6.440958889200873,6.324054818854737,6.339792251586914,342000,0.0,0.0
2001-07-09 00:00:00-04:00,6.3397938590902845,6.51964599076323,6.328552832859909,6.429719924926758,350800,0.0,0.0
2001-07-10 00:00:00-04:00,6.542126726161488,6.70174541774874,6.530885701457369,6.587089538574219,970800,0.0,0.0
2001-07-11 00:00:00-04:00,6.575848764475981,6.654534220067565,6.542126548879941,6.6095709800720215,612800,0.0,0.0
2001-07-12 00:00:00-04:00,6.614066598062248,6.742211259267751,6.59158498075575,6.739963054656982,746800,0.0,0.0
2001-07-13 00:00:00-04:00,6.710737754251501,6.908575057983398,6.688256135263482,6.908575057983398,502800,0.0,0.0
2001-07-16 00:00:00-04:00,6.9085752078451215,7.081683120366371,6.9085752078451215,7.038968086242676,1522800,0.0,0.0
2001-07-17 00:00:00-04:00,7.038969598644334,7.081684641945837,7.0254807955811875,7.041217803955078,907200,0.0,0.0
2001-07-18 00:00:00-04:00,7.025480169244942,7.038968971105533,6.861365055403687,6.881598472595215,1230000,0.0,0.0
2001-07-19 00:00:00-04:00,6.924312114715576,7.110908824757551,6.901830924359682,6.924312114715576,1346400,0.0,0.0
2001-07-20 00:00:00-04:00,6.9243121401099375,7.216571903820603,6.906326930478531,7.092923641204834,1033200,0.0,0.0
2001-07-23 00:00:00-04:00,7.149128249744049,7.284017979801128,6.978268954128125,7.002998352050781,878000,0.0,0.0
2001-07-24 00:00:00-04:00,7.009741097392851,7.164863773899169,6.888340630004997,6.9198150634765625,1036800,0.0,0.0
2001-07-25 00:00:00-04:00,6.879349305202568,7.025479186521981,6.854619481249619,6.924312114715576,494000,0.0,0.0
2001-07-26 00:00:00-04:00,6.924311738731449,6.969274974604213,6.8523709043759835,6.940049171447754,378000,0.0,0.0
2001-07-27 00:00:00-04:00,6.958034968059178,6.99850136920304,6.856867893196442,6.888341903686523,605200,0.0,0.0
2001-07-30 00:00:00-04:00,6.913071759408116,7.002997810355617,6.834386304028589,6.874853134155273,343200,0.0,0.0
2001-07-31 00:00:00-04:00,6.874852669400396,7.153623622892748,6.874852669400396,7.113156795501709,690000,0.0,0.0
2001-08-01 00:00:00-04:00,7.115405618843373,7.306498748803087,7.10416502305802,7.227813720703125,586400,0.0,0.0
2001-08-02 00:00:00-04:00,7.2278135044182585,7.239054099867249,7.137887025621414,7.207580089569092,605200,0.0,0.0
2001-08-03 00:00:00-04:00,7.21657207860367,7.21657207860367,7.115405432777241,7.153624057769775,380000,0.0,0.0
2001-08-06 00:00:00-04:00,7.171609698902472,7.227813966141525,7.108661674284946,7.194091320037842,388000,0.0,0.0
2001-08-07 00:00:00-04:00,7.194091053133198,7.194091053133198,7.115405596479305,7.158120632171631,253200,0.0,0.0
2001-08-08 00:00:00-04:00,7.19409061772192,7.252542226645841,7.171608998781296,7.216571807861328,495600,0.0,0.0
2001-08-09 00:00:00-04:00,7.22781386858985,7.239054464605195,7.185098403088033,7.218821048736572,577600,0.0,0.0
2001-08-10 00:00:00-04:00,7.218820048180548,7.362701715480425,7.173856812748739,7.302001476287842,633200,0.0,0.0
2001-08-13 00:00:00-04:00,7.295259113806273,7.302003300645199,7.194092023209371,7.284018516540527,390800,0.0,0.0
2001-08-14 00:00:00-04:00,7.295257158079632,7.4638686446719085,7.272775111972574,7.3671979904174805,627600,0.0,0.0
2001-08-15 00:00:00-04:00,7.362702376914747,7.439139626734907,7.331228366565703,7.418906211853027,518000,0.0,0.0
2001-08-16 00:00:00-04:00,7.421153890806656,7.567284202775193,7.418906114783619,7.5425543785095215,444800,0.0,0.0
2001-08-17 00:00:00-04:00,7.508832690795261,7.508832690795261,7.3964250209186995,7.418906211853027,529600,0.0,0.0
2001-08-20 00:00:00-04:00,7.340220479154128,7.340220479154128,7.216571368114729,7.243549823760986,748400,0.0,0.0
2001-08-21 00:00:00-04:00,7.261534143757469,7.272774737430933,7.160367514292808,7.189593315124512,832400,0.0,0.0
2001-08-22 00:00:00-04:00,7.198586616885939,7.32897905594534,7.182849613165018,7.288512229919434,533200,0.0,0.0
2001-08-23 00:00:00-04:00,7.284018516540527,7.34022236047185,7.27952210611371,7.284018516540527,222400,0.0,0.0
2001-08-24 00:00:00-04:00,7.284017852745028,7.450380735363572,7.216572560091677,7.421154499053955,588800,0.0,0.0
2001-08-27 00:00:00-04:00,7.40766511829665,7.40766511829665,7.306498050689697,7.306498050689697,228800,0.0,0.0
2001-08-28 00:00:00-04:00,7.351461215646877,7.533561077966126,7.248046373144291,7.277271747589111,1002800,0.0,0.0
2001-08-29 00:00:00-04:00,7.277271367954789,7.299753413588437,7.187345329426072,7.209826946258545,576400,0.0,0.0
2001-08-30 00:00:00-04:00,7.18284976472015,7.281768198424847,7.137886528453507,7.236804962158203,481200,0.0,0.0
2001-08-31 00:00:00-04:00,7.216571681284742,7.382935401246659,7.122149655232444,7.337972164154053,318800,0.0,0.0
2001-09-04 00:00:00-04:00,7.328980048430866,7.378439699738629,7.284017664626535,7.315491676330566,451600,0.0,0.0
2001-09-05 00:00:00-04:00,7.306497744396655,7.315490562829711,7.185097268357496,7.268279552459717,608800,0.0,0.0
2001-09-06 00:00:00-04:00,7.149127243656709,7.194090480681451,7.059201198408433,7.099668025970459,935200,0.0,0.0
2001-09-07 00:00:00-04:00,7.081682453508534,7.081682453508534,6.784926305017318,6.8793487548828125,2224000,0.0,0.0
2001-09-10 00:00:00-04:00,6.834385506976781,6.879348741607366,6.7219778492015,6.823144912719727,691200,0.0,0.0
2001-09-17 00:00:00-04:00,5.002140922929744,5.170752414713893,4.687399557359573,4.873996257781982,4160000,0.0,0.0
2001-09-18 00:00:00-04:00,4.979660449605492,5.047105319103413,4.552511324657177,4.766086101531982,2839200,0.0,0.0
2001-09-19 00:00:00-04:00,4.822289607292434,4.844770800082525,4.4401033266431496,4.6446852684021,1354000,0.0,0.0
2001-09-20 00:00:00-04:00,4.496305685466632,4.496305685466632,4.226527172818185,4.293972015380859,2292000,0.0,0.0
2001-09-21 00:00:00-04:00,4.091639533457522,4.215287804193361,3.9792318586790323,4.064661502838135,1707600,0.0,0.0
2001-09-24 00:00:00-04:00,4.204047385632984,4.37265890491557,4.159084142303787,4.237769603729248,2326400,0.0,0.0
2001-09-25 00:00:00-04:00,4.244513578305378,4.2467617832398,4.048924465824395,4.078150272369385,2285200,0.0,0.0
2001-09-26 00:00:00-04:00,4.075902328288377,4.075902328288377,3.990472679319175,4.001713275909424,802400,0.0,0.0
2001-09-27 00:00:00-04:00,4.035434946099887,4.035434946099887,3.911786269542378,3.979231119155884,1656000,0.0,0.0
2001-09-28 00:00:00-04:00,4.035436246160608,4.48956298828125,3.9972176143740814,4.48956298828125,2236000,0.0,0.0
2001-10-01 00:00:00-04:00,4.489561680190844,4.530028505445036,4.381650432047122,4.451343059539795,1348800,0.0,0.0
2001-10-02 00:00:00-04:00,4.518788792723896,4.811048587325416,4.518788792723896,4.7570929527282715,1854800,0.0,0.0
2001-10-03 00:00:00-04:00,4.766085107911235,5.193234143808656,4.766085107911235,5.17075252532959,1501600,0.0,0.0
2001-10-04 00:00:00-04:00,5.193233868139646,5.373085948822788,4.99989255980438,5.051599979400635,1334400,0.0,0.0
2001-10-05 00:00:00-04:00,5.035864172052243,5.137031259466312,4.822289829113288,4.889734268188477,677200,0.0,0.0
2001-10-08 00:00:00-04:00,4.891981357817866,4.930199978925866,4.631195623951943,4.759340286254883,705200,0.0,0.0
2001-10-09 00:00:00-04:00,4.759341554989789,4.770582152335205,4.642437455871731,4.698641300201416,392000,0.0,0.0
2001-10-10 00:00:00-04:00,4.698640005559194,4.934696343982747,4.698640005559194,4.925703525543213,868800,0.0,0.0
2001-10-11 00:00:00-04:00,5.002141521565303,5.179745853324131,4.997645111667326,5.157264232635498,826400,0.0,0.0
2001-10-12 00:00:00-04:00,5.170752956753685,5.170752956753685,4.7211222648620605,4.7211222648620605,1713200,0.0,0.0
2001-10-15 00:00:00-04:00,4.766084686357683,4.867251317363621,4.721121453376487,4.822288513183594,1170400,0.0,0.0
2001-10-16 00:00:00-04:00,4.838026262802654,4.909967103635204,4.766085421970103,4.858259677886963,395600,0.0,0.0
2001-10-17 00:00:00-04:00,4.867252273325107,4.878493298178805,4.473825408272019,4.514292240142822,854000,0.0,0.0
2001-10-18 00:00:00-04:00,4.721123408075082,4.721123408075082,4.3299446628621645,4.4311113357543945,1246400,0.0,0.0
2001-10-19 00:00:00-04:00,4.619954928447599,4.65817355226605,4.451343428448764,4.6019697189331055,3152800,0.0,0.0
2001-10-22 00:00:00-04:00,4.6199542941302125,4.968418270231275,4.6199542941302125,4.91671085357666,1158800,0.0,0.0
2001-10-23 00:00:00-04:00,4.948186762097898,5.3168838627484645,4.948186762097898,5.283161640167236,2724400,0.0,0.0
2001-10-24 00:00:00-04:00,5.283159038689699,5.350603450641889,5.146021581745653,5.193233013153076,1856000,0.0,0.0
2001-10-25 00:00:00-04:00,5.181993306706529,5.235949364519044,5.137030496931062,5.204474925994873,1952400,0.0,0.0
2001-10-26 00:00:00-04:00,5.215715511463875,5.391071183805075,5.20447448836432,5.373085975646973,1270000,0.0,0.0
2001-10-29 00:00:00-05:00,5.373086750180429,5.451772208015123,5.283160696427027,5.395568370819092,1086800,0.0,0.0
2001-10-30 00:00:00-05:00,5.373085598561883,5.451771039531853,5.283159564082414,5.431537628173828,1317600,0.0,0.0
2001-10-31 00:00:00-05:00,5.507975756269607,5.523712761250753,5.418049707233614,5.485494136810303,1284400,0.0,0.0
2001-11-01 00:00:00-05:00,5.469756054670869,5.557433881614427,5.3865742076927985,5.550689697265625,763200,0.0,0.0
2001-11-02 00:00:00-05:00,5.564178466796875,5.615885880949785,5.440530227944066,5.564178466796875,824000,0.0,0.0
2001-11-05 00:00:00-05:00,5.519215909317131,5.694572012486103,5.519215909317131,5.654105186462402,921600,0.0,0.0
2001-11-06 00:00:00-05:00,5.65410530999729,5.719301959749091,5.5416976480538,5.699068546295166,1132400,0.0,0.0
2001-11-07 00:00:00-05:00,5.683331871923937,5.955358223782978,5.6541056379945305,5.946365833282471,1160800,0.0,0.0
2001-11-08 00:00:00-05:00,5.946365875141497,6.137458569835027,5.939621260617719,6.004817485809326,2442000,0.0,0.0
2001-11-09 00:00:00-05:00,5.968846634544755,5.993576457209996,5.660849883174014,5.739535331726074,1524400,0.0,0.0
2001-11-12 00:00:00-05:00,5.7395356659821495,5.7395356659821495,5.395568048520525,5.665346622467041,3286400,0.0,0.0
2001-11-13 00:00:00-05:00,5.777753206944904,6.0362907083729285,5.777753206944904,6.025049686431885,1357200,0.0,0.0
2001-11-14 00:00:00-05:00,6.0250510694689225,6.384755706930032,6.0250510694689225,6.204903602600098,2326000,0.0,0.0
2001-11-15 00:00:00-05:00,6.171179877465556,6.463439582729387,5.986830979608668,6.049779415130615,3290400,0.0,0.0
2001-11-16 00:00:00-05:00,5.867680494680816,6.047532596230686,5.766513419558244,5.950861930847168,2697200,0.0,0.0
2001-11-19 00:00:00-05:00,6.036292172959109,6.364522374855566,6.002569956556235,6.362274169921875,1328800,0.0,0.0
2001-11-20 00:00:00-05:00,6.346535525027583,6.346535525027583,6.182420466466383,6.272346496582031,1336800,0.0,0.0
2001-11-21 00:00:00-05:00,6.317311944891117,6.351034164428711,6.092496576238773,6.351034164428711,1045200,0.0,0.0
2001-11-23 00:00:00-05:00,6.362273755172396,6.7242265786776745,6.362273755172396,6.656782150268555,1159600,0.0,0.0
2001-11-26 00:00:00-05:00,6.665773868479659,6.699496079283875,6.429717964048969,6.539877414703369,1447200,0.0,0.0
2001-11-27 00:00:00-05:00,6.553366671065036,6.609570502598701,6.324054935495396,6.344288349151611,2140800,0.0,0.0
2001-11-28 00:00:00-05:00,6.2948280353693535,6.2948280353693535,6.137457162964668,6.200405597686768,1417600,0.0,0.0
2001-11-29 00:00:00-05:00,6.33979292990118,6.546623065411749,6.272348068807874,6.542126655578613,2052000,0.0,0.0
2001-11-30 00:00:00-05:00,6.553367124426446,6.598330364284413,6.440959453582764,6.440959453582764,1654400,0.0,0.0
2001-12-03 00:00:00-05:00,6.474680203077248,6.535380434501374,6.328550349827458,6.454446792602539,1358000,0.0,0.0
2001-12-04 00:00:00-05:00,6.463441008200536,6.46568921305084,6.400492558795705,6.452200412750244,1372000,0.0,0.0
2001-12-05 00:00:00-05:00,6.508405708619822,6.699498446978913,6.4859240838713035,6.623061180114746,1922800,0.0,0.0
2001-12-06 00:00:00-05:00,6.629804029886456,6.793919117865318,6.533133369383473,6.598330020904541,1876000,0.0,0.0
2001-12-07 00:00:00-05:00,6.654535381124992,6.90183238664543,6.614068543828753,6.854620933532715,1322400,0.0,0.0
2001-12-10 00:00:00-05:00,6.85462079293152,6.991758310111089,6.582594392599731,6.638798236846924,999600,0.0,0.0
2001-12-11 00:00:00-05:00,6.643293608670815,6.737716075490559,6.582593788344829,6.62081241607666,721600,0.0,0.0
2001-12-12 00:00:00-05:00,6.620812134575726,6.766942024230957,6.614067519803487,6.766942024230957,430000,0.0,0.0
2001-12-13 00:00:00-05:00,6.721979040308762,6.737716046577645,6.6275565738942035,6.690505027770996,1174000,0.0,0.0
2001-12-14 00:00:00-05:00,6.742212854427635,6.789424304821296,6.553367910455563,6.632053375244141,802400,0.0,0.0
2001-12-17 00:00:00-05:00,6.654535219068518,6.677016842441306,6.328552752166344,6.42747163772583,1172800,0.0,0.0
2001-12-18 00:00:00-05:00,6.47468003712758,6.629802703857422,6.32855018762318,6.629802703857422,1102400,0.0,0.0
2001-12-19 00:00:00-05:00,6.620812183885326,6.755701049924766,6.492667075065862,6.587089538574219,933200,0.0,0.0
2001-12-20 00:00:00-05:00,6.587089339919304,6.733219655057079,6.440959453582764,6.440959453582764,737200,0.0,0.0
2001-12-21 00:00:00-05:00,6.497162841972647,6.800663618128715,6.485922247182172,6.791670799255371,1199600,0.0,0.0
2001-12-24 00:00:00-05:00,6.755700700000732,6.757948904825106,6.357777879713538,6.506155967712402,706800,0.0,0.0
2001-12-26 00:00:00-05:00,6.418478038473319,6.584841773975875,6.3397930094128165,6.348785400390625,988400,0.0,0.0
2001-12-27 00:00:00-05:00,6.362272965244985,6.506155052148855,6.362272965244985,6.465688228607178,914800,0.0,0.0
2001-12-28 00:00:00-05:00,6.497162707097794,6.638796599804338,6.429718282152619,6.591585159301758,425200,0.0,0.0
2001-12-31 00:00:00-05:00,6.575848871724645,6.686008339829011,6.542126655578613,6.542126655578613,532000,0.0,0.0
2002-01-02 00:00:00-05:00,6.553366223351525,6.5938330478993405,6.3173103185575075,6.512899398803711,798400,0.0,0.0
2002-01-03 00:00:00-05:00,6.5196438471476235,6.74445915222168,6.485921637146748,6.74445915222168,1114800,0.0,0.0
2002-01-04 00:00:00-05:00,6.766941875560256,7.194090939322269,6.751204870238686,7.169361114501953,1569200,0.0,0.0
2002-01-07 00:00:00-05:00,7.149127400533029,7.171609019538724,7.016486320080769,7.0479607582092285,644800,0.0,0.0
2002-01-08 00:00:00-05:00,7.149127474903133,7.2547909566887165,7.014238617068193,7.092923641204834,1022400,0.0,0.0
2002-01-09 00:00:00-05:00,7.097420059216555,7.250294555665131,7.092923649603074,7.14912748336792,1302800,0.0,0.0
2002-01-10 00:00:00-05:00,7.1288933908779795,7.189593628483095,7.027726757003969,7.059200763702393,1141600,0.0,0.0
2002-01-11 00:00:00-05:00,7.0367196658085795,7.070442308389466,6.766941526769982,6.836634159088135,902000,0.0,0.0
2002-01-14 00:00:00-05:00,6.8366347125894285,6.8366347125894285,6.562360141827654,6.587089538574219,758000,0.0,0.0
2002-01-15 00:00:00-05:00,6.7039936188671305,6.964779388636518,6.7039936188671305,6.922064781188965,973600,0.0,0.0
2002-01-16 00:00:00-05:00,6.92206439155283,7.0029976208144475,6.791671085206599,6.84113073348999,946000,0.0,0.0
2002-01-17 00:00:00-05:00,6.843378774835852,6.843378774835852,6.564607816702094,6.654533863067627,1130400,0.0,0.0
2002-01-18 00:00:00-05:00,6.6095709800720215,6.771438301014991,6.587089360074249,6.6095709800720215,813200,0.0,0.0
2002-01-22 00:00:00-05:00,6.665774795270129,6.706241625382052,6.328551782739081,6.440959453582764,1040400,0.0,0.0
2002-01-23 00:00:00-05:00,6.485922528010727,6.897334575653076,6.384755455311287,6.897334575653076,1343600,0.0,0.0
2002-01-24 00:00:00-05:00,6.859115943192707,6.919816186739838,6.7781822851298665,6.84113073348999,748800,0.0,0.0
2002-01-25 00:00:00-05:00,6.654533609898455,6.960282155909181,6.5308849256489525,6.940049171447754,1064800,0.0,0.0
2002-01-28 00:00:00-05:00,6.940049006286408,6.9917564261487,6.834385533140382,6.935552597045898,563600,0.0,0.0
2002-01-29 00:00:00-05:00,6.9850138068813274,7.047962267820029,6.719731589155717,6.811905860900879,769600,0.0,0.0
2002-01-30 00:00:00-05:00,6.78942393549188,6.946794427707148,6.609571393072808,6.944546222686768,892800,0.0,0.0
2002-01-31 00:00:00-05:00,6.95803417159637,7.01423800035304,6.834385491050982,6.8928375244140625,696000,0.0,0.0
2002-02-01 00:00:00-05:00,6.924313396345776,6.985013650664708,6.879350578510541,6.9333062171936035,650800,0.0,0.0
2002-02-04 00:00:00-05:00,6.913070825965106,6.913070825965106,6.501658823230449,6.652285099029541,796800,0.0,0.0
2002-02-05 00:00:00-05:00,6.65228505570256,6.805159535076242,6.551117994704925,6.735466480255127,846800,0.0,0.0
2002-02-06 00:00:00-05:00,6.735466509716528,6.789422561685391,6.463440189312631,6.470184803009033,707200,0.0,0.0
2002-02-07 00:00:00-05:00,6.542126317880868,6.56910391788464,6.378011226654053,6.378011226654053,669600,0.0,0.0
2002-02-08 00:00:00-05:00,6.4072368363077725,6.575848332000082,6.4072368363077725,6.569103717803955,644800,0.0,0.0
2002-02-11 00:00:00-05:00,6.553367481977198,6.627556531629724,6.497163643488885,6.535382270812988,776800,0.0,0.0
2002-02-12 00:00:00-05:00,6.51964492888217,6.681511821023903,6.47018570792806,6.6095709800720215,746800,0.0,0.0
2002-02-13 00:00:00-05:00,6.6208120369427,6.627556222814244,6.42522249944444,6.456696510314941,640000,0.0,0.0
2002-02-14 00:00:00-05:00,6.400493140588321,6.5691046604765395,6.283589479354787,6.288085460662842,1014400,0.0,0.0
2002-02-15 00:00:00-05:00,6.288084446665903,6.512899770263841,6.283588466082856,6.481425762176514,397600,0.0,0.0
2002-02-19 00:00:00-05:00,6.474681820008462,6.548870867342682,6.440959603729499,6.472434043884277,415600,0.0,0.0
2002-02-20 00:00:00-05:00,6.632052467630657,6.744460136573549,6.564608037785412,6.730971336364746,961200,0.0,0.0
2002-02-21 00:00:00-05:00,6.730969794759783,7.0434629056338265,6.730969794759783,6.96477746963501,1234800,0.0,0.0
2002-02-22 00:00:00-05:00,6.967028593584742,6.967028593584742,6.744461418239013,6.811905860900879,715200,0.0,0.0
2002-02-25 00:00:00-05:00,6.778181633532055,7.014237970589113,6.778181633532055,6.9063262939453125,470400,0.0,0.0
2002-02-26 00:00:00-05:00,6.9130708532369445,7.07943413288309,6.9130708532369445,7.016485691070557,427200,0.0,0.0
2002-02-27 00:00:00-05:00,7.07269058050003,7.191842868268098,7.07269058050003,7.187346458435059,500800,0.0,0.0
2002-02-28 00:00:00-05:00,7.205329814543923,7.259285861051336,6.9805145263671875,6.9805145263671875,1372000,0.0,0.0
2002-03-01 00:00:00-05:00,7.014239113888279,7.22106882489864,6.98051646823974,7.218821048736572,476800,0.0,0.0
2002-03-04 00:00:00-05:00,7.250292991124015,7.531312099307116,7.209826170937467,7.520071506500244,1624400,0.0,0.0
2002-03-05 00:00:00-05:00,7.452628810237493,7.479606410714041,7.081683158874512,7.081683158874512,1316000,0.0,0.0
2002-03-06 00:00:00-05:00,7.126646448582472,7.4975912449721696,7.126646448582472,7.475110054016113,661600,0.0,0.0
2002-03-07 00:00:00-05:00,7.472863466453878,7.472863466453878,7.261536464406439,7.284018516540527,706000,0.0,0.0
2002-03-08 00:00:00-05:00,7.3402222756384,7.5313149997553355,7.324485268127715,7.466118335723877,575600,0.0,0.0
2002-03-11 00:00:00-05:00,7.475108421563349,7.585268291436653,7.333474548184038,7.553793430328369,830400,0.0,0.0
2002-03-12 00:00:00-05:00,7.452629094778453,7.526817713322092,7.396425258038351,7.508832931518555,621600,0.0,0.0
2002-03-13 00:00:00-05:00,7.5088324098516495,7.517824371327468,7.385183291531805,7.425650119781494,1037600,0.0,0.0
2002-03-14 00:00:00-05:00,7.418905035469771,7.486349455180849,7.324483019394727,7.4413862228393555,765600,0.0,0.0
2002-03-15 00:00:00-05:00,7.423402859544903,7.5740287303591805,7.423402859544903,7.508832931518555,641600,0.0,0.0
2002-03-18 00:00:00-05:00,7.576276978307823,7.621240216930908,7.515576734807026,7.58302116394043,708400,0.0,0.0
2002-03-19 00:00:00-05:00,7.58302155681785,7.598758562510899,7.362702619512671,7.385183811187744,1730400,0.0,0.0
2002-03-20 00:00:00-05:00,7.34022236047185,7.3604557785912315,7.19633979962148,7.284018516540527,1136400,0.0,0.0
2002-03-21 00:00:00-05:00,7.2952577941974965,7.351461627962343,7.061449639911151,7.14912748336792,1219600,0.0,0.0
2002-03-22 00:00:00-05:00,7.14912843968237,7.403170042410434,7.097421008614278,7.317739963531494,856400,0.0,0.0
2002-03-25 00:00:00-05:00,7.317738611910774,7.32897920657068,7.036719457401126,7.054704666137695,1626400,0.0,0.0
2002-03-26 00:00:00-05:00,7.054705172780428,7.430146807320191,7.054705172780428,7.418906211853027,816400,0.0,0.0
2002-03-27 00:00:00-05:00,7.373941661004491,7.551545953649007,7.277271013494303,7.4076642990112305,1297600,0.0,0.0
2002-03-28 00:00:00-05:00,7.391926117892831,7.535807749586736,7.369444076939301,7.484100341796875,532800,0.0,0.0
2002-04-01 00:00:00-05:00,7.463869206170343,7.470613391708634,7.239053873801372,7.3289794921875,561600,0.0,0.0
2002-04-02 00:00:00-05:00,7.182849530858461,7.216571313758718,6.935552597045898,6.935552597045898,785600,0.0,0.0
2002-04-03 00:00:00-05:00,7.03671921879118,7.149126876783378,6.854618932908149,6.8793487548828125,802400,0.0,0.0
2002-04-04 00:00:00-05:00,6.87935000836319,7.014239308292128,6.877101803337561,6.958035469055176,1375600,0.0,0.0
2002-04-05 00:00:00-05:00,6.958034701981856,7.137886796192197,6.913071464028663,6.991756916046143,750800,0.0,0.0
2002-04-08 00:00:00-04:00,6.8231449910513104,6.980515456462648,6.789422779091823,6.951289653778076,698000,0.0,0.0
2002-04-09 00:00:00-04:00,7.036719162160261,7.081682396515754,6.969274739428203,6.989508152008057,543200,0.0,0.0
2002-04-10 00:00:00-04:00,6.991757587422029,7.205331916204898,6.991757587422029,7.194091320037842,627600,0.0,0.0
2002-04-11 00:00:00-04:00,7.214324841768876,7.270528681029275,7.014239311218262,7.014239311218262,500000,0.0,0.0
2002-04-12 00:00:00-04:00,7.070441834944313,7.268279552459717,7.070441834944313,7.268279552459717,1261600,0.0,0.0
2002-04-15 00:00:00-04:00,7.324485720081949,7.385185119881398,7.029977254376097,7.056954860687256,524000,0.0,0.0
2002-04-16 00:00:00-04:00,7.059201443332328,7.239053968870197,7.059201443332328,7.205331325531006,656000,0.0,0.0
2002-04-17 00:00:00-04:00,7.227813356642217,7.2547909566887165,7.081683045985663,7.092923641204834,450000,0.0,0.0
2002-04-18 00:00:00-04:00,7.1266455868869985,7.149126775124814,6.787174413121599,6.946793079376221,658400,0.0,0.0
2002-04-19 00:00:00-04:00,7.002997779211308,7.081683234240898,6.9692755638561215,7.0277276039123535,450000,0.0,0.0
2002-04-22 00:00:00-04:00,7.027727994691978,7.034472609658546,6.908575703090161,6.969275951385498,702400,0.0,0.0
2002-04-23 00:00:00-04:00,6.958034214447257,7.047960255251501,6.766941109737496,6.935552597045898,758800,0.0,0.0
2002-04-24 00:00:00-04:00,7.081682993935074,7.12664623208372,6.958034732228123,6.978268146514893,1010000,0.0,0.0
2002-04-25 00:00:00-04:00,6.978267804790848,6.9917566040544115,6.843378525751621,6.913071155548096,579600,0.0,0.0
2002-04-26 00:00:00-04:00,6.8681082812234004,7.036719781699928,6.8681082812234004,6.924312114715576,418400,0.0,0.0
2002-04-29 00:00:00-04:00,6.946794182445336,7.023231435234546,6.748956864450541,6.782679080963135,362000,0.0,0.0
2002-04-30 00:00:00-04:00,6.782677827444767,6.924311282142635,6.724225796184978,6.886092662811279,499200,0.0,0.0
2002-05-01 00:00:00-04:00,6.886092425556945,6.924311043571512,6.791669982744554,6.9198150634765625,779200,0.0,0.0
2002-05-02 00:00:00-04:00,6.924311957757723,6.987260404210506,6.8029119031431105,6.877100944519043,536800,0.0,0.0
2002-05-03 00:00:00-04:00,6.89059071167378,6.892838916734315,6.688256973039559,6.737716197967529,546400,0.0,0.0
2002-05-06 00:00:00-04:00,6.737716610760549,6.762446439140267,6.58709029288656,6.636549949645996,523600,0.0,0.0
2002-05-07 00:00:00-04:00,6.636549300142147,6.677016132148091,6.474681972118372,6.5196452140808105,690800,0.0,0.0
2002-05-08 00:00:00-04:00,6.560112096964249,6.575849103132776,6.463441426156147,6.535382270812988,1236400,0.0,0.0
2002-05-09 00:00:00-04:00,6.542126742681519,6.542126742681519,6.389252236729454,6.404989242553711,533200,0.0,0.0
2002-05-10 00:00:00-04:00,6.4072380406822935,6.418478637654204,6.094744813809289,6.112730026245117,588400,0.0,0.0
2002-05-13 00:00:00-04:00,6.216144464262474,6.288085309072257,6.065518159641519,6.240874290466309,1304000,0.0,0.0
2002-05-14 00:00:00-04:00,6.254361473386311,6.512898978326787,6.249865064548805,6.485921382904053,475200,0.0,0.0
2002-05-15 00:00:00-04:00,6.485922553094264,6.530885363178062,6.4072370994460845,6.506155967712402,864800,0.0,0.0
2002-05-16 00:00:00-04:00,6.517396630756248,6.562359870108492,6.373514950911036,6.395996570587158,362400,0.0,0.0
2002-05-17 00:00:00-04:00,6.452200729655669,6.515148753351016,6.425222698928198,6.503908157348633,522000,0.0,0.0
2002-05-20 00:00:00-04:00,6.3802596624953996,6.476930334909177,6.36227445103246,6.411734104156494,669600,0.0,0.0
2002-05-21 00:00:00-04:00,6.497163748602815,6.5196453701221095,6.3330486404741135,6.355530261993408,761600,0.0,0.0
2002-05-22 00:00:00-04:00,6.362273640778301,6.400492263869952,6.324055017686648,6.346536636352539,421600,0.0,0.0
2002-05-23 00:00:00-04:00,6.348784993048541,6.407237031458343,6.238625530630491,6.378011226654053,459200,0.0,0.0
2002-05-24 00:00:00-04:00,6.378011604457712,6.519645084870277,6.346537164187284,6.362274169921875,402000,0.0,0.0
2002-05-28 00:00:00-04:00,6.366770579789256,6.407237410993202,6.294829737116129,6.362274169921875,395200,0.0,0.0
2002-05-29 00:00:00-04:00,6.362273671065227,6.3847552898381394,6.319559067078027,6.333047866821289,516000,0.0,0.0
2002-05-30 00:00:00-04:00,6.276845225417302,6.290334027720272,6.168933949390955,6.227385997772217,535600,0.0,0.0
2002-05-31 00:00:00-04:00,6.227384754500455,6.362273608202737,6.216143730824459,6.261106967926025,552000,0.0,0.0
2002-06-03 00:00:00-04:00,6.249866264664297,6.249866264664297,6.07451057434082,6.07451057434082,724400,0.0,0.0
2002-06-04 00:00:00-04:00,6.07001412427734,6.072262329112849,5.708061292983668,5.892409801483154,742800,0.0,0.0
2002-06-05 00:00:00-04:00,5.822717021376801,5.92838050200087,5.813724631060558,5.901402473449707,1015600,0.0,0.0
2002-06-06 00:00:00-04:00,5.921637222087928,5.946367051432527,5.86768158162806,5.926133632659912,702400,0.0,0.0
2002-06-07 00:00:00-04:00,5.912643361029431,5.937373186024554,5.811476713760841,5.867680549621582,893200,0.0,0.0
2002-06-10 00:00:00-04:00,5.8676802734090225,6.105984406176394,5.8676802734090225,6.096992015838623,586400,0.0,0.0
2002-06-11 00:00:00-04:00,6.105984559659853,6.236377438844295,5.98683227588048,6.004817485809326,580400,0.0,0.0
2002-06-12 00:00:00-04:00,6.004816158116821,6.085749799302442,5.878919716451181,6.063268184661865,824400,0.0,0.0
2002-06-13 00:00:00-04:00,6.063269488049763,6.19366236643359,5.83395817006526,5.863183975219727,708800,0.0,0.0
2002-06-14 00:00:00-04:00,5.851943226893162,5.851943226893162,5.620383281333774,5.732790946960449,711600,0.0,0.0
2002-06-17 00:00:00-04:00,5.732790524104856,5.9688464329887,5.732790524104856,5.957605838775635,612000,0.0,0.0
2002-06-18 00:00:00-04:00,5.9576054078084955,6.09024646817323,5.9238831988075455,6.0003204345703125,611200,0.0,0.0
2002-06-19 00:00:00-04:00,5.980086807286579,5.98683099156234,5.7710085187152576,5.800234317779541,522800,0.0,0.0
2002-06-20 00:00:00-04:00,5.800234554950853,5.944116638200042,5.753023547885523,5.87667179107666,562400,0.0,0.0
2002-06-21 00:00:00-04:00,5.878920690116911,6.007065357350017,5.865431890619006,5.896905899047852,856400,0.0,0.0
2002-06-24 00:00:00-04:00,5.890161276221685,5.901401870168203,5.705812362370112,5.856438636779785,871200,0.0,0.0
2002-06-25 00:00:00-04:00,5.87667238672129,5.939620831323177,5.694572095753126,5.739535331726074,550400,0.0,0.0
2002-06-26 00:00:00-04:00,5.721551637330083,5.721551637330083,5.564180698577076,5.629377365112305,1276800,0.0,0.0
2002-06-27 00:00:00-04:00,5.642865726370374,5.755273408454241,5.566428468249242,5.744032382965088,742800,0.0,0.0
2002-06-28 00:00:00-04:00,5.699069042039359,5.964351215910254,5.651857596939694,5.867680549621582,1033600,0.0,0.0
2002-07-01 00:00:00-04:00,5.869927702164111,5.8789200913130495,5.510223131382187,5.53045654296875,604400,0.0,0.0
2002-07-02 00:00:00-04:00,5.521464609629074,5.54394622930501,5.137030585495368,5.262927055358887,1254400,0.0,0.0
2002-07-03 00:00:00-04:00,5.271920141291007,5.352853375894531,5.143775031299696,5.298897743225098,1372000,0.0,0.0
2002-07-05 00:00:00-04:00,5.361847224545241,5.5057289392710524,5.361847224545241,5.4697585105896,346800,0.0,0.0
2002-07-08 00:00:00-04:00,5.4697563973737084,5.564178843383166,5.361845153020376,5.379830360412598,556400,0.0,0.0
2002-07-09 00:00:00-04:00,5.406810336963667,5.478751626999425,5.258432203467377,5.280913829803467,379200,0.0,0.0
2002-07-10 00:00:00-04:00,5.280912274311566,5.3820793486245435,5.0538487299211745,5.080826759338379,543200,0.0,0.0
2002-07-11 00:00:00-04:00,5.058344153868659,5.058344153868659,4.856010473474143,4.968418121337891,540400,0.0,0.0
2002-07-12 00:00:00-04:00,4.990901023782275,5.053849048387006,4.9009745392590744,4.936944961547852,297600,0.0,0.0
2002-07-15 00:00:00-04:00,4.945937269347683,4.952681883628866,4.687399725119297,4.934696674346924,498400,0.0,0.0
2002-07-16 00:00:00-04:00,4.934695763298503,5.065088613719636,4.822288118838866,4.867250919342041,527200,0.0,0.0
2002-07-17 00:00:00-04:00,4.9459376078232,5.065089895471024,4.707633461328793,4.860507965087891,660000,0.0,0.0
2002-07-18 00:00:00-04:00,4.867252342862748,4.894230374095799,4.698640826859641,4.754844665527344,606000,0.0,0.0
2002-07-19 00:00:00-04:00,4.777325779126219,4.777325779126219,4.498554820412176,4.586232662200928,621200,0.0,0.0
2002-07-22 00:00:00-04:00,4.4738254509497075,4.568247916615234,4.3838993952685525,4.417621612548828,792000,0.0,0.0
2002-07-23 00:00:00-04:00,4.525532619805229,4.6671665245807645,4.51878843401674,4.633444309234619,1812400,0.0,0.0
2002-07-24 00:00:00-04:00,4.633443417435789,4.829032486079143,4.496305948781582,4.775076866149902,1528000,0.0,0.0
2002-07-25 00:00:00-04:00,4.779574021512376,4.849266654539166,4.608714317316685,4.8110480308532715,1046800,0.0,0.0
2002-07-26 00:00:00-04:00,4.83352996002544,4.993148650555171,4.777326123280958,4.945937633514404,610000,0.0,0.0
2002-07-29 00:00:00-04:00,4.97965914482039,5.40680815784585,4.977410940212744,5.386574745178223,855200,0.0,0.0
2002-07-30 00:00:00-04:00,5.386574558726502,5.60914209036642,5.274166905042214,5.310137748718262,1126400,0.0,0.0
2002-07-31 00:00:00-04:00,5.310139675513014,5.451773181874701,5.193235570350186,5.283161640167236,768000,0.0,0.0
2002-08-01 00:00:00-04:00,5.283160566834563,5.3798312330486695,5.213467930485347,5.238197326660156,512400,0.0,0.0
2002-08-02 00:00:00-04:00,5.260678656255742,5.26742327054984,4.826784999096657,4.99090051651001,1026400,0.0,0.0
2002-08-05 00:00:00-04:00,4.979659432339397,5.058344882945457,4.808799731503761,4.835777759552002,1072800,0.0,0.0
2002-08-06 00:00:00-04:00,4.878493558513344,5.085323710044814,4.878493558513344,4.957178592681885,725600,0.0,0.0
2002-08-07 00:00:00-04:00,4.9909017928260875,5.096564870980747,4.977412560788308,5.071835041046143,518800,0.0,0.0
2002-08-08 00:00:00-04:00,5.00214133869001,5.361845970153809,4.986404333423677,5.361845970153809,684400,0.0,0.0
2002-08-09 00:00:00-04:00,5.316881987240252,5.368589405545311,5.2202113354866,5.3258748054504395,542800,0.0,0.0
2002-08-12 00:00:00-04:00,5.002141304739533,5.125789569965412,4.907718844981165,5.080826759338379,1191200,0.0,0.0
2002-08-13 00:00:00-04:00,5.07408193753538,5.337115891204396,5.035863314222746,5.116796970367432,1009200,0.0,0.0
2002-08-14 00:00:00-04:00,5.1370308798073,5.341612815856934,4.94593774481554,5.341612815856934,752000,0.0,0.0
2002-08-15 00:00:00-04:00,5.341611504732889,5.350603893630494,5.087569979158002,5.3033928871154785,823200,0.0,0.0
2002-08-16 00:00:00-04:00,5.305641777569052,5.485493866787852,5.1145486647733245,5.449523448944092,1844400,0.0,0.0
2002-08-19 00:00:00-04:00,5.283161751004062,5.483247314144811,5.271921152841609,5.4697585105896,829200,0.0,0.0
2002-08-20 00:00:00-04:00,5.4742543124448275,5.5304581546079135,5.373087225030758,5.507976531982422,592800,0.0,0.0
2002-08-21 00:00:00-04:00,5.514718604938669,5.849693298339844,5.514718604938669,5.849693298339844,1012000,0.0,0.0
2002-08-22 00:00:00-04:00,5.890160738172035,6.1217202112069105,5.777753093770288,6.063268184661865,761600,0.0,0.0
2002-08-23 00:00:00-04:00,5.923882318639419,6.025048930610972,5.847445094233664,5.849693298339844,615200,0.0,0.0
2002-08-26 00:00:00-04:00,5.854191124667262,5.92388375363677,5.667593997862993,5.710309028625488,909600,0.0,0.0
2002-08-27 00:00:00-04:00,5.766512682386095,5.78899429940616,5.588908808410053,5.606894016265869,743200,0.0,0.0
2002-08-28 00:00:00-04:00,5.586660694424372,5.597901288716099,5.460764237392048,5.4989824295043945,439200,0.0,0.0
2002-08-29 00:00:00-04:00,5.507975226708069,5.68333132706965,5.350604334424508,5.552938461303711,776400,0.0,0.0
2002-08-30 00:00:00-04:00,5.58666194638468,5.663099205341189,5.492239475250244,5.492239475250244,490800,0.0,0.0
2002-09-03 00:00:00-04:00,5.483247009822459,5.483247009822459,5.289906073590481,5.305643081665039,488800,0.0,0.0
2002-09-04 00:00:00-04:00,5.3056425307711725,5.485494645522223,5.1415274224606815,5.472005844116211,1187200,0.0,0.0
2002-09-05 00:00:00-04:00,5.429290142346416,5.429290142346416,5.116796970367432,5.116796970367432,630400,0.0,0.0
2002-09-06 00:00:00-04:00,5.170752545949567,5.496734943192958,5.170752545949567,5.4652605056762695,723600,0.0,0.0
2002-09-09 00:00:00-04:00,5.418048900406925,5.5416971458182305,5.298896635176981,5.503478527069092,862000,0.0,0.0
2002-09-10 00:00:00-04:00,5.238198154629892,5.276416786178749,4.950434744192662,5.107805252075195,2128000,0.0,0.0
2002-09-11 00:00:00-04:00,5.13028621673584,5.204475265059843,5.080826994120255,5.13028621673584,324400,0.0,0.0
2002-09-12 00:00:00-04:00,5.1033083790525104,5.107804359954352,4.94593746985482,5.080826759338379,644000,0.0,0.0
2002-09-13 00:00:00-04:00,5.058345612334427,5.058345612334427,4.950434342183597,5.024623394012451,805600,0.0,0.0
2002-09-16 00:00:00-04:00,5.0133809871252435,5.083074038426206,4.950432977951667,5.0673370361328125,720000,0.0,0.0
2002-09-17 00:00:00-04:00,5.1932334921462076,5.238196294661065,5.035862611341322,5.040359020233154,1150400,0.0,0.0
2002-09-18 00:00:00-04:00,4.959426563524683,4.979659979584133,4.777326247790888,4.907719135284424,965600,0.0,0.0
2002-09-19 00:00:00-04:00,4.851513729034496,4.941439755344458,4.752594885692978,4.763835906982422,664800,0.0,0.0
2002-09-20 00:00:00-04:00,4.833528385109642,4.900972795707009,4.72336895244002,4.788565158843994,748800,0.0,0.0
2002-09-23 00:00:00-04:00,4.732361635221123,4.745850861221809,4.5749911910899685,4.658172607421875,716000,0.0,0.0
2002-09-24 00:00:00-04:00,4.597474115529526,4.597474115529526,4.215287845974044,4.374906539916992,2748400,0.0,0.0
2002-09-25 00:00:00-04:00,4.383898818041725,4.507547074722422,4.1680763128242475,4.30296516418457,1964400,0.0,0.0
2002-09-26 00:00:00-04:00,4.32544662153634,4.52553211524321,4.32544662153634,4.464832305908203,1122400,0.0,0.0
2002-09-27 00:00:00-04:00,4.316453799463093,4.323197983824023,3.8668232132190687,3.8893043994903564,3372400,0.0,0.0
2002-09-30 00:00:00-04:00,3.889304653004543,4.012953329562052,3.6510005468262974,3.979231119155884,1859600,0.0,0.0
2002-10-01 00:00:00-04:00,3.9567488147254597,4.125360266243865,3.790385567350098,4.105126857757568,1761200,0.0,0.0
2002-10-02 00:00:00-04:00,4.0691573753691594,4.204046653050136,3.864575468593469,3.866823673248291,1474000,0.0,0.0
2002-10-03 00:00:00-04:00,3.8690712835380663,3.8690712835380663,3.6082855579548476,3.7364306449890137,2760800,0.0,0.0
2002-10-04 00:00:00-04:00,3.8106204176030474,3.9230280944786386,3.574564038883551,3.597045660018921,1791200,0.0,0.0
2002-10-07 00:00:00-04:00,3.5745636369896947,3.6082858505006787,3.484637591360001,3.5430896282196045,1408800,0.0,0.0
2002-10-08 00:00:00-04:00,3.543089800237045,3.6644898605308165,3.457659945540904,3.603790044784546,1516400,0.0,0.0
2002-10-09 00:00:00-04:00,3.5475857863727325,3.5475857863727325,3.1249329475115033,3.1721441745758057,2864800,0.0,0.0
2002-10-10 00:00:00-04:00,3.1721439316983577,3.282303596014345,3.0709770855637935,3.2485811710357666,2829600,0.0,0.0
2002-10-11 00:00:00-04:00,3.3160263951281213,3.689219839868949,3.3160263951281213,3.5453381538391113,1816000,0.0,0.0
2002-10-14 00:00:00-04:00,3.4846375924103277,3.67348250269021,3.439674569581928,3.5925488471984863,887600,0.0,0.0
2002-10-15 00:00:00-04:00,3.754414904012324,3.9567485463504766,3.6982110906516668,3.945507526397705,1197200,0.0,0.0
2002-10-16 00:00:00-04:00,3.9477576041742175,3.9477576041742175,3.630767980666452,3.6847236156463623,1963600,0.0,0.0
2002-10-17 00:00:00-04:00,3.81736517455796,3.9747361172345075,3.81736517455796,3.9432621002197266,1078000,0.0,0.0
2002-10-18 00:00:00-04:00,3.9432599011211145,3.956748696776184,3.79937784186307,3.8308522701263428,1045600,0.0,0.0
2002-10-21 00:00:00-04:00,3.833101176030674,4.170324168483855,3.824108785875218,4.12311315536499,1260400,0.0,0.0
2002-10-22 00:00:00-04:00,4.06915811538471,4.361417912842753,3.9117871913372886,3.965742826461792,2948000,0.0,0.0
2002-10-23 00:00:00-04:00,4.159083633334966,4.887485256041268,4.145594833507409,4.781822204589844,5305200,0.0,0.0
2002-10-24 00:00:00-04:00,4.766086343322107,5.114550019268205,4.691897283271588,4.844771385192871,3004800,0.0,0.0
2002-10-25 00:00:00-04:00,4.788567070089966,5.002141836893573,4.7570930564225495,4.957178592681885,1575200,0.0,0.0
2002-10-28 00:00:00-05:00,4.945937447869806,5.080826736753774,4.900974208641407,4.912215232849121,1790400,0.0,0.0
2002-10-29 00:00:00-05:00,4.88973466314898,5.002142356554704,4.793063978211847,4.887486457824707,1798000,0.0,0.0
2002-10-30 00:00:00-05:00,4.856011222937968,5.058344934560131,4.811047985332504,4.934696674346924,887200,0.0,0.0
2002-10-31 00:00:00-05:00,4.934697130260071,4.990900968058928,4.822289454662359,4.865004062652588,851600,0.0,0.0
2002-11-01 00:00:00-05:00,4.86050733276135,5.038111209869385,4.784070090825886,5.038111209869385,942400,0.0,0.0
2002-11-04 00:00:00-05:00,5.110052564805889,5.316882694333685,5.0493523202181025,5.080826759338379,1932400,0.0,0.0
2002-11-05 00:00:00-05:00,5.058343775697171,5.06958436812272,4.86275429436439,5.026869773864746,1202000,0.0,0.0
2002-11-06 00:00:00-05:00,5.137031022320726,5.332620143890381,4.9459378820275886,5.332620143890381,1477600,0.0,0.0
2002-11-07 00:00:00-05:00,5.2044758777340645,5.296650147751026,5.170753657035398,5.260679721832275,1200000,0.0,0.0
2002-11-08 00:00:00-05:00,5.2606790035435935,5.283160623873517,5.060593483089888,5.15501594543457,989600,0.0,0.0
2002-11-11 00:00:00-05:00,5.170753168441444,5.222460597213557,4.9099673907719765,4.923456192016602,1346400,0.0,0.0
2002-11-12 00:00:00-05:00,4.97965947489827,5.035863307411346,4.878492833655462,4.977411270141602,1104000,0.0,0.0
2002-11-13 00:00:00-05:00,4.923455334096605,5.080826226799718,4.862755095871017,4.981907367706299,876000,0.0,0.0
2002-11-14 00:00:00-05:00,5.013382729745832,5.053849566166952,4.941441877797751,5.035864353179932,644000,0.0,0.0
2002-11-15 00:00:00-05:00,5.047105015827525,5.058345612334427,4.912215713738353,5.024623394012451,744400,0.0,0.0
2002-11-18 00:00:00-05:00,5.103308558852991,5.10555633498249,4.957178239963266,5.058345317840576,784400,0.0,0.0
2002-11-19 00:00:00-05:00,5.002140965572623,5.020126174364207,4.811047854161294,4.833529472351074,1129600,0.0,0.0
2002-11-20 00:00:00-05:00,4.777325779126219,4.788566374144854,4.496306615648206,4.586232662200928,1391200,0.0,0.0
2002-11-21 00:00:00-05:00,4.631196773229719,4.948186415106777,4.586233527073575,4.921208381652832,1402000,0.0,0.0
2002-11-22 00:00:00-05:00,4.921207445784557,4.945937269347683,4.768332952487434,4.934696674346924,707600,0.0,0.0
2002-11-25 00:00:00-05:00,4.900975182480014,5.035864498166897,4.804304927892373,4.829034328460693,909200,0.0,0.0
2002-11-26 00:00:00-05:00,4.822290936074314,4.945939245696165,4.601971498331523,4.653679370880127,966000,0.0,0.0
2002-11-27 00:00:00-05:00,4.709883028675356,4.90772040154434,4.705386617546173,4.817794322967529,866000,0.0,0.0
2002-11-29 00:00:00-05:00,4.743603282645917,4.779573699123893,4.721121665146884,4.759340286254883,311200,0.0,0.0
2002-12-02 00:00:00-05:00,4.945937134498774,4.990900370878334,4.748099837791352,4.833529472351074,952000,0.0,0.0
2002-12-03 00:00:00-05:00,4.718873462444556,4.73236226142901,4.5142915578420455,4.550261974334717,1002000,0.0,0.0
2002-12-04 00:00:00-05:00,4.507547201246343,4.5637510338244835,4.410876969404961,4.530028820037842,893200,0.0,0.0
2002-12-05 00:00:00-05:00,4.536773016446813,5.03586284940256,4.536773016446813,4.880740165710449,2769600,0.0,0.0
2002-12-06 00:00:00-05:00,4.867250954347282,5.226955504965339,4.822288153520736,5.159511089324951,1782400,0.0,0.0
2002-12-09 00:00:00-05:00,5.125789501524641,5.170752740352544,4.945937403815477,4.952682018280029,836000,0.0,0.0
2002-12-10 00:00:00-05:00,4.990900525854024,5.103308191492167,4.979659502009481,5.047104358673096,526400,0.0,0.0
2002-12-11 00:00:00-05:00,5.049352483751894,5.1257897359747835,4.957178225859807,5.085323333740234,841200,0.0,0.0
2002-12-12 00:00:00-05:00,5.114548466903361,5.213467326547363,5.092066849420472,5.177496910095215,489600,0.0,0.0
2002-12-13 00:00:00-05:00,5.159511656611705,5.159511656611705,4.98640376095344,5.051599979400635,820000,0.0,0.0
2002-12-16 00:00:00-05:00,5.069585528015961,5.116796970367432,5.015629900186574,5.116796970367432,705200,0.0,0.0
2002-12-17 00:00:00-05:00,5.060594181837573,5.141527854679813,4.999893927205892,5.035864353179932,689600,0.0,0.0
2002-12-18 00:00:00-05:00,4.912216006187786,4.966171644475457,4.833530539551114,4.878493785858154,774000,0.0,0.0
2002-12-19 00:00:00-05:00,4.878492865756635,4.954930112781483,4.766085199990825,4.781822204589844,1007600,0.0,0.0
2002-12-20 00:00:00-05:00,4.833529637201381,4.83802604675293,4.687399757185768,4.83802604675293,2114000,0.0,0.0
2002-12-23 00:00:00-05:00,4.781822696760394,4.781822696760394,4.662670404416413,4.754844665527344,686400,0.0,0.0
2002-12-24 00:00:00-05:00,4.833529472351074,4.8717480946333405,4.754844023087444,4.833529472351074,598800,0.0,0.0
2002-12-26 00:00:00-05:00,4.86725186399128,5.024622768298189,4.790814616619491,4.8110480308532715,838400,0.0,0.0
2002-12-27 00:00:00-05:00,4.811048886981361,4.856012133013482,4.721122823718411,4.7233710289001465,493200,0.0,0.0
2002-12-30 00:00:00-05:00,4.754843834388583,4.7750772470762906,4.572743549000407,4.716625213623047,783600,0.0,0.0
2002-12-31 00:00:00-05:00,4.716624658614082,4.9459363562240135,4.698639452652586,4.867250919342041,840400,0.0,0.0
2003-01-02 00:00:00-05:00,4.905470462984902,4.997644714563168,4.833529625538569,4.963922500610352,473600,0.0,0.0
2003-01-03 00:00:00-05:00,4.963922854755502,5.071834118623802,4.957178239963266,5.058345317840576,668400,0.0,0.0
2003-01-06 00:00:00-05:00,5.047104448578907,5.276415764676597,5.029119238908477,5.204474925994873,1059200,0.0,0.0
2003-01-07 00:00:00-05:00,5.204474008815715,5.3955670958886675,5.204474008815715,5.3168816566467285,893200,0.0,0.0
2003-01-08 00:00:00-05:00,5.283161130889374,5.440532059500209,5.2157166922283205,5.296649932861328,916400,0.0,0.0
2003-01-09 00:00:00-05:00,5.296648319579364,5.429289380173345,5.276414908383594,5.3461079597473145,914800,0.0,0.0
2003-01-10 00:00:00-05:00,5.328123132494272,5.384326961196527,5.238196663529717,5.287656307220459,752400,0.0,0.0
2003-01-13 00:00:00-05:00,5.285408139476373,5.391071183805075,5.229204310382155,5.373085975646973,708800,0.0,0.0
2003-01-14 00:00:00-05:00,5.3730857181355445,5.474252777177061,5.343859917079754,5.393319129943848,1397200,0.0,0.0
2003-01-15 00:00:00-05:00,5.445026009877756,5.449522418458272,5.328122388392208,5.377581596374512,921200,0.0,0.0
2003-01-16 00:00:00-05:00,5.395568224158256,5.3978164290411375,5.235949536684834,5.2651753425598145,984400,0.0,0.0
2003-01-17 00:00:00-05:00,5.2157155123915855,5.242693110232944,5.125789042783893,5.164007663726807,534400,0.0,0.0
2003-01-21 00:00:00-05:00,5.125788704307815,5.148270320225188,4.876244011148331,4.903221607208252,1184000,0.0,0.0
2003-01-22 00:00:00-05:00,4.847018279655628,4.896477925514111,4.691896014375481,4.707633018493652,1040400,0.0,0.0
2003-01-23 00:00:00-05:00,4.786318972668923,4.853763405660087,4.6806554845011865,4.736859321594238,798400,0.0,0.0
2003-01-24 00:00:00-05:00,4.698640243093239,4.698640243093239,4.480569530524455,4.583984375,784800,0.0,0.0
2003-01-27 00:00:00-05:00,4.574991866816817,4.604217669866029,4.327694928026493,4.4131245613098145,1230400,0.0,0.0
2003-01-28 00:00:00-05:00,4.41986892258603,4.53002837209002,4.350176297144969,4.516539573669434,1043200,0.0,0.0
2003-01-29 00:00:00-05:00,4.507547605887811,4.541270251502939,4.3883957445586965,4.4850664138793945,723200,0.0,0.0
2003-01-30 00:00:00-05:00,4.47382478950399,4.660421488254922,4.397387546275781,4.440102577209473,1052400,0.0,0.0
2003-01-31 00:00:00-05:00,4.428862622358279,4.455840224569704,4.352425368090481,4.444599628448486,683200,0.0,0.0
2003-02-03 00:00:00-05:00,4.444597896960442,4.496305305056328,4.284978835654376,4.325445652008057,839200,0.0,0.0
2003-02-04 00:00:00-05:00,4.316455003726911,4.320950984954834,4.262498940979221,4.320950984954834,1280800,0.0,0.0
2003-02-05 00:00:00-05:00,4.338934108743455,4.487312137909535,4.325445313946827,4.370408535003662,624000,0.0,0.0
2003-02-06 00:00:00-05:00,4.338934108743455,4.451341732584488,4.293971316487675,4.370408535003662,965200,0.0,0.0
2003-02-07 00:00:00-05:00,4.370409167112142,4.383897963859706,4.219782912227482,4.222031116485596,1183600,0.0,0.0
2003-02-10 00:00:00-05:00,4.249009283160277,4.323198318481445,4.233272280031723,4.323198318481445,1036400,0.0,0.0
2003-02-11 00:00:00-05:00,4.361418644057395,4.361418644057395,4.183814702263168,4.217536926269531,1161600,0.0,0.0
2003-02-12 00:00:00-05:00,4.21978472361649,4.2310253209310895,4.136602845564027,4.150091648101807,482800,0.0,0.0
2003-02-13 00:00:00-05:00,4.150090269094457,4.154586678046734,3.844341749959318,3.963493585586548,1885600,0.0,0.0
2003-02-14 00:00:00-05:00,3.9657417515338147,4.1118720394549895,3.9657417515338147,4.080397605895996,610400,0.0,0.0
2003-02-18 00:00:00-05:00,4.089391822281145,4.23776993660063,4.069158404073825,4.150091648101807,592000,0.0,0.0
2003-02-19 00:00:00-05:00,4.102880343888996,4.102880343888996,3.934268822907257,4.028691291809082,1011600,0.0,0.0
2003-02-20 00:00:00-05:00,4.08039659191109,4.1343521990026835,4.046674391078975,4.09163761138916,1092400,0.0,0.0
2003-02-21 00:00:00-05:00,4.114120440106784,4.192805892756074,4.057916606614608,4.154587268829346,624800,0.0,0.0
2003-02-24 00:00:00-05:00,4.159083530539687,4.159083530539687,3.8982977867126465,3.8982977867126465,782400,0.0,0.0
2003-02-25 00:00:00-05:00,3.8780647798578918,4.0691579127415745,3.824109147420367,4.064661502838135,678400,0.0,0.0
2003-02-26 00:00:00-05:00,4.114120673681694,4.123113493375586,3.967990784065909,4.048924446105957,1214400,0.0,0.0
2003-02-27 00:00:00-05:00,4.091639576068939,4.091639576068939,3.9545020741945955,3.9679908752441406,421600,0.0,0.0
2003-02-28 00:00:00-05:00,3.9792309782595923,4.102879221637804,3.9792309782595923,4.080397605895996,552800,0.0,0.0
2003-03-03 00:00:00-05:00,4.127608809573368,4.316453685096406,4.127608809573368,4.309709072113037,1122000,0.0,0.0
2003-03-04 00:00:00-05:00,4.282732204588056,4.309710234999871,4.078150272369385,4.078150272369385,1047200,0.0,0.0
2003-03-05 00:00:00-05:00,4.0803981327720455,4.222032030072918,4.057916514127328,4.179316997528076,668400,0.0,0.0
2003-03-06 00:00:00-05:00,4.181566442453365,4.181566442453365,4.075902932125576,4.132106781005859,540000,0.0,0.0
2003-03-07 00:00:00-05:00,4.080397323800744,4.293972015380859,4.057915709613186,4.293972015380859,659200,0.0,0.0
2003-03-10 00:00:00-05:00,4.271490221883737,4.271490221883737,4.0354343548263945,4.136600971221924,1333600,0.0,0.0
2003-03-11 00:00:00-05:00,4.181564400229273,4.181564400229273,3.82185985731042,3.878063678741455,1155200,0.0,0.0
2003-03-12 00:00:00-05:00,3.85558313059997,3.934268588122673,3.8353497149855253,3.923027992248535,1020400,0.0,0.0
2003-03-13 00:00:00-05:00,3.934267250959722,4.15008970575927,3.927522638446823,4.147841930389404,1077600,0.0,0.0
2003-03-14 00:00:00-05:00,4.181565587129213,4.311958472708023,4.1231135447937115,4.260251045227051,1076800,0.0,0.0
2003-03-17 00:00:00-05:00,4.260250579315576,4.338935600006977,4.080398062075167,4.3164544105529785,1130800,0.0,0.0
2003-03-18 00:00:00-05:00,4.0017125886644,4.003960793356603,3.8241087059923697,3.8555827140808105,19654000,0.0,0.0
2003-03-19 00:00:00-05:00,3.844342256088334,3.844342256088334,3.680227166933988,3.691467761993408,4990800,0.0,0.0
2003-03-20 00:00:00-05:00,3.6937164358769823,3.720694038966302,3.529601111478962,3.6847236156463623,4022800,0.0,0.0
2003-03-21 00:00:00-05:00,3.6847239958451627,4.035436302603833,3.664490577039804,4.0264434814453125,6234800,0.0,0.0
2003-03-24 00:00:00-05:00,3.8668239380874474,3.8668239380874474,3.7341828559766923,3.763408660888672,1866800,0.0,0.0
2003-03-25 00:00:00-05:00,3.7634081709507887,3.848838227358691,3.617278307812306,3.8331007957458496,4824400,0.0,0.0
2003-03-26 00:00:00-05:00,3.833102155892768,3.844343182462161,3.7319354895761405,3.7813947200775146,696800,0.0,0.0
2003-03-27 00:00:00-05:00,3.6982117326585993,3.7813931507440097,3.655496707024903,3.6869707107543945,890400,0.0,0.0
2003-03-28 00:00:00-05:00,3.630767470202777,3.630767470202777,3.5340970247218695,3.5925488471984863,2156800,0.0,0.0
2003-03-31 00:00:00-05:00,3.5026236882929043,3.5745645430314448,3.4351790297751927,3.520608901977539,2331600,0.0,0.0
2003-04-01 00:00:00-05:00,3.576811503027996,3.5925485059228413,3.4823890568577545,3.5475854873657227,1582400,0.0,0.0
2003-04-02 00:00:00-05:00,3.6757306562137892,3.772401314748283,3.5970452065600473,3.7589120864868164,2510400,0.0,0.0
2003-04-03 00:00:00-05:00,3.889305489499335,3.889305489499335,3.6869717547441043,3.6959645748138428,1211200,0.0,0.0
2003-04-04 00:00:00-05:00,3.7206939674352255,3.7813942164211265,3.709453371164323,3.7454237937927246,764400,0.0,0.0
2003-04-07 00:00:00-04:00,3.8780650918585615,3.9162837215100885,3.754416811174889,3.792635440826416,1660400,0.0,0.0
2003-04-08 00:00:00-04:00,3.792635181893107,3.792635181893107,3.6060384566401154,3.617279052734375,1383600,0.0,0.0
2003-04-09 00:00:00-04:00,3.6150303121638907,3.7049563539985764,3.608285698225843,3.644256114959717,791600,0.0,0.0
2003-04-10 00:00:00-04:00,3.61952704803046,3.6375122580201262,3.5633232132125996,3.5835564136505127,825200,0.0,0.0
2003-04-11 00:00:00-04:00,3.624023443309275,3.651001043785823,3.5228563695191477,3.540841579437256,478000,0.0,0.0
2003-04-14 00:00:00-04:00,3.5745632459090912,3.597044862057181,3.4958780181919393,3.594796657562256,685200,0.0,0.0
2003-04-15 00:00:00-04:00,3.5633230410563073,3.6757307052612305,3.538593217714837,3.6757307052612305,996000,0.0,0.0
2003-04-16 00:00:00-04:00,3.709453076238991,3.718445895581735,3.5475859728800265,3.554330587387085,810800,0.0,0.0
2003-04-17 00:00:00-04:00,3.5565784894689356,3.6959641842102333,3.5475858847502013,3.66448974609375,826400,0.0,0.0
2003-04-21 00:00:00-04:00,3.6644894005583057,3.6644894005583057,3.5498337548058094,3.6330153942108154,1070000,0.0,0.0
2003-04-22 00:00:00-04:00,3.6195265098261844,3.7184453644612576,3.552081875193286,3.7072043418884277,1062800,0.0,0.0
2003-04-23 00:00:00-04:00,3.7634081154870853,3.8960491783751987,3.7544157263562976,3.893800973892212,1790000,0.0,0.0
2003-04-24 00:00:00-04:00,3.8668243764675045,3.9679910315254716,3.8218611327964496,3.965742826461792,1799600,0.0,0.0
2003-04-25 00:00:00-04:00,3.9455085532621696,3.9567495761405476,3.8420937155881587,3.8488383293151855,716800,0.0,0.0
2003-04-28 00:00:00-04:00,3.90054649883265,4.008457766426097,3.8690720575169495,3.9904725551605225,899200,0.0,0.0
2003-04-29 00:00:00-04:00,3.9679899945388253,3.9904716104990516,3.889304553078612,3.963493585586548,839200,0.0,0.0
2003-04-30 00:00:00-04:00,3.965743096001617,4.026443350442777,3.916283867642876,4.008458137512207,903600,0.0,0.0
2003-05-01 00:00:00-04:00,4.001712581329774,4.001712581329774,3.8645755257663503,3.9814791679382324,1189200,0.0,0.0
2003-05-02 00:00:00-04:00,4.127610015256076,4.4738254356444065,4.114120785349107,4.444599628448486,5489600,0.0,0.0
2003-05-05 00:00:00-04:00,4.485065812802958,4.512043411118094,4.361417129321471,4.440102577209473,2321600,0.0,0.0
2003-05-06 00:00:00-04:00,4.4423508644104,4.530028703765481,4.410876856190875,4.4423508644104,1523200,0.0,0.0
2003-05-07 00:00:00-04:00,4.3749057769025645,4.428861829265819,4.282731533050537,4.282731533050537,1662000,0.0,0.0
2003-05-08 00:00:00-04:00,4.2265268457334635,4.372657112243222,4.217534458035023,4.284978866577148,1546800,0.0,0.0
2003-05-09 00:00:00-04:00,4.316454152509872,4.38389857444236,4.273739123258667,4.3366875648498535,1012000,0.0,0.0
2003-05-12 00:00:00-04:00,4.361418229202791,4.417622073467779,4.293973787605327,4.388396263122559,715200,0.0,0.0
2003-05-13 00:00:00-04:00,4.388395805252925,4.449096053638176,4.29846974957177,4.417621612548828,595600,0.0,0.0
2003-05-14 00:00:00-04:00,4.395138636023184,4.404131453218657,4.293972015380859,4.293972015380859,719200,0.0,0.0
2003-05-15 00:00:00-04:00,4.350175836449192,4.383898043329967,4.289475606783123,4.293972015380859,509600,0.0,0.0
2003-05-16 00:00:00-04:00,4.260251273915912,4.3164551143169065,4.170324786233302,4.19730281829834,890000,0.0,0.0
2003-05-19 00:00:00-04:00,4.197301664712474,4.197301664712474,3.8893045152923604,4.080397605895996,1276800,0.0,0.0
2003-05-20 00:00:00-04:00,4.1141207054985545,4.125361730202853,4.003961236203921,4.035435676574707,1157200,0.0,0.0
2003-05-21 00:00:00-04:00,4.035435060632673,4.037682836429199,3.934267997741699,3.934267997741699,942000,0.0,0.0
2003-05-22 00:00:00-04:00,3.9342679957979185,4.0803978641673195,3.9230274016161117,4.060164451599121,639600,0.0,0.0
2003-05-23 00:00:00-04:00,4.0916401114024,4.141099340922611,3.999465839368507,4.096136093139648,294000,0.0,0.0
2003-05-27 00:00:00-04:00,4.069157467348168,4.3164544105529785,4.069157467348168,4.3164544105529785,824400,0.0,0.0
2003-05-28 00:00:00-04:00,4.32769560693262,4.381651240965499,4.13660246839872,4.165828704833984,708800,0.0,0.0
2003-05-29 00:00:00-04:00,4.159084468994528,4.20404771585553,4.069158404073825,4.150091648101807,685200,0.0,0.0
2003-05-30 00:00:00-04:00,4.181564156770579,4.273738384246826,4.1590825437468615,4.273738384246826,688000,0.0,0.0
2003-06-02 00:00:00-04:00,4.383899720930395,4.491810995764064,4.361418098139724,4.426614761352539,1228400,0.0,0.0
2003-06-03 00:00:00-04:00,4.4063808194510115,4.428862439566824,4.226528287325747,4.271491527557373,985200,0.0,0.0
2003-06-04 00:00:00-04:00,4.29397281348362,4.431109870794678,4.280484013984428,4.42886209487915,1045200,0.0,0.0
2003-06-05 00:00:00-04:00,4.428861225099597,4.478320432750859,4.386146201472845,4.4738240242004395,2410800,0.0,0.0
2003-06-06 00:00:00-04:00,4.530028425837978,4.613210279487732,4.496306214985819,4.532276630401611,1772000,0.0,0.0
2003-06-09 00:00:00-04:00,4.541269855231651,4.563751045278359,4.40413236618042,4.40413236618042,663600,0.0,0.0
2003-06-10 00:00:00-04:00,4.428861615248211,4.47157621383667,4.3726577898201935,4.47157621383667,552400,0.0,0.0
2003-06-11 00:00:00-04:00,4.471575675154877,4.552509311237679,4.397386651679344,4.482816696166992,1123200,0.0,0.0
2003-06-12 00:00:00-04:00,4.496306997905136,4.541270239404688,4.383899322957507,4.527781009674072,966400,0.0,0.0
2003-06-13 00:00:00-04:00,4.563750801530641,4.58623241917783,4.406380335602696,4.453591346740723,643600,0.0,0.0
2003-06-16 00:00:00-04:00,4.54351781300535,4.687399922108799,4.541270036951705,4.619955062866211,949200,0.0,0.0
2003-06-17 00:00:00-04:00,4.619955541080554,4.739107837915123,4.58173691219409,4.676159381866455,836000,0.0,0.0
2003-06-18 00:00:00-04:00,4.723369532486771,4.77732515335083,4.624450679835418,4.77732515335083,576800,0.0,0.0
2003-06-19 00:00:00-04:00,4.811048252036326,4.811048252036326,4.590729318918686,4.592977523803711,1670800,0.0,0.0
2003-06-20 00:00:00-04:00,4.637940752979991,4.69864100394107,4.610963149531473,4.676159381866455,660400,0.0,0.0
2003-06-23 00:00:00-04:00,4.676159259871423,4.676159259871423,4.518788767057261,4.559255599975586,805600,0.0,0.0
2003-06-24 00:00:00-04:00,4.54126974926306,4.574991962347442,4.503051126753772,4.554758548736572,860000,0.0,0.0
2003-06-25 00:00:00-04:00,4.586232714208076,4.6491811619094126,4.518788285729029,4.6019697189331055,638400,0.0,0.0
2003-06-26 00:00:00-04:00,4.69414376036012,4.853762862829712,4.6649179570128085,4.8043036460876465,1039600,0.0,0.0
2003-06-27 00:00:00-04:00,4.8605077222954005,4.941440951159424,4.748100055005325,4.770581245422363,1046000,0.0,0.0
2003-06-30 00:00:00-04:00,4.81104749053771,4.9122145503448165,4.7773252802023976,4.822288513183594,1248800,0.0,0.0
2003-07-01 00:00:00-04:00,4.822289454662359,4.867252267620692,4.68065554328054,4.865004062652588,957600,0.0,0.0
2003-07-02 00:00:00-04:00,4.86500474830361,4.970668252689982,4.86500474830361,4.941442012786865,1831600,0.0,0.0
2003-07-03 00:00:00-04:00,4.907718279689329,4.927951692221354,4.838025652524121,4.840273857116699,413200,0.0,0.0
2003-07-07 00:00:00-04:00,4.889733357892507,5.03136682510376,4.889733357892507,5.03136682510376,1477200,0.0,0.0
2003-07-08 00:00:00-04:00,4.945937781520675,4.979659998816246,4.912215564225104,4.936944961547852,3644800,0.0,0.0
2003-07-09 00:00:00-04:00,4.968419126471886,5.1437748181818606,4.961674511867182,5.123541831970215,1276800,0.0,0.0
2003-07-10 00:00:00-04:00,5.092067096404852,5.092067096404852,4.8110479362412155,4.835777759552002,1228400,0.0,0.0
2003-07-11 00:00:00-04:00,4.835777361070057,4.923455194599819,4.7930623321806864,4.880740165710449,1310400,0.0,0.0
2003-07-14 00:00:00-04:00,4.945937533357457,5.080826824572907,4.907718907993099,5.069585800170898,864000,0.0,0.0
2003-07-15 00:00:00-04:00,5.125788932440055,5.125788932440055,5.024622299511014,5.049351692199707,1988000,0.0,0.0
2003-07-16 00:00:00-04:00,5.0493522463960785,5.161759914522095,5.035863446285299,5.134782314300537,2946000,0.0,0.0
2003-07-17 00:00:00-04:00,5.114549300627355,5.159512542922605,4.979660002542866,4.9931488037109375,2066400,0.0,0.0
2003-07-18 00:00:00-04:00,5.049351014606457,5.092066038138352,4.968417804884221,5.042606830596924,1596800,0.0,0.0
2003-07-21 00:00:00-04:00,5.044856133261583,5.146022774641228,4.999892895669821,5.116796970367432,1787600,0.0,0.0
2003-07-22 00:00:00-04:00,5.17300011824492,5.433785832635959,5.1527667068868945,5.431537628173828,2325600,0.0,0.0
2003-07-23 00:00:00-04:00,5.418050503022639,5.519217162246765,5.330372217133517,5.382080078125,2952000,0.0,0.0
2003-07-24 00:00:00-04:00,5.388822968469428,5.582164277385456,5.388822968469428,5.400063991546631,4836000,0.0,0.0
2003-07-25 00:00:00-04:00,5.4450258921436685,5.53045593812178,5.3798296843403755,5.415800094604492,1558400,0.0,0.0
2003-07-28 00:00:00-04:00,5.429290267626214,5.584412969215883,5.379831048174984,5.582164764404297,1319600,0.0,0.0
2003-07-29 00:00:00-04:00,5.5866626530420485,5.5866626530420485,5.40905828511871,5.45626974105835,1723600,0.0,0.0
2003-07-30 00:00:00-04:00,5.449523206682765,5.451771411298205,5.368589555731649,5.400063991546631,2032000,0.0,0.0
2003-07-31 00:00:00-04:00,5.456267828154883,5.564179077039732,5.39556758985671,5.4989824295043945,746800,0.0,0.0
2003-08-01 00:00:00-04:00,5.442778440574666,5.460764076995042,5.30564139327869,5.3258748054504395,1239200,0.0,0.0
2003-08-04 00:00:00-04:00,5.328123969609745,5.328123969609745,5.031367347244635,5.186490058898926,1888400,0.0,0.0
2003-08-05 00:00:00-04:00,5.186489284496771,5.186489284496771,5.035863005247614,5.038111209869385,1380000,0.0,0.0
2003-08-06 00:00:00-04:00,5.038111196700099,5.078578022183824,4.957177545732647,4.981907367706299,1459600,0.0,0.0
2003-08-07 00:00:00-04:00,5.002140038477794,5.035862245111803,4.923454603797695,5.029118061065674,903600,0.0,0.0
2003-08-08 00:00:00-04:00,5.01338105349319,5.303392998343199,4.990899866377105,5.292152404785156,1308800,0.0,0.0
2003-08-11 00:00:00-04:00,5.395568798490276,5.436035633087158,5.30789094273122,5.436035633087158,2328000,0.0,0.0
2003-08-12 00:00:00-04:00,5.436035699493517,5.485494926382074,5.427042878894896,5.480998516082764,1212000,0.0,0.0
2003-08-13 00:00:00-04:00,5.474253219095273,5.474253219095273,5.415801183463888,5.433786392211914,826800,0.0,0.0
2003-08-14 00:00:00-04:00,5.418048891399471,5.53045654296875,5.406807868961846,5.53045654296875,1222800,0.0,0.0
2003-08-15 00:00:00-04:00,5.507976009449568,5.548442840576172,5.467509178322963,5.548442840576172,337600,0.0,0.0
2003-08-18 00:00:00-04:00,5.530457064728603,5.703564967389088,5.530457064728603,5.672090530395508,865200,0.0,0.0
2003-08-19 00:00:00-04:00,5.642863246784405,5.7372856753958175,5.6023964304079295,5.726044654846191,553600,0.0,0.0
2003-08-20 00:00:00-04:00,5.721550175569871,5.822716814235013,5.710309152072943,5.755272388458252,443200,0.0,0.0
2003-08-21 00:00:00-04:00,5.7889944712603105,5.854191119673834,5.780001652664849,5.83620548248291,896400,0.0,0.0
2003-08-22 00:00:00-04:00,5.903650049671681,5.923883461730512,5.800234784837526,5.827212810516357,1689600,0.0,0.0
2003-08-25 00:00:00-04:00,6.002568500152081,6.168931765669254,5.935123654909242,6.025049686431885,2338400,0.0,0.0
2003-08-26 00:00:00-04:00,6.027298970510656,6.070014003936029,5.90589891340857,5.986832141876221,789200,0.0,0.0
2003-08-27 00:00:00-04:00,5.9643498831548145,6.047531301512831,5.912642039828296,6.025049686431885,1230400,0.0,0.0
2003-08-28 00:00:00-04:00,6.002570367802479,6.094744632392594,5.96659994400152,6.079007625579834,634800,0.0,0.0
2003-08-29 00:00:00-04:00,6.0475321445600905,6.227384661478591,6.038539754554827,6.202654838562012,505600,0.0,0.0
2003-09-02 00:00:00-04:00,6.182422541019869,6.326304237485377,6.1599409187468135,6.3195600509643555,850000,0.0,0.0
2003-09-03 00:00:00-04:00,6.319559335287988,6.589337485609025,6.297077715560928,6.50840425491333,2042400,0.0,0.0
2003-09-04 00:00:00-04:00,6.49716272495234,6.575848173472075,6.4432070990876875,6.521892547607422,2351200,0.0,0.0
2003-09-05 00:00:00-04:00,6.52414115502797,6.605074384420452,6.463440911382691,6.575848579406738,1245200,0.0,0.0
2003-09-08 00:00:00-04:00,6.587089637321868,6.690504922143827,6.566856221352381,6.602827072143555,3199600,0.0,0.0
2003-09-09 00:00:00-04:00,6.546622652318911,6.593833666184085,6.400492343571545,6.431966781616211,1406400,0.0,0.0
2003-09-10 00:00:00-04:00,6.429719312846196,6.431967517878252,6.339793255570282,6.355530261993408,949200,0.0,0.0
2003-09-11 00:00:00-04:00,6.294829149655035,6.375762804509843,6.261106936399267,6.3577775955200195,3972000,0.0,0.0
2003-09-12 00:00:00-04:00,6.357776577758099,6.474680203077248,6.3173097568086805,6.454446792602539,2860400,0.0,0.0
2003-09-15 00:00:00-04:00,6.454448196047892,6.573600480440453,6.452200419996293,6.50840425491333,678800,0.0,0.0
2003-09-16 00:00:00-04:00,6.474680700617166,6.54886973512503,6.3959956858369855,6.4679365158081055,828000,0.0,0.0
2003-09-17 00:00:00-04:00,6.474681106786733,6.530884937327594,6.434214708990319,6.438710689544678,1296000,0.0,0.0
2003-09-18 00:00:00-04:00,6.440958558049982,6.544373823824245,6.395995753244752,6.539877414703369,1168400,0.0,0.0
2003-09-19 00:00:00-04:00,6.539878450662045,6.564608275943049,6.458944788870575,6.542126655578613,918400,0.0,0.0
2003-09-22 00:00:00-04:00,6.440959150994286,6.544374426288791,6.42297394165627,6.501659393310547,1490800,0.0,0.0
2003-09-23 00:00:00-04:00,6.474681147763794,6.564607620239258,6.407236722208396,6.564607620239258,1015600,0.0,0.0
2003-09-24 00:00:00-04:00,6.542125575376304,6.641044431366099,6.481425339055215,6.497162342071533,2591200,0.0,0.0
2003-09-25 00:00:00-04:00,6.497162719697916,6.501659129049967,6.317310633627858,6.339792251586914,1604800,0.0,0.0
2003-09-26 00:00:00-04:00,6.384755995811338,6.395997020841339,6.171181665856424,6.21389627456665,1746800,0.0,0.0
2003-09-29 00:00:00-04:00,6.182421963634393,6.33529646625246,6.027299256118856,6.3308000564575195,3287600,0.0,0.0
2003-09-30 00:00:00-04:00,6.330800314421212,6.333048519410291,6.182422215552062,6.254363059997559,3562000,0.0,0.0
2003-10-01 00:00:00-04:00,6.283587951470797,6.483673435870016,6.276843337946796,6.465688228607178,956400,0.0,0.0
2003-10-02 00:00:00-04:00,6.467937699561419,6.530885722906227,6.384755831682746,6.461193084716797,584000,0.0,0.0
2003-10-03 00:00:00-04:00,6.517396780522414,6.721978709553964,6.517396780522414,6.681511878967285,958400,0.0,0.0
2003-10-06 00:00:00-04:00,6.681512601979193,6.800664901733398,6.677016620495124,6.800664901733398,1232400,0.0,0.0
2003-10-07 00:00:00-04:00,6.800663512471422,6.845626748537168,6.730970882490596,6.84337854385376,4493600,0.0,0.0
2003-10-08 00:00:00-04:00,6.8208976161197015,6.899583072797401,6.737715749620135,6.863612651824951,1501600,0.0,0.0
2003-10-09 00:00:00-04:00,6.980515910084096,7.162616638341092,6.958034719850981,7.1041646003723145,3484800,0.0,0.0
2003-10-10 00:00:00-04:00,7.104163944919681,7.104163944919681,6.910822639384408,6.917567253112793,2212000,0.0,0.0
2003-10-13 00:00:00-04:00,6.915319737118829,7.1266462715044625,6.915319737118829,7.119901657104492,880400,0.0,0.0
2003-10-14 00:00:00-04:00,7.063697941346385,7.1131571613675915,6.991757101751456,7.025479316711426,1111200,0.0,0.0
2003-10-15 00:00:00-04:00,7.047960362870485,7.052456772179652,6.935552702948471,6.967026710510254,730800,0.0,0.0
2003-10-16 00:00:00-04:00,6.9692760491096895,7.054705695877834,6.910824004983586,6.944546222686768,1169600,0.0,0.0
2003-10-17 00:00:00-04:00,6.944544776880966,6.944544776880966,6.746707493089719,6.762444496154785,940000,0.0,0.0
2003-10-20 00:00:00-04:00,6.764692796082605,6.946793079376221,6.76019638691457,6.946793079376221,643200,0.0,0.0
2003-10-21 00:00:00-04:00,7.081682352809009,7.135637976421889,6.915319072802336,6.946793079376221,2279200,0.0,0.0
2003-10-22 00:00:00-04:00,6.632052885967752,6.632052885967752,6.294829857867697,6.463441371917725,2477600,0.0,0.0
2003-10-23 00:00:00-04:00,6.39599612414732,6.418477313453027,6.193661989986355,6.216143608093262,2277600,0.0,0.0
2003-10-24 00:00:00-04:00,6.137457959552243,6.148698982640781,6.07450994546118,6.126217365264893,1371600,0.0,0.0
2003-10-27 00:00:00-05:00,6.227385304310383,6.38700399539123,6.216144279641928,6.362274169921875,1031200,0.0,0.0
2003-10-28 00:00:00-05:00,6.418476697676309,6.537628962050831,6.418476697676309,6.533132553100586,1023200,0.0,0.0
2003-10-29 00:00:00-05:00,6.535381574139498,6.661278038868372,6.535381574139498,6.598330020904541,1304000,0.0,0.0
2003-10-30 00:00:00-05:00,6.620811921982435,6.654534137158328,6.530885443111747,6.607322692871094,840000,0.0,0.0
2003-10-31 00:00:00-05:00,6.6028269279505185,6.605074704074704,6.4634412241825565,6.472434043884277,1066000,0.0,0.0
2003-11-03 00:00:00-05:00,6.452199698631614,6.4656884974392925,6.366769638980226,6.4184770584106445,1711200,0.0,0.0
2003-11-04 00:00:00-05:00,6.407238672737388,6.407238672737388,6.294830976724452,6.328553199768066,1358400,0.0,0.0
2003-11-05 00:00:00-05:00,6.328551851560049,6.351033471733513,6.258859214943427,6.3308000564575195,583600,0.0,0.0
2003-11-06 00:00:00-05:00,6.328551262427588,6.425221920013428,6.285836230954525,6.425221920013428,794000,0.0,0.0
2003-11-07 00:00:00-05:00,6.440958817818796,6.470185049482029,6.366769779536949,6.393747806549072,780400,0.0,0.0
2003-11-10 00:00:00-05:00,6.393747762644975,6.402740152386473,6.267850875854492,6.267850875854492,1611200,0.0,0.0
2003-11-11 00:00:00-05:00,6.267851479345537,6.267851479345537,6.211647644445805,6.22963285446167,1057600,0.0,0.0
2003-11-12 00:00:00-05:00,6.177925970183487,6.326304073006141,6.177925970183487,6.3150634765625,905600,0.0,0.0
2003-11-13 00:00:00-05:00,6.3150626603486275,6.3150626603486275,6.22963259473412,6.249866008758545,933200,0.0,0.0
2003-11-14 00:00:00-05:00,6.238624888945772,6.3173103336656835,6.166684057933685,6.191413879394531,619200,0.0,0.0
2003-11-17 00:00:00-05:00,6.13745715687117,6.159938771306823,6.013808920676772,6.0475311279296875,876000,0.0,0.0
2003-11-18 00:00:00-05:00,6.036291284670644,6.096991522544038,5.917139013526706,5.957605838775635,662000,0.0,0.0
2003-11-19 00:00:00-05:00,5.959855177488188,6.002570215468276,5.876673306558677,5.935125350952148,862400,0.0,0.0
2003-11-20 00:00:00-05:00,5.901402747254555,6.025051014247966,5.83171011106561,5.993577003479004,867600,0.0,0.0
2003-11-21 00:00:00-05:00,6.04978110039871,6.171181596551797,5.980088461200413,6.168933391571045,2473600,0.0,0.0
2003-11-24 00:00:00-05:00,6.171181502533861,6.404989242553711,6.171181502533861,6.404989242553711,1724000,0.0,0.0
2003-11-25 00:00:00-05:00,6.492666327025963,6.517396149724577,6.445455315111733,6.494914531707764,512000,0.0,0.0
2003-11-26 00:00:00-05:00,6.539878195790744,6.539878195790744,6.29932585350892,6.479177951812744,602000,0.0,0.0
2003-11-28 00:00:00-05:00,6.463440024099178,6.524140259411693,6.44770302134434,6.465688228607178,245600,0.0,0.0
2003-12-01 00:00:00-05:00,6.5196455765334,6.564608820995521,6.452201138641497,6.530886173248291,902800,0.0,0.0
2003-12-02 00:00:00-05:00,6.5308839939649435,6.5308839939649435,6.2633541079710335,6.272346496582031,660800,0.0,0.0
2003-12-03 00:00:00-05:00,6.261105441872151,6.272346034007207,6.013808555690992,6.036290168762207,1391600,0.0,0.0
2003-12-04 00:00:00-05:00,6.070014651183138,6.070014651183138,5.782250839277111,5.935125350952148,844800,0.0,0.0
2003-12-05 00:00:00-05:00,5.935122920257254,5.935122920257254,5.579914818109767,5.726044654846191,1806800,0.0,0.0
2003-12-08 00:00:00-05:00,5.840702225221489,5.845198634775916,5.672090726141414,5.762016773223877,1191600,0.0,0.0
2003-12-09 00:00:00-05:00,5.811476398659365,5.876672621746206,5.732790946960449,5.732790946960449,1177600,0.0,0.0
2003-12-10 00:00:00-05:00,5.788995861053594,5.788995861053594,5.566428692997397,5.6091437339782715,956400,0.0,0.0
2003-12-11 00:00:00-05:00,5.620384061364766,5.953110694885254,5.620384061364766,5.953110694885254,1138800,0.0,0.0
2003-12-12 00:00:00-05:00,5.953109143792355,6.1037354145430465,5.914890524980952,5.99132776260376,782400,0.0,0.0
2003-12-15 00:00:00-05:00,6.081254503984569,6.092495527763457,5.829461574554443,5.829461574554443,960400,0.0,0.0
2003-12-16 00:00:00-05:00,5.8676799212282065,6.038539615402957,5.739535257797442,6.002569198608398,2058000,0.0,0.0
2003-12-17 00:00:00-05:00,6.004818208139741,6.009314618363141,5.856440101177783,5.955358982086182,1480000,0.0,0.0
2003-12-18 00:00:00-05:00,5.977839400351916,6.137458071920873,5.95535778256442,6.11497688293457,1056000,0.0,0.0
2003-12-19 00:00:00-05:00,6.137457793961213,6.164435819844638,6.070013372454411,6.121720790863037,750000,0.0,0.0
2003-12-22 00:00:00-05:00,6.121722303462887,6.1239705085754395,6.00706641553037,6.1239705085754395,650000,0.0,0.0
2003-12-23 00:00:00-05:00,6.092495022352323,6.198158064301179,6.074509814599301,6.191413879394531,577600,0.0,0.0
2003-12-24 00:00:00-05:00,6.238624820722622,6.256610028278964,6.159939376863183,6.2453694343566895,522000,0.0,0.0
2003-12-26 00:00:00-05:00,6.216143608093262,6.2611068443070765,6.216143608093262,6.216143608093262,146000,0.0,0.0
2003-12-29 00:00:00-05:00,6.249866634927374,6.312815088065804,6.216144417775136,6.281341075897217,497200,0.0,0.0
2003-12-30 00:00:00-05:00,6.281341087173829,6.281341087173829,6.182422211721927,6.198159217834473,358000,0.0,0.0
2003-12-31 00:00:00-05:00,6.227385732353677,6.276844957890752,6.13521146774292,6.13521146774292,624000,0.0,0.0
2004-01-02 00:00:00-05:00,6.186917990728079,6.335296074373052,6.186917990728079,6.249866008758545,504000,0.0,0.0
2004-01-05 00:00:00-05:00,6.294828314212518,6.326302318567214,6.193661259070786,6.2363762855529785,718400,0.0,0.0
2004-01-06 00:00:00-05:00,6.204904104263512,6.542127148747384,6.182422482204331,6.515149116516113,986800,0.0,0.0
2004-01-07 00:00:00-05:00,6.5601109466954055,6.573599745503084,6.4184770584106445,6.4184770584106445,768400,0.0,0.0
2004-01-08 00:00:00-05:00,6.440959627396076,6.440959627396076,6.328551953519002,6.362274169921875,1004800,0.0,0.0
2004-01-09 00:00:00-05:00,6.317310358511089,6.346536160424251,6.220639705657959,6.220639705657959,656000,0.0,0.0
2004-01-12 00:00:00-05:00,6.222887212144742,6.279091033889111,6.164435186074462,6.200405597686768,580000,0.0,0.0
2004-01-13 00:00:00-05:00,6.256610434925455,6.256610434925455,6.14869918257374,6.216143608093262,657200,0.0,0.0
2004-01-14 00:00:00-05:00,6.216143681863049,6.382506971746552,6.159939850329385,6.344288349151611,1292400,0.0,0.0
2004-01-15 00:00:00-05:00,6.400492243543702,6.407236857762414,6.126217697334238,6.234128952026367,1282000,0.0,0.0
2004-01-16 00:00:00-05:00,6.301573857819938,6.333047866821289,6.218391997000524,6.333047866821289,811200,0.0,0.0
2004-01-20 00:00:00-05:00,6.339793134377527,6.339793134377527,6.141955383351157,6.254363059997559,858000,0.0,0.0
2004-01-21 00:00:00-05:00,6.254362514173262,6.458944433511548,6.182421676006113,6.447703838348389,660000,0.0,0.0
2004-01-22 00:00:00-05:00,6.524140450784701,6.5803442787298465,6.39599579167796,6.499410629272461,864400,0.0,0.0
2004-01-23 00:00:00-05:00,6.499411366472078,6.530885376474941,6.3510332781711165,6.479177951812744,523200,0.0,0.0
2004-01-26 00:00:00-05:00,6.452200693725217,6.461193084716797,6.353281820010342,6.461193084716797,550800,0.0,0.0
2004-01-27 00:00:00-05:00,6.49716181791594,6.528636250210563,6.4521990170396935,6.454446792602539,676800,0.0,0.0
2004-01-28 00:00:00-05:00,6.434215932949943,6.434215932949943,5.822717865909351,5.98233699798584,2204000,0.0,0.0
2004-01-29 00:00:00-05:00,6.126216509521448,6.434213638305664,6.126216509521448,6.434213638305664,3025600,0.0,0.0
2004-01-30 00:00:00-05:00,6.429718530219964,6.429718530219964,6.155443552911634,6.249866008758545,1200000,0.0,0.0
2004-02-02 00:00:00-05:00,6.317312703543047,6.321809114368381,6.139708335154405,6.162189960479736,1036800,0.0,0.0
2004-02-03 00:00:00-05:00,6.164436099026108,6.2049029252833625,6.11497688293457,6.11497688293457,842000,0.0,0.0
2004-02-04 00:00:00-05:00,6.1037362181976516,6.130714246887681,5.975591546722753,5.986832141876221,736400,0.0,0.0
2004-02-05 00:00:00-05:00,5.989079776768904,6.105983841966185,5.959853974870173,6.011561393737793,954800,0.0,0.0
2004-02-06 00:00:00-05:00,6.0115607223215966,6.211646190515189,5.993575516515444,6.200405597686768,551200,0.0,0.0
2004-02-09 00:00:00-05:00,6.2004062100948145,6.2004062100948145,6.063268734277258,6.092494964599609,602000,0.0,0.0
2004-02-10 00:00:00-05:00,6.092496078163224,6.171181536519085,5.964351397115716,6.040788650512695,640800,0.0,0.0
2004-02-11 00:00:00-05:00,5.973342881670276,6.137457959552243,5.973342881670276,6.126217365264893,522800,0.0,0.0
2004-02-12 00:00:00-05:00,6.126217729476753,6.198158566315626,6.110480725018402,6.137458324432373,479600,0.0,0.0
2004-02-13 00:00:00-05:00,6.14869908294076,6.171180700683377,5.957605975330304,6.058773040771484,573600,0.0,0.0
2004-02-17 00:00:00-05:00,6.047532914069561,6.216144428934704,6.038540522920073,6.198159217834473,574800,0.0,0.0
2004-02-18 00:00:00-05:00,6.204904108883189,6.2251375258713875,6.070014805228957,6.079007625579834,629600,0.0,0.0
2004-02-19 00:00:00-05:00,6.130715780979788,6.17118261974026,5.957607827971688,5.959856033325195,420000,0.0,0.0
2004-02-20 00:00:00-05:00,5.980088233947754,6.029547455241009,5.858687742408074,5.980088233947754,631200,0.0,0.0
2004-02-23 00:00:00-05:00,5.99582494308991,5.99582494308991,5.845198652957795,5.874424457550049,795600,0.0,0.0
2004-02-24 00:00:00-05:00,5.876672940382656,5.946366005586866,5.815973123541998,5.867680549621582,542400,0.0,0.0
2004-02-25 00:00:00-05:00,5.867680915237286,5.966599792580181,5.836206473609255,5.935125350952148,416000,0.0,0.0
2004-02-26 00:00:00-05:00,5.937372398734764,5.937372398734764,5.80922773857233,5.845198154449463,2111200,0.0,0.0
2004-02-27 00:00:00-05:00,5.845197093805318,5.878919298970898,5.732789457385985,5.786745071411133,779200,0.0,0.0
2004-03-01 00:00:00-05:00,5.773258088223488,5.890162169726126,5.768761678442331,5.867680549621582,1286800,0.0,0.0
2004-03-02 00:00:00-05:00,5.90589933103171,5.928380951729605,5.759769439697266,5.759769439697266,988400,0.0,0.0
2004-03-03 00:00:00-05:00,5.755272700536143,5.7889949152531,5.678835451817052,5.750776290893555,1129200,0.0,0.0
2004-03-04 00:00:00-05:00,5.755271517003633,5.845197547356585,5.74627869956777,5.800234317779541,784000,0.0,0.0
2004-03-05 00:00:00-05:00,5.788993275595652,5.833956501683827,5.735037661570504,5.786745071411133,422400,0.0,0.0
2004-03-08 00:00:00-05:00,5.7530239224147435,5.867679784067698,5.687827275497871,5.692323684692383,877600,0.0,0.0
2004-03-09 00:00:00-05:00,5.692324124352748,5.692324124352748,5.409056755237408,5.467508792877197,2092400,0.0,0.0
2004-03-10 00:00:00-05:00,5.512472959376653,5.665347479142923,5.465261508836463,5.480998516082764,986000,0.0,0.0
2004-03-11 00:00:00-05:00,5.480997357128742,5.480997357128742,5.20897102355957,5.20897102355957,1492000,0.0,0.0
2004-03-12 00:00:00-05:00,5.265175471473859,5.44727578343345,5.265175471473859,5.42254638671875,1624000,0.0,0.0
2004-03-15 00:00:00-05:00,5.530458462847445,5.5799176923391025,5.2494392363694375,5.305643081665039,1756000,0.0,0.0
2004-03-16 00:00:00-05:00,5.330371745765948,5.368590372440157,5.170753052998002,5.186490058898926,1317200,0.0,0.0
2004-03-17 00:00:00-05:00,5.3393643336742755,5.5034794292286,5.265175288505798,5.4877424240112305,1795600,0.0,0.0
2004-03-18 00:00:00-05:00,5.420299534469948,5.440532955159491,5.229206355069467,5.294402599334717,1091200,0.0,0.0
2004-03-19 00:00:00-05:00,5.296650443439463,5.3168838627484645,5.244943006894824,5.283161640167236,623200,0.0,0.0
2004-03-22 00:00:00-05:00,5.276414778714051,5.276414778714051,5.114547921926972,5.148270130157471,1544000,0.0,0.0
2004-03-23 00:00:00-05:00,5.2044739534753495,5.307889211356841,5.148270130157471,5.148270130157471,3972000,0.0,0.0
2004-03-24 00:00:00-05:00,5.125788244589377,5.157262675571304,5.0133806038852144,5.042606830596924,1230000,0.0,0.0
2004-03-25 00:00:00-05:00,5.0920671950151135,5.22021186592312,5.0875707854531305,5.2157158851623535,2639600,0.0,0.0
2004-03-26 00:00:00-05:00,5.215716869662596,5.4450282261919245,5.190987041204989,5.330372333526611,955200,0.0,0.0
2004-03-29 00:00:00-05:00,5.406807861786582,5.489989712509971,5.406807861786582,5.447274684906006,1964800,0.0,0.0
2004-03-30 00:00:00-05:00,5.418050355461739,5.478750606623814,5.328124295666783,5.406809329986572,1590400,0.0,0.0
2004-03-31 00:00:00-05:00,5.4068087711601995,5.66534675595099,5.382079375273317,5.543946266174316,1466400,0.0,0.0
2004-04-01 00:00:00-05:00,5.530457629942264,5.586661466773382,5.406808931633057,5.548442840576172,1223200,0.0,0.0
2004-04-02 00:00:00-05:00,5.631624943359022,5.766514253427774,5.631624943359022,5.694573402404785,967200,0.0,0.0
2004-04-05 00:00:00-04:00,5.699068244920284,5.744031050039261,5.600149387576647,5.676586627960205,1301200,0.0,0.0
2004-04-06 00:00:00-04:00,5.710309009934076,6.108232226995138,5.699068415518147,6.072261810302734,6208000,0.0,0.0
2004-04-07 00:00:00-04:00,6.0362920006842815,6.0362920006842815,5.872176904419872,5.950861930847168,2203200,0.0,0.0
2004-04-08 00:00:00-04:00,6.0250515568753755,6.0250515568753755,5.87892165668573,5.910396099090576,635600,0.0,0.0
2004-04-12 00:00:00-04:00,5.901401972397045,6.000320830284411,5.847446348676985,5.872176170349121,584400,0.0,0.0
2004-04-13 00:00:00-04:00,5.822718096889645,5.856440317206509,5.674339984454408,5.694573402404785,1505200,0.0,0.0
2004-04-14 00:00:00-04:00,5.694572878818494,5.8451991825990595,5.672091257740554,5.735039710998535,1052800,0.0,0.0
2004-04-15 00:00:00-04:00,5.746279106715119,5.762016109541774,5.602397447955794,5.685579299926758,3329200,0.0,0.0
2004-04-16 00:00:00-04:00,5.687828055723412,5.7777545367445455,5.575420383248236,5.771009922027588,1505600,0.0,0.0
2004-04-19 00:00:00-04:00,5.748529337487084,5.7530257481085085,5.627129252317839,5.717055320739746,912000,0.0,0.0
2004-04-20 00:00:00-04:00,5.766512518578295,5.867679577894174,5.667593663780676,5.685579299926758,710800,0.0,0.0
2004-04-21 00:00:00-04:00,5.721550340609214,5.912643028755883,5.658601893614261,5.858687400817871,1141200,0.0,0.0
2004-04-22 00:00:00-04:00,5.867680420902334,6.058773544397093,5.849695210973488,6.004817485809326,907200,0.0,0.0
2004-04-23 00:00:00-04:00,5.9486139645542355,5.9486139645542355,5.5889097470281115,5.649609565734863,1999600,0.0,0.0
2004-04-26 00:00:00-04:00,5.642863913479513,5.642863913479513,5.43603382774174,5.494485855102539,1872800,0.0,0.0
2004-04-27 00:00:00-04:00,5.485493663912737,5.512471690698406,5.321378584970052,5.359597206115723,2691600,0.0,0.0
2004-04-28 00:00:00-04:00,5.368588655749213,5.368588655749213,5.170751399568642,5.193233013153076,1832800,0.0,0.0
2004-04-29 00:00:00-04:00,5.215716959790462,5.226957557210177,4.995397562672826,5.107805252075195,1702400,0.0,0.0
2004-04-30 00:00:00-04:00,5.103308568259028,5.10555634439267,4.945937653226768,4.975163459777832,2327600,0.0,0.0
2004-05-03 00:00:00-04:00,4.993147697124868,5.053847932130633,4.838025446067238,4.91895866394043,2766400,0.0,0.0
2004-05-04 00:00:00-04:00,4.943689557434278,4.990901004506747,4.788566843912246,4.907719135284424,1196000,0.0,0.0
2004-05-05 00:00:00-04:00,4.99089973667087,5.031366129708855,4.916710706232842,4.968418121337891,1438000,0.0,0.0
2004-05-06 00:00:00-04:00,4.957176617391311,4.957176617391311,4.687398546023715,4.718872547149658,4398000,0.0,0.0
2004-05-07 00:00:00-04:00,4.718874199820916,4.763837441863353,4.595225927406097,4.599721908569336,2552800,0.0,0.0
2004-05-10 00:00:00-04:00,4.601968977816568,4.604217182243974,4.462583733726615,4.4963059425354,2882800,0.0,0.0
2004-05-11 00:00:00-04:00,4.498555234148899,4.617707524790572,4.482818228154977,4.514292240142822,2019200,0.0,0.0
2004-05-12 00:00:00-04:00,4.50080292204132,4.6042177660069195,4.419869267597839,4.554758548736572,3129600,0.0,0.0
2004-05-13 00:00:00-04:00,4.563750607525825,4.642436051545478,4.514291393845469,4.545765399932861,1535600,0.0,0.0
2004-05-14 00:00:00-04:00,4.561504505326164,4.595226728335008,4.453592791376003,4.4670820236206055,1286400,0.0,0.0
2004-05-17 00:00:00-04:00,4.428863779502338,4.467082416621748,4.329944878345976,4.395141124725342,1536000,0.0,0.0
2004-05-18 00:00:00-04:00,4.451343389264811,4.530028840998531,4.395139556426613,4.460336208343506,1676800,0.0,0.0
2004-05-19 00:00:00-04:00,4.485065999041596,4.631195877586553,4.480569589535299,4.5570068359375,3619600,0.0,0.0
2004-05-20 00:00:00-04:00,4.557006167181011,4.590728375926963,4.462583725411655,4.523283958435059,1149600,0.0,0.0
2004-05-21 00:00:00-04:00,4.552510625247697,4.626699670136722,4.509795590674855,4.563751220703125,1667200,0.0,0.0
2004-05-24 00:00:00-04:00,4.619956050220062,4.721123146304254,4.5300299808126265,4.606467247009277,2075600,0.0,0.0
2004-05-25 00:00:00-04:00,4.6087153481185625,4.721123039536089,4.53227808365054,4.687400817871094,2117200,0.0,0.0
2004-05-26 00:00:00-04:00,4.689649023155601,4.7098824419148615,4.655926372689294,4.687400817871094,776400,0.0,0.0
2004-05-27 00:00:00-04:00,4.716625355612204,4.790814394766785,4.653677339845406,4.691895961761475,845600,0.0,0.0
2004-05-28 00:00:00-04:00,4.6874003388357846,4.739107768691219,4.626700088761351,4.63119649887085,670000,0.0,0.0
2004-06-01 00:00:00-04:00,4.631195899877895,4.631195899877895,4.51878823448669,4.586232662200928,1236000,0.0,0.0
2004-06-02 00:00:00-04:00,4.642435979824881,4.743603038973109,4.55026173873479,4.709880828857422,1457200,0.0,0.0
2004-06-03 00:00:00-04:00,4.698640104227092,4.7098811275125625,4.552510231925524,4.5659990310668945,1410400,0.0,0.0
2004-06-04 00:00:00-04:00,4.676159383227284,4.743604249470758,4.574992727063987,4.732363224029541,1574000,0.0,0.0
2004-06-07 00:00:00-04:00,4.777326472171345,4.905471160699031,4.777326472171345,4.900974750518799,2351200,0.0,0.0
2004-06-08 00:00:00-04:00,4.918959533704335,5.148271287294166,4.912215347823083,5.056097030639648,2733600,0.0,0.0
2004-06-09 00:00:00-04:00,5.0808269383467835,5.226956828435262,5.035863697334369,5.058345317840576,2092400,0.0,0.0
2004-06-10 00:00:00-04:00,5.058344285356853,5.058344285356853,4.8919810136501445,4.903221607208252,1990800,0.0,0.0
2004-06-14 00:00:00-04:00,4.900974208641407,4.968419067484006,4.856011398214237,4.912215232849121,1139600,0.0,0.0
2004-06-15 00:00:00-04:00,4.91446300268046,4.995396225805947,4.869499767432042,4.954929828643799,1407200,0.0,0.0
2004-06-16 00:00:00-04:00,4.954930472966324,5.047104731290541,4.891982021193171,4.975163459777832,960000,0.0,0.0
2004-06-17 00:00:00-04:00,4.975163178240723,4.986404202279055,4.891981744363176,4.966170787811279,646800,0.0,0.0
2004-06-18 00:00:00-04:00,4.96617083415195,5.096563712604779,4.948185624324016,5.065089702606201,954400,0.0,0.0
2004-06-21 00:00:00-04:00,5.04710535957571,5.141527834588928,4.970668097479233,5.119046211242676,1233200,0.0,0.0
2004-06-22 00:00:00-04:00,5.114548051743765,5.121292665081512,5.0043886067008065,5.040359020233154,1076000,0.0,0.0
2004-06-23 00:00:00-04:00,5.069585954829954,5.159512437584486,5.002141521565303,5.157264232635498,1057200,0.0,0.0
2004-06-24 00:00:00-04:00,5.15726419612958,5.179745816659076,5.080826943610041,5.114549160003662,1199200,0.0,0.0
2004-06-25 00:00:00-04:00,5.137029446868071,5.1819922474526665,5.110051423476405,5.172999858856201,707200,0.0,0.0
2004-06-28 00:00:00-04:00,5.278664720631628,5.373087192037873,5.193235069740875,5.296649932861328,1349600,0.0,0.0
2004-06-29 00:00:00-04:00,5.294402055325133,5.391072737841777,5.260679833908034,5.305643081665039,1210000,0.0,0.0
2004-06-30 00:00:00-04:00,5.3056413548062515,5.368589366616422,5.283159738244976,5.366341590881348,1136400,0.0,0.0
2004-07-01 00:00:00-04:00,5.366342418283276,5.406808819771425,5.262927137676933,5.2651753425598145,1290800,0.0,0.0
2004-07-02 00:00:00-04:00,5.276416280384775,5.276416280384775,5.148271595358152,5.190986633300781,712000,0.0,0.0
2004-07-06 00:00:00-04:00,5.190986386463361,5.217963987922326,5.060593502608379,5.184241771697998,1295200,0.0,0.0
2004-07-07 00:00:00-04:00,5.1752500552076555,5.265176119791364,5.094316382681669,5.119046211242676,995600,0.0,0.0
2004-07-08 00:00:00-04:00,5.080827417303226,5.10106083478604,4.889734268188477,4.889734268188477,1224000,0.0,0.0
2004-07-09 00:00:00-04:00,4.923456603363898,4.966171644475457,4.840275155137559,4.878493785858154,1050000,0.0,0.0
2004-07-12 00:00:00-04:00,4.8964781239746875,5.065089624305481,4.878492914424784,4.979659557342529,906000,0.0,0.0
2004-07-13 00:00:00-04:00,4.9706668355065435,4.972915040150516,4.7391069027917165,4.745851516723633,1127600,0.0,0.0
2004-07-14 00:00:00-04:00,4.721120360920069,4.752594359443194,4.588479325999658,4.6941423416137695,2072400,0.0,0.0
2004-07-15 00:00:00-04:00,4.7211226273896,4.777326468191857,4.653678189947401,4.732363224029541,830000,0.0,0.0
2004-07-16 00:00:00-04:00,4.72786666004912,4.72786666004912,4.446847490667244,4.462584495544434,1311200,0.0,0.0
2004-07-19 00:00:00-04:00,4.518788618654912,4.62220347378213,4.462584781181098,4.527781009674072,1408000,0.0,0.0
2004-07-20 00:00:00-04:00,4.536772979124742,4.817792113819771,4.518787771656307,4.7953104972839355,1432400,0.0,0.0
2004-07-21 00:00:00-04:00,4.835777344311423,4.849266142776678,4.563750597654902,4.5727434158325195,2030000,0.0,0.0
2004-07-22 00:00:00-04:00,4.577240457027259,4.770581357733058,4.431110143068933,4.619955062866211,2315200,0.0,0.0
2004-07-23 00:00:00-04:00,4.628947672833404,4.69864030497616,4.552510426431203,4.5570068359375,1212400,0.0,0.0
2004-07-26 00:00:00-04:00,4.592977454969207,4.61096266497863,4.503051404922091,4.563751220703125,1156800,0.0,0.0
2004-07-27 00:00:00-04:00,4.561504018836292,4.6019704248503155,4.5008037666133305,4.579489231109619,1415200,0.0,0.0
2004-07-28 00:00:00-04:00,4.5749916052268675,4.5749916052268675,4.442350539154454,4.516539573669434,1040800,0.0,0.0
2004-07-29 00:00:00-04:00,4.572744649067957,4.777326600970103,4.563751828465042,4.7503485679626465,1147600,0.0,0.0
2004-07-30 00:00:00-04:00,4.721121432179838,4.721121432179838,4.58848036716212,4.682902812957764,913600,0.0,0.0
2004-08-02 00:00:00-04:00,4.682902781011908,4.682902781011908,4.4963060952126295,4.570495128631592,1006000,0.0,0.0
2004-08-03 00:00:00-04:00,4.570496311368168,4.583985113080064,4.500803668921887,4.507547855377197,820000,0.0,0.0
2004-08-04 00:00:00-04:00,4.521038238623255,4.705386814627345,4.451345149605994,4.653679370880127,1902800,0.0,0.0
2004-08-05 00:00:00-04:00,4.619954941601285,4.62220314639715,4.462584465101713,4.476073265075684,1291200,0.0,0.0
2004-08-06 00:00:00-04:00,4.47607281785731,4.536773054877256,4.323198337422414,4.3366875648498535,2024400,0.0,0.0
2004-08-09 00:00:00-04:00,4.338936460859336,4.406381329006116,4.213039973973815,4.244513988494873,1323200,0.0,0.0
2004-08-10 00:00:00-04:00,4.293972563173721,4.460335843303233,4.271490946118127,4.449095249176025,1192400,0.0,0.0
2004-08-11 00:00:00-04:00,4.417621214181127,4.56375109508561,4.33219157618813,4.503051280975342,1773600,0.0,0.0
2004-08-12 00:00:00-04:00,4.4918098847939865,4.494058089397129,4.372658042435736,4.451343059539795,1142400,0.0,0.0
2004-08-13 00:00:00-04:00,4.451342814282842,4.496306046265966,4.350176185522553,4.401883602142334,846400,0.0,0.0
2004-08-16 00:00:00-04:00,4.440103355096477,4.586233253174842,4.433358739935469,4.574992656707764,1057200,0.0,0.0
2004-08-17 00:00:00-04:00,4.588480269655144,4.669413915417587,4.574991471628456,4.62445068359375,566000,0.0,0.0
2004-08-18 00:00:00-04:00,4.608714962292361,4.829033916114031,4.552511121288796,4.802056312561035,942800,0.0,0.0
2004-08-19 00:00:00-04:00,4.784070604661885,4.790814790450375,4.595225684161993,4.633444309234619,888000,0.0,0.0
2004-08-20 00:00:00-04:00,4.6356939602493155,4.865005353419843,4.6334457546847245,4.817794322967529,494800,0.0,0.0
2004-08-23 00:00:00-04:00,4.820041524530125,4.8672525451485065,4.730115464684675,4.802056312561035,819600,0.0,0.0
2004-08-24 00:00:00-04:00,4.838026514654344,4.979659998816246,4.822289508503161,4.936944961547852,1158000,0.0,0.0
2004-08-25 00:00:00-04:00,4.945936935599437,5.05609638861801,4.860507304475241,5.051599979400635,908800,0.0,0.0
2004-08-26 00:00:00-04:00,5.060594158576853,5.265176116164345,5.047105356098913,5.231453895568848,1790800,0.0,0.0
2004-08-27 00:00:00-04:00,5.148271510075663,5.150519715067114,5.006638026024346,5.132534503936768,1747200,0.0,0.0
2004-08-30 00:00:00-04:00,5.134783340510253,5.355102311156697,5.058346076604131,5.305643081665039,2049200,0.0,0.0
2004-08-31 00:00:00-04:00,5.305641202815039,5.341611616762166,5.226955761505266,5.292152404785156,1939200,0.0,0.0
2004-09-01 00:00:00-04:00,5.294401219637857,5.301145834377206,5.103308518836617,5.15501594543457,1741600,0.0,0.0
2004-09-02 00:00:00-04:00,5.1550160015322035,5.294401277252301,5.123541990008552,5.226956844329834,1490400,0.0,0.0
2004-09-03 00:00:00-04:00,5.235949208680138,5.274167402891236,5.195482380925787,5.2561821937561035,1445200,0.0,0.0
2004-09-07 00:00:00-04:00,5.305643661653301,5.350606485524122,5.181994931205488,5.280913829803467,1658000,0.0,0.0
2004-09-08 00:00:00-04:00,5.26067883711389,5.325875491127945,5.186489792533099,5.289905071258545,2579200,0.0,0.0
2004-09-09 00:00:00-04:00,5.2674243029818655,5.332620538731966,5.213468664457241,5.330372333526611,2547200,0.0,0.0
2004-09-10 00:00:00-04:00,5.285408441550917,5.539449574903356,5.249438023178912,5.534953594207764,1531600,0.0,0.0
2004-09-13 00:00:00-04:00,5.534954564893269,5.568676784430863,5.4337874774792,5.507976531982422,1956000,0.0,0.0
2004-09-14 00:00:00-04:00,5.507975302669039,5.6203829619071835,5.4809972757793615,5.597901344299316,1332000,0.0,0.0
2004-09-15 00:00:00-04:00,5.615886821144171,5.615886821144171,5.474253352404551,5.534953594207764,1272400,0.0,0.0
2004-09-16 00:00:00-04:00,5.577667920434578,5.64286456848989,5.546193913125774,5.624879360198975,1099600,0.0,0.0
2004-09-17 00:00:00-04:00,5.665347478789561,5.665347478789561,5.487743131189445,5.5934062004089355,1190000,0.0,0.0
2004-09-20 00:00:00-04:00,5.59340585946133,5.6945729410164105,5.507976212993577,5.667594909667969,1516400,0.0,0.0
2004-09-21 00:00:00-04:00,5.710309512992341,5.777754371833147,5.6630984977248815,5.766513347625732,1221200,0.0,0.0
2004-09-22 00:00:00-04:00,5.7440314819340195,5.7440314819340195,5.577668190002441,5.577668190002441,2272400,0.0,0.0
2004-09-23 00:00:00-04:00,5.579915809740546,5.611389815270702,5.501230367113994,5.546193599700928,1388400,0.0,0.0
2004-09-24 00:00:00-04:00,5.548441742704565,5.57541933891674,5.4158006797247475,5.447274684906006,1112800,0.0,0.0
2004-09-27 00:00:00-04:00,5.440531058883754,5.537201288838106,5.305641777569052,5.449523448944092,1527600,0.0,0.0
2004-09-28 00:00:00-04:00,5.44952318004948,5.519215807582787,5.373085938702816,5.496734619140625,1467200,0.0,0.0
2004-09-29 00:00:00-04:00,5.496736255569393,5.68782898702493,5.433787794307928,5.629377365112305,2593200,0.0,0.0
2004-09-30 00:00:00-04:00,5.6293763219564115,5.640616917440974,5.521464632818942,5.570924282073975,1436000,0.0,0.0
2004-10-01 00:00:00-04:00,5.597901662448196,5.732790946960449,5.512472025244457,5.732790946960449,2844400,0.0,0.0
2004-10-04 00:00:00-04:00,5.759768668427443,5.858687100170373,5.755272259129712,5.83620548248291,1169200,0.0,0.0
2004-10-05 00:00:00-04:00,5.788994890256783,5.788994890256783,5.528209135329895,5.582164764404297,1449600,0.0,0.0
2004-10-06 00:00:00-04:00,5.582164394116273,5.7080608536053115,5.555186366968024,5.696820259094238,1143200,0.0,0.0
2004-10-07 00:00:00-04:00,5.665347646728662,5.665347646728662,5.534954745800527,5.541698932647705,1231200,0.0,0.0
2004-10-08 00:00:00-04:00,5.537201287635426,5.615886737452013,5.514720098088863,5.532705307006836,821600,0.0,0.0
2004-10-11 00:00:00-04:00,5.532705423847996,5.586661051741366,5.5057273955007044,5.537201404571533,917600,0.0,0.0
2004-10-12 00:00:00-04:00,5.480998629593808,5.559684096256169,5.436035812073385,5.525961875915527,1755200,0.0,0.0
2004-10-13 00:00:00-04:00,5.732790609944468,5.732790609944468,5.584412534344118,5.624879360198975,2947200,0.0,0.0
2004-10-14 00:00:00-04:00,5.624879042327481,5.687827053387791,5.503478571623456,5.546193599700928,1720400,0.0,0.0
2004-10-15 00:00:00-04:00,5.530456606367756,5.609142049128503,5.478749188965413,5.5192155838012695,1190800,0.0,0.0
2004-10-18 00:00:00-04:00,5.523713488846215,5.523713488846215,5.3393649568393355,5.436035633087158,1738000,0.0,0.0
2004-10-19 00:00:00-04:00,5.507976040087248,5.516968859854846,5.305642312130007,5.339364528656006,1246000,0.0,0.0
2004-10-20 00:00:00-04:00,5.294400908490977,5.294400908490977,5.1550156424792295,5.2157158851623535,2038400,0.0,0.0
2004-10-21 00:00:00-04:00,5.418048891399471,5.53045654296875,5.301144830855143,5.53045654296875,2633200,0.0,0.0
2004-10-22 00:00:00-04:00,5.732791434038561,5.818221078500703,5.597902138065639,5.649609565734863,2767600,0.0,0.0
2004-10-25 00:00:00-04:00,5.649609541157704,5.849695493687597,5.59790211371342,5.759769439697266,2016800,0.0,0.0
2004-10-26 00:00:00-04:00,5.811475549603611,6.025049825810394,5.6675934670377925,6.0003204345703125,2386400,0.0,0.0
2004-10-27 00:00:00-04:00,5.980088099973013,5.991328695396531,5.851943425419508,5.962102890014648,3360000,0.0,0.0
2004-10-28 00:00:00-04:00,6.002569854099684,6.061021466172968,5.9351249936438935,5.980088233947754,2896000,0.0,0.0
2004-10-29 00:00:00-04:00,5.991328740092162,6.043036165508048,5.92163610458374,5.92163610458374,1596800,0.0,0.0
2004-11-01 00:00:00-05:00,5.923885017483135,6.043036887787054,5.811477333769228,5.971096038818359,2361200,0.0,0.0
2004-11-02 00:00:00-05:00,6.020553954442945,6.3914991177537726,5.975590722429019,6.31056547164917,2548400,0.0,0.0
2004-11-03 00:00:00-05:00,6.283588756073599,6.339792589566919,6.139706650745872,6.182421684265137,2235200,0.0,0.0
2004-11-04 00:00:00-05:00,6.227385028846292,6.353281497955322,6.1599401702226775,6.353281497955322,1185200,0.0,0.0
2004-11-05 00:00:00-05:00,6.4072373964489895,6.474681829101638,6.353281764566621,6.389252185821533,1556400,0.0,0.0
2004-11-08 00:00:00-05:00,6.333048608794228,6.483674914778378,6.308318782366583,6.369019031524658,1783200,0.0,0.0
2004-11-09 00:00:00-05:00,6.440959769965463,6.499411813131516,6.398244732882338,6.492667198181152,1196800,0.0,0.0
2004-11-10 00:00:00-05:00,6.497163543683639,6.510652344649277,6.25211477733477,6.308318614959717,1143200,0.0,0.0
2004-11-11 00:00:00-05:00,6.317311267894474,6.461192951196437,6.294829647678233,6.443207740783691,1246000,0.0,0.0
2004-11-12 00:00:00-05:00,6.463440635692049,6.494914644179902,6.339792377660161,6.483674049377441,1015200,0.0,0.0
2004-11-15 00:00:00-05:00,6.483674346790266,6.688256268948111,6.425222307773565,6.605074405670166,4438800,0.0,0.0
2004-11-16 00:00:00-05:00,6.605074902916233,6.605074902916233,6.409485785329408,6.422974586486816,1892800,0.0,0.0
2004-11-17 00:00:00-05:00,6.422972945582424,6.519643591583046,6.391498941322183,6.485921382904053,1740000,0.0,0.0
2004-11-18 00:00:00-05:00,6.528638084627196,6.611819525461197,6.519645264644462,6.535382270812988,2755200,0.0,0.0
2004-11-19 00:00:00-05:00,6.535382090604868,6.537630295538558,6.326303748585311,6.362274169921875,1425600,0.0,0.0
2004-11-22 00:00:00-05:00,6.3622733823566024,6.526388891790749,6.3352957840942725,6.449951648712158,1268800,0.0,0.0
2004-11-23 00:00:00-05:00,6.497162146650359,6.652284825204764,6.470184550519864,6.61631441116333,2875600,0.0,0.0
2004-11-24 00:00:00-05:00,6.6163150117178375,6.627555606325645,6.436462496384529,6.494914531707764,1719200,0.0,0.0
2004-11-26 00:00:00-05:00,6.508403169039031,6.629803209228578,6.503906760083562,6.61631441116333,682000,0.0,0.0
2004-11-29 00:00:00-05:00,6.63205246571277,6.8726048085728,6.600578455634255,6.82988977432251,4872400,0.0,0.0
2004-11-30 00:00:00-05:00,6.823146364866866,7.05920232491347,6.791671922406383,7.020983695983887,3246000,0.0,0.0
2004-12-01 00:00:00-05:00,7.05920228132109,7.284018072131324,7.038968864436182,7.230062007904053,3237600,0.0,0.0
2004-12-02 00:00:00-05:00,7.2705288130630334,7.524570411262172,7.259288216527328,7.396425724029541,7308000,0.0,0.0
2004-12-03 00:00:00-05:00,7.430147513636656,7.562788611004077,7.385184269891292,7.396425724029541,7256800,0.0,0.0
2004-12-06 00:00:00-05:00,7.396425526995944,7.486351154488594,7.284017849428239,7.364950656890869,2651200,0.0,0.0
2004-12-07 00:00:00-05:00,7.346964437659379,7.346964437659379,7.128893311391263,7.266030788421631,2567200,0.0,0.0
2004-12-08 00:00:00-05:00,7.266031690491246,7.3604545788585645,7.189594440899592,7.2502946853637695,2019600,0.0,0.0
2004-12-09 00:00:00-05:00,7.2502946953162395,7.26153529076523,7.106413015323257,7.207580089569092,1949200,0.0,0.0
2004-12-10 00:00:00-05:00,7.149127552499485,7.2547910354319365,7.072690303536055,7.178353786468506,2199600,0.0,0.0
2004-12-13 00:00:00-05:00,7.182849130440898,7.223315953747228,7.137885898144718,7.189593315124512,2304000,0.0,0.0
2004-12-14 00:00:00-05:00,7.191842655618783,7.29975434441475,7.185098041068651,7.207580089569092,2029200,0.0,0.0
2004-12-15 00:00:00-05:00,7.2165721097562585,7.358206014846391,7.20308373814932,7.2795209884643555,2214800,0.0,0.0
2004-12-16 00:00:00-05:00,7.279520683936049,7.322235288241897,7.176105408329664,7.216571807861328,1381600,0.0,0.0
2004-12-17 00:00:00-05:00,7.216571658164815,7.245797890821739,7.117653222959923,7.126646041870117,1037200,0.0,0.0
2004-12-20 00:00:00-05:00,7.182850903789922,7.239054743635537,7.1671134684400855,7.171609878540039,1450400,0.0,0.0
2004-12-21 00:00:00-05:00,7.182851412682019,7.250295853754564,7.160369789390737,7.214325428009033,1853200,0.0,0.0
2004-12-22 00:00:00-05:00,7.214324153047005,7.302001996706579,7.18285014328228,7.261535167694092,3525200,0.0,0.0
2004-12-23 00:00:00-05:00,7.268279538995567,7.2727750906013995,7.173856660828124,7.212075710296631,769600,0.0,0.0
2004-12-27 00:00:00-05:00,7.214324488632048,7.295258150421772,7.131142621925804,7.187346458435059,1089600,0.0,0.0
2004-12-28 00:00:00-05:00,7.1895946041273495,7.288513046831903,7.1895946041273495,7.254791259765625,698000,0.0,0.0
2004-12-29 00:00:00-05:00,7.2570386295549865,7.3919283430753255,7.2390538489804,7.382935523986816,1451200,0.0,0.0
2004-12-30 00:00:00-05:00,7.418905727781398,7.4908465632001775,7.373942491244061,7.461620330810547,1684400,0.0,0.0
2004-12-31 00:00:00-05:00,7.463868958926353,7.569531578469994,7.436891360064403,7.5290656089782715,1701600,0.0,0.0
2005-01-03 00:00:00-05:00,7.576275527773065,7.64371994399373,7.355956644064343,7.373941421508789,2088400,0.0,0.0
2005-01-04 00:00:00-05:00,7.373943005720823,7.398672830421868,7.007494188938995,7.0277276039123535,1828800,0.0,0.0
2005-01-05 00:00:00-05:00,7.027726894526236,7.029975099163144,6.775933549608079,6.868107795715332,4795200,0.0,0.0
2005-01-06 00:00:00-05:00,6.901830216739943,7.014237872199543,6.654533288968587,6.721977710723877,2708000,0.0,0.0
2005-01-07 00:00:00-05:00,6.7444602639124644,6.8006640994450684,6.692752838134766,6.692752838134766,974400,0.0,0.0
2005-01-10 00:00:00-05:00,6.643292551261689,6.760196620869297,6.634300161415593,6.688255786895752,1193600,0.0,0.0
2005-01-11 00:00:00-05:00,6.721978289196277,6.895086196413468,6.699496670409423,6.836634159088135,1572400,0.0,0.0
2005-01-12 00:00:00-05:00,6.823145515498906,6.823145515498906,6.652285809130028,6.784926891326904,1717200,0.0,0.0
2005-01-13 00:00:00-05:00,6.784927711405835,6.890590777452052,6.695001652132325,6.710738658905029,1104800,0.0,0.0
2005-01-14 00:00:00-05:00,6.7669426018459875,6.924313100753259,6.755701576266073,6.910824298858643,971200,0.0,0.0
2005-01-18 00:00:00-05:00,6.9805159011921445,7.1918424337637274,6.942297277522828,7.0479607582092285,1997200,0.0,0.0
2005-01-19 00:00:00-05:00,7.065945876034898,7.065945876034898,6.782678509358974,6.807408332824707,1861200,0.0,0.0
2005-01-20 00:00:00-05:00,6.809658192531275,6.879350841561626,6.636550243803042,6.659031867980957,1743200,0.0,0.0
2005-01-21 00:00:00-05:00,6.66577549300042,6.74446095658753,6.483675167236915,6.488171577453613,2292000,0.0,0.0
2005-01-24 00:00:00-05:00,6.490418663274935,6.490418663274935,6.171180882564334,6.2183918952941895,3212800,0.0,0.0
2005-01-25 00:00:00-05:00,6.220640363603416,6.485922528663098,6.220640363603416,6.3375444412231445,1862000,0.0,0.0
2005-01-26 00:00:00-05:00,6.413982148831502,6.485922992884646,6.3757635218281115,6.463441371917725,1420800,0.0,0.0
2005-01-27 00:00:00-05:00,6.447704380928387,6.472434206929839,6.375763536707353,6.436463356018066,972400,0.0,0.0
2005-01-28 00:00:00-05:00,6.6208111769217375,6.643292365308301,6.443206872819853,6.528636932373047,1920000,0.0,0.0
2005-01-31 00:00:00-05:00,6.632052755891396,6.697249412536621,6.55336729845108,6.697249412536621,1491200,0.0,0.0
2005-02-01 00:00:00-05:00,6.661279349224418,6.677016785612336,6.5623608933081385,6.636549949645996,1439200,0.0,0.0
2005-02-02 00:00:00-05:00,6.620811936307454,6.789423441352962,6.573600491918071,6.719730377197266,1872400,0.0,0.0
2005-02-03 00:00:00-05:00,6.789422521981451,6.861363352450995,6.6680220489632145,6.762444496154785,1991200,0.0,0.0
2005-02-04 00:00:00-05:00,6.764693065771471,6.940049171105158,6.760196656424178,6.85686731338501,1818000,0.0,0.0
2005-02-07 00:00:00-05:00,6.901831697709874,7.176106281515718,6.901831697709874,7.002998352050781,2036400,0.0,0.0
2005-02-08 00:00:00-05:00,7.014238434714783,7.018734415404834,6.739963458964795,6.793919086456299,1056000,0.0,0.0
2005-02-09 00:00:00-05:00,6.834385610121022,6.872604231493458,6.501659040996984,6.546622276306152,1600400,0.0,0.0
2005-02-10 00:00:00-05:00,6.546622193722442,6.620811230885864,6.41847710334818,6.544373989105225,709600,0.0,0.0
2005-02-11 00:00:00-05:00,6.55336714447821,6.6095709800720215,6.407237257694546,6.6095709800720215,1548800,0.0,0.0
2005-02-14 00:00:00-05:00,6.609572376786166,6.634302206889669,6.551120323960548,6.623061180114746,810000,0.0,0.0
2005-02-15 00:00:00-05:00,6.665774311945728,6.692752339664622,6.49491461319594,6.5803446769714355,791200,0.0,0.0
2005-02-16 00:00:00-05:00,6.580344582827761,6.602826200805,6.494914520274497,6.521892547607422,938800,0.0,0.0
2005-02-17 00:00:00-05:00,6.524140259411693,6.598329292971045,6.440958407820339,6.465688228607178,850000,0.0,0.0
2005-02-18 00:00:00-05:00,6.452201548586202,6.497164367103786,6.395997703838243,6.429719924926758,578800,0.0,0.0
2005-02-22 00:00:00-05:00,6.373516449693773,6.452201922663096,6.3263049943916485,6.328553199768066,1069200,0.0,0.0
2005-02-23 00:00:00-05:00,6.36452157488584,6.436462408516578,6.3173105636161155,6.393747806549072,1212400,0.0,0.0
2005-02-24 00:00:00-05:00,6.400491743415859,6.56011083704322,6.339791935395312,6.512899398803711,934000,0.0,0.0
2005-02-25 00:00:00-05:00,6.530884265980878,6.663525326726478,6.40948422746864,6.6410441398620605,947200,0.0,0.0
2005-02-28 00:00:00-05:00,6.6320517841779925,6.6320517841779925,6.346536231573977,6.375762462615967,1142400,0.0,0.0
2005-03-01 00:00:00-05:00,6.42971770485083,6.778181250448914,6.42971770485083,6.755699634552002,1864000,0.0,0.0
2005-03-02 00:00:00-05:00,6.733219240788249,6.744459835660533,6.526389122009277,6.526389122009277,976800,0.0,0.0
2005-03-03 00:00:00-05:00,6.553366629675961,6.746707946147067,6.483673999078712,6.733219146728516,1242000,0.0,0.0
2005-03-04 00:00:00-05:00,6.771438799495318,6.931057498507501,6.757949569222902,6.834386825561523,812400,0.0,0.0
2005-03-07 00:00:00-05:00,6.8343858182005945,7.0457123445058265,6.789423010323681,6.901830673217773,1228400,0.0,0.0
2005-03-08 00:00:00-05:00,6.901830951461556,6.9670271755918565,6.6657745925867475,6.672519207000732,3018000,0.0,0.0
2005-03-09 00:00:00-05:00,6.672520375215788,6.7669428495368145,6.58709029288656,6.636549949645996,1429200,0.0,0.0
2005-03-10 00:00:00-05:00,6.638797505120395,6.638797505120395,6.510652394167821,6.5196452140808105,1180400,0.0,0.0
2005-03-11 00:00:00-05:00,6.542126680851737,6.634300938780886,6.4701858384486215,6.627556324005127,980800,0.0,0.0
2005-03-14 00:00:00-05:00,6.683759012544217,6.800663075767207,6.656781415678093,6.6770148277282715,883200,0.0,0.0
2005-03-15 00:00:00-05:00,6.7332187586624554,6.79391856694813,6.625307083129883,6.625307083129883,1094800,0.0,0.0
2005-03-16 00:00:00-05:00,6.627556796558005,6.656783033868915,6.4027414336180355,6.458945274353027,1667600,0.0,0.0
2005-03-17 00:00:00-05:00,6.50390737995868,6.580344624282104,6.39824390344037,6.564607620239258,1188000,0.0,0.0
2005-03-18 00:00:00-05:00,6.598330364284413,6.598330364284413,6.395996642526031,6.440959453582764,1169600,0.0,0.0
2005-03-21 00:00:00-05:00,6.43871073062857,6.526388998416581,6.360025710410251,6.481425762176514,969600,0.0,0.0
2005-03-22 00:00:00-05:00,6.463441390998754,6.686008538745691,6.463441390998754,6.492667198181152,1618800,0.0,0.0
2005-03-23 00:00:00-05:00,6.510651760081561,6.766941528224846,6.429718532753188,6.654533863067627,1369200,0.0,0.0
2005-03-24 00:00:00-05:00,6.627555837607664,6.665774460929604,6.571352005004883,6.571352005004883,856000,0.0,0.0
2005-03-28 00:00:00-05:00,6.5915860581797086,6.663526902278607,6.512900599146069,6.5196452140808105,557200,0.0,0.0
2005-03-29 00:00:00-05:00,6.54212683506203,6.609571269204433,6.418478134065952,6.5196452140808105,898400,0.0,0.0
2005-03-30 00:00:00-05:00,6.6050744384118225,6.764693551287368,6.593833843038024,6.730971336364746,6028000,0.0,0.0
2005-03-31 00:00:00-05:00,6.7332190404523935,6.7332190404523935,6.607322151862381,6.618563175201416,2314400,0.0,0.0
2005-04-01 00:00:00-05:00,6.618563717130545,6.728723182065784,6.551118857977529,6.607322692871094,1037200,0.0,0.0
2005-04-04 00:00:00-04:00,6.584840585633537,6.742211044155712,6.499410528354748,6.6770148277282715,1425200,0.0,0.0
2005-04-05 00:00:00-04:00,6.726474000710489,6.926559486668146,6.726474000710489,6.886092662811279,1486800,0.0,0.0
2005-04-06 00:00:00-04:00,6.967027101309214,7.061449558092158,6.940049501543354,7.0479607582092285,1465200,0.0,0.0
2005-04-07 00:00:00-04:00,7.036720385846145,7.059202006933447,6.9467943302981965,6.969275951385498,4256400,0.0,0.0
2005-04-08 00:00:00-04:00,7.0007482796006455,7.081681924525882,6.9198150634765625,6.9198150634765625,1221200,0.0,0.0
2005-04-11 00:00:00-04:00,6.935554208685062,6.982765230277437,6.778183279107907,6.800664901733398,1274000,0.0,0.0
2005-04-12 00:00:00-04:00,6.789422341314293,6.937800407409668,6.6455402554027465,6.937800407409668,1428400,0.0,0.0
2005-04-13 00:00:00-04:00,6.960282376073253,7.07493824525446,6.856867530616406,6.877100944519043,1109600,0.0,0.0
2005-04-14 00:00:00-04:00,6.877101861354328,6.967027919131835,6.760197771842936,6.7781829833984375,1594400,0.0,0.0
2005-04-15 00:00:00-04:00,6.778181362222555,6.892837219266463,6.74445915222168,6.74445915222168,1594800,0.0,0.0
2005-04-18 00:00:00-04:00,6.744459681808321,6.881597165888141,6.674767051827304,6.760196685791016,1316400,0.0,0.0
2005-04-19 00:00:00-04:00,6.737715789019164,6.793919625717426,6.708489982608616,6.766942024230957,1893200,0.0,0.0
2005-04-20 00:00:00-04:00,6.766940929693483,6.766940929693483,6.539877414703369,6.539877414703369,1870400,0.0,0.0
2005-04-21 00:00:00-04:00,6.542126784078487,6.562360199923778,6.351033650429216,6.503908157348633,2410000,0.0,0.0
2005-04-22 00:00:00-04:00,6.474680093430883,6.474680093430883,6.144201775942399,6.200405597686768,1787600,0.0,0.0
2005-04-25 00:00:00-04:00,6.249864153839061,6.288082765786468,6.209397766601588,6.222886562347412,1329600,0.0,0.0
2005-04-26 00:00:00-04:00,6.222888685277413,6.229632871050552,6.065517775618609,6.103736400604248,1154000,0.0,0.0
2005-04-27 00:00:00-04:00,6.070012742365341,6.090246152477316,5.912641870116898,6.0475311279296875,1760000,0.0,0.0
2005-04-28 00:00:00-04:00,6.018307091216672,6.114977761430061,5.962103253074121,5.973343849182129,1418000,0.0,0.0
2005-04-29 00:00:00-04:00,6.007065886451388,6.009314091365927,5.744031914667631,5.995825290679932,1982800,0.0,0.0
2005-05-02 00:00:00-04:00,6.0969915735447655,6.211647007640903,6.01830612699156,6.099239349365234,1498000,0.0,0.0
2005-05-03 00:00:00-04:00,6.103735859640225,6.191414126131342,6.085750651170467,6.11497688293457,1094400,0.0,0.0
2005-05-04 00:00:00-04:00,6.1149775953157635,6.184670232654964,6.058773758699998,6.1644368171691895,1213600,0.0,0.0
2005-05-05 00:00:00-04:00,6.1644374583979635,6.21164848024153,6.090248403500009,6.112730026245117,965200,0.0,0.0
2005-05-06 00:00:00-04:00,6.126217376023917,6.155443178503068,5.980087506025786,6.099239349365234,676800,0.0,0.0
2005-05-09 00:00:00-04:00,6.1217195222510155,6.225134766438564,6.072260318648935,6.222886562347412,1063200,0.0,0.0
2005-05-10 00:00:00-04:00,6.207152002018956,6.220640803066092,6.141955344155501,6.155444145202637,1661600,0.0,0.0
2005-05-11 00:00:00-04:00,6.193662279443313,6.2138956938050045,6.004817364601662,6.182421684265137,1350800,0.0,0.0
2005-05-12 00:00:00-04:00,6.182420442096126,6.193661035015848,5.998071973885441,6.063268184661865,1338000,0.0,0.0
2005-05-13 00:00:00-04:00,6.092496078163224,6.105984879115264,5.99582540893756,6.040788650512695,959200,0.0,0.0
2005-05-16 00:00:00-04:00,6.056525391981609,6.204903482379269,6.047532572538729,6.159940242767334,1182400,0.0,0.0
2005-05-17 00:00:00-04:00,6.14869997554553,6.211647999801571,6.141955360603274,6.168933391571045,1309600,0.0,0.0
2005-05-18 00:00:00-04:00,6.225135638192038,6.395995313836584,6.209398636151288,6.373513698577881,1511200,0.0,0.0
2005-05-19 00:00:00-04:00,6.3735148170530165,6.3915000266559385,6.276844154636853,6.378011226654053,1246000,0.0,0.0
2005-05-20 00:00:00-04:00,6.407236522901467,6.418477117210644,6.339792099444032,6.3914995193481445,714400,0.0,0.0
2005-05-23 00:00:00-04:00,6.393748564483552,6.440959581349814,6.3712669441086085,6.402740955352783,995200,0.0,0.0
2005-05-24 00:00:00-04:00,6.404988590120259,6.4072367948377495,6.326303140212887,6.344288349151611,1044800,0.0,0.0
2005-05-25 00:00:00-04:00,6.34203855021484,6.36452016293727,6.2566089364309265,6.270097732543945,1071200,0.0,0.0
2005-05-26 00:00:00-04:00,6.306070099089074,6.472433827601753,6.306070099089074,6.452200412750244,2554800,0.0,0.0
2005-05-27 00:00:00-04:00,6.467936018786436,6.517395228390648,6.39374698997955,6.454446792602539,1203200,0.0,0.0
2005-05-31 00:00:00-04:00,6.45220141140049,6.726476013570475,6.44096038540912,6.636549949645996,1576400,0.0,0.0
2005-06-01 00:00:00-04:00,6.643293759297396,6.766942465375109,6.546623514067396,6.668023586273193,1290800,0.0,0.0
2005-06-02 00:00:00-04:00,6.56910502760637,6.865861679387642,6.465690162119957,6.845628261566162,1407200,0.0,0.0
2005-06-03 00:00:00-04:00,6.823145590593819,6.823145590593819,6.6455412678394605,6.730971336364746,7026800,0.0,0.0
2005-06-06 00:00:00-04:00,6.730971189372762,6.865860474918746,6.6680227417709785,6.8388824462890625,1272400,0.0,0.0
2005-06-07 00:00:00-04:00,6.845626485034578,7.0164857463848,6.814152049479595,6.9063262939453125,4566000,0.0,0.0
2005-06-08 00:00:00-04:00,6.924313182971673,7.014239673473639,6.782679689393262,6.800664901733398,2112800,0.0,0.0
2005-06-09 00:00:00-04:00,6.800663105998435,6.863611546967834,6.753452096872265,6.789422512054443,2508800,0.0,0.0
2005-06-10 00:00:00-04:00,6.791668939374574,6.93330279623524,6.789421164072991,6.931054592132568,1384800,0.0,0.0
2005-06-13 00:00:00-04:00,6.84787457774767,6.890589609462655,6.717481706703005,6.775933742523193,1554800,0.0,0.0
2005-06-14 00:00:00-04:00,6.791670891551922,6.913071375184623,6.78267850135758,6.850122928619385,1427200,0.0,0.0
2005-06-15 00:00:00-04:00,6.872603864459379,6.890589071862301,6.791670216745644,6.886092662811279,1217200,0.0,0.0
2005-06-16 00:00:00-04:00,6.868107731802881,6.899582167625503,6.800663308528036,6.8793487548828125,624800,0.0,0.0
2005-06-17 00:00:00-04:00,6.879350946408203,6.933306587976734,6.778183850466381,6.832139492034912,1834400,0.0,0.0
2005-06-20 00:00:00-04:00,6.809657427664629,6.89283887033819,6.712986754718651,6.834386825561523,1496000,0.0,0.0
2005-06-21 00:00:00-04:00,6.8456275284495325,6.935553582024968,6.748956860055472,6.922064781188965,1098800,0.0,0.0
2005-06-22 00:00:00-04:00,6.922063798125559,6.946793191345985,6.85686715054174,6.935552597045898,749200,0.0,0.0
2005-06-23 00:00:00-04:00,6.901831581899057,6.9692760169946295,6.672519816492093,6.690505027770996,1382000,0.0,0.0
2005-06-24 00:00:00-04:00,6.6994965783808675,6.701744783108791,6.551118496747551,6.596081733703613,1068000,0.0,0.0
2005-06-27 00:00:00-04:00,6.6208115993972605,6.623059375338403,6.483674111722306,6.555614948272705,1285600,0.0,0.0
2005-06-28 00:00:00-04:00,6.598329779132372,6.877100726646636,6.598329779132372,6.85686731338501,1065600,0.0,0.0
2005-06-29 00:00:00-04:00,6.86361375462135,6.9715250348771125,6.755702045564277,6.854620933532715,630400,0.0,0.0
2005-06-30 00:00:00-04:00,6.856867277321696,6.870356076491436,6.688255786895752,6.688255786895752,911600,0.0,0.0
2005-07-01 00:00:00-04:00,6.7219795864993275,6.7804316351055665,6.614068310057639,6.679264545440674,914000,0.0,0.0
2005-07-05 00:00:00-04:00,6.683759905711071,6.760197155048197,6.620811885410774,6.703993320465088,741600,0.0,0.0
2005-07-06 00:00:00-04:00,6.703992678474431,6.7961669240598015,6.6545334631460715,6.699496269226074,901600,0.0,0.0
2005-07-07 00:00:00-04:00,6.632052866917328,6.717482511784729,6.494915365334162,6.645541667938232,1060000,0.0,0.0
2005-07-08 00:00:00-04:00,6.632052582196404,6.919816374029642,6.580345156501745,6.874853134155273,1254000,0.0,0.0
2005-07-11 00:00:00-04:00,6.886092033636193,7.063696315713554,6.886092033636193,6.96477746963501,1146400,0.0,0.0
2005-07-12 00:00:00-04:00,6.924311626929772,6.980515456462648,6.7781817559045345,6.951289653778076,1560000,0.0,0.0
2005-07-13 00:00:00-04:00,6.964779856427479,7.097420955160583,6.951291054685497,7.077187538146973,1186400,0.0,0.0
2005-07-14 00:00:00-04:00,7.1288943226734744,7.203083797533144,7.045712885869204,7.072690486907959,1425600,0.0,0.0
2005-07-15 00:00:00-04:00,7.072689488093777,7.232308153301699,7.00974147535879,7.223316192626953,3274000,0.0,0.0
2005-07-18 00:00:00-04:00,7.194089468940504,7.4683644043765955,7.194089468940504,7.319986343383789,2046400,0.0,0.0
2005-07-19 00:00:00-04:00,7.351461983931268,7.385183771261569,7.2952581474449465,7.326732158660889,945600,0.0,0.0
2005-07-20 00:00:00-04:00,7.576275082429098,7.749382950368062,7.445881808811866,7.693179130554199,3076400,0.0,0.0
2005-07-21 00:00:00-04:00,7.684186562766905,7.7741130204264,7.508830913693372,7.520071506500244,1645600,0.0,0.0
2005-07-22 00:00:00-04:00,7.328979739994362,7.533561665063337,7.328979739994362,7.475110054016113,1849600,0.0,0.0
2005-07-25 00:00:00-04:00,7.495344310453825,7.636978230665754,7.486351490020753,7.486351490020752,1366400,0.0,0.0
2005-07-26 00:00:00-04:00,7.488596685608477,7.722403906299957,7.488596685608477,7.6617045402526855,1583600,0.0,0.0
2005-07-27 00:00:00-04:00,7.6324802975084305,7.702172497952365,7.5178240038710085,7.580772876739502,1192400,0.0,0.0
2005-07-28 00:00:00-04:00,7.587515784475382,7.756127246352612,7.58526800899534,7.724653244018555,1086800,0.0,0.0
2005-07-29 00:00:00-04:00,7.7021749259903345,7.868538692841292,7.7021749259903345,7.864042282104492,2039600,0.0,0.0
2005-08-01 00:00:00-04:00,7.654961716013068,7.980944111819119,7.654961716013068,7.922492504119873,1648000,0.0,0.0
2005-08-02 00:00:00-04:00,7.935978275004363,8.003422679516724,7.832563464245266,7.89101505279541,1422800,0.0,0.0
2005-08-03 00:00:00-04:00,7.868538064545922,8.030405407735124,7.859545243790391,7.985442161560059,1539600,0.0,0.0
2005-08-04 00:00:00-04:00,7.947220779580052,7.987687603550949,7.722405472009444,7.749383926391602,1181200,0.0,0.0
2005-08-05 00:00:00-04:00,7.760627805836609,7.848305675692612,7.508834794885551,7.594264030456543,1051200,0.0,0.0
2005-08-08 00:00:00-04:00,7.596511018776368,7.618992211139184,7.416658907066287,7.574028968811035,1239200,0.0,0.0
2005-08-09 00:00:00-04:00,7.596509534630697,7.618990722601318,7.472861285587586,7.515575885772705,1245600,0.0,0.0
2005-08-10 00:00:00-04:00,7.511080532540375,7.789851933617492,7.479606521916057,7.547050952911377,1668400,0.0,0.0
2005-08-11 00:00:00-04:00,7.544803965233163,7.547051741540151,7.405417821328221,7.486351490020752,1444400,0.0,0.0
2005-08-12 00:00:00-04:00,7.484102986893952,7.486350762982648,7.279521058723641,7.463869571685791,1412000,0.0,0.0
2005-08-15 00:00:00-04:00,7.441387925193691,7.661707728308986,7.364950670007421,7.589766025543213,1606000,0.0,0.0
2005-08-16 00:00:00-04:00,7.610000371589252,7.79884532761535,7.569533534040614,7.71341609954834,1915600,0.0,0.0
2005-08-17 00:00:00-04:00,7.7179087146339596,7.958460987540314,7.605501078412217,7.95171594619751,2374800,0.0,0.0
2005-08-18 00:00:00-04:00,7.891018594871469,7.924741241065949,7.742640495300293,7.742640495300293,2380400,0.0,0.0
2005-08-19 00:00:00-04:00,7.740391902021232,7.780858730141896,7.578524589538574,7.578524589538574,949200,0.0,0.0
2005-08-22 00:00:00-04:00,7.59650914312731,7.758375574898791,7.549298136260725,7.6437201499938965,1148000,0.0,0.0
2005-08-23 00:00:00-04:00,7.643721807531765,7.697677868224144,7.560540369166734,7.621240615844727,3150400,0.0,0.0
2005-08-24 00:00:00-04:00,7.609997384853476,7.699923845801563,7.524568190315311,7.556042194366455,1296400,0.0,0.0
2005-08-25 00:00:00-04:00,7.6122496743258266,7.675197712662915,7.486352740048947,7.594264030456543,1405200,0.0,0.0
2005-08-26 00:00:00-04:00,7.612246949019352,7.7448880234582305,7.58751712635411,7.652713775634766,1308400,0.0,0.0
2005-08-29 00:00:00-04:00,7.607751005589893,7.6099987816051256,7.524569571387144,7.596510410308838,1381600,0.0,0.0
2005-08-30 00:00:00-04:00,7.598758952330542,7.636978009261808,7.328980350377453,7.409914016723633,1435200,0.0,0.0
2005-08-31 00:00:00-04:00,7.418905571652502,7.616743293691903,7.358205332244877,7.580772876739502,1623200,0.0,0.0
2005-09-01 00:00:00-04:00,7.580774403727604,7.596511410714021,7.360455448315212,7.387433052062988,6332400,0.0,0.0
2005-09-02 00:00:00-04:00,7.369446059986082,7.5088321785989125,7.302001634181192,7.349212646484375,1302400,0.0,0.0
2005-09-06 00:00:00-04:00,7.34921420793741,7.40991446133923,7.221069514401097,7.29525899887085,1730800,0.0,0.0
2005-09-07 00:00:00-04:00,7.326732490525869,7.418906752234377,7.257039421389182,7.3919291496276855,1094000,0.0,0.0
2005-09-08 00:00:00-04:00,7.351461662647429,7.351461662647429,7.2255647656832975,7.2750244140625,1381200,0.0,0.0
2005-09-09 00:00:00-04:00,7.266031849280266,7.266031849280266,7.09742034128471,7.198587417602539,1242400,0.0,0.0
2005-09-12 00:00:00-04:00,7.19858662543809,7.508832006137826,7.169360393806351,7.412161350250244,1850400,0.0,0.0
2005-09-13 00:00:00-04:00,7.418906791366869,7.418906791366869,7.1828508377075195,7.1828508377075195,1443600,0.0,0.0
2005-09-14 00:00:00-04:00,7.18509840452782,7.234558056128254,7.014239115293829,7.023231506347656,1300400,0.0,0.0
2005-09-15 00:00:00-04:00,7.023231506347656,7.151376187673776,6.989509289493611,7.023231506347656,1980400,0.0,0.0
2005-09-16 00:00:00-04:00,7.02547898504048,7.099668025970459,6.949041739379143,7.099668025970459,1683600,0.0,0.0
2005-09-19 00:00:00-04:00,7.099667516320028,7.099667516320028,6.865859815458421,6.904078006744385,1203200,0.0,0.0
2005-09-20 00:00:00-04:00,6.94679382603541,7.023231074902955,6.870356577167865,6.883845806121826,1122400,0.0,0.0
2005-09-21 00:00:00-04:00,6.883845409101492,6.883845409101492,6.483673978039279,6.5376296043396,3072000,0.0,0.0
2005-09-22 00:00:00-04:00,6.537629054401501,6.827641003771593,6.490418046160508,6.74445915222168,1859200,0.0,0.0
2005-09-23 00:00:00-04:00,6.7467090521243565,6.872605534538314,6.677016410102504,6.780431270599365,1305200,0.0,0.0
2005-09-26 00:00:00-04:00,6.7804304426469075,6.8343860713787,6.688256189963276,6.742211818695068,2067600,0.0,0.0
2005-09-27 00:00:00-04:00,6.726473834046827,6.8298886668510015,6.636547799260337,6.755699634552002,1367200,0.0,0.0
2005-09-28 00:00:00-04:00,6.800663458655949,6.818648667179685,6.656781790466057,6.661277770996094,1009200,0.0,0.0
2005-09-29 00:00:00-04:00,6.620811184531731,6.620811184531731,6.380258437787904,6.4184770584106445,3140800,0.0,0.0
2005-09-30 00:00:00-04:00,6.407236104101856,6.569102967100223,6.407236104101856,6.533132553100586,1762400,0.0,0.0
2005-10-03 00:00:00-04:00,6.607322411127426,6.625307620374408,6.551118578630455,6.598330020904541,870400,0.0,0.0
2005-10-04 00:00:00-04:00,6.596082097412873,6.820897436987132,6.596082097412873,6.607322692871094,1345600,0.0,0.0
2005-10-05 00:00:00-04:00,6.620811924747403,6.634300725063147,6.454448196047892,6.50840425491333,1422400,0.0,0.0
2005-10-06 00:00:00-04:00,6.564609082222188,6.728724202077419,6.535382843518422,6.679264545440674,1723200,0.0,0.0
2005-10-07 00:00:00-04:00,6.681511813747504,6.74895667366737,6.515148512027144,6.692752838134766,927200,0.0,0.0
2005-10-10 00:00:00-04:00,6.695000765031816,6.778182198037636,6.569103869929208,6.600578308105469,1064400,0.0,0.0
2005-10-11 00:00:00-04:00,6.609570952869675,6.627556163033626,6.346536986221129,6.384755611419678,1407600,0.0,0.0
2005-10-12 00:00:00-04:00,6.387003697831881,6.501659571301029,6.344288663684263,6.479177951812744,2887200,0.0,0.0
2005-10-13 00:00:00-04:00,6.481425615577975,6.553366448893947,6.384754960009191,6.490418434143066,1521600,0.0,0.0
2005-10-14 00:00:00-04:00,6.537629869357811,6.677015564551534,6.4432074123043135,6.656782150268555,1223200,0.0,0.0
2005-10-17 00:00:00-04:00,6.656781808376465,6.7017446154061835,6.501659116441125,6.591585159301758,995200,0.0,0.0
2005-10-18 00:00:00-04:00,6.593833571290256,6.6590302224148115,6.519644529997505,6.555614948272705,2318000,0.0,0.0
2005-10-19 00:00:00-04:00,6.557864320740919,6.6522867927269544,6.395997409679694,6.632053375244141,2204000,0.0,0.0
2005-10-20 00:00:00-04:00,6.7444598153369295,6.834385860447847,6.521892692886956,6.596081733703613,3105600,0.0,0.0
2005-10-21 00:00:00-04:00,6.607321840827385,6.832137151410705,6.607321840827385,6.748955726623535,1720400,0.0,0.0
2005-10-24 00:00:00-04:00,6.8321372083003755,6.978267504437268,6.744459373659184,6.973771095275879,1554800,0.0,0.0
2005-10-25 00:00:00-04:00,6.969274919437361,6.969274919437361,6.699496363938664,6.757948398590088,1924800,0.0,0.0
2005-10-26 00:00:00-04:00,6.742211093922028,6.800663125964975,6.659029669369461,6.735466480255127,1420800,0.0,0.0
2005-10-27 00:00:00-04:00,6.737716494347065,6.737716494347065,6.589338384235011,6.647790431976318,1536800,0.0,0.0
2005-10-28 00:00:00-04:00,6.688255325953166,6.818648185744071,6.650036706938529,6.74445915222168,888000,0.0,0.0
2005-10-31 00:00:00-05:00,6.793919608200832,7.137887242275798,6.778182602574091,7.088428020477295,2008400,0.0,0.0
2005-11-01 00:00:00-05:00,7.070443267648377,7.146880524613321,7.000750197073636,7.018735408782959,1396000,0.0,0.0
2005-11-02 00:00:00-05:00,7.104163539704506,7.504334926605225,7.09966713080872,7.504334926605225,4444800,0.0,0.0
2005-11-03 00:00:00-05:00,7.504336008874392,7.508832418418646,7.340220919720046,7.382935523986816,1812000,0.0,0.0
2005-11-04 00:00:00-05:00,7.39417601636121,7.457124033901732,7.317738770375253,7.450379848480225,1073600,0.0,0.0
2005-11-07 00:00:00-05:00,7.468366335582778,7.587518198790234,7.416658907066287,7.574028968811035,1490400,0.0,0.0
2005-11-08 00:00:00-05:00,7.574028905758064,7.576277539537136,7.358206373502667,7.3896803855896,1330800,0.0,0.0
2005-11-09 00:00:00-05:00,7.452627236982914,7.517823019571495,7.3537079601134,7.468364238739014,1854400,0.0,0.0
2005-11-10 00:00:00-05:00,7.508831653438918,7.756128149961986,7.497590201922316,7.708917140960693,2487200,0.0,0.0
2005-11-11 00:00:00-05:00,7.695429036853636,7.841559351873819,7.693181260783658,7.769618511199951,1526800,0.0,0.0
2005-11-14 00:00:00-05:00,7.769619399276498,7.801093413468522,7.567285225752669,7.684189319610596,1884400,0.0,0.0
2005-11-15 00:00:00-05:00,7.686436056852569,7.792099539586817,7.5425543785095215,7.5425543785095215,1647600,0.0,0.0
2005-11-16 00:00:00-05:00,7.5987577209467485,7.659457960869869,7.3874316267570075,7.652713775634766,1435600,0.0,0.0
2005-11-17 00:00:00-05:00,7.686436698794715,7.938230514526366,7.686436698794715,7.938230514526367,1768400,0.0,0.0
2005-11-18 00:00:00-05:00,8.014666346957894,8.014666346957894,7.733647202360525,7.884273052215576,2325600,0.0,0.0
2005-11-21 00:00:00-05:00,7.97420006502282,7.976447840987757,7.758376695484432,7.857295989990234,1576400,0.0,0.0
2005-11-22 00:00:00-05:00,7.8033394932543905,7.8145800876501905,7.598757587882258,7.717910289764404,1655200,0.0,0.0
2005-11-23 00:00:00-05:00,7.733648752935009,7.9786975304595895,7.733648752935009,7.931485652923584,1949600,0.0,0.0
2005-11-25 00:00:00-05:00,7.931485340538014,7.969704396314024,7.915748334513337,7.935981750488281,698400,0.0,0.0
2005-11-28 00:00:00-05:00,8.014665787035565,8.07761379659493,7.855046272277832,7.855046272277832,1724400,0.0,0.0
2005-11-29 00:00:00-05:00,7.875279466584606,7.965205927136425,7.859542464628381,7.902257919311523,1243200,0.0,0.0
2005-11-30 00:00:00-05:00,7.902260387427077,7.980945421783925,7.891018933145338,7.920245170593262,1599600,0.0,0.0
2005-12-01 00:00:00-05:00,7.965206534514607,8.246225673164988,7.947220897991853,8.199014663696289,1947600,0.0,0.0
2005-12-02 00:00:00-05:00,8.219248027582736,8.412588473449704,8.219248027582736,8.392355918884277,2386000,0.0,0.0
2005-12-05 00:00:00-05:00,8.369877065582381,8.372125699793274,8.273206376978123,8.320417404174805,1888800,0.0,0.0
2005-12-06 00:00:00-05:00,8.363130508851347,8.498019364799582,8.309174451910595,8.390108108520508,3634800,0.0,0.0
2005-12-07 00:00:00-05:00,8.39235611863424,8.511507961123584,8.293436831191883,8.399100303649902,1679600,0.0,0.0
2005-12-08 00:00:00-05:00,8.430577130572841,8.430577130572841,8.214754561854814,8.257469177246094,6687200,0.0,0.0
2005-12-09 00:00:00-05:00,8.284444494688326,8.29568594717152,8.048388571782331,8.190022468566895,1546400,0.0,0.0
2005-12-12 00:00:00-05:00,8.190021458049332,8.26870647010872,8.122577039483811,8.216999053955078,1130000,0.0,0.0
2005-12-13 00:00:00-05:00,7.924740887715025,7.94047789321009,7.8145809916470865,7.90001106262207,3237200,0.0,0.0
2005-12-14 00:00:00-05:00,7.931484829655805,7.980944478320435,7.902259453265299,7.9337334632873535,2592000,0.0,0.0
2005-12-15 00:00:00-05:00,8.003426101187461,8.142812235386588,7.962959269659005,8.12932300567627,2531600,0.0,0.0
2005-12-16 00:00:00-05:00,8.129323696164647,8.313672229851363,8.1225795095379,8.261964797973633,4201600,0.0,0.0
2005-12-19 00:00:00-05:00,8.217002464551017,8.217002464551017,8.00792407989502,8.00792407989502,1544000,0.0,0.0
2005-12-20 00:00:00-05:00,8.082108833720314,8.095597200563747,7.897760387641314,7.994431018829346,1954400,0.0,0.0
2005-12-21 00:00:00-05:00,8.03040476290232,8.082112191690689,7.933734091549384,7.980945110321045,2329600,0.0,0.0
2005-12-22 00:00:00-05:00,7.958461779930845,8.021409788049784,7.879775912179881,8.014665603637695,1795200,0.0,0.0
2005-12-23 00:00:00-05:00,8.01466652694261,8.102344364809584,7.909003051768365,7.944973468780518,1471200,0.0,0.0
2005-12-27 00:00:00-05:00,8.093353539055508,8.237235242533412,7.947223201559299,7.960712432861328,2116400,0.0,0.0
2005-12-28 00:00:00-05:00,7.960712432861328,8.037149695034289,7.652715607753777,7.960712432861328,1740000,0.0,0.0
2005-12-29 00:00:00-05:00,8.048386961727038,8.167539644913916,8.048386961727038,8.11583137512207,1877200,0.0,0.0
2005-12-30 00:00:00-05:00,8.115835228881572,8.115835228881572,7.922494714036402,8.03040599822998,1016000,0.0,0.0
2006-01-03 00:00:00-05:00,8.055133616413668,8.05738139234931,7.771865822787538,7.924740314483643,2075600,0.0,0.0
2006-01-04 00:00:00-05:00,7.980945229437323,8.136067518117644,7.9786974531966806,8.082112312316895,2772800,0.0,0.0
2006-01-05 00:00:00-05:00,8.100093608712278,8.100093608712278,7.888767571344249,7.994431018829346,4323600,0.0,0.0
2006-01-06 00:00:00-05:00,7.994432447854934,7.994432447854934,7.796594741966333,7.926987171173096,1547200,0.0,0.0
2006-01-09 00:00:00-05:00,7.870784456918423,8.082111419500285,7.857296085759539,8.055133819580078,1998800,0.0,0.0
2006-01-10 00:00:00-05:00,8.02590916211988,8.041646169963826,7.917997883645983,7.989938735961914,877200,0.0,0.0
2006-01-11 00:00:00-05:00,8.02590552447318,8.02590552447318,7.4863485190489145,7.497589111328125,3300000,0.0,0.0
2006-01-12 00:00:00-05:00,7.149126310213951,7.319986417078731,7.108659916736724,7.239052772521973,9614800,0.0,0.0
2006-01-13 00:00:00-05:00,7.288513269190555,7.335725144687655,7.027727925085108,7.135639190673828,4072800,0.0,0.0
2006-01-17 00:00:00-05:00,6.991758422668037,7.032225259785681,6.753454239287959,6.811905860900879,3967600,0.0,0.0
2006-01-18 00:00:00-05:00,6.75569970272803,7.052456263719942,6.710736899281616,6.937800407409668,3000000,0.0,0.0
2006-01-19 00:00:00-05:00,6.937800524714519,7.1288931929948225,6.913070703680102,6.942296504974365,2928000,0.0,0.0
2006-01-20 00:00:00-05:00,6.958033748823052,6.969274342370929,6.721977425107213,6.755699634552002,3000400,0.0,0.0
2006-01-23 00:00:00-05:00,6.789423492955456,6.8995829589663,6.755700848649063,6.874853134155273,1922800,0.0,0.0
2006-01-24 00:00:00-05:00,6.946793413718278,7.106412516456382,6.946793413718278,7.054704666137695,2392000,0.0,0.0
2006-01-25 00:00:00-05:00,7.0771869902402775,7.104165020436913,6.901831294766497,7.032224178314209,2310000,0.0,0.0
2006-01-26 00:00:00-05:00,7.059200597147322,7.124397242400012,6.9130707324652025,6.928807735443115,3328000,0.0,0.0
2006-01-27 00:00:00-05:00,6.969276544874056,6.969276544874056,6.744461172458764,6.845628261566162,2585600,0.0,0.0
2006-01-30 00:00:00-05:00,6.917569146461477,6.989509997383193,6.816402056852005,6.847876071929932,2555200,0.0,0.0
2006-01-31 00:00:00-05:00,7.1041647423335545,7.225564801462917,7.018734674056201,7.178353786468506,3661200,0.0,0.0
2006-02-01 00:00:00-05:00,7.209827811726808,7.236805412123229,6.958034873621158,7.052457332611084,2073600,0.0,0.0
2006-02-02 00:00:00-05:00,7.081683122849976,7.230061211119878,7.036719883882819,7.178353786468506,2375200,0.0,0.0
2006-02-03 00:00:00-05:00,7.149126846667506,7.151375051274021,6.987259974209034,7.1019158363342285,1759200,0.0,0.0
2006-02-06 00:00:00-05:00,7.0996689386829175,7.0996689386829175,6.890590588601424,6.944546222686768,1777600,0.0,0.0
2006-02-07 00:00:00-05:00,6.967027504920433,6.967027504920433,6.823145821030635,6.863612651824951,1485600,0.0,0.0
2006-02-08 00:00:00-05:00,6.863612663225202,6.989509136837886,6.863612663225202,6.976020336151123,1649200,0.0,0.0
2006-02-09 00:00:00-05:00,7.020981940512054,7.1356377986331445,6.969274522771513,7.095170974731445,1876800,0.0,0.0
2006-02-10 00:00:00-05:00,7.131141910124102,7.171608736979729,7.0007490395899685,7.1378865242004395,1667600,0.0,0.0
2006-02-13 00:00:00-05:00,7.151375679707212,7.266031551907888,7.0592014267461,7.092923641204834,1632800,0.0,0.0
2006-02-14 00:00:00-05:00,7.115403976399022,7.353708068211125,7.097418770013224,7.304249286651611,3746800,0.0,0.0
2006-02-15 00:00:00-05:00,7.302002372866985,7.403169450609795,7.239054350094788,7.385183811187744,4960400,0.0,0.0
2006-02-16 00:00:00-05:00,7.387432609413037,7.443636447454703,7.344717143635764,7.3896803855896,3310000,0.0,0.0
2006-02-17 00:00:00-05:00,7.17610552061176,7.387432055878236,7.17610552061176,7.205331325531006,1309200,0.0,0.0
2006-02-21 00:00:00-05:00,7.171609208465053,7.194090828062996,7.034472143639938,7.081683158874512,1182400,0.0,0.0
2006-02-22 00:00:00-05:00,7.137887481600046,7.2323095185263355,7.074939028181262,7.194091320037842,1132800,0.0,0.0
2006-02-23 00:00:00-05:00,7.250294651035086,7.362702320043382,7.209827821583903,7.248046875,2466800,0.0,0.0
2006-02-24 00:00:00-05:00,7.194090783532549,7.212076422140557,7.036719876122285,7.12214994430542,1604000,0.0,0.0
2006-02-27 00:00:00-05:00,7.1716091364706225,7.331228248092523,7.1716091364706225,7.2750244140625,1508400,0.0,0.0
2006-02-28 00:00:00-05:00,7.2525423401239175,7.281768573844387,7.144631510883152,7.205331325531006,2072000,0.0,0.0
2006-03-01 00:00:00-05:00,7.239053383020993,7.259286795866548,7.099667697729516,7.173856735229492,2074800,0.0,0.0
2006-03-02 00:00:00-05:00,7.158120802565086,7.1761060134739925,6.976020488512244,7.023231506347656,2265200,0.0,0.0
2006-03-03 00:00:00-05:00,7.011992059398004,7.014240264730192,6.811906072846548,6.832139492034912,3613600,0.0,0.0
2006-03-06 00:00:00-05:00,6.6185628352156956,6.872603946411422,6.6185628352156956,6.762444496154785,2084400,0.0,0.0
2006-03-07 00:00:00-05:00,6.751205054925629,6.897334945367916,6.688256603116088,6.809657096862793,2476800,0.0,0.0
2006-03-08 00:00:00-05:00,6.809654572195943,6.962528591967788,6.766939551847368,6.931054592132568,2665600,0.0,0.0
2006-03-09 00:00:00-05:00,6.92655956926358,6.93780059202518,6.7017442596456664,6.762444496154785,2030800,0.0,0.0
2006-03-10 00:00:00-05:00,6.807408302707602,6.843378720970687,6.7512044705713805,6.820897102355957,1373200,0.0,0.0
2006-03-13 00:00:00-05:00,6.8793497346796535,6.98276458893685,6.778182656557399,6.809657096862793,2275200,0.0,0.0
2006-03-14 00:00:00-05:00,6.823144551099395,6.96702620820978,6.823144551099395,6.937800407409668,2149600,0.0,0.0
2006-03-15 00:00:00-05:00,6.942296504974365,6.9917561470431995,6.879348493324823,6.942296504974365,3337200,0.0,0.0
2006-03-16 00:00:00-05:00,7.025478955355261,7.119901409667284,7.0209825459115445,7.113156795501709,2740400,0.0,0.0
2006-03-17 00:00:00-05:00,7.160368703255333,7.284017398200824,7.126646487834285,7.2795209884643555,4505200,0.0,0.0
2006-03-20 00:00:00-05:00,7.295258153089353,7.560540330118238,7.28401755730389,7.538058280944824,5998800,0.0,0.0
2006-03-21 00:00:00-05:00,7.598758845589249,7.742640535915753,7.562788423007624,7.589766025543213,5441600,0.0,0.0
2006-03-22 00:00:00-05:00,7.589767845422572,7.810087701366302,7.589767845422572,7.798846244812012,4935600,0.0,0.0
2006-03-23 00:00:00-05:00,7.801091496304382,7.812332090381582,7.654961200493712,7.697676658630371,6555200,0.0,0.0
2006-03-24 00:00:00-05:00,7.706669824239447,7.776362890578105,7.686436408696126,7.72015905380249,3514000,0.0,0.0
2006-03-27 00:00:00-05:00,7.756126962795858,7.917994234713001,7.753879187397992,7.870782375335693,3839200,0.0,0.0
2006-03-28 00:00:00-05:00,7.87303340794793,7.875281184030893,7.717911130149281,7.729151725769043,5042800,0.0,0.0
2006-03-29 00:00:00-05:00,7.774113983446982,7.978695885242831,7.7448877524469,7.967454433441162,2925600,0.0,0.0
2006-03-30 00:00:00-05:00,7.96970090606161,7.989934313175532,7.798840833188018,7.89101505279541,3682400,0.0,0.0
2006-03-31 00:00:00-05:00,7.924739488195692,8.082110372956922,7.924739488195692,7.96970272064209,4160400,0.0,0.0
2006-04-03 00:00:00-04:00,8.070871145477136,8.070871145477136,7.778610513903042,7.828070163726807,4545200,0.0,0.0
2006-04-04 00:00:00-04:00,7.87528277876647,7.967457053677658,7.801094146570953,7.888772010803223,3015200,0.0,0.0
2006-04-05 00:00:00-04:00,7.888772015757932,7.935983041512245,7.774116544982794,7.832568168640137,1666800,0.0,0.0
2006-04-06 00:00:00-04:00,7.832568264549552,7.868538692841292,7.711167747463934,7.864042282104492,1996800,0.0,0.0
2006-04-07 00:00:00-04:00,7.933732213402671,8.025906452918555,7.857294976418596,7.926987171173096,2635200,0.0,0.0
2006-04-10 00:00:00-04:00,7.9045077299752275,7.93373396581941,7.771866638193175,7.823574066162109,3270400,0.0,0.0
2006-04-11 00:00:00-04:00,7.82357361855689,7.859544038460044,7.64372151904112,7.670699119567871,2016000,0.0,0.0
2006-04-12 00:00:00-04:00,7.7561284983267855,7.801091733605678,7.612246831516235,7.706668853759766,1155200,0.0,0.0
2006-04-13 00:00:00-04:00,7.708918877256848,8.077615929341954,7.688685460613029,7.915748596191406,1895200,0.0,0.0
2006-04-17 00:00:00-04:00,8.066372942090153,8.104591130199514,7.762871782388091,7.789850234985352,3805600,0.0,0.0
2006-04-18 00:00:00-04:00,7.785355365547613,8.129322556950548,7.756129131589748,7.976448059082031,2996400,0.0,0.0
2006-04-19 00:00:00-04:00,7.992184019916765,8.102343898072041,7.870783547893157,7.958462238311768,2292400,0.0,0.0
2006-04-20 00:00:00-04:00,8.430575725860713,8.430575725860713,8.205760373171094,8.329408645629883,5373600,0.0,0.0
2006-04-21 00:00:00-04:00,8.430575377104297,8.63066089550451,8.430575377104297,8.48677921295166,4970000,0.0,0.0
2006-04-24 00:00:00-04:00,8.475538953909812,8.65314328806565,8.376619650024278,8.608180046081543,4569200,0.0,0.0
2006-04-25 00:00:00-04:00,8.576705875154124,8.794776179694773,8.47329016322493,8.659887313842773,3690800,0.0,0.0
2006-04-26 00:00:00-04:00,8.671126871646488,8.758804709713987,8.529492979136164,8.574456214904785,2404000,0.0,0.0
2006-04-27 00:00:00-04:00,8.583450520015699,8.850980489884728,8.565464879552636,8.70260238647461,1935200,0.0,0.0
2006-04-28 00:00:00-04:00,8.646394675044574,8.646394675044574,8.462046230852106,8.533987045288086,3345200,0.0,0.0
2006-05-01 00:00:00-04:00,8.53399032058527,8.623916801944597,8.36313103512553,8.405845642089844,3424400,0.0,0.0
2006-05-02 00:00:00-04:00,8.621669811735357,8.936411698888202,8.578955196628568,8.875711441040039,4444400,0.0,0.0
2006-05-03 00:00:00-04:00,8.891446208622813,8.895942618174875,8.711594114552538,8.866716384887695,5021200,0.0,0.0
2006-05-04 00:00:00-04:00,8.922919569177472,8.970131437240534,8.873460782905381,8.929664611816406,2620000,0.0,0.0
2006-05-05 00:00:00-04:00,8.907183715321784,8.952146955774387,8.871213294480196,8.936409950256348,1761600,0.0,0.0
2006-05-08 00:00:00-04:00,8.972379839985862,9.075794686583563,8.866716359817273,8.920672416687012,1939600,0.0,0.0
2006-05-09 00:00:00-04:00,8.949896799338012,9.102771261656537,8.947648166232069,9.089282035827637,2118000,0.0,0.0
2006-05-10 00:00:00-04:00,9.053315065059335,9.114015317953758,8.797025680129048,8.853229522705078,2179200,0.0,0.0
2006-05-11 00:00:00-04:00,8.835241930053636,8.835241930053636,8.628412246704102,8.628412246704102,2256800,0.0,0.0
2006-05-12 00:00:00-04:00,8.628413112951772,8.71384232590198,8.4148383653713,8.430575370788574,2630000,0.0,0.0
2006-05-15 00:00:00-04:00,8.498021963014608,8.907185923106233,8.493525552094594,8.862222671508789,2884000,0.0,0.0
2006-05-16 00:00:00-04:00,8.862221144627508,8.902687978332866,8.408094868783019,8.450809478759766,2424800,0.0,0.0
2006-05-17 00:00:00-04:00,8.437321512663738,8.581203228464677,8.23948458223878,8.320417404174805,3185200,0.0,0.0
2006-05-18 00:00:00-04:00,8.365380654763268,8.55422562115267,8.309176805928358,8.320417404174805,1359600,0.0,0.0
2006-05-19 00:00:00-04:00,8.340648708539108,8.601434466683337,8.282197097921633,8.536238670349121,3163200,0.0,0.0
2006-05-22 00:00:00-04:00,8.498019616881866,8.62166788143601,8.450808601659775,8.536238670349121,3532400,0.0,0.0
2006-05-23 00:00:00-04:00,8.610426259307344,8.824000976762186,8.610426259307344,8.673375129699707,3161200,0.0,0.0
2006-05-24 00:00:00-04:00,8.73182653554427,8.745315762666138,8.498018411045926,8.55647087097168,2903600,0.0,0.0
2006-05-25 00:00:00-04:00,8.644150796107033,8.677872585672633,8.542983712205146,8.560969352722168,2084400,0.0,0.0
2006-05-26 00:00:00-04:00,8.632910533216227,8.776792232502736,8.576706690832275,8.657639503479004,2990400,0.0,0.0
2006-05-30 00:00:00-04:00,8.659889250983273,8.76780053932417,8.41034402149377,8.435073852539062,3476800,0.0,0.0
2006-05-31 00:00:00-04:00,8.493522459990173,8.767797423041145,8.493522459990173,8.709345817565918,3459200,0.0,0.0
2006-06-01 00:00:00-04:00,8.765548509474689,8.990363798834261,8.765548509474689,8.95439338684082,1836000,0.0,0.0
2006-06-02 00:00:00-04:00,8.952147311883786,8.970132951821276,8.765551014346176,8.835243225097656,2006800,0.0,0.0
2006-06-05 00:00:00-04:00,8.79027879022634,8.792527423714699,8.55422287249028,8.603682518005371,3327200,0.0,0.0
2006-06-06 00:00:00-04:00,8.689115591689903,8.765552862334001,8.394607107642972,8.693611145019531,2606800,0.0,0.0
2006-06-07 00:00:00-04:00,8.770046193709675,8.94765052132697,8.686864756543054,8.711594581604004,2886800,0.0,0.0
2006-06-08 00:00:00-04:00,8.686863526404915,8.686863526404915,8.196766077188693,8.509259223937988,2955200,0.0,0.0
2006-06-09 00:00:00-04:00,8.509260632090824,8.677872144147596,8.444064832540104,8.464298248291016,1156800,0.0,0.0
2006-06-12 00:00:00-04:00,8.516006961322926,8.516006961322926,8.043894141732103,8.052886962890625,2428000,0.0,0.0
2006-06-13 00:00:00-04:00,8.052885728031391,8.136067166985793,7.78535577160913,7.84830379486084,4010000,0.0,0.0
2006-06-14 00:00:00-04:00,7.873032135974122,8.158547678120797,7.873032135974122,8.084358215332031,2067600,0.0,0.0
2006-06-15 00:00:00-04:00,8.08435951599472,8.596939080414348,8.012418674953803,8.540735244750977,2427200,0.0,0.0
2006-06-16 00:00:00-04:00,8.542983055114746,8.76555062257993,8.477786399659013,8.542983055114746,3606000,0.0,0.0
2006-06-19 00:00:00-04:00,8.58794698835022,8.677872618467537,8.46205007706292,8.507013320922852,2232000,0.0,0.0
2006-06-20 00:00:00-04:00,8.516006050099815,8.864469685481506,8.500269043557596,8.70035457611084,1977200,0.0,0.0
2006-06-21 00:00:00-04:00,8.700353209430183,8.931912718693718,8.680119795968157,8.772294044494629,1894000,0.0,0.0
2006-06-22 00:00:00-04:00,8.734073823227819,8.853226512140552,8.664381630998216,8.794774055480957,2240400,0.0,0.0
2006-06-23 00:00:00-04:00,8.74981242138393,8.821754117535695,8.614923563504561,8.75655746459961,1357600,0.0,0.0
2006-06-26 00:00:00-04:00,8.779037983738087,8.87795727238117,8.619419314012504,8.84873104095459,1853600,0.0,0.0
2006-06-27 00:00:00-04:00,8.857722084858523,8.900436677922372,8.51600276754111,8.547476768493652,2075200,0.0,0.0
2006-06-28 00:00:00-04:00,8.587945018547407,8.623915433864369,8.221495822904249,8.338399887084961,3166000,0.0,0.0
2006-06-29 00:00:00-04:00,8.40809600716729,8.83974114832877,8.392358998329277,8.821756362915039,2282400,0.0,0.0
2006-06-30 00:00:00-04:00,8.826252241751371,8.862222671508789,8.52724820519335,8.862222671508789,3097200,0.0,0.0
2006-07-03 00:00:00-04:00,8.891446260736757,8.891446260736757,8.709346389624356,8.78353500366211,1015200,0.0,0.0
2006-07-05 00:00:00-04:00,8.767800157399744,8.927418877517514,8.529495536692439,8.875711441040039,2550400,0.0,0.0
2006-07-06 00:00:00-04:00,8.880207398176585,8.89819303999936,8.610428774053233,8.664384841918945,2226000,0.0,0.0
2006-07-07 00:00:00-04:00,8.630661440038782,8.815009964641032,8.502516754829962,8.671128273010254,1888800,0.0,0.0
2006-07-10 00:00:00-04:00,8.745316927858005,9.037576693619318,8.722834879659473,8.927416801452637,2429200,0.0,0.0
2006-07-11 00:00:00-04:00,8.880204274963527,8.913926912719498,8.655388976863183,8.909430503845215,2513600,0.0,0.0
2006-07-12 00:00:00-04:00,8.880206827260816,8.958891861170208,8.621668817097014,8.677872657775879,1607200,0.0,0.0
2006-07-13 00:00:00-04:00,8.655389279309915,8.655389279309915,8.115832201974339,8.138314247131348,2227600,0.0,0.0
2006-07-14 00:00:00-04:00,8.109089423591104,8.109089423591104,7.583021482113555,7.634728908538818,4808000,0.0,0.0
2006-07-17 00:00:00-04:00,7.63472805688918,7.841558597120886,7.553794404520357,7.733647346496582,2906000,0.0,0.0
2006-07-18 00:00:00-04:00,7.722406235020407,7.915747555850558,7.6527140316530895,7.897762775421143,3341200,0.0,0.0
2006-07-19 00:00:00-04:00,7.9719495780718725,8.24622449255968,7.933731392336216,8.221494674682617,3344800,0.0,0.0
2006-07-20 00:00:00-04:00,8.221494444650135,8.22599085301127,7.929234761994043,7.95171594619751,3127600,0.0,0.0
2006-07-21 00:00:00-04:00,7.951718413313836,7.951718413313836,7.663955049736833,7.814580917358398,2243600,0.0,0.0
2006-07-24 00:00:00-04:00,7.958463678913921,8.111338184482392,7.913500437699224,8.070871353149414,1982000,0.0,0.0
2006-07-25 00:00:00-04:00,8.073117925455751,8.408093122072366,8.025906915141373,8.399100303649902,3296400,0.0,0.0
2006-07-26 00:00:00-04:00,8.511508199390148,8.632908678684712,8.351889527133808,8.574456214904785,3606000,0.0,0.0
2006-07-27 00:00:00-04:00,9.237663351096835,9.237663351096835,8.275453866564627,8.36987590789795,2450800,0.0,0.0
2006-07-28 00:00:00-04:00,8.441818162303521,8.725086048702664,8.383366535206784,8.720589637756348,1945200,0.0,0.0
2006-07-31 00:00:00-04:00,8.630661932601484,8.63291056656297,8.333905712276124,8.347394943237305,1964400,0.0,0.0
2006-08-01 00:00:00-04:00,8.284443419742443,8.286692052988277,8.00792070506385,8.04838752746582,2256000,0.0,0.0
2006-08-02 00:00:00-04:00,8.093353466748537,8.255220810516338,8.079864235567022,8.212505340576172,2459200,0.0,0.0
2006-08-03 00:00:00-04:00,8.15630018128181,8.666631101020789,8.100096346829533,8.621667861938477,2268000,0.0,0.0
2006-08-04 00:00:00-04:00,8.718338911233879,8.812761803241326,8.320415642807655,8.491275787353516,2607200,0.0,0.0
2006-08-07 00:00:00-04:00,8.349642065649611,8.457553332079682,8.219249606980885,8.385612487792969,1606000,0.0,0.0
2006-08-08 00:00:00-04:00,8.441815834176793,8.486779073637086,8.16079665955305,8.174285888671875,991600,0.0,0.0
2006-08-09 00:00:00-04:00,8.250722201070207,8.255218610265626,7.8483025829052036,7.868535995483398,2747200,0.0,0.0
2006-08-10 00:00:00-04:00,7.823572245455905,8.216999019298107,7.643720177505645,8.104591369628906,3413200,0.0,0.0
2006-08-11 00:00:00-04:00,8.102345315397166,8.124826507066416,7.663955217026876,7.72015905380249,1996800,0.0,0.0
2006-08-14 00:00:00-04:00,7.879778548554702,8.091105545262597,7.879778548554702,7.996682643890381,2755600,0.0,0.0
2006-08-15 00:00:00-04:00,8.149557079615697,8.237234935807566,8.079864006887576,8.147309303283691,1926400,0.0,0.0
2006-08-16 00:00:00-04:00,8.230487956488654,8.43506983738636,8.221495139006885,8.428325653076172,1228400,0.0,0.0
2006-08-17 00:00:00-04:00,8.428328285635699,8.542983742732515,8.36987581134905,8.450809478759766,2039600,0.0,0.0
2006-08-18 00:00:00-04:00,8.450809707136202,8.450809707136202,8.167542721146178,8.259716987609863,1238000,0.0,0.0
2006-08-21 00:00:00-04:00,8.205758500564613,8.205758500564613,8.007920795216872,8.133817672729492,995200,0.0,0.0
2006-08-22 00:00:00-04:00,8.084357906093269,8.160795141678008,7.92698702605383,8.04613971710205,2562400,0.0,0.0
2006-08-23 00:00:00-04:00,8.082108917356667,8.214749957503406,8.010168101440012,8.205757141113281,1760800,0.0,0.0
2006-08-24 00:00:00-04:00,8.248475234533512,8.248475234533512,8.059630298175795,8.14056396484375,1302800,0.0,0.0
2006-08-25 00:00:00-04:00,8.127073396626232,8.167540219028202,8.025906340621306,8.04838752746582,1028400,0.0,0.0
2006-08-28 00:00:00-04:00,8.102347094367898,8.336155312514544,8.059631620174125,8.23498821258545,1090000,0.0,0.0
2006-08-29 00:00:00-04:00,8.318168279828958,8.49577261919586,8.228241793222226,8.363131523132324,1495200,0.0,0.0
2006-08-30 00:00:00-04:00,8.340647797084323,8.56096755924941,8.275452007874616,8.482281684875488,1174000,0.0,0.0
2006-08-31 00:00:00-04:00,8.498021650522778,8.610429346581553,8.430577204408046,8.513758659362793,1116000,0.0,0.0
2006-09-01 00:00:00-04:00,8.558720054228086,8.563216464008171,8.381115727125827,8.48677921295166,548800,0.0,0.0
2006-09-05 00:00:00-04:00,8.567711958302354,8.655389795639202,8.482281896814131,8.5452299118042,1893200,0.0,0.0
2006-09-06 00:00:00-04:00,8.500266566648003,8.50251434224082,8.273202639670535,8.293436050415039,1304400,0.0,0.0
2006-09-07 00:00:00-04:00,8.273205594489097,8.394606102314947,8.106842697930052,8.212505340576172,1514400,0.0,0.0
2006-09-08 00:00:00-04:00,8.214754070530573,8.327161758881775,8.064127322186607,8.300183296203613,1884000,0.0,0.0
2006-09-11 00:00:00-04:00,8.259718484780558,8.261966261520127,7.926990925544589,8.163047790527344,2055200,0.0,0.0
2006-09-12 00:00:00-04:00,8.163044114210617,8.367626009484633,8.149554887040054,8.306925773620605,3990000,0.0,0.0
2006-09-13 00:00:00-04:00,8.349638601095617,8.560965493903195,8.347390825845435,8.533987045288086,3424800,0.0,0.0
2006-09-14 00:00:00-04:00,8.475538262453018,8.635156943752095,8.430575024137132,8.531742095947266,2761200,0.0,0.0
2006-09-15 00:00:00-04:00,8.551976597514496,8.644150861858998,8.426079685745341,8.453057289123535,2830000,0.0,0.0
2006-09-18 00:00:00-04:00,8.392358423950098,8.52499867290602,8.268709280681692,8.300183296203613,1675600,0.0,0.0
2006-09-19 00:00:00-04:00,8.295685798719918,8.637404336513056,8.284444346437889,8.60593032836914,2147200,0.0,0.0
2006-09-20 00:00:00-04:00,8.682368808921307,8.850980325927717,8.662135392576438,8.75430965423584,1604000,0.0,0.0
2006-09-21 00:00:00-04:00,8.754309772414953,8.830747028793825,8.457553567085803,8.475539207458496,1734800,0.0,0.0
2006-09-22 00:00:00-04:00,8.399098722858664,8.605928362033772,8.381113089398808,8.547476768493652,1075600,0.0,0.0
2006-09-25 00:00:00-04:00,8.632911243775533,8.76780013355845,8.44406628351786,8.761055946350098,1510800,0.0,0.0
2006-09-26 00:00:00-04:00,8.779038275151837,8.877957567078473,8.684616250242673,8.830745697021484,1036800,0.0,0.0
2006-09-27 00:00:00-04:00,8.808267507202801,8.91168238616002,8.630663134035384,8.720589637756348,1217200,0.0,0.0
2006-09-28 00:00:00-04:00,8.722834008641913,8.810511843855002,8.520500740673791,8.648645401000977,774400,0.0,0.0
2006-09-29 00:00:00-04:00,8.684616327561054,8.821753814333062,8.540734655407604,8.55197525024414,1298400,0.0,0.0
2006-10-02 00:00:00-04:00,8.603684582996642,8.877959617442617,8.547480738731656,8.776792526245117,1376800,0.0,0.0
2006-10-03 00:00:00-04:00,8.866714780198036,9.298360585450279,8.853226411585398,9.179208755493164,3817600,0.0,0.0
2006-10-04 00:00:00-04:00,9.179211274327743,9.462478241753026,9.176962640540411,9.424259185791016,3906400,0.0,0.0
2006-10-05 00:00:00-04:00,9.379297255275256,9.381545031568876,9.111766423399015,9.32309341430664,2841600,0.0,0.0
2006-10-06 00:00:00-04:00,9.251151195129586,9.305106394203971,9.044320645071306,9.11626148223877,1955600,0.0,0.0
2006-10-09 00:00:00-04:00,9.060057122914882,9.145487183685866,8.871212221927767,9.100523948669434,2042400,0.0,0.0
2006-10-10 00:00:00-04:00,9.156727908608989,9.284872572791546,9.078042889410012,9.244405746459961,2959600,0.0,0.0
2006-10-11 00:00:00-04:00,9.228669654019193,9.262392298493335,9.066803190309738,9.185955047607422,2469600,0.0,0.0
2006-10-12 00:00:00-04:00,9.23091544792758,9.610852951787777,9.22192263115401,9.577130317687988,2252000,0.0,0.0
2006-10-13 00:00:00-04:00,9.579381728855244,9.579381728855244,9.354566389929198,9.460229873657227,1709600,0.0,0.0
2006-10-16 00:00:00-04:00,9.50069446665116,9.71651781247144,9.365805625915527,9.365805625915527,1620400,0.0,0.0
2006-10-17 00:00:00-04:00,9.264639550681736,9.354566025792654,9.073546863074068,9.226421356201172,3486400,0.0,0.0
2006-10-18 00:00:00-04:00,9.32759277688679,9.480466483714999,9.125258542315475,9.469225883483887,2198000,0.0,0.0
2006-10-19 00:00:00-04:00,9.471470753300157,9.588374835962018,9.29611420050612,9.32983684539795,2292800,0.0,0.0
2006-10-20 00:00:00-04:00,9.361308619226717,9.887376436673863,9.329834615571276,9.736750602722168,2864000,0.0,0.0
2006-10-23 00:00:00-04:00,10.11444431011471,10.307784816271786,9.887380296358751,10.017773628234863,6408000,0.0,0.0
2006-10-24 00:00:00-04:00,9.374799021411404,9.446739855248419,8.994860581507131,9.298361778259277,10514400,0.0,0.0
2006-10-25 00:00:00-04:00,9.29836203411662,9.29836203411662,8.779038321563515,8.913928031921387,4504400,0.0,0.0
2006-10-26 00:00:00-04:00,8.916176850195587,9.307355941081525,8.916176850195587,9.199443817138672,2402800,0.0,0.0
2006-10-27 00:00:00-04:00,9.199441377338985,9.199441377338985,8.952144898095273,8.988115310668945,2479200,0.0,0.0
2006-10-30 00:00:00-05:00,9.051065327313324,9.246655293099396,9.028584136065543,9.185955047607422,2463200,0.0,0.0
2006-10-31 00:00:00-05:00,9.275883928829305,9.318599407849545,8.95664644142949,9.026339530944824,2602800,0.0,0.0
2006-11-01 00:00:00-05:00,9.071298436130215,9.093780484221226,8.848731734445094,8.868965148925781,2262000,0.0,0.0
2006-11-02 00:00:00-05:00,8.801518652597832,8.868963065824946,8.641899150250895,8.668877601623535,2505200,0.0,0.0
2006-11-03 00:00:00-05:00,8.680119762163965,8.75655700632256,8.542982277855687,8.603682518005371,1955200,0.0,0.0
2006-11-06 00:00:00-05:00,8.648645467261282,8.976875622277099,8.621667011910283,8.929664611816406,2041200,0.0,0.0
2006-11-07 00:00:00-05:00,8.92966322643446,9.174711916772837,8.925166817906884,9.084785461425781,1928800,0.0,0.0
2006-11-08 00:00:00-05:00,9.062308882941002,9.138746151559904,8.7857860499498,8.967885971069336,2965600,0.0,0.0
2006-11-09 00:00:00-05:00,8.812763541406843,8.877960210937273,8.70710003269219,8.821756362915039,2006400,0.0,0.0
2006-11-10 00:00:00-05:00,8.877958931768209,9.102774291464918,8.859973291343254,9.093781471252441,1848800,0.0,0.0
2006-11-13 00:00:00-05:00,9.20618853708281,9.381544231517868,9.190451531561841,9.271385192871094,2706000,0.0,0.0
2006-11-14 00:00:00-05:00,9.242157181462916,9.363557650091977,8.943152418832343,9.359061241149902,2662800,0.0,0.0
2006-11-15 00:00:00-05:00,9.667060271434005,9.99304270792147,9.65357104138812,9.846912384033203,4098000,0.0,0.0
2006-11-16 00:00:00-05:00,9.889626443769341,9.993041286604807,9.525425002753733,9.750240325927734,3854000,0.0,0.0
2006-11-17 00:00:00-05:00,9.750244128119638,9.831177813239453,9.482714097953796,9.635588645935059,2150800,0.0,0.0
2006-11-20 00:00:00-05:00,9.601863524444719,9.628841984288753,9.43550064341907,9.480463027954102,1711600,0.0,0.0
2006-11-21 00:00:00-05:00,9.478213876134303,9.736751837700025,9.455732687129625,9.662562370300293,2014400,0.0,0.0
2006-11-22 00:00:00-05:00,9.725509641575877,9.855902929114361,9.694035636336194,9.83566951751709,1590400,0.0,0.0
2006-11-24 00:00:00-05:00,9.819932406498861,9.867143413837242,9.660313748772538,9.804195404052734,365600,0.0,0.0
2006-11-27 00:00:00-05:00,9.712022984268716,9.725511355976394,9.116261982575347,9.185955047607422,2902800,0.0,0.0
2006-11-28 00:00:00-05:00,9.185956887596985,9.314101590102746,9.010601159452817,9.212934494018555,2646800,0.0,0.0
2006-11-29 00:00:00-05:00,9.314098625027706,9.424257649782337,9.019590251871117,9.18370532989502,2112000,0.0,0.0
2006-11-30 00:00:00-05:00,9.18370468946562,9.32533856901848,9.078042081318715,9.24665355682373,3500400,0.0,0.0
2006-12-01 00:00:00-05:00,9.307353472662285,9.365805071493646,8.850977844731105,8.988115310668945,2417200,0.0,0.0
2006-12-04 00:00:00-05:00,9.07129580570758,9.170215073419312,8.976873803912412,9.154478073120117,1820400,0.0,0.0
2006-12-05 00:00:00-05:00,9.10501949845366,9.10501949845366,8.855474382390785,8.990364074707031,2316800,0.0,0.0
2006-12-06 00:00:00-05:00,9.008350563923198,9.033080388426301,8.916176309249561,8.958890914916992,2889600,0.0,0.0
2006-12-07 00:00:00-05:00,8.961139216295757,9.02633586800426,8.749812256634053,8.752060890197754,6818800,0.0,0.0
2006-12-08 00:00:00-05:00,8.54298234808515,8.734075031251356,8.430574685610347,8.632908821105957,4778000,0.0,0.0
2006-12-11 00:00:00-05:00,8.689111777449906,8.88919725929237,8.655389139061983,8.803767204284668,2319200,0.0,0.0
2006-12-12 00:00:00-05:00,8.72283401600173,8.72283401600173,8.444063506760923,8.538485527038574,2950400,0.0,0.0
2006-12-13 00:00:00-05:00,9.127501362874632,9.734502879369785,8.72283397107865,8.89819049835205,3580400,0.0,0.0
2006-12-14 00:00:00-05:00,8.880204399903421,9.048815875850956,8.837489801400213,8.997108459472656,3364000,0.0,0.0
2006-12-15 00:00:00-05:00,9.16572278225471,9.16572278225471,9.021841081973474,9.136496543884277,3660400,0.0,0.0
2006-12-18 00:00:00-05:00,9.149984975898057,9.188203173996868,8.904936208503747,9.028584480285645,2802000,0.0,0.0
2006-12-19 00:00:00-05:00,8.992615208111609,9.010600850177088,8.801522477980285,8.9791259765625,1474000,0.0,0.0
2006-12-20 00:00:00-05:00,8.97912631399499,9.073549223181903,8.859974432442662,8.875711441040039,2024400,0.0,0.0
2006-12-21 00:00:00-05:00,8.877959052487453,8.96788468302739,8.70709889653724,8.734076499938965,1207200,0.0,0.0
2006-12-22 00:00:00-05:00,8.740820234964916,8.830745852037582,8.673375807759813,8.779038429260254,818000,0.0,0.0
2006-12-26 00:00:00-05:00,8.756557489459741,8.958890776853226,8.67562383146137,8.925168991088867,902800,0.0,0.0
2006-12-27 00:00:00-05:00,8.902687574731754,9.033080890227124,8.866717152802428,9.028584480285645,1374400,0.0,0.0
2006-12-28 00:00:00-05:00,9.006102450527152,9.170217538915582,8.97013203194342,9.11626148223877,2004000,0.0,0.0
2006-12-29 00:00:00-05:00,9.093779880286208,9.096027656144807,8.844234737464635,8.880205154418945,2658400,0.0,0.0
2007-01-03 00:00:00-05:00,9.048816749647111,9.273632072619709,8.974627281417002,9.21967601776123,2718400,0.0,0.0
2007-01-04 00:00:00-05:00,9.217427791961875,9.457980107192691,9.116260730041821,9.399528503417969,2907200,0.0,0.0
2007-01-05 00:00:00-05:00,9.318595612976099,9.318595612976099,8.934161603966203,9.060057640075684,2025600,0.0,0.0
2007-01-08 00:00:00-05:00,9.037578215217758,9.29836401501039,8.895944289329597,9.251152992248535,2666800,0.0,0.0
2007-01-09 00:00:00-05:00,9.419760402821945,9.500693181756395,9.167966676351814,9.32758617401123,1387200,0.0,0.0
2007-01-10 00:00:00-05:00,9.40852140913834,9.606359143697556,9.329836385076264,9.541162490844727,1640400,0.0,0.0
2007-01-11 00:00:00-05:00,9.565891407368214,9.916603604778773,9.565891407368214,9.876136779785156,2423200,0.0,0.0
2007-01-12 00:00:00-05:00,9.835673590966282,9.90761444919485,9.786213929333138,9.871644020080566,1548400,0.0,0.0
2007-01-16 00:00:00-05:00,9.936837373250105,10.008778207459866,9.869392948378753,9.997537612915039,2210400,0.0,0.0
2007-01-17 00:00:00-05:00,9.923347333823724,9.966062790244662,9.640080429485227,9.669305801391602,1844400,0.0,0.0
2007-01-18 00:00:00-05:00,9.669306182053798,9.761480425577036,9.455732321950403,9.484957695007324,2214800,0.0,0.0
2007-01-19 00:00:00-05:00,9.48945556336293,9.649074253442695,9.341077469079874,9.610856056213379,1122400,0.0,0.0
2007-01-22 00:00:00-05:00,9.58837822483625,9.610859424308137,9.325343731480682,9.42875862121582,1694400,0.0,0.0
2007-01-23 00:00:00-05:00,9.388287152158464,9.392783561358824,9.210683705557244,9.264638900756836,1786400,0.0,0.0
2007-01-24 00:00:00-05:00,9.264640909323312,9.516434733517986,9.217429888887768,9.35231876373291,1707600,0.0,0.0
2007-01-25 00:00:00-05:00,9.352317780924656,9.42650725461491,9.053313825318456,9.12750244140625,2160800,0.0,0.0
2007-01-26 00:00:00-05:00,9.127502510021051,9.183706345323156,8.94989904224427,9.156728744506836,2164000,0.0,0.0
2007-01-29 00:00:00-05:00,9.203938609205114,9.846910541861503,9.203938609205114,9.709773063659668,4146000,0.0,0.0
2007-01-30 00:00:00-05:00,9.745743713320948,9.770473535570773,9.386039546784529,9.43549919128418,2335200,0.0,0.0
2007-01-31 00:00:00-05:00,9.413019953285769,9.667061579097773,9.365808928142714,9.633338928222656,2068800,0.0,0.0
2007-02-01 00:00:00-05:00,9.658063907094068,9.678297315936392,9.516430902799994,9.628838539123535,1562800,0.0,0.0
2007-02-02 00:00:00-05:00,9.631092245410402,9.763733372257759,9.547910783435775,9.579384803771973,1436800,0.0,0.0
2007-02-05 00:00:00-05:00,9.543411906046682,9.543411906046682,9.352318341441658,9.424259185791016,1763200,0.0,0.0
2007-02-06 00:00:00-05:00,9.40177584310842,9.815436032303916,9.40177584310842,9.806443214416504,2879600,0.0,0.0
2007-02-07 00:00:00-05:00,9.783961976226774,9.806443163225635,9.532169079909828,9.637831687927246,1935600,0.0,0.0
2007-02-08 00:00:00-05:00,9.62209566270353,9.664811122982677,9.5231772292194,9.608607292175293,1064400,0.0,0.0
2007-02-09 00:00:00-05:00,9.606358731063454,9.673803157019984,9.431003052055992,9.47146987915039,1200400,0.0,0.0
2007-02-12 00:00:00-05:00,9.565894384108967,9.703031905084119,9.520931135946235,9.658068656921387,1425200,0.0,0.0
2007-02-13 00:00:00-05:00,9.680550246226854,9.797454342810664,9.64682759731904,9.727761268615723,904800,0.0,0.0
2007-02-14 00:00:00-05:00,9.68953894024512,9.932339872217863,9.646824342628713,9.853654861450195,1520400,0.0,0.0
2007-02-15 00:00:00-05:00,9.853655153426807,9.936836575503445,9.756984504417883,9.83566951751709,1615600,0.0,0.0
2007-02-16 00:00:00-05:00,9.869395225560904,9.891876419837681,9.759235315358481,9.842416763305664,1951200,0.0,0.0
2007-02-20 00:00:00-05:00,9.880635395406916,9.975057436409166,9.66706062860331,9.91435718536377,1319600,0.0,0.0
2007-02-21 00:00:00-05:00,9.88063673980435,10.004285035008643,9.858154685838235,9.896373748779297,1191200,0.0,0.0
2007-02-22 00:00:00-05:00,9.896371305422697,9.912108310512268,9.700782201021989,9.824430465698242,990400,0.0,0.0
2007-02-23 00:00:00-05:00,9.790706143370006,9.790706143370006,9.493950015981511,9.58162784576416,1069600,0.0,0.0
2007-02-26 00:00:00-05:00,9.590621973154796,9.606358977695269,9.390536466052422,9.536665916442871,1613600,0.0,0.0
2007-02-27 00:00:00-05:00,9.386041269634326,9.386041269634326,9.006103620390832,9.149985313415527,2426800,0.0,0.0
2007-02-28 00:00:00-05:00,9.172468767539568,9.273635875887987,9.039827638283363,9.217432022094727,1903600,0.0,0.0
2007-03-01 00:00:00-05:00,9.015095483825158,9.255647847504907,8.824002773179481,9.118511199951172,1704000,0.0,0.0
2007-03-02 00:00:00-05:00,9.082539888976942,9.215180971105353,8.850979510452973,8.868965148925781,3857200,0.0,0.0
2007-03-05 00:00:00-05:00,8.868963645003772,8.936408062635277,8.68011876107418,8.68686294555664,2258000,0.0,0.0
2007-03-06 00:00:00-05:00,8.74306771867132,8.880205202045879,8.637404243100287,8.79702377319336,1276000,0.0,0.0
2007-03-07 00:00:00-05:00,8.772295557560414,8.839739994866004,8.69810607620248,8.734076499938965,1786000,0.0,0.0
2007-03-08 00:00:00-05:00,8.758804359083268,8.889197651832156,8.713841125114604,8.785782814025879,1791600,0.0,0.0
2007-03-09 00:00:00-05:00,8.832994366675445,8.922919982537525,8.781286944594207,8.8577241897583,1462400,0.0,0.0
2007-03-12 00:00:00-04:00,8.722833756372895,8.857723455386257,8.722833756372895,8.810511589050293,1204400,0.0,0.0
2007-03-13 00:00:00-04:00,8.77903856706902,8.77903856706902,8.585697243804308,8.614923477172852,1797600,0.0,0.0
2007-03-14 00:00:00-04:00,8.628414154911328,8.65539175922695,8.219250249446988,8.516006469726562,2982400,0.0,0.0
2007-03-15 00:00:00-04:00,8.554222393951777,8.71833746772267,8.551974618191563,8.64639663696289,1715600,0.0,0.0
2007-03-16 00:00:00-04:00,8.644150292430341,8.66438370803176,8.455305366017939,8.491275787353516,1746800,0.0,0.0
2007-03-19 00:00:00-04:00,8.524995746921912,8.68686303702372,8.482281148746072,8.66213321685791,1160000,0.0,0.0
2007-03-20 00:00:00-04:00,8.610427001060584,8.82400173691402,8.610427001060584,8.80826473236084,1451200,0.0,0.0
2007-03-21 00:00:00-04:00,8.808265921872568,9.015095642561358,8.752062081563327,9.010600090026855,1700000,0.0,0.0
2007-03-22 00:00:00-04:00,8.990365061593335,9.003853431983991,8.77004529238552,8.826249122619629,2113200,0.0,0.0
2007-03-23 00:00:00-04:00,8.85772321927773,8.90043781781209,8.779037349216775,8.801519393920898,1433600,0.0,0.0
2007-03-26 00:00:00-04:00,8.801519774060907,8.826248737900018,8.54972600811359,8.617171287536621,1639200,0.0,0.0
2007-03-27 00:00:00-04:00,8.610429346581553,8.610429346581553,8.43732139173872,8.513758659362793,1186000,0.0,0.0
2007-03-28 00:00:00-04:00,8.457556349422894,8.569964065924113,8.369878467768395,8.502519607543945,2131600,0.0,0.0
2007-03-29 00:00:00-04:00,8.55422045294834,8.596935901121185,8.378864824960909,8.533987045288086,1417200,0.0,0.0
2007-03-30 00:00:00-04:00,8.560967514539632,8.68686354071663,8.462048228140723,8.565463066101074,1751600,0.0,0.0
2007-04-02 00:00:00-04:00,8.587945929441513,8.621667714976597,8.40134879059144,8.531742095947266,1210800,0.0,0.0
2007-04-03 00:00:00-04:00,8.630659857359909,8.765549561729765,8.587945255990759,8.623915672302246,2324400,0.0,0.0
2007-04-04 00:00:00-04:00,8.62616445748552,8.662134878005979,8.502516190546599,8.540735244750977,1949200,0.0,0.0
2007-04-05 00:00:00-04:00,8.540734061604793,8.68911213289721,8.516004240122331,8.673375129699707,1172400,0.0,0.0
2007-04-09 00:00:00-04:00,8.556470764961581,8.563214949637791,8.275451635421883,8.414836883544922,2593600,0.0,0.0
2007-04-10 00:00:00-04:00,8.414835680232313,8.414835680232313,8.273201819069147,8.295683860778809,1522000,0.0,0.0
2007-04-11 00:00:00-04:00,8.309173165445502,8.309173165445502,8.091102910678595,8.239480972290039,1791200,0.0,0.0
2007-04-12 00:00:00-04:00,8.210256308719616,8.291189968227648,8.064125994874285,8.174285888671875,1560000,0.0,0.0
2007-04-13 00:00:00-04:00,8.196764333711725,8.230486966410588,8.046138518221731,8.151801109313965,2497200,0.0,0.0
2007-04-16 00:00:00-04:00,8.154048752930349,8.275449186794816,8.109085533987722,8.149552345275879,1797200,0.0,0.0
2007-04-17 00:00:00-04:00,8.205758369311603,8.338399429311417,8.174284364837462,8.241728782653809,2458800,0.0,0.0
2007-04-18 00:00:00-04:00,8.243978549927437,8.524997740054811,8.243978549927437,8.495772361755371,2497600,0.0,0.0
2007-04-19 00:00:00-04:00,8.495771365158642,8.495771365158642,8.25297040172116,8.270956039428711,1873200,0.0,0.0
2007-04-20 00:00:00-04:00,8.37437016288286,8.43057398947939,8.16304408361675,8.194518089294434,2133200,0.0,0.0
2007-04-23 00:00:00-04:00,8.149554548304256,8.20351059714149,8.012417079378492,8.04613971710205,1784400,0.0,0.0
2007-04-24 00:00:00-04:00,8.034901916756285,8.086609350331509,7.900012176575063,8.016916275024414,2161600,0.0,0.0
2007-04-25 00:00:00-04:00,8.13831399004849,8.13831399004849,7.9157464668376525,8.04838752746582,1866400,0.0,0.0
2007-04-26 00:00:00-04:00,8.048388767616332,8.43057500607907,7.969703743933903,7.998929977416992,2687200,0.0,0.0
2007-04-27 00:00:00-04:00,7.864040464802741,7.864040464802741,7.155872231857946,7.167112827301025,5872000,0.0,0.0
2007-04-30 00:00:00-04:00,7.223316803131593,7.306498235219256,6.63430044903523,6.654533863067627,9348400,0.0,0.0
2007-05-01 00:00:00-04:00,6.645541393310736,6.742212059035012,6.519644921782049,6.692752838134766,6646400,0.0,0.0
2007-05-02 00:00:00-04:00,6.647789455496178,6.823145572962402,6.580345025825214,6.717482089996338,6348800,0.0,0.0
2007-05-03 00:00:00-04:00,6.7579482092168695,6.814152037637372,6.641044571991123,6.724225997924805,4487200,0.0,0.0
2007-05-04 00:00:00-04:00,6.746707439422607,6.800663061845572,6.703992410870655,6.746707439422607,3722400,0.0,0.0
2007-05-07 00:00:00-04:00,6.838881954316813,6.906326377837411,6.677015080586666,6.699496269226074,3110000,0.0,0.0
2007-05-08 00:00:00-04:00,6.656783367629166,6.715235416380401,6.555616277713317,6.636549949645996,3702400,0.0,0.0
2007-05-09 00:00:00-04:00,6.609570040952688,6.762444520654916,6.587088424149211,6.665773868560791,3433200,0.0,0.0
2007-05-10 00:00:00-04:00,6.6680223255590025,6.721977950649291,6.5331330484326875,6.546622276306152,4280800,0.0,0.0
2007-05-11 00:00:00-04:00,6.593832126107814,6.6320507407489195,6.517394896825602,6.582591533660889,1971600,0.0,0.0
2007-05-14 00:00:00-04:00,6.587089030465822,6.616315263640857,6.4589443603323025,6.501659393310547,1876400,0.0,0.0
2007-05-15 00:00:00-04:00,6.503907966301576,6.607322818649777,6.402740890046825,6.413981914520264,2247600,0.0,0.0
2007-05-16 00:00:00-04:00,6.416230368781999,6.5488710323137465,6.360026530634159,6.436463356018066,5670800,0.0,0.0
2007-05-17 00:00:00-04:00,6.4139828352226775,6.476930866104924,6.375764204129329,6.42747163772583,3151200,0.0,0.0
2007-05-18 00:00:00-04:00,6.427470467388686,6.4679372963310975,6.355529628736054,6.4072370529174805,3489600,0.0,0.0
2007-05-21 00:00:00-04:00,6.407237442550747,6.440959659119711,6.321807798655953,6.348785400390625,2522800,0.0,0.0
2007-05-22 00:00:00-04:00,6.378010918814711,6.605074018291777,6.357777505387851,6.564607620239258,3945600,0.0,0.0
2007-05-23 00:00:00-04:00,6.503907024903727,6.553366239024243,6.148698850180663,6.191413879394531,6389600,0.0,0.0
2007-05-24 00:00:00-04:00,6.18916646352276,6.2296328645228884,6.105984599064271,6.186918258666992,3822800,0.0,0.0
2007-05-25 00:00:00-04:00,6.20939955749351,6.256610570620863,6.150947520668304,6.234128952026367,2185600,0.0,0.0
2007-05-29 00:00:00-04:00,6.3397914900903976,6.3937471094306,6.299324668384959,6.373513698577881,3464400,0.0,0.0
2007-05-30 00:00:00-04:00,6.362274345356679,6.535382270812988,6.297078115686888,6.535382270812988,3999600,0.0,0.0
2007-05-31 00:00:00-04:00,6.553366743530354,6.6253075800807535,6.497162911375203,6.555614948272705,2620400,0.0,0.0
2007-06-01 00:00:00-04:00,6.578097169216082,6.587089560207661,6.40723745236357,6.461193084716797,3103200,0.0,0.0
2007-06-04 00:00:00-04:00,6.429717306746429,6.431965511077036,6.2970762528485675,6.3263020515441895,2700800,0.0,0.0
2007-06-05 00:00:00-04:00,6.326304088989556,6.362274512261608,6.24087444091875,6.288085460662842,2529600,0.0,0.0
2007-06-06 00:00:00-04:00,6.225138425630395,6.225138425630395,6.128467736892409,6.162189960479736,2542000,0.0,0.0
2007-06-07 00:00:00-04:00,6.162188967924827,6.162188967924827,6.002570268547592,6.007066249847412,2511600,0.0,0.0
2007-06-08 00:00:00-04:00,6.0475331845073335,6.2094005204491705,6.002570369146704,6.13521146774292,2956400,0.0,0.0
2007-06-11 00:00:00-04:00,6.130714409198597,6.130714409198597,6.025050925233189,6.07451057434082,1707200,0.0,0.0
2007-06-12 00:00:00-04:00,6.047533482063071,6.108233736027884,5.917140582139378,5.948614597320557,2325200,0.0,0.0
2007-06-13 00:00:00-04:00,6.020556291465904,6.020556291465904,5.822718508370555,5.959856033325195,4014800,0.0,0.0
2007-06-14 00:00:00-04:00,6.022803176673273,6.168933062210214,5.95985472697681,6.159940242767334,3210000,0.0,0.0
2007-06-15 00:00:00-04:00,6.276842880545639,6.276842880545639,6.040786998822423,6.063268184661865,3896400,0.0,0.0
2007-06-18 00:00:00-04:00,6.126217833271733,6.141954837996713,6.045284176056157,6.070013999938965,2563200,0.0,0.0
2007-06-19 00:00:00-04:00,6.070013853446182,6.2768439722712115,6.070013853446182,6.261106967926025,3544400,0.0,0.0
2007-06-20 00:00:00-04:00,6.285836588059772,6.4027406656795005,6.263355397503168,6.3375444412231445,3008400,0.0,0.0
2007-06-21 00:00:00-04:00,6.312814801371872,6.373515046769977,6.218392340353012,6.371266841888428,1977600,0.0,0.0
2007-06-22 00:00:00-04:00,6.371266480318583,6.380258870533222,6.227384806474657,6.276844024658203,2690000,0.0,0.0
2007-06-25 00:00:00-04:00,6.297077556047654,6.317310970409347,6.135210669955334,6.182421684265137,3064000,0.0,0.0
2007-06-26 00:00:00-04:00,6.191414348247833,6.21614374278017,6.043035837047767,6.052028656005859,2346800,0.0,0.0
2007-06-27 00:00:00-04:00,5.993575954793457,6.067764987769024,5.91489051283727,6.061020374298096,2414800,0.0,0.0
2007-06-28 00:00:00-04:00,6.261107425850112,6.44095952980796,6.236377600755442,6.3870038986206055,4257200,0.0,0.0
2007-06-29 00:00:00-04:00,6.3982441106052335,6.402740520134833,6.229632612456169,6.263355255126953,2610000,0.0,0.0
2007-07-02 00:00:00-04:00,6.294829611189618,6.40948548770672,6.252114575906485,6.4004926681518555,1876800,0.0,0.0
2007-07-03 00:00:00-04:00,6.4297174022010015,6.494913613551957,6.39374698997955,6.454446792602539,2192400,0.0,0.0
2007-07-05 00:00:00-04:00,6.443207869041727,6.454448464972982,6.3285519895776785,6.404989242553711,2592000,0.0,0.0
2007-07-06 00:00:00-04:00,6.389251524813418,6.5398778090355965,6.339792307905091,6.5376296043396,1788800,0.0,0.0
2007-07-09 00:00:00-04:00,6.48817017409134,6.53762938937338,6.357777307619427,6.3914995193481445,3148000,0.0,0.0
2007-07-10 00:00:00-04:00,6.362275083393016,6.378012520188374,6.162189532380705,6.177926540374756,2229600,0.0,0.0
2007-07-11 00:00:00-04:00,6.159940586760272,6.180174002835426,6.083503332432195,6.141955375671387,2339200,0.0,0.0
2007-07-12 00:00:00-04:00,6.175678136141793,6.2296337741549666,6.128467113680752,6.227385997772217,1992000,0.0,0.0
2007-07-13 00:00:00-04:00,6.204903482379269,6.211647668160197,6.1284662323197185,6.159940242767334,1584800,0.0,0.0
2007-07-16 00:00:00-04:00,6.101487592025484,6.294828902681364,6.090246997648315,6.267850875854492,2228000,0.0,0.0
2007-07-17 00:00:00-04:00,6.315061670425708,6.434213931136038,6.267850235502316,6.373513698577881,2278400,0.0,0.0
2007-07-18 00:00:00-04:00,6.319558633936492,6.438710476304221,6.290332402894503,6.375762462615967,2317200,0.0,0.0
2007-07-19 00:00:00-04:00,6.488170323038769,6.519644330867956,6.366769843466998,6.382506847381592,2048800,0.0,0.0
2007-07-20 00:00:00-04:00,6.382507034428348,6.413981471981125,6.139706496970452,6.234128952026367,3014800,0.0,0.0
2007-07-23 00:00:00-04:00,6.240873584156707,6.299325621149673,6.150947538321839,6.247618198394775,2015600,0.0,0.0
2007-07-24 00:00:00-04:00,6.128466007432198,6.243121878314162,6.052028760177556,6.083502769470215,2855200,0.0,0.0
2007-07-25 00:00:00-04:00,6.15319752631244,6.2004085532574145,5.955359739339591,6.090249061584473,2576800,0.0,0.0
2007-07-26 00:00:00-04:00,5.8676801487725765,5.91039518117302,5.269671410371202,5.4652605056762695,7218400,0.0,0.0
2007-07-27 00:00:00-04:00,5.656354640988866,5.721551303722663,5.415802265139064,5.507976531982422,5824400,0.0,0.0
2007-07-30 00:00:00-04:00,5.510222856930227,5.61588588977409,5.377581800380941,5.494485855102539,3910400,0.0,0.0
2007-07-31 00:00:00-04:00,5.528210088165242,5.60239914452983,5.229205657507806,5.244942665100098,3779200,0.0,0.0
2007-08-01 00:00:00-04:00,5.276414753606291,5.312385166054478,5.110051488833145,5.271918773651123,5594800,0.0,0.0
2007-08-02 00:00:00-04:00,5.339364528656006,5.4158017814756025,5.220212239542812,5.339364528656006,3668400,0.0,0.0
2007-08-03 00:00:00-04:00,5.350604808167278,5.375334632264578,5.186489716324442,5.204474925994873,4700800,0.0,0.0
2007-08-06 00:00:00-04:00,5.2426937234569975,5.260678933721981,4.95268215433398,5.125789642333984,4822400,0.0,0.0
2007-08-07 00:00:00-04:00,5.074081295804783,5.092066502806615,4.905469819362172,4.986403465270996,4891200,0.0,0.0
2007-08-08 00:00:00-04:00,5.069585718430529,5.4832459761275265,5.058345123010996,5.4450273513793945,6376400,0.0,0.0
2007-08-09 00:00:00-04:00,5.431538049470742,5.7237977913984155,5.3865748143428585,5.624879360198975,5726800,0.0,0.0
2007-08-10 00:00:00-04:00,5.5304576545970034,5.739535997149031,5.2899053004956365,5.6338725090026855,4058400,0.0,0.0
2007-08-13 00:00:00-04:00,5.741783714247401,5.894657777927818,5.411304905852936,5.534953594207764,3484400,0.0,0.0
2007-08-14 00:00:00-04:00,5.5349524662835785,5.564178264454685,5.359596390853572,5.377581596374512,2472400,0.0,0.0
2007-08-15 00:00:00-04:00,5.391072348892621,5.4517726003448495,4.975163837951418,4.999893665313721,3873600,0.0,0.0
2007-08-16 00:00:00-04:00,5.058346629559032,5.2988990451120666,4.833531223800853,5.280913829803467,5324400,0.0,0.0
2007-08-17 00:00:00-04:00,5.4989837446416825,5.543946990164375,5.2224609424406,5.382080078125,3628400,0.0,0.0
2007-08-20 00:00:00-04:00,5.397817238648327,5.4517728775264525,5.173001862255483,5.260679721832275,2009600,0.0,0.0
2007-08-21 00:00:00-04:00,5.229203742003968,5.528208063133462,5.224707333252875,5.494485855102539,2019600,0.0,0.0
2007-08-22 00:00:00-04:00,5.577668671921011,5.676587545249107,5.521464834839336,5.6338725090026855,2750800,0.0,0.0
2007-08-23 00:00:00-04:00,5.672090910257902,5.683331934508854,5.494487015105153,5.557435035705566,1562400,0.0,0.0
2007-08-24 00:00:00-04:00,5.5709240628264745,5.732790946960449,5.514720230013136,5.732790946960449,1321200,0.0,0.0
2007-08-27 00:00:00-04:00,5.710309046114103,5.759768690980425,5.611390185182655,5.640616416931152,1620400,0.0,0.0
2007-08-28 00:00:00-04:00,5.629376576953162,5.640617172946896,5.424794213696946,5.438283443450928,1420800,0.0,0.0
2007-08-29 00:00:00-04:00,5.429289993925849,5.5079754431598005,5.348356768794848,5.489990234375,2389600,0.0,0.0
2007-08-30 00:00:00-04:00,5.422545849961875,5.534953512923925,5.359597404334692,5.449523448944092,1486400,0.0,0.0
2007-08-31 00:00:00-04:00,5.519216706240428,5.624880195848287,5.44952406735953,5.579916954040527,1958800,0.0,0.0
2007-09-04 00:00:00-04:00,5.638368622636213,5.845198749381771,5.5641795787384165,5.750776290893555,3351200,0.0,0.0
2007-09-05 00:00:00-04:00,5.739535331570672,5.81372437076319,5.638368265034877,5.65635347366333,1745600,0.0,0.0
2007-09-06 00:00:00-04:00,5.678835724872315,5.692324525647435,5.4540203775478435,5.548442840576172,1722800,0.0,0.0
2007-09-07 00:00:00-04:00,5.386575436386859,5.397816460867542,5.179745731557144,5.2516865730285645,3360800,0.0,0.0
2007-09-10 00:00:00-04:00,5.285408933020629,5.330371745765948,5.148271432224717,5.186490058898926,2423200,0.0,0.0
2007-09-11 00:00:00-04:00,5.188737886694446,5.343860587073089,5.139278667629339,5.301145553588867,1543200,0.0,0.0
2007-09-12 00:00:00-04:00,5.2764150979522215,5.305641327974429,5.0920666149241525,5.143774032592773,2400800,0.0,0.0
2007-09-13 00:00:00-04:00,5.170752213709213,5.220211428341485,5.0808261740136365,5.175248622894287,1389200,0.0,0.0
2007-09-14 00:00:00-04:00,5.238197258989428,5.597901889334047,5.20897145341449,5.4877424240112305,3758000,0.0,0.0
2007-09-17 00:00:00-04:00,5.505727892081258,5.539450108955985,5.395568421596479,5.4113054275512695,1750800,0.0,0.0
2007-09-18 00:00:00-04:00,5.458517210396975,5.719302999198025,5.40231336921052,5.70131778717041,2032400,0.0,0.0
2007-09-19 00:00:00-04:00,5.788994601968916,5.806979810764733,5.620383108707686,5.672090530395508,1846000,0.0,0.0
2007-09-20 00:00:00-04:00,5.532705987512396,5.582165210919852,5.28316080788118,5.3843278884887695,3628400,0.0,0.0
2007-09-21 00:00:00-04:00,5.492239076063103,5.53045770276355,5.411305412744215,5.438283443450928,2454400,0.0,0.0
2007-09-24 00:00:00-04:00,5.478749180267252,5.478749180267252,5.107803583384247,5.141526222229004,3799200,0.0,0.0
2007-09-25 00:00:00-04:00,5.125788907545924,5.199977942854049,5.123541131786104,5.146022319793701,2305600,0.0,0.0
2007-09-26 00:00:00-04:00,5.170752116977072,5.283159771693964,5.121292903270061,5.242692947387695,2993600,0.0,0.0
2007-09-27 00:00:00-04:00,5.262927877891474,5.30114650867331,5.229205657507806,5.244942665100098,1587600,0.0,0.0
2007-09-28 00:00:00-04:00,5.229205261186025,5.2561828639278065,5.164008601757736,5.190986633300781,1624400,0.0,0.0
2007-10-01 00:00:00-04:00,5.190986327236589,5.285408788868138,5.190986327236589,5.2516865730285645,2301200,0.0,0.0
2007-10-02 00:00:00-04:00,5.28316080788118,5.442779503060647,5.269672006733921,5.3843278884887695,3532400,0.0,0.0
2007-10-03 00:00:00-04:00,5.328124551111162,5.575421120203023,5.305642927884275,5.555187702178955,3277200,0.0,0.0
2007-10-04 00:00:00-04:00,5.5799168120876415,5.6518576541088805,5.5484428009036595,5.645113468170166,2558800,0.0,0.0
2007-10-05 00:00:00-04:00,5.723796640647909,5.883415707339935,5.654104026132232,5.786745071411133,2827200,0.0,0.0
2007-10-08 00:00:00-04:00,5.8002353115491365,6.270099383047633,5.728294474940962,5.842950344085693,2555200,0.0,0.0
2007-10-09 00:00:00-04:00,5.8586883062894834,6.0610220495284,5.856440101177783,5.955358982086182,3070400,0.0,0.0
2007-10-10 00:00:00-04:00,5.964350817263701,6.103736080753382,5.9014023709385866,5.968846797943115,2384400,0.0,0.0
2007-10-11 00:00:00-04:00,6.045284272794181,6.1082327215026355,5.809228340539621,5.946365833282471,3464000,0.0,0.0
2007-10-12 00:00:00-04:00,5.800235142847996,5.8586871780923495,5.469756773490782,5.739535331726074,3097200,0.0,0.0
2007-10-15 00:00:00-04:00,5.667594847764716,5.739536120974375,5.575420587266292,5.735039710998535,2264800,0.0,0.0
2007-10-16 00:00:00-04:00,5.70581305996457,5.878920972232679,5.678835459674168,5.806980133056641,2551600,0.0,0.0
2007-10-17 00:00:00-04:00,5.818220615386963,5.858687443837921,5.6855799637328035,5.818220615386963,3180400,0.0,0.0
2007-10-18 00:00:00-04:00,5.7777545246440045,5.793491530149372,5.6316242076913285,5.658602237701416,2555200,0.0,0.0
2007-10-19 00:00:00-04:00,5.667595255491292,5.681084486389224,5.465261508836463,5.480998516082764,2887200,0.0,0.0
2007-10-22 00:00:00-04:00,5.4337866726829285,5.7327910515530585,5.413553258196878,5.665346622467041,4070000,0.0,0.0
2007-10-23 00:00:00-04:00,5.685580927560327,5.991329539951747,5.642865887087512,5.804732799530029,3024400,0.0,0.0
2007-10-24 00:00:00-04:00,5.764265008414939,5.8991542941509545,5.622631537112914,5.748528003692627,2792400,0.0,0.0
2007-10-25 00:00:00-04:00,5.901402066228336,6.05652475489067,5.638368128410111,5.847446441650391,4147600,0.0,0.0
2007-10-26 00:00:00-04:00,5.658602249552412,5.786746927565914,5.328123846843841,5.771009922027588,4508400,0.0,0.0
2007-10-29 00:00:00-04:00,5.737287296499725,5.775505919565169,5.507975558107058,5.577668190002441,3506400,0.0,0.0
2007-10-30 00:00:00-04:00,5.59340660145847,5.847448227151841,5.5776695930848,5.717055320739746,2878800,0.0,0.0
2007-10-31 00:00:00-04:00,5.710309028625488,5.784498066896562,5.615886577298558,5.710309028625488,3559200,0.0,0.0
2007-11-01 00:00:00-04:00,5.611390286472102,5.6653463416277035,5.4854938249785,5.489990234375,3717200,0.0,0.0
2007-11-02 00:00:00-04:00,5.647362198285664,5.660851000218788,5.395568798993407,5.492239475250244,3043600,0.0,0.0
2007-11-05 00:00:00-05:00,5.487743165261258,5.559684015287256,5.316883432048869,5.355102062225342,3054800,0.0,0.0
2007-11-06 00:00:00-05:00,5.409057056546987,5.409057056546987,5.121293690661306,5.2516865730285645,4920000,0.0,0.0
2007-11-07 00:00:00-05:00,5.181993404850125,5.186489814553198,4.993148485333388,5.080826759338379,5788400,0.0,0.0
2007-11-08 00:00:00-05:00,5.089818016757773,5.089818016757773,4.759339695581041,4.950432777404785,5668800,0.0,0.0
2007-11-09 00:00:00-05:00,4.885237743689262,4.97066782190857,4.75484485007146,4.900974750518799,4520400,0.0,0.0
2007-11-12 00:00:00-05:00,4.979659432911696,5.260678593107629,4.948185424186138,5.199978351593018,5638800,0.0,0.0
2007-11-13 00:00:00-05:00,5.188737179285864,5.564178752679301,5.188737179285864,5.53045654296875,4728400,0.0,0.0
2007-11-14 00:00:00-05:00,5.519215807582787,5.726045914379437,5.330370908820577,5.496734619140625,4833600,0.0,0.0
2007-11-15 00:00:00-05:00,5.496734271172166,5.606893717009661,5.377582007486146,5.431537628173828,3803200,0.0,0.0
2007-11-16 00:00:00-05:00,5.43378578906155,5.458515609145525,5.260677906076029,5.3461079597473145,3119200,0.0,0.0
2007-11-19 00:00:00-05:00,5.316882120009158,5.316882120009158,5.035862975941008,5.051599979400635,4424000,0.0,0.0
2007-11-20 00:00:00-05:00,5.033615481619398,5.074082312683624,4.802055948664929,4.945937633514404,3650000,0.0,0.0
2007-11-21 00:00:00-05:00,4.903222687740916,5.213468112407503,4.822289452924581,5.060593605041504,3576400,0.0,0.0
2007-11-23 00:00:00-05:00,5.128038567555505,5.352853941848354,5.0695865187832085,5.244942665100098,1584800,0.0,0.0
2007-11-26 00:00:00-05:00,5.244940907998813,5.348356168505176,5.040359020233154,5.040359020233154,3322800,0.0,0.0
2007-11-27 00:00:00-05:00,5.141527210582564,5.476502028503149,5.141527210582564,5.339364528656006,4412400,0.0,0.0
2007-11-28 00:00:00-05:00,5.395568389892579,5.651857751196076,5.323627546635544,5.6203837394714355,3631200,0.0,0.0
2007-11-29 00:00:00-05:00,5.5214643478393555,5.5956533890915505,5.463012310973807,5.5214643478393555,2119200,0.0,0.0
2007-11-30 00:00:00-05:00,5.687828786820893,5.793492286962042,5.597902723042158,5.694573402404785,2768400,0.0,0.0
2007-12-03 00:00:00-05:00,5.649607637698391,5.719300681261091,5.505725999790297,5.523711204528809,1258800,0.0,0.0
2007-12-04 00:00:00-05:00,5.427042274526341,5.5304575558874784,5.366342457450472,5.4630126953125,1704400,0.0,0.0
2007-12-05 00:00:00-05:00,5.489990002383561,5.600149455135586,5.332619110565706,5.413552761077881,2385600,0.0,0.0
2007-12-06 00:00:00-05:00,5.4562681727500735,5.802483558654785,5.429290144424448,5.802483558654785,3202400,0.0,0.0
2007-12-07 00:00:00-05:00,5.811476456195294,6.027298970510656,5.788994837087138,5.986832141876221,2369200,0.0,0.0
2007-12-10 00:00:00-05:00,6.016059741197895,6.061022560821004,5.860937005815074,6.054278373718262,1169200,0.0,0.0
2007-12-11 00:00:00-05:00,6.072261700713874,6.2948288107818025,5.950861224967086,5.957605838775635,5040000,0.0,0.0
2007-12-12 00:00:00-05:00,6.15319647583027,6.184670488420299,5.627128509047212,5.723798751831055,4634000,0.0,0.0
2007-12-13 00:00:00-05:00,5.667593370551171,5.829460657081901,5.532704536843756,5.788993835449219,3765600,0.0,0.0
2007-12-14 00:00:00-05:00,5.732790119594961,5.892408775923836,5.6720898860046205,5.820467948913574,2207200,0.0,0.0
2007-12-17 00:00:00-05:00,5.782249795305098,5.878920450163663,5.631623515855956,5.638368129730225,1761600,0.0,0.0
2007-12-18 00:00:00-05:00,5.681083289900609,5.800235136128856,5.629375868752457,5.782249927520752,1378000,0.0,0.0
2007-12-19 00:00:00-05:00,5.777753314438892,5.894656943192725,5.7058120590811825,5.860934734344482,1136000,0.0,0.0
2007-12-20 00:00:00-05:00,5.955358237067532,6.009313866594612,5.728294694806972,5.9193878173828125,2266800,0.0,0.0
2007-12-21 00:00:00-05:00,5.995825749778002,6.016059166756883,5.813725425769356,5.966599941253662,2378800,0.0,0.0
2007-12-24 00:00:00-05:00,5.957607189458048,6.132963329025651,5.932877362021246,6.1239705085754395,559600,0.0,0.0
2007-12-26 00:00:00-05:00,6.065517560045665,6.128466007432198,5.966599122611247,6.083502769470215,918000,0.0,0.0
2007-12-27 00:00:00-05:00,6.06326929473956,6.06326929473956,5.7867465417970925,5.829461574554443,1360000,0.0,0.0
2007-12-28 00:00:00-05:00,5.829461320163376,5.8699281463990225,5.6091424093261795,5.640616416931152,2096800,0.0,0.0
2007-12-31 00:00:00-05:00,5.602397660367732,5.719301726942622,5.566427244314101,5.622631072998047,1647600,0.0,0.0
2008-01-02 00:00:00-05:00,5.579915569723347,5.658601008965286,5.285407652470411,5.3168816566467285,2580000,0.0,0.0
2008-01-03 00:00:00-05:00,5.337115941727385,5.429290193741958,5.188737856591671,5.2157158851623535,1962800,0.0,0.0
2008-01-04 00:00:00-05:00,5.155016340156063,5.190986763917712,4.99314900442737,5.152768135070801,2148000,0.0,0.0
2008-01-07 00:00:00-05:00,5.220211278957247,5.472004611700593,5.157263267372286,5.3528523445129395,3578800,0.0,0.0
2008-01-08 00:00:00-05:00,5.305642241036588,5.406808889258993,4.945937602376248,4.959426403045654,2842800,0.0,0.0
2008-01-09 00:00:00-05:00,4.995396497238195,5.035863325400358,4.745851771573544,4.99090051651001,4400000,0.0,0.0
2008-01-10 00:00:00-05:00,5.024621970471315,5.418048739967708,5.020125561621937,5.3033928871154785,5533200,0.0,0.0
2008-01-11 00:00:00-05:00,5.2696720940999615,5.339364734784373,5.130286383929877,5.190986633300781,2802400,0.0,0.0
2008-01-14 00:00:00-05:00,5.19323457707416,5.305642250046323,5.130286125841302,5.211219787597656,1775600,0.0,0.0
2008-01-15 00:00:00-05:00,5.110052234887353,5.370837977611306,5.110052234887353,5.33711576461792,4795600,0.0,0.0
2008-01-16 00:00:00-05:00,5.323627049613758,5.368589858050984,5.020126270257337,5.2561821937561035,4392400,0.0,0.0
2008-01-17 00:00:00-05:00,5.287657054094015,5.505727785892501,5.123541954014704,5.184241771697998,2783200,0.0,0.0
2008-01-18 00:00:00-05:00,5.155015553171436,5.3888232719281595,5.058344893269645,5.2561821937561035,3850800,0.0,0.0
2008-01-22 00:00:00-05:00,5.035862939765258,5.35510070228544,4.865003249943073,5.175248622894287,3505200,0.0,0.0
2008-01-23 00:00:00-05:00,5.053847677382799,5.618134113560495,5.047103493033997,5.550689697265625,4029200,0.0,0.0
2008-01-24 00:00:00-05:00,5.418051640026908,5.418051640026908,5.03811346491229,5.105557918548584,3741600,0.0,0.0
2008-01-25 00:00:00-05:00,5.2134678439704025,5.2134678439704025,5.0291193341567375,5.080826759338379,2276400,0.0,0.0
2008-01-28 00:00:00-05:00,5.071834143787418,5.3663425591575535,5.067338162704867,5.339364528656006,2707600,0.0,0.0
2008-01-29 00:00:00-05:00,5.382078838961826,5.523712300786605,5.190985732689355,5.206722736358643,3869200,0.0,0.0
2008-01-30 00:00:00-05:00,5.202227541519452,5.51921717994731,5.143775493673006,5.355102062225342,3352000,0.0,0.0
2008-01-31 00:00:00-05:00,5.294401209731668,5.741784124176201,5.271920018245051,5.687828063964844,4028400,0.0,0.0
2008-02-01 00:00:00-05:00,5.712558886336311,6.06551897142371,5.690077262124098,6.054278373718262,3228400,0.0,0.0
2008-02-04 00:00:00-05:00,6.034043339164043,6.121721178434074,5.696820352677832,5.755272388458252,3024000,0.0,0.0
2008-02-05 00:00:00-05:00,5.730541717781532,5.98907921674564,5.676586099382154,5.813723564147949,3028000,0.0,0.0
2008-02-06 00:00:00-05:00,5.858688355104453,6.164437392022689,5.797988531787919,5.971096038818359,4192800,0.0,0.0
2008-02-07 00:00:00-05:00,6.00257020387444,6.404989469958216,5.959855165976856,6.342041015625,5684000,0.0,0.0
2008-02-08 00:00:00-05:00,6.274596337348439,6.3870040115091795,6.01830697747835,6.180173873901367,3374400,0.0,0.0
2008-02-11 00:00:00-05:00,6.177924676276096,6.2790917382854605,5.982335594792898,6.220639705657959,3282400,0.0,0.0
2008-02-12 00:00:00-05:00,6.220640255775754,6.315062712400949,6.081254561214289,6.166684627532959,2231200,0.0,0.0
2008-02-13 00:00:00-05:00,6.267850988102642,6.294829015412652,6.114976929349911,6.25661039352417,2162400,0.0,0.0
2008-02-14 00:00:00-05:00,6.243122579332886,6.274596592159654,5.932877145921484,5.935125350952148,2358400,0.0,0.0
2008-02-15 00:00:00-05:00,5.989079417181105,6.301572973803895,5.930627388091958,6.2790913581848145,3610400,0.0,0.0
2008-02-19 00:00:00-05:00,6.285836407612851,6.285836407612851,6.0340434786767965,6.137458324432373,1970000,0.0,0.0
2008-02-20 00:00:00-05:00,6.132962299628133,6.274595767536012,5.984584217514656,6.261106967926025,3066800,0.0,0.0
2008-02-21 00:00:00-05:00,6.292582352151739,6.420727048461591,6.108233811579581,6.175678253173828,2284000,0.0,0.0
2008-02-22 00:00:00-05:00,6.207152579917115,6.247619415627319,5.998074214615259,6.227385997772217,2143200,0.0,0.0
2008-02-25 00:00:00-05:00,6.204903821658142,6.30157449194881,6.0317958971284,6.281341075897217,2664000,0.0,0.0
2008-02-26 00:00:00-05:00,6.166684792260834,6.384755515834173,6.137458558181185,6.1711812019348145,3405200,0.0,0.0
2008-02-27 00:00:00-05:00,6.083504513904515,6.108234344754964,5.881170742659165,5.937374591827393,3470800,0.0,0.0
2008-02-28 00:00:00-05:00,5.896906148405586,5.9778398064178,5.568675964336002,5.582164764404297,2632800,0.0,0.0
2008-02-29 00:00:00-05:00,5.534953785381019,5.6293762440691175,5.467508927003104,5.485494136810303,2449600,0.0,0.0
2008-03-03 00:00:00-05:00,5.525960780202775,5.543945989405014,5.25843041811841,5.368589878082275,2018000,0.0,0.0
2008-03-04 00:00:00-05:00,5.305641755480564,5.433786422115617,5.213467506539519,5.420297622680664,1956800,0.0,0.0
2008-03-05 00:00:00-05:00,5.420297707296113,5.557434766094892,5.238196982476099,5.5214643478393555,4090000,0.0,0.0
2008-03-06 00:00:00-05:00,5.51471929831868,5.51471929831868,5.114547921926972,5.148270130157471,6922800,0.0,0.0
2008-03-07 00:00:00-05:00,5.040359020233154,5.238196294661065,4.988651604380549,5.040359020233154,5864400,0.0,0.0
2008-03-10 00:00:00-04:00,5.040359100079518,5.137029748779533,4.763836380868657,4.806550979614258,7694400,0.0,0.0
2008-03-11 00:00:00-04:00,4.927952433466069,5.067338137563557,4.860508000748693,5.058345317840576,5557600,0.0,0.0
2008-03-12 00:00:00-04:00,4.813294112764128,4.813294112764128,4.105126213318128,4.127607822418213,10473200,0.0,0.0
2008-03-13 00:00:00-04:00,4.084895088624812,4.2220325947789386,3.92077997952968,4.181565761566162,7517600,0.0,0.0
2008-03-14 00:00:00-04:00,4.4333587530126435,4.4333587530126435,3.9410134224410074,4.05566930770874,4811200,0.0,0.0
2008-03-17 00:00:00-04:00,3.9724880959590143,4.134355027993531,3.956751086722493,4.062414169311523,5891600,0.0,0.0
2008-03-18 00:00:00-04:00,4.165828600204198,4.305213877421323,4.028691099147548,4.2894768714904785,3518000,0.0,0.0
2008-03-19 00:00:00-04:00,4.365913403065372,4.42661364059128,4.213038921356201,4.213038921356201,3288400,0.0,0.0
2008-03-20 00:00:00-04:00,4.226526707323535,4.388393968605568,4.1860603208041045,4.266993522644043,4722800,0.0,0.0
2008-03-24 00:00:00-04:00,4.2669953851910885,4.417621691965334,4.186062148023725,4.36366605758667,2836400,0.0,0.0
2008-03-25 00:00:00-04:00,4.410876408263292,4.498554238714628,4.309709350972398,4.47157621383667,2471200,0.0,0.0
2008-03-26 00:00:00-04:00,4.431110520921751,4.449096161294444,4.125361924207524,4.237769603729248,2492800,0.0,0.0
2008-03-27 00:00:00-04:00,4.2310263804976405,4.437856596011939,4.172574316460838,4.251259803771973,2171200,0.0,0.0
2008-03-28 00:00:00-04:00,4.296221864978153,4.3299440847733255,4.161332556996177,4.258003234863281,2327600,0.0,0.0
2008-03-31 00:00:00-04:00,4.260251851605879,4.4580892079715575,4.224281423175755,4.4108781814575195,2489600,0.0,0.0
2008-04-01 00:00:00-04:00,4.4940589123875965,4.6941444418956015,4.453592079722772,4.628948211669922,2147600,0.0,0.0
2008-04-02 00:00:00-04:00,4.6716636328359185,4.730115681616498,4.482818684099059,4.541270732879639,2508000,0.0,0.0
2008-04-03 00:00:00-04:00,4.581736499378584,4.642436744870557,4.500803267523857,4.592977523803711,2041200,0.0,0.0
2008-04-04 00:00:00-04:00,4.5772420936879845,4.698642197651079,4.507549004670723,4.653679370880127,1991200,0.0,0.0
2008-04-07 00:00:00-04:00,4.653679440173803,4.707635090383181,4.57274575045904,4.6424384117126465,1855600,0.0,0.0
2008-04-08 00:00:00-04:00,4.644685793718002,4.680656220811939,4.586233742490028,4.6604228019714355,2002400,0.0,0.0
2008-04-09 00:00:00-04:00,4.64693372133827,4.709882179391888,4.383899720930395,4.426614761352539,2300800,0.0,0.0
2008-04-10 00:00:00-04:00,4.361417322303422,4.646932894712664,4.361417322303422,4.530028820037842,2998800,0.0,0.0
2008-04-11 00:00:00-04:00,4.449094681593773,4.563750099228182,4.255753399902348,4.293972015380859,3455200,0.0,0.0
2008-04-14 00:00:00-04:00,4.327695008922974,4.467080699181594,4.298469205327452,4.415372848510742,2023600,0.0,0.0
2008-04-15 00:00:00-04:00,4.496307178285923,4.592977851227273,4.107376710276495,4.181565761566162,3183200,0.0,0.0
2008-04-16 00:00:00-04:00,4.235520669150057,4.419869163205013,4.13435360348517,4.3569207191467285,2222000,0.0,0.0
2008-04-17 00:00:00-04:00,4.329942675012249,4.379401886021943,4.244512621957784,4.34343147277832,1473600,0.0,0.0
2008-04-18 00:00:00-04:00,4.424365355880654,4.552510013580663,4.3434317073117334,4.545765399932861,2167200,0.0,0.0
2008-04-21 00:00:00-04:00,4.518787645012121,4.552509854470187,4.296220548027494,4.345679759979248,1949200,0.0,0.0
2008-04-22 00:00:00-04:00,4.336688244291826,4.336688244291826,3.9365167727397767,4.048924446105957,4414000,0.0,0.0
2008-04-23 00:00:00-04:00,4.107376441922902,4.156835663284196,3.9612465539361943,4.089391231536865,2334400,0.0,0.0
2008-04-24 00:00:00-04:00,4.1590835219598095,4.433358064715212,4.0264424456040215,4.3726582527160645,2956400,0.0,0.0
2008-04-25 00:00:00-04:00,4.197302020445859,4.469328350453398,4.197302020445859,4.453591346740723,2976800,0.0,0.0
2008-04-28 00:00:00-04:00,4.440102751974372,4.5794884447595186,4.269243050315669,4.500802993774414,2904400,0.0,0.0
2008-04-29 00:00:00-04:00,4.570497575741147,4.757094361447003,4.550264153175334,4.71437931060791,2157600,0.0,0.0
2008-04-30 00:00:00-04:00,4.7346118503600065,5.006638687022041,4.67615979926898,4.829034328460693,3274400,0.0,0.0
2008-05-01 00:00:00-04:00,4.85601163513238,5.170753038683287,4.85601163513238,5.017878532409668,2900400,0.0,0.0
2008-05-02 00:00:00-04:00,5.065090630506962,5.069586612186669,4.822290038949313,4.90996789932251,2244800,0.0,0.0
2008-05-05 00:00:00-04:00,4.87849189286267,4.936943490059104,4.703135814869982,4.824535846710205,1556800,0.0,0.0
2008-05-06 00:00:00-04:00,4.743604765956109,4.743604765956109,4.545766984662802,4.662671089172363,1684800,0.0,0.0
2008-05-07 00:00:00-04:00,4.678407388424806,4.788566860234377,4.3906440102451105,4.417621612548828,2225200,0.0,0.0
2008-05-08 00:00:00-04:00,4.404132796330092,4.514292267762801,4.350177163105986,4.444599628448486,1941600,0.0,0.0
2008-05-09 00:00:00-04:00,4.332192288672756,4.478322193610178,4.293973658569003,4.426614761352539,1683200,0.0,0.0
2008-05-12 00:00:00-04:00,4.469328524431466,4.6222030158218885,4.469328524431466,4.597473621368408,1436400,0.0,0.0
2008-05-13 00:00:00-04:00,4.619956714800182,4.750349641398298,4.592979104497887,4.653679370880127,1501600,0.0,0.0
2008-05-14 00:00:00-04:00,4.6739115101914805,4.882989433454943,4.667166895066362,4.7570929527282715,2086000,0.0,0.0
2008-05-15 00:00:00-04:00,4.698639479505638,4.900973154929108,4.608713449184222,4.853762149810791,1498000,0.0,0.0
2008-05-16 00:00:00-04:00,4.757091849254008,4.925703329058761,4.676158201731353,4.8087992668151855,2056800,0.0,0.0
2008-05-19 00:00:00-04:00,4.943688899341957,5.087570568788183,4.811047824520768,4.847018241882324,2678400,0.0,0.0
2008-05-20 00:00:00-04:00,4.820041435457131,4.820041435457131,4.583985050323645,4.63119649887085,1682000,0.0,0.0
2008-05-21 00:00:00-04:00,4.552511553308919,4.574993177604041,4.165829244877821,4.210792064666748,4200800,0.0,0.0
2008-05-22 00:00:00-04:00,4.2310242832152944,4.368161766585361,4.127609441120697,4.161331653594971,2194400,0.0,0.0
2008-05-23 00:00:00-04:00,4.051172297137094,4.0714057108796045,3.8960496013782433,3.9612462520599365,2220000,0.0,0.0
2008-05-27 00:00:00-04:00,4.064660374798645,4.354672301066572,4.046675168977457,4.309709072113037,2258000,0.0,0.0
2008-05-28 00:00:00-04:00,4.471576429918392,4.489561637772418,4.219783519962038,4.282731533050537,1976800,0.0,0.0
2008-05-29 00:00:00-04:00,4.336687927553865,4.572743852861568,4.206294624323416,4.530028820037842,2821200,0.0,0.0
2008-05-30 00:00:00-04:00,4.548013578138606,4.548013578138606,4.345679886689458,4.390643119812012,2424400,0.0,0.0
2008-06-02 00:00:00-04:00,4.422117785670019,4.458088206015787,4.215287654281237,4.368162155151367,2229600,0.0,0.0
2008-06-03 00:00:00-04:00,4.444599285856042,4.523284739043212,4.3501768277916835,4.462584495544434,2248400,0.0,0.0
2008-06-04 00:00:00-04:00,4.451344611968988,4.521037692568663,4.273740674392311,4.383900165557861,3071600,0.0,0.0
2008-06-05 00:00:00-04:00,4.413125190567704,4.770581636129675,4.383899383351248,4.712129592895508,3872400,0.0,0.0
2008-06-06 00:00:00-04:00,4.5142927728635085,4.548014993801571,4.3344406419929715,4.3614182472229,5720800,0.0,0.0
2008-06-09 00:00:00-04:00,4.424366489658521,4.480570331389343,4.163580698331609,4.228776931762695,4202000,0.0,0.0
2008-06-10 00:00:00-04:00,4.159084837490245,4.395140832421859,4.055669960869185,4.231025695800781,5039600,0.0,0.0
2008-06-11 00:00:00-04:00,4.195054917084804,4.224281156338966,3.98822475227585,3.994969367980957,4086800,0.0,0.0
2008-06-12 00:00:00-04:00,4.046676172830116,4.204047084405116,3.889305261255117,4.019698143005371,5859600,0.0,0.0
2008-06-13 00:00:00-04:00,4.073654814520186,4.201799510632349,4.069158404073825,4.150091648101807,2296000,0.0,0.0
2008-06-16 00:00:00-04:00,4.080398567498181,4.224280684872864,4.001713108259117,4.192806243896484,5224000,0.0,0.0
2008-06-17 00:00:00-04:00,4.217535992206165,4.489562358252969,4.161332155042651,4.246761798858643,2346000,0.0,0.0
2008-06-18 00:00:00-04:00,4.213039566825967,4.213039566825967,4.024194640347002,4.078150272369385,2054800,0.0,0.0
2008-06-19 00:00:00-04:00,4.0893910923195795,4.514291941225364,4.0893910923195795,4.491810321807861,3273200,0.0,0.0
2008-06-20 00:00:00-04:00,4.399634859932072,4.399634859932072,4.046674947047751,4.136600971221924,4672800,0.0,0.0
2008-06-23 00:00:00-04:00,4.1883087437012225,4.208542154490211,3.8893044194653426,3.9027936458587646,3186400,0.0,0.0
2008-06-24 00:00:00-04:00,3.911786953822512,3.9567501947635013,3.6644899862495595,3.860079526901245,3716000,0.0,0.0
2008-06-25 00:00:00-04:00,3.875814917894789,4.102878375327972,3.860077918761976,3.945507526397705,2335200,0.0,0.0
2008-06-26 00:00:00-04:00,3.8353492537780656,3.8735678754760223,3.704956384832306,3.713949203491211,2516000,0.0,0.0
2008-06-27 00:00:00-04:00,3.736430947944641,3.7544161570706773,3.597045255616952,3.7251899242401123,4101200,0.0,0.0
2008-06-30 00:00:00-04:00,3.6869714238726115,3.689219628688291,3.448667287826538,3.448667287826538,3531200,0.0,0.0
2008-07-01 00:00:00-04:00,3.399207950985664,3.4329303809823215,3.1451665883735602,3.3047854900360107,4739200,0.0,0.0
2008-07-02 00:00:00-04:00,3.1451665615402336,3.385719121621868,3.050744101396156,3.079970121383667,4813600,0.0,0.0
2008-07-03 00:00:00-04:00,3.0799700392172875,3.1429182728338225,2.9270957575771304,3.0282626152038574,2201600,0.0,0.0
2008-07-07 00:00:00-04:00,3.1923777916122726,3.572315837049304,3.010277485906277,3.079970121383667,3685200,0.0,0.0
2008-07-08 00:00:00-04:00,3.2733113037144936,3.331763126651787,3.147414624402141,3.3272669315338135,5016400,0.0,0.0
2008-07-09 00:00:00-04:00,3.275559338025535,3.322770566601085,3.0057809809083698,3.0350069999694824,3568000,0.0,0.0
2008-07-10 00:00:00-04:00,3.052992032149547,3.1609034973686945,2.967562184717896,3.057488441467285,3229600,0.0,0.0
2008-07-11 00:00:00-04:00,3.0012854245453795,3.0012854245453795,2.5224286368987765,2.6528215408325195,6547200,0.0,0.0
2008-07-14 00:00:00-04:00,2.6101060470014463,2.652821082104145,2.3560646844663258,2.4572317600250244,7677200,0.0,0.0
2008-07-15 00:00:00-04:00,2.4325021294786024,2.5853766430682317,2.2706352244549617,2.4280059337615967,6701600,0.0,0.0
2008-07-16 00:00:00-04:00,2.454983439780361,3.0867144019125003,2.450487030233219,3.0552403926849365,7024400,0.0,0.0
2008-07-17 00:00:00-04:00,3.102451354763342,3.5138633594045054,2.960817682188429,3.4868855476379395,7625200,0.0,0.0
2008-07-18 00:00:00-04:00,3.457659405919066,3.866823405544206,3.408199978940088,3.677978515625,7364800,0.0,0.0
2008-07-21 00:00:00-04:00,3.4868861116891776,3.752168291907627,3.4868861116891776,3.5453381538391113,3548000,0.0,0.0
2008-07-22 00:00:00-04:00,3.581307659453651,4.3052127431594664,3.5700668520071672,4.159082889556885,6890000,0.0,0.0
2008-07-23 00:00:00-04:00,4.2287767835429015,4.458088552679523,4.0556692829684104,4.237769603729248,8014000,0.0,0.0
2008-07-24 00:00:00-04:00,3.8398454189300537,4.2175352025627095,3.79488218609715,3.8398454189300537,5327600,0.0,0.0
2008-07-25 00:00:00-04:00,3.90054629610446,4.159083855410255,3.90054629610446,3.9769835472106934,4141600,0.0,0.0
2008-07-28 00:00:00-04:00,3.9589975443161483,4.0444271690847495,3.745422839192917,3.8218600749969482,3168400,0.0,0.0
2008-07-29 00:00:00-04:00,3.8713195788288437,4.208542552103867,3.8645753937961014,4.172572135925293,4105200,0.0,0.0
2008-07-30 00:00:00-04:00,4.320950775492119,4.320950775492119,3.689219776258434,3.817364454269409,5370000,0.0,0.0
2008-07-31 00:00:00-04:00,3.752168193649604,4.156835639412121,3.666738123205609,4.019698143005371,3369200,0.0,0.0
2008-08-01 00:00:00-04:00,4.102880077865574,4.123113493375586,3.8061238887870577,4.048924446105957,2730400,0.0,0.0
2008-08-04 00:00:00-04:00,4.044427241371231,4.305212958022099,3.8780639689423086,4.249009132385254,3253600,0.0,0.0
2008-08-05 00:00:00-04:00,4.327695273923235,4.38389910864951,4.127609759514087,4.3524250984191895,4779200,0.0,0.0
2008-08-06 00:00:00-04:00,4.181565561443189,4.383899289022437,4.12311351946674,4.329943656921387,3122000,0.0,0.0
2008-08-07 00:00:00-04:00,4.188308186850294,4.273738227445819,4.051171167159193,4.075900554656982,2959200,0.0,0.0
2008-08-08 00:00:00-04:00,4.26474680955289,4.525532567454841,4.114120515868037,4.478321552276611,3572400,0.0,0.0
2008-08-11 00:00:00-04:00,4.476073460754625,5.022374814796912,4.287228537658495,4.761589050292969,5026400,0.0,0.0
2008-08-12 00:00:00-04:00,4.876245893312909,5.22695777907001,4.876245893312909,5.071835041046143,7617600,0.0,0.0
2008-08-13 00:00:00-04:00,5.04035934904319,5.170752213804473,4.59747333553358,4.840273857116699,5732000,0.0,0.0
2008-08-14 00:00:00-04:00,4.817792773510467,5.076330327070688,4.772829534282068,4.912215232849121,4670800,0.0,0.0
2008-08-15 00:00:00-04:00,4.957178280188036,5.1752494434261544,4.957178280188036,5.157264232635498,3833600,0.0,0.0
2008-08-18 00:00:00-04:00,5.166255844385349,5.199978055931232,4.900973703635679,4.925703525543213,4230800,0.0,0.0
2008-08-19 00:00:00-04:00,4.878491751328043,4.999891779646213,4.698639269907001,4.763835906982422,3652800,0.0,0.0
2008-08-20 00:00:00-04:00,4.673910834587356,4.673910834587356,4.240017186685649,4.42886209487915,6347600,0.0,0.0
2008-08-21 00:00:00-04:00,4.231024107766694,4.46708044290041,4.210790695360913,4.3928914070129395,3790400,0.0,0.0
2008-08-22 00:00:00-04:00,4.583983930030771,4.718873198740895,4.469328073067223,4.696391582489014,2825600,0.0,0.0
2008-08-25 00:00:00-04:00,4.50530004684443,4.786319248504848,4.500803636705558,4.561503887176514,3602000,0.0,0.0
2008-08-26 00:00:00-04:00,4.561502694510901,4.608713702221294,4.16357950608976,4.249009132385254,3336800,0.0,0.0
2008-08-27 00:00:00-04:00,4.138849685593177,4.3389351676439745,4.102879271489689,4.249009132385254,4157200,0.0,0.0
2008-08-28 00:00:00-04:00,4.323198228380782,4.721121422628929,4.3209500238662475,4.709880828857422,3797600,0.0,0.0
2008-08-29 00:00:00-04:00,4.664918980578906,4.817793502526567,4.541270697192513,4.7233710289001465,2510400,0.0,0.0
2008-09-02 00:00:00-04:00,5.01113443991987,5.146023309102154,4.808800278543926,4.936944961547852,4081600,0.0,0.0
2008-09-03 00:00:00-04:00,5.101060348519281,5.22695682289895,4.925704223318094,5.00214147567749,3201600,0.0,0.0
2008-09-04 00:00:00-04:00,4.939193361508788,5.125790095297935,4.7975598717561025,4.871748924255371,3884800,0.0,0.0
2008-09-05 00:00:00-04:00,4.8065521139857,5.197731210069134,4.739107678827183,5.092067718505859,5936400,0.0,0.0
2008-09-08 00:00:00-04:00,5.2426936271791895,5.4000645357087365,4.586232821360795,5.289905071258545,6818800,0.0,0.0
2008-09-09 00:00:00-04:00,5.332619903588697,5.548442860782836,5.132534380957632,5.226956844329834,6636800,0.0,0.0
2008-09-10 00:00:00-04:00,5.2674246175807,5.2674246175807,4.882990080530475,5.071835041046143,4238800,0.0,0.0
2008-09-11 00:00:00-04:00,4.903221908271309,5.388822955177897,4.838025689789084,5.343860149383545,4773600,0.0,0.0
2008-09-12 00:00:00-04:00,5.251686701364382,5.3416127554011865,5.125789796911606,5.213468074798584,3591600,0.0,0.0
2008-09-15 00:00:00-04:00,4.89647891553911,5.395568882832668,4.89647891553911,4.988653182983398,6162800,0.0,0.0
2008-09-16 00:00:00-04:00,5.1325348176651575,5.305642753376819,5.004390126928387,5.296649932861328,7261200,0.0,0.0
2008-09-17 00:00:00-04:00,5.1415260019603375,5.247189036583848,4.743602825610394,4.968418121337891,4994800,0.0,0.0
2008-09-18 00:00:00-04:00,4.934698578829788,5.125791340399748,4.635694091119825,5.105557918548584,5098800,0.0,0.0
2008-09-19 00:00:00-04:00,5.505727531308813,5.505727531308813,4.750347864566482,4.896478176116943,6775200,0.0,0.0
2008-09-22 00:00:00-04:00,4.795311639981319,4.914463935853795,4.498555431636122,4.561503887176514,2740400,0.0,0.0
2008-09-23 00:00:00-04:00,4.597474108855169,4.768333398618837,4.49630702917816,4.514292240142822,2979200,0.0,0.0
2008-09-24 00:00:00-04:00,4.476073252303164,4.617707152429967,4.397387799877298,4.503051280975342,2478000,0.0,0.0
2008-09-25 00:00:00-04:00,4.581736252672988,4.64243649489653,4.467080811319027,4.586232662200928,1578800,0.0,0.0
2008-09-26 00:00:00-04:00,4.568247896420384,4.806552050122287,4.453592015133299,4.599721908569336,2166400,0.0,0.0
2008-09-29 00:00:00-04:00,4.543516188932746,4.597472228560809,4.249008319035048,4.266993522644043,3116000,0.0,0.0
2008-09-30 00:00:00-04:00,4.352424862891189,4.617707017051875,4.186061572560177,4.583984375,1994400,0.0,0.0
2008-10-01 00:00:00-04:00,4.671662449689964,4.83577752847088,4.534524968866936,4.759340286254883,2340800,0.0,0.0
2008-10-02 00:00:00-04:00,4.831280624987485,4.912214268184294,4.458087270603982,4.480568885803223,1965600,0.0,0.0
2008-10-03 00:00:00-04:00,4.599721866587671,4.766085603345532,4.246761834820149,4.2894768714904785,2271200,0.0,0.0
2008-10-06 00:00:00-04:00,4.118617037613711,4.284980340884867,3.693716174242804,4.089391231536865,4032000,0.0,0.0
2008-10-07 00:00:00-04:00,4.1006316006453485,4.1635800479188525,3.601541718409328,3.608285903930664,2614800,0.0,0.0
2008-10-08 00:00:00-04:00,3.417193326831473,3.7274385400728383,3.351996882959053,3.484637975692749,4034400,0.0,0.0
2008-10-09 00:00:00-04:00,3.615030363236145,3.7993788588019783,3.1743923232197693,3.219355344772339,3396800,0.0,0.0
2008-10-10 00:00:00-04:00,2.8978701005512804,4.323199319069726,2.8978701005512804,4.226528644561768,6971200,0.0,0.0
2008-10-13 00:00:00-04:00,4.451342683883961,4.968418121337891,4.323198033927472,4.968418121337891,5260800,0.0,0.0
2008-10-14 00:00:00-04:00,5.267422033022345,5.283159033876778,4.525531358218555,4.65142822265625,5544400,0.0,0.0
2008-10-15 00:00:00-04:00,4.552510862653488,4.664918538274562,4.415373361179378,4.458088397979736,3419200,0.0,0.0
2008-10-16 00:00:00-04:00,4.347928091225703,5.406807986130241,4.347928091225703,5.366341590881348,6986000,0.0,0.0
2008-10-17 00:00:00-04:00,5.341611959026853,5.341611959026853,4.903221921354742,4.981907367706299,6201600,0.0,0.0
2008-10-20 00:00:00-04:00,4.903222574981384,5.256182599505776,4.732362860607548,5.211219787597656,4644000,0.0,0.0
2008-10-21 00:00:00-04:00,5.083075168496917,5.460765022711099,5.083075168496917,5.339364528656006,6298800,0.0,0.0
2008-10-22 00:00:00-04:00,5.276417024130461,5.5214658323827495,5.080827875878543,5.283161640167236,6806800,0.0,0.0
2008-10-23 00:00:00-04:00,4.970667488859775,5.391071950113849,4.709881719097555,5.087571144104004,4570000,0.0,0.0
2008-10-24 00:00:00-04:00,4.489561334479035,5.128036813366339,4.284979448159633,4.927951335906982,5386400,0.0,0.0
2008-10-27 00:00:00-04:00,4.802055361521442,5.114548518396074,4.509795188903809,4.509795188903809,2273600,0.0,0.0
2008-10-28 00:00:00-04:00,4.680654926108219,4.943688869476318,4.3951393648246615,4.943688869476318,3452000,0.0,0.0
2008-10-29 00:00:00-04:00,4.833529853050311,5.12129364518175,4.734610982504935,4.858259677886963,2928800,0.0,0.0
2008-10-30 00:00:00-04:00,5.080825044523819,5.388821715612297,4.914461800869991,5.350603103637695,2905200,0.0,0.0
2008-10-31 00:00:00-04:00,5.3056415286300505,5.845198199771829,5.233700696317972,5.552938461303711,4515600,0.0,0.0
2008-11-03 00:00:00-05:00,5.59565435806186,6.132963377799206,5.588910171471848,5.971096038818359,4752000,0.0,0.0
2008-11-04 00:00:00-05:00,6.1307137752396414,6.236376819477516,5.658601525493799,5.917139053344727,3441200,0.0,0.0
2008-11-05 00:00:00-05:00,5.831709675438263,6.054276796681431,5.703565008249881,5.714805603027344,2737200,0.0,0.0
2008-11-06 00:00:00-05:00,5.647360680718666,5.975590821963668,5.62038265530071,5.685579299926758,4251200,0.0,0.0
2008-11-07 00:00:00-05:00,5.7507752091231765,5.804730828281037,5.501230095317072,5.663097381591797,2894800,0.0,0.0
2008-11-10 00:00:00-05:00,5.732791900634766,5.732791900634766,5.442779869248625,5.507976531982422,2110400,0.0,0.0
2008-11-11 00:00:00-05:00,5.424794767724448,5.762017827591648,5.424794767724448,5.6091437339782715,5720400,0.0,0.0
2008-11-12 00:00:00-05:00,5.593406358869096,5.593406358869096,5.085323987120824,5.231453895568848,3948800,0.0,0.0
2008-11-13 00:00:00-05:00,5.274166877909626,5.726045694851943,5.177496656431434,5.685579299926758,5832400,0.0,0.0
2008-11-14 00:00:00-05:00,5.579917331017477,5.775506888653552,5.429291018226859,5.492239475250244,6026800,0.0,0.0
2008-11-17 00:00:00-05:00,5.438282856183065,5.748527817400731,5.384327229397436,5.6316237449646,4732400,0.0,0.0
2008-11-18 00:00:00-05:00,5.696820341600152,5.744031353791842,5.469756813018159,5.699068546295166,4426400,0.0,0.0
2008-11-19 00:00:00-05:00,5.631624299103217,5.721550781395691,4.669414883545216,4.680655479431152,5543200,0.0,0.0
2008-11-20 00:00:00-05:00,4.730116096534345,5.507977154105882,4.498556086299372,4.948186874389648,6827200,0.0,0.0
2008-11-21 00:00:00-05:00,5.112300976936992,5.112300976936992,4.1748209558975455,4.246761798858643,6650000,0.0,0.0
2008-11-24 00:00:00-05:00,4.305212865519059,5.170751847489486,4.271490656621749,5.053847789764404,4803600,0.0,0.0
2008-11-25 00:00:00-05:00,5.1078043512762825,5.314634480452678,4.970667285975411,5.262927055358887,3975600,0.0,0.0
2008-11-26 00:00:00-05:00,5.094314631835444,5.456267399788118,4.950432977951667,5.0673370361328125,5645200,0.0,0.0
2008-11-28 00:00:00-05:00,5.0313660135263945,5.2381960979716915,4.930199390065812,5.159511089324951,1592400,0.0,0.0
2008-12-01 00:00:00-05:00,5.0156296108607625,5.159511705573856,4.7391068733858726,4.759340286254883,3091600,0.0,0.0
2008-12-02 00:00:00-05:00,4.87849238623362,5.267422768641787,4.678406469252752,5.242692947387695,3524000,0.0,0.0
2008-12-03 00:00:00-05:00,5.128037635924606,5.6136387218719825,5.1033082408299615,5.566427707672119,5532400,0.0,0.0
2008-12-04 00:00:00-05:00,5.4854945314343215,5.777754747827901,5.287657209322807,5.483246326446533,4063200,0.0,0.0
2008-12-05 00:00:00-05:00,5.3753347498202135,6.108232810320496,5.283160494643301,6.103736400604248,4873200,0.0,0.0
2008-12-08 00:00:00-05:00,6.070012742365341,6.182420385742477,5.917138278764255,6.0475311279296875,3595600,0.0,0.0
2008-12-09 00:00:00-05:00,6.0025691960894205,6.290332530325131,5.802483270352312,5.83620548248291,4025200,0.0,0.0
2008-12-10 00:00:00-05:00,5.863185117385646,5.878922125442223,5.512473243206193,5.728295803070068,3326000,0.0,0.0
2008-12-11 00:00:00-05:00,5.557434218608386,5.642864275150114,5.4090561507213515,5.5754194259643555,4854400,0.0,0.0
2008-12-12 00:00:00-05:00,5.424794507356712,5.991329323654585,5.36409468538294,5.953110694885254,3223200,0.0,0.0
2008-12-15 00:00:00-05:00,5.878920826514885,5.923884064286041,5.6046462767542335,5.732790946960449,2648400,0.0,0.0
2008-12-16 00:00:00-05:00,5.755272529153288,6.177925160542432,5.685579896973414,6.094743728637695,3058800,0.0,0.0
2008-12-17 00:00:00-05:00,6.0183067466544085,6.256610886670999,6.00706572238872,6.130714416503906,3221600,0.0,0.0
2008-12-18 00:00:00-05:00,6.202655479932853,6.364522375975882,6.072262595364544,6.207151889801025,4204800,0.0,0.0
2008-12-19 00:00:00-05:00,6.3892512584448715,6.492666097342144,6.209399178275188,6.292580604553223,4875200,0.0,0.0
2008-12-22 00:00:00-05:00,6.252114824886936,6.5196452140808105,6.0205552865437655,6.5196452140808105,4342000,0.0,0.0
2008-12-23 00:00:00-05:00,6.519644233701136,6.519644233701136,6.21614346809619,6.324054718017578,3254400,0.0,0.0
2008-12-24 00:00:00-05:00,6.389251925387105,6.557863428947144,6.299325875915331,6.409485340118408,1667200,0.0,0.0
2008-12-26 00:00:00-05:00,6.470185470388265,6.519644689526579,6.3622737841209664,6.4207258224487305,1875600,0.0,0.0
2008-12-29 00:00:00-05:00,6.4139816673416234,6.4477038818598915,6.211647522629567,6.4072370529174805,3046000,0.0,0.0
2008-12-30 00:00:00-05:00,6.474681459811458,6.602826560624594,6.40948523580593,6.476929664611816,3206400,0.0,0.0
2008-12-31 00:00:00-05:00,6.503907740479544,6.686008042614158,6.2948294093466215,6.575848579406738,3479600,0.0,0.0
2009-01-02 00:00:00-05:00,6.578096063415133,6.695000128262436,6.418476969334937,6.652285099029541,4737600,0.0,0.0
2009-01-05 00:00:00-05:00,6.596081793439696,6.872604545460493,6.5084039522626655,6.751204490661621,5855600,0.0,0.0
2009-01-06 00:00:00-05:00,6.706241584483806,6.9580349543106275,6.706241584483806,6.915319919586182,5419200,0.0,0.0
2009-01-07 00:00:00-05:00,6.784926479033096,6.958034379693136,6.724226239248221,6.85686731338501,4759200,0.0,0.0
2009-01-08 00:00:00-05:00,6.766941873018273,6.890590139470932,6.69275282738643,6.874853134155273,3993600,0.0,0.0
2009-01-09 00:00:00-05:00,6.859116698428823,6.859116698428823,6.533134254272774,6.737716197967529,3077200,0.0,0.0
2009-01-12 00:00:00-05:00,6.789423784432477,6.8568682183382546,6.53088578725741,6.645541667938232,2803200,0.0,0.0
2009-01-13 00:00:00-05:00,6.641044654548504,6.766941111711167,6.463440348707283,6.517395973205566,2448000,0.0,0.0
2009-01-14 00:00:00-05:00,6.39374773845604,6.530884790303684,6.130713800294207,6.2386250495910645,3122800,0.0,0.0
2009-01-15 00:00:00-05:00,6.288084360310085,6.560111121104404,6.000321024489417,6.297077178955078,4861200,0.0,0.0
2009-01-16 00:00:00-05:00,6.387003992640801,6.744460429720064,6.3442889565215586,6.697249412536621,3652400,0.0,0.0
2009-01-20 00:00:00-05:00,6.629803793975033,6.677015234569172,6.319558838303883,6.339792251586914,3376400,0.0,0.0
2009-01-21 00:00:00-05:00,6.425221635080621,6.4274698396691035,5.649608632902251,5.872176170349121,6172000,0.0,0.0
2009-01-22 00:00:00-05:00,5.759768761152978,5.959854261310037,5.701316725745042,5.894657611846924,3408400,0.0,0.0
2009-01-23 00:00:00-05:00,5.75077708165141,6.186919014525728,5.72155127255836,5.971096038818359,3186800,0.0,0.0
2009-01-26 00:00:00-05:00,5.9845843479700935,6.065517576195451,5.775506019852255,5.874424457550049,1967600,0.0,0.0
2009-01-27 00:00:00-05:00,5.894657595190627,5.894657595190627,5.512471804635709,5.65635347366333,2774800,0.0,0.0
2009-01-28 00:00:00-05:00,5.7665140246770195,6.036292634112725,5.645113950591847,5.98233699798584,2364000,0.0,0.0
2009-01-29 00:00:00-05:00,5.867680725209273,6.7691903308489705,5.842950899474122,6.195910930633545,7230000,0.0,0.0
2009-01-30 00:00:00-05:00,6.175678416186638,6.2925825182503425,5.681084830903857,5.926133632659912,5182000,0.0,0.0
2009-02-02 00:00:00-05:00,5.883417450064133,6.128466204348139,5.710309535789885,6.07451057434082,4706800,0.0,0.0
2009-02-03 00:00:00-05:00,6.070014118541933,6.110480947940409,5.83395818545246,5.975591659545898,2805600,0.0,0.0
2009-02-04 00:00:00-05:00,5.975591348921172,6.288084514896727,5.874424280683874,5.896905899047852,3237600,0.0,0.0
2009-02-05 00:00:00-05:00,5.84519822234008,6.398243694475379,5.746279363128454,6.209399223327637,3504400,0.0,0.0
2009-02-06 00:00:00-05:00,6.263355262381526,6.614067058873453,6.159939987087021,6.501659393310547,4734000,0.0,0.0
2009-02-09 00:00:00-05:00,6.461192920096795,6.58259341139942,6.3308000380317,6.456696510314941,2392000,0.0,0.0
2009-02-10 00:00:00-05:00,6.34203981939959,6.582592566228168,6.2049027690706495,6.292580604553223,3267200,0.0,0.0
2009-02-11 00:00:00-05:00,6.339792128892818,6.387003139772085,5.99357633390678,6.085750579833984,4327200,0.0,0.0
2009-02-12 00:00:00-05:00,6.119473391398501,6.553367065566221,6.085751176208525,6.50840425491333,5237600,0.0,0.0
2009-02-13 00:00:00-05:00,6.485922409805502,6.614067080355221,6.324055096436412,6.431966781616211,2554800,0.0,0.0
2009-02-17 00:00:00-05:00,6.467937633523368,6.735467587609801,6.2790927078145655,6.627556324005127,5087600,0.0,0.0
2009-02-18 00:00:00-05:00,6.580345110495675,6.6253079212544534,6.025050945774846,6.103736400604248,4988400,0.0,0.0
2009-02-19 00:00:00-05:00,6.139708363072742,6.238627257673197,5.894659546395165,5.937374591827393,2566800,0.0,0.0
2009-02-20 00:00:00-05:00,5.849696682416222,5.953111558319935,5.186491095463846,5.45626974105835,5369200,0.0,0.0
2009-02-23 00:00:00-05:00,5.510223775750967,5.708061076975596,5.2202117949635,5.368589878082275,4607200,0.0,0.0
2009-02-24 00:00:00-05:00,5.458516006219335,5.478749418886962,5.202226255363112,5.386574745178223,3596400,0.0,0.0
2009-02-25 00:00:00-05:00,5.334866737691111,5.334866737691111,4.754843305675153,5.006636619567871,5699600,0.0,0.0
2009-02-26 00:00:00-05:00,4.975163302358188,5.267423502627628,4.761588985916416,5.166256427764893,5872400,0.0,0.0
2009-02-27 00:00:00-05:00,5.060592800527932,5.186489257073116,4.885236700167679,4.925703525543213,4048400,0.0,0.0
2009-03-02 00:00:00-05:00,4.826785536163075,4.968419450489958,4.5997219752781,4.628948211669922,3727200,0.0,0.0
2009-03-03 00:00:00-05:00,4.642435339602892,4.698639158311889,4.091638173535391,4.136600971221924,4693600,0.0,0.0
2009-03-04 00:00:00-05:00,4.1973024093322975,4.2962212788642,3.9994650990697234,4.0871429443359375,3682800,0.0,0.0
2009-03-05 00:00:00-05:00,4.046675945659896,4.046675945659896,3.2755592940731773,3.3272669315338135,9448400,0.0,0.0
2009-03-06 00:00:00-05:00,3.3160265831341555,3.4644046874652092,3.2575745376702145,3.3902156352996826,4637200,0.0,0.0
2009-03-09 00:00:00-04:00,3.3564927656450747,3.450915216337343,3.0912106218524555,3.133925437927246,6224400,0.0,0.0
2009-03-10 00:00:00-04:00,3.131677838971423,3.3047855439353384,3.0597367824456025,3.2710633277893066,5824800,0.0,0.0
2009-03-11 00:00:00-04:00,3.300289229771129,3.637512236701946,3.2103629659492094,3.554330587387085,7582800,0.0,0.0
2009-03-12 00:00:00-04:00,3.4958783530056663,3.8196123272598057,3.419441108062169,3.7589120864868164,3966000,0.0,0.0
2009-03-13 00:00:00-04:00,3.817363530226572,3.999464224289802,3.8083711415821058,3.880311965942383,2570400,0.0,0.0
2009-03-16 00:00:00-04:00,3.882561467471054,4.024194959150083,3.6734831088200215,3.693716526031494,4289600,0.0,0.0
2009-03-17 00:00:00-04:00,3.709452619581905,4.116368211120197,3.630767175224478,4.114120006561279,4108400,0.0,0.0
2009-03-18 00:00:00-04:00,4.114121607889049,4.2107922975435,3.767906118281552,4.062414169311523,3791600,0.0,0.0
2009-03-19 00:00:00-04:00,4.04667601150393,4.096135230609428,3.7229418105192744,3.783642053604126,2946800,0.0,0.0
2009-03-20 00:00:00-04:00,3.7836421508929945,3.8555829910057966,3.700460286511798,3.7094531059265137,2826000,0.0,0.0
2009-03-23 00:00:00-04:00,3.8061223201898433,3.952252149581909,3.5790588621124817,3.952252149581909,2904400,0.0,0.0
2009-03-24 00:00:00-04:00,3.8960497205903466,3.8960497205903466,3.668986181822035,3.783642053604126,3583600,0.0,0.0
2009-03-25 00:00:00-04:00,3.740927985009387,4.093888081779451,3.740927985009387,3.8825619220733643,2804000,0.0,0.0
2009-03-26 00:00:00-04:00,3.9410132888929867,4.325447336350583,3.9230280778213085,4.192806243896484,3250400,0.0,0.0
2009-03-27 00:00:00-04:00,4.0714069910474455,4.208544092109519,4.015203141601959,4.062414169311523,2281600,0.0,0.0
2009-03-30 00:00:00-04:00,3.9949676862412,4.030938097256898,3.7049557650258715,3.765655994415283,3836800,0.0,0.0
2009-03-31 00:00:00-04:00,3.8016274383557893,4.051172607781084,3.6644899410966647,3.950005531311035,3081600,0.0,0.0
2009-04-01 00:00:00-04:00,3.9320212557500493,4.084895794849986,3.776898511216132,4.062414169311523,2269200,0.0,0.0
2009-04-02 00:00:00-04:00,4.125361785031212,4.52328506002578,4.118617170118994,4.514292240142822,4752800,0.0,0.0
2009-04-03 00:00:00-04:00,4.460335282153815,4.56824651588307,4.365912845440435,4.4468464851379395,2190400,0.0,0.0
2009-04-06 00:00:00-04:00,4.386146764174808,4.6986399088999455,4.327694731923851,4.532276630401611,3378800,0.0,0.0
2009-04-07 00:00:00-04:00,4.437854238291565,4.592976924714859,4.293972574827166,4.296220779418945,2481200,0.0,0.0
2009-04-08 00:00:00-04:00,4.3119580224162775,4.489561907026115,4.296221018200352,4.42886209487915,1298000,0.0,0.0
2009-04-09 00:00:00-04:00,4.570495573995177,4.9639223956630385,4.505299352238272,4.932448387145996,2427200,0.0,0.0
2009-04-13 00:00:00-04:00,4.865003137890383,4.927951578628023,4.7391066852162735,4.8515143394470215,2341600,0.0,0.0
2009-04-14 00:00:00-04:00,4.763836658562808,4.898725933709506,4.415372662033743,4.464832305908203,2402800,0.0,0.0
2009-04-15 00:00:00-04:00,4.415373828698022,4.734611678416189,4.235521700181294,4.626700401306152,2910000,0.0,0.0
2009-04-16 00:00:00-04:00,4.637939979091302,4.682903215737947,4.332191427818204,4.554758548736572,2752000,0.0,0.0
2009-04-17 00:00:00-04:00,4.5547583272784165,4.658173166215854,4.32769480797526,4.451343059539795,3423200,0.0,0.0
2009-04-20 00:00:00-04:00,4.332192578579618,4.4243668522684345,4.109625398540674,4.210792064666748,3585200,0.0,0.0
2009-04-21 00:00:00-04:00,4.20629441022402,4.563750801530641,4.084894361011102,4.453591346740723,2516800,0.0,0.0
2009-04-22 00:00:00-04:00,4.4266147780388305,4.727867409686041,4.377155121952658,4.455840587615967,2724400,0.0,0.0
2009-04-23 00:00:00-04:00,4.476073428801379,4.476073428801379,3.637512305325758,3.907290458679199,8406000,0.0,0.0
2009-04-24 00:00:00-04:00,4.003961168571237,4.132105846426951,3.9342685317867896,4.006209373474121,3188400,0.0,0.0
2009-04-27 00:00:00-04:00,3.803874962611093,3.815115556295885,3.567818850420575,3.7206931114196777,6728000,0.0,0.0
2009-04-28 00:00:00-04:00,3.6712341724638016,3.9882237405698926,3.6217749562434083,3.713949203491211,4361200,0.0,0.0
2009-04-29 00:00:00-04:00,3.78588979681127,3.9545012767329077,3.722941356605438,3.8398454189300537,3480000,0.0,0.0
2009-04-30 00:00:00-04:00,3.88705670949097,3.947756514081559,3.7341822381937653,3.7724008560180664,2573600,0.0,0.0
2009-05-01 00:00:00-04:00,3.8308527563949766,3.8938007633096503,3.7296857041376263,3.880311965942383,2193200,0.0,0.0
2009-05-04 00:00:00-04:00,3.9837257242946484,4.127607763189972,3.8780627204817737,4.111870765686035,3869200,0.0,0.0
2009-05-05 00:00:00-04:00,4.098383088578164,4.287227987438045,4.080397880534422,4.199550151824951,3894800,0.0,0.0
2009-05-06 00:00:00-04:00,4.242264857957711,4.2894758646689235,3.974734533524051,4.120864391326904,2654800,0.0,0.0
2009-05-07 00:00:00-04:00,4.1433463606895495,4.183813186355506,3.8555826005770015,3.900545835494995,3107600,0.0,0.0
2009-05-08 00:00:00-04:00,3.9522532057221853,4.026442242241838,3.860078961222046,3.934267997741699,3486400,0.0,0.0
2009-05-11 00:00:00-04:00,3.842094440256358,3.920779900041378,3.6644901044901337,3.8713202476501465,3556800,0.0,0.0
2009-05-12 00:00:00-04:00,3.8196117412459643,3.8982971788276006,3.597044654692973,3.734182119369507,3527200,0.0,0.0
2009-05-13 00:00:00-04:00,3.6195271468678882,3.711701404182058,3.5475860905441343,3.5790603160858154,2860400,0.0,0.0
2009-05-14 00:00:00-04:00,3.5071193126866334,3.7611604526312,3.2665667583806774,3.57456374168396,5312400,0.0,0.0
2009-05-15 00:00:00-04:00,3.5498340291116577,3.657745498300421,3.5138636108489383,3.5925488471984863,4153200,0.0,0.0
2009-05-18 00:00:00-04:00,3.6240232237009242,3.704956449027411,3.540841364869555,3.7027082443237305,2502800,0.0,0.0
2009-05-19 00:00:00-04:00,3.6982125974220716,3.7094531931535557,3.4733970379818415,3.5228564739227295,6228400,0.0,0.0
2009-05-20 00:00:00-04:00,3.6127826820870643,3.806124024381123,3.5813086696396628,3.590301275253296,6558800,0.0,0.0
2009-05-21 00:00:00-04:00,3.6127828889355214,3.7072053604851063,3.5520828511682976,3.680227756500244,3914400,0.0,0.0
2009-05-22 00:00:00-04:00,3.720693463250025,3.7656566998432615,3.5745635875238104,3.6262710094451904,2386400,0.0,0.0
2009-05-26 00:00:00-04:00,3.5723157595408668,3.7386788420128636,3.5723157595408668,3.630767583847046,3803200,0.0,0.0
2009-05-27 00:00:00-04:00,3.6285194479321303,3.6599938870957027,3.3812227027395765,3.401456117630005,4490000,0.0,0.0
2009-05-28 00:00:00-04:00,3.475644924991879,3.4958783384989136,3.3722298671563924,3.3879668712615967,4518000,0.0,0.0
2009-05-29 00:00:00-04:00,3.390214866439658,3.5453375508062606,3.3519962464885005,3.5003743171691895,2945200,0.0,0.0
2009-06-01 00:00:00-04:00,3.5880526297362816,3.642008471194428,3.5093671794769117,3.5633230209350586,3241200,0.0,0.0
2009-06-02 00:00:00-04:00,3.5835564949725103,3.797131029246925,3.570067694374466,3.6554975509643555,4086400,0.0,0.0
2009-06-03 00:00:00-04:00,3.6060381971908293,3.6757308313237145,3.5520823535775428,3.63751220703125,3576800,0.0,0.0
2009-06-04 00:00:00-04:00,3.637512190246433,3.657745604707974,3.464404279320453,3.525104522705078,2801200,0.0,0.0
2009-06-05 00:00:00-04:00,3.5880528387769184,3.6127824490188933,3.4621561539072827,3.5768120288848877,2854400,0.0,0.0
2009-06-08 00:00:00-04:00,3.561074412587356,3.592548417603287,3.4778927767014856,3.558826208114624,3915200,0.0,0.0
2009-06-09 00:00:00-04:00,3.5610744477407024,3.6307670718787346,3.4756446065387743,3.594796657562256,2551600,0.0,0.0
2009-06-10 00:00:00-04:00,3.6195267958445165,3.6442561898565495,3.473396706859139,3.5273523330688477,3118800,0.0,0.0
2009-06-11 00:00:00-04:00,3.52285666199384,3.617279129103361,3.457660217027803,3.507119655609131,2982000,0.0,0.0
2009-06-12 00:00:00-04:00,3.5161122315020137,3.7049569497192274,3.4958788152357263,3.6824753284454346,2928000,0.0,0.0
2009-06-15 00:00:00-04:00,3.5835563036251394,3.6982123889900693,3.5565784894689356,3.66448974609375,2911600,0.0,0.0
2009-06-16 00:00:00-04:00,3.709452619086775,3.857830689546152,3.709452619086775,3.7364306449890137,3533600,0.0,0.0
2009-06-17 00:00:00-04:00,3.78139481037655,3.925276523490104,3.7274391679589676,3.869072675704956,3290000,0.0,0.0
2009-06-18 00:00:00-04:00,3.9072914247776063,4.1118738312564105,3.7701543237155324,4.062414169311523,3998800,0.0,0.0
2009-06-19 00:00:00-04:00,4.118617872600171,4.125362488662767,3.972487954987868,4.01520299911499,3103600,0.0,0.0
2009-06-22 00:00:00-04:00,3.9477565221089956,3.9814787311281497,3.8218600749969482,3.8218600749969482,2686400,0.0,0.0
2009-06-23 00:00:00-04:00,3.817363960375645,3.8398455777217944,3.6127820572479368,3.711700916290283,2867200,0.0,0.0
2009-06-24 00:00:00-04:00,3.7454236460562633,3.8960499456717854,3.6734828036371328,3.7544164657592773,2563600,0.0,0.0
2009-06-25 00:00:00-04:00,3.7386789643366134,4.0286909625473655,3.7386789643366134,4.019698143005371,3844800,0.0,0.0
2009-06-26 00:00:00-04:00,4.015202260908219,4.062413278262527,3.9679908147526626,4.035435676574707,2167600,0.0,0.0
2009-06-29 00:00:00-04:00,4.03543498125416,4.188309031680612,3.9949681568937683,4.1410980224609375,2441200,0.0,0.0
2009-06-30 00:00:00-04:00,4.141097266444074,4.141097266444074,4.017449040184348,4.105126857757568,1546000,0.0,0.0
2009-07-01 00:00:00-04:00,4.080398040866489,4.224280139671201,4.080398040866489,4.204046726226807,2313600,0.0,0.0
2009-07-02 00:00:00-04:00,4.116366720238665,4.1815633424305965,4.030937121946881,4.125359535217285,1462000,0.0,0.0
2009-07-06 00:00:00-04:00,4.143347055412467,4.271491738973469,4.138850645406508,4.23552131652832,1826800,0.0,0.0
2009-07-07 00:00:00-04:00,4.2152888708648515,4.253507507112747,4.080399541236905,4.2085442543029785,1928000,0.0,0.0
2009-07-08 00:00:00-04:00,4.240017663497775,4.309710302348972,4.174821005784436,4.26249885559082,2056400,0.0,0.0
2009-07-09 00:00:00-04:00,4.3052141072171715,4.3052141072171715,4.2130398428726705,4.226528644561768,1280800,0.0,0.0
2009-07-10 00:00:00-04:00,4.226527634415343,4.615458444573859,4.226527634415343,4.5727434158325195,3815600,0.0,0.0
2009-07-13 00:00:00-04:00,4.597473601860317,4.696392036856921,4.446847315841389,4.667166233062744,2128400,0.0,0.0
2009-07-14 00:00:00-04:00,4.664919212558506,4.763838101467488,4.619955964290428,4.6604228019714355,2883600,0.0,0.0
2009-07-15 00:00:00-04:00,4.752595737230196,4.858259212277431,4.660421490147201,4.8312811851501465,2750800,0.0,0.0
2009-07-16 00:00:00-04:00,4.8425223331266825,4.856011132637002,4.640188196465853,4.793062686920166,1502800,0.0,0.0
2009-07-17 00:00:00-04:00,4.8065500820555505,4.82453528574814,4.68964647245426,4.752594470977783,1273600,0.0,0.0
2009-07-20 00:00:00-04:00,4.795311111183593,5.002141237949743,4.69639224304294,4.952682018280029,2038000,0.0,0.0
2009-07-21 00:00:00-04:00,4.963922815291004,4.963922815291004,4.52328494359801,4.664918422698975,2623600,0.0,0.0
2009-07-22 00:00:00-04:00,4.622204250780491,4.876245878995549,4.577241430523882,4.662671089172363,1762400,0.0,0.0
2009-07-23 00:00:00-04:00,4.898725363735164,5.051599400393025,4.6986394645074165,4.950432777404785,3012000,0.0,0.0
2009-07-24 00:00:00-04:00,4.896478219943189,5.11679714844794,4.896478219943189,5.094315528869629,1824400,0.0,0.0
2009-07-27 00:00:00-04:00,5.044855794375757,5.141526448543391,4.948185140208125,5.051599979400635,1523200,0.0,0.0
2009-07-28 00:00:00-04:00,4.990900505432196,5.220211816506786,4.990900505432196,5.116796970367432,1293200,0.0,0.0
2009-07-29 00:00:00-04:00,5.051599423978738,5.175248091054299,5.011133031875187,5.159511089324951,1952400,0.0,0.0
2009-07-30 00:00:00-04:00,5.217963853227521,5.283160507872669,5.083074991812183,5.166256427764893,1964800,0.0,0.0
2009-07-31 00:00:00-04:00,5.123541954014704,5.278664234406864,5.1190455441711284,5.184241771697998,1805600,0.0,0.0
2009-08-03 00:00:00-04:00,5.204474602889063,5.283160051112683,5.152767181896843,5.2359490394592285,1823200,0.0,0.0
2009-08-04 00:00:00-04:00,5.276415900420524,5.447275611085859,5.202226855021216,5.361845970153809,1304800,0.0,0.0
2009-08-05 00:00:00-04:00,5.433786432946523,5.530457091492309,5.305641766056046,5.47650146484375,1684800,0.0,0.0
2009-08-06 00:00:00-04:00,5.397816298823596,5.418049713480174,5.044856287949623,5.065089702606201,3818400,0.0,0.0
2009-08-07 00:00:00-04:00,5.164008341972702,5.296649430383953,5.049352464084947,5.211219787597656,2411600,0.0,0.0
2009-08-10 00:00:00-04:00,5.168504393437109,5.211219426269161,5.047104338021293,5.116796970367432,1099200,0.0,0.0
2009-08-11 00:00:00-04:00,5.083074038426206,5.157263069810173,4.979658778096377,5.0673370361328125,1097200,0.0,0.0
2009-08-12 00:00:00-04:00,5.092068888255502,5.38208096942145,5.071835467299675,5.267425060272217,1844400,0.0,0.0
2009-08-13 00:00:00-04:00,5.26742413889334,5.323627980872481,5.103309023226555,5.1977314949035645,1352400,0.0,0.0
2009-08-14 00:00:00-04:00,5.186489217055791,5.190985626240865,5.011133546849713,5.175248622894287,1386000,0.0,0.0
2009-08-17 00:00:00-04:00,5.069586573930431,5.116798026022173,4.993149311535271,5.035864353179932,1184000,0.0,0.0
2009-08-18 00:00:00-04:00,5.094316089257804,5.1887385588324495,5.029119856990294,5.152768135070801,1162000,0.0,0.0
2009-08-19 00:00:00-04:00,5.060593409450528,5.16400826114159,5.040359994328148,5.069585800170898,1482000,0.0,0.0
2009-08-20 00:00:00-04:00,5.015629389501149,5.137029861357326,5.002140591117519,5.0740814208984375,1044800,0.0,0.0
2009-08-21 00:00:00-04:00,5.139278701740019,5.21796372604739,5.056096839013511,5.204474925994873,1478800,0.0,0.0
2009-08-24 00:00:00-04:00,5.233701362660709,5.451772091971108,5.20447512781217,5.2516865730285645,1755200,0.0,0.0
2009-08-25 00:00:00-04:00,5.30789091796139,5.9778406044019015,5.30789091796139,5.955358982086182,5592800,0.0,0.0
2009-08-26 00:00:00-04:00,5.932876758023517,6.103736469971607,5.822717291530914,5.993577003479004,3108800,0.0,0.0
2009-08-27 00:00:00-04:00,5.998073255118759,6.027299060233565,5.744031684376994,5.806980133056641,1853200,0.0,0.0
2009-08-28 00:00:00-04:00,5.8744245625838705,5.97559163567594,5.755272708499016,5.806980133056641,1335200,0.0,0.0
2009-08-31 00:00:00-04:00,5.737287180281093,5.766512983773845,5.654105321599691,5.672090530395508,1770800,0.0,0.0
2009-09-01 00:00:00-04:00,5.5911574885591815,5.692324130552637,5.18199322463501,5.202226638793945,3518400,0.0,0.0
2009-09-02 00:00:00-04:00,5.1347825498224,5.233701422374841,5.042608292035321,5.184241771697998,2352000,0.0,0.0
2009-09-03 00:00:00-04:00,5.1617592513579265,5.366341575560406,5.112300038105261,5.310137748718262,1490800,0.0,0.0
2009-09-04 00:00:00-04:00,5.323627047433905,5.570923994541625,5.305641838306137,5.5214643478393555,1418400,0.0,0.0
2009-09-08 00:00:00-04:00,5.52596048764158,5.606894139167387,5.411304624247084,5.568675518035889,1630400,0.0,0.0
2009-09-09 00:00:00-04:00,5.584413043477888,5.822717182259124,5.534953823368945,5.766513347625732,1630400,0.0,0.0
2009-09-10 00:00:00-04:00,5.815972891144069,6.06102121120798,5.663098395103301,6.056525230407715,3972400,0.0,0.0
2009-09-11 00:00:00-04:00,6.047532898378246,6.1486999785553405,5.937373427074997,5.973343849182129,1958400,0.0,0.0
2009-09-14 00:00:00-04:00,5.910395044642336,5.980087674674369,5.766512946406956,5.894657611846924,1888000,0.0,0.0
2009-09-15 00:00:00-04:00,5.905898458343797,6.200406402444494,5.878920431732495,6.126217365264893,1853200,0.0,0.0
2009-09-16 00:00:00-04:00,6.1621890048388215,6.227385665291358,5.9283812525980935,6.105985164642334,1881200,0.0,0.0
2009-09-17 00:00:00-04:00,6.155443575498537,6.175676989597207,5.935124653981038,5.998073101043701,1576400,0.0,0.0
2009-09-18 00:00:00-04:00,6.022802998676357,6.029547184257968,5.753024426580202,5.944117546081543,2208400,0.0,0.0
2009-09-21 00:00:00-04:00,5.854191485765719,6.114977238125666,5.854191485765719,6.070013999938965,2371200,0.0,0.0
2009-09-22 00:00:00-04:00,6.135210296063198,6.2925807629732855,6.047532029572081,6.11497688293457,2561200,0.0,0.0
2009-09-23 00:00:00-04:00,6.155443575498537,6.180173399130514,5.917139444649023,5.998073101043701,1846000,0.0,0.0
2009-09-24 00:00:00-04:00,6.020554128362449,6.027298313198549,5.762016180015569,5.883416652679443,1985600,0.0,0.0
2009-09-25 00:00:00-04:00,6.009313757027282,6.186918076183415,5.923884119034011,6.070013999938965,2353600,0.0,0.0
2009-09-28 00:00:00-04:00,6.1149761467556685,6.261106001580106,5.9868310694346185,6.025049686431885,1930800,0.0,0.0
2009-09-29 00:00:00-04:00,6.034044754305388,6.225137910557492,6.027300138625441,6.175678253173828,1791200,0.0,0.0
2009-09-30 00:00:00-04:00,6.227384250435575,6.234128435294068,5.957605707265354,6.022802352905273,2225600,0.0,0.0
2009-10-01 00:00:00-04:00,6.013808348900279,6.013808348900279,5.719300471317505,5.726044654846191,1892400,0.0,0.0
2009-10-02 00:00:00-04:00,5.665346498669728,5.901402424113795,5.665346498669728,5.802483558654785,1546800,0.0,0.0
2009-10-05 00:00:00-04:00,5.84744741777551,6.040788759722195,5.74178435560532,5.932877063751221,1211200,0.0,0.0
2009-10-06 00:00:00-04:00,5.962101507635561,6.061019925070627,5.89690486865228,6.0475311279296875,1910800,0.0,0.0
2009-10-07 00:00:00-04:00,6.0362926003409685,6.1217222498635895,5.923884918505201,5.939621925354004,1386800,0.0,0.0
2009-10-08 00:00:00-04:00,5.998073301723259,6.222888640295787,5.912643232937009,6.144203186035156,2029600,0.0,0.0
2009-10-09 00:00:00-04:00,6.114976248184049,6.247617307680476,5.957605368808276,6.2363762855529785,1516000,0.0,0.0
2009-10-12 00:00:00-04:00,6.238625413767737,6.32180727462384,6.137458343645613,6.249866008758545,1655600,0.0,0.0
2009-10-13 00:00:00-04:00,6.202653849743078,6.294828083809049,6.083501592359713,6.2431206703186035,1164400,0.0,0.0
2009-10-14 00:00:00-04:00,6.324054095163049,6.4994101806154205,6.211646447032307,6.485921382904053,2151200,0.0,0.0
2009-10-15 00:00:00-04:00,6.402741378291871,6.474682225202816,6.218392850882258,6.274596691131592,1357200,0.0,0.0
2009-10-16 00:00:00-04:00,6.30382268880739,6.30382268880739,6.099240323571492,6.168933391571045,1174400,0.0,0.0
2009-10-19 00:00:00-04:00,6.243120140317908,6.290331141114022,6.186916322912383,6.270097732543945,1866000,0.0,0.0
2009-10-20 00:00:00-04:00,6.297077671078383,6.452200374417962,6.231881017210578,6.409485340118408,2522400,0.0,0.0
2009-10-21 00:00:00-04:00,6.348785286064045,6.517396794673823,6.081254905672182,6.204903602600098,4559600,0.0,0.0
2009-10-22 00:00:00-04:00,6.207151566405682,6.321807439263008,5.746279870159427,6.016058444976807,4448400,0.0,0.0
2009-10-23 00:00:00-04:00,6.016059235233895,6.153196745473639,5.971095990590978,6.0677666664123535,2924400,0.0,0.0
2009-10-26 00:00:00-04:00,6.045284408745133,6.108232858869221,5.890162131512761,5.964351177215576,3374000,0.0,0.0
2009-10-27 00:00:00-04:00,5.973343821961642,6.139707130649326,5.901402978075211,6.043036460876465,2191600,0.0,0.0
2009-10-28 00:00:00-04:00,6.038540130227986,6.08125473581248,5.755272752219545,5.766513347625732,2704800,0.0,0.0
2009-10-29 00:00:00-04:00,5.8227168253384995,5.955357901246775,5.7462795806184355,5.811476230621338,2571200,0.0,0.0
2009-10-30 00:00:00-04:00,5.7687611282649724,5.869928194686311,5.658601671940179,5.782249927520752,3108800,0.0,0.0
2009-11-02 00:00:00-05:00,5.800235562645521,5.869928626327812,5.60015004856704,5.766513347625732,3191600,0.0,0.0
2009-11-03 00:00:00-05:00,5.703564867565223,5.878920543055057,5.663098041282587,5.82271671295166,2758400,0.0,0.0
2009-11-04 00:00:00-05:00,5.854192843083979,5.914892671267943,5.665347884997313,5.717055320739746,2590000,0.0,0.0
2009-11-05 00:00:00-05:00,5.777754460520542,5.966599382091569,5.69682080018975,5.964351177215576,2158400,0.0,0.0
2009-11-06 00:00:00-05:00,5.935125109926853,6.222888910146797,5.908147508256974,6.180173873901367,1876800,0.0,0.0
2009-11-09 00:00:00-05:00,6.227384978051132,6.387003660769388,6.157691915161742,6.3375444412231445,2466800,0.0,0.0
2009-11-10 00:00:00-05:00,6.3330486432056565,6.46793794357834,6.310567021676665,6.411734104156494,2373200,0.0,0.0
2009-11-11 00:00:00-05:00,6.449952292810189,6.629804395189892,6.4184778532928135,6.6095709800720215,1968800,0.0,0.0
2009-11-12 00:00:00-05:00,6.580344570653841,6.641044810439726,6.366769843466998,6.382506847381592,1576800,0.0,0.0
2009-11-13 00:00:00-05:00,6.434213967676187,6.614066033164915,6.4139805567085615,6.485921382904053,1618000,0.0,0.0
2009-11-16 00:00:00-05:00,6.564608301303022,6.737715792535054,6.535382066075979,6.627556324005127,1493600,0.0,0.0
2009-11-17 00:00:00-05:00,6.623058868417127,6.715233540593744,6.5870884528950615,6.652285099029541,998000,0.0,0.0
2009-11-18 00:00:00-05:00,6.6725194303055355,6.688256435663605,6.546622958639743,6.6095709800720215,1929600,0.0,0.0
2009-11-19 00:00:00-05:00,6.544374331085657,6.560111335427338,6.382507020597031,6.526389122009277,1528000,0.0,0.0
2009-11-20 00:00:00-05:00,6.461191076988746,6.607320922804346,6.434213483595681,6.582591533660889,986400,0.0,0.0
2009-11-23 00:00:00-05:00,6.663527176131908,6.7399644333286695,6.620812566193514,6.668023586273193,1300800,0.0,0.0
2009-11-24 00:00:00-05:00,6.652286195454362,6.686008411964222,6.533133906398193,6.587089538574219,1076800,0.0,0.0
2009-11-25 00:00:00-05:00,6.614067523254853,6.6702713599824435,6.54437488577699,6.627556324005127,1032400,0.0,0.0
2009-11-27 00:00:00-05:00,6.4297182711175935,6.71073742257552,6.413981267244141,6.618563175201416,701600,0.0,0.0
2009-11-30 00:00:00-05:00,6.650036879837921,6.744459327576032,6.551118022969143,6.721977710723877,2493200,0.0,0.0
2009-12-01 00:00:00-05:00,6.7534522019636976,6.969274696415216,6.74221117904361,6.946793079376221,2249600,0.0,0.0
2009-12-02 00:00:00-05:00,6.766941681646034,6.865860549291431,6.625307780208112,6.784926891326904,3498000,0.0,0.0
2009-12-03 00:00:00-05:00,6.834384891667274,6.8793481222497554,6.746707063712696,6.805159091949463,2457600,0.0,0.0
2009-12-04 00:00:00-05:00,6.9130718278177685,7.236805614432343,6.9063272131295,7.198587417602539,2112000,0.0,0.0
2009-12-07 00:00:00-05:00,7.171607853589836,7.407664171570135,7.14238205379477,7.319986343383789,1953200,0.0,0.0
2009-12-08 00:00:00-05:00,7.2997540220726425,7.430146467207499,7.137886710427034,7.3537092208862305,2649200,0.0,0.0
2009-12-09 00:00:00-05:00,7.3514620236751345,7.39642526462777,7.227813754257252,7.385183811187744,1099200,0.0,0.0
2009-12-10 00:00:00-05:00,7.351460307520771,7.416656948802204,7.286263666239337,7.293007850646973,2040400,0.0,0.0
2009-12-11 00:00:00-05:00,7.3064970126462985,7.819075605562293,7.297504195113879,7.789850234985352,3535200,0.0,0.0
2009-12-14 00:00:00-05:00,7.780857874484421,7.8595428885091865,7.677443039594063,7.776361465454102,2109600,0.0,0.0
2009-12-15 00:00:00-05:00,7.699926326340884,7.832567427288523,7.59651146325698,7.62798547744751,2508800,0.0,0.0
2009-12-16 00:00:00-05:00,7.722406671781267,7.812333151821642,7.639225235185528,7.771866321563721,1187200,0.0,0.0
2009-12-17 00:00:00-05:00,7.6864356053485885,7.7696178925564965,7.580772986423452,7.711165428161621,1366800,0.0,0.0
2009-12-18 00:00:00-05:00,7.77636255079104,7.77636255079104,7.511080384193408,7.654962062835693,3496400,0.0,0.0
2009-12-21 00:00:00-05:00,7.688684739158015,7.830318642374762,7.668451324412765,7.780858993530273,1176800,0.0,0.0
2009-12-22 00:00:00-05:00,7.776362428396481,8.077615009913178,7.776362428396481,8.055133819580078,2013600,0.0,0.0
2009-12-23 00:00:00-05:00,8.086610132649405,8.190025009804454,7.913502173444986,8.124828338623047,1154800,0.0,0.0
2009-12-24 00:00:00-05:00,8.118080762012392,8.201262184336649,8.01916147941912,8.109087944030762,418400,0.0,0.0
2009-12-28 00:00:00-05:00,8.075368337163733,8.075368337163733,7.823575342362892,7.888772010803223,1411600,0.0,0.0
2009-12-29 00:00:00-05:00,7.940476881135051,7.940476881135051,7.801091625543419,7.884273052215576,1042400,0.0,0.0
2009-12-30 00:00:00-05:00,7.816829462385285,7.965207552247197,7.774114856589532,7.895514488220215,850400,0.0,0.0
2009-12-31 00:00:00-05:00,7.875281138538306,7.944974203142196,7.767369877527504,7.769618511199951,1492000,0.0,0.0
2010-01-04 00:00:00-05:00,7.828070050605746,7.931484900922408,7.7336480196911745,7.839310646057129,1802400,0.0,0.0
2010-01-05 00:00:00-05:00,7.814582024267196,8.304679608281472,7.814582024267196,8.268709182739258,3052800,0.0,0.0
2010-01-06 00:00:00-05:00,8.149554856496742,8.349640341964014,8.138314262697904,8.194518089294434,2994000,0.0,0.0
2010-01-07 00:00:00-05:00,8.216997741810607,8.4710392306961,8.129319925916173,8.151801109313965,2887200,0.0,0.0
2010-01-08 00:00:00-05:00,8.145061037967652,8.286694966165783,7.9224942941160545,7.989938735961914,2457600,0.0,0.0
2010-01-11 00:00:00-05:00,8.055132702100511,8.082110298278147,7.834812950909148,7.940476417541504,2324000,0.0,0.0
2010-01-12 00:00:00-05:00,7.89101714635798,8.138314505316513,7.870783733875939,8.118081092834473,1866800,0.0,0.0
2010-01-13 00:00:00-05:00,8.167542498721781,8.453057253268595,8.082112421183556,8.39460563659668,1442000,0.0,0.0
2010-01-14 00:00:00-05:00,8.405844818958458,8.491274882123944,8.36537799206967,8.408093452453613,1028400,0.0,0.0
2010-01-15 00:00:00-05:00,8.257465975004655,8.268706568632458,8.014665893755296,8.106840133666992,2452800,0.0,0.0
2010-01-19 00:00:00-05:00,8.13606631510297,8.363130273947725,8.091103936118083,8.356385231018066,1736400,0.0,0.0
2010-01-20 00:00:00-05:00,8.261961956281919,8.363129008899705,8.111336122741655,8.31816577911377,2017200,0.0,0.0
2010-01-21 00:00:00-05:00,8.363131721403443,8.531743244586567,8.282198053059133,8.36987590789795,2466000,0.0,0.0
2010-01-22 00:00:00-05:00,8.369873491456405,8.446310727535554,8.077613773836944,8.104591369628906,1602400,0.0,0.0
2010-01-25 00:00:00-05:00,8.151803976634175,8.27320446792895,8.129322785328835,8.2080078125,1302800,0.0,0.0
2010-01-26 00:00:00-05:00,8.16079656693481,8.223745444505784,7.96970387340039,7.976448059082031,1676000,0.0,0.0
2010-01-27 00:00:00-05:00,7.949467877209926,8.243975324368053,7.8550450203179585,8.205757141113281,2150800,0.0,0.0
2010-01-28 00:00:00-05:00,7.994434010551176,8.093352454030205,7.32448438254653,7.326732158660889,7360000,0.0,0.0
2010-01-29 00:00:00-05:00,7.371695369673389,7.416658610201807,7.023231327581249,7.045712947845459,3382800,0.0,0.0
2010-02-01 00:00:00-05:00,7.052457593853841,7.196338849299893,7.023231358740333,7.187346458435059,1856800,0.0,0.0
2010-02-02 00:00:00-05:00,7.216572070009158,7.475110054016113,7.203083698476509,7.475110054016113,2856000,0.0,0.0
2010-02-03 00:00:00-05:00,7.454877624127703,7.544804115038839,7.349214125947504,7.477358818054199,3080400,0.0,0.0
2010-02-04 00:00:00-05:00,7.225565332346605,7.322236003067815,7.113157655471014,7.194091320037842,5684800,0.0,0.0
2010-02-05 00:00:00-05:00,7.17160996232557,7.270528841673869,7.083932108358483,7.230062007904053,3012000,0.0,0.0
2010-02-08 00:00:00-05:00,7.209828430036926,7.398673364211994,7.167113392144616,7.281769275665283,2164800,0.0,0.0
2010-02-09 00:00:00-05:00,7.396426847814586,7.576278992519546,7.3672006062991935,7.502089500427246,2364400,0.0,0.0
2010-02-10 00:00:00-05:00,7.452627410984268,7.468364413107789,7.101915240226577,7.140133857727051,2656800,0.0,0.0
2010-02-11 00:00:00-05:00,7.149126852227638,7.340220384719433,7.1041640464659075,7.268279552459717,3575200,0.0,0.0
2010-02-12 00:00:00-05:00,7.234557694764603,7.3784393748490205,7.065946190115215,7.362702369689941,2327200,0.0,0.0
2010-02-16 00:00:00-05:00,7.457125399731079,7.69992641060524,7.416659422187962,7.645970344543457,1916000,0.0,0.0
2010-02-17 00:00:00-05:00,7.699924945831299,7.7561287775526955,7.609998472036099,7.699924945831299,1792000,0.0,0.0
2010-02-18 00:00:00-05:00,7.713411941562312,8.001175202251062,7.693178533695,7.994431018829346,2375600,0.0,0.0
2010-02-19 00:00:00-05:00,7.985443820971823,8.284447883605633,7.949473388077468,8.20351505279541,3352400,0.0,0.0
2010-02-22 00:00:00-05:00,8.212506326668535,8.358636680405368,7.974202550399646,7.9876909255981445,2300800,0.0,0.0
2010-02-23 00:00:00-05:00,7.971949194704289,8.073116236789813,7.807834152033189,7.85054874420166,1634400,0.0,0.0
2010-02-24 00:00:00-05:00,7.848303170925629,7.935981012799461,7.8010921572400935,7.857295989990234,1399600,0.0,0.0
2010-02-25 00:00:00-05:00,7.661707641889112,7.81008574056501,7.652714821944509,7.783107280731201,1677600,0.0,0.0
2010-02-26 00:00:00-05:00,7.8055879819522875,7.895513593053536,7.738142701623396,7.868535995483398,1939600,0.0,0.0
2010-03-01 00:00:00-05:00,7.917996032698564,8.430574700027464,7.915747399187875,8.356385231018066,4232000,0.0,0.0
2010-03-02 00:00:00-05:00,8.419331822799437,8.480032047096087,8.140560517615068,8.151801109313965,2903200,0.0,0.0
2010-03-03 00:00:00-05:00,8.194520294153346,8.295687380768092,8.091105431214968,8.232738494873047,1382400,0.0,0.0
2010-03-04 00:00:00-05:00,8.219249058694372,8.277700669177218,8.028155507003143,8.145059585571289,1340400,0.0,0.0
2010-03-05 00:00:00-05:00,8.22149631102348,8.356385162069998,8.149555476118353,8.351889610290527,2717600,0.0,0.0
2010-03-08 00:00:00-05:00,8.318165472909413,8.44631011564065,8.084357372711205,8.11583137512207,2030800,0.0,0.0
2010-03-09 00:00:00-05:00,8.115830525377604,8.536235678140423,8.115830525377604,8.533987045288086,4521600,0.0,0.0
2010-03-10 00:00:00-05:00,8.52499815094235,9.07804459554664,8.52499815094235,9.015095710754395,5502000,0.0,0.0
2010-03-11 00:00:00-05:00,8.970133616543388,9.098278308985215,8.936410967962873,9.078044891357422,3516400,0.0,0.0
2010-03-12 00:00:00-05:00,9.048818130457938,9.136495982580133,8.945403271934454,9.118511199951172,2555600,0.0,0.0
2010-03-15 00:00:00-04:00,9.053313439557494,9.253398945986852,9.051064806000745,9.170217514038086,2671200,0.0,0.0
2010-03-16 00:00:00-04:00,9.165720322160874,9.197194328449399,9.024086436260163,9.064553260803223,2453600,0.0,0.0
2010-03-17 00:00:00-04:00,9.091533361359831,9.269137711580507,8.988118495763965,9.22192668914795,2256800,0.0,0.0
2010-03-18 00:00:00-04:00,9.248900513472256,9.307352966728514,9.084785461425781,9.084785461425781,1341200,0.0,0.0
2010-03-19 00:00:00-04:00,9.030831336975098,9.111764992476392,8.824001646340607,9.030831336975098,3152400,0.0,0.0
2010-03-22 00:00:00-04:00,8.949899531763743,9.314100164312846,8.880206463440345,9.282626152038574,1887600,0.0,0.0
2010-03-23 00:00:00-04:00,9.32758901325505,9.439996685415933,9.201692111697971,9.413018226623535,1567600,0.0,0.0
2010-03-24 00:00:00-04:00,9.334329920878659,9.437744737122165,9.163469838943827,9.233162879943848,1607600,0.0,0.0
2010-03-25 00:00:00-04:00,9.287121206255739,9.529921306642859,9.239909337133964,9.244405746459961,1910800,0.0,0.0
2010-03-26 00:00:00-04:00,9.298361578520254,9.574884313441718,9.244405525500335,9.291617393493652,1465200,0.0,0.0
2010-03-29 00:00:00-04:00,9.298361007953952,9.424257027937914,9.221923771134124,9.2489013671875,1010400,0.0,0.0
2010-03-30 00:00:00-04:00,9.26239138376395,9.354565630940918,9.161224317934987,9.244405746459961,1028400,0.0,0.0
2010-03-31 00:00:00-04:00,9.190450456755917,9.442243373247175,9.179209862355862,9.269135475158691,2074400,0.0,0.0
2010-04-01 00:00:00-04:00,9.35006937731974,9.415266027228821,9.15223165169326,9.19269847869873,1848400,0.0,0.0
2010-04-05 00:00:00-04:00,9.212932525076372,9.244406535442174,9.084787849957054,9.239910125732422,1346400,0.0,0.0
2010-04-06 00:00:00-04:00,9.161227057709445,9.338831419990287,9.161227057709445,9.212934494018555,1208800,0.0,0.0
2010-04-07 00:00:00-04:00,9.212932088273014,9.212932088273014,8.965635569178701,9.001605987548828,1949600,0.0,0.0
2010-04-08 00:00:00-04:00,8.99261219665943,9.608606509475624,8.99261219665943,9.392783164978027,3802400,0.0,0.0
2010-04-09 00:00:00-04:00,9.466972716410476,9.487206128347612,9.25564577893319,9.4782133102417,1144000,0.0,0.0
2010-04-12 00:00:00-04:00,9.532169470313372,9.82667697703105,9.518680243000198,9.761480331420898,2223200,0.0,0.0
2010-04-13 00:00:00-04:00,9.725511262907348,9.882882172943253,9.635585641174307,9.799700736999512,2920400,0.0,0.0
2010-04-14 00:00:00-04:00,9.85590419791204,9.97730468312413,9.813189593531089,9.930092811584473,2156000,0.0,0.0
2010-04-15 00:00:00-04:00,9.96381567830248,10.215608615893556,9.927845258646611,10.130179405212402,2248000,0.0,0.0
2010-04-16 00:00:00-04:00,10.139173505876927,10.17964034372694,9.523179832120316,9.687294960021973,3186800,0.0,0.0
2010-04-19 00:00:00-04:00,9.374799209939892,9.696285192815225,9.314098969368773,9.415266036987305,1974800,0.0,0.0
2010-04-20 00:00:00-04:00,9.473717914921558,9.550155161796297,9.228669169729221,9.451236724853516,1592400,0.0,0.0
2010-04-21 00:00:00-04:00,9.442243433542982,9.57038809724716,9.019590392103343,9.242157936096191,2922800,0.0,0.0
2010-04-22 00:00:00-04:00,9.172465050125608,9.570388276624012,9.080290801565123,9.444491386413574,2683200,0.0,0.0
2010-04-23 00:00:00-04:00,9.608606761487742,9.94582972770707,9.565891303567788,9.8446626663208,2796400,0.0,0.0
2010-04-26 00:00:00-04:00,9.936840469240307,10.116692610800676,9.844666193090452,10.089715003967285,2401200,0.0,0.0
2010-04-27 00:00:00-04:00,9.990793389372378,10.278557607411086,9.413018034845093,9.462477684020996,2934000,0.0,0.0
2010-04-28 00:00:00-04:00,9.541163902685076,9.606360565185291,9.314100758504848,9.496201515197754,3124400,0.0,0.0
2010-04-29 00:00:00-04:00,9.586127348657541,9.65357178890443,9.392785991041231,9.446742057800293,1862400,0.0,0.0
2010-04-30 00:00:00-04:00,9.487208024988224,9.608608520880896,9.307355914926399,9.309603691101074,2348000,0.0,0.0
2010-05-03 00:00:00-04:00,9.734504030511948,10.357242623946872,9.680548829280001,10.161653518676758,5806400,0.0,0.0
2010-05-04 00:00:00-04:00,10.107696925517724,10.107696925517724,9.417513938226877,9.559147834777832,3158400,0.0,0.0
2010-05-05 00:00:00-04:00,9.419764225248718,9.703031210471172,9.219677828128319,9.525426864624023,3173200,0.0,0.0
2010-05-06 00:00:00-04:00,9.466972340221789,9.57937998927196,8.324910214222943,8.909430503845215,4126800,0.0,0.0
2010-05-07 00:00:00-04:00,8.947649842871796,9.487206970700235,8.819505175092964,9.224172592163086,5511600,0.0,0.0
2010-05-10 00:00:00-04:00,9.664811773711259,9.790707814330801,9.496200269936553,9.768226623535156,2487200,0.0,0.0
2010-05-11 00:00:00-04:00,9.60860970845079,10.01102858645004,9.525427400464295,9.961569786071777,2014400,0.0,0.0
2010-05-12 00:00:00-04:00,9.977302973680274,10.363984695641607,9.977302973680274,10.352744102478027,2092000,0.0,0.0
2010-05-13 00:00:00-04:00,10.316773227533178,10.543837144234042,10.188628584485066,10.256072998046875,1554400,0.0,0.0
2010-05-14 00:00:00-04:00,10.186382302199611,10.235841088673824,9.95032553372672,10.07622241973877,1351600,0.0,0.0
2010-05-17 00:00:00-04:00,10.107698410434898,10.363987784395889,9.869394676977679,10.21785831451416,1877200,0.0,0.0
2010-05-18 00:00:00-04:00,10.379720356021298,10.47414321311633,10.190876357035586,10.231342315673828,3063600,0.0,0.0
2010-05-19 00:00:00-04:00,10.148167794716995,10.354998424484757,10.03576008612225,10.211115837097168,3524800,0.0,0.0
2010-05-20 00:00:00-04:00,9.808692537764788,10.051492634590534,9.511936387420889,9.518680572509766,3647600,0.0,0.0
2010-05-21 00:00:00-04:00,9.25564810303577,10.07397674650798,9.24440750638202,9.970561027526855,3469200,0.0,0.0
2010-05-24 00:00:00-04:00,9.968310521591244,10.114440810882433,9.900866102534664,9.972806930541992,2300800,0.0,0.0
2010-05-25 00:00:00-04:00,9.676051546750827,10.388715697154105,9.640081129973412,10.3302640914917,3420400,0.0,0.0
2010-05-26 00:00:00-04:00,10.40895025562434,10.80687351741453,10.251579343304678,10.503373146057129,4450000,0.0,0.0
2010-05-27 00:00:00-04:00,10.678730587832307,11.027194256546311,10.595549137066346,10.948509216308594,3272000,0.0,0.0
2010-05-28 00:00:00-04:00,10.95300465725034,10.95300465725034,10.487636928805335,10.49887752532959,3305600,0.0,0.0
2010-06-01 00:00:00-04:00,10.532599144312583,10.584307431171245,10.346002843745012,10.381973266601562,2706400,0.0,0.0
2010-06-02 00:00:00-04:00,10.552830807824185,11.225028991699219,10.552830807824185,11.225028991699219,3725600,0.0,0.0
2010-06-03 00:00:00-04:00,11.06990851740374,11.398138731653983,11.06990851740374,11.305964469909668,2482000,0.0,0.0
2010-06-04 00:00:00-04:00,10.944009328084132,11.15983181924184,10.815864670359097,10.847338676452637,2151200,0.0,0.0
2010-06-07 00:00:00-04:00,10.973235970579577,10.986724340782084,10.593297534631198,10.609034538269043,1407600,0.0,0.0
2010-06-08 00:00:00-04:00,10.6854736064429,10.811370514659934,10.402206634957727,10.689970016479492,1396000,0.0,0.0
2010-06-09 00:00:00-04:00,10.838348486017196,11.054171029501195,10.68772260387812,10.757414817810059,1836000,0.0,0.0
2010-06-10 00:00:00-04:00,10.836100036110807,11.054170342332238,10.73718073329459,11.018199920654297,2242400,0.0,0.0
2010-06-11 00:00:00-04:00,10.901298418078865,11.434110641479492,10.748423887360964,11.434110641479492,4062000,0.0,0.0
2010-06-14 00:00:00-04:00,11.627450344644215,11.825287238032471,11.474575835824417,11.526283264160156,2737200,0.0,0.0
2010-06-15 00:00:00-04:00,11.54201920278998,11.742104711462808,11.54201920278998,11.636441230773926,2402800,0.0,0.0
2010-06-16 00:00:00-04:00,11.577990908738208,11.95792855409387,11.344182731164324,11.870250701904297,3702000,0.0,0.0
2010-06-17 00:00:00-04:00,11.98265552520752,12.099559586136657,11.881488466941697,11.98265552520752,2630000,0.0,0.0
2010-06-18 00:00:00-04:00,11.973664924715605,12.169254892786329,11.76009103255956,11.823039054870605,2214800,0.0,0.0
2010-06-21 00:00:00-04:00,12.045603706892493,12.072581301691612,11.542017077562699,11.627447128295898,1553200,0.0,0.0
2010-06-22 00:00:00-04:00,11.661170009699033,11.710629652841295,11.146343596273327,11.157584190368652,2050800,0.0,0.0
2010-06-23 00:00:00-04:00,11.15084076520933,11.384648929755302,10.930521830095714,11.20704460144043,2415200,0.0,0.0
2010-06-24 00:00:00-04:00,11.094636927227192,11.222781605205679,10.878814401958426,10.89680004119873,1735600,0.0,0.0
2010-06-25 00:00:00-04:00,10.919281411679052,11.006959260406898,10.573065569048968,10.678729057312012,3320400,0.0,0.0
2010-06-28 00:00:00-04:00,10.703458606507018,11.103629642205235,10.696714420656702,10.865325927734375,1584000,0.0,0.0
2010-06-29 00:00:00-04:00,10.640509642322623,10.640509642322623,10.12118593779333,10.168396949768066,2298800,0.0,0.0
2010-06-30 00:00:00-04:00,10.220105122250827,10.54833531191656,10.096456857114005,10.105449676513672,2297600,0.0,0.0
2010-07-01 00:00:00-04:00,10.213361322521475,10.462906495877952,9.723263795548078,9.950326919555664,2430400,0.0,0.0
2010-07-02 00:00:00-04:00,10.040253309576995,10.058238948890999,9.442244524026108,9.721015930175781,1719200,0.0,0.0
2010-07-06 00:00:00-04:00,9.788456069339807,10.537090396595392,9.788456069339807,10.042496681213379,3150000,0.0,0.0
2010-07-07 00:00:00-04:00,10.09645575376904,10.588800984463944,9.927844267662275,10.575312614440918,2097600,0.0,0.0
2010-07-08 00:00:00-04:00,10.602291340827705,10.734932424990323,10.390965231145932,10.636013984680176,1606000,0.0,0.0
2010-07-09 00:00:00-04:00,10.636015498062502,10.766407967133654,10.577563021414766,10.710204124450684,964800,0.0,0.0
2010-07-12 00:00:00-04:00,10.645003742711204,10.705703974517945,10.30103662007528,10.543837547302246,1304800,0.0,0.0
2010-07-13 00:00:00-04:00,10.69221848978573,10.791136936298226,10.615781235516184,10.741677284240723,2056800,0.0,0.0
2010-07-14 00:00:00-04:00,10.71919283088638,11.099130352859515,10.71919283088638,10.977730751037598,1943200,0.0,0.0
2010-07-15 00:00:00-04:00,10.937265158105989,11.042927770477618,10.755164448542779,10.903542518615723,1924000,0.0,0.0
2010-07-16 00:00:00-04:00,10.887805377094924,10.93726501902441,10.748420127005495,10.759660720825195,2047600,0.0,0.0
2010-07-19 00:00:00-04:00,10.811369786106463,10.811369786106463,10.296542449243663,10.723691940307617,1846400,0.0,0.0
2010-07-20 00:00:00-04:00,10.683225910068092,11.009208350535904,10.582058827494976,11.000215530395508,2092000,0.0,0.0
2010-07-21 00:00:00-04:00,11.029442732197461,11.135105376484404,10.723693681489273,10.77540111541748,2027600,0.0,0.0
2010-07-22 00:00:00-04:00,10.970987962881077,11.085644261756158,10.80912150800218,11.074402809143066,2332400,0.0,0.0
2010-07-23 00:00:00-04:00,11.074403742909418,11.267745080763635,11.029441359075646,11.240767478942871,4671200,0.0,0.0
2010-07-26 00:00:00-04:00,11.326198576000161,11.68365504845503,11.294724561429714,11.663421630859375,2729200,0.0,0.0
2010-07-27 00:00:00-04:00,11.7893182669976,11.894981770465435,11.240769046276261,11.456591606140137,3223200,0.0,0.0
2010-07-28 00:00:00-04:00,11.407130918793415,11.728616071349611,11.407130918793415,11.568997383117676,1910400,0.0,0.0
2010-07-29 00:00:00-04:00,11.697143356548622,11.769084205909166,11.38015372105292,11.634195327758789,1407200,0.0,0.0
2010-07-30 00:00:00-04:00,11.456590720726826,11.692646680934711,11.393642693365404,11.598224639892578,1517200,0.0,0.0
2010-08-02 00:00:00-04:00,11.870246177230777,11.91520940310255,11.708379764735486,11.903968811035156,1630000,0.0,0.0
2010-08-03 00:00:00-04:00,11.793812790270875,11.856761670026662,11.465582592467957,11.542019844055176,1120800,0.0,0.0
2010-08-04 00:00:00-04:00,11.631945993071806,11.649930774201215,11.386897239766121,11.533026695251465,1640800,0.0,0.0
2010-08-05 00:00:00-04:00,11.465581467466938,11.843271278532866,11.418370455484297,11.789315223693848,2479600,0.0,0.0
2010-08-06 00:00:00-04:00,11.636440874978774,11.881489614171452,11.488062794396207,11.84776782989502,1761600,0.0,0.0
2010-08-09 00:00:00-04:00,11.88598617894258,12.288405822825371,11.852264394225411,12.160261154174805,3949600,0.0,0.0
2010-08-10 00:00:00-04:00,12.119792644880722,12.119792644880722,11.805050885574568,11.917458534240723,1572800,0.0,0.0
2010-08-11 00:00:00-04:00,11.580239297156,11.746603047809828,11.168827617224325,11.186812400817871,1935600,0.0,0.0
2010-08-12 00:00:00-04:00,10.944011225151824,11.43186011937156,10.824859364971473,11.267745018005371,1579200,0.0,0.0
2010-08-13 00:00:00-04:00,11.202548275426183,11.555508273968902,11.090140610728442,11.490311622619629,1547200,0.0,0.0
2010-08-16 00:00:00-04:00,11.411625459533008,11.773578268092452,11.308210616402425,11.706133842468262,1416000,0.0,0.0
2010-08-17 00:00:00-04:00,11.845521140529758,12.113051970751004,11.834280543926083,11.962425231933594,1756400,0.0,0.0
2010-08-18 00:00:00-04:00,11.915210828598745,12.182740725258755,11.845517777279547,12.142273902893066,3057600,0.0,0.0
2010-08-19 00:00:00-04:00,12.081575781727818,12.182741990546761,11.546515075234595,11.564499855041504,2227200,0.0,0.0
2010-08-20 00:00:00-04:00,11.488062408651688,11.488062408651688,10.970987348686975,11.24975872039795,3047600,0.0,0.0
2010-08-23 00:00:00-04:00,11.301464062871295,11.501549521922367,10.849584876437055,10.856329917907715,1877600,0.0,0.0
2010-08-24 00:00:00-04:00,10.647255931213039,10.779897032207556,10.381973729224004,10.593299865722656,2091200,0.0,0.0
2010-08-25 00:00:00-04:00,10.469651177979731,10.469651177979731,10.118938909941184,10.24258804321289,4030800,0.0,0.0
2010-08-26 00:00:00-04:00,10.289796753501866,10.3392563957111,9.988544206377366,10.008777618408203,2464800,0.0,0.0
2010-08-27 00:00:00-04:00,10.096458535017504,10.141421781885706,9.909862218277985,10.071728706359863,3375600,0.0,0.0
2010-08-30 00:00:00-04:00,10.060487681588235,10.179639551764168,9.972809825601978,9.975057601928711,2586400,0.0,0.0
2010-08-31 00:00:00-04:00,9.97056013586696,10.044749610831584,9.867145283736702,9.943582534790039,3633600,0.0,0.0
2010-09-01 00:00:00-04:00,10.100951412654059,10.23584024847865,9.878383890180947,10.163899421691895,3626000,0.0,0.0
2010-09-02 00:00:00-04:00,10.136921911626184,10.534845095551105,10.031258446190087,10.444918632507324,2334800,0.0,0.0
2010-09-03 00:00:00-04:00,10.649500481132906,10.836097591085732,10.55957487602985,10.638259887695312,2102400,0.0,0.0
2010-09-07 00:00:00-04:00,10.564072433351582,10.564072433351582,10.310030877553887,10.337008476257324,2116400,0.0,0.0
2010-09-08 00:00:00-04:00,10.34600196598621,10.39546161481874,10.121186627805551,10.188631057739258,1636800,0.0,0.0
2010-09-09 00:00:00-04:00,10.36398975397886,10.489886688623233,10.190882648046564,10.415698051452637,2425200,0.0,0.0
2010-09-10 00:00:00-04:00,10.478642582602347,10.555079828479737,10.393212517774106,10.399956703186035,1513600,0.0,0.0
2010-09-13 00:00:00-04:00,10.566320265282597,10.743924577693837,10.52585343821162,10.618027687072754,1616000,0.0,0.0
2010-09-14 00:00:00-04:00,10.568569615114747,10.937267523070203,10.498877402915433,10.665240287780762,1731200,0.0,0.0
2010-09-15 00:00:00-04:00,10.649503130702426,11.020448809649523,10.6382625344682,10.88555908203125,1988400,0.0,0.0
2010-09-16 00:00:00-04:00,10.851835531544143,10.851835531544143,10.656246444494236,10.7776460647583,1180800,0.0,0.0
2010-09-17 00:00:00-04:00,10.838349358994437,10.89005679393544,10.496629875486292,10.557330131530762,1693600,0.0,0.0
2010-09-20 00:00:00-04:00,10.622525678445616,10.721444127349256,10.566321838877121,10.665240287780762,1424800,0.0,0.0
2010-09-21 00:00:00-04:00,10.687723180879985,11.17332435873658,10.678730360015347,11.08339786529541,2285200,0.0,0.0
2010-09-22 00:00:00-04:00,11.01370308790289,11.112621521616433,10.849587146874601,10.867572784423828,1116000,0.0,0.0
2010-09-23 00:00:00-04:00,10.804628638558789,10.932773350391656,10.539346392897103,10.588805198669434,1524800,0.0,0.0
2010-09-24 00:00:00-04:00,10.7506679027285,10.865324189455523,10.662990070291563,10.759660720825195,1134800,0.0,0.0
2010-09-27 00:00:00-04:00,10.867572918151033,11.465581652382992,10.815865495964342,11.23402214050293,2228000,0.0,0.0
2010-09-28 00:00:00-04:00,11.252008167865833,11.312708415665933,11.027192816429544,11.159833908081055,1256800,0.0,0.0
2010-09-29 00:00:00-04:00,11.128360110131784,11.530779802767213,11.06990849497923,11.44759750366211,2074400,0.0,0.0
2010-09-30 00:00:00-04:00,11.515043655682488,11.656676722905761,11.445350581459666,11.472328186035156,2580800,0.0,0.0
2010-10-01 00:00:00-04:00,11.629697276829742,11.656674877133474,11.121614992697591,11.19355583190918,1663600,0.0,0.0
2010-10-04 00:00:00-04:00,11.17781899015294,11.32170067067711,10.78888855448527,10.919281005859375,1512400,0.0,0.0
2010-10-05 00:00:00-04:00,11.024945785101144,11.04742697872259,10.741677942896553,10.984478950500488,2567200,0.0,0.0
2010-10-06 00:00:00-04:00,10.988974503637813,11.146345419521168,10.869821785450524,10.959748268127441,1043600,0.0,0.0
2010-10-07 00:00:00-04:00,11.040681884529867,11.101382131440836,10.085216654921188,10.453913688659668,7682400,0.0,0.0
2010-10-08 00:00:00-04:00,10.48088992492606,10.946257566349258,10.478642149082551,10.833849906921387,3212400,0.0,0.0
2010-10-11 00:00:00-04:00,10.822608948561658,10.887805594661994,10.566319630900864,10.570816040039062,1256800,0.0,0.0
2010-10-12 00:00:00-04:00,10.510115235781667,10.68547089469459,10.462904228782389,10.638259887695312,1434000,0.0,0.0
2010-10-13 00:00:00-04:00,10.712450120674752,10.734931309171337,10.611283057235386,10.68772029876709,1598400,0.0,0.0
2010-10-14 00:00:00-04:00,10.66299020486244,10.698960620100843,10.568567328860162,10.651749610900879,1549200,0.0,0.0
2010-10-15 00:00:00-04:00,10.800128806020862,10.804625215594351,10.512364596534567,10.600043296813965,1681200,0.0,0.0
2010-10-18 00:00:00-04:00,10.60004187967537,10.710200897889985,10.573063425841228,10.698960304260254,1102800,0.0,0.0
2010-10-19 00:00:00-04:00,10.550585153757288,10.692219073912511,10.368484399272003,10.449418067932129,1471600,0.0,0.0
2010-10-20 00:00:00-04:00,10.52135842739469,11.173323299000955,10.52135842739469,11.108126640319824,2051600,0.0,0.0
2010-10-21 00:00:00-04:00,11.272239702484269,11.337436349344202,10.822609074654167,11.076650619506836,2862400,0.0,0.0
2010-10-22 00:00:00-04:00,11.114870322330278,11.341934300511975,11.083396311319541,11.317204475402832,1654800,0.0,0.0
2010-10-25 00:00:00-04:00,11.364411676179861,11.551008761094813,11.294719491656796,11.427360534667969,1340800,0.0,0.0
2010-10-26 00:00:00-04:00,11.431857894720558,11.672410202010205,11.27673564329898,11.537521362304688,1245600,0.0,0.0
2010-10-27 00:00:00-04:00,11.490312857002113,11.778076235109433,11.362168174088541,11.7510986328125,1369200,0.0,0.0
2010-10-28 00:00:00-04:00,11.802803551402882,11.919707613300485,11.618455069303442,11.872496604919434,1390400,0.0,0.0
2010-10-29 00:00:00-04:00,11.823039682664147,11.915213944915049,11.706135593877205,11.870250701904297,912800,0.0,0.0
2010-11-01 00:00:00-04:00,11.868001101267314,11.883738105261529,11.699389609098683,11.789315223693848,1336800,0.0,0.0
2010-11-02 00:00:00-04:00,11.885985459914492,12.000641750783165,11.811796851942733,11.971415519714355,1144000,0.0,0.0
2010-11-03 00:00:00-04:00,11.982657420157539,12.2007285738385,11.890483165294883,12.14902114868164,1069600,0.0,0.0
2010-11-04 00:00:00-04:00,12.310886374408128,12.459264449237654,12.209720167898922,12.421046257019043,1852000,0.0,0.0
2010-11-05 00:00:00-04:00,12.409807643316284,12.697571020403384,12.409807643316284,12.562682151794434,1722800,0.0,0.0
2010-11-08 00:00:00-05:00,12.483994993646293,12.522214045678671,12.297398715801505,12.387324333190918,1248400,0.0,0.0
2010-11-09 00:00:00-05:00,12.387324844576712,12.445777313015226,11.996146634698793,12.036613464355469,1208800,0.0,0.0
2010-11-10 00:00:00-05:00,12.036614749230477,12.178247810545317,11.924207067652164,12.158015251159668,1199200,0.0,0.0
2010-11-11 00:00:00-05:00,12.140024747936955,12.364840021046898,11.971413293104497,12.072580337524414,1162400,0.0,0.0
2010-11-12 00:00:00-05:00,11.978160745578165,12.315383747267663,11.975912969578644,12.11305046081543,1358400,0.0,0.0
2010-11-15 00:00:00-05:00,12.220962982346823,12.247940585143347,12.032118047566092,12.151269912719727,832400,0.0,0.0
2010-11-16 00:00:00-05:00,12.056848755199493,12.21646746501351,11.978162859689311,12.178248405456543,1828000,0.0,0.0
2010-11-17 00:00:00-05:00,12.209721257330196,12.29065405823844,11.838775608356993,11.892731666564941,1340800,0.0,0.0
2010-11-18 00:00:00-05:00,11.93544524766926,12.25468258706511,11.93544524766926,12.171501159667969,1512000,0.0,0.0
2010-11-19 00:00:00-05:00,12.15126788867646,12.457016861450063,12.092816282753217,12.371586799621582,1362800,0.0,0.0
2010-11-22 00:00:00-05:00,12.344612444055487,12.49973474704807,12.268175180783212,12.466012954711914,1116400,0.0,0.0
2010-11-23 00:00:00-05:00,12.3536028258738,12.387324611551698,12.193984143898735,12.281661987304688,1037200,0.0,0.0
2010-11-24 00:00:00-05:00,12.308637704168047,12.589656829833984,12.216463465253712,12.589656829833984,1357600,0.0,0.0
2010-11-26 00:00:00-05:00,12.513221782231332,12.58965903208739,12.454770171213152,12.571673393249512,727200,0.0,0.0
2010-11-29 00:00:00-05:00,12.481746508436462,12.625628174165605,12.288405198512034,12.477250099182129,970800,0.0,0.0
2010-11-30 00:00:00-05:00,12.335617134985064,12.441280616385285,12.26367629672181,12.364843368530273,998800,0.0,0.0
2010-12-01 00:00:00-05:00,12.544695149993295,12.589658387182286,12.369339468318888,12.468257904052734,1273600,0.0,0.0
2010-12-02 00:00:00-05:00,12.439032424110227,12.4929876222008,12.297398528318249,12.436783790588379,823200,0.0,0.0
2010-12-03 00:00:00-05:00,12.589658832693068,12.589658832693068,12.470506978887864,12.564929008483887,1138800,0.0,0.0
2010-12-06 00:00:00-05:00,12.555937372871599,12.66834505161746,12.483996527082452,12.598652839660645,986000,0.0,0.0
2010-12-07 00:00:00-05:00,12.738037426837067,12.796489039253654,12.519966267524165,12.634622573852539,1087600,0.0,0.0
2010-12-08 00:00:00-05:00,12.6526059985555,12.6526059985555,12.421046492228175,12.596402168273926,800800,0.0,0.0
2010-12-09 00:00:00-05:00,12.684081668091034,12.731293543490798,12.567178440479482,12.67284107208252,1170000,0.0,0.0
2010-12-10 00:00:00-05:00,12.713306672106604,12.814473741586985,12.562680813459918,12.80323314666748,1433200,0.0,0.0
2010-12-13 00:00:00-05:00,12.83920291413223,12.91114374709317,12.641365194688454,12.699817657470703,1080400,0.0,0.0
2010-12-14 00:00:00-05:00,12.699818376202554,12.854940645253105,12.623381129655376,12.666095733642578,1175600,0.0,0.0
2010-12-15 00:00:00-05:00,12.693072391254896,12.821217051310102,12.589657552894968,12.722298622131348,1798400,0.0,0.0
2010-12-16 00:00:00-05:00,12.72230000094912,12.769511016064547,12.560432683293426,12.706562995910645,1432800,0.0,0.0
2010-12-17 00:00:00-05:00,12.699818644913867,12.962852175078385,12.598651572695804,12.924633979797363,3106400,0.0,0.0
2010-12-20 00:00:00-05:00,12.924633365355781,13.01455898047262,12.816721255051732,12.965099334716797,1622400,0.0,0.0
2010-12-21 00:00:00-05:00,13.016810670690976,13.302325444776425,12.960606826443781,13.277596473693848,1184400,0.0,0.0
2010-12-22 00:00:00-05:00,13.331549617967756,13.396746273015816,13.0617710358674,13.106734275817871,899600,0.0,0.0
2010-12-23 00:00:00-05:00,13.10898275006465,13.174178546717325,12.881918776997445,12.904400825500488,569200,0.0,0.0
2010-12-27 00:00:00-05:00,12.85494225014152,12.88416848683545,12.528959809239703,12.713308334350586,920000,0.0,0.0
2010-12-28 00:00:00-05:00,12.747030952395177,12.859438631238868,12.668345062643073,12.823468208312988,857600,0.0,0.0
2010-12-29 00:00:00-05:00,12.868428702817155,13.1224693852698,12.785246420765814,12.91114330291748,1160400,0.0,0.0
2010-12-30 00:00:00-05:00,12.902151931747548,13.007815413575575,12.897655522137585,12.924633979797363,638800,0.0,0.0
2010-12-31 00:00:00-05:00,12.922384854085392,13.016807737093952,12.744780540466309,12.744780540466309,751200,0.0,0.0
2011-01-03 00:00:00-05:00,12.926881867303504,13.097741145943655,12.890911447715975,13.012311935424805,924000,0.0,0.0
2011-01-04 00:00:00-05:00,13.10898181629247,13.12247018683104,12.708809957467736,12.906647682189941,941200,0.0,0.0
2011-01-05 00:00:00-05:00,12.850444497636232,13.455197439265334,12.841451678423304,13.288834571838379,2032000,0.0,0.0
2011-01-06 00:00:00-05:00,13.32930305345455,13.434965690699492,13.210150328115079,13.421477317810059,1522400,0.0,0.0
2011-01-07 00:00:00-05:00,13.48892010496256,14.188095934286178,13.439460456811583,14.100418090820312,2897600,0.0,0.0
2011-01-10 00:00:00-05:00,14.093674791319348,14.30500178130881,13.94304890982712,14.152127265930176,2208800,0.0,0.0
2011-01-11 00:00:00-05:00,14.185844249403358,14.197085699821493,13.821643725035006,13.985758781433105,1101200,0.0,0.0
2011-01-12 00:00:00-05:00,14.084681197316767,14.244299880662743,14.055454963396286,14.188096046447754,1136800,0.0,0.0
2011-01-13 00:00:00-05:00,14.190344362176537,14.385934330157383,14.129644116003428,14.316241264343262,769600,0.0,0.0
2011-01-14 00:00:00-05:00,14.23980337356281,14.464617851281783,14.152125530003847,14.410662651062012,852000,0.0,0.0
2011-01-18 00:00:00-05:00,14.37694085858277,14.388181453823082,13.992506841188023,14.156621932983398,1431600,0.0,0.0
2011-01-19 00:00:00-05:00,14.27127800020211,14.442137285087119,14.05545547478868,14.091425895690918,1392800,0.0,0.0
2011-01-20 00:00:00-05:00,14.062197242021366,14.145378665250194,13.610318853559534,13.769937515258789,1963600,0.0,0.0
2011-01-21 00:00:00-05:00,13.812654255111282,13.871106724082864,13.43496441327286,13.468687057495117,2075600,0.0,0.0
2011-01-24 00:00:00-05:00,13.461942668836507,13.749706026814309,13.376512600335927,13.65977954864502,2092800,0.0,0.0
2011-01-25 00:00:00-05:00,13.823894583336083,14.012739488888064,13.268600461305368,13.742960929870605,2937200,0.0,0.0
2011-01-26 00:00:00-05:00,13.772187686663601,13.803662555416668,13.38775365172008,13.727225303649902,2970000,0.0,0.0
2011-01-27 00:00:00-05:00,13.623807984448014,14.197087733815346,13.623807984448014,14.127394676208496,1765600,0.0,0.0
2011-01-28 00:00:00-05:00,14.095918571685507,14.109406939949409,13.369765302468064,13.425969123840332,1784400,0.0,0.0
2011-01-31 00:00:00-05:00,13.446208436334318,13.648541767531603,13.31131869126683,13.318063735961914,1425600,0.0,0.0
2011-02-01 00:00:00-05:00,13.457446270626988,14.059951445107895,13.457446270626988,13.994754791259766,2141200,0.0,0.0
2011-02-02 00:00:00-05:00,13.835134080081964,13.868855861281675,13.46418848366884,13.48891830444336,2047600,0.0,0.0
2011-02-03 00:00:00-05:00,13.560861271466461,13.630554335764076,13.288834915263692,13.410235404968262,2355600,0.0,0.0
2011-02-04 00:00:00-05:00,13.410234559769814,13.929557414770885,13.410234559769814,13.805909156799316,2311600,0.0,0.0
2011-02-07 00:00:00-05:00,13.859864348303855,14.09142384557298,13.756448652853381,13.78117847442627,990000,0.0,0.0
2011-02-08 00:00:00-05:00,13.74071084187509,14.07568601490377,13.74071084187509,13.92505931854248,983200,0.0,0.0
2011-02-09 00:00:00-05:00,13.745210503556725,14.030726103913937,13.727225721324524,14.021733283996582,1206800,0.0,0.0
2011-02-10 00:00:00-05:00,13.93180756115181,14.154374278148754,13.893588505568975,14.046463012695312,1436800,0.0,0.0
2011-02-11 00:00:00-05:00,13.940799929705175,14.46911653395494,13.866611307744822,14.365701675415039,1412400,0.0,0.0
2011-02-14 00:00:00-05:00,14.329731161495697,14.568035747471383,14.210578439706593,14.502839088439941,1502800,0.0,0.0
2011-02-15 00:00:00-05:00,14.397174452407128,14.49609375,14.388181633061876,14.49609375,1150400,0.0,0.0
2011-02-16 00:00:00-05:00,14.54105583445763,14.61299667254504,14.356707329658333,14.464617729187012,996000,0.0,0.0
2011-02-17 00:00:00-05:00,14.43314496804513,14.606253750268323,14.43314496804513,14.552298545837402,635200,0.0,0.0
2011-02-18 00:00:00-05:00,14.592763703040324,14.60850070732663,14.372443927827213,14.394925117492676,1239200,0.0,0.0
2011-02-22 00:00:00-05:00,14.107160393397013,14.107160393397013,13.376510651906331,13.48891830444336,3133200,0.0,0.0
2011-02-23 00:00:00-05:00,13.493416221428337,13.495663997385256,12.776255626831885,12.888663291931152,3493200,0.0,0.0
2011-02-24 00:00:00-05:00,12.922384719761025,13.176426275993052,12.65260615945822,13.0752592086792,2801600,0.0,0.0
2011-02-25 00:00:00-05:00,13.13371134797621,13.320308486097291,13.041537095709845,13.31356430053711,1234800,0.0,0.0
2011-02-28 00:00:00-05:00,13.475430599974054,13.527138023071164,13.158441018307473,13.36527156829834,1880800,0.0,0.0
2011-03-01 00:00:00-05:00,13.387752486002794,13.40124171429384,12.650358491473746,12.798736572265625,2018800,0.0,0.0
2011-03-02 00:00:00-05:00,12.81222555228938,12.985332595190206,12.623380647886087,12.708809852600098,1754800,0.0,0.0
2011-03-03 00:00:00-05:00,12.89315954217944,13.30906844013513,12.8616855314633,13.219141960144043,2019200,0.0,0.0
2011-03-04 00:00:00-05:00,13.273097016636058,13.273097016636058,12.985332816971862,13.160689353942871,1126000,0.0,0.0
2011-03-07 00:00:00-05:00,13.059524599909757,13.255113727522078,12.758271976211411,12.976343154907227,1559600,0.0,0.0
2011-03-08 00:00:00-05:00,13.012311770716876,13.749705791728623,12.971844941992822,13.650787353515625,2190800,0.0,0.0
2011-03-09 00:00:00-05:00,13.662027265028676,13.662027265028676,13.403489300851733,13.520393371582031,1436800,0.0,0.0
2011-03-10 00:00:00-05:00,13.41697915698718,13.702494733127375,13.171930409440236,13.567605018615723,2065600,0.0,0.0
2011-03-11 00:00:00-05:00,13.180922190857983,13.835134724806018,13.180922190857983,13.646289825439453,1666000,0.0,0.0
2011-03-14 00:00:00-04:00,13.479927418974137,13.599080130915373,13.250615672010897,13.434964179992676,1122000,0.0,0.0
2011-03-15 00:00:00-04:00,12.940370847525765,13.412482702738036,12.911144614171883,13.286585807800293,1367200,0.0,0.0
2011-03-16 00:00:00-04:00,13.16968384623102,13.461943634849751,12.998823696969136,13.070764541625977,2018000,0.0,0.0
2011-03-17 00:00:00-04:00,13.30906813042944,13.360775555060204,12.888663690099348,12.902152061462402,1323600,0.0,0.0
2011-03-18 00:00:00-04:00,13.0864979717567,13.689003024318115,13.077505154231357,13.495661735534668,2250800,0.0,0.0
2011-03-21 00:00:00-04:00,13.578848414157648,13.850874800486197,13.477681328200008,13.76319694519043,1210800,0.0,0.0
2011-03-22 00:00:00-04:00,13.796918630475844,13.895837939371884,13.464191995104057,13.50690746307373,1185600,0.0,0.0
2011-03-23 00:00:00-04:00,13.45969270188335,13.736215437098254,13.293329848633263,13.646289825439453,865200,0.0,0.0
2011-03-24 00:00:00-04:00,13.70249488149569,13.760946491428605,13.554116794247964,13.68226146697998,744000,0.0,0.0
2011-03-25 00:00:00-04:00,13.765442305741338,14.086928290475198,13.664275237537954,13.859865188598633,956800,0.0,0.0
2011-03-28 00:00:00-04:00,13.925064054692882,13.976771488163989,13.830642008598499,13.866612434387207,1053600,0.0,0.0
2011-03-29 00:00:00-04:00,13.871105638116743,14.136387788582045,13.839631630028046,14.10940933227539,1131600,0.0,0.0
2011-03-30 00:00:00-04:00,14.136388963104725,14.383685496578902,14.12739614358867,14.309496879577637,621200,0.0,0.0
2011-03-31 00:00:00-04:00,14.338720400757854,14.388180044092175,14.185845919181185,14.257786750793457,1012400,0.0,0.0
2011-04-01 00:00:00-04:00,14.383686848584283,14.40841581817414,14.050960213637648,14.09817123413086,1212800,0.0,0.0
2011-04-04 00:00:00-04:00,14.098170935222448,14.161119818814644,13.938552236404362,14.059952735900879,951600,0.0,0.0
2011-04-05 00:00:00-04:00,14.073436867932257,14.21956715006474,13.988007674860052,14.075685501098633,797600,0.0,0.0
2011-04-06 00:00:00-04:00,14.208329729045156,14.28476697932328,13.927310552670065,14.224066734313965,894000,0.0,0.0
2011-04-07 00:00:00-04:00,14.273525677704738,14.309496096197265,14.00149847665244,14.147628784179688,798800,0.0,0.0
2011-04-08 00:00:00-04:00,14.192591390582882,14.203831985061496,13.486671423056253,13.515896797180176,1710800,0.0,0.0
2011-04-11 00:00:00-04:00,13.533885398521708,13.630556075894207,13.381010878844386,13.491169929504395,1636000,0.0,0.0
2011-04-12 00:00:00-04:00,13.437214215966764,14.215075158396603,13.437214215966764,14.037470817565918,2989200,0.0,0.0
2011-04-13 00:00:00-04:00,14.102665564680432,14.102665564680432,13.563109286603238,13.67326831817627,1377600,0.0,0.0
2011-04-14 00:00:00-04:00,13.482176197958836,13.646291293048442,13.443957144251689,13.549620628356934,1302400,0.0,0.0
2011-04-15 00:00:00-04:00,13.509152952547511,13.6575310331717,13.40348947505975,13.581093788146973,872000,0.0,0.0
2011-04-18 00:00:00-04:00,13.574350061782889,13.655283718969393,13.264104661768767,13.567605018615723,1324400,0.0,0.0
2011-04-19 00:00:00-04:00,13.632800238013887,13.689004065418365,13.42821834056568,13.52488899230957,1069600,0.0,0.0
2011-04-20 00:00:00-04:00,13.709238901978408,13.830639387610157,13.58334200677484,13.677764892578125,890400,0.0,0.0
2011-04-21 00:00:00-04:00,13.89358833512065,13.89358833512065,13.363023976615043,13.619314193725586,745600,0.0,0.0
2011-04-25 00:00:00-04:00,13.590085063867454,13.812651730730483,13.44395477574753,13.702492713928223,981600,0.0,0.0
2011-04-26 00:00:00-04:00,13.713734396952258,14.06894301101426,13.626056560155337,14.012739181518555,1924000,0.0,0.0
2011-04-27 00:00:00-04:00,14.046462761644337,14.511831318398427,13.997003110927892,14.489348411560059,1655200,0.0,0.0
2011-04-28 00:00:00-04:00,14.46237166768198,14.541056696001338,14.251044692877155,14.489348411560059,1235600,0.0,0.0
2011-04-29 00:00:00-04:00,14.541058143505992,14.85804692206323,14.34097260220263,14.808588981628418,1680000,0.0,0.0
2011-05-02 00:00:00-04:00,14.956964627409176,14.999680091821887,14.621990243639143,14.705172538757324,884000,0.0,0.0
2011-05-03 00:00:00-04:00,14.72091018376852,14.95921391093869,14.550050033900549,14.920995712280273,1635600,0.0,0.0
2011-05-04 00:00:00-04:00,14.943473870265333,15.193019000581966,14.714161294469388,14.891765594482422,1285200,0.0,0.0
2011-05-05 00:00:00-04:00,14.837812260426082,15.510009638633466,14.815331069739145,15.309924125671387,1554800,0.0,0.0
2011-05-06 00:00:00-04:00,15.4852783402706,15.586446261538988,15.264960291223854,15.406593322753906,1709200,0.0,0.0
2011-05-09 00:00:00-04:00,15.363877157834484,15.51225608279423,15.175033124472618,15.354886054992676,1008000,0.0,0.0
2011-05-10 00:00:00-04:00,15.458303423925674,15.66063757512986,15.38860950144121,15.487528800964355,1539600,0.0,0.0
2011-05-11 00:00:00-04:00,15.4740369471047,15.676371052776878,15.316665213713202,15.581947326660156,1119200,0.0,0.0
2011-05-12 00:00:00-04:00,15.54823178674441,15.75281288119886,15.384115812225982,15.685367584228516,1364000,0.0,0.0
2011-05-13 00:00:00-04:00,15.644902303245575,15.737077437248011,15.42683281381618,15.530247688293457,958800,0.0,0.0
2011-05-16 00:00:00-04:00,15.478535235113286,15.620169991729469,15.323413822673704,15.352639198303223,1473600,0.0,0.0
2011-05-17 00:00:00-04:00,15.246972170496415,15.501012818581465,15.224490985611762,15.386358261108398,904400,0.0,0.0
2011-05-18 00:00:00-04:00,15.390855827404353,15.483030927267368,15.143559330881285,15.417834281921387,797200,0.0,0.0
2011-05-19 00:00:00-04:00,15.527992851809335,15.737071151429369,15.379615644287984,15.68311595916748,748400,0.0,0.0
2011-05-20 00:00:00-04:00,15.624663952780853,15.737071607117407,15.462796656103468,15.644896507263184,914400,0.0,0.0
2011-05-23 00:00:00-04:00,15.474040076575347,15.57970355952935,15.271705929983103,15.309924125671387,1442400,0.0,0.0
2011-05-24 00:00:00-04:00,15.397603688802649,15.435823603962262,15.14581158067397,15.303181648254395,1390800,0.0,0.0
2011-05-25 00:00:00-04:00,15.251471869120616,15.429076193857515,15.024409610268885,15.17503547668457,1060400,0.0,0.0
2011-05-26 00:00:00-04:00,15.112085941394433,15.204259329813075,14.992934097358141,15.132318496704102,764800,0.0,0.0
2011-05-27 00:00:00-04:00,15.215502733465295,15.294187761770338,15.044642589713643,15.15929889678955,662400,0.0,0.0
2011-05-31 00:00:00-04:00,15.325660712965819,15.368376174750207,15.103094015382945,15.184027671813965,1428000,0.0,0.0
2011-06-01 00:00:00-04:00,15.143562459137511,15.269458509147727,14.662457736364141,14.729901313781738,1511200,0.0,0.0
2011-06-02 00:00:00-04:00,14.786103604519132,14.876030080199358,14.662456201263074,14.765871047973633,781200,0.0,0.0
2011-06-03 00:00:00-04:00,14.52307210596298,14.759128923182082,14.32973161417972,14.37694263458252,1520000,0.0,0.0
2011-06-06 00:00:00-04:00,14.331977129482578,14.37694036650732,14.102665392498567,14.199336051940918,1238400,0.0,0.0
2011-06-07 00:00:00-04:00,14.271277271627516,14.514077385921619,14.0914251762981,14.32298469543457,1560800,0.0,0.0
2011-06-08 00:00:00-04:00,14.226315653165337,14.38593520994634,13.949792864311748,14.005996704101562,1250800,0.0,0.0
2011-06-09 00:00:00-04:00,14.00599354010822,14.035219770325346,13.823893689191708,13.85761547088623,818800,0.0,0.0
2011-06-10 00:00:00-04:00,13.853120274619327,14.005994766304909,13.78342807178783,13.837383270263672,1184800,0.0,0.0
2011-06-13 00:00:00-04:00,13.927309201433188,14.29825396369752,13.875601780909156,14.07343864440918,968400,0.0,0.0
2011-06-14 00:00:00-04:00,14.19709093977939,14.817581840416846,14.183601708860289,14.561290740966797,2418400,0.0,0.0
2011-06-15 00:00:00-04:00,14.385933156187939,14.527567052367106,14.163365605049245,14.394925117492676,1401600,0.0,0.0
2011-06-16 00:00:00-04:00,14.374691584256448,14.653462964843792,14.275773149907343,14.448880195617676,900800,0.0,0.0
2011-06-17 00:00:00-04:00,14.624240447789829,14.947973412993129,14.491598488098255,14.696181297302246,1568800,0.0,0.0
2011-06-20 00:00:00-04:00,14.684940101865214,15.240234347839214,14.671451728345255,15.044644355773926,1108400,0.0,0.0
2011-06-21 00:00:00-04:00,15.094102740137703,15.339152368063324,15.044643087792805,15.260465621948242,1362800,0.0,0.0
2011-06-22 00:00:00-04:00,15.215500257232014,15.325659278931344,15.017663401803977,15.03115177154541,943600,0.0,0.0
2011-06-23 00:00:00-04:00,15.037895861362097,15.489775112095455,15.037895861362097,15.417834281921387,1274400,0.0,0.0
2011-06-24 00:00:00-04:00,15.397603010706048,15.397603010706048,14.925491113551065,15.060379981994629,2022000,0.0,0.0
2011-06-27 00:00:00-04:00,15.13007225843397,15.408842784858882,15.053634155017802,15.262712478637695,1475200,0.0,0.0
2011-06-28 00:00:00-04:00,15.20650880528954,15.512257791734315,15.19526735269185,15.433572769165039,1222400,0.0,0.0
2011-06-29 00:00:00-04:00,15.429073802267888,15.498767713326858,15.13906185228674,15.354886054992676,1695200,0.0,0.0
2011-06-30 00:00:00-04:00,15.37736837240042,15.653890258027728,15.37736837240042,15.390856742858887,955600,0.0,0.0
2011-07-01 00:00:00-04:00,15.43807167370943,15.590946200131006,15.415590478836744,15.53474235534668,1399200,0.0,0.0
2011-07-05 00:00:00-04:00,15.518998676747596,15.559465496206311,15.278446393077594,15.44930648803711,1202000,0.0,0.0
2011-07-06 00:00:00-04:00,15.534738203175039,15.874209815194835,15.510008380863377,15.660635948181152,2180800,0.0,0.0
2011-07-07 00:00:00-04:00,15.737076539611298,15.784287563405504,15.483035778660025,15.53474235534668,2564000,0.0,0.0
2011-07-08 00:00:00-04:00,15.413341772781614,15.687616808480634,15.395357846090615,15.642654418945312,1083200,0.0,0.0
2011-07-11 00:00:00-04:00,15.460550545587541,15.52574720156599,15.184028631311838,15.240232467651367,859200,0.0,0.0
2011-07-12 00:00:00-04:00,15.172787229329114,15.233488333296089,14.858045401721204,15.076116561889648,1402800,0.0,0.0
2011-07-13 00:00:00-04:00,15.246975890104776,15.503265233763242,15.134568223054401,15.19077205657959,1822800,0.0,0.0
2011-07-14 00:00:00-04:00,15.287440876732209,15.536986004730535,15.040144382061298,15.10983657836914,1473200,0.0,0.0
2011-07-15 00:00:00-04:00,15.188522777345813,15.231238237874765,14.974948905110674,15.087356567382812,1019200,0.0,0.0
2011-07-18 00:00:00-04:00,14.943472900399316,14.96595408680923,14.410660034941001,14.664702415466309,1576400,0.0,0.0
2011-07-19 00:00:00-04:00,14.691683580487602,15.028906623873876,14.65571401443305,15.022162437438965,1558800,0.0,0.0
2011-07-20 00:00:00-04:00,15.071621079477405,15.085109451441452,14.750135064429417,14.770367622375488,1733200,0.0,0.0
2011-07-21 00:00:00-04:00,14.87602920165333,15.105341786855444,14.660206701889713,14.826569557189941,1470800,0.0,0.0
2011-07-22 00:00:00-04:00,14.756878348719864,14.801840729322667,14.390429972712873,14.464617729187012,1272000,0.0,0.0
2011-07-25 00:00:00-04:00,14.329730344121087,14.345467349527233,13.853121199355728,14.145380973815918,3418800,0.0,0.0
2011-07-26 00:00:00-04:00,14.104914925997301,14.275774208470125,14.037469637355624,14.084681510925293,2156400,0.0,0.0
2011-07-27 00:00:00-04:00,13.99475537630618,14.192593122156154,13.727225421624533,13.927310943603516,2346800,0.0,0.0
2011-07-28 00:00:00-04:00,13.929556745688116,14.075687043836927,13.61256718506592,13.646289825439453,1415200,0.0,0.0
2011-07-29 00:00:00-04:00,13.464189424187667,13.81939804266631,13.376511586300568,13.74071216583252,1503200,0.0,0.0
2011-08-01 00:00:00-04:00,14.044215909770108,14.271279047579313,13.450703492523726,13.504658699035645,3107200,0.0,0.0
2011-08-02 00:00:00-04:00,13.466439475859433,13.531635273973324,12.800985404496531,12.830211639404297,2429200,0.0,0.0
2011-08-03 00:00:00-04:00,12.886414577719153,13.203404157011034,12.576169183858239,13.167433738708496,2364800,0.0,0.0
2011-08-04 00:00:00-04:00,12.97859174512446,13.084255247836825,12.457020133714561,12.466012954711914,2840000,0.0,0.0
2011-08-05 00:00:00-04:00,12.663848715262242,12.76276715769861,11.890483384496623,12.38058090209961,2085200,0.0,0.0
2011-08-08 00:00:00-04:00,12.439033400670956,12.452521772451338,11.681405073582075,11.737608909606934,3103200,0.0,0.0
2011-08-09 00:00:00-04:00,11.998395361104818,12.630126822913981,11.643187543053092,12.627878189086914,3004400,0.0,0.0
2011-08-10 00:00:00-04:00,12.277165190573328,12.344609617404926,11.744353103720574,11.769082069396973,2750400,0.0,0.0
2011-08-11 00:00:00-04:00,11.7758277732774,12.524462411046631,11.742105129167832,12.319880485534668,1840400,0.0,0.0
2011-08-12 00:00:00-04:00,12.466009366794474,12.911143586815328,12.430038950760537,12.585161209106445,1528400,0.0,0.0
2011-08-15 00:00:00-04:00,12.693075185766086,13.016809857265274,12.693075185766086,12.917890548706055,1035600,0.0,0.0
2011-08-16 00:00:00-04:00,12.717802070849743,13.17642551097684,12.67059106137846,12.940369606018066,1792800,0.0,0.0
2011-08-17 00:00:00-04:00,12.962852567389374,13.124719887837067,12.663848608898462,12.881918907165527,1044000,0.0,0.0
2011-08-18 00:00:00-04:00,12.44802567506407,12.452522084971202,11.998394975580856,12.11080265045166,1646400,0.0,0.0
2011-08-19 00:00:00-04:00,11.863506812609062,12.443530003400431,11.863506812609062,11.98940372467041,1973200,0.0,0.0
2011-08-22 00:00:00-04:00,12.340114626832971,12.36709222914708,11.829783671044153,11.863506317138672,1718400,0.0,0.0
2011-08-23 00:00:00-04:00,11.92870217339525,12.351354392437834,11.854512700017136,12.288406372070312,1687600,0.0,0.0
2011-08-24 00:00:00-04:00,12.232201541187399,12.418798668654555,12.135530884866263,12.371586799621582,1531200,0.0,0.0
2011-08-25 00:00:00-04:00,12.461513537295275,12.614388026951765,12.007386477739509,12.043356895446777,1646400,0.0,0.0
2011-08-26 00:00:00-04:00,11.942190300825896,12.587410926818848,11.838775453020228,12.587410926818848,1758800,0.0,0.0
2011-08-29 00:00:00-04:00,12.722299080942024,13.192163137290178,12.722299080942024,13.183170318603516,1201600,0.0,0.0
2011-08-30 00:00:00-04:00,13.08425400261129,13.273098937570309,12.859438644688767,13.104487419128418,1057200,0.0,0.0
2011-08-31 00:00:00-04:00,13.210147605553642,13.349533719102864,12.904399495838508,12.978588104248047,995600,0.0,0.0
2011-09-01 00:00:00-04:00,12.953858685749964,13.104485398283195,12.519965043262115,12.542447090148926,1174000,0.0,0.0
2011-09-02 00:00:00-04:00,12.333371327105207,12.630127546697022,12.189489627618578,12.225460052490234,997200,0.0,0.0
2011-09-06 00:00:00-04:00,11.859011434867561,12.160264081924701,11.83653023964346,12.133286476135254,1156400,0.0,0.0
2011-09-07 00:00:00-04:00,12.34460954861354,12.729043551253524,12.315383316028495,12.659351348876953,1314400,0.0,0.0
2011-09-08 00:00:00-04:00,12.535699384290478,12.616633020685255,12.175995286538383,12.299643516540527,1089600,0.0,0.0
2011-09-09 00:00:00-04:00,12.131035804748535,12.663848789625181,11.935446694817951,12.131035804748535,1442000,0.0,0.0
2011-09-12 00:00:00-04:00,11.951184223308568,12.220962820508815,11.91521380085537,12.202977180480957,910800,0.0,0.0
2011-09-13 00:00:00-04:00,12.290653434759493,12.926881217642167,12.077079561593418,12.686328887939453,1816800,0.0,0.0
2011-09-14 00:00:00-04:00,12.796488862414064,13.612568794476163,12.796488862414064,13.385505676269531,2651600,0.0,0.0
2011-09-15 00:00:00-04:00,13.628304169715108,13.68900440774217,13.322555203772442,13.423722267150879,1192400,0.0,0.0
2011-09-16 00:00:00-04:00,13.45969403909326,13.614817171100022,13.398993794951803,13.461942672729492,1847200,0.0,0.0
2011-09-19 00:00:00-04:00,13.268600534698603,13.43496339431794,13.158440648516281,13.297826766967773,855600,0.0,0.0
2011-09-20 00:00:00-04:00,13.354032701261435,13.477680977502226,13.021305214413522,13.023553848266602,1308800,0.0,0.0
2011-09-21 00:00:00-04:00,13.034794076984939,13.133712523666365,12.443529457878489,12.452522277832031,1144000,0.0,0.0
2011-09-22 00:00:00-04:00,12.054600398910447,12.52896098648816,12.054600398910447,12.466012954711914,2700400,0.0,0.0
2011-09-23 00:00:00-04:00,12.495236096573457,13.138207201644143,12.495236096573457,13.129215240478516,1975200,0.0,0.0
2011-09-26 00:00:00-04:00,13.275343772276932,13.35178101133786,12.958354222148268,13.187665939331055,1477200,0.0,0.0
2011-09-27 00:00:00-04:00,13.455196988556208,13.477679035835447,13.075259394362432,13.192163467407227,1309600,0.0,0.0
2011-09-28 00:00:00-04:00,13.198908371269443,13.300075445526986,12.886415186698054,12.904400825500488,1601200,0.0,0.0
2011-09-29 00:00:00-04:00,13.122469782620696,13.198907024526894,12.713305975241154,13.034791946411133,1164000,0.0,0.0
2011-09-30 00:00:00-04:00,12.814474414150203,13.01455993006703,12.62113308401856,12.654855728149414,1638000,0.0,0.0
2011-10-03 00:00:00-04:00,12.515467594175506,12.711057526631532,11.524032135293204,11.537521362304688,3052400,0.0,0.0
2011-10-04 00:00:00-04:00,11.49256011170985,12.304143638404671,11.488063701930635,12.268173217773438,2707200,0.0,0.0
2011-10-05 00:00:00-04:00,12.241194234056199,12.607643442448103,12.025371734645981,12.535701751708984,1717200,0.0,0.0
2011-10-06 00:00:00-04:00,12.342360816954487,13.05727356875111,12.342360816954487,13.050528526306152,2057200,0.0,0.0
2011-10-07 00:00:00-04:00,13.124718759824525,13.443956105934335,12.859436610825083,12.933625221252441,2062400,0.0,0.0
2011-10-10 00:00:00-04:00,13.27309614266375,13.500159229007869,13.084251247469668,13.49791145324707,1626800,0.0,0.0
2011-10-11 00:00:00-04:00,13.434962521528437,13.927308598314504,13.3405405031654,13.886841773986816,1541200,0.0,0.0
2011-10-12 00:00:00-04:00,13.92730914236873,14.127394638470427,13.864360270065335,13.958783149719238,1558400,0.0,0.0
2011-10-13 00:00:00-04:00,13.931807749986682,14.556794159143351,13.839633489229024,14.44438648223877,1734400,0.0,0.0
2011-10-14 00:00:00-04:00,14.49609522693683,14.49834214559839,14.10491612158754,14.318490028381348,1535600,0.0,0.0
2011-10-17 00:00:00-04:00,14.16111851505987,14.439889911467759,14.062199217494593,14.21732234954834,1658800,0.0,0.0
2011-10-18 00:00:00-04:00,14.287015147174213,14.664705856790208,14.149877648126127,14.516326904296875,2085600,0.0,0.0
2011-10-19 00:00:00-04:00,14.511830751004803,14.511830751004803,14.14538065240884,14.21732234954834,1529600,0.0,0.0
2011-10-20 00:00:00-04:00,14.496092344923907,14.835562237477314,14.084679904581717,14.817578315734863,2197200,0.0,0.0
2011-10-21 00:00:00-04:00,14.87828001054061,14.918746842363495,14.462371953875131,14.831068992614746,3230400,0.0,0.0
2011-10-24 00:00:00-04:00,14.95696425641672,15.581950625539646,14.885023416414187,15.424580574035645,1806000,0.0,0.0
2011-10-25 00:00:00-04:00,15.170541159349069,15.181780898160719,14.55229892294107,14.819828033447266,1804400,0.0,0.0
2011-10-26 00:00:00-04:00,14.880526278922549,15.015415125155421,14.536559120707063,14.734395980834961,2063600,0.0,0.0
2011-10-27 00:00:00-04:00,15.332405686795285,15.474040450434263,14.808587241834857,15.402099609375,1746800,0.0,0.0
2011-10-28 00:00:00-04:00,15.384116715896026,15.415590732276279,15.062630649836091,15.118834495544434,1201200,0.0,0.0
2011-10-31 00:00:00-04:00,14.873782965262631,15.199764505689888,14.765870852831528,14.956963539123535,1356800,0.0,0.0
2011-11-01 00:00:00-04:00,14.523067679388877,14.990683903524879,14.475856673375805,14.750131607055664,2214800,0.0,0.0
2011-11-02 00:00:00-04:00,14.954714891132854,15.055882818040187,14.619740532059536,14.702922821044922,1483200,0.0,0.0
2011-11-03 00:00:00-04:00,14.900760111360492,15.512258096254314,14.768119887169126,15.47179126739502,1891200,0.0,0.0
2011-11-04 00:00:00-04:00,15.379616855461066,15.656138738383907,15.264960562071103,15.467294692993164,1929200,0.0,0.0
2011-11-07 00:00:00-05:00,15.377368936586292,15.588694180743083,15.246975633354433,15.433572769165039,1263600,0.0,0.0
2011-11-08 00:00:00-05:00,15.566214095349284,15.577455548744682,15.134569042163632,15.548230171203613,1299200,0.0,0.0
2011-11-09 00:00:00-05:00,15.18627790651583,15.480785472509853,14.997432116531277,15.033403396606445,2230800,0.0,0.0
2011-11-10 00:00:00-05:00,15.24247907402368,15.350389464928083,14.615244138075845,14.734395980834961,2062400,0.0,0.0
2011-11-11 00:00:00-05:00,14.864788156226496,15.395352397971852,14.84680252069505,15.287440299987793,1283200,0.0,0.0
2011-11-14 00:00:00-05:00,15.339155432376636,15.635911690524186,15.028909083945985,15.06488037109375,1607600,0.0,0.0
2011-11-15 00:00:00-05:00,15.060377478124344,15.35263807383299,14.934481450535259,15.181777954101562,1442000,0.0,0.0
2011-11-16 00:00:00-05:00,14.983941811037027,15.118830663506907,14.844555691535424,14.864789962768555,1525200,0.0,0.0
2011-11-17 00:00:00-05:00,14.83781208671172,14.9659567588524,14.457873622292478,14.57477855682373,1675600,0.0,0.0
2011-11-18 00:00:00-05:00,14.595008758758933,14.792847319058568,14.52081929864657,14.619738578796387,1134000,0.0,0.0
2011-11-21 00:00:00-05:00,14.385934102571087,14.417407255611757,14.093673472079143,14.338722229003906,1205600,0.0,0.0
2011-11-22 00:00:00-05:00,14.354457326451762,14.397172784592188,14.059949816632297,14.08692741394043,777200,0.0,0.0
2011-11-23 00:00:00-05:00,13.961031137654423,14.048709833523063,13.67102002437432,13.71373462677002,1453600,0.0,0.0
2011-11-25 00:00:00-05:00,13.65753195120275,14.005995557861093,13.614817345195135,13.776683807373047,575200,0.0,0.0
2011-11-28 00:00:00-05:00,14.284765844033167,14.493844163247811,14.17910236768101,14.329729080200195,847200,0.0,0.0
2011-11-29 00:00:00-05:00,14.417402868207333,14.860289231316033,14.336470090154936,14.680438041687012,1376800,0.0,0.0
2011-11-30 00:00:00-05:00,14.756876433420151,15.615670827027557,14.756876433420151,15.606678009033203,2637200,0.0,0.0
2011-12-01 00:00:00-05:00,15.5055176075518,16.186707959758802,15.460553500762627,15.777544021606445,4703200,0.0,0.0
2011-12-02 00:00:00-05:00,15.725830881324875,15.87196118174702,15.476285739965226,15.660635948181152,1742000,0.0,0.0
2011-12-05 00:00:00-05:00,15.737076452155604,16.179963021027675,15.698858249563907,15.979877471923828,2025200,0.0,0.0
2011-12-06 00:00:00-05:00,15.898938418206614,16.19119728143262,15.851727410651751,15.932661056518555,2446000,0.0,0.0
2011-12-07 00:00:00-05:00,15.7662987189072,15.89219647199075,15.651644133784066,15.750561714172363,2429200,0.0,0.0
2011-12-08 00:00:00-05:00,15.653887025345831,15.653887025345831,15.091848836245607,15.267206192016602,2243600,0.0,0.0
2011-12-09 00:00:00-05:00,15.34814452978709,15.793279716340038,15.2874451346779,15.685367584228516,1478400,0.0,0.0
2011-12-12 00:00:00-05:00,15.523501568716394,15.885454441936298,15.474041914208566,15.784286499023438,1596800,0.0,0.0
2011-12-13 00:00:00-05:00,15.92366877026301,16.024834973371817,15.76854565797179,15.813508033752441,4234000,0.0,0.0
2011-12-14 00:00:00-05:00,15.748315531298301,16.220427410597843,15.61117803425918,16.188953399658203,2811600,0.0,0.0
2011-12-15 00:00:00-05:00,16.373305667453494,16.636339268563937,16.260897969692927,16.528427124023438,2678800,0.0,0.0
2011-12-16 00:00:00-05:00,16.56439585585229,17.173645277924415,16.56439585585229,17.121938705444336,4332000,0.0,0.0
2011-12-19 00:00:00-05:00,17.119687225976477,17.20062087964535,16.656566493270212,16.703779220581055,1658400,0.0,0.0
2011-12-20 00:00:00-05:00,16.915103637953845,17.20511559700133,16.79370316333829,17.13092613220215,2253200,0.0,0.0
2011-12-21 00:00:00-05:00,17.03875334605675,17.299538225923182,16.861149037042,17.200620651245117,1161600,0.0,0.0
2011-12-22 00:00:00-05:00,17.243336901292544,17.310782193322567,17.00053762343553,17.16465187072754,1081200,0.0,0.0
2011-12-23 00:00:00-05:00,17.180386294396254,17.180386294396254,16.70602583331497,17.0904598236084,1752400,0.0,0.0
2011-12-27 00:00:00-05:00,17.07247462431354,17.34225230128854,16.861147691053517,16.996036529541016,1242800,0.0,0.0
2011-12-28 00:00:00-05:00,16.919600100122835,17.06123312283672,16.63633233949043,16.827425003051758,1070400,0.0,0.0
2011-12-29 00:00:00-05:00,16.80045098715863,17.097207165129564,16.79820235351808,17.072477340698242,785600,0.0,0.0
2011-12-30 00:00:00-05:00,17.07472523509453,17.124184886784196,16.84541433159382,16.881383895874023,1045200,0.0,0.0
2012-01-03 00:00:00-05:00,17.18263230706747,17.234340577325234,16.58687145857168,16.625089645385742,2173600,0.0,0.0
2012-01-04 00:00:00-05:00,16.604860850795923,16.795953543316042,16.339578685761737,16.73300552368164,1688000,0.0,0.0
2012-01-05 00:00:00-05:00,16.63633715232334,16.969064650060066,16.544162028586328,16.91510772705078,1483200,0.0,0.0
2012-01-06 00:00:00-05:00,16.856657963806985,16.962319751739376,16.584629844356613,16.6048641204834,1942800,0.0,0.0
2012-01-09 00:00:00-05:00,16.712773811680012,16.980304651312736,16.546410917847005,16.80719757080078,1644000,0.0,0.0
2012-01-10 00:00:00-05:00,16.604858729127503,16.80943976679918,16.46547262117203,16.61385154724121,1745600,0.0,0.0
2012-01-11 00:00:00-05:00,16.460978461275964,16.63858277482529,16.28112551420695,16.377796173095703,2420800,0.0,0.0
2012-01-12 00:00:00-05:00,16.454236777629458,16.48121352314799,15.968634775834914,16.22267723083496,2230800,0.0,0.0
2012-01-13 00:00:00-05:00,16.137245128070628,16.337330647140497,15.939408242699567,16.301361083984375,1800000,0.0,0.0
2012-01-17 00:00:00-05:00,16.46547219320441,16.571135659288256,16.231664073939108,16.267635345458984,1016400,0.0,0.0
2012-01-18 00:00:00-05:00,16.290115172003514,16.636330913045484,16.076541339607022,16.503690719604492,1113600,0.0,0.0
2012-01-19 00:00:00-05:00,16.51269010161423,16.793709345788777,16.40927522558264,16.64083480834961,1579200,0.0,0.0
2012-01-20 00:00:00-05:00,16.559902857385318,16.782469618693742,16.47672054356857,16.528427124023438,1000000,0.0,0.0
2012-01-23 00:00:00-05:00,16.541913135599646,16.757735656263126,16.34407453858776,16.573387145996094,1347200,0.0,0.0
2012-01-24 00:00:00-05:00,16.526178358671448,16.802700303753745,16.425010412866456,16.69478988647461,1202800,0.0,0.0
2012-01-25 00:00:00-05:00,16.802701669868444,17.34450757989168,16.786964661268886,16.960073471069336,1987200,0.0,0.0
2012-01-26 00:00:00-05:00,16.29236781246565,16.78021668407204,16.004604454379017,16.346323013305664,3015600,0.0,0.0
2012-01-27 00:00:00-05:00,16.344078861102627,16.856659412846003,16.186708767500743,16.762235641479492,1625600,0.0,0.0
2012-01-30 00:00:00-05:00,16.58912293652753,16.937585659032102,16.58687430303388,16.75998306274414,1359600,0.0,0.0
2012-01-31 00:00:00-05:00,16.818438086668223,17.1691512470117,16.481215015510614,17.11519432067871,2098800,0.0,0.0
2012-02-01 00:00:00-05:00,17.193879630981005,17.50861976544359,17.092711689013665,17.46365737915039,1704400,0.0,0.0
2012-02-02 00:00:00-05:00,17.3714841591994,17.677233222038833,17.283806295685697,17.407455444335938,1512800,0.0,0.0
2012-02-03 00:00:00-05:00,17.645754970933645,17.879563122601503,17.567069947585054,17.618778228759766,1560000,0.0,0.0
2012-02-06 00:00:00-05:00,17.501877495011424,17.55133715447152,17.160158862240735,17.407455444335938,1407200,0.0,0.0
2012-02-07 00:00:00-05:00,17.41195412328618,17.522114917389665,17.261328198947442,17.27256965637207,1378000,0.0,0.0
2012-02-08 00:00:00-05:00,17.16689764075601,17.297290935485986,16.88587849618523,17.02301597595215,1442400,0.0,0.0
2012-02-09 00:00:00-05:00,17.148914331538023,17.148914331538023,16.744247737552097,17.092710494995117,1352000,0.0,0.0
2012-02-10 00:00:00-05:00,16.87238833915103,17.063480994179525,16.643075780953193,16.74873924255371,1110800,0.0,0.0
2012-02-13 00:00:00-05:00,16.944331157240033,17.029760360717773,16.791456672192396,17.029760360717773,913600,0.0,0.0
2012-02-14 00:00:00-05:00,16.984799891711432,17.157906951559102,16.86789495254772,17.085966110229492,1460400,0.0,0.0
2012-02-15 00:00:00-05:00,17.135425728256738,17.23884058027469,16.681297774607298,16.804946899414062,2184800,0.0,0.0
2012-02-16 00:00:00-05:00,17.005031120334927,17.369232565905346,16.721763329335715,17.32651710510254,1939200,0.0,0.0
2012-02-17 00:00:00-05:00,17.436682317529257,17.67948336733878,17.108452031026204,17.17140007019043,1840000,0.0,0.0
2012-02-21 00:00:00-05:00,17.133176825023977,17.20062211298568,16.1372448019917,16.292367935180664,3622800,0.0,0.0
2012-02-22 00:00:00-05:00,16.197948672403175,16.3890414006789,15.694360990691239,15.755062103271484,4262000,0.0,0.0
2012-02-23 00:00:00-05:00,15.755059315159052,15.838239892574864,15.39985066909855,15.561717987060547,2714800,0.0,0.0
2012-02-24 00:00:00-05:00,15.514508970207347,15.710097241933479,15.145811905228165,15.25597095489502,2365600,0.0,0.0
2012-02-27 00:00:00-05:00,15.228987475827836,15.635904322717783,15.168288101374902,15.557217597961426,2110000,0.0,0.0
2012-02-28 00:00:00-05:00,15.577452476148343,15.721334132163422,15.41333655105368,15.626912117004395,2112800,0.0,0.0
2012-02-29 00:00:00-05:00,15.656140733206618,15.793278233015752,15.37062599528571,15.41558837890625,2480400,0.0,0.0
2012-03-01 00:00:00-05:00,15.483033234453902,15.894444007115274,15.393106754534852,15.629161834716797,1930400,0.0,0.0
2012-03-02 00:00:00-05:00,15.638154475108893,15.905685278122393,15.451559046779948,15.536988258361816,2253200,0.0,0.0
2012-03-05 00:00:00-05:00,15.431324986453625,15.487528822131328,15.287443304335103,15.402099609375,1713200,0.0,0.0
2012-03-06 00:00:00-05:00,15.309926163490944,15.507764784360969,15.145811905947548,15.368378639221191,1802000,0.0,0.0
2012-03-07 00:00:00-05:00,15.345896561495401,15.444814151026836,15.226744698174675,15.372873306274414,1536000,0.0,0.0
2012-03-08 00:00:00-05:00,15.404346698745178,15.512258819133683,15.285194840219408,15.438069343566895,2642400,0.0,0.0
2012-03-09 00:00:00-05:00,15.42008430393447,15.734826142501444,15.370626366838332,15.620171546936035,1371200,0.0,0.0
2012-03-12 00:00:00-04:00,15.59544088553546,15.622417628833091,15.377369729453255,15.460550308227539,1340400,0.0,0.0
2012-03-13 00:00:00-04:00,15.512253925591716,15.743813383671464,15.415583289041445,15.741564750671387,1774400,0.0,0.0
2012-03-14 00:00:00-04:00,15.721337703898008,15.797774100619595,15.444814065017802,15.566214561462402,1910800,0.0,0.0
2012-03-15 00:00:00-04:00,15.64939578653184,16.32384179928786,15.54148366980072,16.177711486816406,3040800,0.0,0.0
2012-03-16 00:00:00-04:00,16.130495194596566,16.26313537707983,15.62466085051514,15.689857482910156,7539200,0.0,0.0
2012-03-19 00:00:00-04:00,15.687608155299692,15.979868671685958,15.52124534753737,15.809008598327637,1676800,0.0,2.0
2012-03-20 00:00:00-04:00,15.773045912480736,15.930415972727515,15.561718932830761,15.871963500976562,1650200,0.0,0.0
2012-03-21 00:00:00-04:00,15.862966580057842,15.95289304060966,15.737070564408041,15.804515838623047,1228400,0.0,0.0
2012-03-22 00:00:00-04:00,15.75955170481215,15.867463800200726,15.51225522541885,15.557217597961426,2059400,0.0,0.0
2012-03-23 00:00:00-04:00,15.606685311826364,15.64265660063573,15.47179640920215,15.597692489624023,1427000,0.0,0.0
2012-03-26 00:00:00-04:00,15.71009357448834,16.182207107543945,15.71009357448834,16.182207107543945,1654000,0.0,0.0
2012-03-27 00:00:00-04:00,16.15523156334796,16.330587265986996,15.921423388094233,15.96189022064209,1190200,0.0,0.0
2012-03-28 00:00:00-04:00,16.02033903807963,16.402524368673298,15.894441301541473,16.218175888061523,2133800,0.0,0.0
2012-03-29 00:00:00-04:00,16.07879434418187,16.339580994028037,15.903438631798132,16.294618606567383,1250800,0.0,0.0
2012-03-30 00:00:00-04:00,16.3350865773104,16.3350865773104,15.9843734129491,16.10577392578125,1146600,0.0,0.0
2012-04-02 00:00:00-04:00,16.074297144157455,16.13724516623325,15.894444182336645,16.024837493896484,1587600,0.0,0.0
2012-04-03 00:00:00-04:00,16.02483310148574,16.442989665178086,16.02483310148574,16.23166275024414,1444600,0.0,0.0
2012-04-04 00:00:00-04:00,16.033829568049523,16.43400058853052,15.979874368093794,16.3350830078125,1771600,0.0,0.0
2012-04-05 00:00:00-04:00,16.28562525731831,16.46547651652715,16.168720309387734,16.22267723083496,1202800,0.0,0.0
2012-04-09 00:00:00-04:00,15.880952796059855,16.087782462250694,15.777537962964436,15.853974342346191,1530600,0.0,0.0
2012-04-10 00:00:00-04:00,15.85847336433377,15.930414200328965,15.390857072762595,15.399849891662598,2212000,0.0,0.0
2012-04-11 00:00:00-04:00,15.54372996597086,15.593189607234688,15.413336678130703,15.494270324707031,1364600,0.0,0.0
2012-04-12 00:00:00-04:00,15.575205041613334,16.020340128372876,15.575205041613334,15.85847282409668,1266000,0.0,0.0
2012-04-13 00:00:00-04:00,15.764052412197842,15.813510346708624,15.615673463050669,15.629161834716797,1060000,0.0,0.0
2012-04-16 00:00:00-04:00,15.66513350977322,15.921422869154526,15.597688219323409,15.69211196899414,1302200,0.0,0.0
2012-04-17 00:00:00-04:00,15.768549493316677,15.93940965020948,15.719089838805198,15.840490341186523,1704600,0.0,0.0
2012-04-18 00:00:00-04:00,15.791027742610856,15.975376238107904,15.701101270738075,15.723584175109863,1397600,0.0,0.0
2012-04-19 00:00:00-04:00,15.894448761479474,16.164228281933354,15.467300855703709,15.597692489624023,1953600,0.0,0.0
2012-04-20 00:00:00-04:00,15.782031472668898,15.94389874360161,15.462794196776276,15.516749382019043,1895800,0.0,0.0
2012-04-23 00:00:00-04:00,15.269456653831213,15.300930662509515,15.017664584404796,15.20650863647461,1751400,0.0,0.0
2012-04-24 00:00:00-04:00,15.20201512422224,15.426830482204323,15.20201512422224,15.264963150024414,1286800,0.0,0.0
2012-04-25 00:00:00-04:00,15.453804864411682,15.674124636235568,15.260463548894231,15.422330856323242,1218400,0.0,0.0
2012-04-26 00:00:00-04:00,15.386367191309443,15.521256094110932,15.228995375369824,15.282952308654785,1199200,0.0,0.0
2012-04-27 00:00:00-04:00,15.291935851268349,15.35038830914324,15.166039832957454,15.287440299987793,2031400,0.0,0.0
2012-04-30 00:00:00-04:00,15.300931290562309,15.354888206401151,15.103094411434597,15.197516441345215,2274000,0.0,0.0
2012-05-01 00:00:00-04:00,15.17952794804054,15.246973222552752,15.0446391142207,15.11208438873291,2708600,0.0,0.0
2012-05-02 00:00:00-04:00,15.06712171418842,15.170538268863789,14.68044081168271,14.846803665161133,3012000,0.0,0.0
2012-05-03 00:00:00-04:00,14.846804930171665,15.067122997970982,14.819826472496183,14.941226959228516,3073600,0.0,0.0
2012-05-04 00:00:00-04:00,14.945723722701823,15.071619757200997,14.837811610841937,14.89626407623291,2162000,0.0,0.0
2012-05-07 00:00:00-04:00,14.87827967477852,15.166043043378332,14.855798483207591,15.076116561889648,2101800,0.0,0.0
2012-05-08 00:00:00-04:00,15.022158678179805,15.39085564280019,15.004173042050843,15.332403182983398,2606800,0.0,0.0
2012-05-09 00:00:00-04:00,15.193021717274394,15.341398955905124,15.044642763438667,15.251472473144531,1612200,0.0,0.0
2012-05-10 00:00:00-04:00,15.309921486799794,15.476284327454135,15.211003921786066,15.287440299987793,1283400,0.0,0.0
2012-05-11 00:00:00-04:00,15.14355918724508,15.381862863335499,15.14355918724508,15.359381675720215,1004600,0.0,0.0
2012-05-14 00:00:00-04:00,15.188525658655236,15.341400176954297,15.188525658655236,15.25597095489502,1052400,0.0,0.0
2012-05-15 00:00:00-04:00,15.309926130425554,15.35938578553624,15.085110763707982,15.116584777832031,981200,0.0,0.0
2012-05-16 00:00:00-04:00,15.152553627154788,15.48977662309204,15.085108341885396,15.157049179077148,1230600,0.0,0.0
2012-05-17 00:00:00-04:00,15.130070252771338,15.15255143954719,14.428645905014303,14.478105545043945,1508200,0.0,0.0
2012-05-18 00:00:00-04:00,14.451126360540737,14.738889653201449,14.347711534441077,14.54105281829834,2745800,0.0,0.0
2012-05-21 00:00:00-04:00,14.536561686353926,14.797346606404378,14.487102033791329,14.729901313781738,1361600,0.0,0.0
2012-05-22 00:00:00-04:00,14.756880892899943,14.842310116855762,14.518577147251227,14.5905179977417,1003600,0.0,0.0
2012-05-23 00:00:00-04:00,14.473610583557004,14.532063050646741,14.068944011532754,14.491596221923828,1626000,0.0,0.0
2012-05-24 00:00:00-04:00,14.572530709933858,15.251472302531496,14.5635378902379,15.215502738952637,1953800,0.0,0.0
2012-05-25 00:00:00-04:00,15.215502614548006,15.431325139871493,15.143561772773511,15.269457817077637,1156600,0.0,0.0
2012-05-29 00:00:00-04:00,15.336903900798143,15.467297219267817,15.246977415122332,15.34589672088623,1466600,0.0,0.0
2012-05-30 00:00:00-04:00,15.246978102177454,15.354890232892144,15.04014837644652,15.116584777832031,1373200,0.0,0.0
2012-05-31 00:00:00-04:00,15.19751553271735,15.534738518126188,15.098597956670021,15.422330856323242,2012400,0.0,0.0
2012-06-01 00:00:00-04:00,15.16604554583148,15.368379733765659,15.130075976423878,15.202016830444336,1491800,0.0,0.0
2012-06-04 00:00:00-04:00,15.273954484864474,15.29193840819836,14.460122350635986,14.550048828125,1725800,0.0,0.0
2012-06-05 00:00:00-04:00,14.586018733784542,14.765871693001637,14.47361106307509,14.671449661254883,1301000,0.0,0.0
2012-06-06 00:00:00-04:00,14.77935865603916,15.058130887777098,14.689432185001268,15.049138069152832,1215200,0.0,0.0
2012-06-07 00:00:00-04:00,15.211006527907378,15.354888206401151,15.040146391494183,15.197516441345215,1903800,0.0,0.0
2012-06-08 00:00:00-04:00,15.417835244976096,15.737072591613972,15.300930316637993,15.61567211151123,1806400,0.0,0.0
2012-06-11 00:00:00-04:00,15.737073974892516,16.03383015838229,15.494272993344987,15.543732643127441,2258200,0.0,0.0
2012-06-12 00:00:00-04:00,15.579700579452695,15.853973797698346,15.476284034705415,15.611174583435059,1366400,0.0,0.0
2012-06-13 00:00:00-04:00,15.647145522263184,15.943901668341796,15.530242313591797,15.737071990966797,1441400,0.0,0.0
2012-06-14 00:00:00-04:00,15.970883332641357,16.002357345731177,15.701103872322083,15.831497192382812,2099000,0.0,0.0
2012-06-15 00:00:00-04:00,15.889948742841012,15.898941562516335,15.52574726441282,15.548230171203613,2013800,0.0,0.0
2012-06-18 00:00:00-04:00,15.449309619434644,15.903435827446842,15.395354420955087,15.849480628967285,1876000,0.0,0.0
2012-06-19 00:00:00-04:00,15.934910889759477,16.14174230881544,15.755059644534441,16.078792572021484,1361400,0.0,0.0
2012-06-20 00:00:00-04:00,16.10127118962962,16.33507928982783,15.916922726135486,16.23166275024414,1635200,0.0,0.0
2012-06-21 00:00:00-04:00,16.299111974937077,16.411519643729747,16.1507330288324,16.177711486816406,2377400,0.0,0.0
2012-06-22 00:00:00-04:00,16.34857401375355,16.371055207757784,16.231669060603252,16.245159149169922,6309600,0.0,0.0
2012-06-25 00:00:00-04:00,16.123757947618778,16.191201526721546,15.728082432436544,15.862971305847168,1250000,0.0,0.0
2012-06-26 00:00:00-04:00,15.862969330301151,16.12375593959486,15.818006949832174,16.056310653686523,1298000,0.0,0.0
2012-06-27 00:00:00-04:00,16.146239640577985,16.36206218775836,15.99786238979372,16.294618606567383,1525400,0.0,0.0
2012-06-28 00:00:00-04:00,16.186702728271484,16.285622016031994,15.885451028571373,16.186702728271484,1388200,0.0,0.0
2012-06-29 00:00:00-04:00,16.398032066339354,16.398032066339354,16.029335032063337,16.141742706298828,1690800,0.0,0.0
2012-07-02 00:00:00-04:00,16.240658816284412,16.42950458373211,16.114762781455838,16.38004493713379,1593400,0.0,0.0
2012-07-03 00:00:00-04:00,16.411521911621094,16.53741796920076,16.204692184110172,16.523929595947266,1257600,0.0,0.0
2012-07-05 00:00:00-04:00,16.54191510986479,16.924100547552328,16.460981440555997,16.91510772705078,2833000,0.0,0.0
2012-07-06 00:00:00-04:00,16.757729649921817,17.292789350089148,16.757729649921817,17.067974090576172,2238000,0.0,0.0
2012-07-09 00:00:00-04:00,16.93309569232785,16.93309569232785,16.051819744671914,16.249656677246094,3523400,0.0,0.0
2012-07-10 00:00:00-04:00,16.204689527185444,16.357564021411907,15.822502434016862,16.051815032958984,2186800,0.0,0.0
2012-07-11 00:00:00-04:00,16.11925706082858,16.514932487174633,16.047316230147906,16.456480026245117,3017200,0.0,0.0
2012-07-12 00:00:00-04:00,16.312600049391147,16.577882211521157,16.146237182863644,16.39353370666504,1811400,0.0,0.0
2012-07-13 00:00:00-04:00,16.46547457961047,16.703779999956613,16.46547457961047,16.618349075317383,1412600,0.0,0.0
2012-07-16 00:00:00-04:00,16.6318399016149,16.919603267464126,16.537416153591597,16.753238677978516,1123000,0.0,0.0
2012-07-17 00:00:00-04:00,16.856656765717727,16.892626332090135,16.514936451551733,16.7397518157959,1109200,0.0,0.0
2012-07-18 00:00:00-04:00,16.74424134801374,17.10394542158563,16.70377453253663,16.793699264526367,1881200,0.0,0.0
2012-07-19 00:00:00-04:00,16.86565205299039,17.01403105348272,16.40703010559082,16.40703010559082,2450000,0.0,0.0
2012-07-20 00:00:00-04:00,16.366560593762596,16.411522984349943,16.074299909329056,16.10577392578125,1930200,0.0,0.0
2012-07-23 00:00:00-04:00,15.934905139876305,16.069795669127945,15.638149062890491,15.988862037658691,1727400,0.0,0.0
2012-07-24 00:00:00-04:00,16.033834932807586,16.05182057721227,15.38186990238419,15.597692489624023,1639000,0.0,0.0
2012-07-25 00:00:00-04:00,15.69210978564616,15.759553351507112,15.381863550989639,15.489775657653809,2060000,0.0,0.0
2012-07-26 00:00:00-04:00,15.74606752994441,15.867468026389012,15.287444003999813,15.566214561462402,1569000,0.0,0.0
2012-07-27 00:00:00-04:00,15.54373574525089,15.889951647618766,15.309927536565885,15.773048400878906,1138400,0.0,0.0
2012-07-30 00:00:00-04:00,15.728078180202518,15.979871933644596,15.539234151524424,15.710092544555664,1926800,0.0,0.0
2012-07-31 00:00:00-04:00,15.719091618117847,15.786536921032493,15.620174013103084,15.669631958007812,1600400,0.0,0.0
2012-08-01 00:00:00-04:00,15.764053858383022,15.80452069229875,15.251473390382088,15.273956298828125,1608200,0.0,0.0
2012-08-02 00:00:00-04:00,15.152558488379922,15.440321929466846,15.080617628108191,15.188528060913086,1589200,0.0,0.0
2012-08-03 00:00:00-04:00,15.31891804101804,15.56621458667762,15.3054296686818,15.480785369873047,1046800,0.0,0.0
2012-08-06 00:00:00-04:00,15.51226187148071,15.746070082324765,15.51226187148071,15.669631958007812,1505200,0.0,0.0
2012-08-07 00:00:00-04:00,15.696605507322351,15.7865319779825,15.570709477521003,15.660635948181152,2568800,0.0,0.0
2012-08-08 00:00:00-04:00,15.570711362789433,15.773045517471763,15.46729650933068,15.548230171203613,2738800,0.0,0.0
2012-08-09 00:00:00-04:00,15.471794589615051,15.584202281116237,15.381868093373052,15.42683219909668,1667800,0.0,0.0
2012-08-10 00:00:00-04:00,15.426831114951439,15.62466802061633,15.202015747748325,15.368378639221191,1060800,0.0,0.0
2012-08-13 00:00:00-04:00,15.305426443994621,15.431322466488021,15.157047518737686,15.332403182983398,1048200,0.0,0.0
2012-08-14 00:00:00-04:00,15.390859532804065,15.471793200635522,15.224496644575002,15.273956298828125,955800,0.0,0.0
2012-08-15 00:00:00-04:00,15.287445821458302,15.426831974363129,15.237986163485454,15.336905479431152,1151400,0.0,0.0
2012-08-16 00:00:00-04:00,15.354889381490084,15.417837406247823,15.21100769198524,15.372873306274414,891400,0.0,0.0
2012-08-17 00:00:00-04:00,15.327911804516425,15.381867012387735,15.202015747748325,15.368378639221191,1004200,0.0,0.0
2012-08-20 00:00:00-04:00,15.377373757794114,15.755063699747142,15.332409648510783,15.633663177490234,1155200,0.0,0.0
2012-08-21 00:00:00-04:00,15.638154688389527,15.997860608851473,15.611177944998344,15.656140327453613,1184800,0.0,0.0
2012-08-22 00:00:00-04:00,15.61567105802986,15.64714506387337,15.372870114204481,15.498767852783203,899800,0.0,0.0
2012-08-23 00:00:00-04:00,15.458302039016116,15.55721961447229,15.237982268508912,15.305427551269531,1016800,0.0,0.0
2012-08-24 00:00:00-04:00,15.242478983622908,15.440315842577466,15.197514891675466,15.318915367126465,597600,0.0,0.0
2012-08-27 00:00:00-04:00,15.467298583341291,15.516756525379925,15.206511923402958,15.246978759765625,1014400,0.0,0.0
2012-08-28 00:00:00-04:00,15.193018588487472,15.260462150265123,15.008670108634465,15.098596572875977,1200600,0.0,0.0
2012-08-29 00:00:00-04:00,15.080609611970104,15.148053167822011,14.878275514005399,15.062623977661133,882200,0.0,0.0
2012-08-30 00:00:00-04:00,15.035649108487702,15.170539682738598,14.932234259378943,15.085108757019043,563600,0.0,0.0
2012-08-31 00:00:00-04:00,15.184028054081727,15.305428541784593,15.04014637573868,15.085108757019043,611400,0.0,0.0
2012-09-04 00:00:00-04:00,15.031152761492187,15.116581967488763,14.698425325917713,15.058131217956543,1154400,0.0,0.0
2012-09-05 00:00:00-04:00,14.999682025183704,15.40434866919236,14.981696383617493,15.21100902557373,1495800,0.0,0.0
2012-09-06 00:00:00-04:00,15.233484022658793,15.61117376587197,15.211002837449394,15.44930648803711,1064400,0.0,0.0
2012-09-07 00:00:00-04:00,15.525749461825132,15.683121255609189,15.390860578013953,15.642654418945312,875600,0.0,0.0
2012-09-10 00:00:00-04:00,15.669628699149206,15.952896511191257,15.579703934238665,15.656140327453613,1123400,0.0,0.0
2012-09-11 00:00:00-04:00,15.579701237873516,15.692108889762345,15.440315132057695,15.494270324707031,1071800,0.0,0.0
2012-09-12 00:00:00-04:00,15.48527685230103,15.66512977380417,15.48527685230103,15.611174583435059,877600,0.0,0.0
2012-09-13 00:00:00-04:00,15.588694813298272,15.759554951528154,15.440317581176076,15.678621292114258,769200,0.0,0.0
2012-09-14 00:00:00-04:00,15.67862176848336,15.67862176848336,15.287443546234172,15.548230171203613,1897200,0.0,0.0
2012-09-17 00:00:00-04:00,15.51226198870087,15.570714470654913,15.354891900984581,15.476290702819824,1129800,0.0,0.0
2012-09-18 00:00:00-04:00,15.41783107889194,15.503260260974407,15.184023000598295,15.323409080505371,1266200,0.0,0.0
2012-09-19 00:00:00-04:00,15.431320195784295,15.633654284450186,15.372867744568723,15.516749382019043,1345000,0.0,0.0
2012-09-20 00:00:00-04:00,15.408843526856307,15.52125119625397,15.28744303808224,15.341398239135742,872000,0.0,0.0
2012-09-21 00:00:00-04:00,15.44481182217648,15.494271467086927,15.098597738212899,15.161545753479004,1369600,0.0,0.0
2012-09-24 00:00:00-04:00,15.076119153506268,15.251474879190486,14.73440052335308,15.12108325958252,1702800,0.0,0.0
2012-09-25 00:00:00-04:00,15.161548650988493,15.332407092162015,14.99068849460987,15.139065742492676,2041400,0.0,0.0
2012-09-26 00:00:00-04:00,15.264960186256255,16.141740255196165,15.260462919454946,16.069799423217773,2362600,0.0,0.0
2012-09-27 00:00:00-04:00,16.12825639253237,16.159730411465794,15.921426635196903,15.975381851196289,1217000,0.0,0.0
2012-09-28 00:00:00-04:00,15.876463903897513,15.957397583780502,15.75506338407303,15.764056205749512,1430600,0.0,0.0
2012-10-01 00:00:00-04:00,15.710093197293192,15.876457761131919,15.543730348659157,15.813508033752441,1748400,0.0,0.0
2012-10-02 00:00:00-04:00,15.844986897545922,16.060809431465096,15.827001257584733,16.042823791503906,947000,0.0,0.0
2012-10-03 00:00:00-04:00,16.168719537918427,16.55989948132331,15.975378199970269,16.37105369567871,1384000,0.0,0.0
2012-10-04 00:00:00-04:00,16.37105382163658,16.429506293262616,16.173216929862715,16.31709861755371,942000,0.0,0.0
2012-10-05 00:00:00-04:00,16.39802624720203,16.70827070052232,16.335078246401192,16.420507431030273,672000,0.0,0.0
2012-10-08 00:00:00-04:00,16.402524609580745,16.69928074651443,16.317095410307527,16.61385154724121,1593600,0.0,0.0
2012-10-09 00:00:00-04:00,16.537414980669507,16.54191224774472,16.186703617815713,16.38004493713379,1123800,0.0,0.0
2012-10-10 00:00:00-04:00,16.411515347558876,16.53741135478431,16.119254799123304,16.442989349365234,1134000,0.0,0.0
2012-10-11 00:00:00-04:00,16.465472374718995,16.53291765195996,16.312597899483503,16.438495635986328,881400,0.0,0.0
2012-10-12 00:00:00-04:00,16.48345811196976,16.640828139559535,16.380043277381528,16.55539894104004,647600,0.0,0.0
2012-10-15 00:00:00-04:00,16.645325837033603,16.7127694012301,16.451984532301832,16.68129539489746,643400,0.0,0.0
2012-10-16 00:00:00-04:00,16.74874620846985,16.847665526888914,16.595871677824597,16.843168258666992,1140200,0.0,0.0
2012-10-17 00:00:00-04:00,16.852158261364007,16.98255157470703,16.59137334988294,16.98255157470703,1112600,0.0,0.0
2012-10-18 00:00:00-04:00,16.996042115730845,17.27031714941899,16.996042115730845,17.162405014038086,1351200,0.0,0.0
2012-10-19 00:00:00-04:00,17.12643326004934,17.166900091252177,16.897122360036594,16.98255157470703,1194200,0.0,0.0
2012-10-22 00:00:00-04:00,16.92410009016728,17.26582039917033,16.906114449650257,17.121938705444336,1262400,0.0,0.0
2012-10-23 00:00:00-04:00,17.08146827926104,17.252326682622062,16.870141335645638,17.18488311767578,1260000,0.0,0.0
2012-10-24 00:00:00-04:00,17.28380255329079,17.351247840715487,17.14441814158028,17.243335723876953,1392000,0.0,0.0
2012-10-25 00:00:00-04:00,17.220857492169625,17.279309970301167,16.937589637599306,17.162405014038086,1402800,0.0,0.0
2012-10-26 00:00:00-04:00,17.13992198046835,17.23434573199773,16.7487437476924,17.216360092163086,2113600,0.0,0.0
2012-10-31 00:00:00-04:00,17.108445347952422,17.26131983272192,16.748741182378534,17.193876266479492,1515800,0.0,0.0
2012-11-01 00:00:00-04:00,17.19837757257315,17.535600662231445,16.928599786928643,17.535600662231445,2068800,0.0,0.0
2012-11-02 00:00:00-04:00,17.58955462091312,17.70645957749921,17.45466573771819,17.553585052490234,1334200,0.0,0.0
2012-11-05 00:00:00-05:00,17.61203156046727,18.04817383545618,17.57606200073472,18.043678283691406,2141600,0.0,0.0
2012-11-06 00:00:00-05:00,18.070659927367203,18.659676850234025,17.88181582832601,18.641691207885742,2213800,0.0,0.0
2012-11-07 00:00:00-05:00,18.511295894128693,18.511295894128693,18.025695609090437,18.187562942504883,1898400,0.0,0.0
2012-11-08 00:00:00-05:00,18.20554982596071,18.63269766638502,18.084149317610944,18.50680160522461,2022800,0.0,0.0
2012-11-09 00:00:00-05:00,18.41687359711775,18.64168895367008,18.14709585533697,18.295473098754883,1566600,0.0,0.0
2012-11-12 00:00:00-05:00,18.389889772882544,18.659667410812535,18.250503688002894,18.587726593017578,1435800,0.0,0.0
2012-11-13 00:00:00-05:00,18.515793047714116,19.10031263628182,18.43036382902974,18.5787410736084,1856400,0.0,0.0
2012-11-14 00:00:00-05:00,18.619205200136378,18.85301334461701,18.174070100697236,18.21903419494629,1863800,0.0,0.0
2012-11-15 00:00:00-05:00,18.210044989724672,18.659675730211703,18.01670363409884,18.380905151367188,1922000,0.0,0.0
2012-11-16 00:00:00-05:00,18.322444513581146,18.33593288092206,17.78738478820414,18.308956146240234,1988000,0.0,0.0
2012-11-19 00:00:00-05:00,18.38539908617138,18.677659727851147,18.38539908617138,18.67316246032715,1756400,0.0,0.0
2012-11-20 00:00:00-05:00,18.628202626675833,18.83503236576641,18.475328098825138,18.803558349609375,1662000,0.0,0.0
2012-11-21 00:00:00-05:00,18.79455974008132,18.8215381949949,18.61470851960489,18.799057006835938,818800,0.0,0.0
2012-11-23 00:00:00-05:00,18.88448712883127,19.122790822305753,18.740605459351798,19.104806900024414,636800,0.0,0.0
2012-11-26 00:00:00-05:00,19.104804731062966,19.208219562060393,18.63269123427722,19.10030746459961,1164000,0.0,0.0
2012-11-27 00:00:00-05:00,19.02836917492972,19.22171049372037,18.969916709545263,19.005887985229492,1012200,0.0,0.0
2012-11-28 00:00:00-05:00,19.005892449683085,19.140781334774463,18.794565443409947,19.13628578186035,1643400,0.0,0.0
2012-11-29 00:00:00-05:00,19.235206024016005,19.244198846284274,18.987909414857825,19.158769607543945,959600,0.0,0.0
2012-11-30 00:00:00-05:00,19.16325964211988,19.36559379687063,19.00588958576095,19.221712112426758,3951400,0.0,0.0
2012-12-03 00:00:00-05:00,19.280160722674577,19.325123096859553,18.978907326980398,19.10930061340332,1196400,0.0,0.0
2012-12-04 00:00:00-05:00,19.15876355612216,19.32962369484098,18.906969757757842,19.149770736694336,1263200,0.0,0.0
2012-12-05 00:00:00-05:00,19.176751234169682,19.293654468752653,19.03736509102393,19.09581756591797,1409200,0.0,0.0
2012-12-06 00:00:00-05:00,19.086821660900434,19.2621773420381,19.00588800572846,19.118295669555664,1186200,0.0,0.0
2012-12-07 00:00:00-05:00,19.221708264070397,19.28465627401122,18.956426139887906,19.10930061340332,1364000,0.0,0.0
2012-12-10 00:00:00-05:00,19.082326693957093,19.244194023812025,18.93394945172676,19.131786346435547,1109400,0.0,0.0
2012-12-11 00:00:00-05:00,19.22620478010799,19.63536858045832,19.086820384017976,19.52745819091797,1160400,0.0,0.0
2012-12-12 00:00:00-05:00,19.50947344772545,19.707312029617608,19.352103407770137,19.388072967529297,828800,0.0,0.0
2012-12-13 00:00:00-05:00,19.356602375076,19.725299432490395,19.356602375076,19.486995697021484,761200,0.0,0.0
2012-12-14 00:00:00-05:00,19.428538545593298,19.608391478444368,19.19473041896878,19.406057357788086,1152800,0.0,0.0
2012-12-17 00:00:00-05:00,19.513970596811234,19.89166040562709,19.49598495943791,19.774755477905273,1264400,0.0,0.0
2012-12-18 00:00:00-05:00,19.801737953421114,19.97259639753503,19.711811463505555,19.950115203857422,1741800,0.0,0.0
2012-12-19 00:00:00-05:00,19.927634856875486,20.300829205559733,19.92313930403101,20.143457412719727,1552000,0.0,0.0
2012-12-20 00:00:00-05:00,20.17492558068205,20.25136367852475,19.94111745081718,20.197406768798828,1093800,0.0,0.0
2012-12-21 00:00:00-05:00,20.06252169943425,20.076011787006095,19.824217973193704,19.97259521484375,2223600,0.0,0.0
2012-12-24 00:00:00-05:00,19.932128037961146,20.004068875158186,19.752275087366115,19.851194381713867,380800,0.0,0.0
2012-12-26 00:00:00-05:00,19.83321369893873,19.936628571047365,19.48699779742447,19.549945831298828,1166800,0.0,0.0
2012-12-27 00:00:00-05:00,19.54094958380509,19.66684734468491,19.298148596970773,19.45102310180664,878200,0.0,0.0
2012-12-28 00:00:00-05:00,19.415047332601436,19.446521333960277,19.167750872551498,19.21271324157715,1180000,0.0,0.0
2012-12-31 00:00:00-05:00,19.25768667470239,19.45552359574397,19.16776017779067,19.374589920043945,1383200,0.0,0.0
2013-01-02 00:00:00-05:00,19.797237916688474,19.882668842002055,19.60389659073285,19.756771087646484,2173400,0.0,0.0
2013-01-03 00:00:00-05:00,19.797237129112123,20.152445757104736,19.47799977670577,20.12546730041504,2602600,0.0,0.0
2013-01-04 00:00:00-05:00,20.120968099195576,20.458191028232374,20.093989647399006,20.40423583984375,1215000,0.0,0.0
2013-01-07 00:00:00-05:00,20.395250070035818,21.08318453411711,20.395250070035818,20.840383529663086,2080200,0.0,0.0
2013-01-08 00:00:00-05:00,20.8134034027367,21.182100402109032,20.642543273816283,20.68301010131836,1748000,0.0,0.0
2013-01-09 00:00:00-05:00,20.754953845715065,20.903332805749343,20.70999146005896,20.822399139404297,1069200,0.0,0.0
2013-01-10 00:00:00-05:00,20.912316717403076,21.01573325620855,20.65602743386921,20.669517517089844,1035200,0.0,0.0
2013-01-11 00:00:00-05:00,20.759447919150517,21.069694189770782,20.683011525939982,21.060701370239258,1421200,0.0,0.0
2013-01-14 00:00:00-05:00,21.065200218978045,21.105667055600243,20.75945116787815,20.87635612487793,1008800,0.0,0.0
2013-01-15 00:00:00-05:00,20.885347370211544,21.123651103894904,20.597583982698414,20.99775505065918,860800,0.0,0.0
2013-01-16 00:00:00-05:00,21.0022547942798,21.195596180448266,20.8628703404412,21.123655319213867,1060200,0.0,0.0
2013-01-17 00:00:00-05:00,21.24055169784639,21.299002444749327,21.038217571477325,21.150625228881836,1293800,0.0,0.0
2013-01-18 00:00:00-05:00,21.11465345037203,21.150624723179686,20.84037849843006,20.97077178955078,1258800,0.0,0.0
2013-01-22 00:00:00-05:00,21.03371862489601,21.3169863791907,20.85836296778178,21.213571548461914,1733800,0.0,0.0
2013-01-23 00:00:00-05:00,21.31699171437879,21.31699171437879,20.88084938045734,20.97527313232422,1288800,0.0,0.0
2013-01-24 00:00:00-05:00,21.02023332437015,21.50583525976088,20.552617027002377,20.858366012573242,1729800,0.0,0.0
2013-01-25 00:00:00-05:00,20.853873879287697,21.087682066300232,20.435717160331354,20.95728874206543,1888200,0.0,0.0
2013-01-28 00:00:00-05:00,21.029223254830164,21.366446203018196,20.925808423210388,21.164112091064453,1687400,0.0,0.0
2013-01-29 00:00:00-05:00,20.993256386807296,21.128146966537866,20.660530635324477,20.844879150390625,1312600,0.0,0.0
2013-01-30 00:00:00-05:00,20.844876487675823,20.93929850926182,20.62905398896293,20.70998764038086,862800,0.0,0.0
2013-01-31 00:00:00-05:00,20.7414608001709,20.907823647864337,20.60207469171145,20.7414608001709,970800,0.0,0.0
2013-02-01 00:00:00-05:00,20.822397315520288,21.182101514877,20.804411676751222,20.939300537109375,1484800,0.0,0.0
2013-02-04 00:00:00-05:00,20.732466075231702,20.988755365611425,20.57959161121533,20.912317276000977,1285400,0.0,0.0
2013-02-05 00:00:00-05:00,20.97527818169682,21.32598966812753,20.916825695556554,21.069700241088867,952600,0.0,0.0
2013-02-06 00:00:00-05:00,20.94380115083797,21.393431900677804,20.94380115083797,21.321489334106445,970000,0.0,0.0
2013-02-07 00:00:00-05:00,21.21806894217535,21.591263190659234,21.18209938346152,21.49234390258789,1174400,0.0,0.0
2013-02-08 00:00:00-05:00,21.577772901254033,21.97344658793574,21.528313261617672,21.883520126342773,1012600,0.0,0.0
2013-02-11 00:00:00-05:00,21.950969366545422,22.126325054965303,21.69018446754288,21.94197654724121,1125000,0.0,0.0
2013-02-12 00:00:00-05:00,21.946476707379528,22.085861136955575,21.825076203577563,21.968957901000977,1280200,0.0,0.0
2013-02-13 00:00:00-05:00,21.977947478305566,22.265710830688477,21.92848783051384,22.265710830688477,1146800,0.0,0.0
2013-02-14 00:00:00-05:00,22.180278634838242,22.193767004163433,21.717157943952433,21.901506423950195,1206000,0.0,0.0
2013-02-15 00:00:00-05:00,22.000431785636835,22.378121667951827,21.977950592147693,22.022912979125977,1269800,0.0,0.0
2013-02-19 00:00:00-05:00,21.995929985221125,22.625413564433185,21.870033955460617,22.61642074584961,1416200,0.0,0.0
2013-02-20 00:00:00-05:00,22.57595501936438,22.78278471124571,22.103843169563998,22.144309997558594,1034200,0.0,0.0
2013-02-21 00:00:00-05:00,22.306179443941538,22.459053951526414,22.09485246472582,22.31966781616211,1192400,0.0,0.0
2013-02-22 00:00:00-05:00,22.45005793889192,22.845733381405903,22.391605475573943,22.841236114501953,1261000,0.0,0.0
2013-02-25 00:00:00-05:00,22.9086851924567,23.164974561897157,22.261215867381825,22.27920150756836,1452200,0.0,0.0
2013-02-26 00:00:00-05:00,22.418584963799752,22.571459456683613,22.076864701962958,22.47703742980957,1853400,0.0,0.0
2013-02-27 00:00:00-05:00,22.409591365758804,23.286371464607218,22.409591365758804,23.128999710083008,1560600,0.0,0.0
2013-02-28 00:00:00-05:00,23.155974167506134,23.362803816382353,23.06155216021975,23.178455352783203,1862400,0.0,0.0
2013-03-01 00:00:00-05:00,23.093031652646467,23.704529642701733,23.070550462024855,23.56064796447754,1695000,0.0,0.0
2013-03-04 00:00:00-05:00,23.61460323665165,24.55882696726308,23.42126190935042,24.518360137939453,2497400,0.0,0.0
2013-03-05 00:00:00-05:00,24.63525683205451,25.287221435171812,24.545330384175514,25.11186408996582,2583800,0.0,0.0
2013-03-06 00:00:00-05:00,25.255752780830115,25.422117356235606,24.85558177686384,25.03543472290039,1924400,0.0,0.0
2013-03-07 00:00:00-05:00,25.089389494654327,25.201797155217477,24.878064259134852,25.19280433654785,1024800,0.0,0.0
2013-03-08 00:00:00-05:00,25.449097167868825,25.88074394739271,25.372660771464556,25.8537654876709,1817600,0.0,0.0
2013-03-11 00:00:00-04:00,25.682899405682523,25.831278327061277,25.525529381678957,25.678403854370117,1198000,0.0,0.0
2013-03-12 00:00:00-04:00,25.619955790373957,25.817792670940328,25.512045388321358,25.642436981201172,1227800,0.0,0.0
2013-03-13 00:00:00-04:00,25.822290904340097,26.92388644813772,25.822290904340097,26.73504066467285,2302400,0.0,0.0
2013-03-14 00:00:00-04:00,26.75752133420092,26.869929005554017,26.52821043933078,26.7755069732666,1690000,0.0,0.0
2013-03-15 00:00:00-04:00,26.766519091190208,26.86543840909356,26.45627447850051,26.636127471923828,1885200,0.0,0.0
2013-03-18 00:00:00-04:00,26.451774669437516,27.333050421963613,26.132535571716183,27.238628387451172,1182600,0.0,0.0
2013-03-19 00:00:00-04:00,27.3600302726418,27.7107434216897,27.00032601803322,27.391504287719727,1299200,0.0,0.0
2013-03-20 00:00:00-04:00,27.584841332772086,28.35371109357705,27.40049282391117,28.326732635498047,1905800,0.0,0.0
2013-03-21 00:00:00-04:00,28.19634459389732,28.45263399029853,27.62981059006444,27.809661865234375,1223800,0.0,0.0
2013-03-22 00:00:00-04:00,27.935553964924228,28.32223661496965,27.850123040022865,28.259286880493164,1042200,0.0,0.0
2013-03-25 00:00:00-04:00,28.403173919341036,28.605508101770834,27.895092402045908,28.02098846435547,1385200,0.0,0.0
2013-03-26 00:00:00-04:00,28.146882222093918,28.54255773364838,28.0209861700923,28.23231315612793,1466200,0.0,0.0
2013-03-27 00:00:00-04:00,28.04796652035101,28.547056924705352,27.89509199753261,28.457130432128906,735600,0.0,0.0
2013-03-28 00:00:00-04:00,28.609996051844607,29.0236571028876,28.609996051844607,28.758373260498047,1245800,0.0,0.0
2013-04-01 00:00:00-04:00,28.66395522007145,29.001178222660524,28.479606713930952,28.59650993347168,1364800,0.0,0.0
2013-04-02 00:00:00-04:00,28.313242068969007,28.38068563613033,26.451771485958094,26.645111083984375,3937600,0.0,0.0
2013-04-03 00:00:00-04:00,26.73953373204764,27.112726257696952,25.7458487504219,25.997642517089844,2820000,0.0,0.0
2013-04-04 00:00:00-04:00,25.925704445203944,26.937373455888604,25.862756425638572,26.919387817382812,1438400,0.0,0.0
2013-04-05 00:00:00-04:00,26.28540860685561,26.717053639232518,25.49855493284974,26.69457244873047,1144800,0.0,0.0
2013-04-08 00:00:00-04:00,26.77100443098803,27.094737273616456,26.496729510068967,27.072256088256836,1330000,0.0,0.0
2013-04-09 00:00:00-04:00,27.30606933097168,27.35552897719842,26.483246128487654,26.550689697265625,1217200,0.0,0.0
2013-04-10 00:00:00-04:00,26.555191245944883,26.955362316912325,26.492241503648966,26.842954635620117,1566600,0.0,0.0
2013-04-11 00:00:00-04:00,26.81147764562,27.16218902345211,26.582165040725997,26.69906997680664,1289000,0.0,0.0
2013-04-12 00:00:00-04:00,26.573176086629836,26.959858798025984,26.366346357577765,26.591161727905273,1191200,0.0,0.0
2013-04-15 00:00:00-04:00,26.555186130785582,26.851942283626524,25.336685796734272,25.462583541870117,2257400,0.0,0.0
2013-04-16 00:00:00-04:00,26.190984870655733,27.584839173398418,26.002140824500373,27.48142433166504,3660600,0.0,0.0
2013-04-17 00:00:00-04:00,27.34204327980099,27.3645244715917,26.528211101419245,26.905900955200195,2121600,0.0,0.0
2013-04-18 00:00:00-04:00,26.892408517646235,26.950859264424672,26.294398958229767,26.39781379699707,1485400,0.0,0.0
2013-04-19 00:00:00-04:00,26.44278011437617,27.337544180197707,26.14152667591421,27.135210037231445,1615800,0.0,0.0
2013-04-22 00:00:00-04:00,27.135211776158396,27.180175874812853,26.366343698819506,26.788997650146484,1394600,0.0,0.0
2013-04-23 00:00:00-04:00,26.838454561455126,27.737715917760333,26.64511323263311,27.490419387817383,1728400,0.0,0.0
2013-04-24 00:00:00-04:00,27.449950561843693,27.53987703397518,26.991327097657408,27.37351417541504,1374400,0.0,0.0
2013-04-25 00:00:00-04:00,27.557864350634286,27.935554184436597,27.027300019454728,27.085752487182617,1468600,0.0,0.0
2013-04-26 00:00:00-04:00,27.166686949137837,27.53088844538811,26.910397579067105,27.274599075317383,1352000,0.0,0.0
2013-04-29 00:00:00-04:00,27.283590014347094,27.674768228768414,27.283590014347094,27.499412536621094,1132000,0.0,0.0
2013-04-30 00:00:00-04:00,27.526386906037512,27.77817895368411,27.23862358575301,27.71523094177246,1238400,0.0,0.0
2013-05-01 00:00:00-04:00,27.71523409761842,27.86361304133819,26.69007672357229,26.8564395904541,1651200,0.0,0.0
2013-05-02 00:00:00-04:00,27.02280024309539,27.36002321642123,26.784496557477315,27.292579650878906,970600,0.0,0.0
2013-05-03 00:00:00-04:00,27.580343578663626,28.259285091664815,27.48592155573319,28.20532989501953,1596800,0.0,0.0
2013-05-06 00:00:00-04:00,28.326731437129926,29.891447635418317,28.218819324584064,29.74306869506836,3252800,0.0,0.0
2013-05-07 00:00:00-04:00,29.89144689684762,30.422011197078614,29.810513243239175,30.336580276489258,2261200,0.0,0.0
2013-05-08 00:00:00-04:00,30.336585799160307,30.5748895363871,30.021842230980777,30.273637771606445,1825600,0.0,0.0
2013-05-09 00:00:00-04:00,30.323087642622422,30.48495492708126,29.545225223950265,29.59918212890625,1206800,0.0,0.0
2013-05-10 00:00:00-04:00,29.74756596216039,30.098277326325974,29.630661030635302,29.74306869506836,1238000,0.0,0.0
2013-05-13 00:00:00-04:00,29.32491593688724,29.967887999967967,29.270959015853077,29.63965606689453,1720400,0.0,0.0
2013-05-14 00:00:00-04:00,29.599191861609274,29.84648670555166,29.00567943357321,29.43732452392578,1816000,0.0,0.0
2013-05-15 00:00:00-04:00,29.306924760400015,30.54790626648059,29.29343639029199,29.635156631469727,2182200,0.0,0.0
2013-05-16 00:00:00-04:00,29.63965663299702,29.806021236555576,28.61000357406933,28.75388526916504,1819800,0.0,0.0
2013-05-17 00:00:00-04:00,28.843808085693873,29.477785544802895,28.839310818491747,29.320415496826172,1917400,0.0,0.0
2013-05-20 00:00:00-04:00,29.324912712155296,29.59019315964541,26.631624256482237,26.8564395904541,6260400,0.0,0.0
2013-05-21 00:00:00-04:00,26.640616058285236,26.842950194173934,25.147842434936102,26.321378707885742,5833200,0.0,0.0
2013-05-22 00:00:00-04:00,26.34835375522039,26.865429656447283,25.70987909547003,25.880739212036133,2385800,0.0,0.0
2013-05-23 00:00:00-04:00,25.583988310497347,26.69907227529752,25.498557377113407,26.60015296936035,2783000,0.0,0.0
2013-05-24 00:00:00-04:00,26.195480444018795,26.39331902419805,25.7278658799696,26.361845016479492,1224800,0.0,0.0
2013-05-28 00:00:00-04:00,26.649610955300947,26.71255897688514,25.179318406793925,25.264747619628906,2817400,0.0,0.0
2013-05-29 00:00:00-04:00,25.12086808948066,25.458091132747235,24.79713513428421,25.15683937072754,2218400,0.0,0.0
2013-05-30 00:00:00-04:00,25.138848697980976,25.565998143655797,25.138848697980976,25.287227630615234,1260000,0.0,0.0
2013-05-31 00:00:00-04:00,25.201799758362014,26.19998043613241,25.071406446991023,25.548015594482422,1934200,0.0,0.0
2013-06-03 00:00:00-04:00,25.60646950727746,25.930202455042505,25.012957101968983,25.3681640625,2706000,0.0,0.0
2013-06-04 00:00:00-04:00,25.440100369281055,26.006634174999967,25.188306613847853,25.40862464904785,1513000,0.0,0.0
2013-06-05 00:00:00-04:00,25.305208790540753,25.408623619329983,24.594793357708998,24.70720100402832,1430800,0.0,0.0
2013-06-06 00:00:00-04:00,24.662238274515843,25.057913691606803,24.03725200099543,24.63526153564453,1635000,0.0,0.0
2013-06-07 00:00:00-04:00,24.90953851899499,25.90322183678154,24.747671211712966,25.813295364379883,1729800,0.0,0.0
2013-06-10 00:00:00-04:00,25.808803061027753,26.186492920488817,25.21079340221231,25.29172706604004,1201000,0.0,0.0
2013-06-11 00:00:00-04:00,24.878062339172274,25.50754416062284,24.49137974224447,25.30071449279785,1768600,0.0,0.0
2013-06-12 00:00:00-04:00,25.52103459740712,25.804302383369556,25.197301700083408,25.359169006347656,1210000,0.0,0.0
2013-06-13 00:00:00-04:00,25.359169447939617,25.763836005442116,25.134354122036626,25.59747314453125,996600,0.0,0.0
2013-06-14 00:00:00-04:00,25.59747253054122,25.952681148596948,25.05791541827508,25.188308715820312,993400,0.0,0.0
2013-06-17 00:00:00-04:00,25.386144571110616,25.503049493642923,24.60378824735317,24.878063201904297,990600,0.0,0.0
2013-06-18 00:00:00-04:00,24.9410085382434,25.404127481518916,24.653245244743875,25.305208206176758,935200,0.0,0.0
2013-06-19 00:00:00-04:00,25.224281116998657,25.31870486580661,24.644258828291083,24.65325164794922,1351000,0.0,0.0
2013-06-20 00:00:00-04:00,24.432927592282137,24.432927592282137,23.89786777999557,24.082216262817383,1327400,0.0,0.0
2013-06-21 00:00:00-04:00,24.239585566405395,24.248578384225873,22.913174953965658,23.4482364654541,2769200,0.0,0.0
2013-06-24 00:00:00-04:00,22.949154496526873,23.151488682400892,22.620924246200232,22.913183212280273,1728800,0.0,0.0
2013-06-25 00:00:00-04:00,23.08853477342661,23.250402092950402,22.86821670034528,23.01659393310547,1804200,0.0,0.0
2013-06-26 00:00:00-04:00,23.259396487902556,23.263893755530027,22.656891266199548,22.670379638671875,1550400,0.0,0.0
2013-06-27 00:00:00-04:00,22.87720629104672,23.439244562734743,22.715338994367816,23.4212589263916,2371800,0.0,0.0
2013-06-28 00:00:00-04:00,23.403273806120175,23.78546086841855,23.137991667425432,23.38079261779785,13313200,0.0,0.0
2013-07-01 00:00:00-04:00,23.470718725984586,24.221601038692384,23.416763531798356,23.762977600097656,1919000,0.0,0.0
2013-07-02 00:00:00-04:00,23.780970625852593,23.861904299882234,23.308858670816505,23.358318328857422,1999600,0.0,0.0
2013-07-03 00:00:00-04:00,23.06156008214241,23.515686355473196,23.003107608179313,23.299863815307617,1149600,0.0,0.0
2013-07-05 00:00:00-04:00,23.605606444941394,23.641577716155712,23.25039786012079,23.50668716430664,612400,0.0,0.0
2013-07-08 00:00:00-04:00,23.560652513931526,23.740503788837774,23.335837133894795,23.358318328857422,1879200,0.0,0.0
2013-07-09 00:00:00-04:00,23.65057331229229,25.655927468181684,23.65057331229229,25.147844314575195,3974800,0.0,0.0
2013-07-10 00:00:00-04:00,25.01295165505013,26.051597280557882,24.797129165136774,25.871746063232422,3138000,0.0,0.0
2013-07-11 00:00:00-04:00,26.334867488116043,26.82946052557629,25.853762821523215,26.78000259399414,3050800,0.0,0.0
2013-07-12 00:00:00-04:00,26.96884308513672,27.95803074461837,26.901399524502164,27.458940505981445,3161600,0.0,0.0
2013-07-15 00:00:00-04:00,27.48142169285963,27.688253071670925,27.202651202119988,27.458940505981445,1500600,0.0,0.0
2013-07-16 00:00:00-04:00,27.55786106461294,27.832136016779543,26.94636314801946,27.04977798461914,1607200,0.0,0.0
2013-07-17 00:00:00-04:00,27.067768227703244,27.859117497548024,27.01830857673701,27.7467098236084,1951800,0.0,0.0
2013-07-18 00:00:00-04:00,27.76469599507339,28.30874873571631,27.634302679155823,27.81865119934082,1944600,0.0,0.0
2013-07-19 00:00:00-04:00,27.427467377331794,27.895083626233784,27.328548093662807,27.539875030517578,1276600,0.0,0.0
2013-07-22 00:00:00-04:00,27.652288977924403,27.976023641653526,27.41848080025393,27.949045181274414,1238600,0.0,0.0
2013-07-23 00:00:00-04:00,28.178355555626048,28.223319655403163,27.45445155886726,27.877103805541992,1303400,0.0,0.0
2013-07-24 00:00:00-04:00,28.056955338899304,28.304251871804624,27.48142689763036,27.499412536621094,1393600,0.0,0.0
2013-07-25 00:00:00-04:00,27.51740133420517,27.809660282929425,26.379834407936837,27.144207000732422,2119000,0.0,0.0
2013-07-26 00:00:00-04:00,26.95086338034345,28.223319077078997,26.80698169441501,28.137889862060547,1372600,0.0,0.0
2013-07-29 00:00:00-04:00,27.976021795224245,28.08842946657734,26.73504014297129,26.7755069732666,2285800,0.0,0.0
2013-07-30 00:00:00-04:00,26.950860480840156,27.28358791575637,26.5506894777037,27.103734970092773,1393000,0.0,0.0
2013-07-31 00:00:00-04:00,27.33754149265854,27.82763893957121,27.112726181509696,27.503904342651367,1390600,0.0,0.0
2013-08-01 00:00:00-04:00,27.65677896450371,28.439137005999136,27.625304957998033,28.065942764282227,1562200,0.0,0.0
2013-08-02 00:00:00-04:00,27.998282998944795,28.503487561657888,27.317159097831844,28.471912384033203,1524200,0.1,0.0
2013-08-05 00:00:00-04:00,28.291484442019424,28.62527968504395,27.79078985676442,27.984752655029297,1844400,0.0,0.0
2013-08-06 00:00:00-04:00,27.980241166025355,28.093010155694284,27.042004066753325,27.41188621520996,1890200,0.0,0.0
2013-08-07 00:00:00-04:00,27.38030926653755,27.673507588300357,26.911189886855322,27.54720687866211,1174200,0.0,0.0
2013-08-08 00:00:00-04:00,27.939643826349457,28.115564892900068,27.736661024677108,27.930622100830078,1969600,0.0,0.0
2013-08-09 00:00:00-04:00,27.795297721501203,27.930620153420403,27.091620387234133,27.150259017944336,1513000,0.0,0.0
2013-08-12 00:00:00-04:00,27.064561217299403,27.75019697462387,26.94728220914056,27.339717864990234,2186400,0.0,0.0
2013-08-13 00:00:00-04:00,27.475042304994684,27.493085760077683,25.494818708677993,26.46914291381836,6106000,0.0,0.0
2013-08-14 00:00:00-04:00,26.378925452062038,26.7172324671768,25.742908332475025,26.41501235961914,2737800,0.0,0.0
2013-08-15 00:00:00-04:00,26.14436818677936,26.451100047139253,25.634653474735423,26.121814727783203,2129600,0.0,0.0
2013-08-16 00:00:00-04:00,26.108279565540766,26.62250593423866,26.108279565540766,26.38343620300293,1033600,0.0,0.0
2013-08-19 00:00:00-04:00,26.464627619280552,26.469139342801906,25.855675718492485,25.887250900268555,881000,0.0,0.0
2013-08-20 00:00:00-04:00,26.004531178287294,26.586417890178833,25.9278473661972,26.36087989807129,1255000,0.0,0.0
2013-08-21 00:00:00-04:00,26.34735126920312,26.627017930520914,26.18496362046423,26.455610275268555,809000,0.0,0.0
2013-08-22 00:00:00-04:00,26.568378082587657,27.18635174391368,26.55935635576382,27.177330017089844,834800,0.0,0.0
2013-08-23 00:00:00-04:00,27.226942412736044,27.542695896312967,27.037489634302666,27.5156307220459,1415000,0.0,0.0
2013-08-26 00:00:00-04:00,27.52014222952638,27.52014222952638,27.136728370384592,27.208900451660156,1288200,0.0,0.0
2013-08-27 00:00:00-04:00,26.77136128616559,26.77136128616559,25.431666667473603,25.69780158996582,1876600,0.0,0.0
2013-08-28 00:00:00-04:00,25.66622063890493,25.83762825027323,25.35046714949888,25.634645462036133,1303200,0.0,0.0
2013-08-29 00:00:00-04:00,25.648177598013245,26.32027976861477,25.512855163458145,26.040613174438477,1447200,0.0,0.0
2013-08-30 00:00:00-04:00,26.099251865653574,26.239084293481593,25.472256639575942,25.5399169921875,1393200,0.0,0.0
2013-09-03 00:00:00-04:00,26.018061043832045,26.29772765221521,25.29182848594187,25.481281280517578,1812000,0.0,0.0
2013-09-04 00:00:00-04:00,25.535410694156432,26.203002916921,25.43166342852933,26.148874282836914,1257800,0.0,0.0
2013-09-05 00:00:00-04:00,26.216535491334348,26.73978355961568,26.126319951137226,26.144363403320312,1095800,0.0,0.0
2013-09-06 00:00:00-04:00,26.157898569435797,26.315774484602677,25.62562874013257,25.882741928100586,788400,0.0,0.0
2013-09-09 00:00:00-04:00,26.03610547286033,26.460116264124153,25.92784648321943,26.40147590637207,1095600,0.0,0.0
2013-09-10 00:00:00-04:00,26.8254871267085,27.732149023332504,26.798421950421893,27.7050838470459,1997200,0.0,0.0
2013-09-11 00:00:00-04:00,27.560740386799473,27.628402468888122,27.1863482358721,27.41188621520996,736800,0.0,0.0
2013-09-12 00:00:00-04:00,27.321670768276544,27.574273925415856,26.71271891036917,26.748804092407227,1120600,0.0,0.0
2013-09-13 00:00:00-04:00,26.902170594673123,27.303627932944543,26.73076124414975,27.217924118041992,891200,0.0,0.0
2013-09-16 00:00:00-04:00,27.62840103848182,27.858449008380134,27.34873444038316,27.790788650512695,1009600,0.0,0.0
2013-09-17 00:00:00-04:00,27.876493862292627,28.156160474471953,27.736661416562075,28.138118743896484,707600,0.0,0.0
2013-09-18 00:00:00-04:00,28.03437252993613,28.27344224601704,27.831387997075787,28.241867065429688,726600,0.0,0.0
2013-09-19 00:00:00-04:00,28.31854824238243,28.435828955684915,28.047903354438322,28.228334426879883,866800,0.0,0.0
2013-09-20 00:00:00-04:00,28.291482462903417,28.575659055694498,28.007304149394248,28.020835876464844,1392200,0.0,0.0
2013-09-23 00:00:00-04:00,28.120075432790642,28.449360677310104,27.849430544908905,28.32756996154785,982000,0.0,0.0
2013-09-24 00:00:00-04:00,28.35463576376463,29.202657348873654,28.35463576376463,28.751583099365234,1061600,0.0,0.0
2013-09-25 00:00:00-04:00,28.82374630361045,28.909448371367212,28.372670472384733,28.611740112304688,823400,0.0,0.0
2013-09-26 00:00:00-04:00,28.647833292975633,29.089887524673824,28.607236387987115,28.963586807250977,1031400,0.0,0.0
2013-09-27 00:00:00-04:00,28.647833004448437,28.864350976018684,28.314037762987525,28.68391990661621,965600,0.0,0.0
2013-09-30 00:00:00-04:00,28.228332400874347,28.426805189740676,27.98475098677605,28.246374130249023,1458800,0.0,0.0
2013-10-01 00:00:00-04:00,28.354631872607264,29.640197523045522,28.16066909437019,29.432703018188477,2363400,0.0,0.0
2013-10-02 00:00:00-04:00,29.414660391384476,29.504877640433744,28.986139643067993,29.27482795715332,841400,0.0,0.0
2013-10-03 00:00:00-04:00,29.25227280053347,29.346998331009893,28.652342720131365,29.229721069335938,995400,0.0,0.0
2013-10-04 00:00:00-04:00,29.134989975562636,29.44172171728676,29.004180996409566,29.22069549560547,758400,0.0,0.0
2013-10-07 00:00:00-04:00,29.022226795337446,29.459771044969635,28.643324625410557,29.148530960083008,1366800,0.0,0.0
2013-10-08 00:00:00-04:00,28.643321788893306,28.71098386723306,27.551718855324278,27.664487838745117,2265000,0.0,0.0
2013-10-09 00:00:00-04:00,27.7141056060791,27.993773932558586,27.181835850157743,27.7141056060791,1547000,0.0,0.0
2013-10-10 00:00:00-04:00,28.22382152319535,28.30501533032625,28.002795275453142,28.142627716064453,1178200,0.0,0.0
2013-10-11 00:00:00-04:00,28.332081557263738,28.37267846233514,27.8178535194532,28.19224739074707,1689400,0.0,0.0
2013-10-14 00:00:00-04:00,28.020843202193678,28.706478991417704,27.926117646498405,28.6568603515625,1319200,0.0,0.0
2013-10-15 00:00:00-04:00,28.679404598503698,28.83276874218971,28.241860454615363,28.28245735168457,1348600,0.0,0.0
2013-10-16 00:00:00-04:00,28.715500183764476,29.274835221641155,28.66588154483366,29.01321029663086,1749600,0.0,0.0
2013-10-17 00:00:00-04:00,29.035764102040496,29.6176525699054,28.936526828870797,29.527435302734375,1271800,0.0,0.0
2013-10-18 00:00:00-04:00,29.771010058273532,29.87024730909755,29.464278301833875,29.559003829956055,839600,0.0,0.0
2013-10-21 00:00:00-04:00,29.725910967184934,29.87476688253855,29.486841222703838,29.70335578918457,822800,0.0,0.0
2013-10-22 00:00:00-04:00,29.973999371977172,30.461162286837528,29.793571721824595,30.01910972595215,757400,0.0,0.0
2013-10-23 00:00:00-04:00,29.95144955620498,30.352906953969033,29.554500440977925,30.235626220703125,1523200,0.0,0.0
2013-10-24 00:00:00-04:00,31.119729539095832,31.70612966409059,30.80848946664962,31.430973052978516,1465200,0.0,0.0
2013-10-25 00:00:00-04:00,31.39038325594988,31.827927611158184,31.16935693682724,31.642988204956055,1060000,0.0,0.0
2013-10-28 00:00:00-04:00,31.539229618331742,31.913623483017172,31.291139910534078,31.624935150146484,1045200,0.0,0.0
2013-10-29 00:00:00-04:00,31.823410034179688,32.22486735922294,31.27760509961071,31.823410034179688,1454200,0.0,0.0
2013-10-30 00:00:00-04:00,31.886560648718625,31.994817915295936,30.94832182788472,31.458036422729492,1006800,0.0,0.0
2013-10-31 00:00:00-04:00,31.453525154394427,32.0985638522904,31.23249547759756,31.87302589416504,1171800,0.0,0.0
2013-11-01 00:00:00-04:00,32.089544739065744,32.630834535069916,31.827919846374535,32.567684173583984,1027200,0.0,0.0
2013-11-04 00:00:00-05:00,32.68496718568662,33.266855650029036,32.68496718568662,32.82931137084961,1175200,0.0,0.0
2013-11-05 00:00:00-05:00,32.576702090014486,32.89696556644902,32.23839516458471,32.66691589355469,985600,0.0,0.0
2013-11-06 00:00:00-05:00,32.969136678791074,33.090929101949364,32.2654593589826,32.490997314453125,1297200,0.0,0.0
2013-11-07 00:00:00-05:00,32.68948278449202,32.86540217346856,31.805374115384048,31.850481033325195,1234600,0.0,0.0
2013-11-08 00:00:00-05:00,32.25644629024141,33.08191276925019,32.24291456063359,32.8112678527832,1254600,0.0,0.0
2013-11-11 00:00:00-05:00,32.98266607325304,33.239779159823904,32.8067467740959,33.09092330932617,760000,0.0,0.0
2013-11-12 00:00:00-05:00,33.07288908895586,34.18704725537586,33.07288908895586,33.744991302490234,1536600,0.0,0.0
2013-11-13 00:00:00-05:00,33.69086844229698,33.78108226813497,33.28489934315228,33.70891189575195,934000,0.0,0.0
2013-11-14 00:00:00-05:00,33.92091332434693,34.60655076146374,33.92091332434693,34.313350677490234,1410800,0.0,0.0
2013-11-15 00:00:00-05:00,34.39023935673736,34.62541569556486,33.98320006789269,34.18671798706055,908200,0.1,0.0
2013-11-18 00:00:00-05:00,34.31786813416988,34.72943095452138,34.24098390965637,34.290733337402344,1127000,0.0,0.0
2013-11-19 00:00:00-05:00,34.675155156149586,35.03244490407743,34.03746332920826,34.231937408447266,1303200,0.0,0.0
2013-11-20 00:00:00-05:00,34.308823590856036,34.521388695507376,33.99223946723158,34.18218994140625,994200,0.0,0.0
2013-11-21 00:00:00-05:00,34.28169435685316,34.571143731274944,34.064605600782464,34.36762237548828,1536000,0.0,0.0
2013-11-22 00:00:00-05:00,34.471635879885625,35.014352452888545,34.3902280488844,34.892242431640625,809800,0.0,0.0
2013-11-25 00:00:00-05:00,35.095776436485515,35.36261468055307,34.96914274120305,35.272159576416016,974200,0.0,0.0
2013-11-26 00:00:00-05:00,35.27214618602133,35.294760816097735,34.394754437288015,34.81536102294922,1064200,0.0,0.0
2013-11-27 00:00:00-05:00,34.987221447487855,35.51637068103333,34.987221447487855,35.36260223388672,1038400,0.0,0.0
2013-11-29 00:00:00-05:00,35.35356226704107,35.44401735793017,35.03245445802978,35.159088134765625,570600,0.0,0.0
2013-12-02 00:00:00-05:00,35.17265678427051,35.45306240021673,34.73396251729472,34.797279357910156,983000,0.0,0.0
2013-12-03 00:00:00-05:00,34.80180080402615,34.80180080402615,33.86561211135964,34.3043098449707,1484200,0.0,0.0
2013-12-04 00:00:00-05:00,33.91987754914146,34.14601006613574,33.11936995720541,33.72992706298828,1356200,0.0,0.0
2013-12-05 00:00:00-05:00,33.71635509593983,33.919872953457414,33.001775610931766,33.65755844116211,1604600,0.0,0.0
2013-12-06 00:00:00-05:00,32.93846940806365,33.3500288716288,32.26911551446809,33.246009826660156,2282200,0.0,0.0
2013-12-09 00:00:00-05:00,33.413330229591935,33.90630077458989,33.28669660717262,33.78418731689453,2147400,0.0,0.0
2013-12-10 00:00:00-05:00,33.72540564673653,34.06912806113448,33.386206849115936,33.48118209838867,2232400,0.0,0.0
2013-12-11 00:00:00-05:00,33.589722863023795,33.666610541890755,33.16911623955092,33.22791290283203,1749200,0.0,0.0
2013-12-12 00:00:00-05:00,33.01533765795833,33.06056345779927,32.60829855837518,32.70327377319336,1814800,0.0,0.0
2013-12-13 00:00:00-05:00,32.84348972483991,33.01082558782514,32.463585282194416,32.66710662841797,1392600,0.0,0.0
2013-12-16 00:00:00-05:00,33.00631014787702,33.0967617921449,32.37765845333171,32.67615509033203,1203000,0.0,0.0
2013-12-17 00:00:00-05:00,32.75755688083235,32.81182992764243,31.8530268037148,31.966093063354492,1312400,0.0,0.0
2013-12-18 00:00:00-05:00,32.09724990877264,32.160566737282295,31.482169188528783,31.979660034179688,3635400,0.0,0.0
2013-12-19 00:00:00-05:00,32.16509276302512,32.37313427949822,31.794235546615063,31.916345596313477,1555400,0.0,0.0
2013-12-20 00:00:00-05:00,32.115335381188714,33.603287495369386,31.88015567259364,33.24147415161133,5830800,0.0,0.0
2013-12-23 00:00:00-05:00,33.245998851471974,33.431425694576745,32.336945297253145,32.71232604980469,1926400,0.0,0.0
2013-12-24 00:00:00-05:00,32.69423830023259,33.16459432920046,32.66710350353521,33.07866287231445,506000,0.0,0.0
2013-12-26 00:00:00-05:00,33.16460471251291,33.24148896089888,32.893246309056416,32.9339485168457,1002600,0.0,0.0
2013-12-27 00:00:00-05:00,33.060571265490864,33.114844308421695,32.22388169406245,32.567604064941406,972600,0.0,0.0
2013-12-30 00:00:00-05:00,32.56760554439324,32.76207964392792,32.38217522717046,32.581172943115234,686600,0.0,0.0
2013-12-31 00:00:00-05:00,32.766595643241246,33.26408986984202,32.68971142658763,33.182682037353516,1161000,0.0,0.0
2014-01-02 00:00:00-05:00,33.16460407302318,33.43596247124726,32.81183781028094,33.096763610839844,900200,0.0,0.0
2014-01-03 00:00:00-05:00,33.59876647666562,33.87917201227717,33.39976877716658,33.70278549194336,1615200,0.0,0.0
2014-01-06 00:00:00-05:00,34.03746964471023,34.1912381100541,33.39977424893939,33.48118209838867,1437200,0.0,0.0
2014-01-07 00:00:00-05:00,33.64851930993911,33.8384697966065,33.21886545618185,33.46308898925781,1223600,0.0,0.0
2014-01-08 00:00:00-05:00,33.40430091221946,34.3133547388916,33.36811887571803,34.28169631958008,1672600,0.0,0.0
2014-01-09 00:00:00-05:00,34.60279766668301,36.271653245118394,34.60279766668301,35.000789642333984,2613600,0.0,0.0
2014-01-10 00:00:00-05:00,34.8877261470758,35.950548338673904,34.824409315270536,35.76512145996094,1499400,0.0,0.0
2014-01-13 00:00:00-05:00,35.93698113235869,36.041003614031695,34.70681962122545,35.02792739868164,1523600,0.0,0.0
2014-01-14 00:00:00-05:00,35.17718661365788,35.94603952199088,35.0415091243118,35.90081024169922,1403200,0.0,0.0
2014-01-15 00:00:00-05:00,35.896291503760395,36.02292521239751,35.2857307006018,35.606842041015625,1523600,0.0,0.0
2014-01-16 00:00:00-05:00,35.529942314773606,36.022913028674544,35.39878503218544,35.805824279785156,802200,0.0,0.0
2014-01-17 00:00:00-05:00,35.86009034781806,36.02290601515839,35.434960166372996,35.50732421875,1021400,0.0,0.0
2014-01-21 00:00:00-05:00,36.07717860848952,36.71487393376525,35.860093334295215,36.208335876464844,2652000,0.0,0.0
2014-01-22 00:00:00-05:00,36.239999486089935,37.05860162425134,36.20382090220847,37.02694320678711,2288800,0.0,0.0
2014-01-23 00:00:00-05:00,37.085732450493104,37.085732450493104,35.75607215847129,36.7917594909668,2202600,0.0,0.0
2014-01-24 00:00:00-05:00,36.63346430540183,37.121911324262456,35.85104435201354,36.02290725708008,2201600,0.0,0.0
2014-01-27 00:00:00-05:00,36.013873863664784,36.199304237646295,34.57115033298422,35.63849639892578,1733200,0.0,0.0
2014-01-28 00:00:00-05:00,35.548040273598225,36.552069463585745,35.548040273598225,35.96864700317383,1393400,0.0,0.0
2014-01-29 00:00:00-05:00,35.53898708099459,36.0138632948015,34.56209295457744,34.706817626953125,1200400,0.0,0.0
2014-01-30 00:00:00-05:00,35.14551262894195,35.53446080379849,34.76561168634242,35.22239685058594,756600,0.0,0.0
2014-01-31 00:00:00-05:00,35.52089351637234,36.18120000235433,35.32189581219679,35.76059341430664,1762600,0.0,0.0
2014-02-03 00:00:00-05:00,35.54803293030686,35.71537224423996,33.76611094504442,33.77967834472656,2608400,0.0,0.0
2014-02-04 00:00:00-05:00,33.625908276756995,34.3314441535441,32.843491614386004,34.200286865234375,2251600,0.0,0.0
2014-02-05 00:00:00-05:00,33.98319798145025,34.2907383751945,33.675657587706006,33.96510696411133,1373400,0.0,0.0
2014-02-06 00:00:00-05:00,33.99676769939464,35.06863725886156,33.99676769939464,34.525917053222656,1637800,0.0,0.0
2014-02-07 00:00:00-05:00,34.629931646937415,35.235968554063675,34.61636424873077,35.19526290893555,1632800,0.0,0.0
2014-02-10 00:00:00-05:00,35.23596496055636,35.276667151025315,34.21384517696138,34.69324493408203,1459000,0.0,0.0
2014-02-11 00:00:00-05:00,34.89225325720939,35.21788468224373,34.105312947049,35.05506896972656,1683200,0.0,0.0
2014-02-12 00:00:00-05:00,35.055071770611725,35.444020064867445,34.71587291751727,35.385223388671875,1463800,0.0,0.0
2014-02-13 00:00:00-05:00,34.79727107613857,36.40733341232212,34.79727107613857,35.93697738647461,2090000,0.0,0.0
2014-02-14 00:00:00-05:00,36.000295216942,37.08573196454246,35.823912133639105,36.85507583618164,1911600,0.0,0.0
2014-02-18 00:00:00-05:00,36.687745237657694,37.03598783773406,35.670148788079075,35.71989822387695,1722600,0.0,0.0
2014-02-19 00:00:00-05:00,35.54351290086321,35.882711729185274,35.3852208044147,35.43044662475586,1010800,0.0,0.0
2014-02-20 00:00:00-05:00,35.50732525595761,36.28974175471859,35.44852859905679,36.25808334350586,1185600,0.0,0.0
2014-02-21 00:00:00-05:00,36.362431255554604,37.22442343964599,36.35789348906471,36.993045806884766,1608200,0.125,0.0
2014-02-24 00:00:00-05:00,37.056566088583075,38.15900813764753,37.056566088583075,37.88226318359375,1422200,0.0,0.0
2014-02-25 00:00:00-05:00,38.962018435600164,39.25691098618713,38.24520701056517,38.60361099243164,1790800,0.0,0.0
2014-02-26 00:00:00-05:00,38.82137363855054,39.25690575592687,38.14539182253637,38.962013244628906,1370600,0.0,0.0
2014-02-27 00:00:00-05:00,38.9211949380347,39.592639181003356,38.816847049049024,39.15257263183594,1117600,0.0,0.0
2014-02-28 00:00:00-05:00,39.00738545869422,39.669757461878994,38.943867110874905,39.30681228637695,1276800,0.0,0.0
2014-03-03 00:00:00-05:00,38.735184106308814,39.3249692921661,38.245212501942454,39.06637191772461,1076800,0.0,0.0
2014-03-04 00:00:00-05:00,39.51551269381222,40.65425004184076,39.49736508516726,40.42741012573242,1634000,0.0,0.0
2014-03-05 00:00:00-05:00,40.4274113676407,40.82211407986314,40.39565391686206,40.590736389160156,1107000,0.0,0.0
2014-03-06 00:00:00-05:00,40.69961317897609,41.616048284851246,40.690541106230725,41.25764083862305,1396600,0.0,0.0
2014-03-07 00:00:00-05:00,41.38012677449975,41.49808447066082,40.15972722218736,40.55896759033203,1614400,0.0,0.0
2014-03-10 00:00:00-04:00,40.39565223696436,41.21227384929899,40.168812323321006,40.341209411621094,828400,0.0,0.0
2014-03-11 00:00:00-04:00,40.54082700055806,40.90830652908908,40.01455677378568,40.29130172729492,1066200,0.0,0.0
2014-03-12 00:00:00-04:00,40.1778852126034,40.518145089976535,39.86938278533299,40.30038070678711,883600,0.0,0.0
2014-03-13 00:00:00-04:00,40.3275910676568,40.48184397628775,39.19339173858264,39.65614700317383,1496600,0.0,0.0
2014-03-14 00:00:00-04:00,39.95104948980498,41.72493949822011,39.81494760134449,41.507171630859375,1939000,0.0,0.0
2014-03-17 00:00:00-04:00,41.86103558817795,42.23305290319008,41.08978127649257,41.69317626953125,1590400,0.0,0.0
2014-03-18 00:00:00-04:00,41.67502502462968,42.546089374797155,41.67502502462968,41.99259948730469,1399600,0.0,0.0
2014-03-19 00:00:00-04:00,41.92907823741793,42.62320764437835,41.770291030155995,41.91093063354492,1421400,0.0,0.0
2014-03-20 00:00:00-04:00,41.82927086599554,42.028891060274,41.298466398084265,41.929080963134766,1118800,0.0,0.0
2014-03-21 00:00:00-04:00,42.28295597249418,42.48711395926108,41.15783200690283,41.17597961425781,1910800,0.0,0.0
2014-03-24 00:00:00-04:00,41.4300422668457,41.86557449175535,40.649712399227504,41.4300422668457,1387000,0.0,0.0
2014-03-25 00:00:00-04:00,41.70224676273666,42.564239082799034,41.634194099860274,42.11509704589844,1598800,0.0,0.0
2014-03-26 00:00:00-04:00,42.4780444880157,42.6050777576326,41.584298062004166,41.74761962890625,1636000,0.0,0.0
2014-03-27 00:00:00-04:00,41.52077719176638,41.87918467863321,40.862942812122455,41.54800033569336,1148600,0.0,0.0
2014-03-28 00:00:00-04:00,41.511700688932706,42.38730282005845,41.06255866703671,41.16236877441406,1417600,0.0,0.0
2014-03-31 00:00:00-04:00,41.35291251727442,42.46896435742596,41.20319735960357,42.33285903930664,1275600,0.0,0.0
2014-04-01 00:00:00-04:00,42.06972604466614,42.70034063981153,41.520770484202515,42.69126510620117,1990400,0.0,0.0
2014-04-02 00:00:00-04:00,42.645906103604254,43.544193733866074,42.473509005850104,43.045143127441406,1842600,0.0,0.0
2014-04-03 00:00:00-04:00,42.91357184535083,43.32642213655885,42.44628219182249,43.01338195800781,1621200,0.0,0.0
2014-04-04 00:00:00-04:00,43.122265662428795,43.30827257748006,41.597901282696945,41.88825607299805,1818800,0.0,0.0
2014-04-07 00:00:00-04:00,41.71585216737354,42.32832260683435,40.354812899775034,40.749515533447266,2768800,0.0,0.0
2014-04-08 00:00:00-04:00,41.00357555381652,41.348373141346976,39.84215647325315,41.19865798950195,2598600,0.0,0.0
2014-04-09 00:00:00-04:00,41.593364761614666,43.453451274360404,41.284862355015214,43.11772918701172,2521800,0.0,0.0
2014-04-10 00:00:00-04:00,43.03606485335916,43.1358749602649,41.479943046161125,41.58882522583008,2620600,0.0,0.0
2014-04-11 00:00:00-04:00,41.28486071676698,42.20583013279421,40.56804582086226,41.06709289550781,1597200,0.0,0.0
2014-04-14 00:00:00-04:00,41.53891724317384,41.75668504845748,40.023628523519214,40.536285400390625,1311200,0.0,0.0
2014-04-15 00:00:00-04:00,40.722289233932635,41.275778999895664,39.85122161372294,40.763118743896484,1244200,0.0,0.0
2014-04-16 00:00:00-04:00,40.82210385586342,41.96537525886183,40.82210385586342,41.88371276855469,1396000,0.0,0.0
2014-04-17 00:00:00-04:00,41.883714409573216,42.378227137281044,41.271247438923766,42.16499710083008,1184400,0.0,0.0
2014-04-21 00:00:00-04:00,42.16500238151634,42.16500238151634,41.45725952872082,42.01982498168945,1117200,0.0,0.0
2014-04-22 00:00:00-04:00,42.22852020676333,42.95440725624844,42.16500530626479,42.55063247680664,1127600,0.0,0.0
2014-04-23 00:00:00-04:00,43.06781331512255,43.90258228727078,42.98615083208185,43.53510284423828,2069800,0.0,0.0
2014-04-24 00:00:00-04:00,43.594093406628225,43.653074000036895,42.586927086824126,42.98616409301758,2436000,0.0,0.0
2014-04-25 00:00:00-04:00,43.122261014702076,43.39446816860804,42.13323903517904,42.387298583984375,1657600,0.0,0.0
2014-04-28 00:00:00-04:00,42.82737417787225,42.91810875412597,41.6115121650405,42.360084533691406,1535800,0.0,0.0
2014-04-29 00:00:00-04:00,42.5460924296178,42.73210281489879,41.97445489445703,42.618682861328125,1406800,0.0,0.0
2014-04-30 00:00:00-04:00,42.804685771500715,43.02245358490925,42.273881269276245,42.682193756103516,1317200,0.0,0.0
2014-05-01 00:00:00-04:00,42.84552588760799,43.79371510706144,42.7321059257804,43.544193267822266,1639800,0.0,0.0
2014-05-02 00:00:00-04:00,43.55779840362902,43.712047873624854,43.144948125754,43.371788024902344,1041000,0.0,0.0
2014-05-05 00:00:00-04:00,43.299199887298315,43.57594483368704,42.73663446047091,43.17670440673828,1101200,0.0,0.0
2014-05-06 00:00:00-04:00,43.31734603287069,43.4579856541823,42.550626112709786,42.95893859863281,1462600,0.0,0.0
2014-05-07 00:00:00-04:00,43.08596288550759,43.1766974435619,42.296561154270236,42.677650451660156,1353600,0.0,0.0
2014-05-08 00:00:00-04:00,42.641362041547666,43.54418730622817,42.43266975571307,42.96347427368164,1545600,0.0,0.0
2014-05-09 00:00:00-04:00,42.877282719808434,43.058755348374696,42.4099930376295,42.945335388183594,940000,0.0,0.0
2014-05-12 00:00:00-04:00,43.59408821080118,44.487837927355734,43.59408821080118,44.41071319580078,1560600,0.0,0.0
2014-05-13 00:00:00-04:00,44.30637268476309,44.678389997049656,44.18841496292521,44.37895965576172,1356000,0.0,0.0
2014-05-14 00:00:00-04:00,44.41525455128966,44.50598912970853,43.702977380664365,44.016014099121094,998600,0.0,0.0
2014-05-15 00:00:00-04:00,43.79369946239179,43.79369946239179,42.65042817856002,43.39446258544922,1368400,0.0,0.0
2014-05-16 00:00:00-04:00,43.28105136226024,43.5532585358489,42.92264392353608,43.37632369995117,867400,0.0,0.0
2014-05-19 00:00:00-04:00,43.32189445363107,44.34721203872974,43.11320210645224,44.01148986816406,928000,0.0,0.0
2014-05-20 00:00:00-04:00,44.08860265487029,44.260999731051356,43.02699013377051,43.46706008911133,1358400,0.0,0.0
2014-05-21 00:00:00-04:00,43.48980881586667,44.04474678788629,43.36699285400251,43.61262130737305,860000,0.125,0.0
2014-05-22 00:00:00-04:00,43.73543153784313,44.344951217164216,43.73543153784313,44.053836822509766,741600,0.0,0.0
2014-05-23 00:00:00-04:00,44.07659198885882,44.89080394727981,44.012910916835565,44.59968948364258,893200,0.0,0.0
2014-05-27 00:00:00-04:00,45.3320265079875,45.39115794207704,44.640627035385926,44.67701721191406,1438400,0.0,0.0
2014-05-28 00:00:00-04:00,44.68610319451249,45.37295287642208,44.267626667535545,45.218299865722656,1471800,0.0,0.0
2014-05-29 00:00:00-04:00,45.25468656389121,45.5276058871215,44.69520247182274,45.218299865722656,890800,0.0,0.0
2014-05-30 00:00:00-04:00,44.6951990155499,45.1591614821275,44.53599637850647,44.786170959472656,1540200,0.0,0.0
2014-06-02 00:00:00-04:00,44.904443345281145,45.87785785260645,44.61787508942935,45.51851272583008,1227600,0.0,0.0
2014-06-03 00:00:00-04:00,45.53214800816776,45.93243285514993,45.25922872999795,45.43662643432617,1636600,0.0,0.0
2014-06-04 00:00:00-04:00,45.36840070672057,45.47302156780688,44.9954101760311,45.13642120361328,1901000,0.0,0.0
2014-06-05 00:00:00-04:00,45.43663373576998,45.80962428562309,44.8316602005334,44.9863166809082,1707600,0.0,0.0
2014-06-06 00:00:00-04:00,45.19101200015304,45.45028591504489,44.91809263769182,45.44573974609375,1617200,0.0,0.0
2014-06-09 00:00:00-04:00,45.486671137502555,45.5185116684845,44.86805213240391,45.036354064941406,1534800,0.0,0.0
2014-06-10 00:00:00-04:00,45.01360347580017,45.18645155427124,44.458665604975764,44.91353225708008,1119400,0.0,0.0
2014-06-11 00:00:00-04:00,44.44047534425116,44.5041564048266,43.894636690645214,44.04928970336914,1688000,0.0,0.0
2014-06-12 00:00:00-04:00,43.52619361022139,43.57167958403549,41.96145112444324,42.28895568847656,3068000,0.0,0.0
2014-06-13 00:00:00-04:00,42.325342796333096,43.50799538180272,42.325342796333096,43.2760124206543,1778400,0.0,0.0
2014-06-16 00:00:00-04:00,42.88937901816873,43.18958921779482,42.238919536895345,42.489097595214844,1756000,0.0,0.0
2014-06-17 00:00:00-04:00,42.575520184464466,43.40337739606615,42.54822929441565,43.18504333496094,1246800,0.0,0.0
2014-06-18 00:00:00-04:00,43.31695481664041,43.394281318200164,42.83934342162814,43.28511428833008,1153200,0.0,0.0
2014-06-19 00:00:00-04:00,43.38064401578536,43.630818650793515,42.684694960046336,43.15775680541992,1220400,0.0,0.0
2014-06-20 00:00:00-04:00,43.394275637001456,43.53073353888461,43.08041656306356,43.2214241027832,1365200,0.0,0.0
2014-06-23 00:00:00-04:00,43.162305425917104,43.41702969419893,42.138855243253204,42.67559814453125,1390200,0.0,0.0
2014-06-24 00:00:00-04:00,42.511841021434314,43.27146757139952,42.434514515946056,42.57097244262695,1631800,0.0,0.0
2014-06-25 00:00:00-04:00,42.543677117804826,43.371534280016654,42.257112378316656,43.348793029785156,1306200,0.0,0.0
2014-06-26 00:00:00-04:00,43.33970560411086,43.33970560411086,42.875743022309436,43.00310516357422,1239800,0.0,0.0
2014-06-27 00:00:00-04:00,42.948506067045194,43.403372693818454,42.666490979474226,43.38517761230469,2326400,0.0,0.0
2014-06-30 00:00:00-04:00,43.38972990107664,43.735429530244055,43.039484104020765,43.235076904296875,1709000,0.0,0.0
2014-07-01 00:00:00-04:00,43.326043328283035,44.490500705122216,43.326043328283035,44.38588333129883,1718400,0.0,0.0
2014-07-02 00:00:00-04:00,43.8627948101507,43.8627948101507,42.98490196454724,43.58077621459961,1709200,0.0,0.0
2014-07-03 00:00:00-04:00,43.671748523476246,44.32220797901837,43.626262552042235,44.03109359741211,675200,0.0,0.0
2014-07-07 00:00:00-04:00,44.05838993373356,44.30856801308925,42.94851404765753,43.05313491821289,1416600,0.0,0.0
2014-07-08 00:00:00-04:00,42.40722220413753,44.17665331591398,41.897770271998176,44.026546478271484,2644400,0.0,0.0
2014-07-09 00:00:00-04:00,44.57238200618043,44.98631232293533,43.68539342793011,44.05838394165039,2292000,0.0,0.0
2014-07-10 00:00:00-04:00,43.80366130269399,44.65880938503055,42.65739536152997,44.586029052734375,1597000,0.0,2.0
2014-07-11 00:00:00-04:00,44.69520254798805,45.286527170935116,44.58603204222391,44.88624572753906,1260500,0.0,0.0
2014-07-14 00:00:00-04:00,45.30471371967216,45.47756525272084,44.886237270824424,45.25922775268555,841800,0.0,0.0
2014-07-15 00:00:00-04:00,45.259234835926634,45.413887841956246,44.56783900659635,45.28652572631836,1118100,0.0,0.0
2014-07-16 00:00:00-04:00,45.513957619459966,45.61402884152299,44.85895197839182,44.97721481323242,1041400,0.0,0.0
2014-07-17 00:00:00-04:00,44.82256010287094,45.231940781900605,43.7581703373938,43.8127555847168,1221800,0.0,0.0
2014-07-18 00:00:00-04:00,43.80366291043498,44.667906830850576,43.80366291043498,44.33130645751953,901500,0.0,0.0
2014-07-21 00:00:00-04:00,44.22213209691082,44.22213209691082,43.794556375728526,43.985599517822266,964100,0.0,0.0
2014-07-22 00:00:00-04:00,44.37679923031818,44.51326064410966,43.985613545831036,44.458675384521484,977500,0.0,0.0
2014-07-23 00:00:00-04:00,44.7497804078039,45.40478950354152,44.54054216230042,45.204647064208984,1643400,0.0,0.0
2014-07-24 00:00:00-04:00,45.2137590867447,45.404802303405255,40.510434729037335,40.965301513671875,4454300,0.0,0.0
2014-07-25 00:00:00-04:00,41.674894202357095,42.648308800514094,41.09266182884253,41.63850402832031,3343700,0.0,0.0
2014-07-28 00:00:00-04:00,42.1388464979752,42.1388464979752,41.283698438817865,41.556617736816406,1889400,0.0,0.0
2014-07-29 00:00:00-04:00,41.829538690812235,42.56642394790242,41.55661938200904,42.0114860534668,2819200,0.0,0.0
2014-07-30 00:00:00-04:00,41.8841300615711,42.42087295114398,40.42855441797727,40.8470344543457,2556400,0.0,0.0
2014-07-31 00:00:00-04:00,40.483130267440025,40.728758665280814,39.91909661518913,40.000972747802734,1870400,0.0,0.0
2014-08-01 00:00:00-04:00,39.718958581871,40.52862072156137,39.48242943389975,40.43764877319336,1667500,0.0,0.0
2014-08-04 00:00:00-04:00,40.446737827203265,40.77424233922221,39.4369334052638,39.573394775390625,1402000,0.0,0.0
2014-08-05 00:00:00-04:00,39.55520345911801,40.00097430298004,38.75463718358881,38.863807678222656,2185300,0.0,0.0
2014-08-06 00:00:00-04:00,38.8456079332192,39.355056298933825,38.31796101689281,39.063941955566406,1372200,0.0,0.0
2014-08-07 00:00:00-04:00,39.08214343743606,39.427843078193874,38.518109738568135,38.90019607543945,1482100,0.0,0.0
2014-08-08 00:00:00-04:00,38.85471125854831,39.364163193224734,38.063244201225956,39.30957794189453,1315200,0.0,0.0
2014-08-11 00:00:00-04:00,39.62799109778326,40.210219961787054,39.37326336701327,39.919105529785156,1023900,0.0,0.0
2014-08-12 00:00:00-04:00,39.91910068913117,40.20111580885916,39.518815790899424,39.72805404663086,955800,0.0,0.0
2014-08-13 00:00:00-04:00,39.84631608619076,40.85612055985178,39.65527293451353,40.63778305053711,1025700,0.0,0.0
2014-08-14 00:00:00-04:00,40.792448554107224,41.18363422019651,40.38306780234429,41.11995315551758,1338000,0.0,0.0
2014-08-15 00:00:00-04:00,41.45292297536821,41.662741496425305,41.024164901895645,41.471168518066406,1184100,0.125,0.0
2014-08-18 00:00:00-04:00,41.817820552074295,42.94901966860545,41.75396290226812,42.88515853881836,1480200,0.0,0.0
2014-08-19 00:00:00-04:00,43.040250423100254,43.04937145446558,42.292200571811286,42.6935920715332,931200,0.0,0.0
2014-08-20 00:00:00-04:00,42.711835766008,43.20445495797369,42.63885707829899,43.00375747680664,1042200,0.0,0.0
2014-08-21 00:00:00-04:00,43.08586190373384,43.14059853106197,41.96378714336765,41.991153717041016,1214800,0.0,0.0
2014-08-22 00:00:00-04:00,42.10061468927636,42.63884585437802,41.84518064958007,42.41078186035156,1015600,0.0,0.0
2014-08-25 00:00:00-04:00,42.86692351546577,42.9581477501688,42.146240229374776,42.77569580078125,756600,0.0,0.0
2014-08-26 00:00:00-04:00,42.83954601040925,42.985506848537455,42.17359946895049,42.21921157836914,774400,0.0,0.0
2014-08-27 00:00:00-04:00,42.337811046576014,42.56587510165991,41.98203167744214,42.41991424560547,575600,0.0,0.0
2014-08-28 00:00:00-04:00,42.155355382769464,42.8213019471911,41.991148999215525,42.4472770690918,695900,0.0,0.0
2014-08-29 00:00:00-04:00,42.62060312287073,42.68446076700331,42.073247413187886,42.27394485473633,577800,0.0,0.0
2014-09-02 00:00:00-04:00,42.273952136170266,44.01636132615131,42.25570659470676,44.007240295410156,1610300,0.0,0.0
2014-09-03 00:00:00-04:00,43.83391680864924,43.83391680864924,42.97639709465045,43.36866760253906,1023100,0.0,0.0
2014-09-04 00:00:00-04:00,43.49637581631445,43.979870487852494,43.323048391418844,43.45076370239258,1016000,0.0,0.0
2014-09-05 00:00:00-04:00,42.894287705252474,43.076739644496946,42.26483216883941,43.00375747680664,905700,0.0,0.0
2014-09-08 00:00:00-04:00,43.12235306373863,43.37778369841874,42.93078008772855,43.17708969116211,888400,0.0,0.0
2014-09-09 00:00:00-04:00,42.94902111470573,43.414270218955885,42.45640195963071,42.51113510131836,825100,0.0,0.0
2014-09-10 00:00:00-04:00,42.7027131554435,43.51462060106819,42.337809290452526,43.32304763793945,811600,0.0,0.0
2014-09-11 00:00:00-04:00,43.3777837631399,43.65145994070284,42.848676950515745,43.2044563293457,769400,0.0,0.0
2014-09-12 00:00:00-04:00,43.26831345834287,43.45988643229321,42.885164030460835,43.122352600097656,987200,0.0,0.0
2014-09-15 00:00:00-04:00,43.13146362713173,43.158833674191555,42.15534996152475,42.20096206665039,894600,0.0,0.0
2014-09-16 00:00:00-04:00,42.16448503686862,42.94902596956388,41.690111368727734,42.647979736328125,1335500,0.0,0.0
2014-09-17 00:00:00-04:00,42.69359615777091,43.012887965820205,41.845197480355196,42.1097526550293,833900,0.0,0.0
2014-09-18 00:00:00-04:00,42.29220087726744,42.766574551263936,42.1097489288101,42.73008346557617,642400,0.0,0.0
2014-09-19 00:00:00-04:00,42.74832165261699,42.866915920704685,42.1279872225933,42.16447830200195,1466400,0.0,0.0
2014-09-22 00:00:00-04:00,42.19185033493566,42.24658696113642,41.21573645423403,41.24310302734375,1031600,0.0,0.0
2014-09-23 00:00:00-04:00,40.90557042435005,41.19749214620239,40.212257204946106,40.230499267578125,1188100,0.0,0.0
2014-09-24 00:00:00-04:00,40.266987148461,41.097140131413646,40.06628967566547,40.90556716918945,872800,0.0,0.0
2014-09-25 00:00:00-04:00,40.65926274078245,40.8052236086074,39.874721771230284,39.883846282958984,947400,0.0,0.0
2014-09-26 00:00:00-04:00,39.975062881380154,40.63188840106809,39.77436542147975,40.52241516113281,970400,0.0,0.0
2014-09-29 00:00:00-04:00,39.947700630950436,40.43119531301183,39.728757607386406,40.00243377685547,1067000,0.0,0.0
2014-09-30 00:00:00-04:00,39.98419397791494,40.21225804537743,39.4003470420265,39.71963882446289,1353200,0.0,0.0
2014-10-01 00:00:00-04:00,39.35473039504314,39.38209696639484,38.5063318833296,38.989830017089844,1695600,0.0,0.0
2014-10-02 00:00:00-04:00,39.11754605839451,39.719634999312795,38.38774180879373,39.15403366088867,997100,0.0,0.0
2014-10-03 00:00:00-04:00,39.69226472637354,40.449439023603816,39.51893730555293,40.2761116027832,975700,0.0,0.0
2014-10-06 00:00:00-04:00,40.577166045732326,40.68663584417005,39.65578857224903,39.674034118652344,671900,0.0,0.0
2014-10-07 00:00:00-04:00,39.36385119434553,39.81997923377025,38.898598645343085,39.044559478759766,1554400,0.0,0.0
2014-10-08 00:00:00-04:00,39.04456757035109,39.27263163732742,37.411628015605025,39.09930419921875,2582800,0.0,0.0
2014-10-09 00:00:00-04:00,39.45507865533889,40.09365865905157,38.79825311095087,38.93509292602539,2433900,0.0,0.0
2014-10-10 00:00:00-04:00,38.83473897904187,39.60103418463175,38.54281732738674,38.73439025878906,1956400,0.0,0.0
2014-10-13 00:00:00-04:00,38.64317652057228,39.354735304328166,37.876881107303824,37.931617736816406,2459600,0.0,0.0
2014-10-14 00:00:00-04:00,38.33300016105058,39.43682916139966,38.15967276198128,38.944210052490234,2024300,0.0,0.0
2014-10-15 00:00:00-04:00,38.11405712726483,39.345604898,37.11969788125526,38.305633544921875,3095900,0.0,0.0
2014-10-16 00:00:00-04:00,37.849515429884875,40.13015618058944,37.4298748869692,39.956825256347656,2136100,0.0,0.0
2014-10-17 00:00:00-04:00,40.6045164084248,41.08801449505428,40.394697928558735,40.77784729003906,1553300,0.0,0.0
2014-10-20 00:00:00-04:00,40.77784860430083,42.173599331863684,40.62276325680447,42.16447830200195,1941300,0.0,0.0
2014-10-21 00:00:00-04:00,42.77569493343061,43.9068942127112,42.77569493343061,43.22270202636719,1845900,0.0,0.0
2014-10-22 00:00:00-04:00,43.45988740023563,43.64233934710107,42.593243262610855,42.66622543334961,1727700,0.0,0.0
2014-10-23 00:00:00-04:00,44.03461263777983,45.98684059043355,43.897772798863045,45.567203521728516,3616400,0.0,0.0
2014-10-24 00:00:00-04:00,44.8921262247695,45.84999452720779,44.65494114682505,45.79526138305664,1909800,0.0,0.0
2014-10-27 00:00:00-04:00,45.89560800019911,47.36433747342379,45.704031564577605,47.27311325073242,2342300,0.0,0.0
2014-10-28 00:00:00-04:00,47.492054402458315,48.42255605349164,47.072413946515596,48.15800094604492,2152800,0.0,0.0
2014-10-29 00:00:00-04:00,48.103272536429245,48.38607323196387,47.181895238044625,48.267478942871094,1559300,0.0,0.0
2014-10-30 00:00:00-04:00,47.400826580991726,48.00291547363782,47.06329279510944,47.565032958984375,1598700,0.0,0.0
2014-10-31 00:00:00-04:00,48.53202826530019,49.07938056769841,48.18536995112475,48.55939483642578,1501000,0.0,0.0
2014-11-03 00:00:00-05:00,48.55026949362936,49.699710618560424,48.44992076844078,49.65409851074219,1825400,0.0,0.0
2014-11-04 00:00:00-05:00,49.936904652618225,51.013363739732746,49.88216802921329,50.529869079589844,1492100,0.0,0.0
2014-11-05 00:00:00-05:00,51.05898284672894,51.077228389119675,49.13412162427327,49.23447036743164,1883000,0.0,0.0
2014-11-06 00:00:00-05:00,49.85479793642759,50.858278268110965,49.663221508031285,50.53899002075195,1219000,0.0,0.0
2014-11-07 00:00:00-05:00,50.53899980218951,51.049861096837226,50.08287165769315,50.30181121826172,1175300,0.0,0.0
2014-11-10 00:00:00-05:00,50.21970339742049,51.451251362359514,49.9095361484708,51.37826919555664,1028400,0.0,0.0
2014-11-11 00:00:00-05:00,51.542474520893315,51.834396222082184,50.90389449454973,51.21406173706055,770900,0.0,0.0
2014-11-12 00:00:00-05:00,50.9677522150237,51.30528950994405,50.39303332255514,51.24142837524414,879600,0.0,0.0
2014-11-13 00:00:00-05:00,51.39651827166082,51.943870640397314,50.97688122363074,51.305294036865234,1062800,0.0,0.0
2014-11-14 00:00:00-05:00,51.20928163801249,51.42871234528814,50.56013783924339,50.596710205078125,1244000,0.125,0.0
2014-11-17 00:00:00-05:00,50.48700416866686,50.95328969594074,49.984142782338864,50.157859802246094,1529400,0.0,0.0
2014-11-18 00:00:00-05:00,50.20356899665366,51.34642933940004,50.18528281264176,51.0721435546875,1186700,0.0,0.0
2014-11-19 00:00:00-05:00,50.74299931690466,50.97157138589972,49.90185577711465,50.102996826171875,1669900,0.0,0.0
2014-11-20 00:00:00-05:00,49.691572210381295,50.203574960336354,49.08814201723905,49.59100341796875,1321900,0.0,0.0
2014-11-21 00:00:00-05:00,49.929277089851645,50.02070451096777,48.74070317667926,49.828704833984375,1253300,0.0,0.0
2014-11-24 00:00:00-05:00,50.221849710792135,50.81613841938695,50.10299127152665,50.58756637573242,1015100,0.0,0.0
2014-11-25 00:00:00-05:00,50.377284105625186,51.3281447779034,50.304142854998524,51.11785888671875,1055600,0.0,0.0
2014-11-26 00:00:00-05:00,51.20013727479796,51.602422812087646,51.06299265486172,51.38299560546875,740000,0.0,0.0
2014-11-28 00:00:00-05:00,53.129292552019585,54.829869312239055,53.047006467243385,53.970436096191406,1212300,0.0,0.0
2014-12-01 00:00:00-05:00,53.51329163822432,53.522436474107955,50.58757194739658,50.66071319580078,2674600,0.0,0.0
2014-12-02 00:00:00-05:00,50.45042728483824,51.39214309185166,49.984138311538004,50.514427185058594,2064200,0.0,0.0
2014-12-03 00:00:00-05:00,50.633288883457105,51.95900766451753,50.54185795747141,51.89500427246094,1564200,0.0,0.0
2014-12-04 00:00:00-05:00,53.05614970188347,53.723579752028755,51.63900351389098,51.8767204284668,2184800,0.0,0.0
2014-12-05 00:00:00-05:00,52.306428620189166,52.97385860725097,52.20585635720004,52.352142333984375,1235000,0.0,0.0
2014-12-08 00:00:00-05:00,52.47100228830873,53.25729074402604,52.2790025922102,52.51671600341797,1173800,0.0,0.0
2014-12-09 00:00:00-05:00,51.3098538606805,51.65728436037742,50.340710580935664,51.56585693359375,1525700,0.0,0.0
2014-12-10 00:00:00-05:00,52.08700744263857,52.525865423913125,50.423002955739264,50.459571838378906,1486300,0.0,0.0
2014-12-11 00:00:00-05:00,51.017283417991656,51.32814156107235,50.578425478536474,51.17271423339844,1683800,0.0,0.0
2014-12-12 00:00:00-05:00,51.77614817548324,52.09614769014845,50.74300140455496,51.026432037353516,1610200,0.0,0.0
2014-12-15 00:00:00-05:00,51.4470023477788,53.02872066636837,51.02643057265318,52.70872116088867,1965900,0.0,0.0
2014-12-16 00:00:00-05:00,52.772718746676176,52.97385978941028,50.889283701781196,50.907569885253906,2090700,0.0,0.0
2014-12-17 00:00:00-05:00,50.953291390908966,51.70300758925865,49.86528946592185,51.227577209472656,1635700,0.0,0.0
2014-12-18 00:00:00-05:00,51.428723119807565,51.76700885531914,50.669862064549875,51.511009216308594,1125300,0.0,0.0
2014-12-19 00:00:00-05:00,51.373855448872284,51.77614451052766,50.7704253441221,51.34642791748047,1831800,0.0,0.0
2014-12-22 00:00:00-05:00,51.7121454536969,52.800147231984226,51.7121454536969,51.86757278442383,767200,0.0,0.0
2014-12-23 00:00:00-05:00,52.32471840366561,52.43443202186994,51.58414363338702,51.885860443115234,764600,0.0,0.0
2014-12-24 00:00:00-05:00,52.33386541227867,53.79672534150898,52.33386541227867,53.68701171875,629800,0.0,0.0
2014-12-26 00:00:00-05:00,53.71443782111371,54.38186786402256,53.540724299063385,53.96129608154297,706300,0.0,0.0
2014-12-29 00:00:00-05:00,53.787578172587494,54.8115800122435,53.54071993229195,54.610435485839844,839600,0.0,0.0
2014-12-30 00:00:00-05:00,54.61957945817023,55.323578313992975,54.372721221775485,54.64700698852539,833700,0.0,0.0
2014-12-31 00:00:00-05:00,55.09501112137092,55.716727440981366,54.63786697387695,54.63786697387695,902400,0.0,0.0
2015-01-02 00:00:00-05:00,55.351015364393916,55.64358734584352,54.37272714747184,55.15901565551758,1199600,0.0,0.0
2015-01-05 00:00:00-05:00,55.59787290471849,55.652727970693775,54.116723344190405,54.37272644042969,1288800,0.0,0.0
2015-01-06 00:00:00-05:00,54.65616063513678,55.12244968249837,52.76358388463041,53.732730865478516,1511700,0.0,0.0
2015-01-07 00:00:00-05:00,53.99787854366738,54.857308453860384,53.76930642510963,54.55559158325195,1039600,0.0,0.0
2015-01-08 00:00:00-05:00,54.857300472639096,56.19216061375067,54.57386983127983,55.4973030090332,1697500,0.0,0.0
2015-01-09 00:00:00-05:00,55.45158246992831,55.57958226391871,54.59214930273652,54.610435485839844,986900,0.0,0.0
2015-01-12 00:00:00-05:00,55.46986360495596,55.89043882903601,54.61043394967236,55.415008544921875,1100000,0.0,0.0
2015-01-13 00:00:00-05:00,56.25614838465124,57.59101172557756,55.38757743803097,56.14643478393555,1687200,0.0,0.0
2015-01-14 00:00:00-05:00,55.43329105124861,56.685864829793466,55.03100203643677,56.26529312133789,1557200,0.0,0.0
2015-01-15 00:00:00-05:00,56.40245028094396,56.77730838636859,55.40587578295163,56.20130920410156,1619300,0.0,0.0
2015-01-16 00:00:00-05:00,55.8538691621967,57.06987071737859,55.36929750724447,57.0058708190918,1618600,0.0,0.0
2015-01-20 00:00:00-05:00,57.9658794468954,59.25502231891233,57.70073500360882,59.06302261352539,1521200,0.0,0.0
2015-01-21 00:00:00-05:00,58.88017627705679,59.61160283565182,58.304173589689576,59.410465240478516,2314800,0.0,0.0
2015-01-22 00:00:00-05:00,61.16589566139137,62.17161151133426,59.01731930572541,62.116756439208984,2833200,0.0,0.0
2015-01-23 00:00:00-05:00,62.26302689879093,63.908748498507144,61.897310212691146,62.76588821411133,1883200,0.0,0.0
2015-01-26 00:00:00-05:00,62.87560660756143,64.4664733550329,62.76589647012651,64.40247344970703,2396600,0.0,0.0
2015-01-27 00:00:00-05:00,63.42416988859734,64.71331252057685,63.03102571492263,63.72587966918945,1536800,0.0,0.0
2015-01-28 00:00:00-05:00,64.45732527963898,64.50304248491739,62.55560393770229,62.81160354614258,1220500,0.0,0.0
2015-01-29 00:00:00-05:00,62.90304584189312,65.28019432956768,62.5556117793435,64.97847747802734,1966700,0.0,0.0
2015-01-30 00:00:00-05:00,64.3384664360037,64.79561055938608,61.495029430528035,62.0527458190918,2236800,0.0,0.0
2015-02-02 00:00:00-05:00,61.89730798422574,62.17159723279185,59.82187685168877,61.54988098144531,2284100,0.0,0.0
2015-02-03 00:00:00-05:00,60.343031294914724,60.69960319452917,58.59673719255006,59.59331512451172,2928500,0.0,0.0
2015-02-04 00:00:00-05:00,60.30644946058205,61.44016488721326,60.19673236427627,60.9830207824707,1823000,0.0,0.0
2015-02-05 00:00:00-05:00,61.07446403698403,61.202463846829225,59.44702492880028,61.09274673461914,1354300,0.0,0.0
2015-02-06 00:00:00-05:00,60.864167131452305,61.202456287382944,60.04130633017886,60.26987838745117,1570000,0.0,0.0
2015-02-09 00:00:00-05:00,59.565891774950416,59.565891774950416,57.17045361074735,58.06645584106445,2120500,0.0,0.0
2015-02-10 00:00:00-05:00,58.68816833329298,59.87673894052748,58.22187934617611,59.76702880859375,1965200,0.0,0.0
2015-02-11 00:00:00-05:00,60.251603656591946,60.73617536598914,58.871026295041545,58.980743408203125,1560900,0.0,0.0
2015-02-12 00:00:00-05:00,58.121298043317054,58.13958422504217,56.42986634266804,57.37158203125,2822200,0.0,0.0
2015-02-13 00:00:00-05:00,56.83216685056715,57.23445249130925,56.09159199038268,57.19788360595703,1697700,0.0,0.0
2015-02-17 00:00:00-05:00,57.24358681607912,57.92015815524951,56.78644269965969,56.896156311035156,1200800,0.0,0.0
2015-02-18 00:00:00-05:00,57.7098767021195,58.40473776544966,56.74073333320078,58.35902404785156,1565000,0.0,0.0
2015-02-19 00:00:00-05:00,59.59331063567951,59.59331063567951,57.38987601054396,57.54530334472656,2091000,0.0,0.0
2015-02-20 00:00:00-05:00,57.563643074883394,58.838557836958,57.23345302377825,58.829383850097656,1049600,0.2,0.0
2015-02-23 00:00:00-05:00,59.62735276210818,59.65486772498757,58.26988961254458,58.829383850097656,1247900,0.0,0.0
2015-02-24 00:00:00-05:00,58.27907267527518,59.177927591922675,57.23346193681428,59.09538269042969,1301500,0.0,0.0
2015-02-25 00:00:00-05:00,58.921105127868884,59.32467659375833,58.09562471817412,58.18734359741211,1216400,0.0,0.0
2015-02-26 00:00:00-05:00,58.811043772339445,58.884414675237906,57.79294464519122,58.68263244628906,1225400,0.0,0.0
2015-02-27 00:00:00-05:00,59.14123523876172,59.251295088073526,58.32492186824139,58.37995529174805,1944400,0.0,0.0
2015-03-02 00:00:00-05:00,59.067855930868824,60.104292474124925,58.9944780346114,60.02174758911133,1850400,0.0,0.0
2015-03-03 00:00:00-05:00,59.61817800013007,60.7188184872057,59.44390724055751,60.68213653564453,1629000,0.0,0.0
2015-03-04 00:00:00-05:00,60.24188366048289,60.54456228139904,59.48060361310073,60.32442855834961,1313800,0.0,0.0
2015-03-05 00:00:00-05:00,60.306082394392966,60.507868124318286,59.16875291391606,59.287986755371094,1118400,0.0,0.0
2015-03-06 00:00:00-05:00,59.00366244565508,59.2879930967606,58.30658630345495,58.453338623046875,948700,0.0,0.0
2015-03-09 00:00:00-04:00,58.4441612670401,59.15040431663739,58.306579452840126,58.68263244628906,1004200,0.0,0.0
2015-03-10 00:00:00-04:00,58.6826396039641,59.21461545279867,58.15066375512953,58.85690689086914,1226000,0.0,0.0
2015-03-11 00:00:00-04:00,58.71015213931786,59.911685546604566,58.3340956391339,59.691558837890625,1109300,0.0,0.0
2015-03-12 00:00:00-04:00,59.673228260759636,61.70942015367931,59.63653929899395,61.553497314453125,1339600,0.0,0.0
2015-03-13 00:00:00-04:00,61.681889559770454,62.241383839013544,60.755512753493875,61.140743255615234,932400,0.0,0.0
2015-03-16 00:00:00-04:00,61.92036908318114,62.360622551809286,61.599349471118394,61.975399017333984,1027700,0.0,0.0
2015-03-17 00:00:00-04:00,61.92036135150671,63.28699152804568,61.92036135150671,63.103553771972656,1473800,0.0,0.0
2015-03-18 00:00:00-04:00,63.213613548988896,63.672214936310695,61.892846311939344,62.3422737121582,1267600,0.0,0.0
2015-03-19 00:00:00-04:00,62.79170784777312,63.22279431772869,62.07629072644368,62.69081497192383,835200,0.0,0.0
2015-03-20 00:00:00-04:00,62.947617749045016,63.057684590411604,62.030415064093575,62.99348068237305,1790800,0.0,0.0
2015-03-23 00:00:00-04:00,62.993485387214164,63.286989988411776,61.90201187133789,61.90201187133789,1173500,0.0,0.0
2015-03-24 00:00:00-04:00,61.63602479932422,61.65437277387018,60.79219991046119,61.43424606323242,1127400,0.0,0.0
2015-03-25 00:00:00-04:00,61.35170401053369,61.44342290486412,59.03118169522844,59.25130844116211,1346400,0.0,0.0
2015-03-26 00:00:00-04:00,58.62760296936906,59.45308691246294,57.57282181858366,59.260475158691406,1622200,0.0,0.0
2015-03-27 00:00:00-04:00,59.55398202612411,60.489525865064174,59.45308915162928,60.159332275390625,852400,0.0,0.0
2015-03-30 00:00:00-04:00,60.7280002818659,61.12239779002176,60.21436892155222,60.71882629394531,761200,0.0,0.0
2015-03-31 00:00:00-04:00,60.65461847584189,60.975645053109126,59.87499749755434,60.70048141479492,929000,0.0,0.0
2015-04-01 00:00:00-04:00,59.92086647787528,60.15933419090834,58.26989847693949,58.700984954833984,1068600,0.0,0.0
2015-04-02 00:00:00-04:00,58.71932810725877,59.44391925684154,57.774613714155166,57.84798812866211,1220000,0.0,0.0
2015-04-06 00:00:00-04:00,56.82071748870489,57.78377978535726,56.444664458627244,57.23345947265625,1728400,0.0,0.0
2015-04-07 00:00:00-04:00,56.98580540580906,58.0864493586189,56.98580540580906,57.56364059448242,990900,0.0,0.0
2015-04-08 00:00:00-04:00,57.79294813039676,59.599842303707774,57.71039973666887,59.443912506103516,1219000,0.0,0.0
2015-04-09 00:00:00-04:00,59.58149019011797,60.150158418011365,58.39829779515214,58.838558197021484,1244500,0.0,0.0
2015-04-10 00:00:00-04:00,58.866069058889295,59.40721528833175,58.58173496475206,58.645938873291016,804400,0.0,0.0
2015-04-13 00:00:00-04:00,58.48085413327873,59.63652822345313,57.921363315093146,58.08646011352539,1233200,0.0,0.0
2015-04-14 00:00:00-04:00,57.96721165271605,58.26988672594777,57.0408349613585,57.352684020996094,1175400,0.0,0.0
2015-04-15 00:00:00-04:00,57.967225573958174,58.425827036570425,56.87575185367608,56.884925842285156,1332100,0.0,0.0
2015-04-16 00:00:00-04:00,56.88492595216564,58.297419299464124,56.536387860228665,58.24238586425781,1599100,0.0,0.0
2015-04-17 00:00:00-04:00,57.69206362472121,58.434995732076295,57.64620068078702,57.75626754760742,1419700,0.0,0.0
2015-04-20 00:00:00-04:00,58.12313919118888,58.324924922429055,57.33434424054197,58.150657653808594,1115900,0.0,0.0
2015-04-21 00:00:00-04:00,58.47167463916654,59.618178063463915,58.33409282871054,59.55397415161133,990800,0.0,0.0
2015-04-22 00:00:00-04:00,59.563159545261676,59.618189480902195,58.38913743472646,58.98531723022461,1280600,0.0,0.0
2015-04-23 00:00:00-04:00,58.379961946690216,61.32418221232887,58.05893885458294,60.847232818603516,1998800,0.0,0.0
2015-04-24 00:00:00-04:00,61.39756203952883,62.97515208740226,61.39756203952883,62.64495849609375,1530700,0.0,0.0
2015-04-27 00:00:00-04:00,62.57156387655112,62.99347624216539,61.59015735273731,61.8194580078125,1179800,0.0,0.0
2015-04-28 00:00:00-04:00,61.4525851560703,61.62685592040431,60.15015891131544,60.966468811035156,816500,0.0,0.0
2015-04-29 00:00:00-04:00,60.67296988922854,61.01233046498751,58.673467397566554,59.930030822753906,1193000,0.0,0.0
2015-04-30 00:00:00-04:00,59.53563611334426,60.21436421466083,58.554225914779465,58.75600814819336,1147700,0.0,0.0
2015-05-01 00:00:00-04:00,59.14124263939574,60.40698004877997,58.87525297410511,59.893348693847656,795800,0.0,0.0
2015-05-04 00:00:00-04:00,60.122650293026425,60.64545564350046,59.08620658233576,59.18709945678711,1118000,0.0,0.0
2015-05-05 00:00:00-04:00,58.15066507325206,58.53588861056931,57.69206362472121,57.75626754760742,999700,0.0,0.0
2015-05-06 00:00:00-04:00,57.325174642735576,58.462507647141884,57.00415506427665,58.00390625,1155200,0.0,0.0
2015-05-07 00:00:00-04:00,58.03143304306442,60.12265821951609,58.03143304306442,59.581504821777344,1049700,0.0,0.0
2015-05-08 00:00:00-04:00,60.40697055028713,61.259969343574134,60.28773671812705,60.78302001953125,1088100,0.0,0.0
2015-05-11 00:00:00-04:00,60.49870232427164,61.296671364861815,60.241886632413504,60.838069915771484,969600,0.0,0.0
2015-05-12 00:00:00-04:00,60.434488717888094,60.54455556720676,59.74658665447516,59.78327560424805,767400,0.0,0.0
2015-05-13 00:00:00-04:00,60.278568705799614,60.727996115238284,59.22378409378064,59.35219192504883,684400,0.0,0.0
2015-05-14 00:00:00-04:00,59.838303631999,60.69130244348217,59.41639121954623,60.65461349487305,974800,0.0,0.0
2015-05-15 00:00:00-04:00,60.86558020105796,61.41590049809293,60.61793151888577,60.993988037109375,937900,0.0,0.0
2015-05-18 00:00:00-04:00,60.89309218417601,62.36978922415224,60.63627652465004,61.98456573486328,1247100,0.0,0.0
2015-05-19 00:00:00-04:00,62.43532834246521,62.80329282237297,61.313018430717875,61.625789642333984,1386800,0.2,0.0
2015-05-20 00:00:00-04:00,61.39580807769234,61.60739396938422,58.33245887698217,58.838417053222656,2179700,0.0,0.0
2015-05-21 00:00:00-04:00,58.958010807960235,59.63876060288763,58.41525823417912,59.509971618652344,1277800,0.0,0.0
2015-05-22 00:00:00-04:00,59.69395604124759,60.0159285135115,58.87522303243073,59.243194580078125,850700,0.0,0.0
2015-05-26 00:00:00-04:00,59.27999259448875,59.638762924319764,57.21015702000837,57.3757438659668,1295500,0.0,0.0
2015-05-27 00:00:00-04:00,57.69771936845979,58.39686109395212,57.55972916156316,58.32326889038086,1224500,0.0,0.0
2015-05-28 00:00:00-04:00,58.406054610846475,58.921214004859806,58.065679747848755,58.63603591918945,1044000,0.0,0.0
2015-05-29 00:00:00-04:00,58.599245434272056,59.65715748010034,58.30486960332534,59.46397399902344,1489500,0.0,0.0
2015-06-01 00:00:00-04:00,59.80433770564947,60.99104202587283,59.3351739003351,60.7978515625,1808500,0.0,0.0
2015-06-02 00:00:00-04:00,59.88713660638471,61.000245395384454,59.60196200462908,60.45749282836914,941200,0.0,0.0
2015-06-03 00:00:00-04:00,60.66907073089132,61.027841036432875,60.126318172729036,60.586280822753906,794700,0.0,0.0
2015-06-04 00:00:00-04:00,60.54027464659735,61.3222166746654,59.82273411971008,60.26430130004883,966300,0.0,0.0
2015-06-05 00:00:00-04:00,60.23671494475984,60.68747640062805,59.66635870169048,60.40230178833008,946100,0.0,0.0
2015-06-08 00:00:00-04:00,59.81354623365702,60.42990158377825,57.3205527588721,57.52293395996094,1519800,0.0,0.0
2015-06-09 00:00:00-04:00,56.92498001716156,56.92498001716156,53.493658980626684,55.79347229003906,3734600,0.0,0.0
2015-06-10 00:00:00-04:00,55.33350567535826,56.7501879057345,55.06672650830724,55.894657135009766,1568900,0.0,0.0
2015-06-11 00:00:00-04:00,56.014243173859995,57.14575071455928,55.89465191888773,56.869773864746094,1426700,0.0,0.0
2015-06-12 00:00:00-04:00,56.76858195810034,58.66362909030643,56.67659084388792,58.41524887084961,1568300,0.0,0.0
2015-06-15 00:00:00-04:00,57.82649901821783,58.17607157912978,57.10895848039935,57.642513275146484,1128900,0.0,0.0
2015-06-16 00:00:00-04:00,57.660921220217794,58.2680718108639,56.93417935148234,57.29294967651367,780400,0.0,0.0
2015-06-17 00:00:00-04:00,57.17335895602048,57.65171702520865,56.71339630475478,57.062965393066406,1232900,0.0,0.0
2015-06-18 00:00:00-04:00,57.59652606626651,59.21559662892233,57.59652606626651,58.866024017333984,1461200,0.0,0.0
2015-06-19 00:00:00-04:00,59.16039298680879,60.18151061730107,58.79242497739051,59.47317123413086,4167400,0.0,0.0
2015-06-22 00:00:00-04:00,60.36549999611541,60.95425161964912,59.90553735157514,60.91745376586914,1732000,0.0,0.0
2015-06-23 00:00:00-04:00,61.699385917121404,62.0765586365343,61.1106343216493,61.193424224853516,1560400,0.0,0.0
2015-06-24 00:00:00-04:00,61.24863160645937,61.855778689033066,60.73346863689631,60.89905548095703,1153500,0.0,0.0
2015-06-25 00:00:00-04:00,61.33141736895021,61.772984596055736,60.18151075702986,60.190711975097656,1273500,0.0,0.0
2015-06-26 00:00:00-04:00,60.53108314615063,60.62307426576731,59.33517753571617,59.56515884399414,1872000,0.0,0.0
2015-06-29 00:00:00-04:00,59.14200143825578,60.34710139767655,58.691236473876515,58.74643325805664,1066600,0.0,0.0
2015-06-30 00:00:00-04:00,59.38118366785195,60.23671451714596,59.05920418318693,59.270790100097656,1332400,0.0,0.0
2015-07-01 00:00:00-04:00,60.30110984968803,60.38389976280104,57.57812813087248,59.15120315551758,1956600,0.0,0.0
2015-07-02 00:00:00-04:00,59.48236794007685,60.080313716750915,58.70962710767167,59.80434036254883,1109000,0.0,0.0
2015-07-06 00:00:00-04:00,59.436371942762555,61.07383779177235,59.37197745494103,60.86225891113281,1331400,0.0,0.0
2015-07-07 00:00:00-04:00,60.94504730529886,62.21454161308362,60.43908561462054,62.03976058959961,1464900,0.0,0.0
2015-07-08 00:00:00-04:00,61.67178418311361,61.71777623048868,60.25509858038113,60.82545471191406,1324600,0.0,0.0
2015-07-09 00:00:00-04:00,61.69939711405331,61.837387329574824,61.11984663103165,61.21183776855469,922700,0.0,0.0
2015-07-10 00:00:00-04:00,62.564122799420524,65.02952293070767,62.37093932498987,64.9007339477539,2292100,0.0,0.0
2015-07-13 00:00:00-04:00,65.78384933525383,66.83256344307958,65.78384933525383,66.46459197998047,1438200,0.0,0.0
2015-07-14 00:00:00-04:00,66.19782746863923,67.7984956154857,65.7378647927717,67.72490692138672,1782500,0.0,0.0
2015-07-15 00:00:00-04:00,67.60531622880104,68.57124071401985,66.35421711318237,67.81690216064453,1741500,0.0,0.0
2015-07-16 00:00:00-04:00,68.06526898404724,69.42676147621428,67.96407664253948,68.70922088623047,1555800,0.0,0.0
2015-07-17 00:00:00-04:00,68.98519872199341,69.31637240318562,68.36885043362528,68.7828140258789,1111500,0.0,0.0
2015-07-20 00:00:00-04:00,69.03118879472962,69.22437224715615,67.79848536025767,68.20325469970703,1355700,0.0,0.0
2015-07-21 00:00:00-04:00,68.27686082739329,69.02199811746394,68.0468794891272,68.94840240478516,1155700,0.0,0.0
2015-07-22 00:00:00-04:00,68.49763442987285,69.80392662250581,68.49763442987285,69.7579345703125,1630700,0.0,0.0
2015-07-23 00:00:00-04:00,70.72384439206832,71.57018088070151,66.79576701267615,67.88127899169922,2246900,0.0,0.0
2015-07-24 00:00:00-04:00,68.52524374715378,69.21518782399959,67.56852045171068,68.16647338867188,1551600,0.0,0.0
2015-07-27 00:00:00-04:00,67.51331033887126,67.66050174076777,66.74057653433161,67.17293548583984,1226900,0.0,0.0
2015-07-28 00:00:00-04:00,67.51330479672448,68.50682562255108,66.95214990538568,68.36883544921875,1540200,0.0,0.0
2015-07-29 00:00:00-04:00,68.40563294830906,68.9943844676217,67.4857078220741,68.79199981689453,1310300,0.0,0.0
2015-07-30 00:00:00-04:00,68.44244113696216,69.2519728437162,67.97327728652142,69.14158630371094,870000,0.0,0.0
2015-07-31 00:00:00-04:00,69.32557112537017,69.79473499324413,68.45164489831542,69.68434143066406,1186000,0.0,0.0
2015-08-03 00:00:00-04:00,70.04311073742909,72.04854814230272,69.92352297686031,71.77256774902344,1290500,0.0,0.0
2015-08-04 00:00:00-04:00,71.86456674909508,72.14054012719114,70.8342478895065,71.54258728027344,930000,0.0,0.0
2015-08-05 00:00:00-04:00,71.90138284219545,73.23527205420578,71.56100786921479,72.70171356201172,1438800,0.0,0.0
2015-08-06 00:00:00-04:00,73.67683038333809,74.08159985176177,70.72387035223026,71.52420806884766,1061900,0.0,0.0
2015-08-07 00:00:00-04:00,71.38620192324584,72.09454833505653,70.85264356446146,71.7449722290039,667900,0.0,0.0
2015-08-10 00:00:00-04:00,72.33372497558594,73.24445609053248,71.95655924612653,72.33372497558594,928300,0.0,0.0
2015-08-11 00:00:00-04:00,71.97495540763649,73.85160391141424,71.9105609156748,73.5572280883789,1257200,0.0,0.0
2015-08-12 00:00:00-04:00,72.92246459550016,73.05126057533668,70.31908171779841,72.25092315673828,1165300,0.0,0.0
2015-08-13 00:00:00-04:00,72.19574255484423,73.8148060726625,71.78177194773554,72.94087982177734,1076700,0.0,0.0
2015-08-14 00:00:00-04:00,72.4705308495143,73.61412083864214,72.4705308495143,73.41122436523438,527200,0.2,0.0
2015-08-17 00:00:00-04:00,73.42043515102027,75.39405260116857,72.95008496281638,75.17271423339844,1060400,0.0,0.0
2015-08-18 00:00:00-04:00,75.2188225820648,75.76295457159868,74.02911742144309,75.17271423339844,1116600,0.0,0.0
2015-08-19 00:00:00-04:00,74.47179975905092,75.62461399680713,74.24123691149968,74.6931381225586,1376400,0.0,0.0
2015-08-20 00:00:00-04:00,73.81702163393916,74.29658938770918,72.58120078547309,72.86710357666016,1292300,0.0,0.0
2015-08-21 00:00:00-04:00,71.61284742794501,72.94088511942219,70.2110208739907,70.22024536132812,1751700,0.0,0.0
2015-08-24 00:00:00-04:00,64.58528312238506,69.90667918193249,54.33906653782109,67.41659545898438,2515900,0.0,0.0
2015-08-25 00:00:00-04:00,69.97124784871502,71.82496893374173,68.53253023038823,68.75387573242188,1716900,0.0,0.0
2015-08-26 00:00:00-04:00,70.16489209062058,70.70901706940127,67.44424608805663,70.38623046875,1473100,0.0,0.0
2015-08-27 00:00:00-04:00,71.17016386737134,71.64973870423678,69.0489891234581,70.31246948242188,1395400,0.0,0.0
2015-08-28 00:00:00-04:00,70.27557112613154,70.8750360906121,69.42710131842877,69.9158935546875,1262100,0.0,0.0
2015-08-31 00:00:00-04:00,69.98965934813017,70.8473534458559,68.8091786622754,69.03974151611328,1339200,0.0,0.0
2015-09-01 00:00:00-04:00,67.92383005553792,69.54699480125346,67.92383005553792,68.98442077636719,1367000,0.0,0.0
2015-09-02 00:00:00-04:00,70.17413585020438,72.71032829173252,69.74068341607946,72.70111083984375,1430600,0.0,0.0
2015-09-03 00:00:00-04:00,72.85788510681006,73.78013681702284,71.76040332006575,72.00019073486328,1248200,0.0,0.0
2015-09-04 00:00:00-04:00,71.16093215177595,73.64178400793256,71.05025943401732,72.47052764892578,1058200,0.0,0.0
2015-09-08 00:00:00-04:00,73.73400083623929,74.98826337493414,73.47577155525273,74.9237060546875,1350900,0.0,0.0
2015-09-09 00:00:00-04:00,75.62462705582894,76.02119550354614,74.3058070586504,75.41250610351562,1439300,0.0,0.0
2015-09-10 00:00:00-04:00,75.70763043195286,76.34398628725235,74.69315507966158,74.96983337402344,1147200,0.0,0.0
2015-09-11 00:00:00-04:00,74.56402978688614,75.62462038242025,74.47180604732237,75.50473022460938,878900,0.0,0.0
2015-09-14 00:00:00-04:00,75.4493788291173,76.02117718503898,74.28734722288502,74.46257019042969,1400400,0.0,0.0
2015-09-15 00:00:00-04:00,74.7484909237217,74.88682302721116,73.1068772546973,73.54033660888672,1589700,0.0,0.0
2015-09-16 00:00:00-04:00,73.4112119808446,74.37035430664342,72.2952886015781,72.97775268554688,1433400,0.0,0.0
2015-09-17 00:00:00-04:00,73.42045036111942,74.33347747401022,72.46130785378894,73.49423217773438,1294200,0.0,0.0
2015-09-18 00:00:00-04:00,72.69187722112873,73.61412890220686,72.38753247767968,72.61809539794922,3717800,0.0,0.0
2015-09-21 00:00:00-04:00,73.05155177422084,75.78141579227747,72.9501035306257,75.70763397216797,1951200,0.0,0.0
2015-09-22 00:00:00-04:00,74.55479021912309,75.40326674562999,71.98171533560904,72.53506469726562,1439300,0.0,0.0
2015-09-23 00:00:00-04:00,72.53508528341872,74.03835276586764,72.53508528341872,73.84468078613281,1104000,0.0,0.0
2015-09-24 00:00:00-04:00,73.30057290098264,73.7063588903098,72.26764839786641,72.83944702148438,1193300,0.0,0.0
2015-09-25 00:00:00-04:00,73.63256797825402,74.96061259898475,73.09766737154561,74.42570495605469,1116700,0.0,0.0
2015-09-28 00:00:00-04:00,74.1582448151462,74.31502587790735,71.4283742450137,72.03706359863281,1580400,0.0,0.0
2015-09-29 00:00:00-04:00,72.00940054241485,72.83020383427915,70.79202881455383,72.28607177734375,1082000,0.0,0.0
2015-09-30 00:00:00-04:00,72.92244269494657,73.91847623408262,72.23075390991688,73.27289581298828,1537800,0.0,0.0
2015-10-01 00:00:00-04:00,72.74719575237717,74.23202122956893,71.93561696580238,73.99224090576172,1230100,0.0,0.0
2015-10-02 00:00:00-04:00,72.87631082274069,73.19910447843871,71.20703785042838,73.09765625,1207900,0.0,0.0
2015-10-05 00:00:00-04:00,73.53112001340929,75.34794967713916,72.88553969933716,74.61937713623047,1408800,0.0,0.0
2015-10-06 00:00:00-04:00,74.28737132950315,74.53637617272216,68.65241332865709,68.73541259765625,2874800,0.0,0.0
2015-10-07 00:00:00-04:00,68.88296527659469,71.29925965044552,67.22290979849684,70.06344604492188,2894600,0.0,0.0
2015-10-08 00:00:00-04:00,69.84211507260602,71.2070434672683,69.09508651006594,69.86978149414062,1413900,0.0,0.0
2015-10-09 00:00:00-04:00,69.31642033948361,71.72349008051829,69.31642033948361,70.01732635498047,2185000,0.0,0.0
2015-10-12 00:00:00-04:00,70.34934986304715,72.44286490381178,69.73144298904327,71.92639923095703,1651900,0.0,0.0
2015-10-13 00:00:00-04:00,70.80127571632832,71.363849941796,68.14519276051475,68.17285919189453,2437100,0.0,0.0
2015-10-14 00:00:00-04:00,69.01209164429623,69.53777479562424,67.42581770380565,67.7393798828125,1813200,0.0,0.0
2015-10-15 00:00:00-04:00,68.301949244621,70.34012437659945,67.46270397202805,70.07267761230469,2057000,0.0,0.0
2015-10-16 00:00:00-04:00,69.99889112562158,70.04499947946125,68.73540402190788,69.93433380126953,1657700,0.0,0.0
2015-10-19 00:00:00-04:00,69.85135971942027,71.40074325461184,69.57468836012913,70.89350891113281,1401400,0.0,0.0
2015-10-20 00:00:00-04:00,70.87504095639376,71.4560640241704,69.92512284166166,70.54302978515625,1269600,0.0,0.0
2015-10-21 00:00:00-04:00,70.4876856469885,71.17937430359133,68.87374544824854,68.91986083984375,1715400,0.0,0.0
2015-10-22 00:00:00-04:00,70.2571180113299,70.96724855482594,68.93829811379115,70.06344604492188,1474000,0.0,0.0
2015-10-23 00:00:00-04:00,70.91194383502915,73.14379161236477,70.91194383502915,72.9408950805664,1687400,0.0,0.0
2015-10-26 00:00:00-04:00,72.63653012160393,73.67867178372899,72.23996169509253,73.00543212890625,1373100,0.0,0.0
2015-10-27 00:00:00-04:00,72.90398578434792,73.36511154633313,71.02259183110183,71.8895034790039,1364400,0.0,0.0
2015-10-28 00:00:00-04:00,72.12928185256484,72.36906918904316,68.6800635530932,69.34408569335938,2020300,0.0,0.0
2015-10-29 00:00:00-04:00,69.32564070343507,70.62601864212053,68.92907229336295,69.87899017333984,923700,0.0,0.0
2015-10-30 00:00:00-04:00,69.88821882289514,71.45605062331288,69.6299895239658,70.3216781616211,947200,0.0,0.0
2015-11-02 00:00:00-05:00,70.58914514436377,71.64051150728282,70.50613883349016,71.13327026367188,858200,0.0,0.0
2015-11-03 00:00:00-05:00,71.75117565219402,71.76039310190369,70.03578715255941,71.6405029296875,1379000,0.0,0.0
2015-11-04 00:00:00-05:00,71.64049191365622,71.81572193829143,70.7459068938955,71.39148712158203,1009300,0.0,0.0
2015-11-05 00:00:00-05:00,71.81573614440387,72.09240740852447,70.87503555221808,71.99095916748047,896200,0.0,0.0
2015-11-06 00:00:00-05:00,71.89870384708642,72.85784595463285,71.35457900784803,72.0093765258789,699400,0.0,0.0
2015-11-09 00:00:00-05:00,72.00016842380215,72.04628380951164,70.81968772632693,71.29925537109375,1262200,0.0,0.0
2015-11-10 00:00:00-05:00,70.9949346047156,72.4889777638385,70.92115278455057,72.46131134033203,964700,0.0,0.0
2015-11-11 00:00:00-05:00,72.75644995398206,72.82100730387019,71.44685397840937,71.53907775878906,690000,0.0,0.0
2015-11-12 00:00:00-05:00,71.50214341262607,71.92637817369283,70.66289837379509,70.71823120117188,955000,0.0,0.0
2015-11-13 00:00:00-05:00,70.75522828728985,71.29153466161898,70.09871823097137,70.23741912841797,1054500,0.2,0.0
2015-11-16 00:00:00-05:00,69.70111525352436,71.08811016848566,69.1833060760842,71.06037139892578,1281700,0.0,0.0
2015-11-17 00:00:00-05:00,71.19908331162948,73.40902832017912,70.80147775900302,71.69840240478516,1540400,0.0,0.0
2015-11-18 00:00:00-05:00,71.71687694972873,72.41962297088989,70.82920110676643,72.20694732666016,1070100,0.0,0.0
2015-11-19 00:00:00-05:00,72.60456827721599,73.57546768528884,72.52135195604393,73.2610855102539,822900,0.0,0.0
2015-11-20 00:00:00-05:00,73.59396491199743,75.76692979053422,73.5014999725033,75.69295501708984,1331500,0.0,0.0
2015-11-23 00:00:00-05:00,75.77615577675675,76.01657021374243,74.24121834358951,74.35218048095703,1019500,0.0,0.0
2015-11-24 00:00:00-05:00,73.34429820503844,73.88985326158418,71.6614111543092,73.60320281982422,1164600,0.0,0.0
2015-11-25 00:00:00-05:00,73.98231639585583,74.25971116728452,73.06689460266314,73.6124496459961,669600,0.0,0.0
2015-11-27 00:00:00-05:00,73.79738097409567,74.53711448865526,73.06689606848903,73.75115203857422,451500,0.0,0.0
2015-11-30 00:00:00-05:00,73.76039951899273,74.3152032267975,73.07615054855496,73.72341918945312,1083200,0.0,0.0
2015-12-01 00:00:00-05:00,73.82511253226915,75.10115236746093,73.65867991510946,75.05491638183594,885400,0.0,0.0
2015-12-02 00:00:00-05:00,75.60048277097746,76.95049051006004,74.83301044356759,75.54499816894531,1238600,0.0,0.0
2015-12-03 00:00:00-05:00,75.96108822310657,76.41417124523173,74.26895276412668,74.48162841796875,1366300,0.0,0.0
2015-12-04 00:00:00-05:00,75.48025195557832,79.00322342706609,75.36004828325602,78.51315307617188,1906900,0.0,0.0
2015-12-07 00:00:00-05:00,79.62276007203737,80.60290094634495,79.00323733279093,79.82618713378906,1782000,0.0,0.0
2015-12-08 00:00:00-05:00,79.32685352002801,79.93712753858783,77.84739387164957,79.16966247558594,1650300,0.0,0.0
2015-12-09 00:00:00-05:00,78.73506727577488,80.04808723302534,76.69156259606596,77.21862030029297,1578700,0.0,0.0
2015-12-10 00:00:00-05:00,78.08781683992216,79.0587161762155,77.80117345980305,78.00460052490234,1182400,0.0,0.0
2015-12-11 00:00:00-05:00,77.20940075652405,77.20940075652405,75.7854181475137,76.53439331054688,1539900,0.0,0.0
2015-12-14 00:00:00-05:00,76.73781927398538,77.19090945286946,74.76828862578385,75.96110534667969,1198800,0.0,0.0
2015-12-15 00:00:00-05:00,76.35870683627633,76.61761146486408,75.41554619828146,75.9426040649414,1196900,0.0,0.0
2015-12-16 00:00:00-05:00,76.36795773623044,76.78406055848356,74.89774610628895,76.51590728759766,1095300,0.0,0.0
2015-12-17 00:00:00-05:00,76.55286571674141,77.90287311647847,74.8977177737063,75.0179214477539,1050700,0.0,0.0
2015-12-18 00:00:00-05:00,74.86999470077156,76.09055007518892,73.88060517040765,73.92683410644531,1417100,0.0,0.0
2015-12-21 00:00:00-05:00,74.70353305369657,76.62683400402594,74.70353305369657,76.28470611572266,1129500,0.0,0.0
2015-12-22 00:00:00-05:00,75.61898463607255,75.79467296955235,73.62171501941916,75.56350708007812,1399400,0.0,0.0
2015-12-23 00:00:00-05:00,75.4525206907325,76.48814608277168,74.29669161442035,75.9703369140625,906800,0.0,0.0
2015-12-24 00:00:00-05:00,75.92410100146186,77.13540761711181,75.831636086193,75.933349609375,387200,0.0,0.0
2015-12-28 00:00:00-05:00,75.94260876924271,76.62686482103638,74.92548035623201,76.21076202392578,606400,0.0,0.0
2015-12-29 00:00:00-05:00,76.3309732703647,76.9967250516039,76.10904895532911,76.53439331054688,614000,0.0,0.0
2015-12-30 00:00:00-05:00,76.53437750418985,76.53437750418985,75.1751283920857,75.30458068847656,599700,0.0,0.0
2015-12-31 00:00:00-05:00,74.89771646001789,75.31381206294772,73.78812348245826,74.44463348388672,817500,0.0,0.0
2016-01-04 00:00:00-05:00,73.19635267429553,73.31655636767188,71.50421708531498,72.49360656738281,1441300,0.0,0.0
2016-01-05 00:00:00-05:00,72.49360126999463,73.20558887886304,70.79221719673605,71.28228759765625,1547000,0.0,0.0
2016-01-06 00:00:00-05:00,70.7644914326005,72.35491366686081,70.55182279349717,72.30867767333984,1387100,0.0,0.0
2016-01-07 00:00:00-05:00,70.8014654195148,71.37475917943497,67.38945573825043,68.41583251953125,1797200,0.0,0.0
2016-01-08 00:00:00-05:00,69.24802204673713,69.24802204673713,64.95758563800571,65.07778930664062,2723500,0.0,0.0
2016-01-11 00:00:00-05:00,65.3367209694958,66.37233949010619,63.903489839494135,65.34596252441406,1969900,0.0,0.0
2016-01-12 00:00:00-05:00,65.79904196653209,66.46479359795553,64.21786155986621,65.68807983398438,1364100,0.0,0.0
2016-01-13 00:00:00-05:00,65.7713009360068,66.04870276028333,62.1836097109355,62.56272506713867,1518700,0.0,0.0
2016-01-14 00:00:00-05:00,62.257578477000145,64.63396275347564,61.110990964700896,63.57059860229492,1496500,0.0,0.0
2016-01-15 00:00:00-05:00,62.56272311704365,64.58773097450525,61.490110288204164,63.5521125793457,2050900,0.0,0.0
2016-01-19 00:00:00-05:00,64.19012377828055,64.48601574834066,61.61956096564189,61.99867630004883,2205100,0.0,0.0
2016-01-20 00:00:00-05:00,61.70279725262033,63.64458915372987,59.34490255187285,62.10040283203125,2789800,0.0,0.0
2016-01-21 00:00:00-05:00,63.441140712804994,67.3062330489245,62.73839472770505,67.1397933959961,3660600,0.0,0.0
2016-01-22 00:00:00-05:00,68.7764646444109,68.7764646444109,66.39083831279508,67.37097930908203,2125700,0.0,0.0
2016-01-25 00:00:00-05:00,67.52814843975017,68.2308944061714,64.32881480038134,64.53224182128906,1701800,0.0,0.0
2016-01-26 00:00:00-05:00,64.8651272654473,65.9839689318504,63.681559454859595,65.95623016357422,1430100,0.0,0.0
2016-01-27 00:00:00-05:00,66.07645954351626,67.17681147723678,64.19014496626254,64.74494171142578,1507000,0.0,0.0
2016-01-28 00:00:00-05:00,64.56924888482564,64.75417874861826,62.165125382411055,63.404170989990234,1458400,0.0,0.0
2016-01-29 00:00:00-05:00,62.997315943876906,65.09630584716797,62.51649407196106,65.09630584716797,1435700,0.0,0.0
2016-02-01 00:00:00-05:00,64.77266591684267,65.59561567587834,64.23635951859306,64.99458312988281,1443800,0.0,0.0
2016-02-02 00:00:00-05:00,64.7171916771752,64.99459352882461,62.71067372139383,62.840126037597656,1049300,0.0,0.0
2016-02-03 00:00:00-05:00,63.15450025204523,63.17299041226705,60.648656737451645,62.202091217041016,1256900,0.0,0.0
2016-02-04 00:00:00-05:00,62.054177157774006,63.95898198988484,62.044928546122144,63.71857452392578,1158500,0.0,0.0
2016-02-05 00:00:00-05:00,63.3209560693347,63.84801395289487,59.28942286873957,59.69626998901367,1705600,0.0,0.0
2016-02-08 00:00:00-05:00,58.58666723587581,59.50208192732418,56.940767691078555,58.309268951416016,1509600,0.0,0.0
2016-02-09 00:00:00-05:00,57.53256253502202,61.16649027343787,57.04248849477038,60.68566131591797,1766800,0.0,0.0
2016-02-10 00:00:00-05:00,61.80449295043945,62.81237963809681,61.221957598240536,61.80449295043945,1387000,0.0,0.0
2016-02-11 00:00:00-05:00,60.8983156866177,62.31304917884783,60.500710249519955,61.89695358276367,1246300,0.0,0.0
2016-02-12 00:00:00-05:00,62.72916993703104,63.570617128146175,61.175741992737514,63.283973693847656,1193600,0.0,0.0
2016-02-16 00:00:00-05:00,63.70930586334477,64.56924305613559,63.052795735135646,64.3565673828125,933600,0.0,0.0
2016-02-17 00:00:00-05:00,64.63396700497898,66.52952256430657,64.4675273264146,66.36308288574219,1136000,0.0,0.0
2016-02-18 00:00:00-05:00,66.57574352574873,66.9271129658049,65.58635428609253,66.87163543701172,1547000,0.0,0.0
2016-02-19 00:00:00-05:00,66.33793131533054,67.27540789567493,66.19870099840048,67.14545440673828,1195300,0.275,0.0
2016-02-22 00:00:00-05:00,67.85088763633637,68.40780186204564,66.64424132755774,67.1918716430664,1193400,0.0,0.0
2016-02-23 00:00:00-05:00,66.92268853375113,67.78590798003047,66.44930830023074,67.51673126220703,905600,0.0,0.0
2016-02-24 00:00:00-05:00,67.12690905413234,68.40781268405547,65.95738403804182,68.31499481201172,1026900,0.0,0.0
2016-02-25 00:00:00-05:00,68.38924924777872,69.61446352251298,67.9529974766564,69.53092956542969,998500,0.0,0.0
2016-02-26 00:00:00-05:00,69.61445519094,70.087835469072,68.33355176478419,69.21533203125,968400,0.0,0.0
2016-02-29 00:00:00-05:00,68.76980427817442,69.21533995830386,68.54703997888438,68.59345245361328,1033700,0.0,0.0
2016-03-01 00:00:00-05:00,68.87190407748147,71.56366465874135,68.64913978459523,71.53582000732422,1364700,0.0,0.0
2016-03-02 00:00:00-05:00,71.14596018262274,72.0648688218202,70.54263361043459,71.712158203125,1069900,0.0,0.0
2016-03-03 00:00:00-05:00,71.5358279589333,72.8538602038782,71.22024576572817,72.63109588623047,1098500,0.0,0.0
2016-03-04 00:00:00-05:00,72.8167091516895,72.8167091516895,71.28519697404552,72.09272003173828,1106700,0.0,0.0
2016-03-07 00:00:00-05:00,71.51724801725553,72.18554079079198,70.70971784543704,71.6564712524414,1124200,0.0,0.0
2016-03-08 00:00:00-05:00,70.57979041231512,71.80500478216383,69.68872605983879,70.9139404296875,1543100,0.0,0.0
2016-03-09 00:00:00-05:00,71.44298678392468,72.41758478176003,70.59832810425304,71.76785278320312,822200,0.0,0.0
2016-03-10 00:00:00-05:00,71.83283290313783,72.22267213982747,69.75368322591137,70.9046401977539,1171700,0.0,0.0
2016-03-11 00:00:00-05:00,72.24125619802925,74.97942246177891,72.04633653587028,74.97013854980469,1735300,0.0,0.0
2016-03-14 00:00:00-04:00,74.47817733518724,74.90514511060448,73.51285611537728,74.06049346923828,1232600,0.0,0.0
2016-03-15 00:00:00-04:00,73.69850917766188,74.32968056013945,73.41076459638967,74.24613952636719,793900,0.0,0.0
2016-03-16 00:00:00-04:00,73.79133790383305,74.91445049887268,73.7170807698924,74.74737548828125,846400,0.0,0.0
2016-03-17 00:00:00-04:00,74.64526912649326,75.60130665237155,74.33896377891585,75.1650619506836,1109300,0.0,0.0
2016-03-18 00:00:00-04:00,74.90515040818522,77.03999651780403,74.76592716405453,76.1396484375,1966300,0.0,0.0
2016-03-21 00:00:00-04:00,76.3717101560535,76.65944768698748,76.02828331759675,76.3531494140625,1098300,0.0,0.0
2016-03-22 00:00:00-04:00,75.36924677275032,76.5573394145377,75.21145570836983,76.1396484375,694000,0.0,0.0
2016-03-23 00:00:00-04:00,75.92617721337336,76.14894151234125,74.77521299201558,75.29500579833984,1279200,0.0,0.0
2016-03-24 00:00:00-04:00,74.69168382311638,74.80306243896484,73.71707844514324,74.80306243896484,1159700,0.0,0.0
2016-03-28 00:00:00-04:00,74.73807206525488,76.94717519321206,74.29254354101943,75.63842010498047,1267900,0.0,0.0
2016-03-29 00:00:00-04:00,75.68485722863169,76.789409152452,75.35070718582135,76.43669128417969,1196400,0.0,0.0
2016-03-30 00:00:00-04:00,76.65945404091924,77.04001655800053,76.11182358742222,76.41812896728516,985800,0.0,0.0
2016-03-31 00:00:00-04:00,76.4738126463191,77.12354484524414,75.93545906346702,76.13037872314453,1102400,0.0,0.0
2016-04-01 00:00:00-04:00,75.42494158819078,76.18605932703557,74.65453993941357,76.12108612060547,1021400,0.0,0.0
2016-04-04 00:00:00-04:00,72.60323576245658,73.30866421318008,71.48012341994395,73.25296783447266,6457100,0.0,0.0
2016-04-05 00:00:00-04:00,72.76102744172253,75.61986274590444,72.63108102621867,73.9583969116211,2760900,0.0,0.0
2016-04-06 00:00:00-04:00,74.21830900364796,74.34825545287532,72.66822844389995,73.9212875366211,1659300,0.0,0.0
2016-04-07 00:00:00-04:00,73.7449272309374,73.93985398269339,72.11131273353197,72.65894317626953,1481100,0.0,0.0
2016-04-08 00:00:00-04:00,73.05804777438587,73.74490840090165,72.5475460298796,73.40148162841797,910900,0.0,0.0
2016-04-11 00:00:00-04:00,74.05124363158625,74.6731313026871,72.83531294905303,72.84459686279297,1423100,0.0,0.0
2016-04-12 00:00:00-04:00,73.21584650550231,74.15332322902331,73.09518398922701,73.55928039550781,977500,0.0,0.0
2016-04-13 00:00:00-04:00,74.28327140462731,76.11181242145904,74.0048178032345,75.99114990234375,1118500,0.0,0.0
2016-04-14 00:00:00-04:00,76.24175778615316,77.28133629551817,75.94473636655592,75.98186492919922,1153200,0.0,0.0
2016-04-15 00:00:00-04:00,75.97258982548189,76.62232912473878,75.48993261826395,76.46453094482422,1103900,0.0,0.0
2016-04-18 00:00:00-04:00,76.5851878533134,76.80795213649492,75.183614780134,76.3345718383789,970400,0.0,0.0
2016-04-19 00:00:00-04:00,76.4459622339275,76.78011222007585,75.4992015793241,76.22319793701172,932200,0.0,0.0
2016-04-20 00:00:00-04:00,76.20462065049894,76.74297412593839,75.67555108506318,75.74052429199219,1206800,0.0,0.0
2016-04-21 00:00:00-04:00,75.58273727434128,76.19534081794735,73.1323089368194,73.67993927001953,1503900,0.0,0.0
2016-04-22 00:00:00-04:00,72.12057802843617,72.59395834124597,70.29204415330447,71.29448699951172,2540600,0.0,0.0
2016-04-25 00:00:00-04:00,71.16453177394997,71.66575667585134,69.05753748556754,69.10394287109375,2335200,0.0,0.0
2016-04-26 00:00:00-04:00,69.21532717784895,70.0599859074146,67.83232208119931,69.01112365722656,1803100,0.0,0.0
2016-04-27 00:00:00-04:00,68.9090361017174,69.69799861821822,68.25002001939086,68.29643249511719,1357700,0.0,0.0
2016-04-28 00:00:00-04:00,68.22216221971829,68.29641933395077,66.6720821382432,66.83915710449219,1032700,0.0,0.0
2016-04-29 00:00:00-04:00,66.42146719883192,66.49572431423908,65.08487452924429,65.37261199951172,2065600,0.0,0.0
2016-05-02 00:00:00-04:00,65.49328349448771,65.90169060376172,65.23339063642217,65.46543884277344,1100200,0.0,0.0
2016-05-03 00:00:00-04:00,65.43760654170974,65.8088851582565,64.60223142486716,65.35407257080078,1408800,0.0,0.0
2016-05-04 00:00:00-04:00,64.67647609471324,64.87139573747045,63.95248682688666,64.13812255859375,1263100,0.0,0.0
2016-05-05 00:00:00-04:00,64.12884234539968,65.13129235014031,63.98961907936596,64.17525482177734,1249000,0.0,0.0
2016-05-06 00:00:00-04:00,63.748279504616065,64.0638616461724,62.374551093923806,63.59048843383789,1190400,0.0,0.0
2016-05-09 00:00:00-04:00,64.01746745947474,64.78786929027677,63.822547794130266,63.859676361083984,1278600,0.0,0.0
2016-05-10 00:00:00-04:00,64.33305570915736,64.8528486138651,63.85968236944683,64.35162353515625,935700,0.0,0.0
2016-05-11 00:00:00-04:00,63.76684893151396,64.4351489476795,62.56948633102547,62.7458381652832,3733300,0.0,0.0
2016-05-12 00:00:00-04:00,63.144960223143556,63.24706200603062,60.443922636307605,60.86160659790039,27347100,0.0,0.0
2016-05-13 00:00:00-04:00,61.00083116647048,62.318863225989716,60.79662762004235,61.50205612182617,2238100,0.0,0.0
2016-05-16 00:00:00-04:00,61.82691875297152,62.37454906843568,60.58313680349165,61.548458099365234,2451200,0.0,0.0
2016-05-17 00:00:00-04:00,61.62272043583204,62.44881147485257,60.425350854414276,60.74094009399414,2756600,0.0,0.0
2016-05-18 00:00:00-04:00,60.787346485463544,62.6437321464285,60.610994663125396,61.65056610107422,1734600,0.0,0.0
2016-05-19 00:00:00-04:00,61.31641029548855,61.79907448719308,59.80345867476762,60.694522857666016,1737400,0.0,0.0
2016-05-20 00:00:00-04:00,61.19321300432319,61.77111844812946,60.652585818250145,60.7830810546875,1131800,0.275,0.0
2016-05-23 00:00:00-04:00,61.09068176461467,61.5567382256403,60.75512054375964,60.90425491333008,1269800,0.0,0.0
2016-05-24 00:00:00-04:00,61.3703124447902,62.45156686672862,61.32371106474915,62.33039474487305,1724300,0.0,0.0
2016-05-25 00:00:00-04:00,62.31175179560012,63.38368315357716,62.199902788426755,62.36768341064453,1413800,0.0,0.0
2016-05-26 00:00:00-04:00,62.237176701118855,62.51681342242854,61.165252529498595,61.64994812011719,1347000,0.0,0.0
2016-05-27 00:00:00-04:00,61.78974912788348,62.535434989530586,61.66857704212283,62.28376770019531,1086700,0.0,0.0
2016-05-31 00:00:00-04:00,62.11600093444182,62.28378153508564,61.10931733057894,61.892295837402344,1329700,0.0,0.0
2016-06-01 00:00:00-04:00,61.892282883105,61.892282883105,61.23979974540997,61.48215103149414,1859700,0.0,0.0
2016-06-02 00:00:00-04:00,61.13728247114931,61.99483175470835,61.06271884291313,61.46352767944336,1296100,0.0,0.0
2016-06-03 00:00:00-04:00,61.42624332661079,61.482167826578134,59.90689470389664,60.66191101074219,1672800,0.0,0.0
2016-06-06 00:00:00-04:00,60.587338200031475,60.82036642387774,59.86961439962604,60.7830810546875,1453500,0.0,0.0
2016-06-07 00:00:00-04:00,60.58734489026117,62.255828010614074,60.58734489026117,61.827056884765625,1813200,0.0,0.0
2016-06-08 00:00:00-04:00,61.80840198112,62.85237095306169,61.57537376419651,61.882972717285156,1553300,0.0,0.0
2016-06-09 00:00:00-04:00,61.88296820651481,63.337061898459474,61.88296820651481,62.9176139831543,2062500,0.0,0.0
2016-06-10 00:00:00-04:00,62.358344516583074,62.92693386408726,61.83635653979449,62.376983642578125,1117800,0.0,0.0
2016-06-13 00:00:00-04:00,61.80840197282304,61.96686656501692,59.86028949310346,59.925537109375,1481900,0.0,0.0
2016-06-14 00:00:00-04:00,59.57133126461596,59.897572890971034,56.858883051440316,57.34358215332031,2078500,0.0,0.0
2016-06-15 00:00:00-04:00,57.436797213459236,58.91885690051815,56.83092594806662,57.008026123046875,2381200,0.0,0.0
2016-06-16 00:00:00-04:00,56.61654037721769,57.02666878233133,55.95473750105731,56.27165603637695,1750200,0.0,0.0
2016-06-17 00:00:00-04:00,56.21572348639684,56.53264197633205,55.442068166129566,55.81491470336914,2438000,0.0,0.0
2016-06-20 00:00:00-04:00,56.4207838733825,56.57924489057361,55.29292829418542,55.44206619262695,1786800,0.0,0.0
2016-06-21 00:00:00-04:00,56.029306951449065,57.259695694189965,55.73103110810148,56.35554504394531,1842700,0.0,0.0
2016-06-22 00:00:00-04:00,56.355541135971926,56.933453653645,55.55392352916526,55.62849426269531,1331300,0.0,0.0
2016-06-23 00:00:00-04:00,56.25301215955326,56.36486826781072,54.75231337558196,55.12515640258789,1764500,0.0,0.0
2016-06-24 00:00:00-04:00,53.14907081760773,54.286249540093856,52.46862891905181,52.655052185058594,3622400,0.0,0.0
2016-06-27 00:00:00-04:00,51.77886427248977,52.10510587927086,50.809466126892154,51.88139724731445,3100800,0.0,0.0
2016-06-28 00:00:00-04:00,52.71097334433847,53.05585405343015,51.57379824945372,52.860111236572266,1969300,0.0,0.0
2016-06-29 00:00:00-04:00,53.26092872151205,54.127793973420424,53.018580940293816,53.773590087890625,1878600,0.0,0.0
2016-06-30 00:00:00-04:00,54.015936734701064,54.332855224609375,53.4100620006702,54.332855224609375,1792100,0.0,0.0
2016-07-01 00:00:00-04:00,54.286255270196165,55.05058754134665,54.10915154871819,54.75231170654297,1421500,0.0,0.0
2016-07-05 00:00:00-04:00,54.58452884481167,54.761629003228016,53.69902094127339,54.649776458740234,1352300,0.0,0.0
2016-07-06 00:00:00-04:00,53.94136621754934,54.61248856487724,52.61776776112832,54.56588363647461,2203500,0.0,0.0
2016-07-07 00:00:00-04:00,54.407416975257,55.8708336209727,54.35149248926006,55.432743072509766,1228500,0.0,0.0
2016-07-08 00:00:00-04:00,55.66578086169132,56.4301131186524,55.66578086169132,55.7962760925293,2276400,0.0,0.0
2016-07-11 00:00:00-04:00,56.08523204015742,56.607216549374904,55.83356468371302,56.07591247558594,1519400,0.0,0.0
2016-07-12 00:00:00-04:00,57.11055187268985,59.142558067908425,57.03598114169224,58.95613479614258,2451400,0.0,0.0
2016-07-13 00:00:00-04:00,59.506090242277246,59.65522817047428,58.45280162428828,58.88157272338867,1772100,0.0,0.0
2016-07-14 00:00:00-04:00,59.38491680068627,60.48481039595595,58.993431057825276,60.45684814453125,2132100,0.0,0.0
2016-07-15 00:00:00-04:00,60.27974181351429,60.764444522241476,59.85097071669092,60.62462615966797,2810000,0.0,0.0
2016-07-18 00:00:00-04:00,60.5127584679048,61.006777091201954,59.82299701904402,59.87892150878906,1430600,0.0,0.0
2016-07-19 00:00:00-04:00,59.50608392569217,59.757754819508875,58.872246909204534,59.5340461730957,1253200,0.0,0.0
2016-07-20 00:00:00-04:00,59.68317827075741,59.85095885028899,58.937488781577024,59.179840087890625,1918300,0.0,0.0
2016-07-21 00:00:00-04:00,58.67650339888318,61.08135265291262,57.42747206361881,60.317020416259766,2829200,0.0,0.0
2016-07-22 00:00:00-04:00,60.745793025802904,61.100000461873115,59.93485939365629,60.2144889831543,1784800,0.0,0.0
2016-07-25 00:00:00-04:00,61.19321423316446,61.65927069021605,60.59666253705501,60.96018600463867,1580600,0.0,0.0
2016-07-26 00:00:00-04:00,61.202524735208506,62.06006673263174,60.484793956909726,62.013458251953125,1535100,0.0,0.0
2016-07-27 00:00:00-04:00,63.19724933809062,63.392992168545334,62.46087938840509,63.26249694824219,2404700,0.0,0.0
2016-07-28 00:00:00-04:00,63.10403127305403,63.89633281155402,62.889649319766946,63.81243896484375,1845900,0.0,0.0
2016-07-29 00:00:00-04:00,63.79381036722812,64.17597296555238,62.61002297925564,62.65663146972656,2003100,0.0,0.0
2016-08-01 00:00:00-04:00,62.777797389733614,63.085396328969715,62.12532125631447,63.05743408203125,1317600,0.0,0.0
2016-08-02 00:00:00-04:00,62.66594210775749,62.7871142028057,60.279728677805494,60.48479461669922,2138800,0.0,0.0
2016-08-03 00:00:00-04:00,60.26109407584045,61.1186361469914,60.12127573323933,60.6805419921875,1055400,0.0,0.0
2016-08-04 00:00:00-04:00,60.717827357644886,60.87628482724654,60.13059885246775,60.6805419921875,915600,0.0,0.0
2016-08-05 00:00:00-04:00,61.109297233521346,61.90159859966493,60.960162921693204,61.73381805419922,962200,0.0,0.0
2016-08-08 00:00:00-04:00,61.612666917296906,61.85501828472735,61.081362800037134,61.38896179199219,941000,0.0,0.0
2016-08-09 00:00:00-04:00,61.66859573674829,61.85501548080877,60.5220936875499,60.57801818847656,1032100,0.0,0.0
2016-08-10 00:00:00-04:00,60.550050377941766,60.64326024141291,59.88825110240286,60.438194274902344,958000,0.0,0.0
2016-08-11 00:00:00-04:00,61.0813516203933,62.08803516719907,61.02542712716734,61.621978759765625,1269700,0.0,0.0
2016-08-12 00:00:00-04:00,61.41690780844614,61.74314584482969,60.89492695023247,60.9415283203125,577400,0.0,0.0
2016-08-15 00:00:00-04:00,61.090674740503815,61.94821682344239,60.633941452421205,61.63130187988281,814600,0.0,0.0
2016-08-16 00:00:00-04:00,61.48621534156105,62.1507785167434,61.17733175359899,61.77637481689453,819500,0.275,0.0
2016-08-17 00:00:00-04:00,61.74830776926116,63.05871740239417,61.57046437056827,63.03999328613281,1514200,0.0,0.0
2016-08-18 00:00:00-04:00,62.89958894273753,63.564159366501485,62.45967220104778,63.367591857910156,2154300,0.0,0.0
2016-08-19 00:00:00-04:00,62.98383074248433,63.38631351959718,62.431583610558555,62.77790832519531,1094600,0.0,0.0
2016-08-22 00:00:00-04:00,62.52519035630611,62.77790878043867,62.113345518741525,62.58134841918945,789200,0.0,0.0
2016-08-23 00:00:00-04:00,62.84343291233656,63.536075249688786,62.665589513643674,63.03999328613281,839500,0.0,0.0
2016-08-24 00:00:00-04:00,62.88088204912388,63.92921131799252,62.88088204912388,63.573524475097656,840800,0.0,0.0
2016-08-25 00:00:00-04:00,63.38631381827675,64.09768022467513,63.348872729397094,63.96663284301758,1027200,0.0,0.0
2016-08-26 00:00:00-04:00,63.826245460310034,63.95728571677099,62.72175819788317,62.96511459350586,956700,0.0,0.0
2016-08-29 00:00:00-04:00,63.00254675707548,63.29271340481849,62.67494616235663,62.74982833862305,901300,0.0,0.0
2016-08-30 00:00:00-04:00,62.824705372311925,63.957271416293985,62.45966371934071,63.22718811035156,1461600,0.0,0.0
2016-08-31 00:00:00-04:00,63.11485500459573,63.51733767981853,62.244369550795525,63.20845413208008,1122900,0.0,0.0
2016-09-01 00:00:00-04:00,63.470544549907295,64.0602327142028,62.787264384530886,62.955745697021484,915900,0.0,0.0
2016-09-02 00:00:00-04:00,62.95574901971467,63.882392716741194,62.95574901971467,63.84495162963867,692600,0.0,0.0
2016-09-06 00:00:00-04:00,63.88238450755244,64.59375078877201,63.66710006966731,64.58438873291016,1030000,0.0,0.0
2016-09-07 00:00:00-04:00,64.8464793251763,66.73721500068054,64.837117267848,66.48448944091797,1738800,0.0,0.0
2016-09-08 00:00:00-04:00,66.32535868268572,67.0460798666534,66.25047651934577,66.75592041015625,1437900,0.0,0.0
2016-09-09 00:00:00-04:00,66.41898017239326,66.54065837290952,64.453369140625,64.453369140625,1359300,0.0,0.0
2016-09-12 00:00:00-04:00,63.975979343595945,65.5203899638317,63.35821938019511,65.3238296508789,1170800,0.0,0.0
2016-09-13 00:00:00-04:00,65.1179096862695,65.79183486478632,63.78878344039246,63.94790267944336,1381500,0.0,0.0
2016-09-14 00:00:00-04:00,63.882396377314016,64.06023976595242,62.27246524543971,62.384788513183594,1305500,0.0,0.0
2016-09-15 00:00:00-04:00,62.31926856112549,63.086793039894076,61.738942387946274,62.5345458984375,1184700,0.0,0.0
2016-09-16 00:00:00-04:00,62.300536603260696,62.59070322390191,61.43005102365047,61.49557113647461,1140400,0.0,0.0
2016-09-19 00:00:00-04:00,61.58918634054927,62.30990768601959,61.36453980018954,61.48622512817383,1231800,0.0,0.0
2016-09-20 00:00:00-04:00,61.68278771456382,62.0291053130534,61.299021883509106,61.30838394165039,551100,0.0,0.0
2016-09-21 00:00:00-04:00,61.617262936694786,62.62815090487369,61.07437786402566,62.431583404541016,1320900,0.0,0.0
2016-09-22 00:00:00-04:00,62.75919155458494,63.62967723156984,61.38326189020646,61.81382369995117,2125700,0.0,0.0
2016-09-23 00:00:00-04:00,61.523666057299224,62.36606558739253,61.17734133101887,61.561100006103516,2330700,0.0,0.0
2016-09-26 00:00:00-04:00,61.420698934961166,61.486219050800564,60.082210447536056,60.46596908569336,1410300,0.0,0.0
2016-09-27 00:00:00-04:00,60.60637597851699,61.90742347842344,60.587659004493965,61.76702117919922,1118700,0.0,0.0
2016-09-28 00:00:00-04:00,62.04782914046571,63.36759368592271,61.80446561803128,61.963584899902344,1091100,0.0,0.0
2016-09-29 00:00:00-04:00,61.785743455559775,62.253746344940446,61.093094037643084,61.13053512573242,785000,0.0,0.0
2016-09-30 00:00:00-04:00,61.401987867447524,62.103992318236536,61.1118283129588,61.64535140991211,884100,0.0,0.0
2016-10-03 00:00:00-04:00,61.40196545230265,62.8246979522404,61.40196545230265,62.79661178588867,1041600,0.0,0.0
2016-10-04 00:00:00-04:00,64.04150762710637,65.16471874034731,63.648386950992546,64.31295013427734,1956100,0.0,0.0
2016-10-05 00:00:00-04:00,64.22871950563834,64.43463477966391,63.42375395964527,63.93855285644531,1010900,0.0,0.0
2016-10-06 00:00:00-04:00,64.00406929545561,64.68735662098644,63.80750894894436,64.66863250732422,821400,0.0,0.0
2016-10-07 00:00:00-04:00,64.6499227774385,64.7716009652463,63.54543560581507,63.75135803222656,1197700,0.0,0.0
2016-10-10 00:00:00-04:00,63.91981807778315,65.46422862029733,63.80749484411024,65.43614959716797,846100,0.0,0.0
2016-10-11 00:00:00-04:00,65.52040986783419,65.74504927357111,64.68736522795008,64.8932876586914,1454200,0.0,0.0
2016-10-12 00:00:00-04:00,65.38936668159374,66.69041419065209,65.38936668159374,65.92288970947266,2022000,0.0,0.0
2016-10-13 00:00:00-04:00,66.46576915366252,68.50626193890072,65.65144159447674,68.29097747802734,2156800,0.0,0.0
2016-10-14 00:00:00-04:00,68.4969144017254,68.98363434434319,67.1116224800065,67.68258666992188,1155900,0.0,0.0
2016-10-17 00:00:00-04:00,67.70129961658974,68.59986430626503,67.29881684652251,67.33625793457031,810300,0.0,0.0
2016-10-18 00:00:00-04:00,67.81359978994624,68.48752493398615,67.01799649423747,67.495361328125,1098400,0.0,0.0
2016-10-19 00:00:00-04:00,67.42986086180571,68.81514549139705,67.18649734643942,68.75898742675781,1289700,0.0,0.0
2016-10-20 00:00:00-04:00,69.47969913774564,70.49057976294299,68.15992780814717,70.47186279296875,1623300,0.0,0.0
2016-10-21 00:00:00-04:00,69.5733121447012,70.24723745666878,69.14275033786801,69.78858947753906,1111300,0.0,0.0
2016-10-24 00:00:00-04:00,70.08809993939028,70.2378642699449,68.79641472356012,68.89937591552734,779500,0.0,0.0
2016-10-25 00:00:00-04:00,68.7215378726155,69.25506084445085,67.69193301447882,67.76681518554688,1235100,0.0,0.0
2016-10-26 00:00:00-04:00,65.9884057975678,68.21609692601662,65.94160265330522,66.57808685302734,1546700,0.0,0.0
2016-10-27 00:00:00-04:00,66.89634914187012,67.64514964798806,66.11010039811347,66.5687484741211,895300,0.0,0.0
2016-10-28 00:00:00-04:00,66.6623395446087,67.7668267624986,66.52193723515967,67.1865005493164,721500,0.0,0.0
2016-10-31 00:00:00-04:00,67.46730264922347,67.68257999333726,66.86825948302135,67.59834289550781,679800,0.0,0.0
2016-11-01 00:00:00-04:00,67.61703361061933,68.18799752247358,66.1381503852944,66.85887145996094,736400,0.0,0.0
2016-11-02 00:00:00-04:00,66.97121531521273,68.27226275674562,66.37217219714682,66.4189682006836,1027700,0.0,0.0
2016-11-03 00:00:00-04:00,66.41895910966102,66.67168463056566,65.11791184620755,65.20215606689453,884600,0.0,0.0
2016-11-04 00:00:00-04:00,65.23959537220604,66.50320879831234,64.69671748567424,65.76376342773438,1161100,0.0,0.0
2016-11-07 00:00:00-05:00,66.81209226622677,67.94465844140922,66.3440893603915,67.92594146728516,1119900,0.0,0.0
2016-11-08 00:00:00-05:00,67.82299009030314,68.42203332533441,67.17714370143933,68.05699157714844,839500,0.0,0.0
2016-11-09 00:00:00-05:00,66.68105641580316,68.90875496464629,66.33473881301589,68.49691009521484,859900,0.0,0.0
2016-11-10 00:00:00-05:00,68.90560084154511,70.85983840736142,68.85862831919322,70.43704986572266,1519400,0.275,0.0
2016-11-11 00:00:00-05:00,70.01425065569038,70.77528002792529,69.65722939766869,70.68132781982422,759500,0.0,0.0
2016-11-14 00:00:00-05:00,71.13230279246864,73.37779430368376,71.0289532109404,73.1241226196289,1269000,0.0,0.0
2016-11-15 00:00:00-05:00,74.42068226417113,75.53873294728045,72.9550076778455,73.50933074951172,1249600,0.0,0.0
2016-11-16 00:00:00-05:00,73.2838379162187,73.55630432761693,72.63555551778524,73.06774139404297,860600,0.0,0.0
2016-11-17 00:00:00-05:00,72.96439228843515,74.12941529001203,72.79527546819875,74.08243560791016,679900,0.0,0.0
2016-11-18 00:00:00-05:00,73.7441988237095,77.1829049658928,73.18987587262238,74.66494750976562,959800,0.0,0.0
2016-11-21 00:00:00-05:00,74.69314522423913,74.75891248676942,73.9603079651605,74.01667785644531,796000,0.0,0.0
2016-11-22 00:00:00-05:00,74.34550659572142,76.91044390930739,74.30792428266194,76.60039520263672,1464500,0.0,0.0
2016-11-23 00:00:00-05:00,76.54403197421072,77.98152152531242,75.64207788661933,77.94393920898438,1578200,0.0,0.0
2016-11-25 00:00:00-05:00,77.98152718443164,78.33854846331626,77.47417662932546,77.74664306640625,421900,0.0,0.0
2016-11-28 00:00:00-05:00,77.36143712746035,78.1694391447822,76.863483896154,77.44599914550781,1003100,0.0,0.0
2016-11-29 00:00:00-05:00,77.48356444377409,78.423100799987,77.13593341146164,77.77481842041016,705600,0.0,0.0
2016-11-30 00:00:00-05:00,76.49704981298783,78.22580046770344,75.16290988290868,77.295654296875,1742800,0.0,0.0
2016-12-01 00:00:00-05:00,76.94802163061274,78.61099766772246,75.83936854984198,77.8499755859375,1321300,0.0,0.0
2016-12-02 00:00:00-05:00,77.98152846547454,79.79483417314249,77.59631506489947,79.70088195800781,1808700,0.0,0.0
2016-12-05 00:00:00-05:00,79.84180709082791,79.93575929799151,77.16412259405493,78.09426879882812,1964100,0.0,0.0
2016-12-06 00:00:00-05:00,78.1788321951869,79.7478564477134,77.81241352946142,79.67269897460938,1539600,0.0,0.0
2016-12-07 00:00:00-05:00,79.58812158034397,82.79194390335856,79.4096073840196,82.36914825439453,1821000,0.0,0.0
2016-12-08 00:00:00-05:00,82.26580714660093,84.0509277891821,81.26990082907521,83.19595336914062,1555200,0.0,0.0
2016-12-09 00:00:00-05:00,83.51538134970566,84.81193886654788,83.51538134970566,84.34217071533203,1329000,0.0,0.0
2016-12-12 00:00:00-05:00,83.66573218780142,83.8348490526016,81.05381457186647,81.48600769042969,1274900,0.0,0.0
2016-12-13 00:00:00-05:00,81.74907298888884,83.44963176252871,81.32627726242787,81.61753845214844,1249900,0.0,0.0
2016-12-14 00:00:00-05:00,81.4202341313964,82.57585997820945,80.99743841799854,81.15715789794922,1033100,0.0,0.0
2016-12-15 00:00:00-05:00,81.98395329509391,86.0803328235701,81.83362402119658,84.67102813720703,1745800,0.0,0.0
2016-12-16 00:00:00-05:00,85.30050918608198,85.99576410335953,83.35566915741158,83.36506652832031,2476300,0.0,0.0
2016-12-19 00:00:00-05:00,83.543582032468,85.19716824336875,83.543582032468,84.86833190917969,1094000,0.0,0.0
2016-12-20 00:00:00-05:00,85.15958447280545,86.33400505210616,84.80256319721201,86.02395629882812,884100,0.0,0.0
2016-12-21 00:00:00-05:00,85.74206915260135,86.05211062746856,84.60523129651006,85.61053466796875,899500,0.0,0.0
2016-12-22 00:00:00-05:00,85.70451202006683,85.81725180109866,83.38385595257616,83.71269226074219,1099600,0.0,0.0
2016-12-23 00:00:00-05:00,83.97575660667192,84.99985495831451,83.95696903358291,84.96227264404297,794500,0.0,0.0
2016-12-27 00:00:00-05:00,85.37566913249499,85.84543729884241,84.68040708527357,85.06562042236328,654700,0.0,0.0
2016-12-28 00:00:00-05:00,84.97166502174257,85.51659062642672,83.28049681936254,83.32747650146484,666000,0.0,0.0
2016-12-29 00:00:00-05:00,83.34627137607127,83.95697145644414,82.52887214528664,83.17715454101562,770500,0.0,0.0
2016-12-30 00:00:00-05:00,83.3744567311353,83.7502727184534,82.69798938758146,83.36506652832031,931000,0.0,0.0
2017-01-03 00:00:00-05:00,83.54357094478539,85.49780828302556,82.59464438750662,82.67919921875,1387500,0.0,0.0
2017-01-04 00:00:00-05:00,82.25641529290166,84.02274115739354,81.40143372192128,83.78785705566406,1362900,0.0,0.0
2017-01-05 00:00:00-05:00,83.76905704196126,84.30459242765487,82.20942339739469,82.45370483398438,1499700,0.0,0.0
2017-01-06 00:00:00-05:00,82.3127916326887,82.38795627147378,81.08200113698452,81.72088623046875,929700,0.0,0.0
2017-01-09 00:00:00-05:00,81.53296153527464,83.00803328601351,81.00682348449185,82.18124389648438,1287200,0.0,0.0
2017-01-10 00:00:00-05:00,83.11138774934174,86.89771823365109,83.11138774934174,86.43734741210938,2126500,0.0,0.0
2017-01-11 00:00:00-05:00,87.18898075126653,89.06805355049129,86.23064960952932,88.1285171508789,2537800,0.0,0.0
2017-01-12 00:00:00-05:00,87.58358010020521,88.28823236597418,86.09911093997616,87.62116241455078,1524900,0.0,0.0
2017-01-13 00:00:00-05:00,87.65875663087427,88.69224532737327,87.46144766174679,88.61708068847656,833300,0.0,0.0
2017-01-17 00:00:00-05:00,88.31640023274512,89.068032038133,87.07621277151962,87.76207733154297,1092900,0.0,0.0
2017-01-18 00:00:00-05:00,86.8977055778559,87.82785162448188,86.20245076134265,87.31110382080078,1829100,0.0,0.0
2017-01-19 00:00:00-05:00,87.64935551721132,88.97409817276329,87.59298562449248,88.52312469482422,1505000,0.0,0.0
2017-01-20 00:00:00-05:00,88.58887123852092,89.00226947001839,88.1285004967758,88.98347473144531,1318800,0.0,0.0
2017-01-23 00:00:00-05:00,88.67344019464146,89.06805091856943,87.09501880321056,87.4426498413086,926100,0.0,0.0
2017-01-24 00:00:00-05:00,87.38628559722969,88.17549275987466,86.94470232704275,87.24535369873047,868600,0.0,0.0
2017-01-25 00:00:00-05:00,87.89364389171415,88.47615194373986,87.44266321031527,87.73391723632812,700300,0.0,0.0
2017-01-26 00:00:00-05:00,88.08152751772998,90.22366912006629,87.86543101625887,90.10153198242188,1266400,0.0,0.0
2017-01-27 00:00:00-05:00,90.24247649297415,90.44916848528541,89.25596037943748,89.37809753417969,1566800,0.0,0.0
2017-01-30 00:00:00-05:00,88.37279172390924,88.60767582453039,86.64404818402268,88.46675109863281,1173600,0.0,0.0
2017-01-31 00:00:00-05:00,88.01577382170233,88.3164251952176,87.25475160051239,88.14730834960938,932500,0.0,0.0
2017-02-01 00:00:00-05:00,88.15670736838446,88.95531192219858,87.40507533650394,87.96879577636719,830200,0.0,0.0
2017-02-02 00:00:00-05:00,87.32050985958607,88.92711614313673,86.78497443173583,88.81436920166016,1174700,0.0,0.0
2017-02-03 00:00:00-05:00,88.9647056733955,89.57539861034012,87.8936347308144,88.4009780883789,933000,0.0,0.0
2017-02-06 00:00:00-05:00,89.02105949844753,89.99817805654357,88.60766125553577,89.36869049072266,864000,0.0,0.0
2017-02-07 00:00:00-05:00,89.6505653155646,89.67875026184788,88.2412606566476,88.4103775024414,1572900,0.0,0.0
2017-02-08 00:00:00-05:00,89.34990450190917,92.82619326082465,89.23716472868702,91.32292938232422,2683600,0.0,0.0
2017-02-09 00:00:00-05:00,91.21020026290427,92.91075894317711,89.3687096815488,92.45978546142578,2164000,0.0,0.0
2017-02-10 00:00:00-05:00,92.4221983304825,92.85438421469455,91.28536014564551,91.4638671875,1258000,0.0,0.0
2017-02-13 00:00:00-05:00,91.57661256077161,92.45038168523934,91.47326298501031,92.09335327148438,1077600,0.0,0.0
2017-02-14 00:00:00-05:00,92.17791450532359,92.35642871071336,89.87605324930047,90.47735595703125,1252300,0.0,0.0
2017-02-15 00:00:00-05:00,91.2383821527086,91.83968488696087,90.48675015084625,91.09745025634766,1449100,0.0,0.0
2017-02-16 00:00:00-05:00,91.40844854500997,91.66291469811624,90.28693517313232,91.12571716308594,1296800,0.3,0.0
2017-02-17 00:00:00-05:00,90.5885356462715,91.12573327629116,89.82514424230746,91.04090881347656,910000,0.0,0.0
2017-02-21 00:00:00-05:00,90.79586492945919,91.51213079960996,90.39061728159794,91.05033111572266,1068200,0.0,0.0
2017-02-22 00:00:00-05:00,90.83355205190658,91.9079471219386,90.70160930227742,91.65348815917969,870900,0.0,0.0
2017-02-23 00:00:00-05:00,91.6535010479378,92.06818242813856,90.26809479166856,90.37176513671875,822100,0.0,0.0
2017-02-24 00:00:00-05:00,89.72146343667819,91.47442543356341,89.37276065891933,91.42730712890625,653800,0.0,0.0
2017-02-27 00:00:00-05:00,91.19169062668877,92.23781330155293,90.69219203587522,92.20953369140625,778800,0.0,0.0
2017-02-28 00:00:00-05:00,92.27551353784905,93.07659660160411,91.79486082345967,92.19068908691406,1163100,0.0,0.0
2017-03-01 00:00:00-05:00,92.39805040778317,95.5929640304072,92.39805040778317,94.47144317626953,1562400,0.0,0.0
2017-03-02 00:00:00-05:00,94.16042137211144,94.33005589892794,90.68276976555163,90.81471252441406,1838200,0.0,0.0
2017-03-03 00:00:00-05:00,90.9938004808126,93.51014717154138,90.95610151435483,93.24626159667969,1535800,0.0,0.0
2017-03-06 00:00:00-05:00,92.80329193035121,93.12372230517973,90.03247948530775,91.06917572021484,1770100,0.0,0.0
2017-03-07 00:00:00-05:00,90.61679718229067,90.88068269650988,89.42930517796326,89.64607238769531,1235200,0.0,0.0
2017-03-08 00:00:00-05:00,89.78743744517814,90.4660043271162,88.76016777526837,89.72146606445312,1298500,0.0,0.0
2017-03-09 00:00:00-05:00,89.90054203829834,90.78644967579137,89.04291401526427,89.32564544677734,1205000,0.0,0.0
2017-03-10 00:00:00-05:00,89.13715380641945,91.11630249913513,88.91096004299825,91.05033111572266,1217100,0.0,0.0
2017-03-13 00:00:00-04:00,90.78643586460691,92.64306812949808,90.63564003846678,91.02204895019531,1375500,0.0,0.0
2017-03-14 00:00:00-04:00,90.68276383898531,90.84297900851298,88.7224612778001,89.0617446899414,1132800,0.0,0.0
2017-03-15 00:00:00-04:00,87.75173570722872,90.38117853138722,87.01662405129333,89.87225341796875,1876100,0.0,0.0
2017-03-16 00:00:00-04:00,89.89111990013443,90.30580131506164,88.27010758522536,88.72248077392578,1396100,0.0,0.0
2017-03-17 00:00:00-04:00,89.10887876870459,89.14657053782722,87.90253363688254,87.98735809326172,1321300,0.0,0.0
2017-03-20 00:00:00-04:00,89.71205228511064,89.768597132001,88.44916224527334,89.36334228515625,1498800,0.0,0.0
2017-03-21 00:00:00-04:00,89.90995717250529,89.90995717250529,86.71504422635162,86.80928802490234,1492900,0.0,0.0
2017-03-22 00:00:00-04:00,86.38519273375573,87.61037657214865,83.87826583169188,87.57267761230469,1678700,0.0,0.0
2017-03-23 00:00:00-04:00,87.63865266368933,89.75917070889005,87.04491019955613,88.63765716552734,1331300,0.0,0.0
2017-03-24 00:00:00-04:00,88.81671687645743,89.87226620900124,87.70462269782182,89.250244140625,856900,0.0,0.0
2017-03-27 00:00:00-04:00,88.06275836587638,89.93823670970067,87.78001975751066,89.5329818725586,1063900,0.0,0.0
2017-03-28 00:00:00-04:00,89.50470971915239,91.47443187491258,89.278523145984,90.78644561767578,1571800,0.0,0.0
2017-03-29 00:00:00-04:00,90.94664500824832,91.02204291632025,88.35490123858322,88.87325286865234,1317900,0.0,0.0
2017-03-30 00:00:00-04:00,88.92980194705196,89.46699948459666,88.02504857804722,88.27008819580078,2143600,0.0,0.0
2017-03-31 00:00:00-04:00,87.98735133378199,88.18526546300725,86.87525728122519,86.91295623779297,1856900,0.0,0.0
2017-04-03 00:00:00-04:00,87.10144722324664,87.24281651829753,85.48042797939068,87.05432891845703,1978900,0.0,0.0
2017-04-04 00:00:00-04:00,86.83756009376458,87.26166078069579,84.93380948552235,85.0280532836914,1278600,0.0,0.0
2017-04-05 00:00:00-04:00,85.58410229287571,86.15899884654382,84.79244570835388,84.86784362792969,1188500,0.0,0.0
2017-04-06 00:00:00-04:00,85.08460671035543,85.48986155468319,83.9630859850513,84.28352355957031,1509700,0.0,0.0
2017-04-07 00:00:00-04:00,83.86883332456858,84.6510705073852,83.32221642159126,84.0384750366211,1277000,0.0,0.0
2017-04-10 00:00:00-04:00,84.25526097757489,84.86785658455479,83.6897908751098,83.91597747802734,1056800,0.0,0.0
2017-04-11 00:00:00-04:00,83.68034446557098,84.50028059316759,82.69076662848337,83.72746276855469,1314400,0.0,0.0
2017-04-12 00:00:00-04:00,84.44374657197281,84.82072902794324,83.19028296176661,83.55784606933594,1545300,0.0,0.0
2017-04-13 00:00:00-04:00,83.24682815214368,83.45416884537907,81.33365079421256,81.36192321777344,1577600,0.0,0.0
2017-04-17 00:00:00-04:00,81.60695475893868,82.12530648616283,81.16400814425995,81.9085464477539,984800,0.0,0.0
2017-04-18 00:00:00-04:00,81.96508877872067,82.61538325467308,80.81529566659553,81.55040740966797,1106300,0.0,0.0
2017-04-19 00:00:00-04:00,81.93680361674534,82.87925589781086,81.59752022033453,82.17241668701172,894200,0.0,0.0
2017-04-20 00:00:00-04:00,82.55883818260126,83.53898965281098,82.18185574169875,83.28453063964844,797700,0.0,0.0
2017-04-21 00:00:00-04:00,83.359896415172,84.17040590380252,83.03946611007335,83.98191833496094,1147000,0.0,0.0
2017-04-24 00:00:00-04:00,85.52755738052632,86.16842531572959,84.88668944532304,85.46158599853516,1342000,0.0,0.0
2017-04-25 00:00:00-04:00,85.76316070583,86.62079576425177,85.47100278894989,86.15898895263672,1615500,0.0,0.0
2017-04-26 00:00:00-04:00,85.1505812920601,86.65850384257175,83.10546110823049,83.17143249511719,2385800,0.0,0.0
2017-04-27 00:00:00-04:00,81.22054593709358,81.37133457806424,78.93981291606224,80.04248046875,3162800,0.0,0.0
2017-04-28 00:00:00-04:00,80.08960467782936,80.75874499026494,79.91996296549773,80.19326782226562,1172500,0.0,0.0
2017-05-01 00:00:00-04:00,80.4288753692309,80.69276805160294,79.55240163798587,79.56182098388672,1117100,0.0,0.0
2017-05-02 00:00:00-04:00,79.54298839770468,81.70120537591968,79.53356185988775,81.51271057128906,1680000,0.0,0.0
2017-05-03 00:00:00-04:00,81.42789878658947,81.83315365591454,80.61738904793933,81.61638641357422,1178600,0.0,0.0
2017-05-04 00:00:00-04:00,81.69178328059219,82.28552576919849,80.07076382432388,80.51371765136719,1256900,0.0,0.0
2017-05-05 00:00:00-04:00,80.78702081834321,80.89069115749336,79.75974396413015,80.33464050292969,947200,0.0,0.0
2017-05-08 00:00:00-04:00,80.36291824864398,80.5231406317991,78.63823570832321,78.72305297851562,2579300,0.0,0.0
2017-05-09 00:00:00-04:00,79.38276756403988,79.73147034472316,78.43088864175361,79.3639144897461,1635400,0.0,0.0
2017-05-10 00:00:00-04:00,79.24139276813635,79.56182310547928,78.32721286754888,78.4026107788086,1282100,0.0,0.0
2017-05-11 00:00:00-04:00,78.36492488464295,79.08119078031262,77.62981310318749,78.83615112304688,1804300,0.0,0.0
2017-05-12 00:00:00-04:00,78.64764404105519,79.4770066930485,78.57225331933451,78.77958679199219,1533500,0.0,0.0
2017-05-15 00:00:00-04:00,79.45817594230881,80.93782622807731,79.45817594230881,79.98595428466797,1494000,0.0,0.0
2017-05-16 00:00:00-04:00,80.31579594685297,80.31579594685297,78.99636112794738,79.85399627685547,1601900,0.0,0.0
2017-05-17 00:00:00-04:00,79.85399694791492,79.85399694791492,77.41304143387562,77.46016693115234,1246200,0.0,0.0
2017-05-18 00:00:00-04:00,77.39418372728863,78.74189077365085,77.30935928321563,78.26123809814453,1179100,0.0,0.0
2017-05-19 00:00:00-04:00,78.66796118453065,80.38944331150454,78.46932946408113,79.99217987060547,1201100,0.3,0.0
2017-05-22 00:00:00-04:00,80.25702552172517,81.13668444417607,80.12460436921958,80.66374969482422,847800,0.0,0.0
2017-05-23 00:00:00-04:00,80.6259178133048,81.7325906629311,79.8786800084712,81.13668823242188,1540200,0.0,0.0
2017-05-24 00:00:00-04:00,81.20289285332574,81.84608438393552,79.88813486252816,79.96380615234375,1320700,0.0,0.0
2017-05-25 00:00:00-04:00,80.16244384358632,82.10147929509918,79.93543717365114,81.89338684082031,1595000,0.0,0.0
2017-05-26 00:00:00-04:00,81.74205038487442,82.61224869861314,81.21236570980084,81.93122863769531,1325200,0.0,0.0
2017-05-30 00:00:00-04:00,81.46773991121928,82.12985291117423,81.0704764410934,81.1650619506836,1412300,0.0,0.0
2017-05-31 00:00:00-04:00,81.48666757590615,82.61224749402517,80.94752219194982,82.33795166015625,1412100,0.0,0.0
2017-06-01 00:00:00-04:00,82.53657645457561,83.75674900310099,82.32848400525026,83.45407104492188,1273700,0.0,0.0
2017-06-02 00:00:00-04:00,83.81350301451633,85.29851794791615,83.76620664954204,84.4756088256836,1481500,0.0,0.0
2017-06-05 00:00:00-04:00,84.30533746375946,84.80665431015902,83.87969911810401,84.46614074707031,1275500,0.0,0.0
2017-06-06 00:00:00-04:00,83.88917087884803,85.45931054525097,83.75674972203375,84.3715591430664,1268600,0.0,0.0
2017-06-07 00:00:00-04:00,84.5607415569387,87.1997185405491,83.9648391054192,86.7267837524414,1649900,0.0,0.0
2017-06-08 00:00:00-04:00,86.72677416280266,87.00107717554408,85.36471981440701,85.63902282714844,1888500,0.0,0.0
2017-06-09 00:00:00-04:00,85.86603754887754,86.33897232913479,84.86341812398408,85.06204986572266,1291500,0.0,0.0
2017-06-12 00:00:00-04:00,84.89180434321959,84.89180434321959,82.93385438128597,84.2202377319336,817400,0.0,0.0
2017-06-13 00:00:00-04:00,84.58911615333432,85.06205093956197,83.08517978059608,84.0972671508789,1032600,0.0,0.0
2017-06-14 00:00:00-04:00,84.02158564372965,84.82557323934218,83.4256832669868,84.34317779541016,643300,0.0,0.0
2017-06-15 00:00:00-04:00,83.87024949527093,83.88917092706201,82.37577390589449,83.62432861328125,814700,0.0,0.0
2017-06-16 00:00:00-04:00,83.55811313655542,84.19185122372598,83.30273153158521,83.93646240234375,1218500,0.0,0.0
2017-06-19 00:00:00-04:00,84.50397377149451,85.90386374219733,84.15400669112725,85.8565673828125,760100,0.0,0.0
2017-06-20 00:00:00-04:00,85.85657452110276,86.06466697343926,84.48506658184763,84.55127716064453,769200,0.0,0.0
2017-06-21 00:00:00-04:00,85.13771736178452,86.08358688007348,84.702618249341,85.913330078125,824900,0.0,0.0
2017-06-22 00:00:00-04:00,86.73623971444343,86.97270711520954,85.40256732665702,86.09304809570312,917700,0.0,0.0
2017-06-23 00:00:00-04:00,86.1592658219503,87.17135330888819,85.99846970803816,86.67003631591797,1355100,0.0,0.0
2017-06-26 00:00:00-04:00,87.0389083997883,88.11720627117899,85.91332859955565,85.95116424560547,737200,0.0,0.0
2017-06-27 00:00:00-04:00,85.59172713469215,85.93224072444737,84.0877981269495,84.1067123413086,1211200,0.0,0.0
2017-06-28 00:00:00-04:00,84.66478365302505,84.9674616139762,83.55811081842424,83.62432861328125,1214000,0.0,0.0
2017-06-29 00:00:00-04:00,83.92701801315266,84.7972163674403,83.51083305396604,84.27698516845703,1019100,0.0,0.0
2017-06-30 00:00:00-04:00,84.560739131598,85.42147666873232,84.02159377727529,84.90125274658203,1234000,0.0,0.0
2017-07-03 00:00:00-04:00,85.38363863358968,86.00791598241044,85.03367152871601,85.33634948730469,543200,0.0,0.0
2017-07-05 00:00:00-04:00,85.58229022835293,87.36998331295875,85.24177657257917,86.33898162841797,1061700,0.0,0.0
2017-07-06 00:00:00-04:00,86.07413484211702,87.12405069058111,85.35527191514781,86.45248413085938,1091000,0.0,0.0
2017-07-07 00:00:00-04:00,86.71732259462048,88.89282549540563,86.65111201327896,88.80769348144531,1127100,0.0,0.0
2017-07-10 00:00:00-04:00,88.02261838031275,88.70364561377475,87.786150991828,87.90911865234375,1296600,0.0,0.0
2017-07-11 00:00:00-04:00,87.64428289351558,88.19288179139895,86.56598488219733,86.61328125,1092900,0.0,0.0
2017-07-12 00:00:00-04:00,87.49292993026154,89.6211363339706,87.21862690559186,89.50762939453125,1176800,0.0,0.0
2017-07-13 00:00:00-04:00,89.18603309645879,90.56700165520589,88.64688778779444,88.66580200195312,1116500,0.0,0.0
2017-07-14 00:00:00-04:00,88.91173433529917,89.09145185224993,87.43618020239063,87.61589050292969,911800,0.0,0.0
2017-07-17 00:00:00-04:00,87.69156016297144,87.96586318295219,86.86865110302921,87.09566497802734,965100,0.0,0.0
2017-07-18 00:00:00-04:00,86.78353900751792,86.94433511352197,85.62957689824152,85.8376693725586,948900,0.0,0.0
2017-07-19 00:00:00-04:00,85.64848599603786,85.92278180022568,84.80666271948628,85.38363647460938,1027500,0.0,0.0
2017-07-20 00:00:00-04:00,85.37419743670799,85.37419743670799,84.09727484041875,84.27698516845703,997600,0.0,0.0
2017-07-21 00:00:00-04:00,84.0783479081852,84.35265095731133,83.31219584379271,83.47299194335938,942800,0.0,0.0
2017-07-24 00:00:00-04:00,83.41624393070656,83.46353308176474,82.2528211252051,82.30011749267578,882700,0.0,0.0
2017-07-25 00:00:00-04:00,82.81088306636391,83.5581136701422,82.2244413398265,82.41361236572266,1162100,0.0,0.0
2017-07-26 00:00:00-04:00,80.66375563155168,83.93646347196325,78.89498415730036,82.9716796875,2873800,0.0,0.0
2017-07-27 00:00:00-04:00,82.30957202499803,83.66216588451542,80.05840490357167,83.21761322021484,2459600,0.0,0.0
2017-07-28 00:00:00-04:00,82.83925087471458,83.22705360937563,80.84346569256886,81.64745330810547,1725400,0.0,0.0
2017-07-31 00:00:00-04:00,81.85554172807566,81.88391665648506,80.56915871983529,80.616455078125,1253500,0.0,0.0
2017-08-01 00:00:00-04:00,81.25019806680925,82.45144925377508,80.31378920664457,80.88130950927734,1569300,0.0,0.0
2017-08-02 00:00:00-04:00,80.76779745237185,81.31640350398764,80.37999470306532,81.00426483154297,989700,0.0,0.0
2017-08-03 00:00:00-04:00,80.78672076396786,81.38261597543854,79.85030472484151,80.38945007324219,979100,0.0,0.0
2017-08-04 00:00:00-04:00,80.60698525159883,81.29746581954765,80.17188622687799,81.2218017578125,821400,0.0,0.0
2017-08-07 00:00:00-04:00,81.4866465563178,81.98795616094816,81.16504722237478,81.34476470947266,838600,0.0,0.0
2017-08-08 00:00:00-04:00,81.20289248501898,82.21497252837513,80.41781909366861,80.54078674316406,972300,0.0,0.0
2017-08-09 00:00:00-04:00,80.27593688940536,80.30431181618351,79.28277115370626,79.77462005615234,837800,0.0,0.0
2017-08-10 00:00:00-04:00,79.44357316426903,79.68004052700526,78.63012485914349,79.25440216064453,1099400,0.0,0.0
2017-08-11 00:00:00-04:00,79.08415746645653,80.36107997725067,78.79094020106866,79.8976058959961,1136900,0.0,0.0
2017-08-14 00:00:00-04:00,80.76779541164638,81.06101264515821,79.35845188799111,80.4840316772461,1127900,0.0,0.0
2017-08-15 00:00:00-04:00,80.20029026377567,80.49350755251056,78.6585252980751,79.36792755126953,1573700,0.0,0.0
2017-08-16 00:00:00-04:00,79.53817302793675,80.531339017325,77.49509839752062,79.27333068847656,1191700,0.0,0.0
2017-08-17 00:00:00-04:00,79.17873743501336,79.44357974860245,75.60335176873714,75.6884765625,1358800,0.0,0.0
2017-08-18 00:00:00-04:00,75.73595794444232,75.96382614930188,74.47322271613339,74.48271179199219,1649900,0.3,0.0
2017-08-21 00:00:00-04:00,74.5301760249369,75.18528434870308,73.88456401930937,74.0364761352539,1178200,0.0,0.0
2017-08-22 00:00:00-04:00,74.2738274738348,74.64410417252654,72.83069146146431,73.21046447753906,1305200,0.0,0.0
2017-08-23 00:00:00-04:00,73.21048351473787,73.21048351473787,71.01730446086806,71.12174224853516,1577300,0.0,0.0
2017-08-24 00:00:00-04:00,71.37808063768966,71.37808063768966,69.58366020284134,69.8020248413086,1933600,0.0,0.0
2017-08-25 00:00:00-04:00,70.17231000968727,72.15661340131,70.17231000968727,71.71038055419922,1675300,0.0,0.0
2017-08-28 00:00:00-04:00,71.8527832580506,71.8527832580506,70.45712154195216,70.55206298828125,1584600,0.0,0.0
2017-08-29 00:00:00-04:00,70.1343190952498,70.73245672564796,69.8305021212045,70.61852264404297,1163600,0.0,0.0
2017-08-30 00:00:00-04:00,70.54259591599154,70.64703371259752,69.68810814538371,70.38118743896484,919900,0.0,0.0
2017-08-31 00:00:00-04:00,70.7419607193116,71.42555079597959,70.628026625344,70.8843765258789,999700,0.0,0.0
2017-09-01 00:00:00-04:00,71.30211214225807,71.82430095812781,70.81790135332142,71.3495864868164,1070700,0.0,0.0
2017-09-05 00:00:00-04:00,70.79893360868444,70.87488968148307,69.09945450855645,69.35580444335938,1616500,0.0,0.0
2017-09-06 00:00:00-04:00,68.79562159585943,70.13431990682916,68.074053557814,69.95392608642578,2524000,0.0,0.0
2017-09-07 00:00:00-04:00,70.33370089338315,71.15969947381674,69.33679756246943,69.4602279663086,2114900,0.0,0.0
2017-09-08 00:00:00-04:00,69.3178228329311,70.88438234667453,69.26085215948464,70.54258728027344,1201000,0.0,0.0
2017-09-11 00:00:00-04:00,71.15970000935293,71.95722412879961,71.04577316626653,71.767333984375,1832200,0.0,0.0
2017-09-12 00:00:00-04:00,71.93822229582788,72.54586343673608,71.3495810322857,72.46041107177734,1197800,0.0,0.0
2017-09-13 00:00:00-04:00,72.69778258875846,72.69778258875846,71.40655849203694,72.35598754882812,1131900,0.0,0.0
2017-09-14 00:00:00-04:00,72.89714207821427,74.47319736254664,72.86866037319545,73.57123565673828,2500100,0.0,0.0
2017-09-15 00:00:00-04:00,72.97310661874721,73.0870406956576,71.22615365729311,71.47300720214844,2224700,0.0,0.0
2017-09-18 00:00:00-04:00,71.33059238172349,71.45402277760455,69.04247244380704,69.37477111816406,2334400,0.0,0.0
2017-09-19 00:00:00-04:00,69.38427031089456,70.03937136932656,68.17849147224413,68.58674621582031,2148600,0.0,0.0
2017-09-20 00:00:00-04:00,68.79562654709508,69.91595309065043,68.29243032087903,69.30831909179688,1452300,0.0,0.0
2017-09-21 00:00:00-04:00,69.42224908807583,69.67859172352213,67.57085824526145,69.22286987304688,2426400,0.0,0.0
2017-09-22 00:00:00-04:00,69.16590155723713,71.13121930760857,68.88107720191239,70.96981811523438,1717700,0.0,0.0
2017-09-25 00:00:00-04:00,70.9698268365148,71.54897918015116,70.4381488463841,71.00780487060547,1489600,0.0,0.0
2017-09-26 00:00:00-04:00,71.68189729690833,72.41295451925602,71.02678889770968,71.16920471191406,1281500,0.0,0.0
2017-09-27 00:00:00-04:00,71.50149561465469,71.75784550084721,70.53308122260226,71.30211639404297,1304000,0.0,0.0
2017-09-28 00:00:00-04:00,71.17869269523047,72.2515448485966,70.89386110017904,72.0331802368164,1271100,0.0,0.0
2017-09-29 00:00:00-04:00,72.15659835622402,72.71675794549793,72.09963493862135,72.4129409790039,1032100,0.0,0.0
2017-10-02 00:00:00-04:00,72.44143474949136,73.3433893915065,72.35598237383601,73.13451385498047,1353800,0.0,0.0
2017-10-03 00:00:00-04:00,73.17249013877031,76.14420019543307,73.15350474661541,76.09673309326172,1936600,0.0,0.0
2017-10-04 00:00:00-04:00,76.66640879079188,78.32790991009696,76.21067958232595,76.7518539428711,2358700,0.0,0.0
2017-10-05 00:00:00-04:00,76.66639374640295,76.74234980683727,74.89095886248576,75.71696472167969,1474600,0.0,0.0
2017-10-06 00:00:00-04:00,75.3276879758166,76.79930571760639,75.17578311337643,76.48599243164062,1549400,0.0,0.0
2017-10-09 00:00:00-04:00,76.52397636807078,76.78981533054771,75.83089725069428,76.34358978271484,1031200,0.0,0.0
2017-10-10 00:00:00-04:00,77.20756377263183,78.4987877550296,76.40055059452527,76.59992980957031,2428100,0.0,0.0
2017-10-11 00:00:00-04:00,76.74235975117902,77.59684743286894,76.59994393030244,77.3974609375,1194000,0.0,0.0
2017-10-12 00:00:00-04:00,76.7328572875886,76.83729506496458,75.12831983842048,76.33409881591797,2528200,0.0,0.0
2017-10-13 00:00:00-04:00,76.33409810473768,77.11262964656133,76.0397701696162,76.86577606201172,1325600,0.0,0.0
2017-10-16 00:00:00-04:00,76.6094340261869,76.90375472013672,75.64101231775693,76.40055847167969,1416600,0.0,0.0
2017-10-17 00:00:00-04:00,76.6663927952058,77.63480720123825,75.99229906524397,76.4480209350586,1150800,0.0,0.0
2017-10-18 00:00:00-04:00,76.52397290141953,76.83728619738882,76.26763026880617,76.3625717163086,690900,0.0,0.0
2017-10-19 00:00:00-04:00,75.65050381041353,76.11572199713815,73.48580682647372,74.84349060058594,1846600,0.0,0.0
2017-10-20 00:00:00-04:00,75.10931792437576,76.11571020111987,74.73904124732584,75.65998840332031,1213600,0.0,0.0
2017-10-23 00:00:00-04:00,75.84988623824007,75.84988623824007,74.6441145317001,74.75804138183594,814400,0.0,0.0
2017-10-24 00:00:00-04:00,74.29281936449709,75.49859100918528,73.7516451234058,75.37516784667969,1401200,0.0,0.0
2017-10-25 00:00:00-04:00,72.44142899425223,74.05545524970327,64.65610755775815,65.43463897705078,8088500,0.0,0.0
2017-10-26 00:00:00-04:00,65.8619006518736,66.89677491559988,61.959746389793054,62.073673248291016,6049300,0.0,0.0
2017-10-27 00:00:00-04:00,62.52939593795358,63.744663926550764,61.4945145378219,63.21298599243164,4118400,0.0,0.0
2017-10-30 00:00:00-04:00,62.757253605071526,63.488317969963134,61.86479529695271,63.09904861450195,1809300,0.0,0.0
2017-10-31 00:00:00-04:00,63.042083401099156,63.39336747489007,61.90276432087909,62.690792083740234,2471200,0.0,0.0
2017-11-01 00:00:00-04:00,62.330018451315034,62.681302563198905,61.43755282823296,62.45344161987305,2366500,0.0,0.0
2017-11-02 00:00:00-04:00,62.500919519835925,62.776254828629774,60.345715023794895,60.4311637878418,3153300,0.0,0.0
2017-11-03 00:00:00-04:00,60.37419673788233,60.687506458197895,59.48173468589163,60.4311637878418,1669100,0.0,0.0
2017-11-06 00:00:00-05:00,60.1368336060076,61.447046653204254,60.09885557639976,60.70648956298828,1385600,0.0,0.0
2017-11-07 00:00:00-05:00,60.83941680922133,60.89638023572754,59.02600380070459,59.05448913574219,1749800,0.0,0.0
2017-11-08 00:00:00-05:00,58.91206642611112,59.32032116991832,58.25696174552432,58.9405517578125,2022900,0.0,0.0
2017-11-09 00:00:00-05:00,58.80763266843951,59.26335816709461,58.53230100297877,59.22538375854492,1577900,0.0,0.0
2017-11-10 00:00:00-05:00,59.026001809297625,59.81402965270242,58.855107913760094,59.26335906982422,1672200,0.0,0.0
2017-11-13 00:00:00-05:00,58.99752097738562,59.21588922571453,58.27595648820247,58.59876251220703,1546100,0.0,0.0
2017-11-14 00:00:00-05:00,58.44685291570657,58.807633342662974,58.34241514198285,58.56078338623047,1670300,0.0,0.0
2017-11-15 00:00:00-05:00,59.17791740310423,61.50401579523836,58.010116425664,61.18121337890625,2797300,0.0,0.0
2017-11-16 00:00:00-05:00,62.0262020928116,63.04209089505048,61.523005851081436,62.53889465332031,2483600,0.0,0.0
2017-11-17 00:00:00-05:00,62.44395397975481,63.64973309472156,62.064188102620825,63.04209899902344,1819100,0.0,0.0
2017-11-20 00:00:00-05:00,62.98487703055323,63.14701079218257,61.9834489236508,63.04209899902344,1897100,0.3,0.0
2017-11-21 00:00:00-05:00,63.156536850984885,63.3282099965219,62.05973660318977,63.127925872802734,1416600,0.0,0.0
2017-11-22 00:00:00-05:00,63.17560975555912,63.45219467794679,62.18372125761706,62.546146392822266,1559300,0.0,0.0
2017-11-24 00:00:00-05:00,62.746438525797764,62.746438525797764,61.878533250707235,62.374481201171875,452400,0.0,0.0
2017-11-27 00:00:00-05:00,62.4221519007619,62.7273477829605,61.96436171568588,62.33631896972656,1254400,0.0,0.0
2017-11-28 00:00:00-05:00,62.393547164715706,64.29149129603663,62.21234186670132,64.17704010009766,1605500,0.0,0.0
2017-11-29 00:00:00-05:00,64.1865929940657,67.24809218282374,64.16751415251491,65.91285705566406,2883700,0.0,0.0
2017-11-30 00:00:00-05:00,66.28479757341789,66.91426820853493,65.44551066970604,65.97006225585938,1981000,0.0,0.0
2017-12-01 00:00:00-05:00,65.90330644178958,66.15128040471137,63.42358864190628,63.81462478637695,2765300,0.0,0.0
2017-12-04 00:00:00-05:00,64.3773241272567,66.32295079627602,64.3773241272567,65.1212387084961,3425200,0.0,0.0
2017-12-05 00:00:00-05:00,65.21661523283768,65.66487334925678,64.46316118471017,64.94956970214844,1862800,0.0,0.0
2017-12-06 00:00:00-05:00,64.7111263082155,65.72209360592939,64.47269179176928,64.69205474853516,1198700,0.0,0.0
2017-12-07 00:00:00-05:00,65.71255432186568,66.17988393764892,64.38685898983691,66.16081237792969,1395100,0.0,0.0
2017-12-08 00:00:00-05:00,66.48508378368058,67.30529915284094,66.38017200787324,66.5136947631836,1073400,0.0,0.0
2017-12-11 00:00:00-05:00,66.54229618096612,67.01916517467834,66.19895719982125,66.49461364746094,917900,0.0,0.0
2017-12-12 00:00:00-05:00,67.1240854241263,67.6867946916192,66.5327724540677,66.5709228515625,2043100,0.0,0.0
2017-12-13 00:00:00-05:00,66.60905302573663,66.7330436126056,65.56948218273207,65.82698822021484,1633800,0.0,0.0
2017-12-14 00:00:00-05:00,66.14173546726472,67.07640200248493,65.80792858913044,66.17988586425781,1148100,0.0,0.0
2017-12-15 00:00:00-05:00,66.39925375401955,68.53562520902064,66.3897143349525,67.55327606201172,2635200,0.0,0.0
2017-12-18 00:00:00-05:00,69.02202385529085,70.36679069393114,68.57376581692952,70.15696716308594,2392300,0.0,0.0
2017-12-19 00:00:00-05:00,70.45263459271744,70.47170615268303,68.57376941079045,69.80409240722656,2119200,0.0,0.0
2017-12-20 00:00:00-05:00,69.98530435322141,70.67199700042306,69.4321417442599,70.35726165771484,1510300,0.0,0.0
2017-12-21 00:00:00-05:00,70.57661386868412,72.54131187224226,70.57661386868412,71.23469543457031,2020500,0.0,0.0
2017-12-22 00:00:00-05:00,71.2347021968274,71.4540578886503,70.5480095892274,70.84366607666016,1246700,0.0,0.0
2017-12-26 00:00:00-05:00,70.81505223851993,71.59711717083707,70.69106890799254,71.37775421142578,869500,0.0,0.0
2017-12-27 00:00:00-05:00,71.49220637511029,71.49220637511029,70.53846828481835,70.92950439453125,939300,0.0,0.0
2017-12-28 00:00:00-05:00,71.12979393563512,71.26331669632593,70.14744479207643,71.12025451660156,901700,0.0,0.0
2017-12-29 00:00:00-05:00,71.21562350955358,71.3872966618148,70.07114067877495,70.10929107666016,1038100,0.0,0.0
2018-01-02 00:00:00-05:00,70.61478208063572,71.64482115415795,70.40495849790577,71.53990936279297,1738000,0.0,0.0
2018-01-03 00:00:00-05:00,71.60665343354012,71.62572499261003,70.28095814664657,71.20608520507812,1653000,0.0,0.0
2018-01-04 00:00:00-05:00,71.3300717247842,71.6066566405697,69.45120654694607,70.43355560302734,1343900,0.0,0.0
2018-01-05 00:00:00-05:00,70.82459935714252,70.82459935714252,70.06160590177882,70.32865142822266,1087600,0.0,0.0
2018-01-08 00:00:00-05:00,70.32865931689611,70.32865931689611,68.86944090054591,69.38446044921875,1339900,0.0,0.0
2018-01-09 00:00:00-05:00,68.7645146582084,69.17462232691948,67.90614892411031,67.99198913574219,2398000,0.0,0.0
2018-01-10 00:00:00-05:00,67.11455467613149,69.0697134723517,66.761668949308,68.71683502197266,1797700,0.0,0.0
2018-01-11 00:00:00-05:00,69.36537429046153,71.96907519396292,69.24138368218917,71.3491439819336,2401800,0.0,0.0
2018-01-12 00:00:00-05:00,71.53036352842079,71.66388629155826,69.68964854923163,70.11882781982422,2946900,0.0,0.0
2018-01-16 00:00:00-05:00,70.29049690896264,70.61477165524623,67.8680084744911,67.98245239257812,2360500,0.0,0.0
2018-01-17 00:00:00-05:00,68.35441533699016,69.17463077457764,67.46743851617788,67.54373931884766,2275400,0.0,0.0
2018-01-18 00:00:00-05:00,67.70586897346567,67.82032017055023,66.53277512823844,66.56138610839844,1979900,0.0,0.0
2018-01-19 00:00:00-05:00,67.04779515444734,67.06686671589672,65.18800138779044,65.6934814453125,3372500,0.0,0.0
2018-01-22 00:00:00-05:00,65.5694983831917,65.97006666333138,63.95767856720075,65.37875366210938,3007400,0.0,0.0
2018-01-23 00:00:00-05:00,65.38827473968934,66.76165978370167,65.27383083698395,66.25617980957031,2557600,0.0,0.0
2018-01-24 00:00:00-05:00,63.13746220343025,63.49034793612527,61.5256496885323,61.697322845458984,6209000,0.0,0.0
2018-01-25 00:00:00-05:00,59.42742705283938,60.590985153499986,56.50898692469024,59.19852828979492,10476000,0.0,0.0
2018-01-26 00:00:00-05:00,59.37019904633752,61.60194279490406,58.66443122392471,61.55426025390625,3973900,0.0,0.0
2018-01-29 00:00:00-05:00,61.2872172223224,62.879958229769805,61.1823054408551,62.45077896118164,3702700,0.0,0.0
2018-01-30 00:00:00-05:00,61.26813468135207,62.021588667972125,60.81988023974827,61.229984283447266,2677600,0.0,0.0
2018-01-31 00:00:00-05:00,61.40166045492029,63.92906804794249,61.40166045492029,62.689212799072266,3643100,0.0,0.0
2018-02-01 00:00:00-05:00,62.5080002133403,62.80365671605668,61.07739296570145,61.115543365478516,2492800,0.0,0.0
2018-02-02 00:00:00-05:00,62.18372173255663,62.8322639370704,61.05831047403109,61.57332992553711,5700900,0.0,0.0
2018-02-05 00:00:00-05:00,60.90572161612106,62.07881551926094,59.808921238359375,59.8375358581543,5581600,0.0,0.0
2018-02-06 00:00:00-05:00,59.36066010245844,60.705430658846545,58.254324067686824,60.26670837402344,4789400,0.0,0.0
2018-02-07 00:00:00-05:00,60.21902006642457,61.95482303131143,60.12364771644166,61.25859832763672,2025500,0.0,0.0
2018-02-08 00:00:00-05:00,61.277672891143766,62.21233943026283,60.86756521731259,61.077388763427734,4271900,0.0,0.0
2018-02-09 00:00:00-05:00,61.67823563426743,62.21233387022099,60.69588664383577,61.72592544555664,5140000,0.0,0.0
2018-02-12 00:00:00-05:00,62.09788731964853,63.70016759410448,61.94528573329838,62.95625305175781,3346500,0.0,0.0
2018-02-13 00:00:00-05:00,62.422162151699254,64.07213243595903,62.23141742266755,63.79554748535156,2906800,0.0,0.0
2018-02-14 00:00:00-05:00,63.51895298399359,64.37731868846187,62.679666115426784,63.67155456542969,2385900,0.0,0.0
2018-02-15 00:00:00-05:00,63.595260886139044,64.15796290860902,61.77361750537412,63.10885238647461,3555100,0.0,0.0
2018-02-16 00:00:00-05:00,63.08968507390262,63.57844995208497,62.12172646952219,62.26548385620117,1860500,0.32,0.0
2018-02-20 00:00:00-05:00,62.23672937214773,62.29422939796861,61.32627451899703,61.70962142944336,1540800,0.0,0.0
2018-02-21 00:00:00-05:00,61.81505341165659,63.837220860145116,61.68088178764547,61.99714660644531,2239100,0.0,0.0
2018-02-22 00:00:00-05:00,62.428405932082974,62.9650923802935,61.36461149951964,61.498783111572266,1246400,0.0,0.0
2018-02-23 00:00:00-05:00,61.76713022828307,62.45715988335671,61.27836165987422,62.27507400512695,1366000,0.0,0.0
2018-02-26 00:00:00-05:00,62.735078956727556,63.54969432692137,61.75754197485573,63.396358489990234,1631300,0.0,0.0
2018-02-27 00:00:00-05:00,63.48260632384219,63.865956870569725,62.102554592147996,62.188804626464844,1512900,0.0,0.0
2018-02-28 00:00:00-05:00,62.32298849943787,62.73508913879321,61.575458807538645,61.8150520324707,1130300,0.0,0.0
2018-03-01 00:00:00-05:00,61.613794073035315,63.31969665004654,61.19210766099033,61.95880889892578,2447800,0.0,0.0
2018-03-02 00:00:00-05:00,61.335862661752216,61.680877474168945,59.8216317974571,60.74167251586914,2071200,0.0,0.0
2018-03-05 00:00:00-05:00,60.42540745552458,61.48920555976921,59.91747101496202,60.9716796875,2347000,0.0,0.0
2018-03-06 00:00:00-05:00,61.0962631838423,61.76712118819823,60.58832679314367,61.62337112426758,1378900,0.0,0.0
2018-03-07 00:00:00-05:00,61.22086129749073,61.728801415707494,60.88542859211702,61.33586502075195,1290500,0.0,0.0
2018-03-08 00:00:00-05:00,61.55629351434725,62.74467384238784,61.364614550595654,62.10256576538086,1482800,0.0,0.0
2018-03-09 00:00:00-05:00,62.390073243301,62.58175220705261,61.1633571225101,62.10256576538086,3008400,0.0,0.0
2018-03-12 00:00:00-04:00,62.284651664816174,63.29094611743052,61.70962939695291,63.04176712036133,3380100,0.0,0.0
2018-03-13 00:00:00-04:00,63.12801367939948,65.9839602895186,63.12801367939948,65.92646026611328,3274200,0.0,0.0
2018-03-14 00:00:00-04:00,65.68688087669166,66.28107471990664,62.77342631970405,62.93634796142578,2518000,0.0,0.0
2018-03-15 00:00:00-04:00,63.14718382349864,63.578448662986965,62.77341901279428,63.175933837890625,1124800,0.0,0.0
2018-03-16 00:00:00-04:00,63.40595355164462,64.42182646949249,63.36761775884595,63.74138259887695,1495600,0.0,0.0
2018-03-19 00:00:00-04:00,63.549694383579414,63.79887334459391,61.958799428957136,62.39006423950195,1272900,0.0,0.0
2018-03-20 00:00:00-04:00,62.66799762655431,62.70633341647213,61.90129645180661,62.47632598876953,1003400,0.0,0.0
2018-03-21 00:00:00-04:00,61.32628127468596,61.87254985967087,60.3295726171048,61.5371208190918,2270400,0.0,0.0
2018-03-22 00:00:00-04:00,61.06752366306129,61.71921754146189,60.11873286318606,60.204986572265625,1692500,0.0,0.0
2018-03-23 00:00:00-04:00,60.061223234565254,60.66499913843681,59.23702567538296,59.30411148071289,1422900,0.0,0.0
2018-03-26 00:00:00-04:00,59.62996004713299,59.89830327592038,58.83450882479566,59.57245635986328,1449300,0.0,0.0
2018-03-27 00:00:00-04:00,59.83121659461059,59.98455610252062,58.65241844207058,58.93034744262695,2192300,0.0,0.0
2018-03-28 00:00:00-04:00,58.93033968296832,59.45744394350864,58.700328623438885,59.00700759887695,1788500,0.0,0.0
2018-03-29 00:00:00-04:00,59.083682235239635,59.75454024386787,58.93992485858961,59.380775451660156,2232200,0.0,0.0
2018-04-02 00:00:00-04:00,59.10285501877447,59.10285501877447,55.20227760622667,55.34603500366211,3570500,0.0,0.0
2018-04-03 00:00:00-04:00,56.02647896491348,57.73238521622562,55.202277684375446,57.60779571533203,4137900,0.0,0.0
2018-04-04 00:00:00-04:00,57.06151845642848,58.75783878285678,56.55357837691692,58.67158508300781,2019000,0.0,0.0
2018-04-05 00:00:00-04:00,58.949510250191814,59.74496144158467,58.66199913683255,59.5245361328125,1448600,0.0,0.0
2018-04-06 00:00:00-04:00,59.160351478254015,59.438280462845604,57.79946388071235,58.24031448364258,2201100,0.0,0.0
2018-04-09 00:00:00-04:00,58.451158357954476,58.76741947913966,57.21485657536219,57.32027816772461,1561200,0.0,0.0
2018-04-10 00:00:00-04:00,57.866552143338,58.02947376860343,56.22773183562639,57.358612060546875,1813900,0.0,0.0
2018-04-11 00:00:00-04:00,56.99443418452325,57.713213817295674,56.57274779351931,56.60150146484375,1551300,0.0,0.0
2018-04-12 00:00:00-04:00,57.0902657995911,58.211563845157606,56.841090487188545,57.76112747192383,1515800,0.0,0.0
2018-04-13 00:00:00-04:00,58.479908396834745,62.390067499848854,58.393654699038,61.287940979003906,4581000,0.0,0.0
2018-04-16 00:00:00-04:00,61.9108830197593,62.94592742537702,61.623375559401744,62.49549102783203,2808900,0.0,0.0
2018-04-17 00:00:00-04:00,62.936342719678414,63.415529140224415,61.96839141467475,62.28464889526367,1580100,0.0,0.0
2018-04-18 00:00:00-04:00,62.9075854940998,64.10555140815838,62.44757067771136,63.22385025024414,2212500,0.0,0.0
2018-04-19 00:00:00-04:00,63.19510944299804,63.262195251484684,61.92047176994708,62.79258728027344,1434300,0.0,0.0
2018-04-20 00:00:00-04:00,62.955510211389715,63.386775037348954,62.30381642899981,62.66799545288086,1755100,0.0,0.0
2018-04-23 00:00:00-04:00,64.53683010285562,67.32569886070212,64.10556520569422,66.233154296875,6424600,0.0,0.0
2018-04-24 00:00:00-04:00,65.56228705073845,65.74437291152553,61.77671008673387,62.54341125488281,3480400,0.0,0.0
2018-04-25 00:00:00-04:00,62.543422096099654,63.83722414378869,61.65213494114845,63.626380920410156,2328000,0.0,0.0
2018-04-26 00:00:00-04:00,63.05134720619014,63.683869450213855,62.06422439494738,63.156768798828125,2188000,0.0,0.0
2018-04-27 00:00:00-04:00,63.14718083552606,64.26847521458218,63.08968080946285,63.271766662597656,1628500,0.0,0.0
2018-04-30 00:00:00-04:00,63.41552637246379,63.70304113696466,61.815045552525966,62.22714614868164,1330000,0.0,0.0
2018-05-01 00:00:00-04:00,62.35173693709953,62.90759495969457,61.71921464144,62.71592330932617,1119600,0.0,0.0
2018-05-02 00:00:00-04:00,62.30382170148756,62.97467977904115,60.693755003554266,60.75125503540039,3762100,0.0,0.0
2018-05-03 00:00:00-04:00,60.61708036510025,61.16335257552306,59.524535944254644,60.30081558227539,2706000,0.0,0.0
2018-05-04 00:00:00-04:00,59.87913109077946,60.29123168026954,59.37119468527393,60.18581008911133,2741500,0.0,0.0
2018-05-07 00:00:00-04:00,60.17622739196882,60.18580951111753,58.6332466399847,59.083683013916016,2064000,0.0,0.0
2018-05-08 00:00:00-04:00,59.01660006498965,59.71621178552814,58.47990996916874,59.064517974853516,2308900,0.0,0.0
2018-05-09 00:00:00-04:00,58.978259263117906,59.2178524479802,57.78029333880645,57.876129150390625,3331100,0.0,0.0
2018-05-10 00:00:00-04:00,58.12531238443225,58.25948399287768,57.36819698717342,58.039058685302734,2548900,0.0,0.0
2018-05-11 00:00:00-04:00,58.07739311889082,58.37449001785703,57.55987455952381,58.01030731201172,1456200,0.0,0.0
2018-05-14 00:00:00-04:00,57.89530396645229,58.182815091484485,56.97526690398834,57.550289154052734,2433300,0.0,0.0
2018-05-15 00:00:00-04:00,57.4065315682763,57.65570688501391,56.26606560869865,56.30440139770508,2713500,0.0,0.0
2018-05-16 00:00:00-04:00,56.25648840183332,57.31069710025121,55.42270502559727,56.639835357666016,2762000,0.0,0.0
2018-05-17 00:00:00-04:00,56.697338465700994,57.2915286174946,56.03606250592596,56.160648345947266,1457400,0.0,0.0
2018-05-18 00:00:00-04:00,56.02647752717621,56.25648862631556,55.59520900122894,55.78688430786133,1253900,0.0,0.0
2018-05-21 00:00:00-04:00,56.162708193677645,56.71200001250778,55.439955413521076,55.835060119628906,2016700,0.32,0.0
2018-05-22 00:00:00-04:00,56.00851985559911,56.422898401245284,55.90251552865093,56.066341400146484,1647000,0.0,0.0
2018-05-23 00:00:00-04:00,55.921795604227924,56.326539108910026,55.55560347631444,56.29762649536133,1547300,0.0,0.0
2018-05-24 00:00:00-04:00,56.374722587015974,57.9165938710882,56.16271390691438,57.694950103759766,2145200,0.0,0.0
2018-05-25 00:00:00-04:00,57.916594374303834,60.39322721367589,57.73349830651413,59.622291564941406,2630500,0.0,0.0
2018-05-29 00:00:00-04:00,59.034445702341614,59.410280237462594,57.98404484392573,58.36951446533203,1799700,0.0,0.0
2018-05-30 00:00:00-04:00,58.436975508579366,58.65861927097926,57.15529572146503,58.09005355834961,2424500,0.0,0.0
2018-05-31 00:00:00-04:00,58.157512159366306,59.1693691070705,57.9840511783948,58.60080337524414,1871600,0.0,0.0
2018-06-01 00:00:00-04:00,58.78389627383183,59.342826888181854,58.263513358977185,58.648983001708984,1618800,0.0,0.0
2018-06-04 00:00:00-04:00,59.59337815836906,60.190852781823565,59.06336016936374,59.57410430908203,5296000,0.0,0.0
2018-06-05 00:00:00-04:00,59.27536646123248,59.641562253507516,58.61043518872415,59.01517868041992,2814100,0.0,0.0
2018-06-06 00:00:00-04:00,58.53334019251932,59.90175036042843,58.20569211798871,59.757198333740234,1760800,0.0,0.0
2018-06-07 00:00:00-04:00,59.843935572138534,60.393227453802815,59.65120441627196,59.91139221191406,2570300,0.0,0.0
2018-06-08 00:00:00-04:00,59.81502589408554,60.277587279443644,59.31391680758647,60.065582275390625,1438700,0.0,0.0
2018-06-11 00:00:00-04:00,60.12339522601866,60.94251726566602,59.88247762778899,60.58595657348633,2155400,0.0,0.0
2018-06-12 00:00:00-04:00,60.46068238171205,60.913604968969516,59.68974312250367,60.017391204833984,2327300,0.0,0.0
2018-06-13 00:00:00-04:00,59.99812471508679,59.99812471508679,58.986271408400846,59.40065002441406,2543400,0.0,0.0
2018-06-14 00:00:00-04:00,59.70902151275286,60.99070500397077,59.48737774551218,60.22940444946289,2403200,0.0,0.0
2018-06-15 00:00:00-04:00,59.80538601661268,61.34725717764016,59.50664687086512,60.74978256225586,2856500,0.0,0.0
2018-06-18 00:00:00-04:00,60.24867589766786,60.585959078691594,59.29464055174063,60.489593505859375,1433500,0.0,0.0
2018-06-19 00:00:00-04:00,59.97884910141298,60.65341546063263,59.94030140199731,60.20049285888672,1714200,0.0,0.0
2018-06-20 00:00:00-04:00,60.325768155282496,61.24125580974496,60.325768155282496,60.90397262573242,1359800,0.0,0.0
2018-06-21 00:00:00-04:00,61.00034220038757,62.39766516715222,60.923250471604455,61.72309875488281,1707900,0.0,0.0
2018-06-22 00:00:00-04:00,61.241252550793,62.50366208512412,60.45104312506231,60.62450408935547,1637000,0.0,0.0
2018-06-25 00:00:00-04:00,60.31612760785311,60.614866741012506,59.14044859954073,59.49700927734375,970500,0.0,0.0
2018-06-26 00:00:00-04:00,59.68974352350289,59.69938228616871,58.398425034597786,58.427337646484375,1112300,0.0,0.0
2018-06-27 00:00:00-04:00,58.427342852703426,58.48516072940681,57.50221638822629,57.829864501953125,1873300,0.0,0.0
2018-06-28 00:00:00-04:00,57.858775497591154,58.3309719659761,57.36730150269621,58.138240814208984,1418500,0.0,0.0
2018-06-29 00:00:00-04:00,58.1960563659668,59.140452941145156,58.17678251633733,58.1960563659668,1126700,0.0,0.0
2018-07-02 00:00:00-04:00,57.9840463344469,59.05372106904092,57.27093229545812,58.95735549926758,1284100,0.0,0.0
2018-07-03 00:00:00-04:00,59.02481416726771,60.027032302333666,58.533343862710716,59.4295539855957,1669100,0.0,0.0
2018-07-05 00:00:00-04:00,59.66083686101983,60.084850531700766,59.554832524321846,59.88248062133789,1841400,0.0,0.0
2018-07-06 00:00:00-04:00,59.73793500127285,60.161948691405094,59.29464378419009,60.075218200683594,832600,0.0,0.0
2018-07-09 00:00:00-04:00,60.21013190644715,61.53999821488219,60.09449247670404,61.183441162109375,1499400,0.0,0.0
2018-07-10 00:00:00-04:00,61.164162847946265,61.164162847946265,59.76684000111535,60.60523223876953,1392600,0.0,0.0
2018-07-11 00:00:00-04:00,59.33318884106492,59.57410645165105,57.69494835385698,58.00332260131836,2632600,0.0,0.0
2018-07-12 00:00:00-04:00,58.62007406514294,59.12117945413895,57.67567380806111,58.648983001708984,1443300,0.0,0.0
2018-07-13 00:00:00-04:00,58.610433175492226,59.33318597230554,58.51406760636145,59.198272705078125,1057500,0.0,0.0
2018-07-16 00:00:00-04:00,59.256096253288966,59.81502319012181,58.95735709711787,59.17900085449219,1240300,0.0,0.0
2018-07-17 00:00:00-04:00,59.17900157506301,60.2390375886492,59.12118002526139,59.554832458496094,1239400,0.0,0.0
2018-07-18 00:00:00-04:00,60.25830677687502,62.156738573218675,60.25830677687502,60.89432907104492,2548100,0.0,0.0
2018-07-19 00:00:00-04:00,60.99070277638729,61.63636020397064,60.65341591812247,61.472537994384766,1335000,0.0,0.0
2018-07-20 00:00:00-04:00,61.106340194287604,61.15452297928411,58.37915486148787,58.427337646484375,3030100,0.0,0.0
2018-07-23 00:00:00-04:00,58.30206119483458,59.36209720065991,58.07077867343236,59.30427932739258,1926800,0.0,0.0
2018-07-24 00:00:00-04:00,59.22718918423806,59.275371974940384,56.6927383674048,56.86619567871094,2931200,0.0,0.0
2018-07-25 00:00:00-04:00,57.05892813842162,57.46367165088928,56.09525766011241,56.962562561035156,3050800,0.0,0.0
2018-07-26 00:00:00-04:00,55.89288488297256,62.51330337711764,55.86397594645756,62.40729904174805,6391700,0.0,0.0
2018-07-27 00:00:00-04:00,61.90618561393076,63.370968767013714,60.7979668385351,61.337623596191406,2802800,0.0,0.0
2018-07-30 00:00:00-04:00,60.22939750104923,60.94251518495035,58.95735291991592,60.1137580871582,1707000,0.0,0.0
2018-07-31 00:00:00-04:00,60.181217091754704,61.20270536094809,60.10412169537967,60.54741287231445,1454200,0.0,0.0
2018-08-01 00:00:00-04:00,60.277593296313036,60.614880200797465,58.677900300394285,58.861000061035156,2044100,0.0,0.0
2018-08-02 00:00:00-04:00,58.35024919867077,59.62229398984592,57.858778851398625,59.36210250854492,1853500,0.0,0.0
2018-08-03 00:00:00-04:00,59.59338232267688,60.7883353291985,59.58374723541551,60.51850509643555,1378500,0.0,0.0
2018-08-06 00:00:00-04:00,60.30649078225999,61.106335241483286,59.834290704901,60.82686996459961,1170700,0.0,0.0
2018-08-07 00:00:00-04:00,61.21234899239663,62.118197915189754,60.952157523101434,61.53999710083008,1197200,0.0,0.0
2018-08-08 00:00:00-04:00,61.8483669436335,62.29165444807289,61.51108377201894,61.8194580078125,1095700,0.0,0.0
2018-08-09 00:00:00-04:00,61.90618693494402,62.13747313387473,61.39544277869384,61.433990478515625,739100,0.0,0.0
2018-08-10 00:00:00-04:00,61.25089724032251,61.25089724032251,60.29686184439192,60.932884216308594,973000,0.0,0.0
2018-08-13 00:00:00-04:00,60.71123820057233,60.73051205065822,59.082636467480754,59.641563415527344,1178700,0.0,0.0
2018-08-14 00:00:00-04:00,59.74756880680403,61.019613526021296,59.74756880680403,60.47032165527344,580800,0.0,0.0
2018-08-15 00:00:00-04:00,60.3932275663344,61.52072394603277,60.02703542861666,61.42435836791992,977300,0.0,0.0
2018-08-16 00:00:00-04:00,61.578543195439785,63.014410106617966,61.511086558061535,61.9736442565918,2064900,0.0,0.0
2018-08-17 00:00:00-04:00,62.166383852304605,63.062597680235136,62.03147057517288,62.638580322265625,1592400,0.0,0.0
2018-08-20 00:00:00-04:00,62.7547854354984,64.89503253159737,62.7547854354984,64.73039245605469,1489200,0.32,0.0
2018-08-21 00:00:00-04:00,64.84661363266044,65.55357668948334,64.47860981828192,64.48828887939453,1156200,0.0,0.0
2018-08-22 00:00:00-04:00,64.12997299220986,64.37208252033594,62.68700227338547,62.85163497924805,1042700,0.0,0.0
2018-08-23 00:00:00-04:00,62.929112606979004,63.258378022918635,62.55141494075922,62.65794372558594,865200,0.0,0.0
2018-08-24 00:00:00-04:00,62.6288865458436,62.919420914545185,61.9316136661345,62.78384017944336,1171100,0.0,0.0
2018-08-27 00:00:00-04:00,62.94847550921388,63.68449052243624,62.94847550921388,63.60701370239258,1429400,0.0,0.0
2018-08-28 00:00:00-04:00,63.781339464806294,65.5342102155696,63.69417618607272,64.79820251464844,2105400,0.0,0.0
2018-08-29 00:00:00-04:00,64.5173617706229,65.37927126072012,64.02345617214768,65.24369049072266,1039100,0.0,0.0
2018-08-30 00:00:00-04:00,65.30178955938854,65.94095494339147,64.82725689974725,65.06936645507812,1333300,0.0,0.0
2018-08-31 00:00:00-04:00,65.11777664121371,65.4373629917271,64.8078767406361,65.3598861694336,767200,0.0,0.0
2018-09-04 00:00:00-04:00,65.54389964554468,66.16369952112358,64.82725742476859,65.7279052734375,1567100,0.0,0.0
2018-09-05 00:00:00-04:00,65.95063264459853,66.86096681621775,65.3986232272243,66.22179412841797,2046500,0.0,0.0
2018-09-06 00:00:00-04:00,66.1443293046062,66.39611790649708,64.6626127129107,64.9240951538086,1019200,0.0,0.0
2018-09-07 00:00:00-04:00,64.70135177452156,65.57294760525673,64.34303438031706,64.7691421508789,1026000,0.0,0.0
2018-09-10 00:00:00-04:00,65.1177793189859,66.40580383534497,64.60450828022844,65.99906158447266,867700,0.0,0.0
2018-09-11 00:00:00-04:00,65.85379615744893,67.13213425790259,65.60200016215742,66.79318237304688,1498700,0.0,0.0
2018-09-12 00:00:00-04:00,66.96750457603494,67.12245084959314,65.44705686197138,65.62137603759766,1029300,0.0,0.0
2018-09-13 00:00:00-04:00,65.85379394568166,66.55107059316434,65.67947478381099,66.26053619384766,858100,0.0,0.0
2018-09-14 00:00:00-04:00,66.07653866239858,66.87065765510563,65.77631780966766,66.73507690429688,910700,0.0,0.0
2018-09-17 00:00:00-04:00,66.62854526091655,67.67445280968086,66.62854526091655,67.09339141845703,1265200,0.0,0.0
2018-09-18 00:00:00-04:00,66.95781464290955,67.49045859312267,65.99906292112286,67.05465698242188,1164200,0.0,0.0
2018-09-19 00:00:00-04:00,67.31613359461906,68.21678131239001,67.23865677428266,67.48076629638672,890100,0.0,0.0
2018-09-20 00:00:00-04:00,67.79067063417058,68.18773382298288,66.79318051987184,67.5485610961914,1008500,0.0,0.0
2018-09-21 00:00:00-04:00,67.67444912871284,68.5169929027472,67.54855484051757,67.8681411743164,1735400,0.0,0.0
2018-09-24 00:00:00-04:00,67.1611787937938,67.78097856858597,64.64324128512608,65.16619873046875,1436200,0.0,0.0
2018-09-25 00:00:00-04:00,65.29209265868614,65.72789422169217,63.98470274686025,64.06217956542969,2251300,0.0,0.0
2018-09-26 00:00:00-04:00,64.46892771432432,65.52452914586071,64.12997583762797,65.00157165527344,1326900,0.0,0.0
2018-09-27 00:00:00-04:00,66.18306444544397,67.79067543807355,66.05717013666829,66.80287170410156,2563000,0.0,0.0
2018-09-28 00:00:00-04:00,66.63822827315215,67.00623950733667,65.91189964391037,66.68665313720703,1397800,0.0,0.0
2018-10-01 00:00:00-04:00,66.54138939370465,66.9578181250009,65.28242413737914,65.62137603759766,1728900,0.0,0.0
2018-10-02 00:00:00-04:00,65.32114508417222,65.65041787114166,63.742593684695954,64.16870880126953,2153000,0.0,0.0
2018-10-03 00:00:00-04:00,64.58513641357422,64.75945555945334,63.86848693129557,64.58513641357422,2126500,0.0,0.0
2018-10-04 00:00:00-04:00,64.56576948237048,64.99188463136939,64.04281199639821,64.7110366821289,1243200,0.0,0.0
2018-10-05 00:00:00-04:00,64.48829051374545,64.76913845365047,63.820073238823184,63.99439239501953,1110100,0.0,0.0
2018-10-08 00:00:00-04:00,63.771656725275925,64.00407983442945,62.65795126982759,63.24869918823242,1933100,0.0,0.0
2018-10-09 00:00:00-04:00,62.53205289075494,62.96784711564503,60.39180540288262,60.633914947509766,3395100,0.0,0.0
2018-10-10 00:00:00-04:00,60.19811893728592,60.58549569869299,58.270925275448576,58.32903289794922,2617100,0.0,0.0
2018-10-11 00:00:00-04:00,58.822934760884706,59.617053747050136,57.74796782504414,57.92228698730469,2602200,0.0,0.0
2018-10-12 00:00:00-04:00,59.55894912369768,61.15687362668704,58.939149268620135,59.626739501953125,3094600,0.0,0.0
2018-10-15 00:00:00-04:00,59.75263518627865,60.4499081490689,59.316837275598246,59.90758514404297,1375400,0.0,0.0
2018-10-16 00:00:00-04:00,59.985060104240105,61.99940961657766,59.6364254593671,61.84446334838867,1369800,0.0,0.0
2018-10-17 00:00:00-04:00,62.79352646169683,63.90723181834056,61.892882375755974,62.45457458496094,1688500,0.0,0.0
2018-10-18 00:00:00-04:00,62.251202133118845,62.280254094992216,60.14000670335996,60.401485443115234,1712400,0.0,0.0
2018-10-19 00:00:00-04:00,60.391800833111894,60.92444105212771,59.91726453605892,60.6048583984375,1195900,0.0,0.0
2018-10-22 00:00:00-04:00,60.895392123717535,61.74761503886399,60.51770183495743,61.53456115722656,985300,0.0,0.0
2018-10-23 00:00:00-04:00,60.57580744370509,61.205293738669354,59.394315375768436,61.001922607421875,2098500,0.0,0.0
2018-10-24 00:00:00-04:00,61.13750476795033,61.534564283266526,58.93914960460994,59.18125915527344,2290600,0.0,0.0
2018-10-25 00:00:00-04:00,59.51052751551136,61.95099219767442,57.67049347675635,61.0697135925293,2672000,0.0,0.0
2018-10-26 00:00:00-04:00,59.92695144619469,60.81791273658455,58.31934432694055,59.52989196777344,1802800,0.0,0.0
2018-10-29 00:00:00-04:00,60.1109584929683,61.14718706650301,58.338718516420535,59.074729919433594,1086000,0.0,0.0
2018-10-30 00:00:00-04:00,59.07473060510905,61.408666535342235,58.958519054715715,61.24403381347656,1252200,0.0,0.0
2018-10-31 00:00:00-04:00,61.98004432551654,62.231840324396124,59.41368163744371,59.48147201538086,1821700,0.0,0.0
2018-11-01 00:00:00-04:00,59.772007870503764,61.9413074054207,59.772007870503764,61.67982864379883,1400100,0.0,0.0
2018-11-02 00:00:00-04:00,62.096253520784295,63.239010772283386,61.35055204750464,61.863826751708984,1686000,0.0,0.0
2018-11-05 00:00:00-05:00,61.83477292264194,62.32867843615037,61.28276348587247,61.88319778442383,1629800,0.0,0.0
2018-11-06 00:00:00-05:00,61.78635402964783,62.71605747332978,61.29245219225608,62.56110382080078,1154400,0.0,0.0
2018-11-07 00:00:00-05:00,62.78385266707475,64.79820597294845,62.78385266707475,64.1009292602539,1106200,0.0,0.0
2018-11-08 00:00:00-05:00,63.88786624046529,64.36239886740721,63.24869351190957,63.636070251464844,991100,0.0,0.0
2018-11-09 00:00:00-05:00,63.5101690960476,64.55608396337296,63.18089631695807,63.88785934448242,1046400,0.0,0.0
2018-11-12 00:00:00-05:00,63.92660355303517,64.63355925610408,62.9969038272617,63.68449401855469,982900,0.0,0.0
2018-11-13 00:00:00-05:00,64.18808693315175,65.83443641453083,64.18808693315175,65.44705963134766,1337400,0.0,0.0
2018-11-14 00:00:00-05:00,65.81505850084409,66.28959114510141,64.79820283457839,65.08872985839844,1030200,0.0,0.0
2018-11-15 00:00:00-05:00,64.96282372306851,65.7375697007615,64.17838390783741,65.57293701171875,933900,0.0,0.0
2018-11-16 00:00:00-05:00,65.09841444760471,66.07653906026906,64.60450891605781,65.84410858154297,902800,0.0,0.0
2018-11-19 00:00:00-05:00,65.9219476981789,66.79766509326777,65.2019166948995,65.48409271240234,1033600,0.32,0.0
2018-11-20 00:00:00-05:00,64.94893550474731,66.29169734158585,64.52080531465255,65.2116470336914,1415200,0.0,0.0
2018-11-21 00:00:00-05:00,65.65924116641068,68.11124263491152,65.54247636370633,66.67117309570312,1182200,0.0,0.0
2018-11-23 00:00:00-05:00,66.91443217606512,67.83880355864876,66.6322635411419,67.53717041015625,900200,0.0,0.0
2018-11-26 00:00:00-05:00,67.97502021604296,68.45179683219742,66.60306163317433,67.04092407226562,1786100,0.0,0.0
2018-11-27 00:00:00-05:00,67.32310561746912,69.72646083049278,66.9728186069494,68.84101104736328,3108900,0.0,0.0
2018-11-28 00:00:00-05:00,70.41729563173803,72.7428074072436,69.74591102403991,72.72334289550781,3739100,0.0,0.0
2018-11-29 00:00:00-05:00,72.48982149476716,72.81091913001683,70.91353008643476,70.97191619873047,2557000,0.0,0.0
2018-11-30 00:00:00-05:00,71.39031960163683,71.79898530138706,70.25188311870865,71.28328704833984,3025500,0.0,0.0
2018-12-03 00:00:00-05:00,71.88654253556747,72.55792710104946,70.68000270757963,70.87460327148438,2803500,0.0,0.0
2018-12-04 00:00:00-05:00,69.81403385912932,70.55352953678513,67.30364591223221,68.14044189453125,4564200,0.0,0.0
2018-12-06 00:00:00-05:00,67.61500094532873,68.14043141786146,66.96308083856145,67.73176574707031,2716000,0.0,0.0
2018-12-07 00:00:00-05:00,66.95334857566378,67.35228941392107,62.69153353027262,63.187774658203125,2372500,0.0,0.0
2018-12-10 00:00:00-05:00,63.187770966907614,63.84942329098387,61.17362094006776,61.76716232299805,2470800,0.0,0.0
2018-12-11 00:00:00-05:00,62.46773681482869,62.62342321870991,60.550894364143204,60.74549865722656,2137900,0.0,0.0
2018-12-12 00:00:00-05:00,61.33903610702421,61.57255827418113,59.986542110955966,60.3465576171875,2916100,0.0,0.0
2018-12-13 00:00:00-05:00,60.40494459943637,60.81361027886158,59.5486879274149,59.68490982055664,3666500,0.0,0.0
2018-12-14 00:00:00-05:00,58.98433322713896,61.85473624738733,58.867572139875584,60.61900329589844,2354100,0.0,0.0
2018-12-17 00:00:00-05:00,60.41467060817504,60.852529326158646,59.27623794141764,59.63625717163086,1449800,0.0,0.0
2018-12-18 00:00:00-05:00,60.638461711602005,61.48498605657261,60.404939546256685,60.96928787231445,1742800,0.0,0.0
2018-12-19 00:00:00-05:00,61.05686286682715,61.78662616802429,59.772479753661635,60.35628890991211,1364900,0.0,0.0
2018-12-20 00:00:00-05:00,59.840591232809814,60.31737156036302,57.76806239959791,59.04271697998047,2026400,0.0,0.0
2018-12-21 00:00:00-05:00,59.120552023779034,59.91842992838005,57.55399669222853,57.738868713378906,2229400,0.0,0.0
2018-12-24 00:00:00-05:00,57.203713949941154,57.408046784961584,55.87067697076646,56.026363372802734,857800,0.0,0.0
2018-12-26 00:00:00-05:00,56.41556854940162,59.15947830015549,56.104203167171974,59.149749755859375,1474200,0.0,0.0
2018-12-27 00:00:00-05:00,58.46863788708007,59.10110092163086,56.94100028670722,59.10110092163086,1084600,0.0,0.0
2018-12-28 00:00:00-05:00,59.26651026889105,59.95735197199753,57.93347700722099,58.682701110839844,1351500,0.0,0.0
2018-12-31 00:00:00-05:00,58.90649674932311,59.64598862213219,58.410255607504716,59.2081298828125,1564100,0.0,0.0
2019-01-02 00:00:00-05:00,58.31295188792504,60.23952651593433,57.70968194463357,59.860050201416016,1296400,0.0,0.0
2019-01-03 00:00:00-05:00,58.672963279445355,58.672963279445355,55.734449544715936,56.55178451538086,2421400,0.0,0.0
2019-01-04 00:00:00-05:00,57.35939746705456,59.013528394853346,57.086949971331826,58.381065368652344,2309900,0.0,0.0
2019-01-07 00:00:00-05:00,58.67296911309841,59.20812812896201,57.962666606694995,58.497825622558594,1552300,0.0,0.0
2019-01-08 00:00:00-05:00,59.383270982103156,59.64598621509298,58.614589794949296,59.013526916503906,1128000,0.0,0.0
2019-01-09 00:00:00-05:00,58.95514841246447,60.93037335072447,58.78973345701272,60.50224685668945,1345900,0.0,0.0
2019-01-10 00:00:00-05:00,59.74328803284547,61.77689516642383,57.865363582192195,61.68932342529297,1694100,0.0,0.0
2019-01-11 00:00:00-05:00,61.30011931783173,62.633156331025944,61.00821473010046,62.409358978271484,1370200,0.0,0.0
2019-01-14 00:00:00-05:00,61.67959234425667,63.22669437095134,60.94982905819255,62.62342071533203,1986000,0.0,0.0
2019-01-15 00:00:00-05:00,63.06127620799323,64.02456909803549,62.15637314106273,62.54557800292969,1308200,0.0,0.0
2019-01-16 00:00:00-05:00,63.67427993007664,64.06348106676475,63.10992788892871,63.14884948730469,1261400,0.0,0.0
2019-01-17 00:00:00-05:00,63.100202606339465,63.5769792479437,62.39962860522659,62.68180465698242,1404900,0.0,0.0
2019-01-18 00:00:00-05:00,63.090467433593645,63.216964492331094,62.44827957794807,63.10993194580078,1569800,0.0,0.0
2019-01-22 00:00:00-05:00,63.041821301840706,63.38237603173223,61.87419925229121,62.234214782714844,1094000,0.0,0.0
2019-01-23 00:00:00-05:00,62.584500581259235,62.9542446490492,61.475260954353125,61.99095916748047,1121100,0.0,0.0
2019-01-24 00:00:00-05:00,63.94672537760941,64.80297829380142,63.61589549447739,64.0051040649414,1984600,0.0,0.0
2019-01-25 00:00:00-05:00,62.50665413191203,63.178038711447954,60.83306623433788,61.76716232299805,3485700,0.0,0.0
2019-01-28 00:00:00-05:00,61.30984620692183,63.53806143566615,61.30984620692183,62.78883361816406,1627400,0.0,0.0
2019-01-29 00:00:00-05:00,62.7596411809112,63.23641777175754,62.04933871063242,62.81801986694336,1480900,0.0,0.0
2019-01-30 00:00:00-05:00,63.0710079535651,63.664549353261144,62.13691183851954,62.91532897949219,1601700,0.0,0.0
2019-01-31 00:00:00-05:00,62.74990638716865,62.963971458675495,61.49471643526632,62.22447967529297,1650100,0.0,0.0
2019-02-01 00:00:00-05:00,62.43854497399759,63.44075203242655,61.8450072858839,62.62342071533203,1105200,0.0,0.0
2019-02-04 00:00:00-05:00,62.89586758040946,63.06127881840227,61.73797777915517,62.74018859863281,1036600,0.0,0.0
2019-02-05 00:00:00-05:00,62.85694217785719,63.46994808228577,62.623420007546095,62.9931640625,975800,0.0,0.0
2019-02-06 00:00:00-05:00,62.613691056929845,63.07101058959961,62.12718217937245,63.07101058959961,909100,0.0,0.0
2019-02-07 00:00:00-05:00,62.91533180444198,63.52833031959526,62.6818021975429,63.46995162963867,958400,0.0,0.0
2019-02-08 00:00:00-05:00,62.9542455351855,63.51859761254778,62.37043636915458,63.50886535644531,723900,0.0,0.0
2019-02-11 00:00:00-05:00,63.674274516366886,64.66674920819679,63.6353529213001,64.51107025146484,1050300,0.0,0.0
2019-02-12 00:00:00-05:00,64.80297325832566,65.81491249348556,64.51107242081166,64.89054870605469,1588100,0.0,0.0
2019-02-13 00:00:00-05:00,65.1435382616883,65.64951167114923,64.76406191636093,64.90028381347656,868600,0.0,0.0
2019-02-14 00:00:00-05:00,64.61810947928133,65.26029730560413,63.9078032868802,64.77378845214844,741500,0.0,0.0
2019-02-15 00:00:00-05:00,65.45849973464097,65.65413631489173,64.64662471783834,64.8716049194336,837800,0.35,0.0
2019-02-19 00:00:00-05:00,64.42165131160395,64.72487867938561,63.120696051811066,63.15003967285156,2073300,0.0,0.0
2019-02-20 00:00:00-05:00,62.35773359404647,62.99353942912852,61.85887336710407,61.956687927246094,2483400,0.0,0.0
2019-02-21 00:00:00-05:00,62.05450233704024,62.64140089062931,61.14481275065551,61.4871711730957,1524900,0.0,0.0
2019-02-22 00:00:00-05:00,61.4871691172604,61.712145582628885,60.75354874834251,61.03721618652344,1617800,0.0,0.0
2019-02-25 00:00:00-05:00,61.428481102694036,61.99581600637737,61.19372466291126,61.379573822021484,1123200,0.0,0.0
2019-02-26 00:00:00-05:00,61.369792938348255,62.17188426978892,61.281758341903,61.56542205810547,969600,0.0,0.0
2019-02-27 00:00:00-05:00,61.23284702709614,61.32088162310508,59.873204502036245,60.62638854980469,1523300,0.0,0.0
2019-02-28 00:00:00-05:00,60.626388481326956,60.77311405163822,59.63844799957472,60.35250473022461,1158500,0.0,0.0
2019-03-01 00:00:00-05:00,60.50901110588723,60.66551664175009,58.953735710768605,59.97102355957031,1952600,0.0,0.0
2019-03-04 00:00:00-05:00,59.90254707453369,60.000361626121574,57.9266625350936,58.20054626464844,1856200,0.0,0.0
2019-03-05 00:00:00-05:00,58.454873459532315,58.46465715471469,56.36161045687422,56.51811599731445,3691900,0.0,0.0
2019-03-06 00:00:00-05:00,56.63549445145578,56.65505437783901,54.61070251464844,54.61070251464844,4119000,0.0,0.0
2019-03-07 00:00:00-05:00,54.503104282162,55.02152815338587,53.99446037413324,54.72808074951172,4077000,0.0,0.0
2019-03-08 00:00:00-05:00,54.17053225408085,54.69873611474252,53.7499229194559,54.40528869628906,2833800,0.0,0.0
2019-03-11 00:00:00-04:00,54.141181012012595,54.7574231584787,53.40756065287212,54.209651947021484,2414300,0.0,0.0
2019-03-12 00:00:00-04:00,54.229214154231286,54.229214154231286,52.5272170561144,52.90869903564453,4293900,0.0,0.0
2019-03-13 00:00:00-04:00,53.388001894279384,54.95305720211227,53.24127632668859,54.806331634521484,3544400,0.0,0.0
2019-03-14 00:00:00-04:00,54.93349534319418,55.48126658456611,54.05314937159399,54.27812957763672,2204300,0.0,0.0
2019-03-15 00:00:00-04:00,54.36616323882788,54.83567983846934,54.248781290377835,54.54222869873047,2798600,0.0,0.0
2019-03-18 00:00:00-04:00,54.512886113283116,54.87480446608311,54.01402588274184,54.59114074707031,1351500,0.0,0.0
2019-03-19 00:00:00-04:00,54.767208118840834,55.65733402591863,54.69873345086299,54.884586334228516,1478400,0.0,0.0
2019-03-20 00:00:00-04:00,54.77699157580179,54.962840739634856,53.68145278907395,53.98468017578125,1649300,0.0,0.0
2019-03-21 00:00:00-04:00,53.81839378601463,54.35638134101029,53.81839378601463,54.0140266418457,1544700,0.0,0.0
2019-03-22 00:00:00-04:00,53.877079588106795,54.17052697797906,53.05542465763286,53.06520462036133,1550500,0.0,0.0
2019-03-25 00:00:00-04:00,52.908701685340134,53.20214908956808,52.22398858788413,52.42940139770508,1435100,0.0,0.0
2019-03-26 00:00:00-04:00,52.75219915696045,53.29997041238141,52.360933441461704,52.732635498046875,1323900,0.0,0.0
2019-03-27 00:00:00-04:00,52.81088674658644,54.09227460645739,52.625033864520645,53.78904724121094,1873300,0.0,0.0
2019-03-28 00:00:00-04:00,53.96511459350586,54.17053114044808,53.53472530404778,53.96511459350586,1118000,0.0,0.0
2019-03-29 00:00:00-04:00,54.25856512023451,55.02152913012869,54.072712233752206,54.89436721801758,1521600,0.0,0.0
2019-04-01 00:00:00-04:00,55.07043682718661,56.625712211642906,54.884587670681796,56.06816101074219,1950700,0.0,0.0
2019-04-02 00:00:00-04:00,56.91915798047994,57.241952735574294,55.87252654713925,56.8702507019043,1563400,0.0,0.0
2019-04-03 00:00:00-04:00,57.35933569451159,57.77016507757547,56.45942975385455,56.52790069580078,1923000,0.0,0.0
2019-04-04 00:00:00-04:00,56.674617747103504,57.1147907162092,55.88231013409941,56.5572395324707,1055800,0.0,0.0
2019-04-05 00:00:00-04:00,56.72353282112751,57.56474777288488,56.72353282112751,57.26152038574219,1010800,0.0,0.0
2019-04-08 00:00:00-04:00,56.919160956270716,57.34955398556457,56.5572425982261,57.05610656738281,988700,0.0,0.0
2019-04-09 00:00:00-04:00,56.74308678760792,57.036537911465686,56.28335390757711,56.57680130004883,1026700,0.0,0.0
2019-04-10 00:00:00-04:00,57.37889482546813,57.75059686054598,56.45942529805048,57.496273040771484,1838400,0.0,0.0
2019-04-11 00:00:00-04:00,57.633216189466665,59.247182544001454,57.57452894620914,58.40596389770508,2174200,0.0,0.0
2019-04-12 00:00:00-04:00,59.071113702266516,59.75582681829873,58.46465521955743,59.30587387084961,1988600,0.0,0.0
2019-04-15 00:00:00-04:00,59.49171801550984,59.49171801550984,58.51355756970219,58.74831771850586,1065800,0.0,0.0
2019-04-16 00:00:00-04:00,58.98307733332273,59.77538868067609,58.87547908142937,59.63844680786133,1040700,0.0,0.0
2019-04-17 00:00:00-04:00,60.51879396955543,60.743770454927876,59.73626625274117,60.03949737548828,1156800,0.0,0.0
2019-04-18 00:00:00-04:00,59.951456157118095,60.40140907820037,59.374341330030454,60.32315444946289,976600,0.0,0.0
2019-04-22 00:00:00-04:00,59.82429276939478,59.86342008279442,58.73853407656364,58.98307418823242,2194100,0.0,0.0
2019-04-23 00:00:00-04:00,58.95373364436615,59.89276682662899,58.86569905031738,59.5601921081543,1118900,0.0,0.0
2019-04-24 00:00:00-04:00,59.65801323083534,60.20578074748416,58.96351640861988,59.47216033935547,985600,0.0,0.0
2019-04-25 00:00:00-04:00,59.46238080573874,59.912333763778875,56.97785211004277,57.87775802612305,1959900,0.0,0.0
2019-04-26 00:00:00-04:00,57.809281027819026,59.65800741029672,57.418019087155706,59.296085357666016,2519200,0.0,0.0
2019-04-29 00:00:00-04:00,58.983078122682045,59.64822756930061,58.836356284725326,59.217838287353516,1373200,0.0,0.0
2019-04-30 00:00:00-04:00,60.068837368309715,61.01765426650636,59.84386089653463,60.54813766479492,1500400,0.0,0.0
2019-05-01 00:00:00-04:00,60.645949383938984,61.0959023064162,60.37206564528088,60.714420318603516,1126300,0.0,0.0
2019-05-02 00:00:00-04:00,60.79267791327682,61.81974571473502,60.626388684274986,60.9785270690918,1166300,0.0,0.0
2019-05-03 00:00:00-04:00,60.98830896958857,61.878434923309065,60.98830896958857,61.11547088623047,702500,0.0,0.0
2019-05-06 00:00:00-04:00,60.029714791848996,60.92962448139122,59.81452199785634,60.83180618286133,716400,0.0,0.0
2019-05-07 00:00:00-04:00,60.36228736082591,60.36228736082591,58.93417383642211,59.755828857421875,944800,0.0,0.0
2019-05-08 00:00:00-04:00,59.51128856470032,59.931897903622826,58.99286466242271,59.36456298828125,762200,0.0,0.0
2019-05-09 00:00:00-04:00,58.89503959877622,59.080892471731524,58.16141926376988,58.98307418823242,1097500,0.0,0.0
2019-05-10 00:00:00-04:00,58.89504470308057,60.078618050602536,58.004918768716394,59.9318962097168,862200,0.0,0.0
2019-05-13 00:00:00-04:00,58.6994095885749,58.865698812834474,57.92666563435999,58.81679153442383,939800,0.0,0.0
2019-05-14 00:00:00-04:00,58.9635184999055,60.32316110750524,58.76788936924179,60.03949737548828,989300,0.0,0.0
2019-05-15 00:00:00-04:00,59.46237781416437,60.44053831619812,59.178710373041895,60.147090911865234,1128600,0.0,0.0
2019-05-16 00:00:00-04:00,60.36228685772992,61.80996402906627,60.25468859982884,61.271976470947266,1353800,0.0,0.0
2019-05-17 00:00:00-04:00,60.58725852765063,61.81974281673276,60.332938445752944,61.02743148803711,870900,0.0,0.0
2019-05-20 00:00:00-04:00,60.496247587950634,61.430743219877904,60.22081871841132,60.93890380859375,935300,0.35,0.0
2019-05-21 00:00:00-04:00,61.11596473113299,61.84388493982042,60.889719058030856,61.597965240478516,803700,0.0,0.0
2019-05-22 00:00:00-04:00,61.066784295154434,61.234007897077106,59.61093630726412,59.689632415771484,1308500,0.0,0.0
2019-05-23 00:00:00-04:00,59.24697759828849,60.44706701456344,58.440361229052336,60.35853576660156,1104800,0.0,0.0
2019-05-24 00:00:00-04:00,60.3388561879309,60.870043626833784,59.38468657572796,59.601097106933594,722500,0.0,0.0
2019-05-28 00:00:00-04:00,59.56175136317574,59.81750995586248,58.87317544374428,59.06991195678711,853300,0.0,0.0
2019-05-29 00:00:00-04:00,59.030563031602206,59.27648273116342,57.77145537062856,58.302642822265625,957900,0.0,0.0
2019-05-30 00:00:00-04:00,58.52889052402701,58.774810232111165,57.545211691690426,57.820640563964844,1240000,0.0,0.0
2019-05-31 00:00:00-04:00,57.20092743351591,57.50586547974788,56.87631160727752,57.2501106262207,812400,0.0,0.0
2019-06-03 00:00:00-04:00,57.06320654292595,58.410849224438785,56.905818082248736,58.10590744018555,877500,0.0,0.0
2019-06-04 00:00:00-04:00,58.70595032026504,60.00440601917352,58.70595032026504,59.86669158935547,1197400,0.0,0.0
2019-06-05 00:00:00-04:00,60.456900713290246,60.8110256967097,60.210981002853075,60.604454040527344,1103100,0.0,0.0
2019-06-06 00:00:00-04:00,60.506084654840635,60.69298603864913,59.30599900468976,59.95522689819336,618500,0.0,0.0
2019-06-07 00:00:00-04:00,60.004410188424494,60.52575878108505,59.50273562316734,59.54207992553711,984100,0.0,0.0
2019-06-10 00:00:00-04:00,59.886368384392625,60.79135110929078,59.581426595383746,59.65028381347656,815000,0.0,0.0
2019-06-11 00:00:00-04:00,60.004406553067454,60.27983541515422,59.542076318190276,59.7683219909668,645400,0.0,0.0
2019-06-12 00:00:00-04:00,59.925713133558,60.37820825182466,59.53224384900753,59.96506118774414,593900,0.0,0.0
2019-06-13 00:00:00-04:00,60.014245114060124,61.31270465104198,60.014245114060124,61.145477294921875,916600,0.0,0.0
2019-06-14 00:00:00-04:00,61.31270219289536,62.37507335927721,60.614287384070366,62.089805603027344,1236900,0.0,0.0
2019-06-17 00:00:00-04:00,62.16850134566434,62.16850134566434,61.47009029336033,61.49959945678711,916100,0.0,0.0
2019-06-18 00:00:00-04:00,61.67666560314246,62.59148724804188,61.48976421718074,61.91274642944336,673000,0.0,0.0
2019-06-19 00:00:00-04:00,62.138987247627156,62.18817418898516,61.36188385682359,61.834049224853516,589900,0.0,0.0
2019-06-20 00:00:00-04:00,62.2176873096735,62.26687050172338,59.33550797679327,59.728981018066406,2019300,0.0,0.0
2019-06-21 00:00:00-04:00,59.86669452501769,61.56845846002933,59.31583302629629,61.0667839050293,2177600,0.0,0.0
2019-06-24 00:00:00-04:00,61.214336037428524,61.647153392233264,60.89955909712742,61.4012336730957,936500,0.0,0.0
2019-06-25 00:00:00-04:00,61.35205174487672,62.16850703041909,60.64380549081327,60.92906951904297,1388300,0.0,0.0
2019-06-26 00:00:00-04:00,60.8405369375995,61.21433596090369,60.41755472101671,60.899559020996094,646500,0.0,0.0
2019-06-27 00:00:00-04:00,61.13564054103713,62.45377031806435,61.13564054103713,62.07997131347656,862600,0.0,0.0
2019-06-28 00:00:00-04:00,62.2668681649705,62.95544408513908,62.020948461512916,62.866912841796875,2179700,0.0,0.0
2019-07-01 00:00:00-04:00,63.053811603645165,63.545651019437834,61.88323514493592,62.6701774597168,1121500,0.0,0.0
2019-07-02 00:00:00-04:00,63.15217541148357,63.476791213843775,62.050459968137794,62.06029510498047,1096800,0.0,0.0
2019-07-03 00:00:00-04:00,62.38491049037159,63.63418682508238,62.26687007976437,62.798057556152344,759900,0.0,0.0
2019-07-05 00:00:00-04:00,62.68001734075393,63.1718567643256,62.11932069807718,63.0243034362793,566800,0.0,0.0
2019-07-08 00:00:00-04:00,63.122665592263296,63.85059329390438,63.03413810428921,63.62434387207031,1228500,0.0,0.0
2019-07-09 00:00:00-04:00,63.25054967042015,63.56532658537156,62.28654114689004,62.6505012512207,910700,0.0,0.0
2019-07-10 00:00:00-04:00,63.1030007082766,63.3390815345775,61.538951162394085,61.91274642944336,1197000,0.0,0.0
2019-07-11 00:00:00-04:00,62.168501426269025,62.512787508150666,61.4012294042463,62.27670669555664,982500,0.0,0.0
2019-07-12 00:00:00-04:00,62.52262636861763,63.55548836622068,62.29638069313786,63.191524505615234,958700,0.0,0.0
2019-07-15 00:00:00-04:00,63.09315785331873,63.525978928399226,62.217684318632216,62.325889587402344,946300,0.0,0.0
2019-07-16 00:00:00-04:00,62.32588569175363,64.54900174997549,62.266863616358116,64.3424301147461,1385000,0.0,0.0
2019-07-17 00:00:00-04:00,64.20471596173005,64.2539029067346,62.6898533674911,62.739036560058594,1179000,0.0,0.0
2019-07-18 00:00:00-04:00,62.70952562378835,63.36858864093921,62.30621745222695,63.3095703125,1018800,0.0,0.0
2019-07-19 00:00:00-04:00,63.466957787764,64.07684139273856,62.44393460840876,62.453773498535156,1143300,0.0,0.0
2019-07-22 00:00:00-04:00,62.719360892191965,63.152178228877965,61.83405219182011,61.84388732910156,1303700,0.0,0.0
2019-07-23 00:00:00-04:00,62.070125773970844,64.33258983348543,61.804535821531225,64.03748321533203,1458400,0.0,0.0
2019-07-24 00:00:00-04:00,64.037494244797,64.83427924909581,63.79157452227099,64.49982452392578,1007400,0.0,0.0
2019-07-25 00:00:00-04:00,63.6735332238028,64.49981982900536,62.28654248737504,62.81772994995117,1599000,0.0,0.0
2019-07-26 00:00:00-04:00,63.171859450809215,64.15553833978507,63.03414500674254,63.86043167114258,1637800,0.0,0.0
2019-07-29 00:00:00-04:00,63.18169625664874,63.19152764170464,61.64715213715771,62.92593765258789,1397800,0.0,0.0
2019-07-30 00:00:00-04:00,62.65050556581637,63.506305127750146,62.45377279475082,62.96528625488281,812300,0.0,0.0
2019-07-31 00:00:00-04:00,62.93576939486314,63.45712171235221,62.227519455594575,62.325889587402344,1171000,0.0,0.0
2019-08-01 00:00:00-04:00,62.53246017533602,63.201362050540574,61.87339718936385,62.10947799682617,1069500,0.0,0.0
2019-08-02 00:00:00-04:00,61.97176816552856,62.72920133784413,61.420906653179856,62.237361907958984,1021100,0.0,0.0
2019-08-05 00:00:00-04:00,61.51927153320138,61.627476798918856,59.522401066862415,60.51591873168945,1208400,0.0,0.0
2019-08-06 00:00:00-04:00,60.95858094327835,61.637318014578234,60.830701639142276,61.45042037963867,797300,0.0,0.0
2019-08-07 00:00:00-04:00,61.10612762459801,62.335726157181725,60.555269883560136,62.07997131347656,749700,0.0,0.0
2019-08-08 00:00:00-04:00,62.43409801369569,63.614509635591965,62.40458509644236,63.4767951965332,769000,0.0,0.0
2019-08-09 00:00:00-04:00,63.11283465904685,63.73254959391527,62.85707607272676,62.8865852355957,746600,0.0,0.0
2019-08-12 00:00:00-04:00,62.394746298232995,62.394746298232995,60.35853149176014,61.096290588378906,1041500,0.0,0.0
2019-08-13 00:00:00-04:00,60.81102358528605,61.76519322943234,60.11261253247893,60.171630859375,1160200,0.0,0.0
2019-08-14 00:00:00-04:00,59.610937013099154,59.99457491795961,57.37798931809939,58.26329803466797,1416600,0.0,0.0
2019-08-15 00:00:00-04:00,58.37150147131289,58.558399096691595,57.85998803337246,58.056724548339844,1223100,0.0,0.0
2019-08-16 00:00:00-04:00,58.34199301592818,59.5224046151936,58.233787743760224,59.374855041503906,952800,0.0,0.0
2019-08-19 00:00:00-04:00,60.03775898000428,60.85897223988125,59.83987503898934,59.94871139526367,903200,0.35,0.0
2019-08-20 00:00:00-04:00,59.671676973556266,59.70135824410913,58.88014119847183,59.473793029785156,740400,0.0,0.0
2019-08-21 00:00:00-04:00,59.75083074433439,59.99818474064266,59.03845002718338,59.176971435546875,1038900,0.0,0.0
2019-08-22 00:00:00-04:00,59.246230375106066,59.3847480094336,58.36565075031891,59.097816467285156,929300,0.0,0.0
2019-08-23 00:00:00-04:00,58.929616927093285,59.26601851012183,56.960677472889216,57.31686782836914,1180800,0.0,0.0
2019-08-26 00:00:00-04:00,57.82146657566907,58.227126962908265,57.118982159236715,57.76210403442383,1044900,0.0,0.0
2019-08-27 00:00:00-04:00,58.15786973471143,58.256813596689184,56.51543936910486,57.396018981933594,1455500,0.0,0.0
2019-08-28 00:00:00-04:00,57.17834786780513,58.41511778824914,57.09919278122202,58.11829376220703,728400,0.0,0.0
2019-08-29 00:00:00-04:00,58.70205287250548,59.533158686052865,58.43491010058418,59.325382232666016,788300,0.0,0.0
2019-08-30 00:00:00-04:00,59.49358536787804,59.70136182284762,58.741627091336895,59.08792495727539,842100,0.0,0.0
2019-09-03 00:00:00-04:00,58.800993089687154,59.86956040536287,58.800993089687154,59.790409088134766,1110600,0.0,0.0
2019-09-04 00:00:00-04:00,59.988292570822686,61.215166285626566,59.424325758089495,61.11622619628906,1067000,0.0,0.0
2019-09-05 00:00:00-04:00,61.521885639811586,63.24346732303707,61.403156779598,62.719078063964844,1285700,0.0,0.0
2019-09-06 00:00:00-04:00,63.10494830416356,63.500716195278166,62.23426498262714,62.4222526550293,1034000,0.0,0.0
2019-09-09 00:00:00-04:00,62.4123647060767,64.361515484278,61.98691551312593,64.08447265625,951200,0.0,0.0
2019-09-10 00:00:00-04:00,64.32193182809984,64.78695852374337,63.82722386229089,64.30213928222656,723000,0.0,0.0
2019-09-11 00:00:00-04:00,64.29225294155653,65.20251382071804,63.63923477912884,65.13325500488281,787500,0.0,0.0
2019-09-12 00:00:00-04:00,65.09367675228721,65.76647990535909,64.60886504671392,64.9848403930664,668200,0.0,0.0
2019-09-13 00:00:00-04:00,65.57849294878649,65.81595068123669,65.1233624829881,65.17283630371094,588400,0.0,0.0
2019-09-16 00:00:00-04:00,63.32262118890172,65.1431429247332,62.966430840822575,63.97563934326172,1295200,0.0,0.0
2019-09-17 00:00:00-04:00,63.56998033538782,64.7968541068392,63.49082524080507,64.2328872680664,657000,0.0,0.0
2019-09-18 00:00:00-04:00,64.13393861002244,64.30213750206633,63.411661678533534,64.2427749633789,758600,0.0,0.0
2019-09-19 00:00:00-04:00,64.02510190964311,64.61874993923257,63.74806666574431,63.896480560302734,604500,0.0,0.0
2019-09-20 00:00:00-04:00,64.26256841514976,64.76717270631701,63.92617058680178,64.31204223632812,1249100,0.0,0.0
2019-09-23 00:00:00-04:00,64.04489623782227,64.51981165525743,63.73817216755742,63.95584487915039,632600,0.0,0.0
2019-09-24 00:00:00-04:00,64.4406594572724,64.57917708928547,63.69859747921178,63.96574401855469,596500,0.0,0.0
2019-09-25 00:00:00-04:00,63.99542460768265,64.73748657783266,63.9063732459694,64.36151123046875,522600,0.0,0.0
2019-09-26 00:00:00-04:00,64.36151203855552,64.39119330995102,63.500717424861755,63.88658905029297,541200,0.0,0.0
2019-09-27 00:00:00-04:00,64.29225295737888,64.87600475547022,63.253363170949996,63.50071716308594,814000,0.0,0.0
2019-09-30 00:00:00-04:00,63.71838770305265,64.54949346483359,63.56007753015465,64.22299194335938,808800,0.0,0.0
2019-10-01 00:00:00-04:00,64.75727360842231,65.21241160720886,63.95584907106917,64.26256561279297,612700,0.0,0.0
2019-10-02 00:00:00-04:00,63.45124402247877,63.52050283907031,60.84908271494529,62.05617141723633,1334100,0.0,0.0
2019-10-03 00:00:00-04:00,62.02648517643398,62.20458035118778,60.502787466450435,61.6406135559082,980000,0.0,0.0
2019-10-04 00:00:00-04:00,61.71976937115671,62.95653933577571,61.59114423802606,62.837806701660156,478200,0.0,0.0
2019-10-07 00:00:00-04:00,62.92685256378452,63.510611896365454,62.80812370724851,63.283042907714844,621300,0.0,0.0
2019-10-08 00:00:00-04:00,62.61024303789876,64.0745820338223,62.29363022102948,62.51130294799805,962300,0.0,0.0
2019-10-09 00:00:00-04:00,63.37209878888683,63.995428160909945,63.352306241342845,63.431461334228516,536900,0.0,0.0
2019-10-10 00:00:00-04:00,62.333206647122026,64.27246105919511,62.09574515157398,64.19330596923828,565600,0.0,0.0
2019-10-11 00:00:00-04:00,65.3014601376847,66.9142056023606,64.31204407499251,65.380615234375,1585100,0.0,0.0
2019-10-14 00:00:00-04:00,65.17283375528613,65.88520692478113,64.69791076031123,65.50923156738281,593500,0.0,0.0
2019-10-15 00:00:00-04:00,65.71700609012512,67.01314612762023,65.28166820187272,66.61737823486328,928100,0.0,0.0
2019-10-16 00:00:00-04:00,66.62726975920853,66.75589867023044,65.86542276126916,66.12267303466797,942100,0.0,0.0
2019-10-17 00:00:00-04:00,66.42939028272987,67.0428309262133,65.80606091417462,66.27108764648438,749200,0.0,0.0
2019-10-18 00:00:00-04:00,65.9049992809609,66.80536390087097,65.38061001736071,66.13256072998047,969700,0.0,0.0
2019-10-21 00:00:00-04:00,67.19124305184779,68.54673811788841,66.63716496809987,68.30928039550781,1441600,0.0,0.0
2019-10-22 00:00:00-04:00,68.25980727943292,69.03155054659656,67.60679664900407,68.45769500732422,1129400,0.0,0.0
2019-10-23 00:00:00-04:00,68.35874405661063,68.6456755866655,68.12128634329248,68.18065643310547,741200,0.0,0.0
2019-10-24 00:00:00-04:00,68.5665350214718,68.96229540103754,67.55732642710119,68.0322494506836,1480900,0.0,0.0
2019-10-25 00:00:00-04:00,68.26970128313901,71.23794916501463,68.07182111047186,70.8125,1669900,0.0,0.0
2019-10-28 00:00:00-04:00,69.65488489909607,70.57504204127072,69.1304956495445,69.33827209472656,1438600,0.0,0.0
2019-10-29 00:00:00-04:00,69.25911756911924,69.67467046285921,68.833668402106,69.02165985107422,801800,0.0,0.0
2019-10-30 00:00:00-04:00,68.9029279801814,69.72414505212011,68.61599644123976,69.63509368896484,932700,0.0,0.0
2019-10-31 00:00:00-04:00,69.16017900441076,69.40753300117287,68.30928065165756,68.69515228271484,715500,0.0,0.0
2019-11-01 00:00:00-04:00,69.15028147270884,69.82308463360567,68.90292748044743,69.40753173828125,666600,0.0,0.0
2019-11-04 00:00:00-05:00,70.08033400954642,70.24853291047424,69.50647094311007,69.8824462890625,740700,0.0,0.0
2019-11-05 00:00:00-05:00,70.10012244388794,71.15879726728258,70.02096735181384,70.62451171875,777600,0.0,0.0
2019-11-06 00:00:00-05:00,70.31779619815377,70.71356411565036,69.7340443700463,70.6146240234375,709600,0.0,0.0
2019-11-07 00:00:00-05:00,70.82239740712733,71.45562302817413,69.89234397368273,70.17927551269531,681200,0.0,0.0
2019-11-08 00:00:00-05:00,70.04075743691871,70.50578415070002,69.20964409664802,70.41673278808594,506100,0.0,0.0
2019-11-11 00:00:00-05:00,70.27821958270304,71.14891052246094,69.8131928396315,71.14891052246094,603300,0.0,0.0
2019-11-12 00:00:00-05:00,71.21816639487386,71.21816639487386,69.85276749536948,70.09022521972656,513100,0.0,0.0
2019-11-13 00:00:00-05:00,69.48668897897446,69.88244933993069,69.19975743322966,69.77361297607422,414600,0.0,0.0
2019-11-14 00:00:00-05:00,69.51636576298691,70.06053999849065,69.31847804664002,69.66477966308594,459200,0.0,0.0
2019-11-15 00:00:00-05:00,70.18917176872743,70.19906049346537,69.43721351317846,69.63509368896484,468800,0.0,0.0
2019-11-18 00:00:00-05:00,69.95329020286121,69.95329020286121,69.31689981189056,69.66492462158203,432400,0.35,0.0
2019-11-19 00:00:00-05:00,69.7345325830292,70.06267352615495,69.10808789863913,69.67487335205078,561300,0.0,0.0
2019-11-20 00:00:00-05:00,69.0384770487401,69.14785735379158,67.55688144354959,68.05406188964844,789000,0.0,0.0
2019-11-21 00:00:00-05:00,68.06400603725,68.46175194647067,67.57677128130008,67.61654663085938,688400,0.0,0.0
2019-11-22 00:00:00-05:00,67.91485592072003,68.4418660104096,67.69609529789675,68.37226104736328,613100,0.0,0.0
2019-11-25 00:00:00-05:00,68.41203771385644,68.90921819844442,68.29271166646134,68.40209197998047,493200,0.0,0.0
2019-11-26 00:00:00-05:00,68.32253696742445,69.09813726058616,68.22310239406018,69.04842376708984,564100,0.0,0.0
2019-11-27 00:00:00-05:00,69.10808630911347,69.38650616243858,68.35236985982246,68.77994537353516,635300,0.0,0.0
2019-11-29 00:00:00-05:00,68.81971875997391,69.33679068972597,68.4716939532399,68.620849609375,270600,0.0,0.0
2019-12-02 00:00:00-05:00,68.77994175916506,69.30695182331789,67.676200551219,67.72592163085938,904700,0.0,0.0
2019-12-03 00:00:00-05:00,67.10941752297842,67.10941752297842,66.20455301510002,66.23438262939453,1078100,0.0,0.0
2019-12-04 00:00:00-05:00,66.45314421246017,67.61654470503817,66.37359351560731,66.54263305664062,776200,0.0,0.0
2019-12-05 00:00:00-05:00,66.67190085916779,67.2585701441304,66.67190085916779,66.9105453491211,560800,0.0,0.0
2019-12-06 00:00:00-05:00,67.4872787770395,68.08389381535035,66.99009831405185,67.93473815917969,834800,0.0,0.0
2019-12-09 00:00:00-05:00,67.64637324818698,67.8551881343389,67.4773337098314,67.60659790039062,860100,0.0,0.0
2019-12-10 00:00:00-05:00,66.93042954429073,67.59665711087197,66.47302444207045,66.86082458496094,744700,0.0,0.0
2019-12-11 00:00:00-05:00,66.95032436442482,67.18896886745718,66.2244375353043,66.3636474609375,854000,0.0,0.0
2019-12-12 00:00:00-05:00,67.03981449447502,68.08389654312894,66.79122425302143,67.30829620361328,1553800,0.0,0.0
2019-12-13 00:00:00-05:00,67.05970632430035,67.27846695178042,65.91618969016412,67.02987670898438,1120700,0.0,0.0
2019-12-16 00:00:00-05:00,67.42760900132681,68.75011079551895,67.42760900132681,68.61090087890625,1220300,0.0,0.0
2019-12-17 00:00:00-05:00,68.55124523056932,69.85385562671678,68.34243034475443,69.66492462158203,1545300,0.0,0.0
2019-12-18 00:00:00-05:00,70.01295471076727,70.01295471076727,68.15349709400942,68.64073181152344,1807200,0.0,0.0
2019-12-19 00:00:00-05:00,68.62085287999042,68.88932700473218,68.27282805666883,68.80977630615234,1106000,0.0,0.0
2019-12-20 00:00:00-05:00,69.2274096676596,69.2274096676596,68.61090316896062,68.94898223876953,1401900,0.0,0.0
2019-12-23 00:00:00-05:00,69.23734817557529,69.23734817557529,68.5412985656508,68.8992691040039,1099200,0.0,0.0
2019-12-24 00:00:00-05:00,69.18763599935848,69.18763599935848,68.3921442131152,68.70039367675781,360800,0.0,0.0
2019-12-26 00:00:00-05:00,68.78989178755052,69.19757583784488,68.36231626960935,68.68051147460938,519600,0.0,0.0
2019-12-27 00:00:00-05:00,68.84954705334621,68.90921386647888,67.73586769315854,67.9049072265625,1011800,0.0,0.0
2019-12-30 00:00:00-05:00,67.78558220051404,67.91485397559191,66.9503226678806,67.29834747314453,861800,0.0,0.0
2019-12-31 00:00:00-05:00,67.17901944231613,67.77564204667051,67.17901944231613,67.36795043945312,735300,0.0,0.0
2020-01-02 00:00:00-05:00,67.76569961528654,68.40209001032436,67.2386895306182,67.78558349609375,1396600,0.0,0.0
2020-01-03 00:00:00-05:00,66.42331459773335,66.73156406507316,65.64770668297602,66.54263305664062,1404600,0.0,0.0
2020-01-06 00:00:00-05:00,65.71730771975282,66.51279946800956,65.64770276075824,66.22443389892578,1342700,0.0,0.0
2020-01-07 00:00:00-05:00,66.18466290444077,66.44319887757838,65.68748242568417,65.80680847167969,1041500,0.0,0.0
2020-01-08 00:00:00-05:00,65.65764916212039,67.20884974200027,65.64770342891377,66.125,1438500,0.0,0.0
2020-01-09 00:00:00-05:00,66.64206367950572,66.64206367950572,65.82668805108418,65.99573516845703,1140400,0.0,0.0
2020-01-10 00:00:00-05:00,66.22443558763614,66.32387016211091,65.44883528581252,65.51844024658203,1007600,0.0,0.0
2020-01-13 00:00:00-05:00,65.46872084359211,65.81675324272865,65.26985168954717,65.4985580444336,629500,0.0,0.0
2020-01-14 00:00:00-05:00,66.38353964776665,67.06964354971778,65.64770707701899,65.80680847167969,994700,0.0,0.0
2020-01-15 00:00:00-05:00,65.6377692057109,66.68184366366803,65.58804812307729,66.21449279785156,782300,0.0,0.0
2020-01-16 00:00:00-05:00,66.62218479760033,67.04976031692041,65.47866816812828,66.16477966308594,966200,0.0,0.0
2020-01-17 00:00:00-05:00,66.46307674878835,66.73155843140776,65.6675926065328,66.24432373046875,943900,0.0,0.0
2020-01-21 00:00:00-05:00,65.66759423955706,66.04544864754709,63.818082372921445,64.6235122680664,1636300,0.0,0.0
2020-01-22 00:00:00-05:00,65.07098284734765,65.90624240198561,64.93177292157465,65.22013092041016,1398000,0.0,0.0
2020-01-23 00:00:00-05:00,64.6334631284356,66.92049639675987,64.07662341219894,66.8011703491211,1409800,0.0,0.0
2020-01-24 00:00:00-05:00,66.9006049754123,66.98015567389338,65.22013250526724,66.34376525878906,1127200,0.0,0.0
2020-01-27 00:00:00-05:00,64.51413722101388,65.24996980349407,63.837971455668836,64.97154235839844,1778300,0.0,0.0
2020-01-28 00:00:00-05:00,65.49855872094267,66.26421331693295,64.762726153358,65.17041778564453,2214700,0.0,0.0
2020-01-29 00:00:00-05:00,65.37923126863294,67.09947901872377,65.21019173094898,66.51280212402344,2466200,0.0,0.0
2020-01-30 00:00:00-05:00,65.49855406041253,65.69742320236104,64.66328697421156,65.63776397705078,2127200,0.0,0.0
2020-01-31 00:00:00-05:00,65.24002144334375,65.24996717686126,63.808139271695225,64.22576904296875,1581600,0.0,0.0
2020-02-03 00:00:00-05:00,64.76272755712955,65.28974524632211,63.93741371369479,64.28543853759766,1696900,0.0,0.0
2020-02-04 00:00:00-05:00,65.22013124118598,66.02556877154484,65.0610374336795,65.39911651611328,1513900,0.0,0.0
2020-02-05 00:00:00-05:00,66.33381756181033,66.42331399154605,65.56816297411207,65.95596313476562,1332200,0.0,0.0
2020-02-06 00:00:00-05:00,66.46307875088249,66.46307875088249,63.47999985141386,63.65898132324219,1531100,0.0,0.0
2020-02-07 00:00:00-05:00,63.53966404538806,63.84791350168831,62.92315754641582,63.59932327270508,1338900,0.0,0.0
2020-02-10 00:00:00-05:00,63.18169268211651,64.11639435850341,63.082254315912685,64.0666732788086,812900,0.0,0.0
2020-02-11 00:00:00-05:00,64.10644631917597,64.9118761939311,64.06667097412529,64.18599700927734,788300,0.0,0.0
2020-02-12 00:00:00-05:00,64.73289653858035,65.77697857403004,64.44453095177641,65.17041778564453,932600,0.0,0.0
2020-02-13 00:00:00-05:00,64.80249817927081,66.3934741056055,64.7726685660226,66.125,1538600,0.0,0.0
2020-02-14 00:00:00-05:00,66.31999969482422,66.95999908447266,65.45999908447266,66.11000061035156,1006300,0.375,0.0
2020-02-18 00:00:00-05:00,65.94000244140625,66.30999755859375,65.4000015258789,65.48999786376953,1265900,0.0,0.0
2020-02-19 00:00:00-05:00,65.61000061035156,65.80999755859375,64.76000213623047,65.16999816894531,863800,0.0,0.0
2020-02-20 00:00:00-05:00,64.9000015258789,65.97000122070312,64.9000015258789,65.36000061035156,786900,0.0,0.0
2020-02-21 00:00:00-05:00,64.91000366210938,65.52999877929688,63.95000076293945,65.43000030517578,926500,0.0,0.0
2020-02-24 00:00:00-05:00,63.47999954223633,63.83000183105469,62.20000076293945,63.0099983215332,1285400,0.0,0.0
2020-02-25 00:00:00-05:00,63.16999816894531,63.209999084472656,58.65999984741211,58.810001373291016,1685800,0.0,0.0
2020-02-26 00:00:00-05:00,59.369998931884766,59.65999984741211,57.20000076293945,57.369998931884766,1813900,0.0,0.0
2020-02-27 00:00:00-05:00,54.790000915527344,56.68000030517578,52.90999984741211,52.959999084472656,2704600,0.0,0.0
2020-02-28 00:00:00-05:00,51.09000015258789,52.0099983215332,49.45000076293945,50.459999084472656,3535300,0.0,0.0
2020-03-02 00:00:00-05:00,50.849998474121094,51.29999923706055,48.380001068115234,50.029998779296875,3075000,0.0,0.0
2020-03-03 00:00:00-05:00,50.470001220703125,50.470001220703125,46.29999923706055,47.369998931884766,3415200,0.0,0.0
2020-03-04 00:00:00-05:00,48.189998626708984,49.709999084472656,46.56999969482422,49.689998626708984,3480600,0.0,0.0
2020-03-05 00:00:00-05:00,47.65999984741211,47.65999984741211,43.36000061035156,43.459999084472656,3859200,0.0,0.0
2020-03-06 00:00:00-05:00,41.5,48.400001525878906,41.400001525878906,45.209999084472656,5041700,0.0,0.0
2020-03-09 00:00:00-04:00,43.15999984741211,45.189998626708984,42.13999938964844,43.189998626708984,3413800,0.0,0.0
2020-03-10 00:00:00-04:00,45.310001373291016,47.689998626708984,43.369998931884766,46.779998779296875,3140000,0.0,0.0
2020-03-11 00:00:00-04:00,45.099998474121094,46.040000915527344,43.369998931884766,45.70000076293945,3184800,0.0,0.0
2020-03-12 00:00:00-04:00,40.11000061035156,43.400001525878906,35.0099983215332,35.08000183105469,4731500,0.0,0.0
2020-03-13 00:00:00-04:00,38.099998474121094,38.099998474121094,33.0,37.95000076293945,3947800,0.0,0.0
2020-03-16 00:00:00-04:00,32.02000045776367,34.400001525878906,28.920000076293945,32.529998779296875,4456900,0.0,0.0
2020-03-17 00:00:00-04:00,33.060001373291016,36.20000076293945,31.280000686645508,32.529998779296875,3707600,0.0,0.0
2020-03-18 00:00:00-04:00,29.530000686645508,30.040000915527344,20.020000457763672,25.1299991607666,5067400,0.0,0.0
2020-03-19 00:00:00-04:00,24.700000762939453,25.989999771118164,22.010000228881836,24.18000030517578,2901100,0.0,0.0
2020-03-20 00:00:00-04:00,25.709999084472656,27.969999313354492,23.34000015258789,23.559999465942383,4062500,0.0,0.0
2020-03-23 00:00:00-04:00,24.0,24.979999542236328,22.149999618530273,24.030000686645508,3694600,0.0,0.0
2020-03-24 00:00:00-04:00,29.440000534057617,31.260000228881836,27.3799991607666,28.90999984741211,4750600,0.0,0.0
2020-03-25 00:00:00-04:00,33.560001373291016,34.25,28.360000610351562,29.84000015258789,7739400,0.0,0.0
2020-03-26 00:00:00-04:00,31.90999984741211,33.369998931884766,30.020000457763672,32.4900016784668,4914800,0.0,0.0
2020-03-27 00:00:00-04:00,31.729999542236328,31.899999618530273,29.780000686645508,29.8700008392334,3546900,0.0,0.0
2020-03-30 00:00:00-04:00,29.1299991607666,29.950000762939453,26.549999237060547,28.329999923706055,2841700,0.0,0.0
2020-03-31 00:00:00-04:00,28.959999084472656,30.709999084472656,28.1299991607666,28.469999313354492,2667000,0.0,0.0
2020-04-01 00:00:00-04:00,26.920000076293945,27.549999237060547,25.25,26.350000381469727,3350000,0.0,0.0
2020-04-02 00:00:00-04:00,26.139999389648438,27.020000457763672,24.280000686645508,24.65999984741211,3065200,0.0,0.0
2020-04-03 00:00:00-04:00,25.15999984741211,25.649999618530273,23.579999923706055,24.690000534057617,2707500,0.0,0.0
2020-04-06 00:00:00-04:00,26.040000915527344,27.270000457763672,24.920000076293945,26.670000076293945,3724700,0.0,0.0
2020-04-07 00:00:00-04:00,29.34000015258789,31.770000457763672,28.540000915527344,29.030000686645508,3766500,0.0,0.0
2020-04-08 00:00:00-04:00,30.200000762939453,30.31999969482422,28.950000762939453,29.139999389648438,2940100,0.0,0.0
2020-04-09 00:00:00-04:00,31.239999771118164,33.599998474121094,30.389999389648438,31.610000610351562,4196700,0.0,0.0
2020-04-13 00:00:00-04:00,32.630001068115234,32.86000061035156,28.610000610351562,29.510000228881836,3181800,0.0,0.0
2020-04-14 00:00:00-04:00,30.579999923706055,31.920000076293945,30.420000076293945,31.049999237060547,2789900,0.0,0.0
2020-04-15 00:00:00-04:00,32.2400016784668,32.41999816894531,29.0,30.079999923706055,4253000,0.0,0.0
2020-04-16 00:00:00-04:00,29.239999771118164,29.450000762939453,27.510000228881836,28.260000228881836,3274700,0.0,0.0
2020-04-17 00:00:00-04:00,29.690000534057617,30.280000686645508,29.309999465942383,29.93000030517578,2491800,0.0,0.0
2020-04-20 00:00:00-04:00,28.940000534057617,29.959999084472656,28.1299991607666,29.229999542236328,1812500,0.0,0.0
2020-04-21 00:00:00-04:00,27.799999237060547,29.190000534057617,27.610000610351562,28.290000915527344,1884200,0.0,0.0
2020-04-22 00:00:00-04:00,29.0,29.229999542236328,27.020000457763672,27.530000686645508,2600000,0.0,0.0
2020-04-23 00:00:00-04:00,28.010000228881836,28.979999542236328,27.75,28.200000762939453,2399900,0.0,0.0
2020-04-24 00:00:00-04:00,28.559999465942383,28.81999969482422,27.209999084472656,28.010000228881836,3054900,0.0,0.0
2020-04-27 00:00:00-04:00,28.34000015258789,29.260000228881836,27.700000762939453,27.850000381469727,2766600,0.0,0.0
2020-04-28 00:00:00-04:00,28.889999389648438,32.25,28.700000762939453,31.579999923706055,3954700,0.0,0.0
2020-04-29 00:00:00-04:00,34.060001373291016,34.720001220703125,32.720001220703125,34.0,4002500,0.0,0.0
2020-04-30 00:00:00-04:00,32.779998779296875,33.5,31.399999618530273,32.52000045776367,2678800,0.0,0.0
2020-05-01 00:00:00-04:00,31.40999984741211,31.850000381469727,29.600000381469727,30.110000610351562,2392700,0.0,0.0
2020-05-04 00:00:00-04:00,27.1200008392334,28.899999618530273,26.559999465942383,28.770000457763672,4457700,0.0,0.0
2020-05-05 00:00:00-04:00,29.719999313354492,30.3700008392334,28.40999984741211,28.969999313354492,3958500,0.0,0.0
2020-05-06 00:00:00-04:00,28.8799991607666,29.059999465942383,27.200000762939453,27.829999923706055,2994900,0.0,0.0
2020-05-07 00:00:00-04:00,28.059999465942383,29.09000015258789,27.799999237060547,28.25,2906800,0.0,0.0
2020-05-08 00:00:00-04:00,28.770000457763672,30.15999984741211,28.559999465942383,30.0,2767400,0.0,0.0
2020-05-11 00:00:00-04:00,29.479999542236328,29.489999771118164,28.239999771118164,28.360000610351562,3003800,0.0,0.0
2020-05-12 00:00:00-04:00,28.459999084472656,28.989999771118164,26.81999969482422,26.850000381469727,2983600,0.0,0.0
2020-05-13 00:00:00-04:00,26.559999465942383,26.65999984741211,24.799999237060547,25.520000457763672,3449100,0.0,0.0
2020-05-14 00:00:00-04:00,24.420000076293945,26.18000030517578,23.389999389648438,26.139999389648438,3507200,0.0,0.0
2020-05-15 00:00:00-04:00,25.649999618530273,26.579999923706055,25.149999618530273,25.6299991607666,2787200,0.0,0.0
2020-05-18 00:00:00-04:00,27.670000076293945,29.5,27.079999923706055,29.049999237060547,4331200,0.0,0.0
2020-05-19 00:00:00-04:00,29.610000610351562,29.959999084472656,28.040000915527344,28.65999984741211,3189400,0.0,0.0
2020-05-20 00:00:00-04:00,29.350000381469727,30.469999313354492,29.1200008392334,30.260000228881836,2676500,0.0,0.0
2020-05-21 00:00:00-04:00,30.360000610351562,32.189998626708984,30.209999084472656,31.84000015258789,3278600,0.0,0.0
2020-05-22 00:00:00-04:00,32.31999969482422,32.61000061035156,30.31999969482422,31.020000457763672,2888300,0.0,0.0
2020-05-26 00:00:00-04:00,33.58000183105469,35.439998626708984,33.31999969482422,35.029998779296875,4605500,0.0,0.0
2020-05-27 00:00:00-04:00,38.529998779296875,39.470001220703125,34.43000030517578,35.7400016784668,5503600,0.0,0.0
2020-05-28 00:00:00-04:00,35.880001068115234,36.0,34.029998779296875,34.459999084472656,3265100,0.0,0.0
2020-05-29 00:00:00-04:00,33.189998626708984,35.119998931884766,32.779998779296875,34.189998626708984,3561800,0.0,0.0
2020-06-01 00:00:00-04:00,34.380001068115234,36.58000183105469,34.04999923706055,36.11000061035156,2884600,0.0,0.0
2020-06-02 00:00:00-04:00,37.04999923706055,37.400001525878906,35.630001068115234,36.20000076293945,3472800,0.0,0.0
2020-06-03 00:00:00-04:00,37.279998779296875,40.630001068115234,37.220001220703125,39.29999923706055,4513000,0.0,0.0
2020-06-04 00:00:00-04:00,41.0,43.40999984741211,39.56999969482422,42.31999969482422,6768600,0.0,0.0
2020-06-05 00:00:00-04:00,47.84000015258789,48.65999984741211,41.810001373291016,42.720001220703125,9437000,0.0,0.0
2020-06-08 00:00:00-04:00,45.900001525878906,50.810001373291016,45.25,50.2400016784668,13224900,0.0,0.0
2020-06-09 00:00:00-04:00,48.060001373291016,48.47999954223633,44.0099983215332,46.099998474121094,7384400,0.0,0.0
2020-06-10 00:00:00-04:00,44.2599983215332,44.2599983215332,39.810001373291016,41.47999954223633,8580800,0.0,0.0
2020-06-11 00:00:00-04:00,36.11000061035156,38.130001068115234,35.18000030517578,35.59000015258789,6825300,0.0,0.0
2020-06-12 00:00:00-04:00,39.720001220703125,39.79999923706055,36.33000183105469,38.470001220703125,6102200,0.0,0.0
2020-06-15 00:00:00-04:00,35.619998931884766,38.56999969482422,35.380001068115234,37.77000045776367,5526300,0.0,0.0
2020-06-16 00:00:00-04:00,40.5099983215332,40.79999923706055,37.77000045776367,38.209999084472656,5076300,0.0,0.0
2020-06-17 00:00:00-04:00,37.61000061035156,38.16999816894531,36.75,37.40999984741211,2490200,0.0,0.0
2020-06-18 00:00:00-04:00,36.58000183105469,37.84000015258789,36.130001068115234,37.45000076293945,3391200,0.0,0.0
2020-06-19 00:00:00-04:00,38.33000183105469,38.349998474121094,35.5099983215332,36.290000915527344,3873100,0.0,0.0
2020-06-22 00:00:00-04:00,35.5,36.790000915527344,35.22999954223633,36.470001220703125,2919200,0.0,0.0
2020-06-23 00:00:00-04:00,36.869998931884766,37.0,35.630001068115234,36.83000183105469,2825100,0.0,0.0
2020-06-24 00:00:00-04:00,36.08000183105469,36.34000015258789,34.29999923706055,34.38999938964844,3475500,0.0,0.0
2020-06-25 00:00:00-04:00,33.2400016784668,35.68000030517578,33.0,35.47999954223633,3049700,0.0,0.0
2020-06-26 00:00:00-04:00,35.45000076293945,35.650001525878906,33.5099983215332,34.29999923706055,3578700,0.0,0.0
2020-06-29 00:00:00-04:00,34.72999954223633,37.119998931884766,34.060001373291016,36.90999984741211,3558300,0.0,0.0
2020-06-30 00:00:00-04:00,36.439998626708984,36.810001373291016,35.31999969482422,36.2599983215332,3098800,0.0,0.0
2020-07-01 00:00:00-04:00,37.18000030517578,38.290000915527344,35.5,35.70000076293945,3146800,0.0,0.0
2020-07-02 00:00:00-04:00,37.20000076293945,37.4900016784668,36.27000045776367,36.4900016784668,2753500,0.0,0.0
2020-07-06 00:00:00-04:00,37.34000015258789,37.900001525878906,36.029998779296875,37.08000183105469,2133100,0.0,0.0
2020-07-07 00:00:00-04:00,36.220001220703125,36.54999923706055,35.650001525878906,36.099998474121094,2687500,0.0,0.0
2020-07-08 00:00:00-04:00,35.599998474121094,36.34000015258789,35.16999816894531,36.2599983215332,2143200,0.0,0.0
2020-07-09 00:00:00-04:00,36.0,36.119998931884766,34.380001068115234,34.439998626708984,2178000,0.0,0.0
2020-07-10 00:00:00-04:00,34.0,36.040000915527344,33.619998931884766,35.72999954223633,2016300,0.0,0.0
2020-07-13 00:00:00-04:00,35.95000076293945,36.130001068115234,34.630001068115234,34.880001068115234,2248700,0.0,0.0
2020-07-14 00:00:00-04:00,34.27000045776367,35.849998474121094,34.130001068115234,35.4900016784668,1734500,0.0,0.0
2020-07-15 00:00:00-04:00,37.58000183105469,38.939998626708984,36.88999938964844,38.7599983215332,3519600,0.0,0.0
2020-07-16 00:00:00-04:00,37.77000045776367,38.22999954223633,36.810001373291016,37.279998779296875,1743700,0.0,0.0
2020-07-17 00:00:00-04:00,37.25,37.52000045776367,36.58000183105469,37.0,1140700,0.0,0.0
2020-07-20 00:00:00-04:00,36.619998931884766,37.31999969482422,35.560001373291016,35.88999938964844,1892700,0.0,0.0
2020-07-21 00:00:00-04:00,35.88999938964844,36.689998626708984,35.75,36.20000076293945,1644100,0.0,0.0
2020-07-22 00:00:00-04:00,35.91999816894531,37.310001373291016,35.720001220703125,36.29999923706055,1781100,0.0,0.0
2020-07-23 00:00:00-04:00,36.45000076293945,37.95000076293945,34.849998474121094,36.66999816894531,3276500,0.0,0.0
2020-07-24 00:00:00-04:00,35.63999938964844,36.380001068115234,34.68000030517578,35.060001373291016,2781100,0.0,0.0
2020-07-27 00:00:00-04:00,35.02000045776367,35.439998626708984,33.880001068115234,34.150001525878906,2128900,0.0,0.0
2020-07-28 00:00:00-04:00,33.93000030517578,35.47999954223633,33.84000015258789,35.0,2243500,0.0,0.0
2020-07-29 00:00:00-04:00,35.119998931884766,35.349998474121094,34.29999923706055,34.7599983215332,1521300,0.0,0.0
2020-07-30 00:00:00-04:00,34.099998474121094,35.0,33.88999938964844,34.65999984741211,1695100,0.0,0.0
2020-07-31 00:00:00-04:00,34.209999084472656,34.59000015258789,33.650001525878906,34.439998626708984,2226000,0.0,0.0
2020-08-03 00:00:00-04:00,34.09000015258789,34.61000061035156,33.220001220703125,34.0,2632900,0.0,0.0
2020-08-04 00:00:00-04:00,34.0099983215332,35.02000045776367,33.95000076293945,34.29999923706055,2277000,0.0,0.0
2020-08-05 00:00:00-04:00,35.38999938964844,36.040000915527344,34.40999984741211,35.7599983215332,3037600,0.0,0.0
2020-08-06 00:00:00-04:00,35.75,36.689998626708984,35.33000183105469,36.41999816894531,2586200,0.0,0.0
2020-08-07 00:00:00-04:00,36.0,36.630001068115234,35.790000915527344,36.61000061035156,1588500,0.0,0.0
2020-08-10 00:00:00-04:00,36.97999954223633,39.470001220703125,36.959999084472656,39.25,3807200,0.0,0.0
2020-08-11 00:00:00-04:00,40.900001525878906,41.04999923706055,38.66999816894531,38.97999954223633,3604100,0.0,0.0
2020-08-12 00:00:00-04:00,39.529998779296875,39.7400016784668,37.56999969482422,38.459999084472656,2185200,0.0,0.0
2020-08-13 00:00:00-04:00,37.79999923706055,38.959999084472656,37.54999923706055,37.790000915527344,1802700,0.0,0.0
2020-08-14 00:00:00-04:00,37.060001373291016,38.04999923706055,36.849998474121094,37.68000030517578,1872000,0.0,0.0
2020-08-17 00:00:00-04:00,37.47999954223633,37.630001068115234,36.16999816894531,36.2599983215332,2085400,0.0,0.0
2020-08-18 00:00:00-04:00,36.54999923706055,36.849998474121094,35.83000183105469,36.189998626708984,1456800,0.0,0.0
2020-08-19 00:00:00-04:00,36.31999969482422,37.61000061035156,35.779998779296875,35.849998474121094,1966900,0.0,0.0
2020-08-20 00:00:00-04:00,35.5,35.9900016784668,35.040000915527344,35.77000045776367,1362800,0.0,0.0
2020-08-21 00:00:00-04:00,35.849998474121094,36.25,35.38999938964844,35.43000030517578,1370100,0.0,0.0
2020-08-24 00:00:00-04:00,35.77000045776367,37.70000076293945,35.439998626708984,37.52000045776367,2584600,0.0,0.0
2020-08-25 00:00:00-04:00,38.18000030517578,38.47999954223633,36.75,37.709999084472656,2345200,0.0,0.0
2020-08-26 00:00:00-04:00,37.52000045776367,37.709999084472656,36.599998474121094,36.689998626708984,1617000,0.0,0.0
2020-08-27 00:00:00-04:00,37.900001525878906,39.43000030517578,37.689998626708984,38.5,3452600,0.0,0.0
2020-08-28 00:00:00-04:00,39.04999923706055,40.7400016784668,38.560001373291016,40.72999954223633,3823800,0.0,0.0
2020-08-31 00:00:00-04:00,40.400001525878906,40.650001525878906,38.900001525878906,38.95000076293945,2831400,0.0,0.0
2020-09-01 00:00:00-04:00,38.099998474121094,40.060001373291016,37.81999969482422,39.150001525878906,2281500,0.0,0.0
2020-09-02 00:00:00-04:00,39.22999954223633,40.560001373291016,38.77000045776367,40.470001220703125,2375600,0.0,0.0
2020-09-03 00:00:00-04:00,41.029998779296875,42.38999938964844,39.2599983215332,40.38999938964844,3143500,0.0,0.0
2020-09-04 00:00:00-04:00,41.31999969482422,41.81999969482422,39.380001068115234,40.81999969482422,3242200,0.0,0.0
2020-09-08 00:00:00-04:00,40.16999816894531,42.56999969482422,40.060001373291016,41.599998474121094,2915000,0.0,0.0
2020-09-09 00:00:00-04:00,40.70000076293945,41.27000045776367,39.68000030517578,40.66999816894531,2248700,0.0,0.0
2020-09-10 00:00:00-04:00,41.290000915527344,41.66999816894531,40.810001373291016,40.88999938964844,2018800,0.0,0.0
2020-09-11 00:00:00-04:00,40.7599983215332,40.880001068115234,39.77000045776367,40.33000183105469,2445600,0.0,0.0
2020-09-14 00:00:00-04:00,40.79999923706055,41.630001068115234,40.439998626708984,41.5099983215332,1966800,0.0,0.0
2020-09-15 00:00:00-04:00,41.689998626708984,42.470001220703125,41.400001525878906,42.18000030517578,1725100,0.0,0.0
2020-09-16 00:00:00-04:00,42.130001068115234,43.939998626708984,41.56999969482422,43.119998931884766,2406300,0.0,0.0
2020-09-17 00:00:00-04:00,42.4900016784668,43.560001373291016,41.93000030517578,42.150001525878906,1743400,0.0,0.0
2020-09-18 00:00:00-04:00,41.619998931884766,41.900001525878906,40.439998626708984,41.040000915527344,3010800,0.0,0.0
2020-09-21 00:00:00-04:00,39.36000061035156,39.79999923706055,37.540000915527344,37.63999938964844,2862500,0.0,0.0
2020-09-22 00:00:00-04:00,37.849998474121094,38.470001220703125,37.52000045776367,37.880001068115234,1853000,0.0,0.0
2020-09-23 00:00:00-04:00,38.349998474121094,38.84000015258789,36.810001373291016,36.86000061035156,2097400,0.0,0.0
2020-09-24 00:00:00-04:00,36.540000915527344,36.59000015258789,34.83000183105469,35.70000076293945,3326000,0.0,0.0
2020-09-25 00:00:00-04:00,35.4900016784668,36.900001525878906,35.400001525878906,36.70000076293945,1767600,0.0,0.0
2020-09-28 00:00:00-04:00,37.59000015258789,38.2599983215332,36.7400016784668,37.540000915527344,2922800,0.0,0.0
2020-09-29 00:00:00-04:00,37.400001525878906,37.41999816894531,36.279998779296875,36.66999816894531,1743500,0.0,0.0
2020-09-30 00:00:00-04:00,37.59000015258789,38.27000045776367,36.47999954223633,36.630001068115234,1922300,0.0,0.0
2020-10-01 00:00:00-04:00,37.09000015258789,37.209999084472656,36.22999954223633,36.90999984741211,1858700,0.0,0.0
2020-10-02 00:00:00-04:00,35.599998474121094,38.150001525878906,35.310001373291016,37.52000045776367,3904400,0.0,0.0
2020-10-05 00:00:00-04:00,37.91999816894531,38.0,36.869998931884766,37.56999969482422,1987500,0.0,0.0
2020-10-06 00:00:00-04:00,38.220001220703125,38.439998626708984,36.060001373291016,36.09000015258789,2041000,0.0,0.0
2020-10-07 00:00:00-04:00,37.209999084472656,37.63999938964844,36.79999923706055,37.02000045776367,2102900,0.0,0.0
2020-10-08 00:00:00-04:00,37.72999954223633,39.459999084472656,37.619998931884766,38.630001068115234,3650600,0.0,0.0
2020-10-09 00:00:00-04:00,38.22999954223633,39.099998474121094,37.91999816894531,38.689998626708984,2633500,0.0,0.0
2020-10-12 00:00:00-04:00,38.31999969482422,38.59000015258789,37.81999969482422,38.40999984741211,2139600,0.0,0.0
2020-10-13 00:00:00-04:00,38.220001220703125,38.650001525878906,37.810001373291016,38.0,1941000,0.0,0.0
2020-10-14 00:00:00-04:00,38.09000015258789,39.349998474121094,38.09000015258789,38.54999923706055,2196700,0.0,0.0
2020-10-15 00:00:00-04:00,38.02000045776367,38.20000076293945,37.33000183105469,38.029998779296875,1818600,0.0,0.0
2020-10-16 00:00:00-04:00,38.18000030517578,39.75,38.060001373291016,39.349998474121094,2456800,0.0,0.0
2020-10-19 00:00:00-04:00,39.61000061035156,40.86000061035156,39.36000061035156,39.58000183105469,2153500,0.0,0.0
2020-10-20 00:00:00-04:00,40.33000183105469,40.779998779296875,39.689998626708984,39.93000030517578,1678000,0.0,0.0
2020-10-21 00:00:00-04:00,39.689998626708984,40.04999923706055,38.95000076293945,39.689998626708984,1722400,0.0,0.0
2020-10-22 00:00:00-04:00,39.150001525878906,41.31999969482422,38.900001525878906,40.59000015258789,2675800,0.0,0.0
2020-10-23 00:00:00-04:00,40.630001068115234,41.72999954223633,39.83000183105469,41.56999969482422,1974600,0.0,0.0
2020-10-26 00:00:00-04:00,40.880001068115234,41.119998931884766,37.93000030517578,38.58000183105469,2755400,0.0,0.0
2020-10-27 00:00:00-04:00,38.310001373291016,38.560001373291016,37.290000915527344,37.470001220703125,1757600,0.0,0.0
2020-10-28 00:00:00-04:00,36.5,36.77000045776367,35.060001373291016,35.709999084472656,1862300,0.0,0.0
2020-10-29 00:00:00-04:00,35.61000061035156,37.09000015258789,35.52000045776367,36.779998779296875,1971000,0.0,0.0
2020-10-30 00:00:00-04:00,36.54999923706055,37.95000076293945,36.2599983215332,37.88999938964844,2885600,0.0,0.0
2020-11-02 00:00:00-05:00,38.220001220703125,38.43000030517578,36.81999969482422,38.27000045776367,1722800,0.0,0.0
2020-11-03 00:00:00-05:00,39.369998931884766,39.709999084472656,38.220001220703125,38.560001373291016,2132200,0.0,0.0
2020-11-04 00:00:00-05:00,37.72999954223633,39.279998779296875,36.900001525878906,37.79999923706055,2425300,0.0,0.0
2020-11-05 00:00:00-05:00,38.22999954223633,39.54999923706055,38.099998474121094,39.18000030517578,1477000,0.0,0.0
2020-11-06 00:00:00-05:00,38.900001525878906,38.939998626708984,37.7599983215332,38.2599983215332,1340000,0.0,0.0
2020-11-09 00:00:00-05:00,44.7400016784668,46.279998779296875,43.45000076293945,45.90999984741211,7015100,0.0,0.0
2020-11-10 00:00:00-05:00,45.900001525878906,46.650001525878906,44.20000076293945,45.52000045776367,3642700,0.0,0.0
2020-11-11 00:00:00-05:00,45.20000076293945,45.40999984741211,43.68000030517578,44.34000015258789,2186400,0.0,0.0
2020-11-12 00:00:00-05:00,43.04999923706055,44.27000045776367,41.900001525878906,42.40999984741211,2473700,0.0,0.0
2020-11-13 00:00:00-05:00,43.11000061035156,44.869998931884766,42.779998779296875,44.65999984741211,1917000,0.0,0.0
2020-11-16 00:00:00-05:00,47.47999954223633,47.65999984741211,45.279998779296875,47.15999984741211,3729700,0.0,0.0
2020-11-17 00:00:00-05:00,46.34000015258789,48.04999923706055,46.0,47.459999084472656,1802400,0.0,0.0
2020-11-18 00:00:00-05:00,48.5,49.709999084472656,47.599998474121094,47.720001220703125,1985000,0.0,0.0
2020-11-19 00:00:00-05:00,47.36000061035156,48.540000915527344,47.0099983215332,48.4900016784668,1647100,0.0,0.0
2020-11-20 00:00:00-05:00,48.22999954223633,48.2599983215332,46.630001068115234,47.720001220703125,1928300,0.0,0.0
2020-11-23 00:00:00-05:00,48.400001525878906,49.970001220703125,48.18000030517578,49.720001220703125,1887400,0.0,0.0
2020-11-24 00:00:00-05:00,51.41999816894531,52.75,50.2599983215332,52.369998931884766,3327700,0.0,0.0
2020-11-25 00:00:00-05:00,51.939998626708984,52.7400016784668,50.81999969482422,52.470001220703125,1661400,0.0,0.0
2020-11-27 00:00:00-05:00,52.459999084472656,53.41999816894531,51.38999938964844,51.54999923706055,1338100,0.0,0.0
2020-11-30 00:00:00-05:00,52.0,52.0,49.619998931884766,50.970001220703125,2022600,0.0,0.0
2020-12-01 00:00:00-05:00,51.77000045776367,52.56999969482422,50.91999816894531,50.939998626708984,1428300,0.0,0.0
2020-12-02 00:00:00-05:00,50.189998626708984,51.4900016784668,49.90999984741211,51.290000915527344,1824300,0.0,0.0
2020-12-03 00:00:00-05:00,52.18000030517578,54.630001068115234,52.060001373291016,53.0099983215332,2647100,0.0,0.0
2020-12-04 00:00:00-05:00,54.04999923706055,54.959999084472656,52.34000015258789,52.939998626708984,2113600,0.0,0.0
2020-12-07 00:00:00-05:00,52.63999938964844,52.939998626708984,50.79999923706055,51.0099983215332,2707100,0.0,0.0
2020-12-08 00:00:00-05:00,50.5099983215332,51.7599983215332,50.15999984741211,50.970001220703125,1814100,0.0,0.0
2020-12-09 00:00:00-05:00,51.45000076293945,51.849998474121094,49.58000183105469,50.36000061035156,1627800,0.0,0.0
2020-12-10 00:00:00-05:00,49.13999938964844,51.369998931884766,49.099998474121094,51.290000915527344,1335500,0.0,0.0
2020-12-11 00:00:00-05:00,51.18000030517578,51.41999816894531,48.90999984741211,49.880001068115234,1964700,0.0,0.0
2020-12-14 00:00:00-05:00,50.84000015258789,51.0,48.540000915527344,48.93000030517578,2158300,0.0,0.0
2020-12-15 00:00:00-05:00,49.34000015258789,50.56999969482422,48.290000915527344,50.33000183105469,1626900,0.0,0.0
2020-12-16 00:00:00-05:00,49.83000183105469,50.060001373291016,49.04999923706055,49.75,1485700,0.0,0.0
2020-12-17 00:00:00-05:00,50.22999954223633,50.25,49.04999923706055,50.16999816894531,1582100,0.0,0.0
2020-12-18 00:00:00-05:00,49.7400016784668,50.630001068115234,49.599998474121094,50.349998474121094,2931500,0.0,0.0
2020-12-21 00:00:00-05:00,48.90999984741211,50.66999816894531,48.27000045776367,50.220001220703125,2142100,0.0,0.0
2020-12-22 00:00:00-05:00,50.709999084472656,50.7599983215332,49.70000076293945,50.349998474121094,1790900,0.0,0.0
2020-12-23 00:00:00-05:00,50.630001068115234,52.720001220703125,50.61000061035156,51.84000015258789,2143700,0.0,0.0
2020-12-24 00:00:00-05:00,52.25,52.560001373291016,51.119998931884766,52.25,814800,0.0,0.0
2020-12-28 00:00:00-05:00,52.95000076293945,53.7599983215332,52.40999984741211,52.58000183105469,1307900,0.0,0.0
2020-12-29 00:00:00-05:00,52.97999954223633,53.13999938964844,51.779998779296875,52.029998779296875,913000,0.0,0.0
2020-12-30 00:00:00-05:00,52.0,53.029998779296875,51.97999954223633,52.900001525878906,1243000,0.0,0.0
2020-12-31 00:00:00-05:00,52.61000061035156,52.619998931884766,51.869998931884766,52.0,1131600,0.0,0.0
2021-01-04 00:00:00-05:00,52.16999816894531,52.189998626708984,48.810001373291016,49.2400016784668,2218700,0.0,0.0
2021-01-05 00:00:00-05:00,48.84000015258789,50.689998626708984,48.790000915527344,49.86000061035156,1644900,0.0,0.0
2021-01-06 00:00:00-05:00,49.849998474121094,52.119998931884766,49.52000045776367,51.52000045776367,2015000,0.0,0.0
2021-01-07 00:00:00-05:00,51.720001220703125,52.459999084472656,51.279998779296875,51.31999969482422,1227900,0.0,0.0
2021-01-08 00:00:00-05:00,51.790000915527344,51.93000030517578,50.47999954223633,50.97999954223633,1043900,0.0,0.0
2021-01-11 00:00:00-05:00,50.099998474121094,50.849998474121094,49.599998474121094,50.150001525878906,1955800,0.0,0.0
2021-01-12 00:00:00-05:00,50.43000030517578,51.900001525878906,50.13999938964844,51.689998626708984,1958800,0.0,0.0
2021-01-13 00:00:00-05:00,51.459999084472656,52.369998931884766,50.630001068115234,51.849998474121094,1652500,0.0,0.0
2021-01-14 00:00:00-05:00,52.5099983215332,56.13999938964844,52.31999969482422,55.41999816894531,3174900,0.0,0.0
2021-01-15 00:00:00-05:00,55.529998779296875,56.18000030517578,53.56999969482422,53.650001525878906,2052400,0.0,0.0
2021-01-19 00:00:00-05:00,54.470001220703125,55.119998931884766,53.41999816894531,54.709999084472656,1194000,0.0,0.0
2021-01-20 00:00:00-05:00,54.9900016784668,56.099998474121094,54.65999984741211,55.810001373291016,1151600,0.0,0.0
2021-01-21 00:00:00-05:00,54.86000061035156,55.63999938964844,54.15999984741211,54.959999084472656,1334700,0.0,0.0
2021-01-22 00:00:00-05:00,54.20000076293945,54.650001525878906,53.709999084472656,54.470001220703125,935800,0.0,0.0
2021-01-25 00:00:00-05:00,54.0,54.04999923706055,51.22999954223633,52.900001525878906,2800300,0.0,0.0
2021-01-26 00:00:00-05:00,53.5,53.650001525878906,51.619998931884766,51.83000183105469,2737000,0.0,0.0
2021-01-27 00:00:00-05:00,50.970001220703125,51.220001220703125,48.09000015258789,48.849998474121094,3787600,0.0,0.0
2021-01-28 00:00:00-05:00,50.08000183105469,51.97999954223633,50.0099983215332,50.66999816894531,2884400,0.0,0.0
2021-01-29 00:00:00-05:00,50.47999954223633,50.560001373291016,48.130001068115234,48.83000183105469,2231000,0.0,0.0
2021-02-01 00:00:00-05:00,49.36000061035156,50.560001373291016,48.25,49.88999938964844,2704700,0.0,0.0
2021-02-02 00:00:00-05:00,50.849998474121094,51.2400016784668,50.18000030517578,50.65999984741211,2376100,0.0,0.0
2021-02-03 00:00:00-05:00,51.25,52.7400016784668,50.7599983215332,52.540000915527344,1530800,0.0,0.0
2021-02-04 00:00:00-05:00,52.79999923706055,54.709999084472656,52.720001220703125,54.47999954223633,1745400,0.0,0.0
2021-02-05 00:00:00-05:00,54.97999954223633,55.150001525878906,54.04999923706055,54.18000030517578,1163500,0.0,0.0
2021-02-08 00:00:00-05:00,54.599998474121094,57.599998474121094,54.59000015258789,57.08000183105469,1755200,0.0,0.0
2021-02-09 00:00:00-05:00,56.47999954223633,56.59000015258789,55.56999969482422,55.7400016784668,1296300,0.0,0.0
2021-02-10 00:00:00-05:00,56.11000061035156,57.68000030517578,55.650001525878906,57.36000061035156,1445100,0.0,0.0
2021-02-11 00:00:00-05:00,57.040000915527344,57.7400016784668,56.45000076293945,57.689998626708984,1362100,0.0,0.0
2021-02-12 00:00:00-05:00,57.189998626708984,58.16999816894531,56.91999816894531,57.560001373291016,967300,0.0,0.0
2021-02-16 00:00:00-05:00,58.540000915527344,60.099998474121094,57.689998626708984,59.939998626708984,1650700,0.0,0.0
2021-02-17 00:00:00-05:00,59.380001068115234,60.25,58.939998626708984,59.9900016784668,1355100,0.0,0.0
2021-02-18 00:00:00-05:00,59.209999084472656,60.18000030517578,58.43000030517578,59.900001525878906,1415500,0.0,0.0
2021-02-19 00:00:00-05:00,60.41999816894531,62.86000061035156,60.18000030517578,62.279998779296875,1986500,0.0,0.0
2021-02-22 00:00:00-05:00,63.90999984741211,66.12999725341797,62.63999938964844,63.61000061035156,4115900,0.0,0.0
2021-02-23 00:00:00-05:00,64.72000122070312,66.97000122070312,62.150001525878906,66.5199966430664,3113300,0.0,0.0
2021-02-24 00:00:00-05:00,66.9000015258789,68.98999786376953,66.63999938964844,67.44999694824219,3229500,0.0,0.0
2021-02-25 00:00:00-05:00,67.48999786376953,67.88999938964844,64.06999969482422,65.55999755859375,2035100,0.0,0.0
2021-02-26 00:00:00-05:00,65.31999969482422,66.56999969482422,63.58000183105469,65.0199966430664,2203700,0.0,0.0
2021-03-01 00:00:00-05:00,67.08000183105469,67.66999816894531,64.30999755859375,64.83000183105469,2444200,0.0,0.0
2021-03-02 00:00:00-05:00,64.56999969482422,65.81999969482422,64.05000305175781,65.41999816894531,1094500,0.0,0.0
2021-03-03 00:00:00-05:00,66.12999725341797,67.22000122070312,65.18000030517578,65.95999908447266,1212000,0.0,0.0
2021-03-04 00:00:00-05:00,65.31999969482422,66.69999694824219,61.849998474121094,64.62000274658203,1593000,0.0,0.0
2021-03-05 00:00:00-05:00,65.04000091552734,65.29000091552734,59.689998626708984,64.88999938964844,1784000,0.0,0.0
2021-03-08 00:00:00-05:00,65.98999786376953,69.16999816894531,65.61000061035156,67.98999786376953,2201400,0.0,0.0
2021-03-09 00:00:00-05:00,68.66000366210938,68.75,66.20999908447266,66.88999938964844,1448800,0.0,0.0
2021-03-10 00:00:00-05:00,66.36000061035156,67.68000030517578,65.1500015258789,66.38999938964844,1648300,0.0,0.0
2021-03-11 00:00:00-05:00,66.86000061035156,66.98999786376953,65.11000061035156,65.69000244140625,1998700,0.0,0.0
2021-03-12 00:00:00-05:00,66.01000213623047,68.87999725341797,65.80000305175781,68.0199966430664,1865600,0.0,0.0
2021-03-15 00:00:00-04:00,69.44000244140625,72.62000274658203,68.86000061035156,71.9800033569336,3736000,0.0,0.0
2021-03-16 00:00:00-04:00,72.41000366210938,72.5,70.19999694824219,70.5999984741211,2045500,0.0,0.0
2021-03-17 00:00:00-04:00,70.05000305175781,73.26000213623047,69.76000213623047,73.19999694824219,1948900,0.0,0.0
2021-03-18 00:00:00-04:00,72.69000244140625,73.75,70.20999908447266,70.58999633789062,1885800,0.0,0.0
2021-03-19 00:00:00-04:00,69.9800033569336,71.69000244140625,68.22000122070312,70.77999877929688,2414300,0.0,0.0
2021-03-22 00:00:00-04:00,70.41999816894531,70.41999816894531,68.23999786376953,68.55999755859375,1728300,0.0,0.0
2021-03-23 00:00:00-04:00,67.5999984741211,68.79000091552734,65.2300033569336,65.66000366210938,1669800,0.0,0.0
2021-03-24 00:00:00-04:00,66.69999694824219,68.63999938964844,65.37000274658203,65.41999816894531,1305200,0.0,0.0
2021-03-25 00:00:00-04:00,64.25,67.97000122070312,63.5,67.75,2027900,0.0,0.0
2021-03-26 00:00:00-04:00,68.5999984741211,69.54000091552734,66.87999725341797,68.31999969482422,1222300,0.0,0.0
2021-03-29 00:00:00-04:00,68.6500015258789,68.83000183105469,66.3499984741211,67.5,1478900,0.0,0.0
2021-03-30 00:00:00-04:00,68.01000213623047,70.33999633789062,67.75,69.94000244140625,1601800,0.0,0.0
2021-03-31 00:00:00-04:00,70.0199966430664,70.05000305175781,68.56999969482422,69.20999908447266,1184400,0.0,0.0
2021-04-01 00:00:00-04:00,69.66999816894531,70.44000244140625,68.94999694824219,69.48999786376953,810300,0.0,0.0
2021-04-05 00:00:00-04:00,70.73999786376953,72.75,70.48999786376953,71.08999633789062,1427300,0.0,0.0
2021-04-06 00:00:00-04:00,72.44000244140625,73.9000015258789,71.8499984741211,73.73999786376953,2764200,0.0,0.0
2021-04-07 00:00:00-04:00,73.69999694824219,74.25,71.72000122070312,72.36000061035156,1246700,0.0,0.0
2021-04-08 00:00:00-04:00,71.77999877929688,72.94999694824219,70.36000061035156,72.69000244140625,1278600,0.0,0.0
2021-04-09 00:00:00-04:00,72.69999694824219,72.94999694824219,71.58999633789062,72.62999725341797,909500,0.0,0.0
2021-04-12 00:00:00-04:00,72.0,72.47000122070312,70.66000366210938,71.30000305175781,1024900,0.0,0.0
2021-04-13 00:00:00-04:00,70.5199966430664,70.83000183105469,67.76000213623047,70.22000122070312,3012600,0.0,0.0
2021-04-14 00:00:00-04:00,71.58999633789062,72.4000015258789,70.41000366210938,70.56999969482422,1550200,0.0,0.0
2021-04-15 00:00:00-04:00,71.51000213623047,71.66000366210938,68.47000122070312,69.43000030517578,1750600,0.0,0.0
2021-04-16 00:00:00-04:00,69.69999694824219,70.55000305175781,68.69000244140625,69.33000183105469,1465800,0.0,0.0
2021-04-19 00:00:00-04:00,69.0,69.18000030517578,67.87999725341797,68.7699966430664,1286300,0.0,0.0
2021-04-20 00:00:00-04:00,67.88999938964844,68.02999877929688,65.44000244140625,66.9000015258789,1749800,0.0,0.0
2021-04-21 00:00:00-04:00,66.5,68.83000183105469,64.80999755859375,68.83000183105469,1668900,0.0,0.0
2021-04-22 00:00:00-04:00,70.0,70.23999786376953,66.95999908447266,66.95999908447266,2410600,0.0,0.0
2021-04-23 00:00:00-04:00,67.55000305175781,69.55000305175781,67.19999694824219,69.20999908447266,1187300,0.0,0.0
2021-04-26 00:00:00-04:00,70.4000015258789,70.94999694824219,68.70999908447266,69.4800033569336,1824100,0.0,0.0
2021-04-27 00:00:00-04:00,69.0,69.72000122070312,68.48999786376953,69.08000183105469,838300,0.0,0.0
2021-04-28 00:00:00-04:00,68.86000061035156,69.0,68.05000305175781,68.6500015258789,1023000,0.0,0.0
2021-04-29 00:00:00-04:00,69.2699966430664,69.51000213623047,68.19000244140625,68.56999969482422,889400,0.0,0.0
2021-04-30 00:00:00-04:00,67.95999908447266,69.72000122070312,67.8499984741211,69.13999938964844,1616300,0.0,0.0
2021-05-03 00:00:00-04:00,69.45999908447266,69.80000305175781,68.05000305175781,68.69000244140625,1186100,0.0,0.0
2021-05-04 00:00:00-04:00,68.12000274658203,68.88999938964844,65.87000274658203,66.55999755859375,1887800,0.0,0.0
2021-05-05 00:00:00-04:00,65.9800033569336,67.80000305175781,65.9800033569336,66.91000366210938,1159900,0.0,0.0
2021-05-06 00:00:00-04:00,67.0199966430664,67.4000015258789,65.77999877929688,67.04000091552734,1014700,0.0,0.0
2021-05-07 00:00:00-04:00,66.5,68.56999969482422,66.5,67.9000015258789,829200,0.0,0.0
2021-05-10 00:00:00-04:00,68.0,68.52999877929688,67.02999877929688,67.08999633789062,814300,0.0,0.0
2021-05-11 00:00:00-04:00,65.30000305175781,66.05000305175781,63.63999938964844,65.54000091552734,1279800,0.0,0.0
2021-05-12 00:00:00-04:00,65.2300033569336,66.48999786376953,64.55000305175781,64.7699966430664,1809400,0.0,0.0
2021-05-13 00:00:00-04:00,65.4000015258789,67.66000366210938,65.25,67.16000366210938,1592100,0.0,0.0
2021-05-14 00:00:00-04:00,68.08000183105469,70.25,68.08000183105469,69.83999633789062,1454300,0.0,0.0
2021-05-17 00:00:00-04:00,69.19999694824219,71.87000274658203,68.52999877929688,71.66999816894531,2057900,0.0,0.0
2021-05-18 00:00:00-04:00,72.0,72.91999816894531,70.29000091552734,70.29000091552734,1457200,0.0,0.0
2021-05-19 00:00:00-04:00,69.29000091552734,69.7699966430664,67.9000015258789,69.33000183105469,953200,0.0,0.0
2021-05-20 00:00:00-04:00,69.87999725341797,69.87999725341797,67.52999877929688,68.43000030517578,834500,0.0,0.0
2021-05-21 00:00:00-04:00,68.87999725341797,69.30000305175781,68.0,68.06999969482422,1083500,0.0,0.0
2021-05-24 00:00:00-04:00,68.43000030517578,69.36000061035156,67.75,69.25,794400,0.0,0.0
2021-05-25 00:00:00-04:00,68.95999908447266,70.30000305175781,68.0999984741211,68.25,1780700,0.0,0.0
2021-05-26 00:00:00-04:00,68.7699966430664,69.94999694824219,68.62999725341797,69.63999938964844,1143700,0.0,0.0
2021-05-27 00:00:00-04:00,70.13999938964844,70.61000061035156,69.38999938964844,70.43000030517578,856400,0.0,0.0
2021-05-28 00:00:00-04:00,70.3499984741211,70.37999725341797,68.94999694824219,69.19999694824219,1158100,0.0,0.0
2021-06-01 00:00:00-04:00,69.93000030517578,70.9000015258789,68.91000366210938,69.54000091552734,1557000,0.0,0.0
2021-06-02 00:00:00-04:00,69.83999633789062,69.8499984741211,67.54000091552734,67.83999633789062,1876100,0.0,0.0
2021-06-03 00:00:00-04:00,66.83000183105469,67.33999633789062,65.33000183105469,65.45999908447266,2206500,0.0,0.0
2021-06-04 00:00:00-04:00,65.77999877929688,66.16999816894531,64.81999969482422,65.44999694824219,1267500,0.0,0.0
2021-06-07 00:00:00-04:00,65.91000366210938,66.38999938964844,65.26000213623047,65.55999755859375,1094000,0.0,0.0
2021-06-08 00:00:00-04:00,66.0,66.94000244140625,65.16999816894531,66.30000305175781,1272400,0.0,0.0
2021-06-09 00:00:00-04:00,66.5999984741211,66.66000366210938,65.5,65.62000274658203,1010400,0.0,0.0
2021-06-10 00:00:00-04:00,67.01000213623047,67.01000213623047,64.76000213623047,64.9000015258789,1491800,0.0,0.0
2021-06-11 00:00:00-04:00,64.86000061035156,65.83000183105469,63.43000030517578,65.4800033569336,2844200,0.0,0.0
2021-06-14 00:00:00-04:00,65.12000274658203,65.75,64.2699966430664,64.44999694824219,1942800,0.0,0.0
2021-06-15 00:00:00-04:00,64.70999908447266,64.94000244140625,63.540000915527344,64.33000183105469,1720900,0.0,0.0
2021-06-16 00:00:00-04:00,64.4000015258789,64.91000366210938,63.619998931884766,63.93000030517578,1306500,0.0,0.0
2021-06-17 00:00:00-04:00,64.18000030517578,64.51000213623047,61.880001068115234,62.63999938964844,1720000,0.0,0.0
2021-06-18 00:00:00-04:00,62.43000030517578,64.12999725341797,62.0099983215332,63.310001373291016,3381600,0.0,0.0
2021-06-21 00:00:00-04:00,63.790000915527344,65.16000366210938,63.599998474121094,65.0199966430664,1516700,0.0,0.0
2021-06-22 00:00:00-04:00,64.61000061035156,64.97000122070312,63.099998474121094,64.20999908447266,1818000,0.0,0.0
2021-06-23 00:00:00-04:00,64.30000305175781,64.48999786376953,63.7400016784668,63.779998779296875,1495300,0.0,0.0
2021-06-24 00:00:00-04:00,64.19000244140625,64.4000015258789,63.060001373291016,63.54999923706055,1281800,0.0,0.0
2021-06-25 00:00:00-04:00,63.41999816894531,63.709999084472656,62.90999984741211,63.27000045776367,1693600,0.0,0.0
2021-06-28 00:00:00-04:00,62.45000076293945,62.689998626708984,60.52000045776367,61.45000076293945,2038700,0.0,0.0
2021-06-29 00:00:00-04:00,61.27000045776367,61.630001068115234,59.849998474121094,60.130001068115234,3916100,0.0,0.0
2021-06-30 00:00:00-04:00,60.0099983215332,60.619998931884766,59.83000183105469,60.310001373291016,4112700,0.0,0.0
2021-07-01 00:00:00-04:00,60.86000061035156,61.54999923706055,60.459999084472656,61.43000030517578,2243600,0.0,0.0
2021-07-02 00:00:00-04:00,61.689998626708984,61.75,60.40999984741211,60.709999084472656,1194700,0.0,0.0
2021-07-06 00:00:00-04:00,60.7400016784668,61.09000015258789,58.939998626708984,59.189998626708984,1452200,0.0,0.0
2021-07-07 00:00:00-04:00,58.9900016784668,59.630001068115234,57.220001220703125,57.619998931884766,2208000,0.0,0.0
2021-07-08 00:00:00-04:00,56.5,58.72999954223633,55.93000030517578,57.779998779296875,1830700,0.0,0.0
2021-07-09 00:00:00-04:00,58.650001525878906,59.59000015258789,58.27000045776367,59.380001068115234,1213500,0.0,0.0
2021-07-12 00:00:00-04:00,58.81999969482422,59.79999923706055,58.06999969482422,59.66999816894531,1297400,0.0,0.0
2021-07-13 00:00:00-04:00,59.029998779296875,59.11000061035156,57.470001220703125,57.619998931884766,1810300,0.0,0.0
2021-07-14 00:00:00-04:00,58.5,59.38999938964844,57.209999084472656,57.54999923706055,1533700,0.0,0.0
2021-07-15 00:00:00-04:00,57.09000015258789,58.0,56.0099983215332,56.90999984741211,1939000,0.0,0.0
2021-07-16 00:00:00-04:00,57.5,57.619998931884766,54.36000061035156,54.619998931884766,2810200,0.0,0.0
2021-07-19 00:00:00-04:00,52.84000015258789,53.709999084472656,51.75,52.83000183105469,3103700,0.0,0.0
2021-07-20 00:00:00-04:00,52.81999969482422,55.90999984741211,52.58000183105469,55.47999954223633,2404400,0.0,0.0
2021-07-21 00:00:00-04:00,56.33000183105469,58.220001220703125,56.2599983215332,57.59000015258789,2659100,0.0,0.0
2021-07-22 00:00:00-04:00,56.86000061035156,58.97999954223633,55.400001525878906,57.97999954223633,4907400,0.0,0.0
2021-07-23 00:00:00-04:00,58.86000061035156,59.47999954223633,57.7400016784668,58.25,1920000,0.0,0.0
2021-07-26 00:00:00-04:00,58.2599983215332,60.65999984741211,58.2599983215332,60.560001373291016,2326900,0.0,0.0
2021-07-27 00:00:00-04:00,60.34000015258789,60.4900016784668,59.08000183105469,59.31999969482422,1552500,0.0,0.0
2021-07-28 00:00:00-04:00,59.900001525878906,60.20000076293945,58.31999969482422,59.65999984741211,1586200,0.0,0.0
2021-07-29 00:00:00-04:00,60.290000915527344,60.5,58.81999969482422,58.849998474121094,1423400,0.0,0.0
2021-07-30 00:00:00-04:00,58.119998931884766,59.41999816894531,57.70000076293945,58.029998779296875,2072600,0.0,0.0
2021-08-02 00:00:00-04:00,58.209999084472656,59.72999954223633,56.619998931884766,56.709999084472656,2440100,0.0,0.0
2021-08-03 00:00:00-04:00,56.7400016784668,57.20000076293945,55.20000076293945,57.189998626708984,1833300,0.0,0.0
2021-08-04 00:00:00-04:00,56.13999938964844,56.959999084472656,54.790000915527344,55.2400016784668,2127400,0.0,0.0
2021-08-05 00:00:00-04:00,55.25,57.869998931884766,55.150001525878906,57.560001373291016,2223800,0.0,0.0
2021-08-06 00:00:00-04:00,58.13999938964844,58.4900016784668,57.02000045776367,57.869998931884766,1499300,0.0,0.0
2021-08-09 00:00:00-04:00,57.06999969482422,57.470001220703125,55.869998931884766,56.86000061035156,1344900,0.0,0.0
2021-08-10 00:00:00-04:00,56.810001373291016,58.97999954223633,56.52000045776367,58.470001220703125,1621300,0.0,0.0
2021-08-11 00:00:00-04:00,57.849998474121094,59.720001220703125,57.5099983215332,59.45000076293945,2010100,0.0,0.0
2021-08-12 00:00:00-04:00,59.119998931884766,59.25,57.709999084472656,58.56999969482422,1174800,0.0,0.0
2021-08-13 00:00:00-04:00,58.43000030517578,58.54999923706055,57.45000076293945,57.619998931884766,1099300,0.0,0.0
2021-08-16 00:00:00-04:00,57.119998931884766,57.52000045776367,56.09000015258789,57.36000061035156,1417000,0.0,0.0
2021-08-17 00:00:00-04:00,56.459999084472656,56.4900016784668,54.560001373291016,55.2400016784668,1861700,0.0,0.0
2021-08-18 00:00:00-04:00,55.08000183105469,56.16999816894531,54.75,54.88999938964844,2306300,0.0,0.0
2021-08-19 00:00:00-04:00,54.529998779296875,54.81999969482422,52.880001068115234,53.97999954223633,1745700,0.0,0.0
2021-08-20 00:00:00-04:00,53.83000183105469,54.459999084472656,53.599998474121094,54.349998474121094,1248900,0.0,0.0
2021-08-23 00:00:00-04:00,55.0,56.06999969482422,54.939998626708984,55.150001525878906,2324100,0.0,0.0
2021-08-24 00:00:00-04:00,56.040000915527344,57.47999954223633,55.959999084472656,57.119998931884766,1393500,0.0,0.0
2021-08-25 00:00:00-04:00,57.130001068115234,58.09000015258789,56.709999084472656,57.65999984741211,1336300,0.0,0.0
2021-08-26 00:00:00-04:00,57.22999954223633,58.18000030517578,56.650001525878906,57.18000030517578,1343800,0.0,0.0
2021-08-27 00:00:00-04:00,57.33000183105469,58.720001220703125,57.310001373291016,58.220001220703125,1415600,0.0,0.0
2021-08-30 00:00:00-04:00,58.5099983215332,58.5099983215332,56.529998779296875,56.709999084472656,1247100,0.0,0.0
2021-08-31 00:00:00-04:00,56.599998474121094,57.709999084472656,56.36000061035156,57.34000015258789,1413600,0.0,0.0
2021-09-01 00:00:00-04:00,57.779998779296875,57.869998931884766,56.61000061035156,57.22999954223633,1175200,0.0,0.0
2021-09-02 00:00:00-04:00,57.45000076293945,58.290000915527344,56.790000915527344,57.84000015258789,1148800,0.0,0.0
2021-09-03 00:00:00-04:00,57.63999938964844,58.560001373291016,56.849998474121094,57.11000061035156,1394900,0.0,0.0
2021-09-07 00:00:00-04:00,56.25,57.41999816894531,56.119998931884766,57.13999938964844,1255200,0.0,0.0
2021-09-08 00:00:00-04:00,57.27000045776367,58.099998474121094,56.150001525878906,56.38999938964844,1357300,0.0,0.0
2021-09-09 00:00:00-04:00,56.130001068115234,59.2400016784668,55.84000015258789,58.20000076293945,2208300,0.0,0.0
2021-09-10 00:00:00-04:00,58.36000061035156,58.40999984741211,56.02000045776367,56.09000015258789,2097900,0.0,0.0
2021-09-13 00:00:00-04:00,56.72999954223633,57.650001525878906,55.43000030517578,57.15999984741211,1363900,0.0,0.0
2021-09-14 00:00:00-04:00,56.7599983215332,57.130001068115234,55.95000076293945,56.29999923706055,1082900,0.0,0.0
2021-09-15 00:00:00-04:00,56.20000076293945,56.5099983215332,55.45000076293945,56.34000015258789,1565400,0.0,0.0
2021-09-16 00:00:00-04:00,56.849998474121094,57.599998474121094,56.720001220703125,57.02000045776367,1378800,0.0,0.0
2021-09-17 00:00:00-04:00,57.15999984741211,58.040000915527344,56.220001220703125,56.91999816894531,2370900,0.0,0.0
2021-09-20 00:00:00-04:00,56.400001525878906,57.43000030517578,55.72999954223633,56.959999084472656,2284900,0.0,0.0
2021-09-21 00:00:00-04:00,57.40999984741211,58.040000915527344,55.900001525878906,56.11000061035156,1565300,0.0,0.0
2021-09-22 00:00:00-04:00,56.56999969482422,58.08000183105469,56.56999969482422,57.45000076293945,1909900,0.0,0.0
2021-09-23 00:00:00-04:00,57.939998626708984,60.2599983215332,57.79999923706055,59.79999923706055,2608100,0.0,0.0
2021-09-24 00:00:00-04:00,59.86000061035156,61.38999938964844,59.70000076293945,60.790000915527344,2053500,0.0,0.0
2021-09-27 00:00:00-04:00,61.63999938964844,62.849998474121094,61.16999816894531,61.25,1880700,0.0,0.0
2021-09-28 00:00:00-04:00,61.27000045776367,62.369998931884766,61.0099983215332,61.220001220703125,1729100,0.0,0.0
2021-09-29 00:00:00-04:00,61.5,61.709999084472656,60.36000061035156,60.45000076293945,1795600,0.0,0.0
2021-09-30 00:00:00-04:00,60.18000030517578,60.18000030517578,58.15999984741211,58.599998474121094,2020300,0.0,0.0
2021-10-01 00:00:00-04:00,60.529998779296875,62.68000030517578,59.81999969482422,62.20000076293945,2619700,0.0,0.0
2021-10-04 00:00:00-04:00,62.77000045776367,63.7599983215332,61.970001220703125,62.09000015258789,1858100,0.0,0.0
2021-10-05 00:00:00-04:00,62.189998626708984,62.90999984741211,61.20000076293945,61.599998474121094,1705300,0.0,0.0
2021-10-06 00:00:00-04:00,59.900001525878906,61.08000183105469,59.5099983215332,61.04999923706055,1639100,0.0,0.0
2021-10-07 00:00:00-04:00,61.72999954223633,61.869998931884766,60.209999084472656,60.2400016784668,1522500,0.0,0.0
2021-10-08 00:00:00-04:00,60.4900016784668,60.72999954223633,59.45000076293945,59.79999923706055,899700,0.0,0.0
2021-10-11 00:00:00-04:00,59.209999084472656,60.02000045776367,58.33000183105469,58.459999084472656,1550700,0.0,0.0
2021-10-12 00:00:00-04:00,58.16999816894531,58.88999938964844,57.630001068115234,58.43000030517578,1783500,0.0,0.0
2021-10-13 00:00:00-04:00,58.040000915527344,58.040000915527344,56.43000030517578,57.040000915527344,2183600,0.0,0.0
2021-10-14 00:00:00-04:00,57.52000045776367,58.0099983215332,56.93000030517578,57.52000045776367,1243900,0.0,0.0
2021-10-15 00:00:00-04:00,58.939998626708984,59.119998931884766,57.68000030517578,57.77000045776367,1932900,0.0,0.0
2021-10-18 00:00:00-04:00,57.16999816894531,57.959999084472656,56.70000076293945,57.41999816894531,1257800,0.0,0.0
2021-10-19 00:00:00-04:00,57.56999969482422,57.619998931884766,56.439998626708984,56.939998626708984,1720600,0.0,0.0
2021-10-20 00:00:00-04:00,57.0099983215332,57.86000061035156,56.22999954223633,57.25,2070400,0.0,0.0
2021-10-21 00:00:00-04:00,57.47999954223633,58.0,55.88999938964844,56.20000076293945,2741800,0.0,0.0
2021-10-22 00:00:00-04:00,55.2400016784668,55.65999984741211,53.63999938964844,53.810001373291016,3087100,0.0,0.0
2021-10-25 00:00:00-04:00,53.70000076293945,54.630001068115234,53.400001525878906,53.939998626708984,1842600,0.0,0.0
2021-10-26 00:00:00-04:00,54.810001373291016,55.29999923706055,54.040000915527344,54.27000045776367,1588300,0.0,0.0
2021-10-27 00:00:00-04:00,54.369998931884766,54.470001220703125,52.689998626708984,52.709999084472656,1550300,0.0,0.0
2021-10-28 00:00:00-04:00,52.790000915527344,53.439998626708984,52.619998931884766,52.86000061035156,1527900,0.0,0.0
2021-10-29 00:00:00-04:00,52.90999984741211,53.5,52.20000076293945,52.79999923706055,1681700,0.0,0.0
2021-11-01 00:00:00-04:00,53.02000045776367,54.7400016784668,52.599998474121094,54.709999084472656,1755200,0.0,0.0
2021-11-02 00:00:00-04:00,54.5099983215332,54.619998931884766,53.61000061035156,54.45000076293945,1400700,0.0,0.0
2021-11-03 00:00:00-04:00,54.15999984741211,55.9900016784668,53.959999084472656,55.93000030517578,1690700,0.0,0.0
2021-11-04 00:00:00-04:00,56.16999816894531,56.400001525878906,55.2599983215332,55.72999954223633,1215000,0.0,0.0
2021-11-05 00:00:00-04:00,58.54999923706055,59.72999954223633,58.130001068115234,59.349998474121094,2460000,0.0,0.0
2021-11-08 00:00:00-05:00,59.68000030517578,60.119998931884766,58.63999938964844,58.880001068115234,1935900,0.0,0.0
2021-11-09 00:00:00-05:00,58.81999969482422,59.20000076293945,57.959999084472656,58.83000183105469,1510300,0.0,0.0
2021-11-10 00:00:00-05:00,58.189998626708984,58.81999969482422,57.2599983215332,57.540000915527344,1321700,0.0,0.0
2021-11-11 00:00:00-05:00,57.52000045776367,57.720001220703125,56.7400016784668,56.810001373291016,807000,0.0,0.0
2021-11-12 00:00:00-05:00,56.81999969482422,57.130001068115234,55.04999923706055,55.650001525878906,2387300,0.0,0.0
2021-11-15 00:00:00-05:00,56.04999923706055,56.400001525878906,55.380001068115234,55.66999816894531,1222800,0.0,0.0
2021-11-16 00:00:00-05:00,55.439998626708984,55.54999923706055,53.560001373291016,53.88999938964844,2343900,0.0,0.0
2021-11-17 00:00:00-05:00,53.70000076293945,54.060001373291016,52.95000076293945,53.540000915527344,1288700,0.0,0.0
2021-11-18 00:00:00-05:00,53.63999938964844,53.75,52.040000915527344,52.540000915527344,1805500,0.0,0.0
2021-11-19 00:00:00-05:00,51.900001525878906,52.84000015258789,50.97999954223633,52.7400016784668,3461100,0.0,0.0
2021-11-22 00:00:00-05:00,53.22999954223633,53.880001068115234,52.47999954223633,53.08000183105469,1918400,0.0,0.0
2021-11-23 00:00:00-05:00,53.68000030517578,54.09000015258789,52.470001220703125,52.72999954223633,1219400,0.0,0.0
2021-11-24 00:00:00-05:00,52.2400016784668,53.650001525878906,51.959999084472656,52.90999984741211,1524700,0.0,0.0
2021-11-26 00:00:00-05:00,50.0,50.06999969482422,47.380001068115234,49.45000076293945,3092200,0.0,0.0
2021-11-29 00:00:00-05:00,50.189998626708984,50.97999954223633,48.7599983215332,49.45000076293945,2660100,0.0,0.0
2021-11-30 00:00:00-05:00,48.5,49.130001068115234,47.560001373291016,48.56999969482422,2259100,0.0,0.0
2021-12-01 00:00:00-05:00,49.959999084472656,50.220001220703125,46.2599983215332,46.290000915527344,2593900,0.0,0.0
2021-12-02 00:00:00-05:00,47.0,49.849998474121094,46.79999923706055,49.52000045776367,2210000,0.0,0.0
2021-12-03 00:00:00-05:00,49.310001373291016,49.720001220703125,47.72999954223633,48.56999969482422,1682000,0.0,0.0
2021-12-06 00:00:00-05:00,49.5099983215332,52.27000045776367,49.470001220703125,50.619998931884766,2716100,0.0,0.0
2021-12-07 00:00:00-05:00,51.2599983215332,51.849998474121094,49.91999816894531,50.349998474121094,1873800,0.0,0.0
2021-12-08 00:00:00-05:00,50.77000045776367,52.900001525878906,50.61000061035156,51.43000030517578,2171100,0.0,0.0
2021-12-09 00:00:00-05:00,50.720001220703125,51.779998779296875,49.849998474121094,51.41999816894531,2309200,0.0,0.0
2021-12-10 00:00:00-05:00,51.439998626708984,52.060001373291016,50.720001220703125,51.66999816894531,2007000,0.0,0.0
2021-12-13 00:00:00-05:00,50.81999969482422,50.939998626708984,49.68000030517578,50.29999923706055,1627900,0.0,0.0
2021-12-14 00:00:00-05:00,50.20000076293945,51.689998626708984,50.0099983215332,50.13999938964844,1555000,0.0,0.0
2021-12-15 00:00:00-05:00,50.20000076293945,50.43000030517578,48.779998779296875,50.27000045776367,1837400,0.0,0.0
2021-12-16 00:00:00-05:00,50.810001373291016,51.13999938964844,49.040000915527344,49.220001220703125,1728700,0.0,0.0
2021-12-17 00:00:00-05:00,49.369998931884766,50.97999954223633,48.709999084472656,50.029998779296875,3779800,0.0,0.0
2021-12-20 00:00:00-05:00,48.9900016784668,50.20000076293945,48.27000045776367,49.34000015258789,1870100,0.0,0.0
2021-12-21 00:00:00-05:00,50.0,52.279998779296875,49.880001068115234,52.06999969482422,2166200,0.0,0.0
2021-12-22 00:00:00-05:00,52.2400016784668,52.720001220703125,51.56999969482422,52.189998626708984,1605000,0.0,0.0
2021-12-23 00:00:00-05:00,53.0,53.290000915527344,52.400001525878906,53.02000045776367,1996000,0.0,0.0
2021-12-27 00:00:00-05:00,51.83000183105469,52.970001220703125,51.439998626708984,52.619998931884766,1471900,0.0,0.0
2021-12-28 00:00:00-05:00,52.099998474121094,53.400001525878906,51.97999954223633,52.900001525878906,1292300,0.0,0.0
2021-12-29 00:00:00-05:00,52.40999984741211,52.5099983215332,51.84000015258789,52.13999938964844,1429400,0.0,0.0
2021-12-30 00:00:00-05:00,51.880001068115234,52.91999816894531,51.79999923706055,51.939998626708984,1667400,0.0,0.0
2021-12-31 00:00:00-05:00,51.93000030517578,52.439998626708984,51.619998931884766,52.099998474121094,1273400,0.0,0.0
2022-01-03 00:00:00-05:00,52.86000061035156,54.630001068115234,52.83000183105469,54.06999969482422,1942000,0.0,0.0
2022-01-04 00:00:00-05:00,55.189998626708984,55.61000061035156,54.33000183105469,55.45000076293945,2613800,0.0,0.0
2022-01-05 00:00:00-05:00,55.81999969482422,56.33000183105469,54.709999084472656,54.77000045776367,1914900,0.0,0.0
2022-01-06 00:00:00-05:00,55.689998626708984,55.9900016784668,54.16999816894531,54.459999084472656,1593400,0.0,0.0
2022-01-07 00:00:00-05:00,55.06999969482422,56.68000030517578,54.72999954223633,55.86000061035156,1831800,0.0,0.0
2022-01-10 00:00:00-05:00,56.25,56.560001373291016,54.52000045776367,55.099998474121094,2206300,0.0,0.0
2022-01-11 00:00:00-05:00,55.0,56.20000076293945,54.93000030517578,55.9900016784668,1222200,0.0,0.0
2022-01-12 00:00:00-05:00,55.61000061035156,56.18000030517578,55.02000045776367,55.150001525878906,1207600,0.0,0.0
2022-01-13 00:00:00-05:00,55.5,57.599998474121094,55.20000076293945,56.54999923706055,1901000,0.0,0.0
2022-01-14 00:00:00-05:00,55.880001068115234,56.34000015258789,54.95000076293945,55.790000915527344,1552400,0.0,0.0
2022-01-18 00:00:00-05:00,55.029998779296875,56.150001525878906,54.81999969482422,54.97999954223633,1335400,0.0,0.0
2022-01-19 00:00:00-05:00,55.130001068115234,55.70000076293945,54.29999923706055,54.369998931884766,1587500,0.0,0.0
2022-01-20 00:00:00-05:00,54.599998474121094,55.66999816894531,53.68000030517578,53.810001373291016,1646700,0.0,0.0
2022-01-21 00:00:00-05:00,53.4900016784668,53.7599983215332,51.81999969482422,52.02000045776367,2106200,0.0,0.0
2022-01-24 00:00:00-05:00,50.59000015258789,51.5,48.72999954223633,51.400001525878906,3193600,0.0,0.0
2022-01-25 00:00:00-05:00,50.75,52.5,50.66999816894531,52.189998626708984,2487400,0.0,0.0
2022-01-26 00:00:00-05:00,53.209999084472656,54.029998779296875,51.58000183105469,52.310001373291016,2531900,0.0,0.0
2022-01-27 00:00:00-05:00,53.86000061035156,56.04999923706055,52.38999938964844,52.599998474121094,3345000,0.0,0.0
2022-01-28 00:00:00-05:00,52.2599983215332,52.630001068115234,49.72999954223633,52.25,2280800,0.0,0.0
2022-01-31 00:00:00-05:00,51.56999969482422,54.84000015258789,51.380001068115234,54.7400016784668,2220100,0.0,0.0
2022-02-01 00:00:00-05:00,55.0099983215332,55.880001068115234,54.40999984741211,54.810001373291016,1908500,0.0,0.0
2022-02-02 00:00:00-05:00,54.560001373291016,54.900001525878906,53.599998474121094,54.349998474121094,1534800,0.0,0.0
2022-02-03 00:00:00-05:00,54.099998474121094,54.61000061035156,53.119998931884766,53.2400016784668,1374200,0.0,0.0
2022-02-04 00:00:00-05:00,52.81999969482422,53.7400016784668,52.33000183105469,53.4900016784668,1282400,0.0,0.0
2022-02-07 00:00:00-05:00,54.529998779296875,55.88999938964844,54.47999954223633,55.36000061035156,2038200,0.0,0.0
2022-02-08 00:00:00-05:00,55.93000030517578,57.7400016784668,55.349998474121094,57.650001525878906,2328500,0.0,0.0
2022-02-09 00:00:00-05:00,58.0,59.15999984741211,57.86000061035156,58.59000015258789,2096600,0.0,0.0
2022-02-10 00:00:00-05:00,58.09000015258789,59.869998931884766,57.88999938964844,58.619998931884766,2001100,0.0,0.0
2022-02-11 00:00:00-05:00,58.91999816894531,59.68000030517578,55.900001525878906,56.84000015258789,2248400,0.0,0.0
2022-02-14 00:00:00-05:00,57.04999923706055,58.08000183105469,56.56999969482422,57.0099983215332,2260200,0.0,0.0
2022-02-15 00:00:00-05:00,58.709999084472656,60.25,58.400001525878906,59.90999984741211,2514300,0.0,0.0
2022-02-16 00:00:00-05:00,59.369998931884766,61.06999969482422,59.150001525878906,60.310001373291016,1915900,0.0,0.0
2022-02-17 00:00:00-05:00,59.380001068115234,59.83000183105469,58.47999954223633,58.88999938964844,1207000,0.0,0.0
2022-02-18 00:00:00-05:00,58.79999923706055,59.91999816894531,58.40999984741211,58.790000915527344,2603700,0.0,0.0
2022-02-22 00:00:00-05:00,58.0,59.22999954223633,57.349998474121094,57.83000183105469,1745200,0.0,0.0
2022-02-23 00:00:00-05:00,58.290000915527344,58.5099983215332,55.63999938964844,55.81999969482422,1758700,0.0,0.0
2022-02-24 00:00:00-05:00,52.47999954223633,56.459999084472656,51.619998931884766,56.20000076293945,2608600,0.0,0.0
2022-02-25 00:00:00-05:00,56.75,58.150001525878906,56.34000015258789,57.56999969482422,2021700,0.0,0.0
2022-02-28 00:00:00-05:00,56.349998474121094,56.900001525878906,55.20000076293945,56.13999938964844,2879100,0.0,0.0
2022-03-01 00:00:00-05:00,55.349998474121094,55.7400016784668,51.95000076293945,52.34000015258789,3083700,0.0,0.0
2022-03-02 00:00:00-05:00,53.18000030517578,53.650001525878906,52.02000045776367,52.619998931884766,1975100,0.0,0.0
2022-03-03 00:00:00-05:00,53.22999954223633,53.75,51.040000915527344,51.41999816894531,1915300,0.0,0.0
2022-03-04 00:00:00-05:00,50.099998474121094,50.54999923706055,48.52000045776367,49.13999938964844,2533300,0.0,0.0
2022-03-07 00:00:00-05:00,48.5,48.869998931884766,43.619998931884766,43.689998626708984,3682500,0.0,0.0
2022-03-08 00:00:00-05:00,45.08000183105469,48.790000915527344,43.459999084472656,46.66999816894531,4209500,0.0,0.0
2022-03-09 00:00:00-05:00,48.560001373291016,50.060001373291016,48.290000915527344,48.630001068115234,3640700,0.0,0.0
2022-03-10 00:00:00-05:00,47.61000061035156,49.77000045776367,46.79999923706055,49.150001525878906,2121200,0.0,0.0
2022-03-11 00:00:00-05:00,50.560001373291016,50.7599983215332,48.599998474121094,48.81999969482422,2191800,0.0,0.0
2022-03-14 00:00:00-04:00,49.5,50.810001373291016,48.529998779296875,49.599998474121094,2467000,0.0,0.0
2022-03-15 00:00:00-04:00,52.18000030517578,53.33000183105469,50.540000915527344,51.7400016784668,2710600,0.0,0.0
2022-03-16 00:00:00-04:00,52.380001068115234,54.849998474121094,52.380001068115234,54.689998626708984,2889900,0.0,0.0
2022-03-17 00:00:00-04:00,53.16999816894531,54.54999923706055,52.70000076293945,54.31999969482422,2008900,0.0,0.0
2022-03-18 00:00:00-04:00,54.060001373291016,55.58000183105469,53.58000183105469,55.189998626708984,2435100,0.0,0.0
2022-03-21 00:00:00-04:00,54.540000915527344,54.7599983215332,53.029998779296875,53.7400016784668,2016800,0.0,0.0
2022-03-22 00:00:00-04:00,54.290000915527344,55.16999816894531,54.209999084472656,54.529998779296875,1738000,0.0,0.0
2022-03-23 00:00:00-04:00,54.04999923706055,54.7599983215332,53.79999923706055,54.119998931884766,2184600,0.0,0.0
2022-03-24 00:00:00-04:00,55.400001525878906,56.0,54.2599983215332,55.939998626708984,2265800,0.0,0.0
2022-03-25 00:00:00-04:00,56.529998779296875,57.77000045776367,56.099998474121094,57.439998626708984,2196600,0.0,0.0
2022-03-28 00:00:00-04:00,57.75,58.11000061035156,56.599998474121094,57.189998626708984,1931700,0.0,0.0
2022-03-29 00:00:00-04:00,58.880001068115234,59.540000915527344,57.47999954223633,58.38999938964844,2999800,0.0,0.0
2022-03-30 00:00:00-04:00,57.849998474121094,58.599998474121094,57.38999938964844,58.0099983215332,1635400,0.0,0.0
2022-03-31 00:00:00-04:00,58.16999816894531,58.849998474121094,57.630001068115234,58.0099983215332,1438000,0.0,0.0
2022-04-01 00:00:00-04:00,58.36000061035156,58.7599983215332,57.45000076293945,57.95000076293945,1601300,0.0,0.0
2022-04-04 00:00:00-04:00,57.58000183105469,57.790000915527344,56.72999954223633,57.15999984741211,1203500,0.0,0.0
2022-04-05 00:00:00-04:00,57.2400016784668,57.75,55.77000045776367,56.869998931884766,2614300,0.0,0.0
2022-04-06 00:00:00-04:00,55.400001525878906,55.77000045776367,53.47999954223633,55.040000915527344,2314400,0.0,0.0
2022-04-07 00:00:00-04:00,54.63999938964844,54.63999938964844,52.31999969482422,53.400001525878906,2139100,0.0,0.0
2022-04-08 00:00:00-04:00,53.470001220703125,53.68000030517578,52.189998626708984,52.290000915527344,1691400,0.0,0.0
2022-04-11 00:00:00-04:00,52.25,54.040000915527344,51.90999984741211,52.81999969482422,1474900,0.0,0.0
2022-04-12 00:00:00-04:00,53.0,53.959999084472656,52.529998779296875,53.45000076293945,1344800,0.0,0.0
2022-04-13 00:00:00-04:00,56.34000015258789,57.0,55.040000915527344,56.2400016784668,2348100,0.0,0.0
2022-04-14 00:00:00-04:00,56.68000030517578,57.880001068115234,56.52000045776367,57.11000061035156,1582200,0.0,0.0
2022-04-18 00:00:00-04:00,56.7599983215332,57.470001220703125,56.27000045776367,56.849998474121094,1269800,0.0,0.0
2022-04-19 00:00:00-04:00,57.470001220703125,58.81999969482422,57.189998626708984,58.27000045776367,2273400,0.0,0.0
2022-04-20 00:00:00-04:00,58.540000915527344,59.41999816894531,58.459999084472656,58.689998626708984,2533400,0.0,0.0
2022-04-21 00:00:00-04:00,61.0,61.54999923706055,58.43000030517578,58.779998779296875,4019600,0.0,0.0
2022-04-22 00:00:00-04:00,59.34000015258789,59.369998931884766,56.33000183105469,56.54999923706055,3021400,0.0,0.0
2022-04-25 00:00:00-04:00,56.040000915527344,56.79999923706055,55.029998779296875,56.439998626708984,2137100,0.0,0.0
2022-04-26 00:00:00-04:00,55.599998474121094,55.79999923706055,53.36000061035156,53.86000061035156,2646000,0.0,0.0
2022-04-27 00:00:00-04:00,53.70000076293945,54.90999984741211,52.790000915527344,54.290000915527344,2398900,0.0,0.0
2022-04-28 00:00:00-04:00,55.290000915527344,55.720001220703125,53.709999084472656,55.540000915527344,1721900,0.0,0.0
2022-04-29 00:00:00-04:00,55.060001373291016,56.08000183105469,54.18000030517578,54.38999938964844,1676900,0.0,0.0
2022-05-02 00:00:00-04:00,54.130001068115234,54.45000076293945,51.5099983215332,53.060001373291016,2680200,0.0,0.0
2022-05-03 00:00:00-04:00,53.58000183105469,53.779998779296875,52.41999816894531,53.060001373291016,1752400,0.0,0.0
2022-05-04 00:00:00-04:00,52.15999984741211,53.599998474121094,51.7400016784668,53.5,2085700,0.0,0.0
2022-05-05 00:00:00-04:00,52.5099983215332,53.08000183105469,50.7400016784668,51.13999938964844,1878100,0.0,0.0
2022-05-06 00:00:00-04:00,51.0,51.08000183105469,49.099998474121094,50.220001220703125,1577200,0.0,0.0
2022-05-09 00:00:00-04:00,49.22999954223633,49.5,47.04999923706055,47.27000045776367,2302500,0.0,0.0
2022-05-10 00:00:00-04:00,47.939998626708984,48.470001220703125,46.560001373291016,47.470001220703125,1888800,0.0,0.0
2022-05-11 00:00:00-04:00,47.349998474121094,48.599998474121094,45.65999984741211,45.810001373291016,1840700,0.0,0.0
2022-05-12 00:00:00-04:00,45.2400016784668,45.959999084472656,43.38999938964844,44.61000061035156,2423600,0.0,0.0
2022-05-13 00:00:00-04:00,45.279998779296875,46.45000076293945,45.04999923706055,46.150001525878906,2044100,0.0,0.0
2022-05-16 00:00:00-04:00,45.93000030517578,46.400001525878906,45.470001220703125,45.599998474121094,1224200,0.0,0.0
2022-05-17 00:00:00-04:00,47.2400016784668,48.2400016784668,46.709999084472656,48.02000045776367,1671000,0.0,0.0
2022-05-18 00:00:00-04:00,47.31999969482422,48.150001525878906,46.38999938964844,46.58000183105469,1580300,0.0,0.0
2022-05-19 00:00:00-04:00,45.95000076293945,47.70000076293945,45.86000061035156,46.7599983215332,1557500,0.0,0.0
2022-05-20 00:00:00-04:00,47.529998779296875,47.72999954223633,45.099998474121094,46.099998474121094,1428200,0.0,0.0
2022-05-23 00:00:00-04:00,46.97999954223633,47.29999923706055,45.849998474121094,46.459999084472656,1373300,0.0,0.0
2022-05-24 00:00:00-04:00,45.630001068115234,45.689998626708984,43.79999923706055,44.209999084472656,1490200,0.0,0.0
2022-05-25 00:00:00-04:00,44.20000076293945,45.7599983215332,43.880001068115234,45.15999984741211,2227400,0.0,0.0
2022-05-26 00:00:00-04:00,45.91999816894531,47.66999816894531,45.91999816894531,47.130001068115234,2332900,0.0,0.0
2022-05-27 00:00:00-04:00,47.310001373291016,48.529998779296875,47.310001373291016,48.43000030517578,1385300,0.0,0.0
2022-05-31 00:00:00-04:00,47.34000015258789,48.77000045776367,46.880001068115234,48.2599983215332,1818700,0.0,0.0
2022-06-01 00:00:00-04:00,48.68000030517578,48.970001220703125,46.0099983215332,46.56999969482422,1945200,0.0,0.0
2022-06-02 00:00:00-04:00,46.540000915527344,47.61000061035156,46.45000076293945,47.38999938964844,1270600,0.0,0.0
2022-06-03 00:00:00-04:00,47.02000045776367,49.29999923706055,46.459999084472656,48.880001068115234,3661400,0.0,0.0
2022-06-06 00:00:00-04:00,49.70000076293945,49.779998779296875,48.31999969482422,48.849998474121094,1417800,0.0,0.0
2022-06-07 00:00:00-04:00,48.150001525878906,49.5,48.060001373291016,49.33000183105469,1231200,0.0,0.0
2022-06-08 00:00:00-04:00,48.5099983215332,49.13999938964844,47.790000915527344,48.11000061035156,1309200,0.0,0.0
2022-06-09 00:00:00-04:00,47.5099983215332,47.84000015258789,46.060001373291016,46.06999969482422,1295900,0.0,0.0
2022-06-10 00:00:00-04:00,45.20000076293945,46.0099983215332,43.810001373291016,44.0,2083200,0.0,0.0
2022-06-13 00:00:00-04:00,42.70000076293945,43.0,40.70000076293945,40.93000030517578,3072500,0.0,0.0
2022-06-14 00:00:00-04:00,41.29999923706055,41.5099983215332,39.91999816894531,40.599998474121094,2137100,0.0,0.0
2022-06-15 00:00:00-04:00,41.18000030517578,42.0,40.720001220703125,41.18000030517578,1779600,0.0,0.0
2022-06-16 00:00:00-04:00,40.0,40.09000015258789,38.20000076293945,38.68000030517578,2241500,0.0,0.0
2022-06-17 00:00:00-04:00,39.2599983215332,40.63999938964844,38.189998626708984,40.41999816894531,3009500,0.0,0.0
2022-06-21 00:00:00-04:00,41.2400016784668,41.33000183105469,39.810001373291016,40.5099983215332,1786400,0.0,0.0
2022-06-22 00:00:00-04:00,40.11000061035156,40.939998626708984,39.9900016784668,40.369998931884766,1304400,0.0,0.0
2022-06-23 00:00:00-04:00,39.849998474121094,40.29999923706055,38.869998931884766,39.900001525878906,1824400,0.0,0.0
2022-06-24 00:00:00-04:00,39.91999816894531,42.06999969482422,39.849998474121094,41.91999816894531,1696600,0.0,0.0
2022-06-27 00:00:00-04:00,42.0,42.06999969482422,40.779998779296875,40.869998931884766,1514100,0.0,0.0
2022-06-28 00:00:00-04:00,41.540000915527344,42.81999969482422,40.68000030517578,40.779998779296875,1243900,0.0,0.0
2022-06-29 00:00:00-04:00,40.2599983215332,40.619998931884766,39.70000076293945,40.47999954223633,1825200,0.0,0.0
2022-06-30 00:00:00-04:00,39.630001068115234,40.439998626708984,38.58000183105469,40.04999923706055,1826700,0.0,0.0
2022-07-01 00:00:00-04:00,40.25,41.20000076293945,39.66999816894531,41.16999816894531,1420700,0.0,0.0
2022-07-05 00:00:00-04:00,40.119998931884766,41.650001525878906,39.81999969482422,41.540000915527344,2168700,0.0,0.0
2022-07-06 00:00:00-04:00,41.22999954223633,42.189998626708984,40.689998626708984,41.06999969482422,1166700,0.0,0.0
2022-07-07 00:00:00-04:00,41.540000915527344,41.720001220703125,40.380001068115234,40.970001220703125,1515300,0.0,0.0
2022-07-08 00:00:00-04:00,41.08000183105469,41.34000015258789,40.189998626708984,40.88999938964844,1369600,0.0,0.0
2022-07-11 00:00:00-04:00,40.400001525878906,40.880001068115234,40.119998931884766,40.34000015258789,1172300,0.0,0.0
2022-07-12 00:00:00-04:00,40.34000015258789,42.400001525878906,40.34000015258789,41.79999923706055,1657400,0.0,0.0
2022-07-13 00:00:00-04:00,40.54999923706055,41.40999984741211,40.099998474121094,41.2599983215332,1714400,0.0,0.0
2022-07-14 00:00:00-04:00,40.599998474121094,41.650001525878906,40.470001220703125,40.790000915527344,1695900,0.0,0.0
2022-07-15 00:00:00-04:00,41.47999954223633,41.68000030517578,40.47999954223633,41.310001373291016,1286500,0.0,0.0
2022-07-18 00:00:00-04:00,42.060001373291016,42.650001525878906,41.34000015258789,41.529998779296875,2112300,0.0,0.0
2022-07-19 00:00:00-04:00,42.119998931884766,42.869998931884766,42.11000061035156,42.790000915527344,1372700,0.0,0.0
2022-07-20 00:00:00-04:00,42.779998779296875,43.779998779296875,42.27000045776367,43.400001525878906,2016500,0.0,0.0
2022-07-21 00:00:00-04:00,43.56999969482422,43.61000061035156,42.0099983215332,43.189998626708984,2589700,0.0,0.0
2022-07-22 00:00:00-04:00,43.5099983215332,43.880001068115234,42.54999923706055,42.75,1580500,0.0,0.0
2022-07-25 00:00:00-04:00,42.91999816894531,43.84000015258789,42.47999954223633,43.7400016784668,2442700,0.0,0.0
2022-07-26 00:00:00-04:00,43.2400016784668,43.2400016784668,42.34000015258789,42.400001525878906,1300800,0.0,0.0
2022-07-27 00:00:00-04:00,43.25,44.040000915527344,42.66999816894531,43.790000915527344,1166200,0.0,0.0
2022-07-28 00:00:00-04:00,43.220001220703125,44.060001373291016,42.459999084472656,44.0099983215332,1594100,0.0,0.0
2022-07-29 00:00:00-04:00,43.689998626708984,44.5099983215332,43.59000015258789,44.33000183105469,1753300,0.0,0.0
2022-08-01 00:00:00-04:00,44.18000030517578,45.650001525878906,43.81999969482422,45.2400016784668,1622300,0.0,0.0
2022-08-02 00:00:00-04:00,44.560001373291016,45.060001373291016,43.939998626708984,44.5,1499700,0.0,0.0
2022-08-03 00:00:00-04:00,44.88999938964844,46.38999938964844,44.779998779296875,46.29999923706055,1210800,0.0,0.0
2022-08-04 00:00:00-04:00,46.29999923706055,46.93000030517578,46.029998779296875,46.91999816894531,1339200,0.0,0.0
2022-08-05 00:00:00-04:00,46.349998474121094,46.959999084472656,46.16999816894531,46.54999923706055,851300,0.0,0.0
2022-08-08 00:00:00-04:00,46.84000015258789,47.529998779296875,46.459999084472656,46.79999923706055,1419700,0.0,0.0
2022-08-09 00:00:00-04:00,46.5099983215332,46.70000076293945,45.439998626708984,45.72999954223633,956600,0.0,0.0
2022-08-10 00:00:00-04:00,46.849998474121094,47.369998931884766,46.58000183105469,46.61000061035156,990700,0.0,0.0
2022-08-11 00:00:00-04:00,47.13999938964844,47.63999938964844,46.11000061035156,46.22999954223633,1275500,0.0,0.0
2022-08-12 00:00:00-04:00,46.810001373291016,47.349998474121094,46.43000030517578,47.34000015258789,1364900,0.0,0.0
2022-08-15 00:00:00-04:00,47.15999984741211,48.7599983215332,47.15999984741211,48.45000076293945,1209700,0.0,0.0
2022-08-16 00:00:00-04:00,48.40999984741211,48.61000061035156,47.81999969482422,48.2400016784668,1435700,0.0,0.0
2022-08-17 00:00:00-04:00,47.279998779296875,47.61000061035156,46.45000076293945,46.63999938964844,1002300,0.0,0.0
2022-08-18 00:00:00-04:00,46.560001373291016,46.7400016784668,46.029998779296875,46.689998626708984,983500,0.0,0.0
2022-08-19 00:00:00-04:00,46.0,46.25,45.220001220703125,45.45000076293945,1148400,0.0,0.0
2022-08-22 00:00:00-04:00,44.43000030517578,44.880001068115234,43.720001220703125,44.189998626708984,1224300,0.0,0.0
2022-08-23 00:00:00-04:00,44.369998931884766,44.900001525878906,43.959999084472656,44.5,1239700,0.0,0.0
2022-08-24 00:00:00-04:00,44.65999984741211,45.5099983215332,44.5,45.40999984741211,977300,0.0,0.0
2022-08-25 00:00:00-04:00,45.720001220703125,46.70000076293945,45.58000183105469,46.20000076293945,885500,0.0,0.0
2022-08-26 00:00:00-04:00,46.2599983215332,46.5,44.81999969482422,44.88999938964844,911100,0.0,0.0
2022-08-29 00:00:00-04:00,44.27000045776367,45.029998779296875,44.2400016784668,44.63999938964844,973800,0.0,0.0
2022-08-30 00:00:00-04:00,45.189998626708984,45.369998931884766,44.29999923706055,44.869998931884766,1729200,0.0,0.0
2022-08-31 00:00:00-04:00,45.08000183105469,45.11000061035156,43.5099983215332,43.560001373291016,1317700,0.0,0.0
2022-09-01 00:00:00-04:00,43.18000030517578,43.709999084472656,42.2400016784668,43.689998626708984,1487100,0.0,0.0
2022-09-02 00:00:00-04:00,44.2599983215332,44.63999938964844,43.279998779296875,43.619998931884766,1127700,0.0,0.0
2022-09-06 00:00:00-04:00,44.02000045776367,44.529998779296875,43.400001525878906,43.900001525878906,1552200,0.0,0.0
2022-09-07 00:00:00-04:00,43.9900016784668,46.130001068115234,43.9900016784668,46.09000015258789,2008600,0.0,0.0
2022-09-08 00:00:00-04:00,45.27000045776367,46.31999969482422,45.09000015258789,45.689998626708984,1563300,0.0,0.0
2022-09-09 00:00:00-04:00,46.150001525878906,46.63999938964844,46.06999969482422,46.560001373291016,1368600,0.0,0.0
2022-09-12 00:00:00-04:00,46.970001220703125,47.40999984741211,46.47999954223633,46.81999969482422,1229200,0.0,0.0
2022-09-13 00:00:00-04:00,45.31999969482422,46.02000045776367,44.7400016784668,44.939998626708984,1392200,0.0,0.0
2022-09-14 00:00:00-04:00,44.72999954223633,46.02000045776367,44.119998931884766,45.959999084472656,1282100,0.0,0.0
2022-09-15 00:00:00-04:00,45.880001068115234,46.90999984741211,45.79999923706055,46.2599983215332,1776200,0.0,0.0
2022-09-16 00:00:00-04:00,45.459999084472656,45.459999084472656,44.2400016784668,44.380001068115234,2120400,0.0,0.0
2022-09-19 00:00:00-04:00,44.150001525878906,46.09000015258789,44.099998474121094,45.779998779296875,1659400,0.0,0.0
2022-09-20 00:00:00-04:00,45.54999923706055,45.900001525878906,44.790000915527344,45.33000183105469,1002600,0.0,0.0
2022-09-21 00:00:00-04:00,44.93000030517578,45.04999923706055,43.470001220703125,43.4900016784668,1748400,0.0,0.0
2022-09-22 00:00:00-04:00,43.400001525878906,43.400001525878906,41.34000015258789,41.880001068115234,1848800,0.0,0.0
2022-09-23 00:00:00-04:00,41.150001525878906,41.34000015258789,40.099998474121094,40.779998779296875,1672000,0.0,0.0
2022-09-26 00:00:00-04:00,40.4900016784668,40.97999954223633,38.75,38.810001373291016,2577700,0.0,0.0
2022-09-27 00:00:00-04:00,39.560001373291016,40.060001373291016,38.439998626708984,39.04999923706055,1839400,0.0,0.0
2022-09-28 00:00:00-04:00,39.0,40.59000015258789,38.650001525878906,40.349998474121094,1701800,0.0,0.0
2022-09-29 00:00:00-04:00,39.529998779296875,39.70000076293945,38.709999084472656,39.13999938964844,1375300,0.0,0.0
2022-09-30 00:00:00-04:00,38.83000183105469,39.79999923706055,38.83000183105469,39.150001525878906,1409300,0.0,0.0
2022-10-03 00:00:00-04:00,39.349998474121094,40.20000076293945,38.720001220703125,39.90999984741211,1380300,0.0,0.0
2022-10-04 00:00:00-04:00,41.380001068115234,42.68000030517578,41.22999954223633,42.650001525878906,1586400,0.0,0.0
2022-10-05 00:00:00-04:00,41.7599983215332,42.939998626708984,41.4900016784668,42.65999984741211,1149700,0.0,0.0
2022-10-06 00:00:00-04:00,42.36000061035156,42.939998626708984,41.86000061035156,42.459999084472656,1031500,0.0,0.0
2022-10-07 00:00:00-04:00,41.91999816894531,42.040000915527344,40.88999938964844,41.4900016784668,831000,0.0,0.0
2022-10-10 00:00:00-04:00,41.68000030517578,41.90999984741211,40.88999938964844,41.18000030517578,862500,0.0,0.0
2022-10-11 00:00:00-04:00,42.40999984741211,42.5,39.869998931884766,40.7400016784668,1510500,0.0,0.0
2022-10-12 00:00:00-04:00,40.34000015258789,41.54999923706055,39.869998931884766,41.209999084472656,1241000,0.0,0.0
2022-10-13 00:00:00-04:00,40.83000183105469,42.619998931884766,40.13999938964844,41.900001525878906,1480200,0.0,0.0
2022-10-14 00:00:00-04:00,42.86000061035156,43.09000015258789,41.689998626708984,41.83000183105469,1221500,0.0,0.0
2022-10-17 00:00:00-04:00,42.959999084472656,43.0,41.5,41.529998779296875,1542500,0.0,0.0
2022-10-18 00:00:00-04:00,42.40999984741211,42.86000061035156,41.88999938964844,42.34000015258789,1603500,0.0,0.0
2022-10-19 00:00:00-04:00,43.060001373291016,43.060001373291016,41.5099983215332,41.849998474121094,3404500,0.0,0.0
2022-10-20 00:00:00-04:00,41.38999938964844,41.630001068115234,39.459999084472656,39.880001068115234,4302100,0.0,0.0
2022-10-21 00:00:00-04:00,39.709999084472656,41.369998931884766,39.459999084472656,41.0099983215332,2551300,0.0,0.0
2022-10-24 00:00:00-04:00,41.41999816894531,42.779998779296875,40.939998626708984,42.58000183105469,2010600,0.0,0.0
2022-10-25 00:00:00-04:00,42.22999954223633,43.810001373291016,42.09000015258789,43.40999984741211,1748800,0.0,0.0
2022-10-26 00:00:00-04:00,43.43000030517578,44.20000076293945,42.779998779296875,42.86000061035156,1548200,0.0,0.0
2022-10-27 00:00:00-04:00,43.56999969482422,44.20000076293945,43.2400016784668,43.27000045776367,1375700,0.0,0.0
2022-10-28 00:00:00-04:00,43.31999969482422,44.439998626708984,43.119998931884766,44.43000030517578,1228600,0.0,0.0
2022-10-31 00:00:00-04:00,44.310001373291016,44.779998779296875,43.790000915527344,44.459999084472656,1288700,0.0,0.0
2022-11-01 00:00:00-04:00,45.04999923706055,45.20000076293945,44.400001525878906,44.52000045776367,1168500,0.0,0.0
2022-11-02 00:00:00-04:00,44.09000015258789,45.06999969482422,43.540000915527344,43.560001373291016,2197900,0.0,0.0
2022-11-03 00:00:00-04:00,42.880001068115234,44.15999984741211,42.34000015258789,43.84000015258789,1360400,0.0,0.0
2022-11-04 00:00:00-04:00,44.70000076293945,45.400001525878906,44.040000915527344,44.86000061035156,1214000,0.0,0.0
2022-11-07 00:00:00-05:00,45.400001525878906,45.5,44.130001068115234,45.040000915527344,1128700,0.0,0.0
2022-11-08 00:00:00-05:00,45.060001373291016,45.47999954223633,44.689998626708984,45.119998931884766,1093500,0.0,0.0
2022-11-09 00:00:00-05:00,44.65999984741211,45.130001068115234,44.130001068115234,44.2400016784668,1021000,0.0,0.0
2022-11-10 00:00:00-05:00,45.65999984741211,47.13999938964844,45.439998626708984,46.939998626708984,1795500,0.0,0.0
2022-11-11 00:00:00-05:00,47.209999084472656,47.599998474121094,46.599998474121094,47.25,1298300,0.0,0.0
2022-11-14 00:00:00-05:00,46.65999984741211,47.56999969482422,46.209999084472656,46.27000045776367,1119500,0.0,0.0
2022-11-15 00:00:00-05:00,46.91999816894531,47.66999816894531,46.41999816894531,46.849998474121094,1483700,0.0,0.0
2022-11-16 00:00:00-05:00,46.400001525878906,46.400001525878906,45.4900016784668,45.68000030517578,991800,0.0,0.0
2022-11-17 00:00:00-05:00,44.880001068115234,45.880001068115234,44.68000030517578,45.880001068115234,715300,0.0,0.0
2022-11-18 00:00:00-05:00,46.849998474121094,47.470001220703125,45.95000076293945,46.68000030517578,1057000,0.0,0.0
2022-11-21 00:00:00-05:00,46.5099983215332,47.209999084472656,46.13999938964844,46.29999923706055,1110600,0.0,0.0
2022-11-22 00:00:00-05:00,46.290000915527344,46.58000183105469,45.7400016784668,45.959999084472656,953800,0.0,0.0
2022-11-23 00:00:00-05:00,46.0,46.630001068115234,45.900001525878906,46.34000015258789,941600,0.0,0.0
2022-11-25 00:00:00-05:00,46.25,47.220001220703125,46.25,46.900001525878906,484300,0.0,0.0
2022-11-28 00:00:00-05:00,46.470001220703125,46.72999954223633,45.689998626708984,45.779998779296875,1201800,0.0,0.0
2022-11-29 00:00:00-05:00,45.939998626708984,46.720001220703125,45.81999969482422,46.630001068115234,1390500,0.0,0.0
2022-11-30 00:00:00-05:00,46.599998474121094,47.45000076293945,46.060001373291016,47.439998626708984,1005700,0.0,0.0
2022-12-01 00:00:00-05:00,47.58000183105469,47.9900016784668,47.31999969482422,47.40999984741211,878700,0.0,0.0
2022-12-02 00:00:00-05:00,46.83000183105469,46.900001525878906,46.5,46.70000076293945,1020800,0.0,0.0
2022-12-05 00:00:00-05:00,46.900001525878906,47.45000076293945,46.540000915527344,46.709999084472656,1049300,0.0,0.0
2022-12-06 00:00:00-05:00,46.83000183105469,47.290000915527344,45.68000030517578,46.29999923706055,1292000,0.0,0.0
2022-12-07 00:00:00-05:00,45.88999938964844,45.900001525878906,44.2599983215332,44.279998779296875,948400,0.0,0.0
2022-12-08 00:00:00-05:00,44.66999816894531,45.040000915527344,43.709999084472656,44.060001373291016,1217700,0.0,0.0
2022-12-09 00:00:00-05:00,43.7599983215332,44.68000030517578,43.720001220703125,44.560001373291016,1201300,0.0,0.0
2022-12-12 00:00:00-05:00,44.59000015258789,45.7599983215332,44.380001068115234,45.75,1094900,0.0,0.0
2022-12-13 00:00:00-05:00,47.20000076293945,47.5,44.43000030517578,45.279998779296875,2195800,0.0,0.0
2022-12-14 00:00:00-05:00,45.810001373291016,46.439998626708984,45.130001068115234,45.7400016784668,1540000,0.0,0.0
2022-12-15 00:00:00-05:00,45.119998931884766,45.290000915527344,43.560001373291016,43.72999954223633,1822600,0.0,0.0
2022-12-16 00:00:00-05:00,43.40999984741211,44.5099983215332,43.27000045776367,44.220001220703125,3204700,0.0,0.0
2022-12-19 00:00:00-05:00,44.22999954223633,44.59000015258789,42.880001068115234,42.900001525878906,1456900,0.0,0.0
2022-12-20 00:00:00-05:00,42.88999938964844,43.54999923706055,42.84000015258789,43.06999969482422,1135700,0.0,0.0
2022-12-21 00:00:00-05:00,43.66999816894531,44.29999923706055,43.5,43.86000061035156,1127300,0.0,0.0
2022-12-22 00:00:00-05:00,43.40999984741211,43.630001068115234,42.11000061035156,42.880001068115234,1141400,0.0,0.0
2022-12-23 00:00:00-05:00,42.86000061035156,43.459999084472656,42.61000061035156,43.310001373291016,970300,0.0,0.0
2022-12-27 00:00:00-05:00,42.869998931884766,43.02000045776367,41.880001068115234,42.2599983215332,1878300,0.0,0.0
2022-12-28 00:00:00-05:00,42.040000915527344,42.58000183105469,41.290000915527344,41.29999923706055,1681800,0.0,0.0
2022-12-29 00:00:00-05:00,41.4900016784668,42.81999969482422,41.40999984741211,42.810001373291016,1374500,0.0,0.0
2022-12-30 00:00:00-05:00,42.41999816894531,43.04999923706055,42.369998931884766,42.939998626708984,967600,0.0,0.0
2023-01-03 00:00:00-05:00,43.52000045776367,43.720001220703125,41.77000045776367,42.15999984741211,1512000,0.0,0.0
2023-01-04 00:00:00-05:00,42.59000015258789,44.630001068115234,42.439998626708984,44.29999923706055,1414600,0.0,0.0
2023-01-05 00:00:00-05:00,43.869998931884766,44.33000183105469,43.61000061035156,44.11000061035156,1157500,0.0,0.0
2023-01-06 00:00:00-05:00,44.060001373291016,45.369998931884766,43.869998931884766,45.279998779296875,1238200,0.0,0.0
2023-01-09 00:00:00-05:00,45.5,46.18000030517578,45.36000061035156,45.720001220703125,1217500,0.0,0.0
2023-01-10 00:00:00-05:00,45.4900016784668,47.369998931884766,45.439998626708984,47.29999923706055,1348700,0.0,0.0
2023-01-11 00:00:00-05:00,47.119998931884766,48.04999923706055,47.0,47.70000076293945,1246800,0.0,0.0
2023-01-12 00:00:00-05:00,48.459999084472656,49.470001220703125,47.97999954223633,49.400001525878906,1592400,0.0,0.0
2023-01-13 00:00:00-05:00,48.11000061035156,50.33000183105469,48.04999923706055,50.290000915527344,2466300,0.0,0.0
2023-01-17 00:00:00-05:00,50.220001220703125,50.540000915527344,49.869998931884766,50.29999923706055,1425100,0.0,0.0
2023-01-18 00:00:00-05:00,51.27000045776367,51.459999084472656,49.290000915527344,49.310001373291016,1747800,0.0,0.0
2023-01-19 00:00:00-05:00,48.65999984741211,49.52000045776367,48.08000183105469,49.400001525878906,1301000,0.0,0.0
2023-01-20 00:00:00-05:00,49.72999954223633,50.22999954223633,49.33000183105469,49.81999969482422,1161900,0.0,0.0
2023-01-23 00:00:00-05:00,50.0,50.380001068115234,49.65999984741211,50.099998474121094,961500,0.0,0.0
2023-01-24 00:00:00-05:00,49.79999923706055,50.720001220703125,49.63999938964844,49.72999954223633,1183400,0.0,0.0
2023-01-25 00:00:00-05:00,49.5,51.099998474121094,49.40999984741211,51.04999923706055,2365400,0.0,0.0
2023-01-26 00:00:00-05:00,51.220001220703125,51.810001373291016,49.880001068115234,51.31999969482422,3012100,0.0,0.0
2023-01-27 00:00:00-05:00,50.7599983215332,51.5,50.5,51.02000045776367,2094600,0.0,0.0
2023-01-30 00:00:00-05:00,50.58000183105469,51.58000183105469,50.029998779296875,50.15999984741211,1112400,0.0,0.0
2023-01-31 00:00:00-05:00,50.33000183105469,51.349998474121094,50.08000183105469,51.34000015258789,1371700,0.0,0.0
2023-02-01 00:00:00-05:00,50.95000076293945,52.11000061035156,50.58000183105469,51.84000015258789,1478900,0.0,0.0
2023-02-02 00:00:00-05:00,52.099998474121094,53.869998931884766,51.959999084472656,53.58000183105469,1790900,0.0,0.0
2023-02-03 00:00:00-05:00,53.0,53.959999084472656,52.79999923706055,53.470001220703125,1421300,0.0,0.0
2023-02-06 00:00:00-05:00,52.84000015258789,53.040000915527344,52.02000045776367,52.43000030517578,1233400,0.0,0.0
2023-02-07 00:00:00-05:00,52.20000076293945,52.43000030517578,50.7400016784668,51.79999923706055,1187600,0.0,0.0
2023-02-08 00:00:00-05:00,51.68000030517578,52.02000045776367,51.16999816894531,51.4900016784668,1004700,0.0,0.0
2023-02-09 00:00:00-05:00,51.900001525878906,52.040000915527344,50.52000045776367,50.7599983215332,887100,0.0,0.0
2023-02-10 00:00:00-05:00,50.0,50.06999969482422,49.22999954223633,49.58000183105469,926300,0.0,0.0
2023-02-13 00:00:00-05:00,49.650001525878906,50.45000076293945,49.38999938964844,50.15999984741211,782000,0.0,0.0
2023-02-14 00:00:00-05:00,50.029998779296875,50.88999938964844,49.66999816894531,50.58000183105469,974800,0.0,0.0
2023-02-15 00:00:00-05:00,50.02000045776367,50.47999954223633,49.900001525878906,50.27000045776367,835600,0.0,0.0
2023-02-16 00:00:00-05:00,49.529998779296875,49.7599983215332,49.06999969482422,49.119998931884766,934800,0.0,0.0
2023-02-17 00:00:00-05:00,49.09000015258789,49.5,48.63999938964844,49.09000015258789,859500,0.0,0.0
2023-02-21 00:00:00-05:00,48.5,48.7400016784668,47.40999984741211,47.779998779296875,1081500,0.0,0.0
2023-02-22 00:00:00-05:00,47.709999084472656,48.290000915527344,47.22999954223633,47.52000045776367,992700,0.0,0.0
2023-02-23 00:00:00-05:00,48.13999938964844,48.439998626708984,47.369998931884766,47.709999084472656,763400,0.0,0.0
2023-02-24 00:00:00-05:00,46.91999816894531,47.31999969482422,46.27000045776367,47.29999923706055,1302300,0.0,0.0
2023-02-27 00:00:00-05:00,47.939998626708984,48.369998931884766,47.720001220703125,47.91999816894531,1420500,0.0,0.0
2023-02-28 00:00:00-05:00,47.83000183105469,48.2400016784668,47.54999923706055,47.83000183105469,1585800,0.0,0.0
2023-03-01 00:00:00-05:00,47.72999954223633,48.47999954223633,47.43000030517578,48.220001220703125,1236000,0.0,0.0
2023-03-02 00:00:00-05:00,47.779998779296875,48.189998626708984,47.31999969482422,47.97999954223633,981900,0.0,0.0
2023-03-03 00:00:00-05:00,48.52000045776367,48.63999938964844,47.849998474121094,48.439998626708984,1473900,0.0,0.0
2023-03-06 00:00:00-05:00,48.54999923706055,49.18000030517578,47.869998931884766,47.900001525878906,1479600,0.0,0.0
2023-03-07 00:00:00-05:00,48.08000183105469,49.38999938964844,47.91999816894531,48.5099983215332,1480900,0.0,0.0
2023-03-08 00:00:00-05:00,48.720001220703125,49.25,48.380001068115234,49.209999084472656,1212400,0.0,0.0
2023-03-09 00:00:00-05:00,49.11000061035156,49.75,47.16999816894531,47.52000045776367,1329600,0.0,0.0
2023-03-10 00:00:00-05:00,48.529998779296875,48.779998779296875,45.68000030517578,46.099998474121094,2668900,0.0,0.0
2023-03-13 00:00:00-04:00,45.02000045776367,45.20000076293945,43.689998626708984,44.08000183105469,2229700,0.0,0.0
2023-03-14 00:00:00-04:00,45.09000015258789,45.349998474121094,41.77000045776367,42.2599983215332,3293200,0.0,0.0
2023-03-15 00:00:00-04:00,41.02000045776367,41.36000061035156,39.970001220703125,40.380001068115234,2807100,0.0,0.0
2023-03-16 00:00:00-04:00,40.029998779296875,40.689998626708984,39.70000076293945,40.47999954223633,2038800,0.0,0.0
2023-03-17 00:00:00-04:00,40.2400016784668,40.31999969482422,39.04999923706055,39.290000915527344,2577900,0.0,0.0
2023-03-20 00:00:00-04:00,39.33000183105469,39.900001525878906,39.06999969482422,39.27000045776367,1878700,0.0,0.0
2023-03-21 00:00:00-04:00,40.0,40.66999816894531,39.90999984741211,40.560001373291016,1835600,0.0,0.0
2023-03-22 00:00:00-04:00,40.599998474121094,40.95000076293945,39.349998474121094,39.400001525878906,1827800,0.0,0.0
2023-03-23 00:00:00-04:00,39.63999938964844,40.029998779296875,38.150001525878906,38.5,1549000,0.0,0.0
2023-03-24 00:00:00-04:00,38.0,38.220001220703125,37.20000076293945,38.130001068115234,2589400,0.0,0.0
2023-03-27 00:00:00-04:00,38.689998626708984,39.20000076293945,38.220001220703125,38.9900016784668,1619600,0.0,0.0
2023-03-28 00:00:00-04:00,39.06999969482422,39.86000061035156,39.040000915527344,39.810001373291016,1577000,0.0,0.0
2023-03-29 00:00:00-04:00,40.349998474121094,40.880001068115234,40.119998931884766,40.630001068115234,2122000,0.0,0.0
2023-03-30 00:00:00-04:00,41.15999984741211,41.47999954223633,40.7400016784668,40.97999954223633,1750200,0.0,0.0
2023-03-31 00:00:00-04:00,41.459999084472656,41.970001220703125,41.38999938964844,41.959999084472656,1288600,0.0,0.0
2023-04-03 00:00:00-04:00,42.2599983215332,42.47999954223633,41.470001220703125,42.09000015258789,2321000,0.0,0.0
2023-04-04 00:00:00-04:00,42.349998474121094,42.5,41.4900016784668,41.970001220703125,2071300,0.0,0.0
2023-04-05 00:00:00-04:00,41.5,41.970001220703125,41.25,41.95000076293945,1838500,0.0,0.0
2023-04-06 00:00:00-04:00,42.16999816894531,42.7400016784668,41.849998474121094,42.040000915527344,1674100,0.0,0.0
2023-04-10 00:00:00-04:00,41.880001068115234,42.63999938964844,41.75,42.43000030517578,1279300,0.0,0.0
2023-04-11 00:00:00-04:00,42.47999954223633,43.5099983215332,42.470001220703125,43.18000030517578,1576200,0.0,0.0
2023-04-12 00:00:00-04:00,42.90999984741211,43.13999938964844,41.529998779296875,41.97999954223633,3016000,0.0,0.0
2023-04-13 00:00:00-04:00,42.619998931884766,42.630001068115234,41.279998779296875,42.380001068115234,2404200,0.0,0.0
2023-04-14 00:00:00-04:00,42.43000030517578,42.599998474121094,41.45000076293945,41.90999984741211,1403300,0.0,0.0
2023-04-17 00:00:00-04:00,42.0,42.68000030517578,41.91999816894531,42.63999938964844,1267900,0.0,0.0
2023-04-18 00:00:00-04:00,42.849998474121094,42.849998474121094,42.18000030517578,42.54999923706055,2112700,0.0,0.0
2023-04-19 00:00:00-04:00,42.060001373291016,43.810001373291016,42.040000915527344,43.650001525878906,3274000,0.0,0.0
2023-04-20 00:00:00-04:00,43.630001068115234,44.38999938964844,42.97999954223633,43.560001373291016,3307400,0.0,0.0
2023-04-21 00:00:00-04:00,44.09000015258789,44.63999938964844,43.689998626708984,44.40999984741211,2053100,0.0,0.0
2023-04-24 00:00:00-04:00,44.7400016784668,44.869998931884766,43.380001068115234,44.04999923706055,2007000,0.0,0.0
2023-04-25 00:00:00-04:00,43.650001525878906,43.84000015258789,42.459999084472656,42.5,1788900,0.0,0.0
2023-04-26 00:00:00-04:00,42.40999984741211,42.83000183105469,42.11000061035156,42.2400016784668,1417800,0.0,0.0
2023-04-27 00:00:00-04:00,42.459999084472656,43.22999954223633,42.040000915527344,42.970001220703125,1550400,0.0,0.0
2023-04-28 00:00:00-04:00,43.09000015258789,44.06999969482422,43.02000045776367,43.459999084472656,1893900,0.0,0.0
2023-05-01 00:00:00-04:00,43.33000183105469,44.220001220703125,43.13999938964844,43.4900016784668,1197500,0.0,0.0
2023-05-02 00:00:00-04:00,43.060001373291016,43.41999816894531,42.130001068115234,43.369998931884766,1724100,0.0,0.0
2023-05-03 00:00:00-04:00,43.45000076293945,44.400001525878906,43.11000061035156,43.470001220703125,1574100,0.0,0.0
2023-05-04 00:00:00-04:00,43.15999984741211,43.29999923706055,41.689998626708984,42.09000015258789,1824600,0.0,0.0
2023-05-05 00:00:00-04:00,42.58000183105469,43.38999938964844,42.400001525878906,43.15999984741211,1366200,0.0,0.0
2023-05-08 00:00:00-04:00,43.33000183105469,43.66999816894531,42.93000030517578,43.459999084472656,1394200,0.0,0.0
2023-05-09 00:00:00-04:00,43.45000076293945,44.20000076293945,43.06999969482422,43.900001525878906,1506900,0.0,0.0
2023-05-10 00:00:00-04:00,44.630001068115234,44.65999984741211,42.470001220703125,43.11000061035156,1225500,0.0,0.0
2023-05-11 00:00:00-04:00,43.02000045776367,43.25,42.68000030517578,43.04999923706055,1276200,0.0,0.0
2023-05-12 00:00:00-04:00,43.209999084472656,43.2599983215332,42.27000045776367,42.720001220703125,1043400,0.0,0.0
2023-05-15 00:00:00-04:00,42.86000061035156,43.38999938964844,42.630001068115234,43.34000015258789,1287600,0.0,0.0
2023-05-16 00:00:00-04:00,43.16999816894531,43.310001373291016,42.56999969482422,42.63999938964844,1337300,0.0,0.0
2023-05-17 00:00:00-04:00,43.15999984741211,45.33000183105469,43.099998474121094,45.25,2223400,0.0,0.0
2023-05-18 00:00:00-04:00,45.25,45.5099983215332,44.720001220703125,45.119998931884766,1231800,0.0,0.0
2023-05-19 00:00:00-04:00,45.25,45.29999923706055,44.13999938964844,44.52000045776367,1007900,0.0,0.0
2023-05-22 00:00:00-04:00,44.79999923706055,45.119998931884766,44.2599983215332,44.91999816894531,1367800,0.0,0.0
2023-05-23 00:00:00-04:00,44.86000061035156,45.810001373291016,44.75,44.83000183105469,1135900,0.0,0.0
2023-05-24 00:00:00-04:00,44.380001068115234,44.529998779296875,43.349998474121094,44.029998779296875,1087200,0.0,0.0
2023-05-25 00:00:00-04:00,44.08000183105469,45.13999938964844,44.0,45.119998931884766,1215800,0.0,0.0
2023-05-26 00:00:00-04:00,45.29999923706055,45.7599983215332,45.02000045776367,45.099998474121094,1098900,0.0,0.0
2023-05-30 00:00:00-04:00,45.29999923706055,45.9900016784668,45.08000183105469,45.209999084472656,1430200,0.0,0.0
2023-05-31 00:00:00-04:00,45.75,45.75,44.43000030517578,44.93000030517578,1484900,0.0,0.0
2023-06-01 00:00:00-04:00,45.09000015258789,45.29999923706055,44.36000061035156,44.84000015258789,1020800,0.0,0.0
2023-06-02 00:00:00-04:00,45.43000030517578,46.4900016784668,45.209999084472656,46.099998474121094,1274400,0.0,0.0
2023-06-05 00:00:00-04:00,46.040000915527344,46.33000183105469,45.5099983215332,46.279998779296875,766500,0.0,0.0
2023-06-06 00:00:00-04:00,45.97999954223633,47.540000915527344,45.79999923706055,47.459999084472656,1092800,0.0,0.0
2023-06-07 00:00:00-04:00,47.7400016784668,48.40999984741211,47.4900016784668,48.36000061035156,1172000,0.0,0.0
2023-06-08 00:00:00-04:00,48.09000015258789,48.869998931884766,48.04999923706055,48.650001525878906,1131700,0.0,0.0
2023-06-09 00:00:00-04:00,48.81999969482422,49.279998779296875,48.650001525878906,48.650001525878906,2032900,0.0,0.0
2023-06-12 00:00:00-04:00,49.099998474121094,50.0,49.029998779296875,49.58000183105469,1147600,0.0,0.0
2023-06-13 00:00:00-04:00,49.790000915527344,50.81999969482422,49.75,50.81999969482422,2024800,0.0,0.0
2023-06-14 00:00:00-04:00,50.900001525878906,51.02000045776367,50.02000045776367,50.439998626708984,1515900,0.0,0.0
2023-06-15 00:00:00-04:00,50.060001373291016,50.380001068115234,49.7599983215332,50.34000015258789,1465900,0.0,0.0
2023-06-16 00:00:00-04:00,50.63999938964844,50.9900016784668,50.060001373291016,50.41999816894531,1688500,0.0,0.0
2023-06-20 00:00:00-04:00,49.959999084472656,50.15999984741211,49.33000183105469,49.5099983215332,1366600,0.0,0.0
2023-06-21 00:00:00-04:00,49.34000015258789,49.84000015258789,49.02000045776367,49.58000183105469,1288200,0.0,0.0
2023-06-22 00:00:00-04:00,49.209999084472656,49.790000915527344,48.779998779296875,49.66999816894531,1611100,0.0,0.0
2023-06-23 00:00:00-04:00,48.75,49.88999938964844,48.630001068115234,49.25,2410000,0.0,0.0
2023-06-26 00:00:00-04:00,49.720001220703125,50.29999923706055,49.04999923706055,49.959999084472656,961900,0.0,0.0
2023-06-27 00:00:00-04:00,50.349998474121094,52.279998779296875,50.13999938964844,51.93000030517578,1560300,0.0,0.0
2023-06-28 00:00:00-04:00,52.130001068115234,52.5099983215332,51.83000183105469,52.439998626708984,1223800,0.0,0.0
2023-06-29 00:00:00-04:00,52.56999969482422,53.09000015258789,52.13999938964844,52.27000045776367,1291700,0.0,0.0
2023-06-30 00:00:00-04:00,52.540000915527344,53.400001525878906,52.22999954223633,53.18000030517578,1555200,0.0,0.0
2023-07-03 00:00:00-04:00,53.06999969482422,53.7400016784668,52.959999084472656,53.189998626708984,636700,0.0,0.0
2023-07-05 00:00:00-04:00,52.91999816894531,54.290000915527344,52.5,53.650001525878906,1517600,0.0,0.0
2023-07-06 00:00:00-04:00,53.18000030517578,53.31999969482422,52.2599983215332,52.790000915527344,938100,0.0,0.0
2023-07-07 00:00:00-04:00,52.970001220703125,54.470001220703125,52.810001373291016,53.75,1643000,0.0,0.0
2023-07-10 00:00:00-04:00,53.75,55.56999969482422,53.75,55.54999923706055,1941100,0.0,0.0
2023-07-11 00:00:00-04:00,55.61000061035156,56.4900016784668,55.47999954223633,56.34000015258789,1468300,0.0,0.0
2023-07-12 00:00:00-04:00,56.7599983215332,57.099998474121094,55.7599983215332,55.9900016784668,1984000,0.0,0.0
2023-07-13 00:00:00-04:00,57.150001525878906,57.18000030517578,54.290000915527344,54.34000015258789,2856900,0.0,0.0
2023-07-14 00:00:00-04:00,54.060001373291016,54.060001373291016,52.060001373291016,52.36000061035156,2090100,0.0,0.0
2023-07-17 00:00:00-04:00,52.220001220703125,52.630001068115234,51.77000045776367,52.15999984741211,1227100,0.0,0.0
2023-07-18 00:00:00-04:00,52.41999816894531,53.45000076293945,52.40999984741211,53.41999816894531,1210500,0.0,0.0
2023-07-19 00:00:00-04:00,53.2599983215332,54.470001220703125,52.83000183105469,54.43000030517578,1477700,0.0,0.0
2023-07-20 00:00:00-04:00,54.09000015258789,54.20000076293945,52.72999954223633,54.08000183105469,1616600,0.0,0.0
2023-07-21 00:00:00-04:00,54.36000061035156,54.65999984741211,53.7599983215332,54.150001525878906,1040100,0.0,0.0
2023-07-24 00:00:00-04:00,53.650001525878906,53.939998626708984,53.20000076293945,53.33000183105469,2070900,0.0,0.0
2023-07-25 00:00:00-04:00,50.36000061035156,50.54999923706055,46.45000076293945,48.18000030517578,9779900,0.0,0.0
2023-07-26 00:00:00-04:00,48.060001373291016,48.43000030517578,47.130001068115234,47.86000061035156,3409700,0.0,0.0
2023-07-27 00:00:00-04:00,47.29999923706055,47.529998779296875,46.61000061035156,47.13999938964844,3422900,0.0,0.0
2023-07-28 00:00:00-04:00,47.45000076293945,48.47999954223633,47.34000015258789,48.119998931884766,1843200,0.0,0.0
2023-07-31 00:00:00-04:00,48.099998474121094,48.709999084472656,48.040000915527344,48.630001068115234,1475000,0.0,0.0
2023-08-01 00:00:00-04:00,48.0,48.22999954223633,47.16999816894531,47.900001525878906,2195600,0.0,0.0
2023-08-02 00:00:00-04:00,47.150001525878906,48.119998931884766,47.119998931884766,47.91999816894531,2068100,0.0,0.0
2023-08-03 00:00:00-04:00,47.4900016784668,47.560001373291016,46.619998931884766,46.810001373291016,1877800,0.0,0.0
2023-08-04 00:00:00-04:00,46.939998626708984,47.25,46.5,46.7400016784668,1730800,0.0,0.0
2023-08-07 00:00:00-04:00,46.77000045776367,47.220001220703125,46.099998474121094,46.790000915527344,1915500,0.0,0.0
2023-08-08 00:00:00-04:00,46.20000076293945,47.369998931884766,46.029998779296875,47.20000076293945,1217100,0.0,0.0
2023-08-09 00:00:00-04:00,47.0,47.150001525878906,46.2400016784668,46.61000061035156,1065200,0.0,0.0
2023-08-10 00:00:00-04:00,46.93000030517578,47.060001373291016,46.11000061035156,46.709999084472656,1488300,0.0,0.0
2023-08-11 00:00:00-04:00,46.4900016784668,46.59000015258789,45.95000076293945,46.08000183105469,1062100,0.0,0.0
2023-08-14 00:00:00-04:00,45.810001373291016,46.369998931884766,45.459999084472656,46.2400016784668,868100,0.0,0.0
2023-08-15 00:00:00-04:00,45.86000061035156,45.880001068115234,45.189998626708984,45.40999984741211,1319700,0.0,0.0
2023-08-16 00:00:00-04:00,45.290000915527344,45.91999816894531,44.540000915527344,44.59000015258789,1151400,0.0,0.0
2023-08-17 00:00:00-04:00,44.54999923706055,44.650001525878906,43.29999923706055,43.459999084472656,1338000,0.0,0.0
2023-08-18 00:00:00-04:00,43.0,43.470001220703125,42.70000076293945,42.77000045776367,1694100,0.0,0.0
2023-08-21 00:00:00-04:00,42.939998626708984,43.209999084472656,42.33000183105469,42.95000076293945,1987000,0.0,0.0
2023-08-22 00:00:00-04:00,43.099998474121094,43.27000045776367,42.43000030517578,42.72999954223633,1277900,0.0,0.0
2023-08-23 00:00:00-04:00,42.5,42.95000076293945,42.16999816894531,42.650001525878906,1125900,0.0,0.0
2023-08-24 00:00:00-04:00,42.2599983215332,42.77000045776367,42.04999923706055,42.119998931884766,1605600,0.0,0.0
2023-08-25 00:00:00-04:00,42.18000030517578,42.33000183105469,41.54999923706055,41.81999969482422,1145200,0.0,0.0
2023-08-28 00:00:00-04:00,42.130001068115234,42.439998626708984,41.72999954223633,41.9900016784668,1045200,0.0,0.0
2023-08-29 00:00:00-04:00,41.95000076293945,42.54999923706055,41.75,42.29999923706055,1647800,0.0,0.0
2023-08-30 00:00:00-04:00,42.27000045776367,42.630001068115234,41.970001220703125,42.08000183105469,1717200,0.0,0.0
2023-08-31 00:00:00-04:00,42.40999984741211,42.439998626708984,41.939998626708984,41.970001220703125,1360100,0.0,0.0
2023-09-01 00:00:00-04:00,42.2599983215332,42.43000030517578,41.459999084472656,41.779998779296875,1203200,0.0,0.0
2023-09-05 00:00:00-04:00,41.18000030517578,41.22999954223633,40.119998931884766,40.34000015258789,2679300,0.0,0.0
2023-09-06 00:00:00-04:00,39.939998626708984,41.38999938964844,39.91999816894531,40.540000915527344,2354800,0.0,0.0
2023-09-07 00:00:00-04:00,40.34000015258789,40.58000183105469,39.720001220703125,40.02000045776367,2549700,0.0,0.0
2023-09-08 00:00:00-04:00,40.06999969482422,40.189998626708984,39.290000915527344,39.810001373291016,2057900,0.0,0.0
2023-09-11 00:00:00-04:00,39.93000030517578,40.66999816894531,39.5,40.43000030517578,1853600,0.0,0.0
2023-09-12 00:00:00-04:00,40.52000045776367,40.88999938964844,40.060001373291016,40.11000061035156,1977500,0.0,0.0
2023-09-13 00:00:00-04:00,39.25,39.59000015258789,38.650001525878906,39.130001068115234,2599100,0.0,0.0
2023-09-14 00:00:00-04:00,39.40999984741211,39.4900016784668,38.869998931884766,39.36000061035156,1475000,0.0,0.0
2023-09-15 00:00:00-04:00,39.439998626708984,39.91999816894531,39.189998626708984,39.470001220703125,3042900,0.0,0.0
2023-09-18 00:00:00-04:00,39.34000015258789,39.439998626708984,38.7599983215332,38.880001068115234,2024500,0.0,0.0
2023-09-19 00:00:00-04:00,38.900001525878906,39.2400016784668,38.560001373291016,39.08000183105469,1706500,0.0,0.0
2023-09-20 00:00:00-04:00,39.310001373291016,39.400001525878906,38.560001373291016,38.61000061035156,1306900,0.0,0.0
2023-09-21 00:00:00-04:00,38.45000076293945,38.84000015258789,38.099998474121094,38.150001525878906,1775000,0.0,0.0
2023-09-22 00:00:00-04:00,38.189998626708984,38.29999923706055,37.349998474121094,37.5,1800800,0.0,0.0
2023-09-25 00:00:00-04:00,37.25,37.56999969482422,36.7400016784668,37.36000061035156,1692500,0.0,0.0
2023-09-26 00:00:00-04:00,37.08000183105469,37.7400016784668,36.77000045776367,36.84000015258789,1487200,0.0,0.0
2023-09-27 00:00:00-04:00,36.81999969482422,36.959999084472656,36.150001525878906,36.40999984741211,1591400,0.0,0.0
2023-09-28 00:00:00-04:00,36.43000030517578,37.22999954223633,36.189998626708984,36.83000183105469,1784300,0.0,0.0
2023-09-29 00:00:00-04:00,37.099998474121094,37.43000030517578,36.83000183105469,37.08000183105469,1519300,0.0,0.0
2023-10-02 00:00:00-04:00,37.040000915527344,37.34000015258789,36.599998474121094,36.83000183105469,1630800,0.0,0.0
2023-10-03 00:00:00-04:00,36.66999816894531,36.779998779296875,35.58000183105469,35.79999923706055,2505500,0.0,0.0
2023-10-04 00:00:00-04:00,35.900001525878906,36.5099983215332,35.52000045776367,36.130001068115234,2362400,0.0,0.0
2023-10-05 00:00:00-04:00,36.43000030517578,36.5099983215332,35.41999816894531,35.68000030517578,2545300,0.0,0.0
2023-10-06 00:00:00-04:00,35.400001525878906,35.81999969482422,34.970001220703125,35.06999969482422,2644100,0.0,0.0
2023-10-09 00:00:00-04:00,34.150001525878906,34.630001068115234,33.310001373291016,34.45000076293945,2995800,0.0,0.0
2023-10-10 00:00:00-04:00,34.88999938964844,35.43000030517578,34.619998931884766,34.93000030517578,1578700,0.0,0.0
2023-10-11 00:00:00-04:00,35.0,35.47999954223633,34.189998626708984,34.54999923706055,1590400,0.0,0.0
2023-10-12 00:00:00-04:00,34.84000015258789,34.84000015258789,33.279998779296875,33.63999938964844,2399000,0.0,0.0
2023-10-13 00:00:00-04:00,33.290000915527344,33.459999084472656,32.81999969482422,33.06999969482422,2154400,0.0,0.0
2023-10-16 00:00:00-04:00,33.33000183105469,34.38999938964844,33.15999984741211,34.29999923706055,2449100,0.0,0.0
2023-10-17 00:00:00-04:00,34.25,34.790000915527344,34.18000030517578,34.45000076293945,1819100,0.0,0.0
2023-10-18 00:00:00-04:00,33.91999816894531,33.95000076293945,32.599998474121094,32.65999984741211,4500800,0.0,0.0
2023-10-19 00:00:00-04:00,33.099998474121094,33.099998474121094,31.729999542236328,32.15999984741211,4917000,0.0,0.0
2023-10-20 00:00:00-04:00,32.08000183105469,32.439998626708984,31.860000610351562,32.02000045776367,3180200,0.0,0.0
2023-10-23 00:00:00-04:00,32.099998474121094,33.400001525878906,31.90999984741211,32.560001373291016,4202200,0.0,0.0
2023-10-24 00:00:00-04:00,32.59000015258789,32.7400016784668,31.6299991607666,31.860000610351562,3045000,0.0,0.0
2023-10-25 00:00:00-04:00,31.709999084472656,31.969999313354492,31.479999542236328,31.6200008392334,1839200,0.0,0.0
2023-10-26 00:00:00-04:00,31.610000610351562,32.220001220703125,31.15999984741211,31.770000457763672,3191300,0.0,0.0
2023-10-27 00:00:00-04:00,31.950000762939453,31.950000762939453,31.030000686645508,31.25,2099100,0.0,0.0
2023-10-30 00:00:00-04:00,31.559999465942383,31.809999465942383,31.25,31.799999237060547,2265700,0.0,0.0
2023-10-31 00:00:00-04:00,31.709999084472656,31.799999237060547,31.09000015258789,31.6299991607666,2360100,0.0,0.0
2023-11-01 00:00:00-04:00,31.6200008392334,31.670000076293945,30.75,31.079999923706055,2342500,0.0,0.0
2023-11-02 00:00:00-04:00,31.549999237060547,32.150001525878906,31.440000534057617,32.119998931884766,2332600,0.0,0.0
2023-11-03 00:00:00-04:00,32.90999984741211,33.810001373291016,32.83000183105469,33.560001373291016,3086500,0.0,0.0
2023-11-06 00:00:00-05:00,33.58000183105469,33.7400016784668,32.5099983215332,32.84000015258789,1885500,0.0,0.0
2023-11-07 00:00:00-05:00,33.02000045776367,33.36000061035156,32.66999816894531,33.15999984741211,1702100,0.0,0.0
2023-11-08 00:00:00-05:00,33.36000061035156,34.18000030517578,33.349998474121094,33.91999816894531,2587900,0.0,0.0
2023-11-09 00:00:00-05:00,34.20000076293945,34.29999923706055,33.11000061035156,33.5,2793300,0.0,0.0
2023-11-10 00:00:00-05:00,33.529998779296875,34.400001525878906,33.400001525878906,34.2599983215332,2980200,0.0,0.0
2023-11-13 00:00:00-05:00,34.0,34.66999816894531,33.72999954223633,34.349998474121094,1963400,0.0,0.0
2023-11-14 00:00:00-05:00,35.279998779296875,36.279998779296875,35.02000045776367,36.09000015258789,2868500,0.0,0.0
2023-11-15 00:00:00-05:00,36.33000183105469,37.779998779296875,36.31999969482422,37.0099983215332,3075900,0.0,0.0
2023-11-16 00:00:00-05:00,36.91999816894531,37.369998931884766,36.09000015258789,36.20000076293945,2259800,0.0,0.0
2023-11-17 00:00:00-05:00,36.630001068115234,36.95000076293945,36.220001220703125,36.7599983215332,2395700,0.0,0.0
2023-11-20 00:00:00-05:00,36.650001525878906,37.529998779296875,36.45000076293945,37.310001373291016,1885600,0.0,0.0
2023-11-21 00:00:00-05:00,36.9900016784668,37.040000915527344,36.310001373291016,36.65999984741211,1407500,0.0,0.0
2023-11-22 00:00:00-05:00,37.4900016784668,37.97999954223633,36.7400016784668,36.93000030517578,1426800,0.0,0.0
2023-11-24 00:00:00-05:00,37.060001373291016,37.29999923706055,36.81999969482422,37.20000076293945,568500,0.0,0.0
2023-11-27 00:00:00-05:00,36.83000183105469,37.220001220703125,36.68000030517578,36.84000015258789,1714200,0.0,0.0
2023-11-28 00:00:00-05:00,36.70000076293945,36.959999084472656,36.310001373291016,36.849998474121094,1172000,0.0,0.0
2023-11-29 00:00:00-05:00,37.220001220703125,37.7400016784668,37.18000030517578,37.540000915527344,2017300,0.0,0.0
2023-11-30 00:00:00-05:00,37.790000915527344,37.97999954223633,37.22999954223633,37.810001373291016,1999600,0.0,0.0
2023-12-01 00:00:00-05:00,37.93000030517578,39.849998474121094,37.900001525878906,39.72999954223633,2605000,0.0,0.0
2023-12-04 00:00:00-05:00,33.66999816894531,34.279998779296875,32.0,34.08000183105469,22669400,0.0,0.0
2023-12-05 00:00:00-05:00,34.29999923706055,35.90999984741211,34.290000915527344,35.56999969482422,9842500,0.0,0.0
2023-12-06 00:00:00-05:00,36.0,37.2400016784668,35.61000061035156,35.66999816894531,6042800,0.0,0.0
2023-12-07 00:00:00-05:00,36.0,36.31999969482422,35.029998779296875,35.970001220703125,6061800,0.0,0.0
2023-12-08 00:00:00-05:00,35.959999084472656,36.08000183105469,35.41999816894531,35.61000061035156,4249900,0.0,0.0
2023-12-11 00:00:00-05:00,35.650001525878906,36.060001373291016,35.0,35.75,3467700,0.0,0.0
2023-12-12 00:00:00-05:00,36.0,37.720001220703125,35.72999954223633,37.310001373291016,4305000,0.0,0.0
2023-12-13 00:00:00-05:00,36.900001525878906,38.650001525878906,36.220001220703125,38.630001068115234,4664900,0.0,0.0
2023-12-14 00:00:00-05:00,39.20000076293945,39.31999969482422,38.349998474121094,39.15999984741211,4972800,0.0,0.0
2023-12-15 00:00:00-05:00,38.939998626708984,39.25,38.43000030517578,38.95000076293945,33770200,0.0,0.0
2023-12-18 00:00:00-05:00,38.45000076293945,39.52000045776367,38.0099983215332,39.27000045776367,3542000,0.0,0.0
2023-12-19 00:00:00-05:00,39.5,40.59000015258789,39.290000915527344,40.20000076293945,4155800,0.0,0.0
2023-12-20 00:00:00-05:00,40.0,41.099998474121094,39.79999923706055,40.09000015258789,3427400,0.0,0.0
2023-12-21 00:00:00-05:00,40.66999816894531,41.060001373291016,40.40999984741211,40.59000015258789,2966500,0.0,0.0
2023-12-22 00:00:00-05:00,40.5,41.130001068115234,40.45000076293945,40.68000030517578,2276500,0.0,0.0
2023-12-26 00:00:00-05:00,40.5,41.220001220703125,40.150001525878906,40.15999984741211,2698600,0.0,0.0
2023-12-27 00:00:00-05:00,40.02000045776367,40.2599983215332,39.63999938964844,39.66999816894531,1967400,0.0,0.0
2023-12-28 00:00:00-05:00,39.33000183105469,39.959999084472656,39.20000076293945,39.91999816894531,1914400,0.0,0.0
2023-12-29 00:00:00-05:00,39.599998474121094,39.84000015258789,38.97999954223633,39.06999969482422,2093800,0.0,0.0
2024-01-02 00:00:00-05:00,38.689998626708984,39.20000076293945,38.2599983215332,38.34000015258789,2130200,0.0,0.0
2024-01-03 00:00:00-05:00,37.439998626708984,37.77000045776367,36.29999923706055,36.41999816894531,2376400,0.0,0.0
2024-01-04 00:00:00-05:00,36.68000030517578,37.25,36.560001373291016,36.810001373291016,1919400,0.0,0.0
2024-01-05 00:00:00-05:00,36.59000015258789,38.15999984741211,36.470001220703125,37.95000076293945,2548800,0.0,0.0
2024-01-08 00:00:00-05:00,36.09000015258789,38.099998474121094,35.58000183105469,37.869998931884766,8180800,0.0,0.0
2024-01-09 00:00:00-05:00,38.25,38.61000061035156,37.31999969482422,37.369998931884766,4444900,0.0,0.0
2024-01-10 00:00:00-05:00,37.099998474121094,37.27000045776367,36.7400016784668,37.060001373291016,2913000,0.0,0.0
2024-01-11 00:00:00-05:00,36.9900016784668,37.25,36.40999984741211,36.9900016784668,2211100,0.0,0.0
2024-01-12 00:00:00-05:00,36.040000915527344,36.2400016784668,34.400001525878906,35.16999816894531,4429500,0.0,0.0
2024-01-16 00:00:00-05:00,34.79999923706055,34.849998474121094,33.77000045776367,34.41999816894531,4061300,0.0,0.0
2024-01-17 00:00:00-05:00,33.959999084472656,34.349998474121094,33.2400016784668,33.61000061035156,2471800,0.0,0.0
2024-01-18 00:00:00-05:00,33.7400016784668,34.970001220703125,33.5,34.959999084472656,2855400,0.0,0.0
2024-01-19 00:00:00-05:00,34.970001220703125,35.0,34.18000030517578,34.84000015258789,1858100,0.0,0.0
2024-01-22 00:00:00-05:00,35.27000045776367,35.54999923706055,34.779998779296875,34.83000183105469,2065400,0.0,0.0
2024-01-23 00:00:00-05:00,35.97999954223633,36.65999984741211,35.630001068115234,35.83000183105469,2775200,0.0,0.0
2024-01-24 00:00:00-05:00,36.25,36.38999938964844,35.599998474121094,35.81999969482422,2685700,0.0,0.0
2024-01-25 00:00:00-05:00,36.79999923706055,37.959999084472656,36.279998779296875,37.41999816894531,5021700,0.0,0.0
2024-01-26 00:00:00-05:00,37.130001068115234,37.31999969482422,36.63999938964844,36.77000045776367,2692200,0.0,0.0
2024-01-29 00:00:00-05:00,36.79999923706055,37.25,36.130001068115234,37.220001220703125,2484500,0.0,0.0
2024-01-30 00:00:00-05:00,36.7400016784668,37.2400016784668,36.689998626708984,36.689998626708984,1616200,0.0,0.0
2024-01-31 00:00:00-05:00,36.560001373291016,36.689998626708984,35.720001220703125,35.83000183105469,2165600,0.0,0.0
2024-02-01 00:00:00-05:00,36.11000061035156,36.41999816894531,35.310001373291016,36.2599983215332,1613300,0.0,0.0
2024-02-02 00:00:00-05:00,36.029998779296875,36.59000015258789,35.970001220703125,36.130001068115234,1884200,0.0,0.0
2024-02-05 00:00:00-05:00,35.540000915527344,35.81999969482422,35.099998474121094,35.279998779296875,1904400,0.0,0.0
2024-02-06 00:00:00-05:00,35.2400016784668,36.45000076293945,35.150001525878906,35.9900016784668,2352600,0.0,0.0
2024-02-07 00:00:00-05:00,36.0099983215332,36.209999084472656,35.540000915527344,35.599998474121094,1892600,0.0,0.0
2024-02-08 00:00:00-05:00,35.7400016784668,36.540000915527344,35.31999969482422,36.5099983215332,2120100,0.0,0.0
2024-02-09 00:00:00-05:00,36.470001220703125,37.25,36.34000015258789,37.189998626708984,2244200,0.0,0.0
2024-02-12 00:00:00-05:00,36.77000045776367,37.66999816894531,36.70000076293945,37.33000183105469,1781200,0.0,0.0
2024-02-13 00:00:00-05:00,36.470001220703125,37.02000045776367,36.130001068115234,36.56999969482422,1808000,0.0,0.0
2024-02-14 00:00:00-05:00,37.029998779296875,37.400001525878906,36.77000045776367,37.29999923706055,1490500,0.0,0.0
2024-02-15 00:00:00-05:00,37.59000015258789,38.029998779296875,37.4900016784668,37.75,1807000,0.0,0.0
2024-02-16 00:00:00-05:00,37.349998474121094,37.9900016784668,36.75,37.52000045776367,1951200,0.0,0.0
2024-02-20 00:00:00-05:00,38.130001068115234,39.689998626708984,38.06999969482422,38.91999816894531,3538900,0.0,0.0
2024-02-21 00:00:00-05:00,38.470001220703125,39.2400016784668,38.310001373291016,39.18000030517578,1844100,0.0,0.0
2024-02-22 00:00:00-05:00,39.349998474121094,40.4900016784668,39.2400016784668,39.380001068115234,2091700,0.0,0.0
2024-02-23 00:00:00-05:00,39.130001068115234,39.150001525878906,38.47999954223633,38.650001525878906,1874800,0.0,0.0
2024-02-26 00:00:00-05:00,38.68000030517578,38.970001220703125,37.630001068115234,37.709999084472656,2447400,0.0,0.0
2024-02-27 00:00:00-05:00,38.18000030517578,38.849998474121094,37.9900016784668,38.5,1894300,0.0,0.0
2024-02-28 00:00:00-05:00,37.90999984741211,38.540000915527344,37.90999984741211,38.08000183105469,1256300,0.0,0.0
2024-02-29 00:00:00-05:00,38.08000183105469,38.400001525878906,37.130001068115234,37.38999938964844,2646900,0.0,0.0
2024-03-01 00:00:00-05:00,37.369998931884766,37.43000030517578,36.779998779296875,37.0,1946300,0.0,0.0
2024-03-04 00:00:00-05:00,36.91999816894531,37.33000183105469,36.220001220703125,36.869998931884766,2135200,0.0,0.0
2024-03-05 00:00:00-05:00,36.349998474121094,37.279998779296875,36.25,37.209999084472656,1405600,0.0,0.0
2024-03-06 00:00:00-05:00,37.31999969482422,37.61000061035156,36.88999938964844,36.959999084472656,1493900,0.0,0.0
2024-03-07 00:00:00-05:00,37.0099983215332,37.369998931884766,36.650001525878906,37.279998779296875,2564200,0.0,0.0
2024-03-08 00:00:00-05:00,37.54999923706055,37.619998931884766,36.29999923706055,36.59000015258789,1962900,0.0,0.0
2024-03-11 00:00:00-04:00,36.5,37.43000030517578,36.0,37.36000061035156,2116400,0.0,0.0
2024-03-12 00:00:00-04:00,37.540000915527344,38.86000061035156,37.27000045776367,38.61000061035156,4277200,0.0,0.0
2024-03-13 00:00:00-04:00,38.41999816894531,39.369998931884766,38.09000015258789,39.369998931884766,2963800,0.0,0.0
2024-03-14 00:00:00-04:00,39.18000030517578,39.279998779296875,37.97999954223633,38.15999984741211,2171000,0.0,0.0
2024-03-15 00:00:00-04:00,38.16999816894531,38.59000015258789,37.779998779296875,38.18000030517578,2906700,0.0,0.0
2024-03-18 00:00:00-04:00,38.18000030517578,38.400001525878906,37.58000183105469,38.209999084472656,1970900,0.0,0.0
2024-03-19 00:00:00-04:00,38.119998931884766,38.439998626708984,37.7400016784668,37.81999969482422,1835500,0.0,0.0
2024-03-20 00:00:00-04:00,37.88999938964844,38.790000915527344,37.66999816894531,38.779998779296875,2180200,0.0,0.0
2024-03-21 00:00:00-04:00,39.09000015258789,39.880001068115234,38.72999954223633,39.7599983215332,2569300,0.0,0.0
2024-03-22 00:00:00-04:00,39.79999923706055,39.959999084472656,39.41999816894531,39.560001373291016,1262300,0.0,0.0
2024-03-25 00:00:00-04:00,39.400001525878906,39.7599983215332,39.15999984741211,39.68000030517578,1556300,0.0,0.0
2024-03-26 00:00:00-04:00,39.869998931884766,40.439998626708984,39.689998626708984,39.869998931884766,2095300,0.0,0.0
2024-03-27 00:00:00-04:00,40.20000076293945,42.25,40.09000015258789,42.0099983215332,3014500,0.0,0.0
2024-03-28 00:00:00-04:00,42.029998779296875,43.27000045776367,41.970001220703125,42.9900016784668,3311000,0.0,0.0
2024-04-01 00:00:00-04:00,43.400001525878906,43.959999084472656,43.0099983215332,43.06999969482422,3213300,0.0,0.0
2024-04-02 00:00:00-04:00,42.25,42.27000045776367,41.540000915527344,42.060001373291016,2062300,0.0,0.0
2024-04-03 00:00:00-04:00,42.0,42.189998626708984,41.41999816894531,41.880001068115234,1855400,0.0,0.0
2024-04-04 00:00:00-04:00,42.130001068115234,44.290000915527344,41.630001068115234,41.7599983215332,3715700,0.0,0.0
2024-04-05 00:00:00-04:00,41.689998626708984,42.63999938964844,41.439998626708984,42.47999954223633,2763200,0.0,0.0
2024-04-08 00:00:00-04:00,42.720001220703125,43.540000915527344,42.5,42.58000183105469,2114100,0.0,0.0
2024-04-09 00:00:00-04:00,42.86000061035156,43.18000030517578,42.400001525878906,43.0099983215332,1814200,0.0,0.0
2024-04-10 00:00:00-04:00,42.630001068115234,43.27000045776367,41.54999923706055,41.959999084472656,2318100,0.0,0.0
2024-04-11 00:00:00-04:00,42.099998474121094,42.720001220703125,41.77000045776367,42.66999816894531,1828400,0.0,0.0
2024-04-12 00:00:00-04:00,41.90999984741211,42.02000045776367,41.04999923706055,41.29999923706055,1861700,0.0,0.0
2024-04-15 00:00:00-04:00,41.540000915527344,42.029998779296875,40.66999816894531,40.97999954223633,1866000,0.0,0.0
2024-04-16 00:00:00-04:00,40.790000915527344,41.2400016784668,40.06999969482422,40.79999923706055,1942300,0.0,0.0
2024-04-17 00:00:00-04:00,41.779998779296875,42.95000076293945,41.29999923706055,42.720001220703125,4534100,0.0,0.0
2024-04-18 00:00:00-04:00,44.119998931884766,45.7599983215332,43.2400016784668,44.439998626708984,5593400,0.0,0.0
2024-04-19 00:00:00-04:00,44.77000045776367,45.75,44.63999938964844,45.0099983215332,3135200,0.0,0.0
2024-04-22 00:00:00-04:00,45.2400016784668,46.150001525878906,45.06999969482422,45.529998779296875,2634800,0.0,0.0
2024-04-23 00:00:00-04:00,44.68000030517578,46.119998931884766,44.599998474121094,45.08000183105469,2105400,0.0,0.0
2024-04-24 00:00:00-04:00,44.880001068115234,45.02000045776367,43.91999816894531,44.22999954223633,1992300,0.0,0.0
2024-04-25 00:00:00-04:00,43.70000076293945,44.79999923706055,42.959999084472656,44.54999923706055,2790300,0.0,0.0
2024-04-26 00:00:00-04:00,44.66999816894531,44.7400016784668,43.40999984741211,43.959999084472656,2032400,0.0,0.0
2024-04-29 00:00:00-04:00,43.86000061035156,44.439998626708984,43.79999923706055,44.09000015258789,1609300,0.0,0.0
2024-04-30 00:00:00-04:00,43.70000076293945,44.130001068115234,42.97999954223633,43.02000045776367,1671800,0.0,0.0
2024-05-01 00:00:00-04:00,42.9900016784668,43.11000061035156,42.11000061035156,42.18000030517578,1675000,0.0,0.0
2024-05-02 00:00:00-04:00,42.900001525878906,42.900001525878906,42.20000076293945,42.70000076293945,1992500,0.0,0.0
2024-05-03 00:00:00-04:00,43.0,43.20000076293945,42.61000061035156,42.68000030517578,1858500,0.0,0.0
2024-05-06 00:00:00-04:00,43.029998779296875,44.29999923706055,42.630001068115234,43.849998474121094,1451800,0.0,0.0
2024-05-07 00:00:00-04:00,43.54999923706055,43.869998931884766,43.040000915527344,43.16999816894531,1352400,0.0,0.0
2024-05-08 00:00:00-04:00,42.95000076293945,43.470001220703125,42.790000915527344,43.290000915527344,1171600,0.0,0.0
2024-05-09 00:00:00-04:00,43.150001525878906,43.880001068115234,42.7599983215332,43.86000061035156,1791900,0.0,0.0
2024-05-10 00:00:00-04:00,43.9900016784668,44.220001220703125,43.310001373291016,43.7599983215332,1202300,0.0,0.0
2024-05-13 00:00:00-04:00,43.77000045776367,44.7400016784668,43.77000045776367,43.869998931884766,1767300,0.0,0.0
2024-05-14 00:00:00-04:00,44.0,44.41999816894531,43.59000015258789,43.779998779296875,1209600,0.0,0.0
2024-05-15 00:00:00-04:00,43.90999984741211,44.0099983215332,43.290000915527344,43.47999954223633,1155300,0.0,0.0
2024-05-16 00:00:00-04:00,43.599998474121094,43.75,43.02000045776367,43.279998779296875,1167300,0.0,0.0
2024-05-17 00:00:00-04:00,43.68000030517578,44.18000030517578,43.209999084472656,43.290000915527344,1686900,0.0,0.0
2024-05-20 00:00:00-04:00,43.220001220703125,44.130001068115234,43.220001220703125,43.88999938964844,1392800,0.0,0.0
2024-05-21 00:00:00-04:00,43.75,44.0099983215332,43.59000015258789,43.75,1216700,0.0,0.0
2024-05-22 00:00:00-04:00,43.709999084472656,44.27000045776367,43.369998931884766,43.599998474121094,1133100,0.0,0.0
2024-05-23 00:00:00-04:00,43.81999969482422,43.81999969482422,41.939998626708984,42.349998474121094,1581300,0.0,0.0
2024-05-24 00:00:00-04:00,42.619998931884766,42.88999938964844,42.29999923706055,42.70000076293945,1018300,0.0,0.0
2024-05-28 00:00:00-04:00,42.529998779296875,42.599998474121094,41.52000045776367,41.7400016784668,1322100,0.0,0.0
2024-05-29 00:00:00-04:00,40.61000061035156,41.33000183105469,39.20000076293945,40.650001525878906,2842100,0.0,0.0
2024-05-30 00:00:00-04:00,40.7400016784668,41.34000015258789,40.529998779296875,41.18000030517578,1589800,0.0,0.0
2024-05-31 00:00:00-04:00,41.560001373291016,42.099998474121094,41.369998931884766,42.02000045776367,1891100,0.0,0.0
2024-06-03 00:00:00-04:00,42.58000183105469,42.86000061035156,41.779998779296875,41.93000030517578,1644000,0.0,0.0
2024-06-04 00:00:00-04:00,41.650001525878906,42.45000076293945,41.560001373291016,41.7599983215332,1805700,0.0,0.0
2024-06-05 00:00:00-04:00,41.849998474121094,41.959999084472656,41.33000183105469,41.45000076293945,1369000,0.0,0.0
2024-06-06 00:00:00-04:00,41.45000076293945,42.02000045776367,40.90999984741211,40.97999954223633,1204700,0.0,0.0
2024-06-07 00:00:00-04:00,40.560001373291016,40.91999816894531,40.5,40.7400016784668,2090000,0.0,0.0
2024-06-10 00:00:00-04:00,40.459999084472656,41.380001068115234,40.0099983215332,41.349998474121094,2701300,0.0,0.0
2024-06-11 00:00:00-04:00,41.119998931884766,41.119998931884766,40.09000015258789,40.2400016784668,1024300,0.0,0.0
2024-06-12 00:00:00-04:00,40.650001525878906,42.029998779296875,40.650001525878906,41.5099983215332,1649100,0.0,0.0
2024-06-13 00:00:00-04:00,41.41999816894531,41.41999816894531,40.439998626708984,41.0099983215332,1744700,0.0,0.0
2024-06-14 00:00:00-04:00,40.33000183105469,40.47999954223633,39.209999084472656,40.33000183105469,1969700,0.0,0.0
2024-06-17 00:00:00-04:00,40.08000183105469,41.25,39.91999816894531,41.150001525878906,1524900,0.0,0.0
2024-06-18 00:00:00-04:00,41.2400016784668,41.58000183105469,40.650001525878906,41.5099983215332,1486900,0.0,0.0
2024-06-20 00:00:00-04:00,41.27000045776367,41.91999816894531,41.119998931884766,41.34000015258789,1272300,0.0,0.0
2024-06-21 00:00:00-04:00,41.33000183105469,41.34000015258789,40.72999954223633,41.18000030517578,2201700,0.0,0.0
2024-06-24 00:00:00-04:00,41.45000076293945,41.97999954223633,41.189998626708984,41.810001373291016,1275000,0.0,0.0
2024-06-25 00:00:00-04:00,41.84000015258789,41.86000061035156,40.7599983215332,40.81999969482422,1332100,0.0,0.0
2024-06-26 00:00:00-04:00,40.16999816894531,40.91999816894531,39.68000030517578,40.68000030517578,1541100,0.0,0.0
2024-06-27 00:00:00-04:00,40.470001220703125,41.02000045776367,40.470001220703125,40.7599983215332,1548300,0.0,0.0
2024-06-28 00:00:00-04:00,41.0,41.060001373291016,40.11000061035156,40.400001525878906,2180000,0.0,0.0
2024-07-01 00:00:00-04:00,40.56999969482422,40.619998931884766,39.45000076293945,40.09000015258789,1549500,0.0,0.0
2024-07-02 00:00:00-04:00,40.060001373291016,40.20000076293945,39.380001068115234,39.72999954223633,1898300,0.0,0.0
2024-07-03 00:00:00-04:00,40.0,40.290000915527344,39.54999923706055,40.290000915527344,980700,0.0,0.0
2024-07-05 00:00:00-04:00,39.70000076293945,39.779998779296875,38.29999923706055,38.33000183105469,2395800,0.0,0.0
2024-07-08 00:00:00-04:00,38.619998931884766,38.90999984741211,38.13999938964844,38.16999816894531,1396900,0.0,0.0
2024-07-09 00:00:00-04:00,37.93000030517578,38.09000015258789,37.2599983215332,37.38999938964844,2944800,0.0,0.0
2024-07-10 00:00:00-04:00,37.939998626708984,38.0099983215332,36.97999954223633,37.06999969482422,2494500,0.0,0.0
2024-07-11 00:00:00-04:00,35.7400016784668,37.939998626708984,35.310001373291016,37.90999984741211,2620900,0.0,0.0
2024-07-12 00:00:00-04:00,38.0,38.45000076293945,37.61000061035156,38.40999984741211,2325700,0.0,0.0
2024-07-15 00:00:00-04:00,38.5099983215332,38.849998474121094,38.04999923706055,38.45000076293945,2177900,0.0,0.0
2024-07-16 00:00:00-04:00,38.56999969482422,40.650001525878906,38.5099983215332,40.5,2127700,0.0,0.0
2024-07-17 00:00:00-04:00,39.900001525878906,40.540000915527344,39.72999954223633,40.029998779296875,2462100,0.0,0.0
2024-07-18 00:00:00-04:00,38.47999954223633,39.04999923706055,36.68000030517578,37.25,5556700,0.0,0.0
2024-07-19 00:00:00-04:00,36.97999954223633,38.18000030517578,36.58000183105469,37.93000030517578,3102500,0.0,0.0
2024-07-22 00:00:00-04:00,37.4900016784668,38.880001068115234,37.27000045776367,38.72999954223633,2292500,0.0,0.0
2024-07-23 00:00:00-04:00,39.11000061035156,39.27000045776367,37.93000030517578,38.060001373291016,3856800,0.0,0.0
2024-07-24 00:00:00-04:00,38.06999969482422,38.81999969482422,37.7599983215332,37.84000015258789,1739800,0.0,0.0
2024-07-25 00:00:00-04:00,37.7599983215332,39.11000061035156,37.7400016784668,38.68000030517578,1929700,0.0,0.0
2024-07-26 00:00:00-04:00,39.189998626708984,39.63999938964844,38.61000061035156,39.459999084472656,1640000,0.0,0.0
2024-07-29 00:00:00-04:00,39.58000183105469,39.63999938964844,38.65999984741211,38.77000045776367,1586000,0.0,0.0
2024-07-30 00:00:00-04:00,39.02000045776367,39.59000015258789,38.47999954223633,38.529998779296875,2100100,0.0,0.0
2024-07-31 00:00:00-04:00,38.58000183105469,38.75,37.470001220703125,37.529998779296875,2662700,0.0,0.0
2024-08-01 00:00:00-04:00,37.7400016784668,38.0,36.0099983215332,36.34000015258789,1953800,0.0,0.0
2024-08-02 00:00:00-04:00,35.38999938964844,35.560001373291016,34.47999954223633,34.529998779296875,2056400,0.0,0.0
2024-08-05 00:00:00-04:00,32.75,33.599998474121094,32.66999816894531,32.91999816894531,2560000,0.0,0.0
2024-08-06 00:00:00-04:00,33.220001220703125,34.08000183105469,32.619998931884766,33.599998474121094,2883100,0.0,0.0
2024-08-07 00:00:00-04:00,34.18000030517578,34.400001525878906,33.40999984741211,33.5,1622500,0.0,0.0
2024-08-08 00:00:00-04:00,33.7400016784668,34.599998474121094,33.7400016784668,34.560001373291016,1446000,0.0,0.0
2024-08-09 00:00:00-04:00,34.619998931884766,34.900001525878906,34.43000030517578,34.68000030517578,1753300,0.0,0.0
2024-08-12 00:00:00-04:00,34.619998931884766,34.97999954223633,34.47999954223633,34.59000015258789,1721900,0.0,0.0
2024-08-13 00:00:00-04:00,34.75,35.619998931884766,34.599998474121094,35.4900016784668,2271600,0.0,0.0
2024-08-14 00:00:00-04:00,35.630001068115234,35.77000045776367,34.70000076293945,34.77000045776367,1773100,0.0,0.0
2024-08-15 00:00:00-04:00,35.5099983215332,35.90999984741211,35.04999923706055,35.29999923706055,2981500,0.0,0.0
2024-08-16 00:00:00-04:00,35.130001068115234,35.459999084472656,34.7599983215332,34.779998779296875,2506500,0.0,0.0
2024-08-19 00:00:00-04:00,35.04999923706055,35.13999938964844,34.81999969482422,34.959999084472656,1687000,0.0,0.0
2024-08-20 00:00:00-04:00,35.0,35.2400016784668,34.650001525878906,34.970001220703125,3991400,0.0,0.0
2024-08-21 00:00:00-04:00,35.18000030517578,35.290000915527344,34.84000015258789,34.9900016784668,2219400,0.0,0.0
2024-08-22 00:00:00-04:00,34.90999984741211,35.0,34.439998626708984,34.529998779296875,2066100,0.0,0.0
2024-08-23 00:00:00-04:00,34.709999084472656,35.86000061035156,34.599998474121094,35.720001220703125,2164300,0.0,0.0
2024-08-26 00:00:00-04:00,35.86000061035156,36.11000061035156,35.27000045776367,35.279998779296875,2583400,0.0,0.0
2024-08-27 00:00:00-04:00,35.43000030517578,36.02000045776367,35.06999969482422,35.779998779296875,2481100,0.0,0.0
2024-08-28 00:00:00-04:00,35.83000183105469,36.099998474121094,35.38999938964844,35.75,2138500,0.0,0.0
2024-08-29 00:00:00-04:00,35.90999984741211,36.18000030517578,35.66999816894531,35.79999923706055,1722700,0.0,0.0
2024-08-30 00:00:00-04:00,35.939998626708984,36.279998779296875,35.849998474121094,36.11000061035156,1956700,0.0,0.0
2024-09-03 00:00:00-04:00,35.849998474121094,36.54999923706055,35.7599983215332,35.900001525878906,1969100,0.0,0.0
2024-09-04 00:00:00-04:00,35.779998779296875,36.59000015258789,35.77000045776367,36.119998931884766,1494100,0.0,0.0
2024-09-05 00:00:00-04:00,36.439998626708984,39.2400016784668,36.439998626708984,37.81999969482422,4269800,0.0,0.0
2024-09-06 00:00:00-04:00,37.68000030517578,38.2599983215332,37.0,37.59000015258789,1761100,0.0,0.0
2024-09-09 00:00:00-04:00,38.06999969482422,39.84000015258789,37.84000015258789,39.79999923706055,3291200,0.0,0.0
2024-09-10 00:00:00-04:00,39.97999954223633,40.0,39.150001525878906,39.79999923706055,2338200,0.0,0.0
2024-09-11 00:00:00-04:00,39.79999923706055,39.83000183105469,38.9900016784668,39.4900016784668,1613300,0.0,0.0
2024-09-12 00:00:00-04:00,40.939998626708984,40.939998626708984,38.970001220703125,39.95000076293945,3700900,0.0,0.0
2024-09-13 00:00:00-04:00,40.9900016784668,42.04999923706055,40.619998931884766,41.63999938964844,3824600,0.0,0.0
2024-09-16 00:00:00-04:00,41.68000030517578,41.7599983215332,41.06999969482422,41.34000015258789,1693000,0.0,0.0
2024-09-17 00:00:00-04:00,41.959999084472656,42.279998779296875,40.790000915527344,40.97999954223633,2986800,0.0,0.0
2024-09-18 00:00:00-04:00,41.08000183105469,41.119998931884766,39.63999938964844,39.7599983215332,3442600,0.0,0.0
2024-09-19 00:00:00-04:00,40.630001068115234,40.90999984741211,39.380001068115234,39.560001373291016,2475700,0.0,0.0
2024-09-20 00:00:00-04:00,39.31999969482422,40.060001373291016,39.099998474121094,40.02000045776367,3347400,0.0,0.0
2024-09-23 00:00:00-04:00,40.0099983215332,42.02000045776367,39.91999816894531,41.689998626708984,2914700,0.0,0.0
2024-09-24 00:00:00-04:00,42.15999984741211,42.45000076293945,41.13999938964844,41.619998931884766,3213100,0.0,0.0
2024-09-25 00:00:00-04:00,42.040000915527344,42.810001373291016,41.630001068115234,42.45000076293945,2899800,0.0,0.0
2024-09-26 00:00:00-04:00,43.290000915527344,44.5,43.290000915527344,44.45000076293945,3544300,0.0,0.0
2024-09-27 00:00:00-04:00,44.689998626708984,45.209999084472656,44.459999084472656,45.0,3552000,0.0,0.0
2024-09-30 00:00:00-04:00,44.279998779296875,45.56999969482422,44.13999938964844,45.209999084472656,2585300,0.0,0.0
2024-10-01 00:00:00-04:00,45.060001373291016,45.189998626708984,44.25,45.11000061035156,2404300,0.0,0.0
2024-10-02 00:00:00-04:00,44.709999084472656,44.77000045776367,43.93000030517578,44.16999816894531,1457200,0.0,0.0
2024-10-03 00:00:00-04:00,44.029998779296875,44.18000030517578,42.41999816894531,42.68000030517578,2470000,0.0,0.0
2024-10-04 00:00:00-04:00,43.36000061035156,43.93000030517578,41.720001220703125,42.47999954223633,3472900,0.0,0.0
2024-10-07 00:00:00-04:00,42.4900016784668,42.66999816894531,41.7400016784668,42.540000915527344,1950700,0.0,0.0
2024-10-08 00:00:00-04:00,42.61000061035156,43.349998474121094,42.470001220703125,42.7400016784668,2464300,0.0,0.0
2024-10-09 00:00:00-04:00,42.95000076293945,43.65999984741211,42.650001525878906,42.79999923706055,1435800,0.0,0.0
2024-10-10 00:00:00-04:00,42.40999984741211,43.2400016784668,42.290000915527344,42.959999084472656,2434700,0.0,0.0
2024-10-11 00:00:00-04:00,42.88999938964844,44.7400016784668,42.849998474121094,44.630001068115234,2684000,0.0,0.0
2024-10-14 00:00:00-04:00,44.70000076293945,44.939998626708984,44.16999816894531,44.689998626708984,2429200,0.0,0.0
2024-10-15 00:00:00-04:00,45.0,46.279998779296875,45.0,45.400001525878906,2025400,0.0,0.0
2024-10-16 00:00:00-04:00,45.77000045776367,46.869998931884766,45.599998474121094,46.38999938964844,2602100,0.0,0.0
2024-10-17 00:00:00-04:00,46.529998779296875,46.529998779296875,45.279998779296875,45.650001525878906,1714400,0.0,0.0
2024-10-18 00:00:00-04:00,45.06999969482422,45.54999923706055,44.720001220703125,44.939998626708984,1816500,0.0,0.0
2024-10-21 00:00:00-04:00,45.02000045776367,46.25,45.02000045776367,46.040000915527344,3372900,0.0,0.0
2024-10-22 00:00:00-04:00,46.040000915527344,46.040000915527344,45.4900016784668,45.97999954223633,1639800,0.0,0.0
2024-10-23 00:00:00-04:00,45.619998931884766,45.970001220703125,45.310001373291016,45.83000183105469,1922100,0.0,0.0
2024-10-24 00:00:00-04:00,46.0,46.619998931884766,45.209999084472656,45.61000061035156,2128600,0.0,0.0
2024-10-25 00:00:00-04:00,45.83000183105469,45.970001220703125,45.290000915527344,45.540000915527344,1356900,0.0,0.0
2024-10-28 00:00:00-04:00,46.970001220703125,47.45000076293945,46.75,47.099998474121094,1836200,0.0,0.0
2024-10-29 00:00:00-04:00,46.36000061035156,47.40999984741211,46.29999923706055,46.93000030517578,1928900,0.0,0.0
2024-10-30 00:00:00-04:00,46.599998474121094,47.459999084472656,46.5,47.27000045776367,1878900,0.0,0.0
2024-10-31 00:00:00-04:00,47.25,50.15999984741211,47.209999084472656,47.90999984741211,4086600,0.0,0.0
2024-11-01 00:00:00-04:00,48.63999938964844,49.349998474121094,48.060001373291016,49.22999954223633,3632300,0.0,0.0
2024-11-04 00:00:00-05:00,48.83000183105469,49.04999923706055,47.22999954223633,47.22999954223633,2610900,0.0,0.0
2024-11-05 00:00:00-05:00,47.290000915527344,48.72999954223633,47.290000915527344,48.560001373291016,1415300,0.0,0.0
2024-11-06 00:00:00-05:00,49.65999984741211,51.90999984741211,49.529998779296875,51.619998931884766,3085100,0.0,0.0
2024-11-07 00:00:00-05:00,51.5,52.150001525878906,50.9900016784668,50.9900016784668,1862800,0.0,0.0
2024-11-08 00:00:00-05:00,51.29999923706055,51.599998474121094,50.59000015258789,51.0,1443400,0.0,0.0
2024-11-11 00:00:00-05:00,51.59000015258789,52.189998626708984,50.900001525878906,51.849998474121094,2498300,0.0,0.0
2024-11-12 00:00:00-05:00,51.5,51.95000076293945,50.68000030517578,51.45000076293945,1341100,0.0,0.0
2024-11-13 00:00:00-05:00,51.470001220703125,52.70000076293945,51.2599983215332,51.66999816894531,2407800,0.0,0.0
2024-11-14 00:00:00-05:00,52.59000015258789,53.66999816894531,52.209999084472656,52.880001068115234,2789300,0.0,0.0
2024-11-15 00:00:00-05:00,52.93000030517578,54.0099983215332,52.93000030517578,53.959999084472656,2201900,0.0,0.0
2024-11-18 00:00:00-05:00,53.189998626708984,53.939998626708984,52.5099983215332,52.83000183105469,2646400,0.0,0.0
2024-11-19 00:00:00-05:00,52.040000915527344,53.209999084472656,51.77000045776367,53.08000183105469,1495800,0.0,0.0
2024-11-20 00:00:00-05:00,53.08000183105469,53.380001068115234,52.150001525878906,53.13999938964844,1641800,0.0,0.0
2024-11-21 00:00:00-05:00,53.060001373291016,53.2599983215332,52.20000076293945,52.29999923706055,1234800,0.0,0.0
2024-11-22 00:00:00-05:00,52.29999923706055,52.66999816894531,52.0,52.41999816894531,1374200,0.0,0.0
2024-11-25 00:00:00-05:00,53.2400016784668,53.779998779296875,52.7400016784668,53.439998626708984,1805800,0.0,0.0
2024-11-26 00:00:00-05:00,53.400001525878906,54.13999938964844,52.90999984741211,52.93000030517578,1145500,0.0,0.0
2024-11-27 00:00:00-05:00,52.93000030517578,53.18000030517578,52.5099983215332,52.68000030517578,934700,0.0,0.0
2024-11-29 00:00:00-05:00,52.65999984741211,52.939998626708984,52.400001525878906,52.599998474121094,649300,0.0,0.0
2024-12-02 00:00:00-05:00,52.540000915527344,53.43000030517578,51.81999969482422,53.15999984741211,1640800,0.0,0.0
2024-12-03 00:00:00-05:00,53.29999923706055,53.689998626708984,52.470001220703125,52.54999923706055,2154800,0.0,0.0
2024-12-04 00:00:00-05:00,53.709999084472656,54.65999984741211,53.119998931884766,54.40999984741211,1647900,0.0,0.0
2024-12-05 00:00:00-05:00,55.599998474121094,56.95000076293945,55.27000045776367,55.880001068115234,2880100,0.0,0.0
2024-12-06 00:00:00-05:00,56.349998474121094,56.47999954223633,54.08000183105469,54.34000015258789,2212000,0.0,0.0
2024-12-09 00:00:00-05:00,54.58000183105469,54.91999816894531,53.54999923706055,54.15999984741211,2504700,0.0,0.0
2024-12-10 00:00:00-05:00,61.45000076293945,63.900001525878906,60.029998779296875,61.290000915527344,7566200,0.0,0.0
2024-12-11 00:00:00-05:00,62.0,65.27999877929688,61.86000061035156,64.08999633789062,5102700,0.0,0.0
2024-12-12 00:00:00-05:00,64.69999694824219,65.62000274658203,63.099998474121094,63.41999816894531,5150300,0.0,0.0
2024-12-13 00:00:00-05:00,63.150001525878906,63.61000061035156,62.16999816894531,62.56999969482422,3723900,0.0,0.0
2024-12-16 00:00:00-05:00,62.459999084472656,63.41999816894531,62.029998779296875,63.400001525878906,3109000,0.0,0.0
2024-12-17 00:00:00-05:00,63.0,63.52000045776367,62.5,63.20000076293945,3475100,0.0,0.0
2024-12-18 00:00:00-05:00,63.150001525878906,64.61000061035156,62.25,62.439998626708984,3369700,0.0,0.0
2024-12-19 00:00:00-05:00,62.97999954223633,65.23999786376953,62.810001373291016,64.97000122070312,3065600,0.0,0.0
2024-12-20 00:00:00-05:00,64.44000244140625,66.80999755859375,64.2699966430664,66.0199966430664,7046800,0.0,0.0
2024-12-23 00:00:00-05:00,65.68000030517578,67.51000213623047,65.68000030517578,67.47000122070312,2425700,0.0,0.0
2024-12-24 00:00:00-05:00,67.45999908447266,67.7300033569336,66.66999816894531,67.5999984741211,1032600,0.0,0.0
2024-12-26 00:00:00-05:00,66.80999755859375,67.68000030517578,66.69000244140625,67.0199966430664,1278400,0.0,0.0
2024-12-27 00:00:00-05:00,66.38999938964844,66.70999908447266,65.16999816894531,65.83000183105469,6523200,0.0,0.0
2024-12-30 00:00:00-05:00,64.93000030517578,65.48999786376953,64.2699966430664,64.87000274658203,2379100,0.0,0.0
2024-12-31 00:00:00-05:00,64.80000305175781,65.45999908447266,64.43000030517578,64.75,1444000,0.0,0.0
2025-01-02 00:00:00-05:00,64.80000305175781,65.16999816894531,63.79999923706055,64.30000305175781,1552200,0.0,0.0
2025-01-03 00:00:00-05:00,64.30000305175781,64.5,62.81999969482422,63.97999954223633,2442200,0.0,0.0
2025-01-06 00:00:00-05:00,64.5,65.7699966430664,64.30000305175781,64.4000015258789,2628400,0.0,0.0
2025-01-07 00:00:00-05:00,65.88999938964844,66.5199966430664,64.95999908447266,65.5199966430664,4309500,0.0,0.0
2025-01-08 00:00:00-05:00,65.30000305175781,66.86000061035156,64.66000366210938,66.29000091552734,1777500,0.0,0.0
2025-01-10 00:00:00-05:00,68.88999938964844,69.0999984741211,66.51000213623047,68.18000030517578,3701700,0.0,0.0
2025-01-13 00:00:00-05:00,67.43000030517578,67.47000122070312,65.33000183105469,66.47000122070312,2959800,0.0,0.0
2025-01-14 00:00:00-05:00,67.44000244140625,68.27999877929688,66.94999694824219,67.44000244140625,2630900,0.0,0.0
2025-01-15 00:00:00-05:00,68.2300033569336,68.5,66.58999633789062,66.66000366210938,2552900,0.0,0.0
2025-01-16 00:00:00-05:00,66.94999694824219,67.5199966430664,65.81999969482422,67.41999816894531,1933400,0.0,0.0
2025-01-17 00:00:00-05:00,67.94999694824219,67.94999694824219,66.12000274658203,66.33999633789062,2137800,0.0,0.0
2025-01-21 00:00:00-05:00,67.48999786376953,68.88999938964844,66.76000213623047,68.87999725341797,2301000,0.0,0.0
2025-01-22 00:00:00-05:00,69.9000015258789,70.20999908447266,67.05000305175781,67.4000015258789,4400000,0.0,0.0
2025-01-23 00:00:00-05:00,69.76000213623047,71.69999694824219,67.81999969482422,68.8499984741211,6497200,0.0,0.0
2025-01-24 00:00:00-05:00,69.29000091552734,70.22000122070312,67.44999694824219,69.94999694824219,2781300,0.0,0.0
2025-01-27 00:00:00-05:00,69.26000213623047,71.62999725341797,69.1500015258789,70.45999908447266,2986300,0.0,0.0
2025-01-28 00:00:00-05:00,70.0999984741211,71.58000183105469,70.0,71.41000366210938,2659100,0.0,0.0
2025-01-29 00:00:00-05:00,71.69999694824219,72.88999938964844,71.62999725341797,72.19999694824219,2391900,0.0,0.0
2025-01-30 00:00:00-05:00,71.86000061035156,74.6500015258789,71.86000061035156,74.43000030517578,2601600,0.0,0.0
2025-01-31 00:00:00-05:00,73.91999816894531,74.69999694824219,72.91999816894531,73.25,2980900,0.0,0.0
2025-02-03 00:00:00-05:00,71.05999755859375,74.86000061035156,71.0,73.48999786376953,2970900,0.0,0.0
2025-02-04 00:00:00-05:00,73.91000366210938,75.9800033569336,73.4800033569336,75.55000305175781,2710300,0.0,0.0
2025-02-05 00:00:00-05:00,75.54000091552734,75.79000091552734,74.3499984741211,74.91000366210938,2289900,0.0,0.0
2025-02-06 00:00:00-05:00,75.05000305175781,75.54000091552734,73.66999816894531,74.41000366210938,2508700,0.0,0.0
2025-02-07 00:00:00-05:00,74.97000122070312,76.33000183105469,74.11000061035156,75.91999816894531,3075200,0.0,0.0
