Date,Open,High,Low,Close,Volume,Dividends,Stock Splits
1995-02-08 00:00:00-05:00,2.336664052954567,2.336664052954567,2.2253945749061304,2.281029224395752,99900,0.0,0.0
1995-02-09 00:00:00-05:00,2.336664052954567,2.336664052954567,2.2253945749061304,2.281029224395752,155588,0.0,0.0
1995-02-10 00:00:00-05:00,2.2810293790615033,2.30884688476168,2.2253947257995605,2.2253947257995605,617963,0.0,0.0
1995-02-13 00:00:00-05:00,2.2810293790615033,2.2810293790615033,2.1697598934684126,2.2253947257995605,106650,0.0,0.0
1995-02-14 00:00:00-05:00,2.1697598189997125,2.2532119750976562,2.1697598189997125,2.2532119750976562,69188,0.0,0.0
1995-02-15 00:00:00-05:00,2.225394473596595,2.4479335986317214,2.225394473596595,2.3644814491271973,360113,0.0,0.0
1995-02-16 00:00:00-05:00,2.3644814491271973,2.3644814491271973,2.281029120553488,2.3644814491271973,321638,0.0,0.0
1995-02-17 00:00:00-05:00,2.3088464736938477,2.3644812961197523,2.2810289729463085,2.3088464736938477,56363,0.0,0.0
1995-02-21 00:00:00-05:00,2.336663795372213,2.336663795372213,2.2810289729463085,2.3088464736938477,42863,0.0,0.0
1995-02-22 00:00:00-05:00,2.3366652713681217,2.3923001289367676,2.3088479321184425,2.3923001289367676,90450,0.0,0.0
1995-02-23 00:00:00-05:00,2.392299520075345,2.392299520075345,2.3088473444963378,2.3366646766662598,32400,0.0,0.0
1995-02-24 00:00:00-05:00,2.447934566792763,2.6148391108819427,2.364482384282801,2.5452959537506104,247388,0.0,0.0
1995-02-27 00:00:00-05:00,2.642656935299764,2.726109289731418,2.503569200395699,2.698291778564453,255825,0.0,0.0
1995-02-28 00:00:00-05:00,2.7261087769434456,2.8373782634735107,2.6148383950673457,2.8373782634735107,220725,0.0,0.0
1995-03-01 00:00:00-05:00,2.837379637645081,2.893014497389241,2.6982925778193283,2.781744956970215,216000,0.0,0.0
1995-03-02 00:00:00-05:00,2.7261087769434456,2.893013096273147,2.7261087769434456,2.8373782634735107,132300,0.0,0.0
1995-03-03 00:00:00-05:00,2.7261087769434456,2.893013096273147,2.7261087769434456,2.8373782634735107,76275,0.0,0.0
1995-03-06 00:00:00-05:00,2.893013096273147,2.893013096273147,2.7817436097430814,2.8373782634735107,64125,0.0,0.0
1995-03-07 00:00:00-05:00,2.8373788233669175,2.8373788233669175,2.670474471102366,2.8095614910125732,266288,0.0,0.0
1995-03-08 00:00:00-05:00,2.83737902093404,2.83737902093404,2.726109504699707,2.726109504699707,34425,0.0,0.0
1995-03-09 00:00:00-05:00,2.726108712534087,2.8373781964352047,2.726108712534087,2.7539260387420654,145463,0.0,0.0
1995-03-10 00:00:00-05:00,2.726110097226055,2.837379637645081,2.726110097226055,2.781744956970215,94163,0.0,0.0
1995-03-13 00:00:00-05:00,2.781743544019247,2.8373781964352047,2.7539260387420654,2.7539260387420654,167400,0.0,0.0
1995-03-14 00:00:00-05:00,2.726110097226055,2.809562297307648,2.726110097226055,2.781744956970215,144788,0.0,0.0
1995-03-15 00:00:00-05:00,2.7539263076459033,2.8095611445634607,2.6704741418041773,2.7226314544677734,91800,0.0,0.0
1995-03-16 00:00:00-05:00,2.7817437429042773,2.7817437429042773,2.6426565647125244,2.6426565647125244,66825,0.0,0.0
1995-03-17 00:00:00-05:00,2.614838034193833,2.75392572373967,2.614838034193833,2.670473575592041,43875,0.0,0.0
1995-03-20 00:00:00-05:00,2.726109504699707,2.726109504699707,2.6148390931191003,2.726109504699707,32063,0.0,0.0
1995-03-21 00:00:00-05:00,2.6148386001586914,2.7261089907621345,2.6148386001586914,2.6148386001586914,25650,0.0,0.0
1995-03-22 00:00:00-05:00,2.6148390931191003,2.726109504699707,2.6148390931191003,2.726109504699707,83025,0.0,0.0
1995-03-23 00:00:00-05:00,2.614838034193833,2.69829089861819,2.614838034193833,2.670473575592041,63113,0.0,0.0
1995-03-24 00:00:00-05:00,2.6148383332869556,2.809560870227226,2.6148383332869556,2.7539260387420654,167738,0.0,0.0
1995-03-27 00:00:00-05:00,2.7539268389909766,2.7539268389909766,2.6148390931191003,2.726109504699707,39825,0.0,0.0
1995-03-28 00:00:00-05:00,2.6148390931191003,2.7539268389909766,2.6148390931191003,2.726109504699707,78638,0.0,0.0
1995-03-29 00:00:00-05:00,2.726109504699707,2.726109504699707,2.6148390931191003,2.726109504699707,27338,0.0,0.0
1995-03-30 00:00:00-05:00,2.614838034193833,2.726108400713521,2.614838034193833,2.670473575592041,56025,0.0,0.0
1995-03-31 00:00:00-05:00,2.614838886925077,2.698291778564453,2.614838886925077,2.698291778564453,25650,0.0,0.0
1995-04-03 00:00:00-04:00,2.6426566454826044,2.698291482645884,2.6148386001586914,2.6148386001586914,12150,0.0,0.0
1995-04-04 00:00:00-04:00,2.6148395564026603,2.698292469408492,2.5035698413848877,2.5035698413848877,78975,0.0,0.0
1995-04-05 00:00:00-04:00,2.5035702084546854,2.614839939786663,2.3088482681583806,2.4479353427886963,158625,0.0,0.0
1995-04-06 00:00:00-04:00,2.336663795372213,2.420116118545657,2.197576828842038,2.3088464736938477,273038,0.0,0.0
1995-04-07 00:00:00-04:00,2.2532117970750414,2.3922987726056437,2.2532117970750414,2.3644814491271973,183600,0.0,0.0
1995-04-10 00:00:00-04:00,2.3366652713681217,2.4201176472557338,2.3366652713681217,2.3923001289367676,28688,0.0,0.0
1995-04-11 00:00:00-04:00,2.44793407114599,2.4757513999938965,2.44793407114599,2.4757513999938965,43200,0.0,0.0
1995-04-12 00:00:00-04:00,2.5035702084546854,2.5035702084546854,2.3923004771227077,2.4479353427886963,54675,0.0,0.0
1995-04-13 00:00:00-04:00,2.5035698413848877,2.5035698413848877,2.392300126367115,2.5035698413848877,31050,0.0,0.0
1995-04-17 00:00:00-04:00,2.5035698413848877,2.5592046988937738,2.392300126367115,2.5035698413848877,48600,0.0,0.0
1995-04-18 00:00:00-04:00,2.503568337659704,2.559203161752492,2.4479335135669165,2.531385660171509,32063,0.0,0.0
1995-04-19 00:00:00-04:00,2.5592041015625,2.5592041015625,2.4757517452427322,2.5592041015625,14175,0.0,0.0
1995-04-20 00:00:00-04:00,2.5592046988937738,2.5592046988937738,2.475752323095801,2.5035698413848877,32738,0.0,0.0
1995-04-21 00:00:00-04:00,2.531385660171509,2.559203161752492,2.475750836078721,2.531385660171509,72900,0.0,0.0
1995-04-24 00:00:00-04:00,2.5035698413848877,2.5313871806046877,2.392300126367115,2.5035698413848877,200813,0.0,0.0
1995-04-25 00:00:00-04:00,2.4757513999938965,2.559203744676056,2.4757513999938965,2.4757513999938965,56025,0.0,0.0
1995-04-26 00:00:00-04:00,2.5035702084546854,2.559205074120674,2.4479353427886963,2.4479353427886963,28350,0.0,0.0
1995-04-27 00:00:00-04:00,2.4479344125156395,2.5592041015625,2.4479344125156395,2.5592041015625,27675,0.0,0.0
1995-04-28 00:00:00-04:00,2.559205074120674,2.559205074120674,2.3644831338243697,2.4479353427886963,36788,0.0,0.0
1995-05-01 00:00:00-04:00,2.3923001289367676,2.4479349865054134,2.3923001289367676,2.3923001289367676,62100,0.0,0.0
1995-05-02 00:00:00-04:00,2.4479353427886963,2.4479353427886963,2.3923004771227077,2.4479353427886963,59063,0.0,0.0
1995-05-03 00:00:00-04:00,2.3923001289367676,2.4479349865054134,2.3923001289367676,2.3923001289367676,55013,0.0,0.0
1995-05-04 00:00:00-04:00,2.336664551229349,2.420116901397705,2.308847220552718,2.420116901397705,29363,0.0,0.0
1995-05-05 00:00:00-04:00,2.420116118545657,2.420116118545657,2.3088464736938477,2.3088464736938477,11475,0.0,0.0
1995-05-08 00:00:00-04:00,2.3088464736938477,2.420116118545657,2.3088464736938477,2.3088464736938477,34425,0.0,0.0
1995-05-09 00:00:00-04:00,2.4201163853273853,2.4201163853273853,2.281029224395752,2.281029224395752,80325,0.0,0.0
1995-05-10 00:00:00-04:00,2.30884688476168,2.30884688476168,2.1697598934684126,2.2253947257995605,227475,0.0,0.0
1995-05-11 00:00:00-04:00,2.2253949854472457,2.2253949854472457,2.16976014662491,2.197577476501465,180563,0.0,0.0
1995-05-12 00:00:00-04:00,2.197577476501465,2.197577476501465,2.16976014662491,2.197577476501465,62775,0.0,0.0
1995-05-15 00:00:00-04:00,2.1697598189997125,2.2532119750976562,2.0584901581563217,2.2532119750976562,336150,0.0,0.0
1995-05-16 00:00:00-04:00,2.2532119750976562,2.281029300773904,2.197577144675961,2.2532119750976562,845775,0.0,0.0
1995-05-17 00:00:00-04:00,2.2810297108068553,2.4479342320743362,2.2810297108068553,2.420116901397705,135338,0.0,0.0
1995-05-18 00:00:00-04:00,2.559205074120674,2.559205074120674,2.4479353427886963,2.4479353427886963,143775,0.0,0.0
1995-05-19 00:00:00-04:00,2.4479353427886963,2.5313875517530233,2.336665611456719,2.4479353427886963,169088,0.0,0.0
1995-05-22 00:00:00-04:00,2.447934983876001,2.5035698413848877,2.447934983876001,2.5035698413848877,57713,0.0,0.0
1995-05-23 00:00:00-04:00,2.5313875517530233,2.5313875517530233,2.3923004771227077,2.4479353427886963,162675,0.0,0.0
1995-05-24 00:00:00-04:00,2.4479349865054134,2.4479349865054134,2.3923001289367676,2.3923001289367676,13163,0.0,0.0
1995-05-25 00:00:00-04:00,2.364482187905423,2.392299520075345,2.3366646766662598,2.3366646766662598,13163,0.0,0.0
1995-05-26 00:00:00-04:00,2.3366646766662598,2.4201170313145077,2.3366646766662598,2.3366646766662598,39825,0.0,0.0
1995-05-30 00:00:00-04:00,2.3366646766662598,2.3366646766662598,2.2253951689173306,2.3366646766662598,36113,0.0,0.0
1995-05-31 00:00:00-04:00,2.2253951689173306,2.3366646766662598,2.1836686334547246,2.3366646766662598,88088,0.0,0.0
1995-06-01 00:00:00-04:00,2.336664052954567,2.336664052954567,2.2253945749061304,2.281029224395752,35100,0.0,0.0
1995-06-02 00:00:00-04:00,2.2253951689173306,2.3366646766662598,2.2253951689173306,2.3366646766662598,46575,0.0,0.0
1995-06-05 00:00:00-04:00,2.2253957353001175,2.3923001289367676,2.2253957353001175,2.3923001289367676,55013,0.0,0.0
1995-06-06 00:00:00-04:00,2.336664551229349,2.5035690724968296,2.336664551229349,2.420116901397705,77625,0.0,0.0
1995-06-07 00:00:00-04:00,2.5035702084546854,2.5035702084546854,2.3923004771227077,2.4479353427886963,15525,0.0,0.0
1995-06-08 00:00:00-04:00,2.5035698413848877,2.5592046988937738,2.420117644656201,2.5035698413848877,105300,0.0,0.0
1995-06-09 00:00:00-04:00,2.503568907911023,2.503568907911023,2.420116742298083,2.4757513999938965,26663,0.0,0.0
1995-06-12 00:00:00-04:00,2.4479353427886963,2.559205074120674,2.4479353427886963,2.4479353427886963,89100,0.0,0.0
1995-06-13 00:00:00-04:00,2.4479344125156395,2.5592041015625,2.4479344125156395,2.5592041015625,31050,0.0,0.0
1995-06-14 00:00:00-04:00,2.5592040503026,2.5592040503026,2.3366646766662598,2.3366646766662598,81675,0.0,0.0
1995-06-15 00:00:00-04:00,2.503569206893515,2.503569206893515,2.3366646766662598,2.3366646766662598,53325,0.0,0.0
1995-06-16 00:00:00-04:00,2.4479353427886963,2.4479353427886963,2.3923004771227077,2.4479353427886963,21938,0.0,0.0
1995-06-19 00:00:00-04:00,2.336663946579566,2.3922987726056437,2.225394473596595,2.3644814491271973,84713,0.0,0.0
1995-06-20 00:00:00-04:00,2.364482187905423,2.392299520075345,2.2810298332571746,2.3366646766662598,64125,0.0,0.0
1995-06-21 00:00:00-04:00,2.2810298332571746,2.392299520075345,2.2810298332571746,2.3366646766662598,32400,0.0,0.0
1995-06-22 00:00:00-04:00,2.4479353427886963,2.4479353427886963,2.336665611456719,2.4479353427886963,30038,0.0,0.0
1995-06-23 00:00:00-04:00,2.3366652713681217,2.4479349865054134,2.3366652713681217,2.3923001289367676,32063,0.0,0.0
1995-06-26 00:00:00-04:00,2.44793436348443,2.44793436348443,2.3366646766662598,2.3366646766662598,37125,0.0,0.0
1995-06-27 00:00:00-04:00,2.4479345272425044,2.5000927448272705,2.336664832980789,2.5000927448272705,115425,0.0,0.0
1995-06-28 00:00:00-04:00,2.3923001289367676,2.503569844074059,2.3923001289367676,2.3923001289367676,13500,0.0,0.0
1995-06-29 00:00:00-04:00,2.5035698413848877,2.5035698413848877,2.392300126367115,2.5035698413848877,41513,0.0,0.0
1995-06-30 00:00:00-04:00,2.5035698413848877,2.5035698413848877,2.392300126367115,2.5035698413848877,15863,0.0,0.0
1995-07-03 00:00:00-04:00,2.392299138151865,2.503568807206162,2.392299138151865,2.4896605014801025,22613,0.0,0.0
1995-07-05 00:00:00-04:00,2.4479353427886963,2.559205074120674,2.4479353427886963,2.4479353427886963,48600,0.0,0.0
1995-07-06 00:00:00-04:00,2.559203762995412,2.6426566454826044,2.4479340886688523,2.6148386001586914,156600,0.0,0.0
1995-07-07 00:00:00-04:00,2.6704741535988545,2.6704741535988545,2.559203762995412,2.6148386001586914,153900,0.0,0.0
1995-07-10 00:00:00-04:00,2.6704745068863387,2.6704745068863387,2.5592041015625,2.5592041015625,88763,0.0,0.0
1995-07-11 00:00:00-04:00,2.559203762995412,2.6704741535988545,2.559203762995412,2.6148386001586914,71550,0.0,0.0
1995-07-12 00:00:00-04:00,2.5592041015625,2.6148389460859303,2.5592041015625,2.5592041015625,84038,0.0,0.0
1995-07-13 00:00:00-04:00,2.5592041015625,2.6148389460859303,2.5313865897661625,2.5592041015625,63113,0.0,0.0
1995-07-14 00:00:00-04:00,2.5313862548791617,2.6148386001586914,2.5313862548791617,2.6148386001586914,226800,0.0,0.0
1995-07-17 00:00:00-04:00,2.5313862548791617,2.6704741535988545,2.5313862548791617,2.6148386001586914,203175,0.0,0.0
1995-07-18 00:00:00-04:00,2.5870210129728046,2.6426565647125244,2.559203684775983,2.6426565647125244,98888,0.0,0.0
1995-07-19 00:00:00-04:00,2.642656935299764,2.698291778564453,2.559204043660388,2.698291778564453,98550,0.0,0.0
1995-07-20 00:00:00-04:00,2.6148389460859303,2.642656995090001,2.5592041015625,2.5592041015625,152888,0.0,0.0
1995-07-21 00:00:00-04:00,2.5592040190305854,2.64265690986681,2.5592040190305854,2.5870213508605957,103950,0.0,0.0
1995-07-24 00:00:00-04:00,2.5592048017164015,2.893014497389241,2.5592048017164015,2.781744956970215,210263,0.0,0.0
1995-07-25 00:00:00-04:00,2.7817441586582285,2.9208311785684358,2.7817441586582285,2.8095614910125732,224100,0.0,0.0
1995-07-26 00:00:00-04:00,2.8930127472083567,3.0599170463997387,2.78174327410383,2.920830249786377,405338,0.0,0.0
1995-07-27 00:00:00-04:00,3.0042839660147904,3.171188352241179,2.948649110916235,3.0599186420440674,291263,0.0,0.0
1995-07-28 00:00:00-04:00,3.0599183229858378,3.0599183229858378,2.8930139541625977,2.8930139541625977,110025,0.0,0.0
1995-07-31 00:00:00-04:00,2.8930132787378398,3.0042829513549805,2.8930132787378398,3.0042829513549805,103275,0.0,0.0
1995-08-01 00:00:00-04:00,3.00428421687756,3.00428421687756,2.781744956970215,2.781744956970215,124875,0.0,0.0
1995-08-02 00:00:00-04:00,2.893013667144849,2.893013667144849,2.7817441586582285,2.8095614910125732,65138,0.0,0.0
1995-08-03 00:00:00-04:00,2.781743592055948,2.8930130778785297,2.781743592055948,2.8651957511901855,126225,0.0,0.0
1995-08-04 00:00:00-04:00,2.837379637645081,2.8651971570518078,2.781744956970215,2.781744956970215,16200,0.0,0.0
1995-08-07 00:00:00-04:00,2.781744956970215,2.893014497389241,2.781744956970215,2.781744956970215,210263,0.0,0.0
1995-08-08 00:00:00-04:00,2.781744352351501,2.83737902093404,2.726109504699707,2.726109504699707,39488,0.0,0.0
1995-08-09 00:00:00-04:00,2.726109504699707,2.83737902093404,2.670474657047913,2.726109504699707,29700,0.0,0.0
1995-08-10 00:00:00-04:00,2.781744956970215,2.9486493571334003,2.781744956970215,2.781744956970215,67500,0.0,0.0
1995-08-11 00:00:00-04:00,2.781744956970215,2.9486493571334003,2.781744956970215,2.781744956970215,29363,0.0,0.0
1995-08-14 00:00:00-04:00,2.781744956970215,2.893014497389241,2.781744956970215,2.781744956970215,32400,0.0,0.0
1995-08-15 00:00:00-04:00,2.893014497389241,2.893014497389241,2.781744956970215,2.781744956970215,35100,0.0,0.0
1995-08-16 00:00:00-04:00,2.781744956970215,2.893014497389241,2.781744956970215,2.781744956970215,13163,0.0,0.0
1995-08-17 00:00:00-04:00,2.9486479103244236,2.9486479103244236,2.781743592055948,2.8651957511901855,55688,0.0,0.0
1995-08-18 00:00:00-04:00,2.7817436097430814,2.893013096273147,2.7817436097430814,2.8373782634735107,74588,0.0,0.0
1995-08-21 00:00:00-04:00,2.8930139541625977,2.8930139541625977,2.781744434636858,2.8930139541625977,32738,0.0,0.0
1995-08-22 00:00:00-04:00,2.893014497389241,2.893014497389241,2.781744956970215,2.781744956970215,37800,0.0,0.0
1995-08-23 00:00:00-04:00,2.781744434636858,2.8930139541625977,2.781744434636858,2.8930139541625977,11475,0.0,0.0
1995-08-24 00:00:00-04:00,2.8930139541625977,2.8930139541625977,2.781744434636858,2.8930139541625977,20925,0.0,0.0
1995-08-25 00:00:00-04:00,2.8930139541625977,2.8930139541625977,2.781744434636858,2.8930139541625977,24300,0.0,0.0
1995-08-28 00:00:00-04:00,2.781744434636858,2.8930139541625977,2.781744434636858,2.8930139541625977,31050,0.0,0.0
1995-08-29 00:00:00-04:00,2.781744434636858,2.8930139541625977,2.781744434636858,2.8930139541625977,53663,0.0,0.0
1995-08-30 00:00:00-04:00,2.7817436097430814,2.893013096273147,2.7817436097430814,2.8373782634735107,15863,0.0,0.0
1995-08-31 00:00:00-04:00,2.781744956970215,2.893014497389241,2.781744956970215,2.781744956970215,39150,0.0,0.0
1995-09-01 00:00:00-04:00,2.7817436097430814,2.8373782634735107,2.7817436097430814,2.8373782634735107,85725,0.0,0.0
1995-09-05 00:00:00-04:00,2.7817436097430814,2.893013096273147,2.7817436097430814,2.8373782634735107,65813,0.0,0.0
1995-09-06 00:00:00-04:00,2.809562297307648,2.893014497389241,2.781744956970215,2.781744956970215,40500,0.0,0.0
1995-09-07 00:00:00-04:00,2.893014497389241,2.893014497389241,2.781744956970215,2.781744956970215,27338,0.0,0.0
1995-09-08 00:00:00-04:00,2.781744956970215,2.893014497389241,2.781744956970215,2.781744956970215,16538,0.0,0.0
1995-09-11 00:00:00-04:00,2.8930139541625977,2.8930139541625977,2.781744434636858,2.8930139541625977,58725,0.0,0.0
1995-09-12 00:00:00-04:00,2.7817441037865334,2.948648452758789,2.7817441037865334,2.948648452758789,59400,0.0,0.0
1995-09-13 00:00:00-04:00,2.8502848946611534,3.0179486061801892,2.8502848946611534,2.934116840362549,114413,0.017778,0.0
1995-09-14 00:00:00-04:00,3.017949104309082,3.07383683748958,2.9061732781805176,3.017949104309082,205200,0.0,0.0
1995-09-15 00:00:00-04:00,3.017949539042354,3.129725381272141,3.017949539042354,3.0738372802734375,103275,0.0,0.0
1995-09-18 00:00:00-04:00,3.017949539042354,3.1856131225032245,3.017949539042354,3.0738372802734375,101250,0.0,0.0
1995-09-19 00:00:00-04:00,3.1856131553649902,3.1856131553649902,3.0738373119821594,3.1856131553649902,52650,0.0,0.0
1995-09-20 00:00:00-04:00,3.1856127134554684,3.1856127134554684,3.017949151523393,3.1297249794006348,28688,0.0,0.0
1995-09-21 00:00:00-04:00,3.017949168515216,3.129724997021784,3.017949168515216,3.101781129837036,157950,0.0,0.0
1995-09-22 00:00:00-04:00,3.017949539042354,3.129725381272141,2.9620616179274606,3.0738372802734375,67163,0.0,0.0
1995-09-25 00:00:00-04:00,2.9620611912448,3.07383683748958,2.9620611912448,3.017949104309082,40163,0.0,0.0
1995-09-26 00:00:00-04:00,2.9620611912448,3.07383683748958,2.9061732781805176,3.017949104309082,16538,0.0,0.0
1995-09-27 00:00:00-04:00,3.0179486061801892,3.0179486061801892,2.906172798500832,2.934116840362549,105300,0.0,0.0
1995-09-28 00:00:00-04:00,2.9061732781805176,3.017949104309082,2.9061732781805176,3.017949104309082,96863,0.0,0.0
1995-09-29 00:00:00-04:00,3.017949539042354,3.0738372802734375,2.906173696812567,3.0738372802734375,63450,0.0,0.0
1995-10-02 00:00:00-04:00,3.0738372802734375,3.0738372802734375,2.9620616179274606,3.0738372802734375,35100,0.0,0.0
1995-10-03 00:00:00-04:00,2.962061643600464,3.073837306915231,2.962061643600464,2.962061643600464,25988,0.0,0.0
1995-10-04 00:00:00-04:00,3.073836579700825,3.073836579700825,2.9620609428301616,3.0458927154541016,50963,0.0,0.0
1995-10-05 00:00:00-04:00,3.017949104309082,3.1297249304376464,3.017949104309082,3.017949104309082,62775,0.0,0.0
1995-10-06 00:00:00-04:00,3.1297254347087393,3.185613176894044,3.073837332755808,3.1576693058013916,66825,0.0,0.0
1995-10-09 00:00:00-04:00,3.0738372802734375,3.1856131225032245,3.017949539042354,3.0738372802734375,47250,0.0,0.0
1995-10-10 00:00:00-04:00,3.0179495651997534,3.1297254083983326,2.962061643600464,2.962061643600464,65813,0.0,0.0
1995-10-11 00:00:00-04:00,2.9620616179274606,3.129725381272141,2.9620616179274606,3.0738372802734375,23288,0.0,0.0
1995-10-12 00:00:00-04:00,3.07383683748958,3.07383683748958,3.017949104309082,3.017949104309082,72900,0.0,0.0
1995-10-13 00:00:00-04:00,3.017949539042354,3.0738372802734375,3.017949539042354,3.0738372802734375,107663,0.0,0.0
1995-10-16 00:00:00-04:00,3.0738368855782268,3.1297249794006348,3.017949151523393,3.1297249794006348,51638,0.0,0.0
1995-10-17 00:00:00-04:00,3.0738368855782268,3.1856127134554684,3.04589301855081,3.1297249794006348,87413,0.0,0.0
1995-10-18 00:00:00-04:00,3.1576686601687243,3.2415006160736084,3.07383670426384,3.2415006160736084,106650,0.0,0.0
1995-10-19 00:00:00-04:00,3.1297254347087393,3.2415012788469753,3.1297254347087393,3.1576693058013916,61088,0.0,0.0
1995-10-20 00:00:00-04:00,3.0738372802734375,3.1856131225032245,3.0738372802734375,3.0738372802734375,12825,0.0,0.0
1995-10-23 00:00:00-04:00,3.1856125255478345,3.2415006160736084,3.07383670426384,3.2415006160736084,45225,0.0,0.0
1995-10-24 00:00:00-04:00,3.2415012235019285,3.2415012235019285,3.0738372802734375,3.0738372802734375,45225,0.0,0.0
1995-10-25 00:00:00-04:00,3.073837306915231,3.1856131501138103,2.962061643600464,2.962061643600464,62100,0.0,0.0
1995-10-26 00:00:00-04:00,2.962061870350863,3.129725647983652,2.9061739444732666,2.9061739444732666,55013,0.0,0.0
1995-10-27 00:00:00-04:00,2.8502853651162354,3.017949104309082,2.8502853651162354,3.017949104309082,16200,0.0,0.0
1995-10-30 00:00:00-05:00,2.850286054498029,2.9061739810795926,2.7385103812187293,2.794398307800293,52650,0.0,0.0
1995-10-31 00:00:00-05:00,2.738509877375994,2.850285530090332,2.6826219610769275,2.850285530090332,51300,0.0,0.0
1995-11-01 00:00:00-05:00,2.6826226453554094,2.794398506465124,2.626733995265189,2.710566520690918,170438,0.0,0.0
1995-11-02 00:00:00-05:00,2.6826224546371655,2.850286054498029,2.6826224546371655,2.794398307800293,64800,0.0,0.0
1995-11-03 00:00:00-05:00,2.8502853651162354,3.017949104309082,2.8223414985259865,3.017949104309082,53663,0.0,0.0
1995-11-06 00:00:00-05:00,3.0738372802734375,3.0738372802734375,2.906173696812567,3.0738372802734375,43200,0.0,0.0
1995-11-07 00:00:00-05:00,2.9061732781805176,3.017949104309082,2.9061732781805176,3.017949104309082,23625,0.0,0.0
1995-11-08 00:00:00-05:00,3.0179497962284594,3.0179497962284594,2.9061739444732666,2.9061739444732666,20588,0.0,0.0
1995-11-09 00:00:00-05:00,2.9061737220011743,3.0179495651997534,2.9061737220011743,2.962061643600464,66150,0.0,0.0
1995-11-10 00:00:00-05:00,2.9061737220011743,2.962061643600464,2.9061737220011743,2.962061643600464,27675,0.0,0.0
1995-11-13 00:00:00-05:00,3.0179495651997534,3.0179495651997534,2.9061737220011743,2.962061643600464,8438,0.0,0.0
1995-11-14 00:00:00-05:00,3.0179497962284594,3.0179497962284594,2.9061739444732666,2.9061739444732666,26663,0.0,0.0
1995-11-15 00:00:00-05:00,3.0179495651997534,3.073837306915231,2.9061737220011743,2.962061643600464,131963,0.0,0.0
1995-11-16 00:00:00-05:00,3.073837306915231,3.073837306915231,2.962061643600464,2.962061643600464,71550,0.0,0.0
1995-11-17 00:00:00-05:00,2.9620611912448,3.017949104309082,2.9620611912448,3.017949104309082,35775,0.0,0.0
1995-11-20 00:00:00-05:00,3.017949362141641,3.017949362141641,2.9620614443026847,2.9900054931640625,96863,0.0,0.0
1995-11-21 00:00:00-05:00,2.9900049869606544,3.073836579700825,2.9620609428301616,3.0458927154541016,24975,0.0,0.0
1995-11-22 00:00:00-05:00,2.962061643600464,3.0458934360574923,2.962061643600464,2.962061643600464,95175,0.0,0.0
1995-11-24 00:00:00-05:00,3.0458934360574923,3.0458934360574923,2.962061643600464,2.962061643600464,9450,0.0,0.0
1995-11-27 00:00:00-05:00,2.9620611912448,3.1297249304376464,2.9620611912448,3.017949104309082,114075,0.0,0.0
1995-11-28 00:00:00-05:00,3.017948851207378,3.073836579700825,3.017948851207378,3.0458927154541016,55688,0.0,0.0
1995-11-29 00:00:00-05:00,3.0179495651997534,3.073837306915231,2.962061643600464,2.962061643600464,22950,0.0,0.0
1995-11-30 00:00:00-05:00,3.073837306915231,3.073837306915231,2.962061643600464,2.962061643600464,64800,0.0,0.0
1995-12-01 00:00:00-05:00,2.906173696812567,3.0738372802734375,2.906173696812567,3.0738372802734375,349650,0.0,0.0
1995-12-04 00:00:00-05:00,2.9620614443026847,3.0738371000967977,2.906173526463728,2.9900054931640625,13163,0.0,0.0
1995-12-05 00:00:00-05:00,2.9061737220011743,3.073837306915231,2.9061737220011743,2.962061643600464,40163,0.0,0.0
1995-12-06 00:00:00-05:00,2.962061643600464,3.1297254083983326,2.962061643600464,2.962061643600464,116100,0.0,0.0
1995-12-07 00:00:00-05:00,3.0738372802734375,3.0738372802734375,2.9620616179274606,3.0738372802734375,176513,0.0,0.0
1995-12-08 00:00:00-05:00,3.0738372802734375,3.0738372802734375,2.9620616179274606,3.0738372802734375,72563,0.0,0.0
1995-12-11 00:00:00-05:00,2.9620609428301616,3.073836579700825,2.9620609428301616,3.0458927154541016,45563,0.0,0.0
1995-12-12 00:00:00-05:00,3.017949104309082,3.07383683748958,2.9620611912448,3.017949104309082,33075,0.0,0.0
1995-12-13 00:00:00-05:00,2.97086496767735,3.0829728311643163,2.97086496767735,2.998892068862915,187988,0.011852,0.0
1995-12-14 00:00:00-05:00,2.970864166009406,3.082971999244819,2.970864166009406,3.0269181728363037,21938,0.0,0.0
1995-12-15 00:00:00-05:00,3.026917988303305,3.0829718112945557,3.026917988303305,3.0829718112945557,65475,0.0,0.0
1995-12-18 00:00:00-05:00,3.0269179222183125,3.139025926589966,3.0269179222183125,3.139025926589966,59400,0.0,0.0
1995-12-19 00:00:00-05:00,3.139025926589966,3.139025926589966,3.0269179222183125,3.139025926589966,58725,0.0,0.0
1995-12-20 00:00:00-05:00,3.0269181728363037,3.1390261864900992,3.0269181728363037,3.0269181728363037,30375,0.0,0.0
1995-12-21 00:00:00-05:00,3.0269181728363037,3.1390261864900992,3.0269181728363037,3.0269181728363037,68513,0.0,0.0
1995-12-22 00:00:00-05:00,3.026917988303305,3.0829718112945557,3.026917988303305,3.0829718112945557,6413,0.0,0.0
1995-12-26 00:00:00-05:00,3.054944833102042,3.139025926589966,3.0269179222183125,3.139025926589966,32738,0.0,0.0
1995-12-27 00:00:00-05:00,3.0829717439857713,3.139025926589966,3.0269179222183125,3.139025926589966,14175,0.0,0.0
1995-12-28 00:00:00-05:00,3.0269185182265086,3.251134571118544,3.0269185182265086,3.167053461074829,157275,0.0,0.0
1995-12-29 00:00:00-05:00,3.1390264492041355,3.2511344722405697,3.1390264492041355,3.195080280303955,72225,0.0,0.0
1996-01-02 00:00:00-05:00,3.2511344722405697,3.2511344722405697,3.1390264492041355,3.195080280303955,129600,0.0,0.0
1996-01-03 00:00:00-05:00,3.2511345987899807,3.3632426261901855,3.1950804046714736,3.3632426261901855,138038,0.0,0.0
1996-01-04 00:00:00-05:00,3.363242363420686,3.4192969139964706,3.265148162841797,3.265148162841797,279113,0.0,0.0
1996-01-05 00:00:00-05:00,3.2511344418994965,3.3632424638896876,3.195080250486005,3.3071882724761963,33413,0.0,0.0
1996-01-08 00:00:00-05:00,3.3071877403193324,3.363241922713191,3.1950797363683483,3.251133918762207,32400,0.0,0.0
1996-01-09 00:00:00-05:00,3.2511344722405697,3.3632424952770044,3.195080280303955,3.195080280303955,133650,0.0,0.0
1996-01-10 00:00:00-05:00,3.0829717439857713,3.2511339309616187,3.0829717439857713,3.139025926589966,28350,0.0,0.0
1996-01-11 00:00:00-05:00,3.2511346032642785,3.2511346032642785,2.914810520600806,2.9708645343780518,279450,0.0,0.0
1996-01-12 00:00:00-05:00,2.914810760094937,2.9708647784778357,2.8027029037475586,2.8027029037475586,149850,0.0,0.0
1996-01-15 00:00:00-05:00,2.7466485500335693,2.8027025615729815,2.6345398052811544,2.7466485500335693,141750,0.0,0.0
1996-01-16 00:00:00-05:00,2.6905948123908567,2.802702846882035,2.6905948123908567,2.7186217308044434,48600,0.0,0.0
1996-01-17 00:00:00-05:00,2.690594538494157,2.8027025615729815,2.690594538494157,2.7466485500335693,54000,0.0,0.0
1996-01-18 00:00:00-05:00,2.690594866981761,2.8027029037475586,2.690594866981761,2.8027029037475586,155250,0.0,0.0
1996-01-19 00:00:00-05:00,2.802702332866079,2.8587561594129736,2.7466483259008014,2.8307292461395264,27000,0.0,0.0
1996-01-22 00:00:00-05:00,2.858756741712038,2.858756741712038,2.74664888536466,2.8027029037475586,26325,0.0,0.0
1996-01-23 00:00:00-05:00,2.7466485500335693,2.858756392693996,2.7466485500335693,2.7466485500335693,47250,0.0,0.0
1996-01-24 00:00:00-05:00,2.7466485500335693,2.858756392693996,2.7466485500335693,2.7466485500335693,17213,0.0,0.0
1996-01-25 00:00:00-05:00,2.74664888536466,2.858756741712038,2.74664888536466,2.8027029037475586,28013,0.0,0.0
1996-01-26 00:00:00-05:00,2.74664888536466,2.858756741712038,2.690594866981761,2.8027029037475586,21263,0.0,0.0
1996-01-29 00:00:00-05:00,2.802702347642993,2.802702347642993,2.6345396041870117,2.6345396041870117,38475,0.0,0.0
1996-01-30 00:00:00-05:00,2.6345398052811544,2.7466485500335693,2.52243178220233,2.7466485500335693,240300,0.0,0.0
1996-01-31 00:00:00-05:00,2.7466489872048503,2.7466489872048503,2.578486204147339,2.578486204147339,96863,0.0,0.0
1996-02-01 00:00:00-05:00,2.5784857303830044,2.746648482542724,2.5784857303830044,2.662567377090454,37463,0.0,0.0
1996-02-02 00:00:00-05:00,2.6485535588177536,2.690594472380675,2.6345397405450535,2.662567377090454,89775,0.0,0.0
1996-02-05 00:00:00-05:00,2.6345396041870117,2.6905943331213624,2.578485596926196,2.6345396041870117,106988,0.0,0.0
1996-02-06 00:00:00-05:00,2.6065126087886554,2.7466484441159897,2.6065126087886554,2.690594434738159,216000,0.0,0.0
1996-02-07 00:00:00-05:00,2.634539940192204,2.802702705095407,2.634539940192204,2.7746756076812744,387788,0.0,0.0
1996-02-08 00:00:00-05:00,2.858756539086859,2.858756539086859,2.69059467627569,2.7746756076812744,70200,0.0,0.0
1996-02-09 00:00:00-05:00,2.6345398052811544,2.7466485500335693,2.6345398052811544,2.7466485500335693,33075,0.0,0.0
1996-02-12 00:00:00-05:00,2.6345396041870117,2.746648340382178,2.6345396041870117,2.6345396041870117,57375,0.0,0.0
1996-02-13 00:00:00-05:00,2.6065131241687602,2.6345402246086076,2.466378163224802,2.578486204147339,391500,0.0,0.0
1996-02-14 00:00:00-05:00,2.4663776755532747,2.7466484441159897,2.4663776755532747,2.690594434738159,200138,0.0,0.0
1996-02-15 00:00:00-05:00,2.634539940192204,2.802702705095407,2.634539940192204,2.7746756076812744,82350,0.0,0.0
1996-02-16 00:00:00-05:00,2.690594866981761,2.8027029037475586,2.690594866981761,2.8027029037475586,46238,0.0,0.0
1996-02-20 00:00:00-05:00,2.80270245349382,2.80270245349382,2.634539703686766,2.690594434738159,32063,0.0,0.0
1996-02-21 00:00:00-05:00,2.6345396041870117,2.746648340382178,2.6345396041870117,2.6345396041870117,27000,0.0,0.0
1996-02-22 00:00:00-05:00,2.7186217308044434,2.7186217308044434,2.634540073471604,2.7186217308044434,36113,0.0,0.0
1996-02-23 00:00:00-05:00,2.662567866303734,2.7186218867650025,2.578486204147339,2.578486204147339,81675,0.0,0.0
1996-02-26 00:00:00-05:00,2.5784856943089354,2.7186213492178792,2.5784856943089354,2.690594434738159,59400,0.0,0.0
1996-02-27 00:00:00-05:00,2.5784856943089354,2.7466484441159897,2.5784856943089354,2.690594434738159,82013,0.0,0.0
1996-02-28 00:00:00-05:00,2.662567442515252,2.7466485500335693,2.662567442515252,2.7466485500335693,23288,0.0,0.0
1996-02-29 00:00:00-05:00,2.7186213872525027,2.7186213872525027,2.662567377090454,2.662567377090454,89100,0.0,0.0
1996-03-01 00:00:00-05:00,2.662567442515252,2.7466485500335693,2.662567442515252,2.7466485500335693,110700,0.0,0.0
1996-03-04 00:00:00-05:00,2.662567377090454,2.746648482542724,2.662567377090454,2.662567377090454,38138,0.0,0.0
1996-03-05 00:00:00-05:00,2.662567377090454,2.746648482542724,2.662567377090454,2.662567377090454,68850,0.0,0.0
1996-03-06 00:00:00-05:00,2.662567377090454,2.746648482542724,2.662567377090454,2.662567377090454,45563,0.0,0.0
1996-03-07 00:00:00-05:00,2.662567225243694,2.8307292461395264,2.662567225243694,2.8307292461395264,137363,0.0,0.0
1996-03-08 00:00:00-05:00,2.7746758043468995,2.8027029037475586,2.690594866981761,2.8027029037475586,44550,0.0,0.0
1996-03-11 00:00:00-05:00,2.690594434738159,2.80270245349382,2.690594434738159,2.690594434738159,50288,0.0,0.0
1996-03-12 00:00:00-05:00,2.80270245349382,2.80270245349382,2.690594434738159,2.690594434738159,28013,0.0,0.0
1996-03-13 00:00:00-05:00,2.699593408320053,2.8120763840317218,2.6433511963769436,2.7277140617370605,25313,0.011852,0.0
1996-03-14 00:00:00-05:00,2.6433511963769436,2.8120763840317218,2.6433511963769436,2.7277140617370605,38475,0.0,0.0
1996-03-15 00:00:00-05:00,2.6995938143908234,2.8120768070220947,2.6995938143908234,2.8120768070220947,12825,0.0,0.0
1996-03-18 00:00:00-05:00,2.699593408320053,2.783955549592895,2.699593408320053,2.7277140617370605,43200,0.0,0.0
1996-03-19 00:00:00-05:00,2.8120767907129642,2.8120767907129642,2.6995937987340572,2.7558352947235107,42188,0.0,0.0
1996-03-20 00:00:00-05:00,2.6995930671691895,2.812076028666249,2.6995930671691895,2.6995930671691895,18900,0.0,0.0
1996-03-21 00:00:00-05:00,2.6995937987340572,2.7558352947235107,2.671472960228408,2.7558352947235107,195075,0.0,0.0
1996-03-22 00:00:00-05:00,2.8120768070220947,2.8120768070220947,2.727714472037718,2.8120768070220947,23625,0.0,0.0
1996-03-25 00:00:00-05:00,2.699592901763501,2.7558343790660818,2.6714720726013184,2.6714720726013184,173138,0.0,0.0
1996-03-26 00:00:00-05:00,2.6714722362840266,2.7277137170325565,2.6714722362840266,2.6995930671691895,194738,0.0,0.0
1996-03-27 00:00:00-05:00,2.7558352947235107,2.783955952207315,2.6995937987340572,2.7558352947235107,157950,0.0,0.0
1996-03-28 00:00:00-05:00,2.755834212340781,2.7839548587799072,2.7277133848798814,2.7839548587799072,22613,0.0,0.0
1996-03-29 00:00:00-05:00,2.7558338965036295,2.868316650390625,2.7558338965036295,2.868316650390625,59400,0.0,0.0
1996-04-01 00:00:00-05:00,2.896437474628689,2.980799585299374,2.812075363958004,2.868316650390625,84713,0.0,0.0
1996-04-02 00:00:00-05:00,2.9808000790778792,3.008920907974243,2.8683171255359907,3.008920907974243,44213,0.0,0.0
1996-04-03 00:00:00-05:00,3.0370410390632716,3.2620069078666605,3.0370410390632716,3.149523973464966,195750,0.0,0.0
1996-04-04 00:00:00-05:00,3.0932831582837657,3.2057661229778582,3.0932831582837657,3.1214041709899902,185288,0.0,0.0
1996-04-08 00:00:00-04:00,2.9807995152274374,3.0932822664702146,2.7839544742753906,2.896437406539917,133988,0.0,0.0
1996-04-09 00:00:00-04:00,2.9245591163635254,2.9245591163635254,2.84019697688947,2.9245591163635254,5063,0.0,0.0
1996-04-10 00:00:00-04:00,2.9245596186315206,2.9245596186315206,2.783955968353354,2.8120768070220947,202163,0.0,0.0
1996-04-11 00:00:00-04:00,2.868316582962911,2.896437406539917,2.8120752978523966,2.896437406539917,88088,0.0,0.0
1996-04-12 00:00:00-04:00,2.896438463546112,2.9245591163635254,2.8120763240720565,2.9245591163635254,12488,0.0,0.0
1996-04-15 00:00:00-04:00,2.9245591163635254,2.9245591163635254,2.84019697688947,2.9245591163635254,23288,0.0,0.0
1996-04-16 00:00:00-04:00,2.9245591163635254,2.9526799502027536,2.8683176297068838,2.9245591163635254,52313,0.0,0.0
1996-04-17 00:00:00-04:00,2.896437406539917,2.924558049095174,2.896437406539917,2.896437406539917,56700,0.0,0.0
1996-04-18 00:00:00-04:00,2.896437406539917,2.9807995152274374,2.896437406539917,2.896437406539917,62775,0.0,0.0
1996-04-19 00:00:00-04:00,2.896438463546112,2.9808006030201675,2.896438463546112,2.9245591163635254,45225,0.0,0.0
1996-04-22 00:00:00-04:00,2.9808006030201675,3.037042089676809,2.9245591163635254,2.9245591163635254,32738,0.0,0.0
1996-04-23 00:00:00-04:00,2.9245587840060288,2.980800264271184,2.5871093593497125,2.643350839614868,1054688,0.0,0.0
1996-04-24 00:00:00-04:00,2.699593366974016,2.7277140199603376,2.587109668897834,2.6152303218841553,164363,0.0,0.0
1996-04-25 00:00:00-04:00,2.6152300314483132,2.7558345479177193,2.6152300314483132,2.6995930671691895,110700,0.0,0.0
1996-04-26 00:00:00-04:00,2.6714722362840266,2.7558345479177193,2.6714722362840266,2.6995930671691895,88763,0.0,0.0
1996-04-29 00:00:00-04:00,2.671472960228408,2.7558352947235107,2.671472960228408,2.7558352947235107,16538,0.0,0.0
1996-04-30 00:00:00-04:00,2.6714720726013184,2.699592901763501,2.6714720726013184,2.6714720726013184,32400,0.0,0.0
1996-05-01 00:00:00-04:00,2.6714720726013184,2.699592901763501,2.6714720726013184,2.6714720726013184,17888,0.0,0.0
1996-05-02 00:00:00-04:00,2.6714720726013184,2.727713549903899,2.6714720726013184,2.6714720726013184,87750,0.0,0.0
1996-05-03 00:00:00-04:00,2.671472130715611,2.727713609241649,2.671472130715611,2.6855320930480957,27675,0.0,0.0
1996-05-06 00:00:00-04:00,2.685532538546093,2.7558348961758874,2.6714725738812266,2.7277140617370605,39825,0.0,0.0
1996-05-07 00:00:00-04:00,2.7277140617370605,2.7277140617370605,2.6714725738812266,2.7277140617370605,32400,0.0,0.0
1996-05-08 00:00:00-04:00,2.8120763035903122,3.0651627201691243,2.7277139837088944,2.9667398929595947,612563,0.0,0.0
1996-05-09 00:00:00-04:00,2.95267887267218,2.9807995152274374,2.896437406539917,2.896437406539917,160650,0.0,0.0
1996-05-10 00:00:00-04:00,2.95267887267218,2.95267887267218,2.896437406539917,2.896437406539917,17550,0.0,0.0
1996-05-13 00:00:00-04:00,2.8964389609846255,2.952680457300261,2.8120768070220947,2.8120768070220947,62438,0.0,0.0
1996-05-14 00:00:00-04:00,2.8120768070220947,2.9245596186315206,2.8120768070220947,2.8120768070220947,62775,0.0,0.0
1996-05-15 00:00:00-04:00,2.924558567117655,2.952679395675659,2.8120757959509803,2.952679395675659,56363,0.0,0.0
1996-05-16 00:00:00-04:00,2.9526799502027536,2.9808006030201675,2.8683176297068838,2.9245591163635254,106988,0.0,0.0
1996-05-17 00:00:00-04:00,2.896437933767003,3.1495244869196526,2.896437933767003,3.065162181854248,261225,0.0,0.0
1996-05-20 00:00:00-04:00,3.1214041709899902,3.1214041709899902,3.03704185695852,3.1214041709899902,49275,0.0,0.0
1996-05-21 00:00:00-04:00,3.121403948707199,3.121403948707199,3.0370416406833747,3.09328293800354,54338,0.0,0.0
1996-05-22 00:00:00-04:00,2.980799717340659,3.0651618317483553,2.9526790728786807,3.037041187286377,69863,0.0,0.0
1996-05-23 00:00:00-04:00,3.037041187286377,3.037041187286377,2.9526790728786807,3.037041187286377,33413,0.0,0.0
1996-05-24 00:00:00-04:00,3.037041187286377,3.037041187286377,2.9526790728786807,3.037041187286377,27675,0.0,0.0
1996-05-28 00:00:00-04:00,3.0370421158025613,3.0370421158025613,2.9526799756027917,2.9808006286621094,36113,0.0,0.0
1996-05-29 00:00:00-04:00,2.980799717340659,3.037041187286377,2.980799717340659,3.037041187286377,37125,0.0,0.0
1996-05-30 00:00:00-04:00,2.980799717340659,3.1495241271778127,2.980799717340659,3.037041187286377,94500,0.0,0.0
1996-05-31 00:00:00-04:00,3.1495241271778127,3.1495241271778127,3.037041187286377,3.037041187286377,23963,0.0,0.0
1996-06-03 00:00:00-04:00,3.0370421158025613,3.149525090083465,2.9808006286621094,2.9808006286621094,34763,0.0,0.0
1996-06-04 00:00:00-04:00,3.065162768861879,3.0932834219211967,2.9808006286621094,2.9808006286621094,35438,0.0,0.0
1996-06-05 00:00:00-04:00,3.0932834219211967,3.0932834219211967,2.9808006286621094,2.9808006286621094,5063,0.0,0.0
1996-06-06 00:00:00-04:00,2.9245591163635254,3.037042089676809,2.9245591163635254,2.9245591163635254,24975,0.0,0.0
1996-06-07 00:00:00-04:00,2.8683170910234272,2.952679395675659,2.7558343198567523,2.952679395675659,106650,0.0,0.0
1996-06-10 00:00:00-04:00,2.9526789420830633,2.9526789420830633,2.812075363958004,2.868316650390625,21938,0.0,0.0
1996-06-11 00:00:00-04:00,2.8683176297068838,2.9245591163635254,2.8683176297068838,2.9245591163635254,33413,0.0,0.0
1996-06-12 00:00:00-04:00,3.046415790997657,3.046415790997657,2.9335856437683105,2.9335856437683105,39825,0.011852,0.0
1996-06-13 00:00:00-04:00,3.018207770316533,3.0464152109629326,2.933585085216341,2.9617927074432373,20250,0.0,0.0
1996-06-14 00:00:00-04:00,2.9900001480896368,3.018207770316533,2.933585085216341,2.9617927074432373,25988,0.0,0.0
1996-06-17 00:00:00-04:00,2.9335847396853865,3.046414852142334,2.9335847396853865,3.046414852142334,31388,0.0,0.0
1996-06-18 00:00:00-04:00,3.0464152292834403,3.102830110915507,2.933585102858312,3.0182077884674072,64463,0.0,0.0
1996-06-19 00:00:00-04:00,3.1028306830317987,3.1028306830317987,2.9335856437683105,2.9335856437683105,13163,0.0,0.0
1996-06-20 00:00:00-04:00,3.1028306830317987,3.1028306830317987,2.9335856437683105,2.9335856437683105,21600,0.0,0.0
1996-06-21 00:00:00-04:00,2.9335847396853865,3.1028297267903326,2.9335847396853865,3.046414852142334,131625,0.0,0.0
1996-06-24 00:00:00-04:00,3.159245660234705,3.328490684605773,3.102830410003662,3.102830410003662,259200,0.0,0.0
1996-06-25 00:00:00-04:00,3.2156605473047177,3.2156605473047177,3.102830410003662,3.102830410003662,68513,0.0,0.0
1996-06-26 00:00:00-04:00,3.1028312237759574,3.1592464888029,2.9335861550173803,3.0605204105377197,366863,0.0,0.0
1996-06-27 00:00:00-04:00,3.0746226700994734,3.0746226700994734,2.9900001660708764,3.0182077884674072,35438,0.0,0.0
1996-06-28 00:00:00-04:00,3.074622631072998,3.074622631072998,3.0182077501570106,3.074622631072998,122850,0.0,0.0
1996-07-01 00:00:00-04:00,3.074622631072998,3.1028300715309913,3.0464151906150043,3.074622631072998,93150,0.0,0.0
1996-07-02 00:00:00-04:00,3.102830410003662,3.159245660234705,3.0746229664686555,3.102830410003662,135000,0.0,0.0
1996-07-03 00:00:00-04:00,3.074622631072998,3.1592453156079694,3.074622631072998,3.074622631072998,32063,0.0,0.0
1996-07-05 00:00:00-04:00,3.1592453156079694,3.1592453156079694,3.0464151906150043,3.074622631072998,2700,0.0,0.0
1996-07-08 00:00:00-04:00,3.0182072344209225,3.1592447757720947,3.0182072344209225,3.1592447757720947,20588,0.0,0.0
1996-07-09 00:00:00-04:00,3.0464152292834403,3.127511621629536,3.0182077884674072,3.0182077884674072,14513,0.0,0.0
1996-07-10 00:00:00-04:00,2.9899997959138602,3.0746222894663333,2.9899997959138602,3.046414852142334,46238,0.0,0.0
1996-07-11 00:00:00-04:00,3.0464147733795373,3.0464147733795373,2.877169609069824,2.877169609069824,32400,0.0,0.0
1996-07-12 00:00:00-04:00,2.9617932713659125,2.990000717382984,2.8771705701536376,2.9335856437683105,10463,0.0,0.0
1996-07-15 00:00:00-04:00,2.990000717382984,2.990000717382984,2.9335856437683105,2.9335856437683105,9788,0.0,0.0
1996-07-16 00:00:00-04:00,2.961792282014916,2.9899997186096328,2.8207547358803904,2.877169609069824,68513,0.0,0.0
1996-07-17 00:00:00-04:00,2.8771705772835308,2.9900007247924805,2.8771705772835308,2.9900007247924805,16200,0.0,0.0
1996-07-18 00:00:00-04:00,2.9900007247924805,3.1028306907208987,2.9900007247924805,2.9900007247924805,104288,0.0,0.0
1996-07-19 00:00:00-04:00,2.933585102858312,3.0464152292834403,2.933585102858312,3.0182077884674072,22275,0.0,0.0
1996-07-22 00:00:00-04:00,2.9335847396853865,3.046414852142334,2.9335847396853865,3.046414852142334,50288,0.0,0.0
1996-07-23 00:00:00-04:00,3.131038499968933,3.131038499968933,2.9900007247924805,2.9900007247924805,115088,0.0,0.0
1996-07-24 00:00:00-04:00,2.9335846638397287,3.0464147733795373,2.877169609069824,2.877169609069824,82013,0.0,0.0
1996-07-25 00:00:00-04:00,2.8771695321607345,2.9899996386845022,2.8771695321607345,2.905377149581909,44213,0.0,0.0
1996-07-26 00:00:00-04:00,2.8771705701536376,2.990000717382984,2.8771705701536376,2.9335856437683105,418163,0.0,0.0
1996-07-29 00:00:00-04:00,2.9335846638397287,2.9335846638397287,2.877169609069824,2.877169609069824,5063,0.0,0.0
1996-07-30 00:00:00-04:00,2.877171102475681,2.90537873529214,2.764341115951538,2.764341115951538,76275,0.0,0.0
1996-07-31 00:00:00-04:00,2.7925485641895307,2.8771710993869335,2.764341112983918,2.820756196975708,70875,0.0,0.0
1996-08-01 00:00:00-04:00,2.8489630222320557,2.8489630222320557,2.8207555772239363,2.8489630222320557,18563,0.0,0.0
1996-08-02 00:00:00-04:00,2.9335856437683105,2.990000717382984,2.8489631241365667,2.9335856437683105,60413,0.0,0.0
1996-08-05 00:00:00-04:00,2.9900007247924805,3.0464157985469553,2.905378204951034,2.9900007247924805,71888,0.0,0.0
1996-08-06 00:00:00-04:00,2.9900007247924805,3.0464157985469553,2.9900007247924805,2.9900007247924805,14513,0.0,0.0
1996-08-07 00:00:00-04:00,2.9900007247924805,3.0464157985469553,2.9900007247924805,2.9900007247924805,27338,0.0,0.0
1996-08-08 00:00:00-04:00,2.9899997959138602,3.046414852142334,2.9899997959138602,3.046414852142334,28013,0.0,0.0
1996-08-09 00:00:00-04:00,3.1028297267903326,3.1028297267903326,3.046414852142334,3.046414852142334,46913,0.0,0.0
1996-08-12 00:00:00-04:00,3.1028300715309913,3.1028300715309913,3.0464151906150043,3.074622631072998,19238,0.0,0.0
1996-08-13 00:00:00-04:00,3.074622631072998,3.1204597218172374,3.074622631072998,3.074622631072998,74250,0.0,0.0
1996-08-14 00:00:00-04:00,3.0464155229336494,3.102830410003662,3.0464155229336494,3.102830410003662,6413,0.0,0.0
1996-08-15 00:00:00-04:00,3.1592449645992815,3.1592449645992815,3.046414852142334,3.046414852142334,33413,0.0,0.0
1996-08-16 00:00:00-04:00,3.046414852142334,3.046414852142334,3.046414852142334,3.046414852142334,1350,0.0,0.0
1996-08-19 00:00:00-04:00,3.159245632219195,3.159245632219195,3.046415495918693,3.131038188934326,4725,0.0,0.0
1996-08-20 00:00:00-04:00,3.0746222894663333,3.1028297267903326,3.046414852142334,3.046414852142334,21938,0.0,0.0
1996-08-21 00:00:00-04:00,3.046414852142334,3.060518933965284,3.046414852142334,3.046414852142334,30375,0.0,0.0
1996-08-22 00:00:00-04:00,3.1028303824884307,3.131038188934326,3.046415495918693,3.131038188934326,30713,0.0,0.0
1996-08-23 00:00:00-04:00,3.102830410003662,3.102830410003662,3.0464155229336494,3.102830410003662,33075,0.0,0.0
1996-08-26 00:00:00-04:00,3.1310386135372874,3.2156609548676056,3.102830803266105,3.1169352531433105,50625,0.0,0.0
1996-08-27 00:00:00-04:00,3.15924558864411,3.2156604744357242,3.102830339691474,3.187453031539917,115425,0.0,0.0
1996-08-28 00:00:00-04:00,3.15924558864411,3.2156604744357242,3.102830339691474,3.187453031539917,51300,0.0,0.0
1996-08-29 00:00:00-04:00,3.102830339691474,3.187453031539917,3.102830339691474,3.187453031539917,1013,0.0,0.0
1996-08-30 00:00:00-04:00,3.0746222894663333,3.1028297267903326,3.046414852142334,3.046414852142334,29025,0.0,0.0
1996-09-03 00:00:00-04:00,3.1028306907208987,3.1028306907208987,2.9900007247924805,2.9900007247924805,12488,0.0,0.0
1996-09-04 00:00:00-04:00,3.1028295413350686,3.1592447757720947,3.0464146700589714,3.1592447757720947,87750,0.0,0.0
1996-09-05 00:00:00-04:00,3.159245632219195,3.159245632219195,3.046415495918693,3.131038188934326,31725,0.0,0.0
1996-09-06 00:00:00-04:00,3.0464157722486997,3.215660810470581,3.0464157722486997,3.215660810470581,62438,0.0,0.0
1996-09-09 00:00:00-04:00,3.1028306351693358,3.243868589401245,3.1028306351693358,3.243868589401245,37800,0.0,0.0
1996-09-10 00:00:00-04:00,3.1310384439123515,3.243868589401245,3.1310384439123515,3.243868589401245,24638,0.0,0.0
1996-09-11 00:00:00-04:00,3.131037340134046,3.2438674458471692,3.131037340134046,3.1592447757720947,19913,0.0,0.0
1996-09-12 00:00:00-04:00,3.2438683252348284,3.2438683252348284,3.131038188934326,3.131038188934326,41175,0.0,0.0
1996-09-13 00:00:00-04:00,3.1592447757720947,3.3002823171232665,3.1592447757720947,3.1592447757720947,66150,0.0,0.0
1996-09-16 00:00:00-04:00,3.1592447757720947,3.272074881485218,3.1592447757720947,3.1592447757720947,15525,0.0,0.0
1996-09-17 00:00:00-04:00,3.1592447757720947,3.2438674458471692,3.1592447757720947,3.1592447757720947,17213,0.0,0.0
1996-09-18 00:00:00-04:00,3.159245889494311,3.243868589401245,3.159245889494311,3.243868589401245,51638,0.0,0.0
1996-09-19 00:00:00-04:00,3.1592461598038435,3.3284912109375,3.1592461598038435,3.3284912109375,111038,0.0,0.0
1996-09-20 00:00:00-04:00,3.2720763149466436,3.384906470089444,3.2720763149466436,3.3284912109375,40163,0.0,0.0
1996-09-23 00:00:00-04:00,3.3566983650180373,3.3849061737046573,3.300283473966909,3.314387559890747,132300,0.0,0.0
1996-09-24 00:00:00-04:00,3.2720763149466436,3.413113918084872,3.2720763149466436,3.3284912109375,18900,0.0,0.0
1996-09-25 00:00:00-04:00,3.413113918084872,3.413113918084872,3.3284912109375,3.3284912109375,34088,0.0,0.0
1996-09-26 00:00:00-04:00,3.413113918084872,3.413113918084872,3.300283762942072,3.3284912109375,87413,0.0,0.0
1996-09-27 00:00:00-04:00,3.3849056258763164,3.469528675079346,3.328490380794629,3.4695286750793457,97538,0.0,0.0
1996-09-30 00:00:00-04:00,3.3849056258763164,3.469528675079346,3.3566978217549743,3.4695286750793457,61425,0.0,0.0
1996-10-01 00:00:00-04:00,3.4264857328537115,3.4831223789209287,3.4264857328537115,3.4548044204711914,6075,0.017778,0.0
1996-10-02 00:00:00-04:00,3.3698494513703654,3.4831223789209287,3.3698494513703654,3.4548044204711914,60075,0.0,0.0
1996-10-03 00:00:00-04:00,3.369848814841928,3.539757991781809,3.369848814841928,3.5114400386810303,127238,0.0,0.0
1996-10-04 00:00:00-04:00,3.6247118510841445,3.6247118510841445,3.5114400386810303,3.5114400386810303,19575,0.0,0.0
1996-10-07 00:00:00-04:00,3.5397591252339837,3.596395049570704,3.5397591252339837,3.5680770874023438,13500,0.0,0.0
1996-10-08 00:00:00-04:00,3.6530301687687254,3.6530301687687254,3.5114400386810303,3.5114400386810303,25988,0.0,0.0
1996-10-09 00:00:00-04:00,3.6530293480041367,3.6530293480041367,3.5114392497289804,3.624711036682129,37125,0.0,0.0
1996-10-10 00:00:00-04:00,3.6530313384913446,3.6530313384913446,3.5114411630656233,3.5680770874023438,13838,0.0,0.0
1996-10-11 00:00:00-04:00,3.5114392497289804,3.6530293480041367,3.5114392497289804,3.624711036682129,18900,0.0,0.0
1996-10-14 00:00:00-04:00,3.568075143205555,3.624711036682129,3.5114392497289804,3.624711036682129,40163,0.0,0.0
1996-10-15 00:00:00-04:00,3.5114400386810303,3.6247118510841445,3.4831217209964493,3.5114400386810303,86400,0.0,0.0
1996-10-16 00:00:00-04:00,3.4548044204711914,3.5680766188540116,3.4548044204711914,3.4548044204711914,20588,0.0,0.0
1996-10-17 00:00:00-04:00,3.4548029916686858,3.6530293480041367,3.4548029916686858,3.624711036682129,153900,0.0,0.0
1996-10-18 00:00:00-04:00,3.5680770874023438,3.681349300659705,3.5680770874023438,3.5680770874023438,42188,0.0,0.0
1996-10-21 00:00:00-04:00,3.5680770874023438,3.681349300659705,3.5680770874023438,3.5680770874023438,94163,0.0,0.0
1996-10-22 00:00:00-04:00,3.6813472947424235,3.737983188218998,3.624711036682129,3.624711036682129,202163,0.0,0.0
1996-10-23 00:00:00-04:00,3.539757991781809,3.596393897983366,3.454803767895671,3.5114400386810303,133313,0.0,0.0
1996-10-24 00:00:00-04:00,3.5680761663486704,3.6813483503662514,3.511440256631792,3.6530303955078125,103613,0.0,0.0
1996-10-25 00:00:00-04:00,3.653030335411207,3.653030335411207,3.511440198864509,3.5963940620422363,31050,0.0,0.0
1996-10-28 00:00:00-05:00,3.5114409601377043,3.6530311273808596,3.5114409601377043,3.5397589206695557,45900,0.0,0.0
1996-10-29 00:00:00-05:00,3.5114411630656233,3.6247130117390647,3.5114411630656233,3.5680770874023438,65475,0.0,0.0
1996-10-30 00:00:00-05:00,3.6530301687687254,3.6530301687687254,3.5114400386810303,3.5114400386810303,14513,0.0,0.0
1996-10-31 00:00:00-05:00,3.5114400386810303,3.5680759448825876,3.5114400386810303,3.5114400386810303,37800,0.0,0.0
1996-11-01 00:00:00-05:00,3.5114411630656233,3.5680770874023438,3.5114411630656233,3.5680770874023438,42863,0.0,0.0
1996-11-04 00:00:00-05:00,3.5680751225814573,3.5680751225814573,3.483120918273926,3.483120918273926,43875,0.0,0.0
1996-11-05 00:00:00-05:00,3.568076548743642,3.568076548743642,3.3981677076322017,3.4123270511627197,87413,0.0,0.0
1996-11-06 00:00:00-05:00,3.454803923478085,3.454803923478085,3.3415310122224717,3.3698489665985107,52988,0.0,0.0
1996-11-07 00:00:00-05:00,3.3698493851550295,3.4123270511627197,3.3698493851550295,3.4123270511627197,5400,0.0,0.0
1996-11-08 00:00:00-05:00,3.4548044204711914,3.4548044204711914,3.3698494513703654,3.4548044204711914,3713,0.0,0.0
1996-11-11 00:00:00-05:00,3.4548047888442404,3.4548047888442404,3.2848959262774495,3.3556911945343018,85388,0.0,0.0
1996-11-12 00:00:00-05:00,3.4548034574221465,3.4548034574221465,3.31321261089122,3.3415305614471436,174488,0.0,0.0
1996-11-13 00:00:00-05:00,3.4548034574221465,3.4548034574221465,3.284894660335296,3.3415305614471436,41850,0.0,0.0
1996-11-14 00:00:00-05:00,3.3981671198000045,3.3981671198000045,3.2848949432373047,3.2848949432373047,31725,0.0,0.0
1996-11-15 00:00:00-05:00,3.2848949432373047,3.3981671198000045,3.2848949432373047,3.2848949432373047,35775,0.0,0.0
1996-11-18 00:00:00-05:00,3.398167828082293,3.398167828082293,3.284895627910196,3.313213586807251,25988,0.0,0.0
1996-11-19 00:00:00-05:00,3.398167285558369,3.398167285558369,3.369848966598511,3.3698489665985107,12150,0.0,0.0
1996-11-20 00:00:00-05:00,3.313212212050707,3.3981664180755615,3.313212212050707,3.3981664180755615,27338,0.0,0.0
1996-11-21 00:00:00-05:00,3.3415301591977498,3.3981664180755615,3.3415301591977498,3.3981664180755615,42525,0.0,0.0
1996-11-22 00:00:00-05:00,3.3415305614471436,3.4548034574221465,3.3415305614471436,3.3415305614471436,14175,0.0,0.0
1996-11-25 00:00:00-05:00,3.3415308617411497,3.5114400386810303,3.3415308617411497,3.5114400386810303,56025,0.0,0.0
1996-11-26 00:00:00-05:00,3.3415308383539597,3.5114400141046556,3.3415308383539597,3.426485061645508,50288,0.0,0.0
1996-11-27 00:00:00-05:00,3.5114393004149105,3.5114393004149105,3.3981664180755615,3.3981664180755615,77625,0.0,0.0
1996-11-29 00:00:00-05:00,3.3981664180755615,3.440643703379852,3.3981664180755615,3.3981664180755615,54338,0.0,0.0
1996-12-02 00:00:00-05:00,3.454803754957056,3.454803754957056,3.2848949432373047,3.2848949432373047,42188,0.0,0.0
1996-12-03 00:00:00-05:00,3.2848949432373047,3.3981671198000045,3.2848949432373047,3.2848949432373047,7425,0.0,0.0
1996-12-04 00:00:00-05:00,3.313212212050707,3.3981664180755615,3.313212212050707,3.3981664180755615,22613,0.0,0.0
1996-12-05 00:00:00-05:00,3.2848949432373047,3.313212896232029,3.2848949432373047,3.2848949432373047,8775,0.0,0.0
1996-12-06 00:00:00-05:00,3.2848949432373047,3.2848949432373047,3.1716227666746044,3.2848949432373047,13163,0.0,0.0
1996-12-09 00:00:00-05:00,3.228259345532209,3.341531545704306,3.228259345532209,3.313213586807251,18900,0.0,0.0
1996-12-10 00:00:00-05:00,3.228258672664054,3.341530849226754,3.228258672664054,3.2848949432373047,30713,0.0,0.0
1996-12-11 00:00:00-05:00,3.2416727542877197,3.2416727542877197,3.2416727542877197,3.2416727542877197,1350,0.017778,0.0
1996-12-12 00:00:00-05:00,3.2416734231494786,3.3554162924724573,3.2416734231494786,3.2701094150543213,20250,0.0,0.0
1996-12-13 00:00:00-05:00,3.2416734231494786,3.3554162924724573,3.2416734231494786,3.2701094150543213,7425,0.0,0.0
1996-12-16 00:00:00-05:00,3.2416727542877197,3.355415600141877,3.2416727542877197,3.2416727542877197,16200,0.0,0.0
1996-12-17 00:00:00-05:00,3.2985443602641595,3.2985443602641595,3.2416727542877197,3.2416727542877197,10800,0.0,0.0
1996-12-18 00:00:00-05:00,3.2416727542877197,3.2985443602641595,3.2416727542877197,3.2416727542877197,42863,0.0,0.0
1996-12-19 00:00:00-05:00,3.2985443602641595,3.2985443602641595,3.2416727542877197,3.2416727542877197,10463,0.0,0.0
1996-12-20 00:00:00-05:00,3.2985436916351323,3.2985436916351323,3.24167209718681,3.298543691635132,48263,0.0,0.0
1996-12-23 00:00:00-05:00,3.355415600141877,3.355415600141877,3.2416727542877197,3.2416727542877197,22950,0.0,0.0
1996-12-24 00:00:00-05:00,3.2985436916351323,3.3554149199848062,3.2985436916351323,3.298543691635132,10125,0.0,0.0
1996-12-26 00:00:00-05:00,3.2985443430754984,3.3554155826568604,3.2985443430754984,3.3554155826568604,5738,0.0,0.0
1996-12-27 00:00:00-05:00,3.3554153943529488,3.4691589654286124,3.3269797761580575,3.4122869968414307,38475,0.0,0.0
1996-12-30 00:00:00-05:00,3.383851634557075,3.4691596031188965,3.383851634557075,3.4691596031188965,46913,0.0,0.0
1996-12-31 00:00:00-05:00,3.440722703933716,3.440722703933716,3.3838510999758515,3.440722703933716,41175,0.0,0.0
1997-01-02 00:00:00-05:00,3.440722703933716,3.440722703933716,3.298544243187118,3.440722703933716,6750,0.0,0.0
1997-01-03 00:00:00-05:00,3.2985441579631662,3.4122869968414307,3.2985441579631662,3.4122869968414307,10125,0.0,0.0
1997-01-06 00:00:00-05:00,3.2985443430754984,3.412287188336943,3.2985443430754984,3.3554155826568604,59738,0.0,0.0
1997-01-07 00:00:00-05:00,3.2985443430754984,3.412287188336943,3.2985443430754984,3.3554155826568604,45563,0.0,0.0
1997-01-08 00:00:00-05:00,3.3127621701403185,3.4122868289248904,3.2416723959539753,3.2843265533447266,95175,0.0,0.0
1997-01-09 00:00:00-05:00,3.24167209718681,3.2985436916351323,3.24167209718681,3.298543691635132,14850,0.0,0.0
1997-01-10 00:00:00-05:00,3.241672884637594,3.3269801139831543,3.241672884637594,3.3269801139831543,23963,0.0,0.0
1997-01-13 00:00:00-05:00,3.2416727373954157,3.3554155826568604,3.2416727373954157,3.3554155826568604,35100,0.0,0.0
1997-01-14 00:00:00-05:00,3.2416727373954157,3.3554155826568604,3.2416727373954157,3.3554155826568604,20250,0.0,0.0
1997-01-15 00:00:00-05:00,3.412287188336943,3.412287188336943,3.2985443430754984,3.3554155826568604,32063,0.0,0.0
1997-01-16 00:00:00-05:00,3.3554156692248402,3.4122872763721803,3.3554156692248402,3.3838512897491455,10463,0.0,0.0
1997-01-17 00:00:00-05:00,3.440722703933716,3.440722703933716,3.3554154810462737,3.440722703933716,29700,0.0,0.0
1997-01-20 00:00:00-05:00,3.440722615036322,3.4691589654286124,3.3554153943529488,3.4122869968414307,115425,0.0,0.0
1997-01-21 00:00:00-05:00,3.4691592496182504,3.4975948701425557,3.3838512897491455,3.3838512897491455,8100,0.0,0.0
1997-01-22 00:00:00-05:00,3.383850792846176,3.4975943565368652,3.383850792846176,3.4975943565368652,81675,0.0,0.0
1997-01-23 00:00:00-05:00,3.4691590550607114,3.4975946739902892,3.440722703933716,3.440722703933716,14850,0.0,0.0
1997-01-24 00:00:00-05:00,3.4975946739902892,3.4975946739902892,3.440722703933716,3.440722703933716,81000,0.0,0.0
1997-01-27 00:00:00-05:00,3.4122872763721803,3.4691592496182504,3.3838512897491455,3.3838512897491455,33075,0.0,0.0
1997-01-28 00:00:00-05:00,3.383851634557075,3.4691596031188965,3.383851634557075,3.4691596031188965,45563,0.0,0.0
1997-01-29 00:00:00-05:00,3.383851634557075,3.4691596031188965,3.383851634557075,3.4691596031188965,31725,0.0,0.0
1997-01-30 00:00:00-05:00,3.4691596031188965,3.4691596031188965,3.412287624077682,3.4691596031188965,15188,0.0,0.0
1997-01-31 00:00:00-05:00,3.3838512897491455,3.4691592496182504,3.3838512897491455,3.3838512897491455,37125,0.0,0.0
1997-02-03 00:00:00-05:00,3.412287188336943,3.412287188336943,3.3554155826568604,3.3554155826568604,17213,0.0,0.0
1997-02-04 00:00:00-05:00,3.3554155826568604,3.383851202447542,3.3554155826568604,3.3554155826568604,33413,0.0,0.0
1997-02-05 00:00:00-05:00,3.412287910183345,3.412287910183345,3.2701094150543213,3.2701094150543213,61425,0.0,0.0
1997-02-06 00:00:00-05:00,3.2416727542877197,3.2985443602641595,3.1848015144100024,3.2416727542877197,145463,0.0,0.0
1997-02-07 00:00:00-05:00,3.2416727542877197,3.326979980203018,3.1848015144100024,3.2416727542877197,93488,0.0,0.0
1997-02-10 00:00:00-05:00,3.326979980203018,3.326979980203018,3.2416727542877197,3.2416727542877197,17550,0.0,0.0
1997-02-11 00:00:00-05:00,3.270108723284817,3.412287188336943,3.270108723284817,3.3554155826568604,40838,0.0,0.0
1997-02-12 00:00:00-05:00,3.2985441579631662,3.4122869968414307,3.2985441579631662,3.4122869968414307,4725,0.0,0.0
1997-02-13 00:00:00-05:00,3.4122878275535182,3.4122878275535182,3.326980586102332,3.3696343898773193,11475,0.0,0.0
1997-02-14 00:00:00-05:00,3.3269797761580575,3.4122869968414307,3.3269797761580575,3.4122869968414307,35775,0.0,0.0
1997-02-18 00:00:00-05:00,3.3554156692248402,3.4122872763721803,3.3554156692248402,3.3838512897491455,16200,0.0,0.0
1997-02-19 00:00:00-05:00,3.3554154810462737,3.440722703933716,3.3554154810462737,3.440722703933716,52650,0.0,0.0
1997-02-20 00:00:00-05:00,3.440722896896486,3.440722896896486,3.3554156692248402,3.3838512897491455,23963,0.0,0.0
1997-02-21 00:00:00-05:00,3.440722896896486,3.440722896896486,3.3554156692248402,3.3838512897491455,24638,0.0,0.0
1997-02-24 00:00:00-05:00,3.3554154810462737,3.440722703933716,3.3554154810462737,3.440722703933716,131963,0.0,0.0
1997-02-25 00:00:00-05:00,3.440722703933716,3.4691590550607114,3.412287085004138,3.440722703933716,138713,0.0,0.0
1997-02-26 00:00:00-05:00,3.412287624077682,3.4691596031188965,3.412287624077682,3.4691596031188965,15188,0.0,0.0
1997-02-27 00:00:00-05:00,3.6966437657317175,3.9241293894911475,3.6397721767425537,3.6397721767425537,890663,0.0,0.0
1997-02-28 00:00:00-05:00,3.8103865776114327,3.838822189056708,3.5260297309614517,3.6397721767425537,262238,0.0,0.0
1997-03-03 00:00:00-05:00,3.6397734131308175,3.696645021438598,3.52603092871273,3.6966450214385986,29025,0.0,0.0
1997-03-04 00:00:00-05:00,3.6966439945195084,3.6966439945195084,3.5829011756001736,3.597118616104126,8100,0.0,0.0
1997-03-05 00:00:00-05:00,3.696645021438598,3.696645021438598,3.696645021438598,3.6966450214385986,9788,0.0,0.0
1997-03-06 00:00:00-05:00,3.6966458642799775,3.6966458642799775,3.5829029878295886,3.6113386154174805,9450,0.0,0.0
1997-03-07 00:00:00-05:00,3.6966455362642194,3.6966455362642194,3.582902669906616,3.582902669906616,59400,0.0,0.0
1997-03-10 00:00:00-05:00,3.6397734131308175,3.696645021438598,3.5829021709217734,3.6966450214385986,38138,0.0,0.0
1997-03-11 00:00:00-05:00,3.6966437657317175,3.6966437657317175,3.5829009538520027,3.6397721767425537,12488,0.0,0.0
1997-03-12 00:00:00-05:00,3.705909159123216,3.705909159123216,3.591881258399591,3.648895025253296,42863,0.011852,0.0
1997-03-13 00:00:00-05:00,3.6203886645665686,3.6488955521094693,3.477853859835797,3.534868001937866,8775,0.0,0.0
1997-03-14 00:00:00-05:00,3.5918829441070557,3.6488967377179184,3.538431778564098,3.5918829441070557,38475,0.0,0.0
1997-03-17 00:00:00-05:00,3.5918829441070557,3.6488967377179184,3.534869150496193,3.5918829441070557,8438,0.0,0.0
1997-03-18 00:00:00-05:00,3.534868001937866,3.591881777023668,3.534868001937866,3.534868001937866,131963,0.0,0.0
1997-03-19 00:00:00-05:00,3.5918821819027382,3.5918821819027382,3.4778542518615723,3.4778542518615723,44888,0.0,0.0
1997-03-20 00:00:00-05:00,3.4778542518615723,3.563375291146524,3.4208397363165255,3.4778542518615723,39825,0.0,0.0
1997-03-21 00:00:00-05:00,3.5348682209349223,3.5348682209349223,3.420839562650055,3.4921071529388428,22613,0.0,0.0
1997-03-24 00:00:00-05:00,3.4208393314247614,3.534867982002074,3.3068114148799803,3.392332077026367,85050,0.0,0.0
1997-03-25 00:00:00-05:00,3.420839548110962,3.420839548110962,3.2497974789513413,3.420839548110962,29363,0.0,0.0
1997-03-26 00:00:00-05:00,3.420838904341748,3.420838904341748,3.2497968673706055,3.2497968673706055,13163,0.0,0.0
1997-03-27 00:00:00-05:00,3.2497974789513413,3.420839548110962,3.2497974789513413,3.420839548110962,38138,0.0,0.0
1997-03-31 00:00:00-05:00,3.363825559616089,3.363825559616089,3.2497976305298955,3.363825559616089,4050,0.0,0.0
1997-04-01 00:00:00-05:00,3.2497969580310646,3.3638248635208203,3.2497969580310646,3.3068110942840576,15525,0.0,0.0
1997-04-02 00:00:00-05:00,3.3353185653686523,3.3638254549995463,3.2497975294596744,3.3353185653686523,50963,0.0,0.0
1997-04-03 00:00:00-05:00,3.249798031082091,3.3638259742227405,3.249798031082091,3.2783052921295166,18225,0.0,0.0
1997-04-04 00:00:00-05:00,3.2783047861068635,3.3353185653686523,3.2783047861068635,3.3353185653686523,4050,0.0,0.0
1997-04-07 00:00:00-04:00,3.3353185653686523,3.3353185653686523,3.3353185653686523,3.3353185653686523,2025,0.0,0.0
1997-04-08 00:00:00-04:00,3.2497968673706055,3.2925579271377208,3.2497968673706055,3.2497968673706055,7763,0.0,0.0
1997-04-09 00:00:00-04:00,3.2497969580310646,3.3068110942840576,3.192783188794302,3.3068110942840576,43200,0.0,0.0
1997-04-10 00:00:00-04:00,3.3068110942840576,3.3068110942840576,3.192783188794302,3.3068110942840576,8100,0.0,0.0
1997-04-11 00:00:00-04:00,3.2212904823689192,3.2212904823689192,3.135769450640294,3.1927835941314697,39150,0.0,0.0
1997-04-14 00:00:00-04:00,3.1642772413656566,3.1642772413656566,3.0787561951648184,3.1072630882263184,66150,0.0,0.0
1997-04-15 00:00:00-04:00,3.1357688670460657,3.1357688670460657,3.0217411518096924,3.0217411518096924,6750,0.0,0.0
1997-04-16 00:00:00-04:00,3.021740714798288,3.135768413543701,3.021740714798288,3.135768413543701,4388,0.0,0.0
1997-04-17 00:00:00-04:00,3.1357688670460657,3.1357688670460657,3.0217411518096924,3.0217411518096924,6075,0.0,0.0
1997-04-18 00:00:00-04:00,3.135770121061796,3.135770121061796,2.9932354658927807,3.078756332397461,108675,0.0,0.0
1997-04-21 00:00:00-04:00,3.0217420250531073,3.135769773241989,3.0217420250531073,3.0502490997314453,30375,0.0,0.0
1997-04-22 00:00:00-04:00,3.135768413543701,3.192782538178524,3.021740714798288,3.135768413543701,76950,0.0,0.0
1997-04-23 00:00:00-04:00,3.050248218249864,3.1357688670460657,3.0217411518096924,3.0217411518096924,227475,0.0,0.0
1997-04-24 00:00:00-04:00,3.135770121061796,3.135770121061796,3.0217423602249482,3.078756332397461,30713,0.0,0.0
1997-04-25 00:00:00-04:00,3.0217411518096924,3.1357688670460657,3.0217411518096924,3.0217411518096924,25650,0.0,0.0
1997-04-28 00:00:00-04:00,3.1357688670460657,3.1357688670460657,3.0217411518096924,3.0217411518096924,7088,0.0,0.0
1997-04-29 00:00:00-04:00,3.1072630882263184,3.1072630882263184,3.0502493021033183,3.1072630882263184,34763,0.0,0.0
1997-04-30 00:00:00-04:00,3.078755101181931,3.107261984113998,3.0217411518096924,3.0217411518096924,28350,0.0,0.0
1997-05-01 00:00:00-04:00,3.0217411518096924,3.1357688670460657,3.0217411518096924,3.0217411518096924,174488,0.0,0.0
1997-05-02 00:00:00-04:00,3.1357688670460657,3.1357688670460657,3.0217411518096924,3.0217411518096924,15525,0.0,0.0
1997-05-05 00:00:00-04:00,3.0217423602249482,3.135770121061796,3.0217423602249482,3.078756332397461,24638,0.0,0.0
1997-05-06 00:00:00-04:00,3.1072632267296285,3.1072632267296285,3.0217423602249482,3.078756332397461,26663,0.0,0.0
1997-05-07 00:00:00-04:00,3.1642773824103188,3.1642773824103188,3.0502494380652934,3.078756332397461,19913,0.0,0.0
1997-05-08 00:00:00-04:00,3.050248218249864,3.164276116994341,3.0217411518096924,3.0217411518096924,19913,0.0,0.0
1997-05-09 00:00:00-04:00,3.0217423602249482,3.1642773824103188,3.0217423602249482,3.078756332397461,12825,0.0,0.0
1997-05-12 00:00:00-04:00,3.1642773824103188,3.1642773824103188,3.0502494380652934,3.078756332397461,17550,0.0,0.0
1997-05-13 00:00:00-04:00,3.0787559909016267,3.1642770314284845,3.0502490997314453,3.0502490997314453,3038,0.0,0.0
1997-05-14 00:00:00-04:00,3.0787559909016267,3.1642770314284845,3.0502490997314453,3.0502490997314453,40500,0.0,0.0
1997-05-15 00:00:00-04:00,3.0787555710205443,3.164276599884033,3.050248683738136,3.164276599884033,32738,0.0,0.0
1997-05-16 00:00:00-04:00,3.1072632267296285,3.1642773824103188,3.078756332397461,3.078756332397461,35438,0.0,0.0
1997-05-19 00:00:00-04:00,3.050248218249864,3.164276116994341,3.0217411518096924,3.0217411518096924,210263,0.0,0.0
1997-05-20 00:00:00-04:00,3.0645021783002218,3.1642770314284845,3.0217420250531073,3.0502490997314453,381713,0.0,0.0
1997-05-21 00:00:00-04:00,3.0217411518096924,3.1357688670460657,2.993234268877625,3.0217411518096924,365850,0.0,0.0
1997-05-22 00:00:00-04:00,3.050249319613615,3.078756212838762,2.9932353496551514,2.9932353496551514,86738,0.0,0.0
1997-05-23 00:00:00-04:00,3.0217423602249482,3.078756332397461,2.9932354658927807,3.078756332397461,54000,0.0,0.0
1997-05-27 00:00:00-04:00,3.1357695538358556,3.27830473374637,3.050248886309093,3.2212905883789062,119475,0.0,0.0
1997-05-28 00:00:00-04:00,3.2212903744488495,3.2783045160299302,3.164276599884033,3.164276599884033,76613,0.0,0.0
1997-05-29 00:00:00-04:00,3.135769450640294,3.2212904823689192,3.135769450640294,3.1927835941314697,7763,0.0,0.0
1997-05-30 00:00:00-04:00,3.1642768100277316,3.2497974775544938,3.1642768100277316,3.2212905883789062,12488,0.0,0.0
1997-06-02 00:00:00-04:00,3.16427670589402,3.2497973706063688,3.135769450640294,3.1927835941314697,131288,0.0,0.0
1997-06-03 00:00:00-04:00,3.2497968673706055,3.2497968673706055,3.135768965061917,3.2497968673706055,56363,0.0,0.0
1997-06-04 00:00:00-04:00,3.3068121933084806,3.3068121933084806,3.135770094719612,3.1785311698913574,413775,0.0,0.0
1997-06-05 00:00:00-04:00,3.1963469163878298,3.3068110942840576,3.192783188794302,3.3068110942840576,20250,0.0,0.0
1997-06-06 00:00:00-04:00,3.3068110942840576,3.4778535030430358,3.3068110942840576,3.3068110942840576,62775,0.0,0.0
1997-06-09 00:00:00-04:00,3.449346238260361,3.534868001937866,3.363825208615391,3.534868001937866,78300,0.0,0.0
1997-06-10 00:00:00-04:00,3.534867543295096,3.534867543295096,3.4493457907138856,3.5063602924346924,54000,0.0,0.0
1997-06-11 00:00:00-04:00,3.548716190200759,3.548716190200759,3.4628593867188444,3.520097255706787,66150,0.017778,0.0
1997-06-12 00:00:00-04:00,3.6059536829089835,3.6059536829089835,3.462859733036597,3.5487165451049805,94838,0.0,0.0
1997-06-13 00:00:00-04:00,3.5200979861223414,3.5200979861223414,3.4056225928470565,3.434241533279419,21938,0.0,0.0
1997-06-16 00:00:00-04:00,3.520098364724587,3.5487173082350445,3.377004384080711,3.405622959136963,180225,0.0,0.0
1997-06-17 00:00:00-04:00,3.4056225928470565,3.4914794141441448,3.37700402086886,3.434241533279419,189000,0.0,0.0
1997-06-18 00:00:00-04:00,3.434241771873977,3.5487171731024603,3.319767107553876,3.462860345840454,364163,0.0,0.0
1997-06-19 00:00:00-04:00,3.520097255706787,3.548716190200759,3.4342408206789625,3.520097255706787,140738,0.0,0.0
1997-06-20 00:00:00-04:00,3.520098710069778,3.520098710069778,3.419933319091797,3.419933319091797,164700,0.0,0.0
1997-06-23 00:00:00-04:00,3.4342421460362873,3.4628607231207718,3.377004623413086,3.377004623413086,174150,0.0,0.0
1997-06-24 00:00:00-04:00,3.4342418921467233,3.4628604671154695,3.377004373755026,3.3913140296936035,195075,0.0,0.0
1997-06-25 00:00:00-04:00,3.4056233585097426,3.634573459625244,3.377004780097429,3.634573459625244,457650,0.0,0.0
1997-06-26 00:00:00-04:00,3.6345718883204046,3.6345718883204046,3.4628593867188444,3.520097255706787,275400,0.0,0.0
1997-06-27 00:00:00-04:00,3.5200985075547577,4.178327602827631,3.4771702747743345,3.892141103744507,866700,0.0,0.0
1997-06-30 00:00:00-04:00,4.0638519078898625,4.0638519078898625,3.7204280053880385,3.777665138244629,205200,0.0,0.0
1997-07-01 00:00:00-04:00,3.834902493788741,3.834902493788741,3.6345717994971576,3.6631903648376465,131288,0.0,0.0
1997-07-02 00:00:00-04:00,3.6918103699884894,3.777666090925121,3.577335706952126,3.720428943634033,133313,0.0,0.0
1997-07-03 00:00:00-04:00,3.777665253468934,4.121089166445689,3.663190615810016,3.806284189224243,290925,0.0,0.0
1997-07-07 00:00:00-04:00,4.1210896889215975,4.607607605447917,4.1210896889215975,4.4358954429626465,664875,0.0,0.0
1997-07-08 00:00:00-04:00,4.378659112054361,4.550370937887414,4.378659112054361,4.464515209197998,305100,0.0,0.0
1997-07-09 00:00:00-04:00,4.378658294677734,4.521751517569362,4.378658294677734,4.378658294677734,151538,0.0,0.0
1997-07-10 00:00:00-04:00,4.378659112054361,4.493133785427803,4.378659112054361,4.464515209197998,319275,0.0,0.0
1997-07-11 00:00:00-04:00,4.4645155953223785,4.521752752732283,4.37865949075327,4.421586990356445,93150,0.0,0.0
1997-07-14 00:00:00-04:00,4.378659424830245,4.435896581378413,4.121090746546498,4.206946849822998,206550,0.0,0.0
1997-07-15 00:00:00-04:00,4.178328662545291,4.321423053741455,4.178328662545291,4.321423053741455,85050,0.0,0.0
1997-07-16 00:00:00-04:00,4.321422333919407,4.407278070045707,4.178327966558562,4.350040912628174,81000,0.0,0.0
1997-07-17 00:00:00-04:00,4.407277478595943,4.407277478595943,4.235564924024142,4.292802810668945,52313,0.0,0.0
1997-07-18 00:00:00-04:00,4.235565662384033,4.350041087175228,4.235565662384033,4.235565662384033,131288,0.0,0.0
1997-07-21 00:00:00-04:00,4.235565662384033,4.235565662384033,4.235565662384033,4.235565662384033,42525,0.0,0.0
1997-07-22 00:00:00-04:00,4.235565662384033,4.350041087175228,4.235565662384033,4.235565662384033,27338,0.0,0.0
1997-07-23 00:00:00-04:00,4.350040912628174,4.350040912628174,4.235565492430348,4.350040912628174,33075,0.0,0.0
1997-07-24 00:00:00-04:00,4.350041087175228,4.4645157750578885,4.235565662384033,4.235565662384033,124200,0.0,0.0
1997-07-25 00:00:00-04:00,4.235563996481265,4.307110786437988,4.235563996481265,4.307110786437988,124200,0.0,0.0
1997-07-28 00:00:00-04:00,4.235566197951169,4.3786602206930185,4.235566197951169,4.321423053741455,115425,0.0,0.0
1997-07-29 00:00:00-04:00,4.321421996345668,4.321421996345668,4.235565161563432,4.264184474945068,36788,0.0,0.0
1997-07-30 00:00:00-04:00,4.235564334877803,4.40727686556523,4.235564334877803,4.378658294677734,103950,0.0,0.0
1997-07-31 00:00:00-04:00,4.378658294677734,4.435895436452724,4.350039723790239,4.378658294677734,132975,0.0,0.0
1997-08-01 00:00:00-04:00,4.407276153564453,4.407276153564453,4.35003902103619,4.407276153564453,72900,0.0,0.0
1997-08-04 00:00:00-04:00,4.378658294677734,4.521751517569362,4.292802213561097,4.378658294677734,144113,0.0,0.0
1997-08-05 00:00:00-04:00,4.235564977476205,4.249874633545093,4.00661563873291,4.00661563873291,191025,0.0,0.0
1997-08-06 00:00:00-04:00,3.9493784882741902,4.121090308104558,3.9493784882741902,4.00661563873291,63450,0.0,0.0
1997-08-07 00:00:00-04:00,4.092471362662266,4.149708507943203,4.006615276286688,4.121089935302734,167400,0.0,0.0
1997-08-08 00:00:00-04:00,4.1497088833339175,4.1497088833339175,3.9779970635035498,4.00661563873291,52650,0.0,0.0
1997-08-11 00:00:00-04:00,3.977996587753296,4.121089815241006,3.977996587753296,3.977996587753296,18563,0.0,0.0
1997-08-12 00:00:00-04:00,3.977995968582091,4.035233103286605,3.834902763366699,3.834902763366699,120150,0.0,0.0
1997-08-13 00:00:00-04:00,3.949377273722588,3.949377273722588,3.7204280053880385,3.777665138244629,144450,0.0,0.0
1997-08-14 00:00:00-04:00,3.777666430420413,3.892141103744507,3.777666430420413,3.892141103744507,66150,0.0,0.0
1997-08-15 00:00:00-04:00,3.892139772411903,3.892139772411903,3.777665138244629,3.777665138244629,26325,0.0,0.0
1997-08-18 00:00:00-04:00,3.777666430420413,3.9493786246336637,3.777666430420413,3.892141103744507,86063,0.0,0.0
1997-08-19 00:00:00-04:00,3.834902639555313,3.892139772411903,3.777665138244629,3.777665138244629,13500,0.0,0.0
1997-08-20 00:00:00-04:00,3.949378744282404,3.949378744282404,3.148055269828744,3.377004623413086,254475,0.0,0.0
1997-08-21 00:00:00-04:00,3.5487165451049805,3.5487165451049805,3.3197665200724633,3.5487165451049805,91463,0.0,0.0
1997-08-22 00:00:00-04:00,3.37700402086886,3.5487169265547043,3.37700402086886,3.434241533279419,95175,0.0,0.0
1997-08-25 00:00:00-04:00,3.4914794141441448,3.4914794141441448,3.37700402086886,3.434241533279419,32063,0.0,0.0
1997-08-26 00:00:00-04:00,3.4056237387278587,3.5487181205820773,3.4056237387278587,3.491480588912964,52988,0.0,0.0
1997-08-27 00:00:00-04:00,3.405622959136963,3.5487173082350445,3.405622959136963,3.405622959136963,18225,0.0,0.0
1997-08-28 00:00:00-04:00,3.4056237387278587,3.5487181205820773,3.4056237387278587,3.491480588912964,86738,0.0,0.0
1997-08-29 00:00:00-04:00,3.4342419026474205,3.5487173082350445,3.405622959136963,3.405622959136963,23625,0.0,0.0
1997-09-02 00:00:00-04:00,3.4056225928470565,3.5200979861223414,3.4056225928470565,3.434241533279419,22275,0.0,0.0
1997-09-03 00:00:00-04:00,3.405623200497571,3.4628607231207718,3.377004623413086,3.377004623413086,52650,0.0,0.0
1997-09-04 00:00:00-04:00,3.37700402086886,3.4342415332794194,3.319766876912466,3.434241533279419,23625,0.0,0.0
1997-09-05 00:00:00-04:00,3.4914794141441448,3.4914794141441448,3.4056225928470565,3.434241533279419,20588,0.0,0.0
1997-09-08 00:00:00-04:00,3.491480447629527,3.6918112476835643,3.4628611302716217,3.5916454792022705,89100,0.0,0.0
1997-09-09 00:00:00-04:00,3.5487165451049805,3.691809758069114,3.462859733036597,3.5487165451049805,94500,0.0,0.0
1997-09-10 00:00:00-04:00,3.605954881212931,3.69181098490412,3.5487177243883044,3.634573459625244,51638,0.0,0.0
1997-09-11 00:00:00-04:00,3.562181028014139,3.705817162932135,3.4759984594182796,3.4903624057769775,91800,0.017778,0.0
1997-09-12 00:00:00-04:00,3.619634816922163,3.619634816922163,3.4759979628205966,3.562180519104004,18563,0.0,0.0
1997-09-15 00:00:00-04:00,3.648362636566162,3.648362636566162,3.4759986018671705,3.648362636566162,21263,0.0,0.0
1997-09-16 00:00:00-04:00,3.533453000342868,3.562180519104004,3.533453000342868,3.562180519104004,23625,0.0,0.0
1997-09-17 00:00:00-04:00,3.619634816922163,3.619634816922163,3.4759979628205966,3.562180519104004,45563,0.0,0.0
1997-09-18 00:00:00-04:00,3.5621813290648205,3.619635639946812,3.475998753185412,3.5047266483306885,65813,0.0,0.0
1997-09-19 00:00:00-04:00,3.5334530454345257,3.5621805645622637,3.389816189499958,3.4185433387756348,49275,0.0,0.0
1997-09-22 00:00:00-04:00,3.5621803309119002,3.5621803309119002,3.418543114546717,3.447270631790161,46238,0.0,0.0
1997-09-23 00:00:00-04:00,3.5621807244753807,3.5621807244753807,3.4185434922406013,3.4759981632232666,42863,0.0,0.0
1997-09-24 00:00:00-04:00,3.4472710126579726,3.5047260534927154,3.4472710126579726,3.4759981632232666,69525,0.0,0.0
1997-09-25 00:00:00-04:00,3.4472710126579726,3.5047260534927154,3.4472710126579726,3.4759981632232666,95175,0.0,0.0
1997-09-26 00:00:00-04:00,3.4185434922406013,3.4759981632232666,3.4185434922406013,3.4759981632232666,82350,0.0,0.0
1997-09-29 00:00:00-04:00,3.5334532040580093,3.5334532040580093,3.4185434922406013,3.4759981632232666,63788,0.0,0.0
1997-09-30 00:00:00-04:00,3.447270103738228,3.6196340712401143,3.447270103738228,3.533452272415161,120825,0.0,0.0
1997-10-01 00:00:00-04:00,3.648362636566162,3.648362636566162,3.5334536499522917,3.648362636566162,44550,0.0,0.0
1997-10-02 00:00:00-04:00,3.648363457883429,3.648363457883429,3.5478176558778456,3.619636297225952,44213,0.0,0.0
1997-10-03 00:00:00-04:00,3.648362636566162,3.648362636566162,3.5334536499522917,3.648362636566162,98888,0.0,0.0
1997-10-06 00:00:00-04:00,3.6196340712401143,3.63399727288363,3.533452272415161,3.533452272415161,61425,0.0,0.0
1997-10-07 00:00:00-04:00,3.5047251294241697,3.562179785258132,3.479588509455073,3.533452272415161,340200,0.0,0.0
1997-10-08 00:00:00-04:00,3.5047266483306885,3.5621813290648205,3.5047266483306885,3.5047266483306885,18900,0.0,0.0
1997-10-09 00:00:00-04:00,3.5047251294241697,3.562179785258132,3.5047251294241697,3.533452272415161,36450,0.0,0.0
1997-10-10 00:00:00-04:00,3.5334536499522917,3.648362636566162,3.5334536499522917,3.648362636566162,62438,0.0,0.0
1997-10-13 00:00:00-04:00,3.562181975910999,3.677090618540906,3.562181975910999,3.619636297225952,59400,0.0,0.0
1997-10-14 00:00:00-04:00,3.677089790756599,3.7632716231800325,3.648362636566162,3.648362636566162,87413,0.0,0.0
1997-10-15 00:00:00-04:00,3.734544468989596,3.734544468989596,3.6196354823757257,3.648362636566162,59400,0.0,0.0
1997-10-16 00:00:00-04:00,3.677090618540906,3.734545309708067,3.6196362972259526,3.619636297225952,30038,0.0,0.0
1997-10-17 00:00:00-04:00,3.5909078121185303,3.5909078121185303,3.5909078121185303,3.5909078121185303,19913,0.0,0.0
1997-10-20 00:00:00-04:00,3.5621803978320163,3.7058165073394775,3.5621803978320163,3.7058165073394775,54675,0.0,0.0
1997-10-21 00:00:00-04:00,3.562179691704517,3.734542914975664,3.562179691704517,3.6770882606506348,41513,0.0,0.0
1997-10-22 00:00:00-04:00,3.562179691704517,3.8207247115372227,3.562179691704517,3.6770882606506348,179550,0.0,0.0
1997-10-23 00:00:00-04:00,3.5621803309119002,3.5621803309119002,3.3898159671553096,3.447270631790161,165038,0.0,0.0
1997-10-24 00:00:00-04:00,3.4185433387756348,3.5334530454345257,3.389816189499958,3.4185433387756348,63450,0.0,0.0
1997-10-27 00:00:00-05:00,3.3898166709955726,3.3898166709955726,3.15999870444228,3.246180534362793,54000,0.0,0.0
1997-10-28 00:00:00-05:00,3.159998072764765,3.3323616981506348,3.1025437775375013,3.3323616981506348,75600,0.0,0.0
1997-10-29 00:00:00-05:00,3.217452712954829,3.447270631790161,3.217452712954829,3.447270631790161,44550,0.0,0.0
1997-10-30 00:00:00-05:00,3.2749070330713317,3.4472706584572017,3.2749070330713317,3.3323616981506348,13838,0.0,0.0
1997-10-31 00:00:00-05:00,3.3323616981506348,3.3323616981506348,3.3323616981506348,3.3323616981506348,3375,0.0,0.0
1997-11-03 00:00:00-05:00,3.4472706584572017,3.461634602116057,3.3323616981506348,3.3323616981506348,147825,0.0,0.0
1997-11-04 00:00:00-05:00,3.3036340189312923,3.533452272415161,3.3036340189312923,3.533452272415161,89775,0.0,0.0
1997-11-05 00:00:00-05:00,3.447270631790161,3.5621803309119002,3.447270631790161,3.447270631790161,22613,0.0,0.0
1997-11-06 00:00:00-05:00,3.447270631790161,3.447270631790161,3.447270631790161,3.447270631790161,8775,0.0,0.0
1997-11-07 00:00:00-05:00,3.447271196647431,3.5047262405486928,3.3898165225982666,3.3898165225982666,115425,0.0,0.0
1997-11-10 00:00:00-05:00,3.4472713064051024,3.562181028014139,3.361089477513461,3.4903624057769775,31725,0.0,0.0
1997-11-11 00:00:00-05:00,3.418543295150381,3.562180519104004,3.418543295150381,3.562180519104004,71888,0.0,0.0
1997-11-12 00:00:00-05:00,3.447270631790161,3.447270631790161,3.3898159671553096,3.447270631790161,12488,0.0,0.0
1997-11-13 00:00:00-05:00,3.4185436746968,3.533453392647226,3.3898165225982666,3.3898165225982666,30375,0.0,0.0
1997-11-14 00:00:00-05:00,3.3898165225982666,3.4185436746968,3.3898165225982666,3.3898165225982666,15188,0.0,0.0
1997-11-17 00:00:00-05:00,3.389816189499958,3.447270857903373,3.389816189499958,3.4185433387756348,25988,0.0,0.0
1997-11-18 00:00:00-05:00,3.3898159671553096,3.447270631790161,3.3898159671553096,3.447270631790161,6750,0.0,0.0
1997-11-19 00:00:00-05:00,3.389816189499958,3.447270857903373,3.389816189499958,3.4185433387756348,27338,0.0,0.0
1997-11-20 00:00:00-05:00,3.389816189499958,3.4185433387756348,3.389816189499958,3.4185433387756348,7425,0.0,0.0
1997-11-21 00:00:00-05:00,3.3898159671553096,3.447270631790161,3.3898159671553096,3.447270631790161,15863,0.0,0.0
1997-11-24 00:00:00-05:00,3.389816380477868,3.389816380477868,3.3323620786896124,3.3610892295837402,37800,0.0,0.0
1997-11-25 00:00:00-05:00,3.3898165376094456,3.418543689835192,3.3323622331579528,3.346726179122925,19575,0.0,0.0
1997-11-26 00:00:00-05:00,3.2749063968658447,3.332361050783618,3.2749063968658447,3.2749063968658447,27675,0.0,0.0
1997-11-28 00:00:00-05:00,3.332361050783618,3.332361050783618,3.2749063968658447,3.2749063968658447,3375,0.0,0.0
1997-12-01 00:00:00-05:00,3.274907407049275,3.418543531371996,3.274907407049275,3.3610892295837402,71888,0.0,0.0
1997-12-02 00:00:00-05:00,3.432907454502425,3.432907454502425,3.3323616981506348,3.3323616981506348,37125,0.0,0.0
1997-12-03 00:00:00-05:00,3.3323620786896124,3.3826349626064176,3.3323620786896124,3.3610892295837402,20250,0.0,0.0
1997-12-04 00:00:00-05:00,3.3610892295837402,3.4759982030123333,3.3610892295837402,3.3610892295837402,64800,0.0,0.0
1997-12-05 00:00:00-05:00,3.3323616981506348,3.3323616981506348,3.3323616981506348,3.3323616981506348,1688,0.0,0.0
1997-12-08 00:00:00-05:00,3.3323616981506348,3.3323616981506348,3.2749070330713317,3.3323616981506348,20250,0.0,0.0
1997-12-09 00:00:00-05:00,3.274907844360513,3.332362523672998,3.1025445461273193,3.1025445461273193,44213,0.0,0.0
1997-12-10 00:00:00-05:00,3.21745338100666,3.246180534362793,3.188726227650527,3.246180534362793,27000,0.0,0.0
1997-12-11 00:00:00-05:00,3.188726227650527,3.246180534362793,3.0738172443738807,3.246180534362793,42525,0.0,0.0
1997-12-12 00:00:00-05:00,3.303635210927173,3.361089517639439,3.188726227650527,3.246180534362793,113063,0.0,0.0
1997-12-15 00:00:00-05:00,3.332361050783618,3.332361050783618,3.159997458882266,3.2749063968658447,46575,0.0,0.0
1997-12-16 00:00:00-05:00,3.159998072764765,3.3323616981506348,3.159998072764765,3.3323616981506348,13838,0.0,0.0
1997-12-17 00:00:00-05:00,3.332361050783618,3.332361050783618,3.2174521128000393,3.2749063968658447,20250,0.0,0.0
1997-12-18 00:00:00-05:00,3.159997933685657,3.3323615514853895,3.159997933685657,3.3036344051361084,28013,0.0,0.0
1997-12-19 00:00:00-05:00,3.2174525962362424,3.4041797872106154,3.2174525962362424,3.3036344051361084,39825,0.0,0.0
1997-12-22 00:00:00-05:00,3.447270631790161,3.447270631790161,3.2749070077376436,3.447270631790161,18225,0.0,0.0
1997-12-23 00:00:00-05:00,3.2749063968658447,3.332361050783618,3.2749063968658447,3.2749063968658447,9450,0.0,0.0
1997-12-24 00:00:00-05:00,3.2749063968658447,3.2749063968658447,3.2749063968658447,3.2749063968658447,2700,0.0,0.0
1997-12-26 00:00:00-05:00,3.2749063968658447,3.2749063968658447,3.2749063968658447,3.2749063968658447,2700,0.0,0.0
1997-12-29 00:00:00-05:00,3.4472699887671965,3.4472699887671965,3.2749063968658447,3.2749063968658447,25650,0.0,0.0
1997-12-30 00:00:00-05:00,3.361088819763902,3.447270631790161,3.3036345249810877,3.447270631790161,76950,0.0,0.0
1997-12-31 00:00:00-05:00,3.447271196647431,3.447271196647431,3.361089370499733,3.3898165225982666,60413,0.0,0.0
1998-01-02 00:00:00-05:00,3.3610892295837402,3.3610892295837402,3.3610892295837402,3.3610892295837402,5738,0.0,0.0
1998-01-05 00:00:00-05:00,3.389816380477868,3.389816380477868,3.3610892295837402,3.3610892295837402,33413,0.0,0.0
1998-01-06 00:00:00-05:00,3.418542476882326,3.418542476882326,3.246179254832942,3.2749063968658447,31050,0.0,0.0
1998-01-07 00:00:00-05:00,3.2749063968658447,3.332361050783618,3.2749063968658447,3.2749063968658447,25650,0.0,0.0
1998-01-08 00:00:00-05:00,3.246180534362793,3.303635210927173,3.246180534362793,3.246180534362793,12150,0.0,0.0
1998-01-09 00:00:00-05:00,3.2461798854576998,3.3610888457642667,3.2461798854576998,3.3323616981506348,106313,0.0,0.0
1998-01-12 00:00:00-05:00,3.246179860346236,3.447270631790161,3.246179860346236,3.447270631790161,31388,0.0,0.0
1998-01-13 00:00:00-05:00,3.3323616981506348,3.4759978060708336,3.3323616981506348,3.3323616981506348,23625,0.0,0.0
1998-01-14 00:00:00-05:00,3.475997779181568,3.475997779181568,3.332361672372495,3.447270631790161,13838,0.0,0.0
1998-01-15 00:00:00-05:00,3.4759981632232666,3.5047260534927154,3.4472710126579726,3.4759981632232666,55013,0.0,0.0
1998-01-16 00:00:00-05:00,3.5047260534927154,3.5047260534927154,3.4759981632232666,3.4759981632232666,22275,0.0,0.0
1998-01-20 00:00:00-05:00,3.41854407245128,3.533453803771684,3.389816917010284,3.5047266483306885,12488,0.0,0.0
1998-01-21 00:00:00-05:00,3.5047256662770487,3.533452813668456,3.447270631790161,3.447270631790161,14175,0.0,0.0
1998-01-22 00:00:00-05:00,3.5047260534927154,3.5047260534927154,3.3898163416753078,3.4759981632232666,15188,0.0,0.0
1998-01-23 00:00:00-05:00,3.4759981632232666,3.5334532040580093,3.3898163416753078,3.4759981632232666,53663,0.0,0.0
1998-01-26 00:00:00-05:00,3.562180914597857,3.562180914597857,3.3898165225982666,3.3898165225982666,27000,0.0,0.0
1998-01-27 00:00:00-05:00,3.3610888457642667,3.3610888457642667,3.3323616981506348,3.3323616981506348,13838,0.0,0.0
1998-01-28 00:00:00-05:00,3.3323625706610427,3.3467265180808012,3.2174535802679265,3.3179993629455566,40163,0.0,0.0
1998-01-29 00:00:00-05:00,3.389816189499958,3.4185433387756348,3.3179986861628263,3.4185433387756348,29025,0.0,0.0
1998-01-30 00:00:00-05:00,3.41854407245128,3.619635639946812,3.41854407245128,3.5047266483306885,110025,0.0,0.0
1998-02-02 00:00:00-05:00,3.5047256662770487,3.6196346256947147,3.447270631790161,3.447270631790161,59400,0.0,0.0
1998-02-03 00:00:00-05:00,3.5909076680130836,3.5909076680130836,3.5047258514337885,3.562180519104004,5738,0.0,0.0
1998-02-04 00:00:00-05:00,3.5047266483306885,3.5621813290648205,3.5047266483306885,3.5047266483306885,11138,0.0,0.0
1998-02-05 00:00:00-05:00,3.562181975910999,3.6196362972259526,3.5047272847438378,3.619636297225952,57375,0.0,0.0
1998-02-06 00:00:00-05:00,3.504725992080703,3.6483621122423675,3.504725992080703,3.5909078121185303,67838,0.0,0.0
1998-02-09 00:00:00-05:00,3.648363457883429,3.66272666835996,3.5909091365684755,3.619636297225952,51638,0.0,0.0
1998-02-10 00:00:00-05:00,3.619635065396151,3.7919983405347586,3.619635065396151,3.734544038772583,87750,0.0,0.0
1998-02-11 00:00:00-05:00,3.7058173147991598,3.734544468989596,3.648362636566162,3.648362636566162,168075,0.0,0.0
1998-02-12 00:00:00-05:00,3.619635065396151,3.734544038772583,3.619635065396151,3.734544038772583,39150,0.0,0.0
1998-02-13 00:00:00-05:00,3.734545126215426,3.7919994447074266,3.677090437871236,3.763272285461426,71550,0.0,0.0
1998-02-17 00:00:00-05:00,3.7632712890162336,3.8781802654266357,3.6770894642454093,3.8781802654266357,62775,0.0,0.0
1998-02-18 00:00:00-05:00,3.9069063785753095,3.9069063785753095,3.7919974327087402,3.7919974327087402,65138,0.0,0.0
1998-02-19 00:00:00-05:00,3.7919974327087402,3.8207249465643773,3.7919974327087402,3.7919974327087402,30038,0.0,0.0
1998-02-20 00:00:00-05:00,3.9069063785753095,3.9069063785753095,3.7919974327087402,3.7919974327087402,9113,0.0,0.0
1998-02-23 00:00:00-05:00,3.7919974327087402,3.8494520905680214,3.7919974327087402,3.7919974327087402,27000,0.0,0.0
1998-02-24 00:00:00-05:00,3.7919974327087402,3.7919974327087402,3.7919974327087402,3.7919974327087402,9113,0.0,0.0
1998-02-25 00:00:00-05:00,3.7919974327087402,3.8207249465643773,3.7919974327087402,3.7919974327087402,54675,0.0,0.0
1998-02-26 00:00:00-05:00,3.7919974327087402,3.7919974327087402,3.7919974327087402,3.7919974327087402,23963,0.0,0.0
1998-02-27 00:00:00-05:00,3.7919979511327284,3.7919979511327284,3.7058165073394775,3.7058165073394775,13500,0.0,0.0
1998-03-02 00:00:00-05:00,3.7919974327087402,3.7919974327087402,3.734543144701452,3.7919974327087402,3375,0.0,0.0
1998-03-03 00:00:00-05:00,3.7058157727391348,3.7632700572121935,3.6770882606506348,3.6770882606506348,22950,0.0,0.0
1998-03-04 00:00:00-05:00,3.6770882606506348,3.6770882606506348,3.6770882606506348,3.6770882606506348,1688,0.0,0.0
1998-03-05 00:00:00-05:00,3.619635639946812,3.6770899508288037,3.5047266483306885,3.5047266483306885,30038,0.0,0.0
1998-03-06 00:00:00-05:00,3.5047266483306885,3.5621813290648205,3.5047266483306885,3.5047266483306885,16200,0.0,0.0
1998-03-09 00:00:00-05:00,3.533453000342868,3.6483619658312425,3.533453000342868,3.562180519104004,100575,0.0,0.0
1998-03-10 00:00:00-05:00,3.533452272415161,3.6483612142311053,3.533452272415161,3.533452272415161,25650,0.0,0.0
1998-03-11 00:00:00-05:00,3.5761359546097475,3.662655031509052,3.5761359546097475,3.590555429458618,37125,0.017778,0.0
1998-03-12 00:00:00-05:00,3.590555429458618,3.590555429458618,3.590555429458618,3.590555429458618,0,0.0,0.0
1998-03-13 00:00:00-05:00,3.576136827468872,3.576136827468872,3.576136827468872,3.576136827468872,3038,0.0,0.0
1998-03-16 00:00:00-05:00,3.576136827468872,3.662655925485652,3.576136827468872,3.576136827468872,22613,0.0,0.0
1998-03-17 00:00:00-05:00,3.5761367346130237,3.662655830383301,3.5761367346130237,3.662655830383301,5063,0.0,0.0
1998-03-18 00:00:00-05:00,3.5761368432850653,3.662655941684494,3.5761368432850653,3.6338162422180176,16875,0.0,0.0
1998-03-19 00:00:00-05:00,3.5761367346130237,3.662655830383301,3.5761367346130237,3.662655830383301,9450,0.0,0.0
1998-03-20 00:00:00-05:00,3.633816114083696,3.6626558125332376,3.6049764156341553,3.6049764156341553,6750,0.0,0.0
1998-03-23 00:00:00-05:00,3.576136827468872,3.662655925485652,3.576136827468872,3.576136827468872,17550,0.0,0.0
1998-03-24 00:00:00-05:00,3.576136717184614,3.6049764156341553,3.576136717184614,3.6049764156341553,36113,0.0,0.0
1998-03-25 00:00:00-05:00,3.576136451577103,3.662655540499763,3.576136451577103,3.648235321044922,32063,0.0,0.0
1998-03-26 00:00:00-05:00,3.662655830383301,3.662655830383301,3.5761367346130237,3.662655830383301,11138,0.0,0.0
1998-03-27 00:00:00-05:00,3.662655830383301,3.691495528973393,3.5761367346130237,3.662655830383301,10800,0.0,0.0
1998-03-30 00:00:00-05:00,3.576136717184614,3.6914955109827785,3.576136717184614,3.6049764156341553,29025,0.0,0.0
1998-03-31 00:00:00-05:00,3.590555429458618,3.720334787409601,3.590555429458618,3.590555429458618,15188,0.0,0.0
1998-04-01 00:00:00-05:00,3.5761366276389768,3.720335487577069,3.5761366276389768,3.691495418548584,13163,0.0,0.0
1998-04-02 00:00:00-05:00,3.662655830383301,3.662655830383301,3.662655830383301,3.662655830383301,4050,0.0,0.0
1998-04-03 00:00:00-05:00,3.662655830383301,3.662655830383301,3.662655830383301,3.662655830383301,6075,0.0,0.0
1998-04-06 00:00:00-04:00,3.662655830383301,3.691495528973393,3.662655830383301,3.662655830383301,24638,0.0,0.0
1998-04-07 00:00:00-04:00,3.6626557208211823,3.691495418548584,3.6626557208211823,3.691495418548584,16538,0.0,0.0
1998-04-08 00:00:00-04:00,3.6914956411509703,3.6914956411509703,3.6049765427515417,3.6338162422180176,38475,0.0,0.0
1998-04-09 00:00:00-04:00,3.604976526807799,3.662655925485652,3.576136827468872,3.576136827468872,21600,0.0,0.0
1998-04-13 00:00:00-04:00,3.576136827468872,3.576136827468872,3.576136827468872,3.576136827468872,2025,0.0,0.0
1998-04-14 00:00:00-04:00,3.5761363150909213,3.806854248046875,3.5761363150909213,3.806854248046875,21263,0.0,0.0
1998-04-15 00:00:00-04:00,3.691495418548584,3.691495418548584,3.691495418548584,3.691495418548584,3375,0.0,0.0
1998-04-16 00:00:00-04:00,3.6049763253663785,3.7491751853044706,3.6049763253663785,3.691495418548584,18900,0.0,0.0
1998-04-17 00:00:00-04:00,3.6049763253663785,3.691495418548584,3.6049763253663785,3.691495418548584,8438,0.0,0.0
1998-04-20 00:00:00-04:00,3.6914956411509703,3.7780151108515043,3.6338162422180176,3.6338162422180176,94163,0.0,0.0
1998-04-21 00:00:00-04:00,3.662655830383301,3.7491752974546717,3.6338161317932083,3.662655830383301,10125,0.0,0.0
1998-04-22 00:00:00-04:00,3.633816500176584,3.864534854888916,3.633816500176584,3.864534854888916,21938,0.0,0.0
1998-04-23 00:00:00-04:00,3.806854580759274,3.8645343475151606,3.691495418548584,3.691495418548584,52650,0.0,0.0
1998-04-24 00:00:00-04:00,3.749174356460571,3.806853739163979,3.691494602456162,3.7491743564605713,24300,0.0,0.0
1998-04-27 00:00:00-04:00,3.6914956411509703,3.6914956411509703,3.6338162422180176,3.6338162422180176,47588,0.0,0.0
1998-04-28 00:00:00-04:00,3.6338160230937806,3.691495418548584,3.6338160230937806,3.691495418548584,15863,0.0,0.0
1998-04-29 00:00:00-04:00,3.6049764156341553,3.6914955109827785,3.6049764156341553,3.6049764156341553,118463,0.0,0.0
1998-04-30 00:00:00-04:00,3.6049763253663785,3.691495418548584,3.6049763253663785,3.691495418548584,38813,0.0,0.0
1998-05-01 00:00:00-04:00,3.6049764156341553,3.6914955109827785,3.6049764156341553,3.6049764156341553,5063,0.0,0.0
1998-05-04 00:00:00-04:00,3.6914955109827785,3.6914955109827785,3.6049764156341553,3.6049764156341553,19238,0.0,0.0
1998-05-05 00:00:00-04:00,3.6049764332031162,3.691495528973393,3.6049764332031162,3.662655830383301,46913,0.0,0.0
1998-05-06 00:00:00-04:00,3.6770751983838,3.691495418548584,3.6049763253663785,3.691495418548584,18563,0.0,0.0
1998-05-07 00:00:00-04:00,3.6049764156341553,3.6914955109827785,3.6049764156341553,3.6049764156341553,17888,0.0,0.0
1998-05-08 00:00:00-04:00,3.6049764156341553,3.6482355920073744,3.6049764156341553,3.6049764156341553,25650,0.0,0.0
1998-05-11 00:00:00-04:00,3.6049764156341553,3.6049764156341553,3.6049764156341553,3.6049764156341553,338,0.0,0.0
1998-05-12 00:00:00-04:00,3.6049764332031162,3.662655830383301,3.6049764332031162,3.662655830383301,39150,0.0,0.0
1998-05-13 00:00:00-04:00,3.6049763253663785,3.691495418548584,3.6049763253663785,3.691495418548584,14513,0.0,0.0
1998-05-14 00:00:00-04:00,3.691495418548584,3.691495418548584,3.691495418548584,3.691495418548584,9450,0.0,0.0
1998-05-15 00:00:00-04:00,3.6338162422180176,3.6338162422180176,3.6338162422180176,3.6338162422180176,675,0.0,0.0
1998-05-18 00:00:00-04:00,3.6338152197527536,3.8645334931683886,3.6338152197527536,3.7491743564605713,173475,0.0,0.0
1998-05-19 00:00:00-04:00,3.6626559183104472,3.76359486579895,3.6626559183104472,3.76359486579895,17213,0.0,0.0
1998-05-20 00:00:00-04:00,3.749174356460571,3.749174356460571,3.749174356460571,3.7491743564605713,15188,0.0,0.0
1998-05-21 00:00:00-04:00,3.749176383449202,3.8068557973369304,3.749176383449202,3.7780160903930664,30375,0.0,0.0
1998-05-22 00:00:00-04:00,3.806855080560267,3.864534854888916,3.806855080560267,3.864534854888916,27675,0.0,0.0
1998-05-26 00:00:00-04:00,3.7780145010224655,3.864533956757443,3.7780145010224655,3.792433977127075,46238,0.0,0.0
1998-05-27 00:00:00-04:00,3.778016090393066,3.778016090393066,3.691496598260272,3.7780160903930664,39488,0.0,0.0
1998-05-28 00:00:00-04:00,3.633815705504647,3.806854248046875,3.633815705504647,3.806854248046875,21263,0.0,0.0
1998-05-29 00:00:00-04:00,3.806854580759274,3.806854580759274,3.691495418548584,3.691495418548584,6075,0.0,0.0
1998-06-01 00:00:00-04:00,3.6049764156341553,3.6049764156341553,3.6049764156341553,3.6049764156341553,31725,0.0,0.0
1998-06-02 00:00:00-04:00,3.6049765427515417,3.6338162422180176,3.6049765427515417,3.6338162422180176,63788,0.0,0.0
1998-06-03 00:00:00-04:00,3.6049765427515417,3.6338162422180176,3.6049765427515417,3.6338162422180176,42863,0.0,0.0
1998-06-04 00:00:00-04:00,3.6049765427515417,3.6338162422180176,3.6049765427515417,3.6338162422180176,6413,0.0,0.0
1998-06-05 00:00:00-04:00,3.6049763253663785,3.691495418548584,3.6049763253663785,3.691495418548584,15863,0.0,0.0
1998-06-08 00:00:00-04:00,3.6049764156341553,3.633816114083696,3.6049764156341553,3.6049764156341553,16538,0.0,0.0
1998-06-09 00:00:00-04:00,3.6049764156341553,3.6049764156341553,3.6049764156341553,3.6049764156341553,35775,0.0,0.0
1998-06-10 00:00:00-04:00,3.6188729403651183,3.6478238105773926,3.6188729403651183,3.6478238105773926,69188,0.017778,0.0
1998-06-11 00:00:00-04:00,3.618873119354248,3.6767748626426116,3.618873119354248,3.618873119354248,27000,0.0,0.0
1998-06-12 00:00:00-04:00,3.618873119354248,3.64782399099843,3.618873119354248,3.618873119354248,99225,0.0,0.0
1998-06-15 00:00:00-04:00,3.618873060888986,3.6478239320654477,3.5899221897125244,3.5899221897125244,48938,0.0,0.0
1998-06-16 00:00:00-04:00,3.503067970275879,3.532019582886395,3.503067970275879,3.503067970275879,12488,0.0,0.0
1998-06-17 00:00:00-04:00,3.503068625095282,3.6767749786376953,3.503068625095282,3.6767749786376953,22613,0.0,0.0
1998-06-18 00:00:00-04:00,3.560971003333476,3.618873119354248,3.560971003333476,3.618873119354248,14850,0.0,0.0
1998-06-19 00:00:00-04:00,3.5609709458036605,3.5899221897125244,3.5609709458036605,3.5899221897125244,20588,0.0,0.0
1998-06-22 00:00:00-04:00,3.5899221897125244,3.5899221897125244,3.5899221897125244,3.5899221897125244,20250,0.0,0.0
1998-06-23 00:00:00-04:00,3.532020246525654,3.532020246525654,3.4741177558898926,3.4741177558898926,7425,0.0,0.0
1998-06-24 00:00:00-04:00,3.5320193767547607,3.5754453022067585,3.5320193767547607,3.5320193767547607,12150,0.0,0.0
1998-06-25 00:00:00-04:00,3.618873367153356,3.618873367153356,3.5320203735412212,3.5464954376220703,14513,0.0,0.0
1998-06-26 00:00:00-04:00,3.5464944367505407,3.5464944367505407,3.5320193767547607,3.5320193767547607,12825,0.0,0.0
1998-06-29 00:00:00-04:00,3.5320193767547607,3.5899214803995254,3.474116900377667,3.5320193767547607,73913,0.0,0.0
1998-06-30 00:00:00-04:00,3.5609702422109786,3.6478232113119615,3.5320193767547607,3.5320193767547607,25988,0.0,0.0
1998-07-01 00:00:00-04:00,3.5899214803995254,3.6188723458557437,3.5320193767547607,3.5320193767547607,35775,0.0,0.0
1998-07-02 00:00:00-04:00,3.6478234242020053,3.6478234242020053,3.503067970275879,3.503067970275879,15863,0.0,0.0
1998-07-06 00:00:00-04:00,3.503067970275879,3.5899216899103754,3.503067970275879,3.503067970275879,2363,0.0,0.0
1998-07-07 00:00:00-04:00,3.503067970275879,3.5754455108727665,3.503067970275879,3.503067970275879,7425,0.0,0.0
1998-07-08 00:00:00-04:00,3.503067970275879,3.532019582886395,3.503067970275879,3.503067970275879,31050,0.0,0.0
1998-07-09 00:00:00-04:00,3.503067970275879,3.503067970275879,3.503067970275879,3.503067970275879,0,0.0,0.0
1998-07-10 00:00:00-04:00,3.503068457985932,3.6478239320654477,3.503068457985932,3.5899221897125244,41513,0.0,0.0
1998-07-13 00:00:00-04:00,3.4741177558898926,3.4741177558898926,3.4741177558898926,3.4741177558898926,3038,0.0,0.0
1998-07-14 00:00:00-04:00,3.4741177558898926,3.4741177558898926,3.4741177558898926,3.4741177558898926,17888,0.0,0.0
1998-07-15 00:00:00-04:00,3.4741177558898926,3.4741177558898926,3.4741177558898926,3.4741177558898926,1013,0.0,0.0
1998-07-16 00:00:00-04:00,3.474116900377667,3.5320193767547607,3.474116900377667,3.5320193767547607,46913,0.0,0.0
1998-07-17 00:00:00-04:00,3.4741177558898926,3.4741177558898926,3.4741177558898926,3.4741177558898926,1013,0.0,0.0
1998-07-20 00:00:00-04:00,3.6478233757338963,3.676774242495045,3.4885928630828857,3.4885928630828857,7425,0.0,0.0
1998-07-21 00:00:00-04:00,3.5320196768986594,3.7057252571294454,3.4885930022916924,3.5609705448150635,51975,0.0,0.0
1998-07-22 00:00:00-04:00,3.6188732335226446,3.6767749786376953,3.532020243117648,3.6767749786376953,27338,0.0,0.0
1998-07-23 00:00:00-04:00,3.676774680789667,3.676774680789667,3.5609708272081795,3.6478238105773926,16538,0.0,0.0
1998-07-24 00:00:00-04:00,3.6478232113119615,3.6478232113119615,3.5320193767547607,3.5320193767547607,18563,0.0,0.0
1998-07-27 00:00:00-04:00,3.532020074627199,3.5899221897125244,3.474117586809471,3.5899221897125244,27000,0.0,0.0
1998-07-28 00:00:00-04:00,3.5899221897125244,3.5899221897125244,3.474117586809471,3.5899221897125244,15188,0.0,0.0
1998-07-29 00:00:00-04:00,3.474117338686109,3.5609706914771846,3.32936262040986,3.4813554286956787,16538,0.0,0.0
1998-07-30 00:00:00-04:00,3.5609705448150635,3.5609705448150635,3.5609705448150635,3.5609705448150635,5400,0.0,0.0
1998-07-31 00:00:00-04:00,3.4885935649150435,3.4885935649150435,3.4741177558898926,3.4741177558898926,11475,0.0,0.0
1998-08-03 00:00:00-04:00,3.474116900377667,3.6188723458557437,3.300410962175701,3.5320193767547607,4388,0.0,0.0
1998-08-04 00:00:00-04:00,3.589921383491031,3.589921383491031,3.300410873082427,3.41621470451355,13838,0.0,0.0
1998-08-05 00:00:00-04:00,3.5320193767547607,3.5320193767547607,3.3293622003642485,3.5320193767547607,85388,0.0,0.0
1998-08-06 00:00:00-04:00,3.3293624832867477,3.5609705448150635,3.3293624832867477,3.5609705448150635,32738,0.0,0.0
1998-08-07 00:00:00-04:00,3.4741171956011296,3.5609705448150635,3.4741171956011296,3.5609705448150635,16875,0.0,0.0
1998-08-10 00:00:00-04:00,3.560971003333476,3.734676978663384,3.5320201316892943,3.618873119354248,50625,0.0,0.0
1998-08-11 00:00:00-04:00,3.7057256744183706,3.7057256744183706,3.5609709458036605,3.5899221897125244,70538,0.0,0.0
1998-08-12 00:00:00-04:00,3.7346769183272346,3.7346769183272346,3.5899221897125244,3.5899221897125244,45225,0.0,0.0
1998-08-13 00:00:00-04:00,3.5609709458036605,3.7057256744183706,3.5609709458036605,3.5899221897125244,29025,0.0,0.0
1998-08-14 00:00:00-04:00,3.70572566986084,3.70572566986084,3.589922185297416,3.70572566986084,5400,0.0,0.0
1998-08-17 00:00:00-04:00,3.5609709458036605,3.5899221897125244,3.5609709458036605,3.5899221897125244,32400,0.0,0.0
1998-08-18 00:00:00-04:00,3.5609705448150635,3.5609705448150635,3.5609705448150635,3.5609705448150635,675,0.0,0.0
1998-08-19 00:00:00-04:00,3.5609702829684133,3.6043965816497803,3.5609702829684133,3.6043965816497803,37463,0.0,0.0
1998-08-20 00:00:00-04:00,3.5609709458036605,3.5899221897125244,3.5609709458036605,3.5899221897125244,13500,0.0,0.0
1998-08-21 00:00:00-04:00,3.5609711156751733,3.6767749786376953,3.532020243117648,3.6767749786376953,38813,0.0,0.0
1998-08-24 00:00:00-04:00,3.5609705448150635,3.5609705448150635,3.5609705448150635,3.5609705448150635,3713,0.0,0.0
1998-08-25 00:00:00-04:00,3.6478233171720307,3.7057250497647787,3.5899215845792827,3.633347511291504,23288,0.0,0.0
1998-08-26 00:00:00-04:00,3.705725551001941,3.705725551001941,3.6478238105773926,3.6478238105773926,15525,0.0,0.0
1998-08-27 00:00:00-04:00,3.5899221897125244,3.5899221897125244,3.5899221897125244,3.5899221897125244,5400,0.0,0.0
1998-08-28 00:00:00-04:00,3.6478232113119615,3.6478232113119615,3.5320193767547607,3.5320193767547607,33075,0.0,0.0
1998-08-31 00:00:00-04:00,3.503068281821016,3.5320198970063426,3.35831356048584,3.35831356048584,87750,0.0,0.0
1998-09-01 00:00:00-04:00,3.3004112243652344,3.358313332609828,3.3004112243652344,3.3004112243652344,15525,0.0,0.0
1998-09-02 00:00:00-04:00,3.300411114993248,3.329362354522312,3.2425093813998127,3.2569851875305176,19238,0.0,0.0
1998-09-03 00:00:00-04:00,3.242510356791801,3.271461232297343,3.068804544659863,3.083279609680176,44550,0.0,0.0
1998-09-04 00:00:00-04:00,3.2135593704877627,3.2135593704877627,3.1411821842193604,3.1411821842193604,3713,0.0,0.0
1998-09-08 00:00:00-04:00,3.2135587347206154,3.242509603500366,3.1846074932084925,3.242509603500366,35438,0.0,0.0
1998-09-09 00:00:00-04:00,3.300411290573427,3.300411290573427,3.155656576156616,3.155656576156616,3375,0.0,0.0
1998-09-10 00:00:00-04:00,3.0977543063236226,3.141180974087092,3.0977543063236226,3.1267051696777344,22275,0.0,0.0
1998-09-11 00:00:00-04:00,3.082503689005023,3.1406641006469727,3.082503689005023,3.1406641006469727,3713,0.017778,0.0
1998-09-14 00:00:00-04:00,3.1115845773853117,3.1406646951114827,3.0825042724609375,3.0825042724609375,59063,0.0,0.0
1998-09-15 00:00:00-04:00,3.227904839885665,3.2715253829956055,3.169744240537858,3.2715253829956055,10800,0.0,0.0
1998-09-16 00:00:00-04:00,3.2715253829956055,3.2715253829956055,3.2715253829956055,3.2715253829956055,0,0.0,0.0
1998-09-17 00:00:00-04:00,3.2715253829956055,3.2715253829956055,3.2715253829956055,3.2715253829956055,0,0.0,0.0
1998-09-18 00:00:00-04:00,3.2569849491119385,3.2569849491119385,3.2569849491119385,3.2569849491119385,6075,0.0,0.0
1998-09-21 00:00:00-04:00,3.2569849491119385,3.2569849491119385,3.2569849491119385,3.2569849491119385,27000,0.0,0.0
1998-09-22 00:00:00-04:00,3.2860650615586593,3.2860650615586593,3.2569849491119385,3.2569849491119385,48938,0.0,0.0
1998-09-23 00:00:00-04:00,3.315145899633622,3.5114374504065005,3.315145899633622,3.4896273612976074,45900,0.0,0.0
1998-09-24 00:00:00-04:00,3.4460067490981006,3.547787900914372,3.4460067490981006,3.518707036972046,4725,0.0,0.0
1998-09-25 00:00:00-04:00,3.518707036972046,3.518707036972046,3.518707036972046,3.518707036972046,0,0.0,0.0
1998-09-28 00:00:00-04:00,3.4896266882362346,3.533247232437134,3.402385974230785,3.533247232437134,6750,0.0,0.0
1998-09-29 00:00:00-04:00,3.533247232437134,3.533247232437134,3.533247232437134,3.533247232437134,0,0.0,0.0
1998-09-30 00:00:00-04:00,3.533247232437134,3.533247232437134,3.533247232437134,3.533247232437134,0,0.0,0.0
1998-10-01 00:00:00-04:00,3.4314656257629395,3.4314656257629395,3.4314656257629395,3.4314656257629395,5400,0.0,0.0
1998-10-02 00:00:00-04:00,3.4023855164723567,3.489626218740404,3.4023855164723567,3.4314656257629395,15525,0.0,0.0
1998-10-05 00:00:00-04:00,3.4023861122492347,3.5477878073516966,3.3442258834838867,3.3442258834838867,9450,0.0,0.0
1998-10-06 00:00:00-04:00,3.3442258834838867,3.3442258834838867,3.3442258834838867,3.3442258834838867,2700,0.0,0.0
1998-10-07 00:00:00-04:00,3.3733060359954834,3.3733060359954834,3.3733060359954834,3.3733060359954834,5738,0.0,0.0
1998-10-08 00:00:00-04:00,3.34422598219108,3.34422598219108,3.315145492553711,3.315145492553711,15525,0.0,0.0
1998-10-09 00:00:00-04:00,3.3442258834838867,3.3733059978665607,3.3151453947048486,3.3442258834838867,35100,0.0,0.0
1998-10-12 00:00:00-04:00,3.3442258834838867,3.3442258834838867,3.3442258834838867,3.3442258834838867,13163,0.0,0.0
1998-10-13 00:00:00-04:00,3.315145492553711,3.315145492553711,3.315145492553711,3.315145492553711,56025,0.0,0.0
1998-10-14 00:00:00-04:00,3.315145492553711,3.34422598219108,3.315145492553711,3.315145492553711,38813,0.0,0.0
1998-10-15 00:00:00-04:00,3.315145492553711,3.315145492553711,3.315145492553711,3.315145492553711,1013,0.0,0.0
1998-10-16 00:00:00-04:00,3.315145492553711,3.34422598219108,3.315145492553711,3.315145492553711,22275,0.0,0.0
1998-10-19 00:00:00-04:00,3.315145492553711,3.3733060974320743,3.315145492553711,3.315145492553711,4388,0.0,0.0
1998-10-20 00:00:00-04:00,3.3151454321763745,3.431466265418224,3.3151454321763745,3.3733060359954834,12150,0.0,0.0
1998-10-21 00:00:00-04:00,3.4023859769983154,3.547787666320801,3.3733058637716278,3.547787666320801,17550,0.0,0.0
1998-10-22 00:00:00-04:00,3.3442258834838867,3.3442258834838867,3.3442258834838867,3.3442258834838867,1013,0.0,0.0
1998-10-23 00:00:00-04:00,3.3442263940858754,3.5332479152261014,3.3442263940858754,3.3878469467163086,33413,0.0,0.0
1998-10-26 00:00:00-05:00,3.4023866304656147,3.4896273612976074,3.4023866304656147,3.4896273612976074,81675,0.0,0.0
1998-10-27 00:00:00-05:00,3.431466749277472,3.664109197358014,3.431466749277472,3.4896273612976074,45225,0.0,0.0
1998-10-28 00:00:00-05:00,3.4896273612976074,3.4896273612976074,3.4896273612976074,3.4896273612976074,1688,0.0,0.0
1998-10-29 00:00:00-05:00,3.4605467319488525,3.4605467319488525,3.4605467319488525,3.4605467319488525,1013,0.0,0.0
1998-10-30 00:00:00-05:00,3.489626691074727,3.547787666320801,3.489626691074727,3.547787666320801,7425,0.0,0.0
1998-11-02 00:00:00-05:00,3.4896269218224676,3.518707036972046,3.4896269218224676,3.518707036972046,3375,0.0,0.0
1998-11-03 00:00:00-05:00,3.518707036972046,3.518707036972046,3.518707036972046,3.518707036972046,675,0.0,0.0
1998-11-04 00:00:00-05:00,3.4896273612976074,3.4896273612976074,3.4896273612976074,3.4896273612976074,675,0.0,0.0
1998-11-05 00:00:00-05:00,3.4896273612976074,3.4896273612976074,3.4896273612976074,3.4896273612976074,27338,0.0,0.0
1998-11-06 00:00:00-05:00,3.489626962004928,3.6350286626162167,3.489626962004928,3.5768680572509766,122175,0.0,0.0
1998-11-09 00:00:00-05:00,3.635028600692749,3.664108715681794,3.635028600692749,3.635028600692749,23288,0.0,0.0
1998-11-10 00:00:00-05:00,3.576868057250977,3.605948547131786,3.576868057250977,3.5768680572509766,7425,0.0,0.0
1998-11-11 00:00:00-05:00,3.5768679963182874,3.635028600692749,3.5768679963182874,3.635028600692749,7425,0.0,0.0
1998-11-12 00:00:00-05:00,3.6059486865997314,3.6059486865997314,3.6059486865997314,3.6059486865997314,3375,0.0,0.0
1998-11-13 00:00:00-05:00,3.6641089198180667,3.6641089198180667,3.6059486865997314,3.6059486865997314,3713,0.0,0.0
1998-11-16 00:00:00-05:00,3.547787941766546,3.576868057250977,3.547787941766546,3.5768680572509766,23625,0.0,0.0
1998-11-17 00:00:00-05:00,3.547787900914372,3.547787900914372,3.518707036972046,3.518707036972046,5400,0.0,0.0
1998-11-18 00:00:00-05:00,3.518707077489359,3.576868057250977,3.518707077489359,3.5768680572509766,1013,0.0,0.0
1998-11-19 00:00:00-05:00,3.518707077489359,3.576868057250977,3.518707077489359,3.5768680572509766,11138,0.0,0.0
1998-11-20 00:00:00-05:00,3.518707036972046,3.518707036972046,3.518707036972046,3.518707036972046,2025,0.0,0.0
1998-11-23 00:00:00-05:00,3.5187074801094647,3.576868466526021,3.4896273612976074,3.4896273612976074,7088,0.0,0.0
1998-11-24 00:00:00-05:00,3.489626691074727,3.547787666320801,3.489626691074727,3.547787666320801,14850,0.0,0.0
1998-11-25 00:00:00-05:00,3.547787941766546,3.591407740596814,3.489626962004928,3.5768680572509766,73238,0.0,0.0
1998-11-27 00:00:00-05:00,3.4896273612976074,3.4896273612976074,3.4896273612976074,3.4896273612976074,675,0.0,0.0
1998-11-30 00:00:00-05:00,3.4896273612976074,3.547788347714164,3.4896273612976074,3.4896273612976074,33413,0.0,0.0
1998-12-01 00:00:00-05:00,3.460546868089329,3.547788347714164,3.460546868089329,3.4896273612976074,12150,0.0,0.0
1998-12-02 00:00:00-05:00,3.4896266882362346,3.5477876634349994,3.4896266882362346,3.533247232437134,18225,0.0,0.0
1998-12-03 00:00:00-05:00,3.533247232437134,3.533247232437134,3.533247232437134,3.533247232437134,11475,0.0,0.0
1998-12-04 00:00:00-05:00,3.518707036972046,3.547787900914372,3.518707036972046,3.518707036972046,7763,0.0,0.0
1998-12-07 00:00:00-05:00,3.518707036972046,3.518707036972046,3.518707036972046,3.518707036972046,2700,0.0,0.0
1998-12-08 00:00:00-05:00,3.5187074801094647,3.576868466526021,3.4896273612976074,3.4896273612976074,41513,0.0,0.0
1998-12-09 00:00:00-05:00,3.4896273612976074,3.576868466526021,3.4896273612976074,3.4896273612976074,11138,0.0,0.0
1998-12-10 00:00:00-05:00,3.5036417893528466,3.5912332569741747,3.3868537923577526,3.489043712615967,48938,0.017778,0.0
1998-12-11 00:00:00-05:00,3.3868536949157715,3.3868536949157715,3.3868536949157715,3.3868536949157715,4725,0.0,0.0
1998-12-14 00:00:00-05:00,3.3576573962274248,3.5036423206329346,3.34305894137688,3.5036423206329346,16875,0.0,0.0
1998-12-15 00:00:00-05:00,3.5036412057450037,3.5328381061553955,3.5036412057450037,3.5328381061553955,11475,0.0,0.0
1998-12-16 00:00:00-05:00,3.620429976413788,3.6788237779011395,3.416050167608268,3.5620357990264893,38138,0.0,0.0
1998-12-17 00:00:00-05:00,3.5036421843871053,3.6496278549158094,3.5036421843871053,3.6204309463500977,29700,0.0,0.0
1998-12-18 00:00:00-05:00,3.5036421843871053,3.6496278549158094,3.5036421843871053,3.6204309463500977,37463,0.0,0.0
1998-12-21 00:00:00-05:00,3.5474379231357216,3.6204309463500977,3.5474379231357216,3.6204309463500977,30038,0.0,0.0
1998-12-22 00:00:00-05:00,3.562036805284838,3.6350290777639946,3.562036805284838,3.5766348838806152,17888,0.0,0.0
1998-12-23 00:00:00-05:00,3.5766348317014334,3.6350290247329053,3.5766348317014334,3.6204309463500977,59063,0.0,0.0
1998-12-24 00:00:00-05:00,3.5766348838806152,3.5766348838806152,3.5766348838806152,3.5766348838806152,2363,0.0,0.0
1998-12-28 00:00:00-05:00,3.5766348838806152,3.5766348838806152,3.5766348838806152,3.5766348838806152,7763,0.0,0.0
1998-12-29 00:00:00-05:00,3.5766348838806152,3.64962790815988,3.5766348838806152,3.5766348838806152,14513,0.0,0.0
1998-12-30 00:00:00-05:00,3.6788243524317203,3.6788243524317203,3.576634432069722,3.649627447128296,17888,0.0,0.0
1998-12-31 00:00:00-05:00,3.6204302942674067,3.6204302942674067,3.591233015060425,3.591233015060425,15525,0.0,0.0
1999-01-04 00:00:00-05:00,3.591233801536329,3.6204310871374816,3.5036423206329346,3.5036423206329346,71888,0.0,0.0
1999-01-05 00:00:00-05:00,3.5036412057450037,3.6204299350864004,3.5036412057450037,3.5328381061553955,30375,0.0,0.0
1999-01-06 00:00:00-05:00,3.5036421843871053,3.6204309463500977,3.5036421843871053,3.6204309463500977,12150,0.0,0.0
1999-01-07 00:00:00-05:00,3.5620357990264893,3.5912326997701647,3.5036412457392423,3.5620357990264893,25650,0.0,0.0
1999-01-08 00:00:00-05:00,3.5036418910339124,3.5620364550761687,3.5036418910339124,3.554736852645874,25988,0.0,0.0
1999-01-11 00:00:00-05:00,3.5036412457392423,3.605830774242055,3.4744439690956193,3.5620357990264893,16875,0.0,0.0
1999-01-12 00:00:00-05:00,3.5036412457392423,3.5620357990264893,3.4744439690956193,3.5620357990264893,13838,0.0,0.0
1999-01-13 00:00:00-05:00,3.445246934890747,3.5036411100159857,3.445246934890747,3.445246934890747,4050,0.0,0.0
1999-01-14 00:00:00-05:00,3.445246934890747,3.445246934890747,3.445246934890747,3.445246934890747,4050,0.0,0.0
1999-01-15 00:00:00-05:00,3.445248125330693,3.5036423206329346,3.445248125330693,3.5036423206329346,5400,0.0,0.0
1999-01-19 00:00:00-05:00,3.445248125330693,3.5036423206329346,3.445248125330693,3.5036423206329346,10125,0.0,0.0
1999-01-20 00:00:00-05:00,3.5620368918352394,3.5620368918352394,3.4160512156296035,3.5036423206329346,14850,0.0,0.0
1999-01-21 00:00:00-05:00,3.3868536765177955,3.4744443893432617,3.3868536765177955,3.4744443893432617,27338,0.0,0.0
1999-01-22 00:00:00-05:00,3.4160513877868657,3.4160513877868657,3.4160513877868657,3.4160513877868652,3375,0.0,0.0
1999-01-25 00:00:00-05:00,3.4160513877868657,3.4744452101318926,3.386854476614352,3.4160513877868652,11813,0.0,0.0
1999-01-26 00:00:00-05:00,3.4452474850681063,3.50364166951841,3.4452474850681063,3.4744443893432617,3038,0.0,0.0
1999-01-27 00:00:00-05:00,3.41605059934953,3.41605059934953,3.3868536949157715,3.3868536949157715,16200,0.0,0.0
1999-01-28 00:00:00-05:00,3.416050580792951,3.4744443893432617,3.416050580792951,3.4744443893432617,3375,0.0,0.0
1999-01-29 00:00:00-05:00,3.5328380096286387,3.5328380096286387,3.4160500352780945,3.445246934890747,16538,0.0,0.0
1999-02-01 00:00:00-05:00,3.445248298959379,3.503642497204488,3.4160513877868657,3.4160513877868652,29700,0.0,0.0
1999-02-02 00:00:00-05:00,3.4160513877868657,3.4160513877868657,3.4160513877868657,3.4160513877868652,3375,0.0,0.0
1999-02-03 00:00:00-05:00,3.41605059934953,3.41605059934953,3.3868536949157715,3.3868536949157715,6750,0.0,0.0
1999-02-04 00:00:00-05:00,3.3868532668645925,3.5620357990264893,3.3868532668645925,3.5620357990264893,13838,0.0,0.0
1999-02-05 00:00:00-05:00,3.5182400720110283,3.620429976413788,3.5182400720110283,3.5620357990264893,10125,0.0,0.0
1999-02-08 00:00:00-05:00,3.532839211727616,3.6204310680697533,3.532839211727616,3.6058318614959717,23963,0.0,0.0
1999-02-09 00:00:00-05:00,3.5912336315995628,3.7372185490970833,3.5912336315995628,3.708021640777588,9788,0.0,0.0
1999-02-10 00:00:00-05:00,3.5620367533186257,3.6204309463500977,3.5620367533186257,3.6204309463500977,3375,0.0,0.0
1999-02-11 00:00:00-05:00,3.6204309463500977,3.7372185806129448,3.6204309463500977,3.6204309463500977,40500,0.0,0.0
1999-02-12 00:00:00-05:00,3.5620357990264893,3.5620357990264893,3.5620357990264893,3.5620357990264893,44550,0.0,0.0
1999-02-16 00:00:00-05:00,3.708020678644815,3.708020678644815,3.5620357990264893,3.5620357990264893,3038,0.0,0.0
1999-02-17 00:00:00-05:00,3.5620357990264893,3.5620357990264893,3.5620357990264893,3.5620357990264893,2025,0.0,0.0
1999-02-18 00:00:00-05:00,3.5620357990264893,3.635028050885678,3.5620357990264893,3.5620357990264893,55350,0.0,0.0
1999-02-19 00:00:00-05:00,3.5620367533186257,3.6204309463500977,3.5620367533186257,3.6204309463500977,3375,0.0,0.0
1999-02-22 00:00:00-05:00,3.6788243524317203,3.6788243524317203,3.649627447128296,3.649627447128296,5063,0.0,0.0
1999-02-23 00:00:00-05:00,3.562036257579242,3.649627346986108,3.5328386012769597,3.5474374294281006,22950,0.0,0.0
1999-02-24 00:00:00-05:00,3.532839230334024,3.6204310871374816,3.386854305928514,3.5036423206329346,65475,0.0,0.0
1999-02-25 00:00:00-05:00,3.4452470290242774,3.5328381061553955,3.416050128613886,3.5328381061553955,38138,0.0,0.0
1999-02-26 00:00:00-05:00,3.5620357990264893,3.5620357990264893,3.4452470683519434,3.5620357990264893,30713,0.0,0.0
1999-03-01 00:00:00-05:00,3.4452479913556333,3.6496278549158094,3.4452479913556333,3.6204309463500977,49275,0.0,0.0
1999-03-02 00:00:00-05:00,3.6058313373731465,3.649627447128296,3.576634432069722,3.649627447128296,258525,0.0,0.0
1999-03-03 00:00:00-05:00,3.5620357990264893,3.5620357990264893,3.5620357990264893,3.5620357990264893,3713,0.0,0.0
1999-03-04 00:00:00-05:00,3.5620357990264893,3.5620357990264893,3.5620357990264893,3.5620357990264893,2700,0.0,0.0
1999-03-05 00:00:00-05:00,3.6788237779011395,3.6788237779011395,3.5620357990264893,3.5620357990264893,50288,0.0,0.0
1999-03-08 00:00:00-05:00,3.591233782622374,3.6204310680697533,3.5620368730750562,3.6058318614959717,42863,0.0,0.0
1999-03-09 00:00:00-05:00,3.5620357990264893,3.5620357990264893,3.5620357990264893,3.5620357990264893,3038,0.0,0.0
1999-03-10 00:00:00-05:00,3.6299512501186633,3.6299512501186633,3.5714035034179683,3.5714035034179688,48263,0.011852,0.0
1999-03-11 00:00:00-05:00,3.5714035034179683,3.5860399689824956,3.5714035034179683,3.5714035034179688,105975,0.0,0.0
1999-03-12 00:00:00-05:00,3.5933597087860107,3.5933597087860107,3.5933597087860107,3.5933597087860107,5400,0.0,0.0
1999-03-15 00:00:00-05:00,3.5714039590192033,3.600677647659714,3.5421295166015625,3.5421295166015625,114750,0.0,0.0
1999-03-16 00:00:00-05:00,3.5421295166015625,3.5421295166015625,3.5421295166015625,3.5421295166015625,10463,0.0,0.0
1999-03-17 00:00:00-05:00,3.5421295166015625,3.5421295166015625,3.512855827961052,3.5421295166015625,9450,0.0,0.0
1999-03-18 00:00:00-05:00,3.483581762431976,3.5421295166015625,3.395760696510444,3.5421295166015625,24638,0.0,0.0
1999-03-19 00:00:00-05:00,3.3957607746124268,3.3957607746124268,3.3957607746124268,3.3957607746124268,1688,0.0,0.0
1999-03-22 00:00:00-05:00,3.3664864531505896,3.439671039581299,3.3664864531505896,3.439671039581299,22613,0.0,0.0
1999-03-23 00:00:00-05:00,3.36648687688006,3.36648687688006,3.1615703105926514,3.1615703105926514,7425,0.0,0.0
1999-03-24 00:00:00-05:00,3.1615703105926514,3.1615703105926514,3.0444751836982107,3.1615703105926514,20250,0.0,0.0
1999-03-25 00:00:00-05:00,3.044475630667037,3.044475630667037,2.9859280586242676,2.9859280586242676,19913,0.0,0.0
1999-03-26 00:00:00-05:00,2.985927283323384,3.073748712806712,2.985927283323384,3.0444748401641846,110363,0.0,0.0
1999-03-29 00:00:00-05:00,3.1908443117983154,3.1908443117983154,3.044475483012319,3.103023052215576,106988,0.0,0.0
1999-03-30 00:00:00-05:00,3.2493918230569157,3.2493918230569157,3.0737491287654573,3.2054812908172607,11813,0.0,0.0
1999-03-31 00:00:00-05:00,3.2054812187334107,3.2054812187334107,3.1615703105926514,3.1615703105926514,67500,0.0,0.0
1999-04-01 00:00:00-05:00,3.103022747145431,3.176207531231938,3.103022747145431,3.1615703105926514,132975,0.0,0.0
1999-04-05 00:00:00-04:00,3.103022747145431,3.1615703105926514,3.103022747145431,3.1615703105926514,10125,0.0,0.0
1999-04-06 00:00:00-04:00,3.103022747145431,3.1615703105926514,3.0444751836982107,3.1615703105926514,23963,0.0,0.0
1999-04-07 00:00:00-04:00,3.161570370930326,3.1908440589904785,3.132296682870173,3.1908440589904785,17888,0.0,0.0
1999-04-08 00:00:00-04:00,3.190844499070923,3.190844499070923,3.073749542236328,3.073749542236328,2363,0.0,0.0
1999-04-09 00:00:00-04:00,3.0444751836982107,3.1615703105926514,3.0444751836982107,3.1615703105926514,17550,0.0,0.0
1999-04-12 00:00:00-04:00,3.161570136522035,3.161570136522035,3.0152013301849365,3.0152013301849365,19913,0.0,0.0
1999-04-13 00:00:00-04:00,3.015201155965911,3.073748712806712,3.015201155965911,3.0444748401641846,38813,0.0,0.0
1999-04-14 00:00:00-04:00,3.0152016272484654,3.04447531602228,2.9273803724827387,2.942016839981079,32738,0.0,0.0
1999-04-15 00:00:00-04:00,2.927379720466169,3.044474637925108,2.5760936489796613,2.8102846145629883,47588,0.0,0.0
1999-04-16 00:00:00-04:00,2.6931894288467904,2.898106575012207,2.6639155508231593,2.898106575012207,120825,0.0,0.0
1999-04-19 00:00:00-04:00,2.898107483605041,2.985928768320424,2.8102861988896572,2.9712915420532227,9788,0.0,0.0
1999-04-20 00:00:00-04:00,2.78101143980626,2.927380453035838,2.7517369964497633,2.898106575012207,70200,0.0,0.0
1999-04-21 00:00:00-04:00,2.9273800840715305,3.0152013301849365,2.9273800840715305,3.0152013301849365,7425,0.0,0.0
1999-04-22 00:00:00-04:00,2.9859281573598784,3.0152020385714136,2.839559316635132,2.839559316635132,18225,0.0,0.0
1999-04-23 00:00:00-04:00,3.0444748401641846,3.1030223970049855,3.0444748401641846,3.0444748401641846,30375,0.0,0.0
1999-04-26 00:00:00-04:00,2.9566544932986347,3.044475760897272,2.9273808002471924,2.9273808002471924,36788,0.0,0.0
1999-04-27 00:00:00-04:00,2.9273808002471924,2.9273808002471924,2.9273808002471924,2.9273808002471924,2700,0.0,0.0
1999-04-28 00:00:00-04:00,2.9273808002471924,2.9273808002471924,2.9273808002471924,2.9273808002471924,1350,0.0,0.0
1999-04-29 00:00:00-04:00,3.0444748401641846,3.0444748401641846,3.0444748401641846,3.0444748401641846,5063,0.0,0.0
1999-04-30 00:00:00-04:00,3.044475630667037,3.103023202709806,2.9566543668250342,2.9859280586242676,39150,0.0,0.0
1999-05-03 00:00:00-04:00,2.9859280586242676,2.9859280586242676,2.9859280586242676,2.9859280586242676,28688,0.0,0.0
1999-05-04 00:00:00-04:00,3.0444748401641846,3.0444748401641846,3.0444748401641846,3.0444748401641846,18563,0.0,0.0
1999-05-05 00:00:00-04:00,3.044474637925108,3.103022190876698,2.8102846145629883,2.8102846145629883,93825,0.0,0.0
1999-05-06 00:00:00-04:00,3.044475760897272,3.044475760897272,2.868833225699997,2.9273808002471924,33413,0.0,0.0
1999-05-07 00:00:00-04:00,2.9859280586242676,2.9859280586242676,2.9859280586242676,2.9859280586242676,675,0.0,0.0
1999-05-10 00:00:00-04:00,3.0152017102181534,3.0152017102181534,2.898106575012207,2.898106575012207,7763,0.0,0.0
1999-05-11 00:00:00-04:00,3.0444757313386392,3.0444757313386392,2.839559316635132,2.839559316635132,26663,0.0,0.0
1999-05-12 00:00:00-04:00,2.8395588865709325,2.883469230627039,2.693189314237291,2.751736879348755,361800,0.0,0.0
1999-05-13 00:00:00-04:00,2.693189335099836,2.7810113430023193,2.5175466384048453,2.7810113430023193,131288,0.0,0.0
1999-05-14 00:00:00-04:00,2.7810118116480487,2.8688332690170295,2.7663745880126953,2.7663745880126953,33413,0.0,0.0
1999-05-17 00:00:00-04:00,2.8688328986310396,2.8688328986310396,2.7224631309509277,2.7224631309509277,8775,0.0,0.0
1999-05-18 00:00:00-04:00,2.7224632888629103,2.868833065032959,2.7078268200455167,2.868833065032959,18225,0.0,0.0
1999-05-19 00:00:00-04:00,2.737099843596078,2.8102846145629883,2.737099843596078,2.8102846145629883,8100,0.0,0.0
1999-05-20 00:00:00-04:00,2.751736708655418,2.9566538333892822,2.6931891471757257,2.9566538333892822,96863,0.0,0.0
1999-05-21 00:00:00-04:00,2.868833102983032,2.9859280586242676,2.868833102983032,2.9859280586242676,10463,0.0,0.0
1999-05-24 00:00:00-04:00,2.868833065032959,2.985928019125216,2.868833065032959,2.868833065032959,8438,0.0,0.0
1999-05-25 00:00:00-04:00,2.868833102983032,2.9859280586242676,2.868833102983032,2.9859280586242676,1688,0.0,0.0
1999-05-26 00:00:00-04:00,2.9859281059523086,3.0005645751953125,2.942017190668849,3.0005645751953125,4050,0.0,0.0
1999-05-27 00:00:00-04:00,2.9712903996117035,3.1615703105926514,2.9712903996117035,3.1615703105926514,97875,0.0,0.0
1999-05-28 00:00:00-04:00,2.927381079620036,3.1322975158691406,2.927381079620036,3.1322975158691406,34088,0.0,0.0
1999-06-01 00:00:00-04:00,2.9566550695634124,3.0444763542787956,2.9566550695634124,2.9712915420532227,10800,0.0,0.0
1999-06-02 00:00:00-04:00,3.044475053415163,3.044475053415163,2.9566538062246286,3.037156820297241,5400,0.0,0.0
1999-06-03 00:00:00-04:00,2.9566543969574277,3.073749542236328,2.9566543969574277,3.073749542236328,6750,0.0,0.0
1999-06-04 00:00:00-04:00,2.898106575012207,3.044475399797496,2.898106575012207,2.898106575012207,18900,0.0,0.0
1999-06-07 00:00:00-04:00,2.898106918751439,3.044475760897272,2.898106918751439,2.9273808002471924,12825,0.0,0.0
1999-06-08 00:00:00-04:00,3.015201986659846,3.015201986659846,2.9859281059523086,3.0005645751953125,19913,0.0,0.0
1999-06-09 00:00:00-04:00,3.0246442968509886,3.0833752155303955,3.0246442968509886,3.0833752155303955,35775,0.011852,0.0
1999-06-10 00:00:00-04:00,2.9365481632763544,3.142106294631958,2.9365481632763544,3.142106294631958,7763,0.0,0.0
1999-06-11 00:00:00-04:00,3.142106294631958,3.142106294631958,3.0540098175978123,3.142106294631958,31050,0.0,0.0
1999-06-14 00:00:00-04:00,3.142106294631958,3.142106294631958,3.1127407392757624,3.142106294631958,25313,0.0,0.0
1999-06-15 00:00:00-04:00,3.142106294631958,3.142106294631958,2.9952788959198626,3.142106294631958,6413,0.0,0.0
1999-06-16 00:00:00-04:00,2.9952785231914802,3.054009437561035,2.9952785231914802,3.054009437561035,2363,0.0,0.0
1999-06-17 00:00:00-04:00,3.0540091803739347,3.1421056390266138,3.0540091803739347,3.0980570316314697,41175,0.0,0.0
1999-06-18 00:00:00-04:00,3.024644413008861,3.5238571464382744,3.024644413008861,3.303616523742676,191025,0.0,0.0
1999-06-21 00:00:00-04:00,3.465126476115384,3.5972713957953855,3.465126476115384,3.523857593536377,32063,0.0,0.0
1999-06-22 00:00:00-04:00,3.597271678736643,3.7881477308508784,3.597271678736643,3.729416608810425,77625,0.0,0.0
1999-06-23 00:00:00-04:00,3.6413204928531786,3.7881477308508784,3.6413204928531786,3.729416608810425,39825,0.0,0.0
1999-06-24 00:00:00-04:00,3.582589370812725,3.729416608810425,3.523857870703315,3.729416608810425,88088,0.0,0.0
1999-06-25 00:00:00-04:00,3.670684841010724,3.670684841010724,3.611953735351563,3.6119537353515625,13500,0.0,0.0
1999-06-28 00:00:00-04:00,3.5825891107987413,3.64132022857666,3.5825891107987413,3.64132022857666,18900,0.0,0.0
1999-06-29 00:00:00-04:00,3.6560018062591553,3.6706848663268508,3.6560018062591553,3.6560018062591553,11138,0.0,0.0
1999-06-30 00:00:00-04:00,3.656001992057813,3.670685052871704,3.656001992057813,3.670685052871704,11475,0.0,0.0
1999-07-01 00:00:00-04:00,3.6853673458099365,3.714732711206444,3.6853673458099365,3.6853673458099365,7425,0.0,0.0
1999-07-02 00:00:00-04:00,3.6853671448394505,3.6853671448394505,3.5825883715564077,3.6119537353515625,13500,0.0,0.0
1999-07-06 00:00:00-04:00,3.685367882892411,3.7587816851514195,3.523857593536377,3.523857593536377,39150,0.0,0.0
1999-07-07 00:00:00-04:00,3.523857593536377,3.523857593536377,3.523857593536377,3.523857593536377,1688,0.0,0.0
1999-07-08 00:00:00-04:00,3.5238559352882093,3.5238559352882093,3.4357594896474106,3.4651248455047607,13163,0.0,0.0
1999-07-09 00:00:00-04:00,3.523857593536377,3.523857593536377,3.523857593536377,3.523857593536377,1350,0.0,0.0
1999-07-12 00:00:00-04:00,3.523857593536377,3.523857593536377,3.377030367087286,3.523857593536377,96863,0.0,0.0
1999-07-13 00:00:00-04:00,3.5238571839741204,3.5825886726379395,3.5238571839741204,3.5825886726379395,10463,0.0,0.0
1999-07-14 00:00:00-04:00,3.4651260733791838,3.5825886726379395,3.4651260733791838,3.5825886726379395,5063,0.0,0.0
1999-07-15 00:00:00-04:00,3.5825883715564077,3.626636039180289,3.5825883715564077,3.6119537353515625,44888,0.0,0.0
1999-07-16 00:00:00-04:00,3.611953735351563,3.626636039180289,3.5825883715564077,3.6119537353515625,70200,0.0,0.0
1999-07-19 00:00:00-04:00,3.5825890890262957,3.6413202064472885,3.523857593536377,3.523857593536377,28688,0.0,0.0
1999-07-20 00:00:00-04:00,3.5825885783327225,3.758781149341813,3.5825885783327225,3.670685052871704,38475,0.0,0.0
1999-07-21 00:00:00-04:00,3.70005051575893,3.7294158820219567,3.5825886726379395,3.5825886726379395,23625,0.0,0.0
1999-07-22 00:00:00-04:00,3.5825885508593265,3.611953916124172,3.5385401248931885,3.5385401248931885,20250,0.0,0.0
1999-07-23 00:00:00-04:00,3.5825891107987413,3.64132022857666,3.5825891107987413,3.64132022857666,10800,0.0,0.0
1999-07-26 00:00:00-04:00,3.523857593536377,3.5532229632124097,3.465126476115384,3.523857593536377,22275,0.0,0.0
1999-07-27 00:00:00-04:00,3.465126570935237,3.553223060442938,3.406395829976061,3.4577856063842773,72563,0.0,0.0
1999-07-28 00:00:00-04:00,3.4798080706742716,3.4798080706742716,3.3770289421081543,3.3770289421081543,27675,0.0,0.0
1999-07-29 00:00:00-04:00,3.23020247673042,3.465126169488267,3.23020247673042,3.406395435333252,61425,0.0,0.0
1999-07-30 00:00:00-04:00,3.4063948467481615,3.4504432678222656,3.4063948467481615,3.4504432678222656,7763,0.0,0.0
1999-08-02 00:00:00-04:00,3.4357611064393514,3.523857593536377,3.4357611064393514,3.523857593536377,72900,0.0,0.0
1999-08-03 00:00:00-04:00,3.4944918155670166,3.4944918155670166,3.4944918155670166,3.4944918155670166,3713,0.0,0.0
1999-08-04 00:00:00-04:00,3.5532212911455594,3.5532212911455594,3.4651248455047607,3.4651248455047607,10125,0.0,0.0
1999-08-05 00:00:00-04:00,3.4651264461449696,3.4944918155670166,3.435761076722922,3.4944918155670166,40500,0.0,0.0
1999-08-06 00:00:00-04:00,3.494491829328705,3.494491829328705,3.4504441530910928,3.479809522628784,6413,0.0,0.0
1999-08-09 00:00:00-04:00,3.479809522628784,3.479809522628784,3.479809522628784,3.479809522628784,0,0.0,0.0
1999-08-10 00:00:00-04:00,3.47246795977974,3.494491226999108,3.435760498046875,3.435760498046875,3038,0.0,0.0
1999-08-11 00:00:00-04:00,3.435760208751679,3.4651255707551964,3.435760208751679,3.4504432678222656,31725,0.0,0.0
1999-08-12 00:00:00-04:00,3.4504438640184065,3.4504438640184065,3.2595682218768207,3.406395435333252,22275,0.0,0.0
1999-08-13 00:00:00-04:00,3.288933277130127,3.288933277130127,3.288933277130127,3.288933277130127,2363,0.0,0.0
1999-08-16 00:00:00-04:00,3.3770289421081543,3.3770289421081543,3.3770289421081543,3.3770289421081543,1688,0.0,0.0
1999-08-17 00:00:00-04:00,3.3770296838000338,3.3770296838000338,3.2889332145279018,3.318298578262329,22613,0.0,0.0
1999-08-18 00:00:00-04:00,3.288933277130127,3.288933277130127,3.288933277130127,3.288933277130127,70875,0.0,0.0
1999-08-19 00:00:00-04:00,3.2889332145279018,3.3476639419967564,3.2889332145279018,3.318298578262329,49950,0.0,0.0
1999-08-20 00:00:00-04:00,3.318298578262329,3.318298578262329,3.318298578262329,3.318298578262329,2025,0.0,0.0
1999-08-23 00:00:00-04:00,3.288933277130127,3.288933277130127,3.2595679128367534,3.288933277130127,16200,0.0,0.0
1999-08-24 00:00:00-04:00,3.2595679128367534,3.288933277130127,3.2595679128367534,3.288933277130127,52988,0.0,0.0
1999-08-25 00:00:00-04:00,3.288933277130127,3.288933277130127,3.2595679128367534,3.288933277130127,21938,0.0,0.0
1999-08-26 00:00:00-04:00,3.2742509730522977,3.288933277130127,3.2595679128367534,3.288933277130127,25988,0.0,0.0
1999-08-27 00:00:00-04:00,3.288933288319676,3.288933288319676,3.2742509841918945,3.2742509841918945,12825,0.0,0.0
1999-08-30 00:00:00-04:00,3.288933288319676,3.288933288319676,3.2742509841918945,3.2742509841918945,46238,0.0,0.0
1999-08-31 00:00:00-04:00,3.2742509730522977,3.288933277130127,3.2742509730522977,3.288933277130127,18563,0.0,0.0
1999-09-01 00:00:00-04:00,3.288933288319676,3.288933288319676,3.2742509841918945,3.2742509841918945,17550,0.0,0.0
1999-09-02 00:00:00-04:00,3.259568214416504,3.259568214416504,3.259568214416504,3.259568214416504,14850,0.0,0.0
1999-09-03 00:00:00-04:00,3.2302021814642576,3.2742509841918945,3.2302021814642576,3.2742509841918945,6413,0.0,0.0
1999-09-07 00:00:00-04:00,3.1714725494384766,3.1714725494384766,3.1714725494384766,3.1714725494384766,5400,0.0,0.0
1999-09-08 00:00:00-04:00,3.1714725494384766,3.20083792398691,3.1714725494384766,3.1714725494384766,7425,0.0,0.0
1999-09-09 00:00:00-04:00,3.2889341164937242,3.2889341164937242,2.9365487098693848,2.9365487098693848,35775,0.0,0.0
1999-09-10 00:00:00-04:00,3.200836863854777,3.200836863854777,2.9365480133490944,3.0833752155303955,99563,0.0,0.0
1999-09-13 00:00:00-04:00,3.05401006702513,3.112740993499756,2.965913771830419,3.112740993499756,8100,0.0,0.0
1999-09-14 00:00:00-04:00,2.9952785231914802,3.054009437561035,2.907182246154357,3.054009437561035,20925,0.0,0.0
1999-09-15 00:00:00-04:00,3.063437108226651,3.1812615394592285,3.063437108226651,3.1812615394592285,21600,0.011852,0.0
1999-09-16 00:00:00-04:00,3.210717552458391,3.210717552458391,3.1812615394592285,3.1812615394592285,8775,0.0,0.0
1999-09-17 00:00:00-04:00,3.1812615394592285,3.1812615394592285,3.1812615394592285,3.1812615394592285,5400,0.0,0.0
1999-09-20 00:00:00-04:00,2.945612866612038,3.1812615394592285,2.8277884353794605,3.1812615394592285,63788,0.0,0.0
1999-09-21 00:00:00-04:00,3.004524091035818,3.18126069073327,3.004524091035818,3.1518046855926514,74588,0.0,0.0
1999-09-22 00:00:00-04:00,3.2254459381939,3.2254459381939,3.1812615394592285,3.1812615394592285,20925,0.0,0.0
1999-09-23 00:00:00-04:00,3.1223485469818115,3.1223485469818115,3.1223485469818115,3.1223485469818115,3038,0.0,0.0
1999-09-24 00:00:00-04:00,3.063436346023271,3.15180474227004,3.063436346023271,3.1223485469818115,41513,0.0,0.0
1999-09-27 00:00:00-04:00,3.063436239142904,3.1518046323065843,3.063436239142904,3.0781638622283936,61088,0.0,0.0
1999-09-28 00:00:00-04:00,3.0339802393953126,3.0339802393953126,2.8277876377105713,2.8277876377105713,58050,0.0,0.0
1999-09-29 00:00:00-04:00,2.8867000154757623,2.9308836460113525,2.8425154368505603,2.9308836460113525,45225,0.0,0.0
1999-09-30 00:00:00-04:00,3.0045233477210727,3.0045233477210727,2.9161551645434645,2.989794969558716,5063,0.0,0.0
1999-10-01 00:00:00-04:00,3.033980634962974,3.0634366434935663,2.9750684282838544,3.019252061843872,16200,0.0,0.0
1999-10-04 00:00:00-04:00,2.916156126016721,2.9750683307647705,2.916156126016721,2.9750683307647705,10800,0.0,0.0
1999-10-05 00:00:00-04:00,3.0634366547455825,3.0928928530023025,2.9456124305725098,2.9456124305725098,56700,0.0,0.0
1999-10-06 00:00:00-04:00,2.9750678752980924,2.9750678752980924,2.886699676513672,2.886699676513672,43200,0.0,0.0
1999-10-07 00:00:00-04:00,2.886700140112435,2.886700140112435,2.7983317375183105,2.7983317375183105,9450,0.0,0.0
1999-10-08 00:00:00-04:00,2.827787480784758,2.886699676513672,2.783602907347798,2.886699676513672,10463,0.0,0.0
1999-10-11 00:00:00-04:00,2.827787480784758,2.886699676513672,2.7983312881113513,2.886699676513672,78638,0.0,0.0
1999-10-12 00:00:00-04:00,2.8277876377105713,2.8572436424007157,2.8277876377105713,2.8277876377105713,6075,0.0,0.0
1999-10-13 00:00:00-04:00,2.827786627992633,2.827786627992633,2.768873691558838,2.768873691558838,14175,0.0,0.0
1999-10-14 00:00:00-04:00,2.7394185066223145,2.7394185066223145,2.7394185066223145,2.7394185066223145,10463,0.0,0.0
1999-10-15 00:00:00-04:00,2.7394179173346265,2.7688741055287065,2.6952342987060547,2.6952342987060547,49613,0.0,0.0
1999-10-18 00:00:00-04:00,2.621593475341797,2.621593475341797,2.592137477534711,2.621593475341797,41175,0.0,0.0
1999-10-19 00:00:00-04:00,2.562681390278719,2.5921373870576603,2.3859448407514936,2.4743130207061768,63450,0.0,0.0
1999-10-20 00:00:00-04:00,2.5037695357016423,2.562681726609113,2.4743133454389645,2.5332255363464355,78975,0.0,0.0
1999-10-21 00:00:00-04:00,2.5921383249184937,2.5921383249184937,2.503770112991333,2.503770112991333,16200,0.0,0.0
1999-10-22 00:00:00-04:00,2.5037688800226383,2.518497255723784,2.120839834213257,2.120839834213257,104625,0.0,0.0
1999-10-25 00:00:00-04:00,2.4154017705067474,2.4154017705067474,2.1797531363996834,2.2386653423309326,51300,0.0,0.0
1999-10-26 00:00:00-04:00,2.179752009692995,2.2386641851727336,2.120839834213257,2.120839834213257,60750,0.0,0.0
1999-10-27 00:00:00-04:00,2.2386654777827553,2.356489896774292,2.2386654777827553,2.356489896774292,43875,0.0,0.0
1999-10-28 00:00:00-04:00,2.297577687278524,2.4743141261478847,2.1502972583480746,2.356489896774292,51975,0.0,0.0
1999-10-29 00:00:00-04:00,2.2386652875919224,2.503770112991333,2.2386652875919224,2.503770112991333,23288,0.0,0.0
1999-11-01 00:00:00-05:00,2.4301297664642334,2.444857387809985,2.356489194702935,2.4301297664642334,20925,0.0,0.0
1999-11-02 00:00:00-05:00,2.3564891532419074,2.5332255363464355,2.3564891532419074,2.5332255363464355,22613,0.0,0.0
1999-11-03 00:00:00-05:00,2.4743133454389645,2.5332255363464355,2.4743133454389645,2.5332255363464355,24975,0.0,0.0
1999-11-04 00:00:00-05:00,2.385944773804309,2.6215933102773583,2.3712163965923825,2.4006731510162354,65813,0.0,0.0
1999-11-05 00:00:00-05:00,2.371217176491844,2.6510503677849706,2.371217176491844,2.3859455585479736,35438,0.0,0.0
1999-11-08 00:00:00-05:00,2.489041587949226,2.5921373870576603,2.4743130207061768,2.4743130207061768,47925,0.0,0.0
1999-11-09 00:00:00-05:00,2.651050450889219,2.651050450889219,2.356489626777835,2.3712172508239746,99563,0.0,0.0
1999-11-10 00:00:00-05:00,2.5626820493671687,2.6510502520490027,2.3859454543855927,2.4154014587402344,96863,0.0,0.0
1999-11-11 00:00:00-05:00,2.474312697473852,2.474312697473852,2.120839834213257,2.120839834213257,128250,0.0,0.0
1999-11-12 00:00:00-05:00,2.1797528405374926,2.3859454385009666,1.723183069519019,1.767366886138916,142425,0.0,0.0
1999-11-15 00:00:00-05:00,1.914647597321538,2.356489817301432,1.8115515660122699,2.2092092037200928,190013,0.0,0.0
1999-11-16 00:00:00-05:00,2.2239369302474374,2.356489924629101,2.1797532940526865,2.341761350631714,70875,0.0,0.0
1999-11-17 00:00:00-05:00,2.3417612312784217,2.4595864041292512,2.3417612312784217,2.378582000732422,70875,0.0,0.0
1999-11-18 00:00:00-05:00,2.459586141503204,2.503769960346176,2.356489552907381,2.3859455585479736,334463,0.0,0.0
1999-11-19 00:00:00-05:00,2.3859455604788273,2.4595861434936523,2.3564895548143974,2.4595861434936523,156263,0.0,0.0
1999-11-22 00:00:00-05:00,2.4743131070706363,2.621593475341797,2.4743131070706363,2.621593475341797,70875,0.0,0.0
1999-11-23 00:00:00-05:00,2.621593757688571,2.709962139862873,2.2681207978450226,2.518497943878174,115763,0.0,0.0
1999-11-24 00:00:00-05:00,2.4154014587402344,2.4448576527127845,2.4154014587402344,2.4154014587402344,70200,0.0,0.0
1999-11-26 00:00:00-05:00,2.5626819714787867,2.7688745645481303,2.5626819714787867,2.7099623680114746,152213,0.0,0.0
1999-11-29 00:00:00-05:00,2.7099628343889863,3.004524436619253,2.7099628343889863,2.8572440147399902,61425,0.0,0.0
1999-11-30 00:00:00-05:00,2.8572436424007157,2.9456120357069695,2.8277876377105713,2.8277876377105713,106988,0.0,0.0
1999-12-01 00:00:00-05:00,3.3285404582918434,3.3285404582918434,2.857243138965011,3.004523515701294,193388,0.0,0.0
1999-12-02 00:00:00-05:00,3.004524436619253,3.004524436619253,2.7099628343889863,2.8572440147399902,111375,0.0,0.0
1999-12-03 00:00:00-05:00,2.9161558634233744,2.9161558634233744,2.6510503022665644,2.7394185066223145,61425,0.0,0.0
1999-12-06 00:00:00-05:00,2.739419158109991,2.813059756758439,2.651050932738541,2.680506944656372,62438,0.0,0.0
1999-12-07 00:00:00-05:00,2.8277873435163037,2.8277873435163037,2.5921378135681152,2.5921378135681152,41850,0.0,0.0
1999-12-08 00:00:00-05:00,2.6068661212921143,2.739418124929954,2.592137741652139,2.6068661212921143,34088,0.0,0.0
1999-12-09 00:00:00-05:00,2.6510496627667486,2.709961847998786,2.4743131070706363,2.621593475341797,130275,0.0,0.0
1999-12-10 00:00:00-05:00,2.489041997496291,2.709962199306428,2.489041997496291,2.5921378135681152,85725,0.0,0.0
1999-12-13 00:00:00-05:00,2.6015983898373745,2.66072559569346,2.379871129989624,2.379871129989624,58050,0.011852,0.0
1999-12-14 00:00:00-05:00,2.41682566071673,2.41682566071673,2.379870711567871,2.394652843475342,30375,0.0,0.0
1999-12-15 00:00:00-05:00,2.424216784562962,2.424216784562962,2.23205303151377,2.305962562561035,66488,0.0,0.0
1999-12-16 00:00:00-05:00,2.3207439359026454,2.3650897687169707,2.2911802376697055,2.305962562561035,25313,0.0,0.0
1999-12-17 00:00:00-05:00,2.305962562561035,2.335526070484031,2.305962562561035,2.305962562561035,60750,0.0,0.0
1999-12-20 00:00:00-05:00,2.3059616409591928,2.3650888234843275,2.0694529108586543,2.128580093383789,284513,0.0,0.0
1999-12-21 00:00:00-05:00,2.0990165972761554,2.1877072759089238,2.0990165972761554,2.128580093383789,103613,0.0,0.0
1999-12-22 00:00:00-05:00,2.1877082213316865,2.2468354294087702,2.1285810132546032,2.15814471244812,158288,0.0,0.0
1999-12-23 00:00:00-05:00,2.176621554369584,2.217271566390991,2.158144552992488,2.217271566390991,124200,0.0,0.0
1999-12-27 00:00:00-05:00,2.217271566390991,2.232052939120745,2.1877080596917393,2.217271566390991,330413,0.0,0.0
1999-12-28 00:00:00-05:00,2.1877083778381348,2.2468355901451194,2.1877083778381348,2.1877083778381348,156938,0.0,0.0
1999-12-29 00:00:00-05:00,2.217271566390991,2.232052939120745,2.1877080596917393,2.217271566390991,125888,0.0,0.0
1999-12-30 00:00:00-05:00,2.1729262417189523,2.2468355901451194,2.09901765453264,2.1877083778381348,156938,0.0,0.0
1999-12-31 00:00:00-05:00,2.2172718888366454,2.2468355901451194,2.12858116553115,2.1877083778381348,240300,0.0,0.0
2000-01-03 00:00:00-05:00,2.1877082610490595,2.246835470199585,2.1877082610490595,2.246835470199585,126900,0.0,0.0
2000-01-04 00:00:00-05:00,2.1877080596917393,2.246835263400179,2.1877080596917393,2.217271566390991,205875,0.0,0.0
2000-01-05 00:00:00-05:00,2.1877082213316865,2.2172717302152534,2.1285810132546032,2.15814471244812,182588,0.0,0.0
2000-01-06 00:00:00-05:00,2.246835333656194,2.365089744770755,2.209880949126607,2.2616167068481445,185625,0.0,0.0
2000-01-07 00:00:00-05:00,2.246835321853802,2.4242167472839355,2.246835321853802,2.4242167472839355,111713,0.0,0.0
2000-01-10 00:00:00-05:00,2.305962582943047,2.3503074645996094,2.2763988844487986,2.3503074645996094,121500,0.0,0.0
2000-01-11 00:00:00-05:00,2.2763990178086098,2.33552622795105,2.2468355078923685,2.33552622795105,55350,0.0,0.0
2000-01-12 00:00:00-05:00,2.305962562561035,2.335526070484031,2.305962562561035,2.305962562561035,27675,0.0,0.0
2000-01-13 00:00:00-05:00,2.2837894857347982,2.45378041267395,2.2837894857347982,2.45378041267395,46238,0.0,0.0
2000-01-14 00:00:00-05:00,2.4094357189927673,2.8381083514225813,2.4094357189927673,2.719853162765503,199800,0.0,0.0
2000-01-18 00:00:00-05:00,2.6459443915004304,2.6459443915004304,2.6015985560773327,2.6163806915283203,82350,0.0,0.0
2000-01-19 00:00:00-05:00,2.645944609842842,2.6902894973754883,2.645944609842842,2.6902894973754883,292275,0.0,0.0
2000-01-20 00:00:00-05:00,2.7050718243562635,2.7050718243562635,2.6607259852737632,2.6902894973754883,61763,0.0,0.0
2000-01-21 00:00:00-05:00,2.6902894607562176,2.734635299235098,2.6607259490569004,2.719853162765503,146138,0.0,0.0
2000-01-24 00:00:00-05:00,2.6902890446316,2.7346348762512207,2.6902890446316,2.7346348762512207,213300,0.0,0.0
2000-01-25 00:00:00-05:00,2.734634740689136,2.7494161128997803,2.7198526072387748,2.7494161128997803,29025,0.0,0.0
2000-01-26 00:00:00-05:00,2.7346348762512207,2.7494162491946113,2.6902890446316,2.7346348762512207,89100,0.0,0.0
2000-01-27 00:00:00-05:00,2.7494166744648205,2.764199001244384,2.6902894607562176,2.719853162765503,170100,0.0,0.0
2000-01-28 00:00:00-05:00,2.6607257361519965,2.7789801541067667,2.6607257361519965,2.7641987800598145,114750,0.0,0.0
2000-01-31 00:00:00-05:00,2.764198169091378,2.778979539871216,2.7198523439626663,2.778979539871216,62438,0.0,0.0
2000-02-01 00:00:00-05:00,2.764198169091378,2.808543803910179,2.7346344759821477,2.778979539871216,122175,0.0,0.0
2000-02-02 00:00:00-05:00,2.7494166744648205,2.7494166744648205,2.6902894607562176,2.719853162765503,72225,0.0,0.0
2000-02-03 00:00:00-05:00,2.6607258508561773,2.7641988992247297,2.645944476171999,2.7050716876983643,89100,0.0,0.0
2000-02-04 00:00:00-05:00,2.6015987353482974,2.7494166744648205,2.6015987353482974,2.719853162765503,281138,0.0,0.0
2000-02-07 00:00:00-05:00,2.6755080855264954,2.719853162765503,2.631162247047615,2.719853162765503,303750,0.0,0.0
2000-02-08 00:00:00-05:00,2.6902893612709398,2.6902893612709398,2.4537807054924445,2.4685628414154053,22613,0.0,0.0
2000-02-09 00:00:00-05:00,2.4685619864229054,2.4685619864229054,2.335525473533239,2.4094347953796387,18225,0.0,0.0
2000-02-10 00:00:00-05:00,2.453780859452652,2.453780859452652,2.187708486063654,2.3650901317596436,36788,0.0,0.0
2000-02-11 00:00:00-05:00,2.3650895266250354,2.3650895266250354,2.232052803039551,2.232052803039551,13838,0.0,0.0
2000-02-14 00:00:00-05:00,2.1877083778381348,2.1877083778381348,2.1581448668396246,2.1877083778381348,5400,0.0,0.0
2000-02-15 00:00:00-05:00,2.232052939120745,2.232052939120745,2.1877080596917393,2.217271566390991,20925,0.0,0.0
2000-02-16 00:00:00-05:00,2.2320530089145336,2.2616167068481445,2.2320530089145336,2.2616167068481445,63113,0.0,0.0
2000-02-17 00:00:00-05:00,2.261616525505992,2.3059623543155605,2.261616525505992,2.2763986587524414,52988,0.0,0.0
2000-02-18 00:00:00-05:00,2.2911800307591843,2.2911800307591843,2.2763986587524414,2.2763986587524414,18225,0.0,0.0
2000-02-22 00:00:00-05:00,2.2911804760229577,2.2911804760229577,2.1581448668396246,2.1877083778381348,44888,0.0,0.0
2000-02-23 00:00:00-05:00,2.158144751628774,2.30596267935011,2.158144751628774,2.246835470199585,51300,0.0,0.0
2000-02-24 00:00:00-05:00,2.3207437992095947,2.424216641775306,2.305962426738615,2.3207437992095947,16875,0.0,0.0
2000-02-25 00:00:00-05:00,2.2468352240653036,2.3207437992095947,2.2468352240653036,2.3207437992095947,675,0.0,0.0
2000-02-28 00:00:00-05:00,2.2911804760229577,2.2911804760229577,2.1877083778381348,2.1877083778381348,5738,0.0,0.0
2000-02-29 00:00:00-05:00,2.172926086270003,2.172926086270003,2.15814471244812,2.15814471244812,1350,0.0,0.0
2000-03-01 00:00:00-05:00,2.1433613300323486,2.1729250146459065,2.1433613300323486,2.1433613300323486,7088,0.0,0.0
2000-03-02 00:00:00-05:00,2.1433626302469517,2.1581449572956815,2.0398905277252197,2.0398905277252197,29025,0.0,0.0
2000-03-03 00:00:00-05:00,2.15814377980129,2.15814377980129,2.0251070957676007,2.128580093383789,10463,0.0,0.0
2000-03-06 00:00:00-05:00,2.12858125474808,2.12858125474808,2.0398905277252197,2.0398905277252197,6750,0.0,0.0
2000-03-07 00:00:00-05:00,2.0103276777762606,2.1285821574995456,1.8920724368127664,1.9364182949066162,81000,0.0,0.0
2000-03-08 00:00:00-05:00,2.1433616775110567,2.1433616775110567,1.9511979818344114,1.9511979818344116,34088,0.0,0.0
2000-03-09 00:00:00-05:00,2.049829141482998,2.1240978240966797,1.9755596939205693,2.1240978240966797,16538,0.011852,0.0
2000-03-10 00:00:00-05:00,2.0572553940501557,2.1240973661036224,1.9607049226760864,1.9607049226760864,135338,0.0,0.0
2000-03-13 00:00:00-05:00,1.9607049226760864,1.9607049226760864,1.9607049226760864,1.9607049226760864,0,0.0,0.0
2000-03-14 00:00:00-05:00,1.9607049226760864,1.9904126570481062,1.9607049226760864,1.9607049226760864,25650,0.0,0.0
2000-03-15 00:00:00-05:00,1.9607061549283606,1.9607061549283606,1.9458527565002441,1.9458527565002441,11138,0.0,0.0
2000-03-16 00:00:00-05:00,1.9458515335829403,1.9904126570481062,1.9458515335829403,1.9607049226760864,19913,0.0,0.0
2000-03-17 00:00:00-05:00,1.9458527565002441,2.0349756331533975,1.9458527565002441,1.9458527565002441,5063,0.0,0.0
2000-03-20 00:00:00-05:00,1.930997610092163,1.930997610092163,1.930997610092163,1.930997610092163,5400,0.0,0.0
2000-03-21 00:00:00-05:00,1.930997610092163,1.9904128946929296,1.930997610092163,1.930997610092163,27675,0.0,0.0
2000-03-22 00:00:00-05:00,1.9161439904480662,1.9607049226760864,1.9161439904480662,1.9607049226760864,41850,0.0,0.0
2000-03-23 00:00:00-05:00,1.9309971945695061,1.9309971945695061,1.8864360753728842,1.901289463043213,146475,0.0,0.0
2000-03-24 00:00:00-05:00,1.8567291157714654,1.9309977984846127,1.8567291157714654,1.8715825080871582,6750,0.0,0.0
2000-03-27 00:00:00-05:00,1.901290213563811,1.901290213563811,1.8864368200302124,1.8864368200302124,34763,0.0,0.0
2000-03-28 00:00:00-05:00,1.8715820111435848,1.8715820111435848,1.4259676427196564,1.5299439430236816,237938,0.0,0.0
2000-03-29 00:00:00-05:00,1.7081909853964228,1.901290057667292,1.663629087314661,1.8715825080871582,319613,0.0,0.0
2000-03-30 00:00:00-05:00,1.9309976225515706,1.9458517784626506,1.782459505709824,1.841874599456787,112388,0.0,0.0
2000-03-31 00:00:00-05:00,1.8567286163873353,1.8567286163873353,1.8121667302909001,1.8270208835601807,404663,0.0,0.0
2000-04-03 00:00:00-04:00,1.8270207046447304,1.8715818214288675,1.8270207046447304,1.856728434562683,26663,0.0,0.0
2000-04-04 00:00:00-04:00,1.8567284538117117,1.8567284538117117,1.8121665716171265,1.8121665716171265,36113,0.0,0.0
2000-04-05 00:00:00-04:00,1.8121672865798373,1.8864367370651103,1.7824597358703613,1.7824597358703613,23625,0.0,0.0
2000-04-06 00:00:00-04:00,1.782458717752965,1.782458717752965,1.7527509927749634,1.7527509927749634,28350,0.0,0.0
2000-04-07 00:00:00-04:00,1.8121672865798373,1.8121672865798373,1.7824597358703613,1.7824597358703613,10125,0.0,0.0
2000-04-10 00:00:00-04:00,1.7824590326283072,1.8121665716171265,1.7824590326283072,1.8121665716171265,6750,0.0,0.0
2000-04-11 00:00:00-04:00,1.8121672865798373,1.8121672865798373,1.7824597358703613,1.7824597358703613,24300,0.0,0.0
2000-04-12 00:00:00-04:00,1.7824590326283072,1.8121665716171265,1.663628494198793,1.8121665716171265,79313,0.0,0.0
2000-04-13 00:00:00-04:00,1.7824590326283072,1.8121665716171265,1.7824590326283072,1.8121665716171265,101925,0.0,0.0
2000-04-14 00:00:00-04:00,1.827020761744173,1.8493017989253775,1.6636285289446497,1.7230437994003296,85388,0.0,0.0
2000-04-17 00:00:00-04:00,1.8121665716171265,1.8121665716171265,1.663628494198793,1.8121665716171265,83363,0.0,0.0
2000-04-18 00:00:00-04:00,1.6933360025273876,1.8344473838806152,1.6933360025273876,1.8344473838806152,4725,0.0,0.0
2000-04-19 00:00:00-04:00,1.7824590326283072,1.8418741106059455,1.7824590326283072,1.8121665716171265,14513,0.0,0.0
2000-04-20 00:00:00-04:00,1.782458717752965,1.782458717752965,1.7527509927749634,1.7527509927749634,19913,0.0,0.0
2000-04-24 00:00:00-04:00,1.730470151232191,1.7527509927749634,1.7230434590340469,1.7527509927749634,25313,0.0,0.0
2000-04-25 00:00:00-04:00,1.6636290975586299,1.7676062866780964,1.6636290975586299,1.671055793762207,11138,0.0,0.0
2000-04-26 00:00:00-04:00,1.7378981679796504,1.7453248625691804,1.6784828901290894,1.6784828901290894,10463,0.0,0.0
2000-04-27 00:00:00-04:00,1.7230440138520033,1.7230440138520033,1.6784828901290894,1.6784828901290894,6075,0.0,0.0
2000-04-28 00:00:00-04:00,1.7081906229730315,1.7824592899287441,1.7081906229730315,1.7676059007644653,38813,0.0,0.0
2000-05-01 00:00:00-04:00,1.7230437994003296,1.7230437994003296,1.7230437994003296,1.7230437994003296,1013,0.0,0.0
2000-05-02 00:00:00-04:00,1.7824597358703613,1.7824597358703613,1.7824597358703613,1.7824597358703613,1350,0.0,0.0
2000-05-03 00:00:00-04:00,1.7824593846488483,1.7824593846488483,1.678482977653527,1.6933363676071167,13163,0.0,0.0
2000-05-04 00:00:00-04:00,1.6933362793081497,1.6933362793081497,1.6784828901290894,1.6784828901290894,7088,0.0,0.0
2000-05-05 00:00:00-04:00,1.6784828901290894,1.6784828901290894,1.6784828901290894,1.6784828901290894,3038,0.0,0.0
2000-05-08 00:00:00-04:00,1.6933363676071167,1.7527516485558856,1.678482977653527,1.6933363676071167,21938,0.0,0.0
2000-05-09 00:00:00-04:00,1.6784829089939706,1.6933362983399718,1.552224892335687,1.6042134761810303,77963,0.0,0.0
2000-05-10 00:00:00-04:00,1.54479798143736,1.54479798143736,1.4853828068539305,1.5150903463363647,13500,0.0,0.0
2000-05-11 00:00:00-04:00,1.5150905584035144,1.6042134761810303,1.5150905584035144,1.6042134761810303,13163,0.0,0.0
2000-05-12 00:00:00-04:00,1.633921504020691,1.6636292477020804,1.633921504020691,1.633921504020691,67163,0.0,0.0
2000-05-15 00:00:00-04:00,1.6636287546993742,1.6636287546993742,1.6042134761810303,1.6042134761810303,19575,0.0,0.0
2000-05-16 00:00:00-04:00,1.5447982549667358,1.5447982549667358,1.5447982549667358,1.5447982549667358,23625,0.0,0.0
2000-05-17 00:00:00-04:00,1.440821144010408,1.663628775967639,1.440821144010408,1.4853830337524414,14513,0.0,0.0
2000-05-18 00:00:00-04:00,1.440821144010408,1.5002364232883323,1.440821144010408,1.4853830337524414,29700,0.0,0.0
2000-05-19 00:00:00-04:00,1.4853830755235824,1.6933363676071167,1.470528825002788,1.6933363676071167,103613,0.0,0.0
2000-05-22 00:00:00-04:00,1.6933362983399718,1.7230440332177182,1.6042134761810303,1.6042134761810303,6750,0.0,0.0
2000-05-23 00:00:00-04:00,1.5745058570507524,1.5782195869090276,1.4705287836493701,1.4853830337524414,20925,0.0,0.0
2000-05-24 00:00:00-04:00,1.425967812538147,1.4333945076084982,1.425967812538147,1.425967812538147,10125,0.0,0.0
2000-05-25 00:00:00-04:00,1.425967812538147,1.425967812538147,1.425967812538147,1.425967812538147,0,0.0,0.0
2000-05-26 00:00:00-04:00,1.4556758403778076,1.4556758403778076,1.4556758403778076,1.4556758403778076,1013,0.0,0.0
2000-05-30 00:00:00-04:00,1.529944100121127,1.5447982549667358,1.529944100121127,1.5447982549667358,4050,0.0,0.0
2000-05-31 00:00:00-04:00,1.515090577772828,1.515090577772828,1.4853830337524414,1.4853830337524414,16875,0.0,0.0
2000-06-01 00:00:00-04:00,1.6339210804316746,1.6339210804316746,1.4853830698629693,1.5447982549667358,4725,0.0,0.0
2000-06-02 00:00:00-04:00,1.4853830942353874,1.6339211072413298,1.425967812538147,1.425967812538147,25988,0.0,0.0
2000-06-05 00:00:00-04:00,1.4259681916314166,1.4556758403778076,1.4259681916314166,1.4556758403778076,2025,0.0,0.0
2000-06-06 00:00:00-04:00,1.4556758403778076,1.4556758403778076,1.4556758403778076,1.4556758403778076,3375,0.0,0.0
2000-06-07 00:00:00-04:00,1.4556751717529355,1.5150903463363647,1.4556751717529355,1.5150903463363647,6413,0.0,0.0
2000-06-08 00:00:00-04:00,1.4770032624405833,1.5594755993233547,1.4770032624405833,1.5294857025146484,5738,0.017778,0.0
2000-06-09 00:00:00-04:00,1.5594759529430433,1.589465856552124,1.5594759529430433,1.589465856552124,7425,0.0,0.0
2000-06-12 00:00:00-04:00,1.4994959022330057,1.5294857025146484,1.4994959022330057,1.5294857025146484,21938,0.0,0.0
2000-06-13 00:00:00-04:00,1.5294857025146484,1.5894654961320607,1.5144904162655735,1.5294857025146484,47250,0.0,0.0
2000-06-14 00:00:00-04:00,1.649445652961731,1.649445652961731,1.649445652961731,1.649445652961731,1688,0.0,0.0
2000-06-15 00:00:00-04:00,1.4695063183474697,1.6794355441846065,1.4695063183474697,1.4994962215423584,20588,0.0,0.0
2000-06-16 00:00:00-04:00,1.6794353723526,1.6794353723526,1.6794353723526,1.6794353723526,7088,0.0,0.0
2000-06-19 00:00:00-04:00,1.5594760179519653,1.5594760179519653,1.5594760179519653,1.5594760179519653,3375,0.0,0.0
2000-06-20 00:00:00-04:00,1.6944307088851929,1.6944307088851929,1.6944307088851929,1.6944307088851929,675,0.0,0.0
2000-06-21 00:00:00-04:00,1.529486113092714,1.5594760179519653,1.529486113092714,1.5594760179519653,6075,0.0,0.0
2000-06-22 00:00:00-04:00,1.6044604408689402,1.6044604408689402,1.5594760179519653,1.5594760179519653,17888,0.0,0.0
2000-06-23 00:00:00-04:00,1.5294860129020802,1.5294860129020802,1.4695063036397022,1.5144907236099243,57038,0.0,0.0
2000-06-26 00:00:00-04:00,1.5669728563396383,1.5669728563396383,1.4994959022330057,1.5294857025146484,38138,0.0,0.0
2000-06-27 00:00:00-04:00,1.4994962215423584,1.5594759314050517,1.4994962215423584,1.4994962215423584,122175,0.0,0.0
2000-06-28 00:00:00-04:00,1.5594759314050517,1.5594759314050517,1.4994962215423584,1.4994962215423584,12150,0.0,0.0
2000-06-29 00:00:00-04:00,1.4545109323781473,1.4994962215423584,1.4545109323781473,1.4994962215423584,29025,0.0,0.0
2000-06-30 00:00:00-04:00,1.5069934801551415,1.5069934801551415,1.4994962215423584,1.4994962215423584,34088,0.0,0.0
2000-07-03 00:00:00-04:00,1.4695065021514893,1.4695065021514893,1.4695065021514893,1.4695065021514893,1688,0.0,0.0
2000-07-05 00:00:00-04:00,1.484500917959024,1.5594760179519653,1.484500917959024,1.5594760179519653,58725,0.0,0.0
2000-07-06 00:00:00-04:00,1.619455529174419,1.619455529174419,1.5144905436692433,1.5444804430007935,23288,0.0,0.0
2000-07-07 00:00:00-04:00,1.5144906927692734,1.5894657863241188,1.5144906927692734,1.5744704008102417,66488,0.0,0.0
2000-07-10 00:00:00-04:00,1.5744704008102417,1.5894657863241188,1.5594758840400942,1.5744704008102417,21600,0.0,0.0
2000-07-11 00:00:00-04:00,1.5744704008102417,1.5894657863241188,1.5744704008102417,1.5744704008102417,15525,0.0,0.0
2000-07-12 00:00:00-04:00,1.5744704008102417,1.5744704008102417,1.5744704008102417,1.5744704008102417,2025,0.0,0.0
2000-07-13 00:00:00-04:00,1.5744704703756998,1.589465856552124,1.5744704703756998,1.589465856552124,4725,0.0,0.0
2000-07-14 00:00:00-04:00,1.589465856552124,1.589465856552124,1.589465856552124,1.589465856552124,0,0.0,0.0
2000-07-17 00:00:00-04:00,1.5932148016249799,1.5932148016249799,1.5744704008102417,1.5744704008102417,1077638,0.0,0.0
2000-07-18 00:00:00-04:00,1.5782195672554946,1.60446035861969,1.5744704552978073,1.60446035861969,11813,0.0,0.0
2000-07-19 00:00:00-04:00,1.60446035861969,1.619455744652511,1.60446035861969,1.60446035861969,5738,0.0,0.0
2000-07-20 00:00:00-04:00,1.60446030957781,1.6194556951522827,1.60446030957781,1.6194556951522827,9788,0.0,0.0
2000-07-21 00:00:00-04:00,1.60446035861969,1.60446035861969,1.60446035861969,1.60446035861969,2025,0.0,0.0
2000-07-24 00:00:00-04:00,1.6269530032970418,1.6269530032970418,1.60446035861969,1.60446035861969,1350,0.0,0.0
2000-07-25 00:00:00-04:00,1.615706744694699,1.615706744694699,1.589465856552124,1.589465856552124,3375,0.0,0.0
2000-07-26 00:00:00-04:00,1.5894659391536243,1.649445652961731,1.5894659391536243,1.649445652961731,105300,0.0,0.0
2000-07-27 00:00:00-04:00,1.5894656070687752,1.6344507932662964,1.5894656070687752,1.6344507932662964,5400,0.0,0.0
2000-07-28 00:00:00-04:00,1.634450984199674,1.634450984199674,1.6194556951522827,1.6194556951522827,4388,0.0,0.0
2000-07-31 00:00:00-04:00,1.6194555583421133,1.6419481039047241,1.6194555583421133,1.6419481039047241,10125,0.0,0.0
2000-08-01 00:00:00-04:00,1.6194556951522827,1.6419482426150438,1.6194556951522827,1.6194556951522827,7425,0.0,0.0
2000-08-02 00:00:00-04:00,1.6194556951522827,1.6194556951522827,1.6194556951522827,1.6194556951522827,6750,0.0,0.0
2000-08-03 00:00:00-04:00,1.6194555059706255,1.6494453083454057,1.6194555059706255,1.6344507932662964,69188,0.0,0.0
2000-08-04 00:00:00-04:00,1.6194555059706255,1.6344507932662964,1.6194555059706255,1.6344507932662964,5063,0.0,0.0
2000-08-07 00:00:00-04:00,1.6194556951522827,1.6194556951522827,1.6194556951522827,1.6194556951522827,4050,0.0,0.0
2000-08-08 00:00:00-04:00,1.6344511347498383,1.6794356546564198,1.6344511347498383,1.649445652961731,31050,0.0,0.0
2000-08-09 00:00:00-04:00,1.6494455010304137,1.6494455010304137,1.6194556951522827,1.6194556951522827,5063,0.0,0.0
2000-08-10 00:00:00-04:00,1.6194555059706255,1.6344507932662964,1.6194555059706255,1.6344507932662964,21938,0.0,0.0
2000-08-11 00:00:00-04:00,1.6194555720996766,1.6794353723526,1.6194555720996766,1.6794353723526,73238,0.0,0.0
2000-08-14 00:00:00-04:00,1.6644411087036133,1.6644411087036133,1.6644411087036133,1.6644411087036133,6413,0.0,0.0
2000-08-15 00:00:00-04:00,1.649445652961731,1.649445652961731,1.649445652961731,1.649445652961731,675,0.0,0.0
2000-08-16 00:00:00-04:00,1.6719381624860417,1.7094252250068838,1.6719381624860417,1.6944307088851929,29025,0.0,0.0
2000-08-17 00:00:00-04:00,1.7019280195236206,1.7019280195236206,1.7019280195236206,1.7019280195236206,13500,0.0,0.0
2000-08-18 00:00:00-04:00,1.6794353723526,1.7394151726055236,1.6794353723526,1.6794353723526,399263,0.0,0.0
2000-08-21 00:00:00-04:00,1.641948050805851,1.641948050805851,1.6344507932662964,1.6344507932662964,10463,0.0,0.0
2000-08-22 00:00:00-04:00,1.589465564835464,1.589465564835464,1.574470181411162,1.5819683074951172,8100,0.0,0.0
2000-08-23 00:00:00-04:00,1.589465856552124,1.589465856552124,1.589465856552124,1.589465856552124,675,0.0,0.0
2000-08-24 00:00:00-04:00,1.596963115268452,1.596963115268452,1.589465856552124,1.589465856552124,45563,0.0,0.0
2000-08-25 00:00:00-04:00,1.589465856552124,1.589465856552124,1.5744704703756998,1.589465856552124,73913,0.0,0.0
2000-08-28 00:00:00-04:00,1.574470181411162,1.589465564835464,1.574470181411162,1.5819683074951172,67163,0.0,0.0
2000-08-29 00:00:00-04:00,1.5744704703756998,1.6044603739847803,1.5744704703756998,1.589465856552124,40838,0.0,0.0
2000-08-30 00:00:00-04:00,1.574470181411162,1.5819683074951172,1.574470181411162,1.5819683074951172,1688,0.0,0.0
2000-08-31 00:00:00-04:00,1.5894655061609344,1.6119581460952759,1.5894655061609344,1.6119581460952759,6413,0.0,0.0
2000-09-01 00:00:00-04:00,1.5894655061609344,1.6119581460952759,1.5894655061609344,1.6119581460952759,3713,0.0,0.0
2000-09-05 00:00:00-04:00,1.5744704008102417,1.5744704008102417,1.5744704008102417,1.5744704008102417,5063,0.0,0.0
2000-09-06 00:00:00-04:00,1.574470536009689,1.5969631818400785,1.5594760179519653,1.5594760179519653,25988,0.0,0.0
2000-09-07 00:00:00-04:00,1.5594760179519653,1.5594760179519653,1.5594760179519653,1.5594760179519653,9450,0.0,0.0
2000-09-08 00:00:00-04:00,1.5594760179519653,1.5594760179519653,1.5594760179519653,1.5594760179519653,9450,0.0,0.0
2000-09-11 00:00:00-04:00,1.5894659228112167,1.5894659228112167,1.5594760179519653,1.5594760179519653,18563,0.0,0.0
2000-09-12 00:00:00-04:00,1.5594760179519653,1.5594760179519653,1.5594760179519653,1.5594760179519653,1350,0.0,0.0
2000-09-13 00:00:00-04:00,1.5588704347610474,1.5588704347610474,1.5588704347610474,1.5588704347610474,0,0.017778,0.0
2000-09-14 00:00:00-04:00,1.574005313010351,1.6194088459014893,1.574005313010351,1.6194088459014893,73238,0.0,0.0
2000-09-15 00:00:00-04:00,1.6042748020870854,1.6042748020870854,1.5740054845809937,1.5740054845809937,1688,0.0,0.0
2000-09-18 00:00:00-04:00,1.6194087289285872,1.6194087289285872,1.6042745113372803,1.6042745113372803,12150,0.0,0.0
2000-09-19 00:00:00-04:00,1.6345440487811127,1.6345440487811127,1.5134668814284975,1.5437361001968384,199125,0.0,0.0
2000-09-20 00:00:00-04:00,1.5740054163915964,1.5740054163915964,1.5134668814284975,1.5437361001968384,5400,0.0,0.0
2000-09-21 00:00:00-04:00,1.6042745113372803,1.6042745113372803,1.6042745113372803,1.6042745113372803,338,0.0,0.0
2000-09-22 00:00:00-04:00,1.5134671926498413,1.5134671926498413,1.5134671926498413,1.5134671926498413,32063,0.0,0.0
2000-09-25 00:00:00-04:00,1.5134668983792705,1.5740054340203988,1.5134668983792705,1.5588704347610474,38813,0.0,0.0
2000-09-26 00:00:00-04:00,1.5588704347610474,1.5588704347610474,1.5588704347610474,1.5588704347610474,1350,0.0,0.0
2000-09-27 00:00:00-04:00,1.5286015272140503,1.5286015272140503,1.5286015272140503,1.5286015272140503,5063,0.0,0.0
2000-09-28 00:00:00-04:00,1.5134668983792705,1.5740054340203988,1.5134668983792705,1.5588704347610474,83025,0.0,0.0
2000-09-29 00:00:00-04:00,1.528601118227274,1.5588704347610474,1.5134668983792705,1.5588704347610474,292950,0.0,0.0
2000-10-02 00:00:00-04:00,1.574005740061765,1.574005740061765,1.5134671926498413,1.5134671926498413,38813,0.0,0.0
2000-10-03 00:00:00-04:00,1.5134668814284975,1.5437361001968384,1.5134668814284975,1.5437361001968384,114750,0.0,0.0
2000-10-04 00:00:00-04:00,1.5361693062472734,1.5588707378596438,1.5134671926498413,1.5134671926498413,395888,0.0,0.0
2000-10-05 00:00:00-04:00,1.5134663995674937,1.5134663995674937,1.4831970930099487,1.4831970930099487,12488,0.0,0.0
2000-10-06 00:00:00-04:00,1.4831979786842737,1.5286015272140503,1.4831979786842737,1.5286015272140503,610875,0.0,0.0
2000-10-09 00:00:00-04:00,1.5437356086986522,1.5588699209850723,1.4831970930099487,1.4831970930099487,6075,0.0,0.0
2000-10-10 00:00:00-04:00,1.5588699209850723,1.5588699209850723,1.4831970930099487,1.4831970930099487,6750,0.0,0.0
2000-10-11 00:00:00-04:00,1.479413701211763,1.479413701211763,1.4529284238815308,1.4529284238815308,37800,0.0,0.0
2000-10-12 00:00:00-04:00,1.452927786452404,1.4983313078699825,1.452927786452404,1.4831970930099487,80325,0.0,0.0
2000-10-13 00:00:00-04:00,1.498331904411316,1.498331904411316,1.4529283649169096,1.498331904411316,8100,0.0,0.0
2000-10-16 00:00:00-04:00,1.498331904411316,1.498331904411316,1.498331904411316,1.498331904411316,0,0.0,0.0
2000-10-17 00:00:00-04:00,1.4529285478114802,1.5437364176425845,1.4529285478114802,1.5134671926498413,117788,0.0,0.0
2000-10-18 00:00:00-04:00,1.4529284238815308,1.4529284238815308,1.4226591040442222,1.4529284238815308,35775,0.0,0.0
2000-10-19 00:00:00-04:00,1.5134670635561478,1.5134670635561478,1.4529284238815308,1.4529284238815308,236588,0.0,0.0
2000-10-20 00:00:00-04:00,1.4529284238815308,1.4529284238815308,1.4529284238815308,1.4529284238815308,5738,0.0,0.0
2000-10-23 00:00:00-04:00,1.4075236320495605,1.4075236320495605,1.4075236320495605,1.4075236320495605,8438,0.0,0.0
2000-10-24 00:00:00-04:00,1.3923897081216365,1.3923897081216365,1.3621203899383545,1.3621203899383545,12488,0.0,0.0
2000-10-25 00:00:00-04:00,1.3621202003143278,1.3621202003143278,1.3318508863449097,1.3318508863449097,5738,0.0,0.0
2000-10-26 00:00:00-04:00,1.3469850320397332,1.3469850320397332,1.2864465048024034,1.3015815019607544,18225,0.0,0.0
2000-10-27 00:00:00-04:00,1.2713127021024975,1.3923898935317993,1.2599615479543123,1.3923898935317993,52988,0.0,0.0
2000-10-30 00:00:00-05:00,1.3923898935317993,1.3923898935317993,1.3923898935317993,1.3923898935317993,3713,0.0,0.0
2000-10-31 00:00:00-05:00,1.392389721033403,1.452928357961348,1.392389721033403,1.4226590394973755,60075,0.0,0.0
2000-11-01 00:00:00-05:00,1.33185124910393,1.422659215745734,1.33185124910393,1.3923898935317993,79988,0.0,0.0
2000-11-02 00:00:00-05:00,1.3621204025694305,1.4226590394973755,1.3621204025694305,1.4226590394973755,8100,0.0,0.0
2000-11-03 00:00:00-05:00,1.4377932603104504,1.452928357961348,1.407523941846478,1.4226590394973755,24300,0.0,0.0
2000-11-06 00:00:00-05:00,1.4226590394973755,1.4226590394973755,1.407523941846478,1.4226590394973755,76613,0.0,0.0
2000-11-07 00:00:00-05:00,1.4226590394973755,1.4226590394973755,1.407523941846478,1.4226590394973755,20250,0.0,0.0
2000-11-08 00:00:00-05:00,1.4226590394973755,1.4226590394973755,1.407523941846478,1.4226590394973755,52650,0.0,0.0
2000-11-09 00:00:00-05:00,1.4075241162198011,1.4075241162198011,1.3923898935317993,1.3923898935317993,24300,0.0,0.0
2000-11-10 00:00:00-05:00,1.377254605293274,1.377254605293274,1.377254605293274,1.377254605293274,1013,0.0,0.0
2000-11-13 00:00:00-05:00,1.3772542879927225,1.3772542879927225,1.2713122350132267,1.286446452140808,32738,0.0,0.0
2000-11-14 00:00:00-05:00,1.2713124752044678,1.2713124752044678,1.2561773783797778,1.2713124752044678,110700,0.0,0.0
2000-11-15 00:00:00-05:00,1.2713124752044678,1.3015816945896541,1.2713124752044678,1.2713124752044678,7088,0.0,0.0
2000-11-16 00:00:00-05:00,1.2561773246981085,1.316715955734253,1.2561773246981085,1.316715955734253,20250,0.0,0.0
2000-11-17 00:00:00-05:00,1.316715955734253,1.316715955734253,1.2713124208760131,1.316715955734253,49613,0.0,0.0
2000-11-20 00:00:00-05:00,1.267528433075642,1.2713124752044678,1.2561773783797778,1.2713124752044678,4725,0.0,0.0
2000-11-21 00:00:00-05:00,1.2864465743983466,1.3318508863449097,1.2561772604289285,1.3318508863449097,57375,0.0,0.0
2000-11-22 00:00:00-05:00,1.3923897842069137,1.4529284238815308,1.3318511445322965,1.4529284238815308,60075,0.0,0.0
2000-11-24 00:00:00-05:00,1.3469851738259098,1.3469851738259098,1.30158163896767,1.316715955734253,12488,0.0,0.0
2000-11-27 00:00:00-05:00,1.3015815723754915,1.392389514283746,1.3015815723754915,1.3318508863449097,8775,0.0,0.0
2000-11-28 00:00:00-05:00,1.3167158171342708,1.331850814292622,1.3015815019607544,1.3015815019607544,10800,0.0,0.0
2000-11-29 00:00:00-05:00,1.2334752228834847,1.2713125281006392,1.2183410022668715,1.241043210029602,44550,0.0,0.0
2000-11-30 00:00:00-05:00,1.222124167715331,1.2864467487172522,1.210773015120754,1.241043210029602,87413,0.0,0.0
2000-12-01 00:00:00-05:00,1.225908112575178,1.256177430646215,1.225908112575178,1.241043210029602,29700,0.0,0.0
2000-12-04 00:00:00-05:00,1.241043210029602,1.241043210029602,1.241043210029602,1.241043210029602,123525,0.0,0.0
2000-12-05 00:00:00-05:00,1.2410427839318299,1.256176999352284,1.1350997686386108,1.1350997686386108,64800,0.0,0.0
2000-12-06 00:00:00-05:00,1.1653695106506348,1.1805037317116183,1.1653695106506348,1.1653695106506348,30038,0.0,0.0
2000-12-07 00:00:00-05:00,1.1653695050177233,1.2107730448190486,1.1653695050177233,1.1805037260055542,180225,0.0,0.0
2000-12-08 00:00:00-05:00,1.2183410022668715,1.2713125281006392,1.210773015120754,1.241043210029602,567338,0.0,0.0
2000-12-11 00:00:00-05:00,1.3091487082607152,1.3091487082607152,1.2561771924705358,1.3015815019607544,336150,0.0,0.0
2000-12-12 00:00:00-05:00,1.3621203282128653,1.3621203282128653,1.2713124752044678,1.2713124752044678,16200,0.0,0.0
2000-12-13 00:00:00-05:00,1.2860097021508212,1.301318883895874,1.2553904516861067,1.301318883895874,117450,0.017778,0.0
2000-12-14 00:00:00-05:00,1.2860101461410522,1.3013193331715454,1.2860101461410522,1.2860101461410522,151200,0.0,0.0
2000-12-15 00:00:00-05:00,1.3089739172035655,1.40848708152771,1.2860101368241934,1.40848708152771,143438,0.0,0.0
2000-12-18 00:00:00-05:00,1.3166286945343018,1.3319379729771497,1.2936641362773345,1.3166286945343018,157950,0.0,0.0
2000-12-19 00:00:00-05:00,1.3166291027737327,1.3472483590224176,1.3166291027737327,1.33193838596344,88763,0.0,0.0
2000-12-20 00:00:00-05:00,1.3319384610978364,1.3472484350204468,1.3319384610978364,1.3472484350204468,184613,0.0,0.0
2000-12-21 00:00:00-05:00,1.3166288684686724,1.347248119268407,1.3166288684686724,1.3357658386230469,57038,0.0,0.0
2000-12-22 00:00:00-05:00,1.3166291770445353,1.3472484350204468,1.3166291770445353,1.3472484350204468,95850,0.0,0.0
2000-12-26 00:00:00-05:00,1.3166291770445353,1.3472484350204468,1.3166291770445353,1.3472484350204468,207900,0.0,0.0
2000-12-27 00:00:00-05:00,1.33193838596344,1.33193838596344,1.3166291027737327,1.33193838596344,22950,0.0,0.0
2000-12-28 00:00:00-05:00,1.3166291770445353,1.3472484350204468,1.3166291770445353,1.3472484350204468,184613,0.0,0.0
2000-12-29 00:00:00-05:00,1.3395931780176364,1.4697256031558519,1.3319385845578458,1.40848708152771,204525,0.0,0.0
2001-01-02 00:00:00-05:00,1.40848708152771,1.40848708152771,1.40848708152771,1.40848708152771,0,0.0,0.0
2001-01-03 00:00:00-05:00,1.469725489616394,1.469725489616394,1.469725489616394,1.469725489616394,1013,0.0,0.0
2001-01-04 00:00:00-05:00,1.469725489616394,1.5309640065137289,1.469725489616394,1.469725489616394,100575,0.0,0.0
2001-01-05 00:00:00-05:00,1.4850346699870225,1.4850346699870225,1.4237961533109778,1.4391062259674072,22613,0.0,0.0
2001-01-08 00:00:00-05:00,1.4391062259674072,1.4391062259674072,1.4391062259674072,1.4391062259674072,5063,0.0,0.0
2001-01-09 00:00:00-05:00,1.4391056644377496,1.500344157218933,1.3778671716565658,1.500344157218933,145125,0.0,0.0
2001-01-10 00:00:00-05:00,1.4697252696712932,1.5922021865844727,1.4697252696712932,1.5922021865844727,40500,0.0,0.0
2001-01-11 00:00:00-05:00,1.5615829629742048,1.6075114011764526,1.5615829629742048,1.6075114011764526,15188,0.0,0.0
2001-01-12 00:00:00-05:00,1.5922022177328252,1.8524662256240845,1.5922022177328252,1.8524662256240845,83025,0.0,0.0
2001-01-16 00:00:00-05:00,1.7759178598357503,1.7759178598357503,1.6381307623072046,1.7452985048294067,16200,0.0,0.0
2001-01-17 00:00:00-05:00,1.6534407028503906,1.6840598583221436,1.6228214488258919,1.6840598583221436,67500,0.0,0.0
2001-01-18 00:00:00-05:00,1.7720908422162887,1.7720908422162887,1.6993701457977295,1.6993701457977295,36450,0.0,0.0
2001-01-19 00:00:00-05:00,1.6878879016146584,1.7146794695889298,1.6534409523010254,1.6534409523010254,299700,0.0,0.0
2001-01-22 00:00:00-05:00,1.6534409523010254,1.684060112392217,1.6381308794916265,1.6534409523010254,119138,0.0,0.0
2001-01-23 00:00:00-05:00,1.66875067479725,1.6840598583221436,1.66875067479725,1.6840598583221436,108000,0.0,0.0
2001-01-24 00:00:00-05:00,1.7146790564869994,1.7146790564869994,1.668750524520874,1.668750524520874,111375,0.0,0.0
2001-01-25 00:00:00-05:00,1.6840597066671261,1.7146790564869994,1.668750524520874,1.668750524520874,43200,0.0,0.0
2001-01-26 00:00:00-05:00,1.661095545218302,1.661095545218302,1.6534409523010254,1.6534409523010254,16875,0.0,0.0
2001-01-29 00:00:00-05:00,1.6534409523010254,1.684060112392217,1.6534409523010254,1.6534409523010254,111038,0.0,0.0
2001-01-30 00:00:00-05:00,1.714679210899388,1.7299891828462477,1.6840598583221436,1.6840598583221436,32738,0.0,0.0
2001-01-31 00:00:00-05:00,1.714679210899388,1.714679210899388,1.6840598583221436,1.6840598583221436,214313,0.0,0.0
2001-02-01 00:00:00-05:00,1.729989333871021,1.8065370321273804,1.71467936058763,1.8065370321273804,9113,0.0,0.0
2001-02-02 00:00:00-05:00,1.7452985048294067,1.8065370177365867,1.7452985048294067,1.7452985048294067,8775,0.0,0.0
2001-02-05 00:00:00-05:00,1.7452985048294067,1.7452985048294067,1.7452985048294067,1.7452985048294067,0,0.0,0.0
2001-02-06 00:00:00-05:00,1.7606085538864136,1.7606085538864136,1.74529838467351,1.7606085538864136,8438,0.0,0.0
2001-02-07 00:00:00-05:00,1.7759178598357503,1.7759178598357503,1.7452985048294067,1.7452985048294067,21938,0.0,0.0
2001-02-08 00:00:00-05:00,1.714679210899388,1.7299891828462477,1.6840598583221436,1.6840598583221436,20250,0.0,0.0
2001-02-09 00:00:00-05:00,1.6687504722347706,1.7146790027618408,1.5768920314423571,1.7146790027618408,12488,0.0,0.0
2001-02-12 00:00:00-05:00,1.6228216936570732,1.6534409523010254,1.5615831763691688,1.6534409523010254,9788,0.0,0.0
2001-02-13 00:00:00-05:00,1.638130784034729,1.638130784034729,1.638130784034729,1.638130784034729,6750,0.0,0.0
2001-02-14 00:00:00-05:00,1.5615829229354858,1.5615829229354858,1.5615829229354858,1.5615829229354858,338,0.0,0.0
2001-02-15 00:00:00-05:00,1.5922021865844727,1.5922021865844727,1.5922021865844727,1.5922021865844727,2700,0.0,0.0
2001-02-16 00:00:00-05:00,1.5922021865844727,1.5922021865844727,1.5922021865844727,1.5922021865844727,0,0.0,0.0
2001-02-20 00:00:00-05:00,1.5922021865844727,1.5922021865844727,1.5922021865844727,1.5922021865844727,0,0.0,0.0
2001-02-21 00:00:00-05:00,1.5922021865844727,1.5922021865844727,1.5922021865844727,1.5922021865844727,0,0.0,0.0
2001-02-22 00:00:00-05:00,1.5922021865844727,1.5922021865844727,1.5922021865844727,1.5922021865844727,2025,0.0,0.0
2001-02-23 00:00:00-05:00,1.5615829229354858,1.5615829229354858,1.5615829229354858,1.5615829229354858,1013,0.0,0.0
2001-02-26 00:00:00-05:00,1.5922021865844727,1.5922021865844727,1.5922021865844727,1.5922021865844727,256163,0.0,0.0
2001-02-27 00:00:00-05:00,1.5922021865844727,1.5922021865844727,1.5922021865844727,1.5922021865844727,2363,0.0,0.0
2001-02-28 00:00:00-05:00,1.5922021865844727,1.5922021865844727,1.5922021865844727,1.5922021865844727,32063,0.0,0.0
2001-03-01 00:00:00-05:00,1.5922021865844727,1.5922021865844727,1.5922021865844727,1.5922021865844727,1688,0.0,0.0
2001-03-02 00:00:00-05:00,1.5615829229354858,1.5615829229354858,1.5615829229354858,1.5615829229354858,1350,0.0,0.0
2001-03-05 00:00:00-05:00,1.5922021865844727,1.5922021865844727,1.5922021865844727,1.5922021865844727,110025,0.0,0.0
2001-03-06 00:00:00-05:00,1.638130784034729,1.638130784034729,1.638130784034729,1.638130784034729,6413,0.0,0.0
2001-03-07 00:00:00-05:00,1.638130784034729,1.638130784034729,1.638130784034729,1.638130784034729,0,0.0,0.0
2001-03-08 00:00:00-05:00,1.6228216936570732,1.6534409523010254,1.6228216936570732,1.6534409523010254,24638,0.0,0.0
2001-03-09 00:00:00-05:00,1.6534409523010254,1.6534409523010254,1.6534409523010254,1.6534409523010254,3375,0.0,0.0
2001-03-12 00:00:00-05:00,1.62282133102417,1.62282133102417,1.62282133102417,1.62282133102417,675,0.0,0.0
2001-03-13 00:00:00-05:00,1.6534409523010254,1.6534409523010254,1.6534409523010254,1.6534409523010254,5400,0.0,0.0
2001-03-14 00:00:00-05:00,1.6528228521347046,1.6528228521347046,1.6528228521347046,1.6528228521347046,0,0.017778,0.0
2001-03-15 00:00:00-05:00,1.6528228521347046,1.6528228521347046,1.6528228521347046,1.6528228521347046,0,0.0,0.0
2001-03-16 00:00:00-05:00,1.6528228521347046,1.6528228521347046,1.6528228521347046,1.6528228521347046,1013,0.0,0.0
2001-03-19 00:00:00-05:00,1.5446945109223307,1.6064821481704712,1.5446945109223307,1.6064821481704712,19238,0.0,0.0
2001-03-20 00:00:00-05:00,1.6064821481704712,1.6064821481704712,1.6064821481704712,1.6064821481704712,0,0.0,0.0
2001-03-21 00:00:00-05:00,1.6373760165128584,1.6373760165128584,1.6064821481704712,1.6064821481704712,7763,0.0,0.0
2001-03-22 00:00:00-05:00,1.575588345527649,1.606482215158262,1.575588345527649,1.575588345527649,10800,0.0,0.0
2001-03-23 00:00:00-05:00,1.56014084815979,1.6064819942618882,1.56014084815979,1.56014084815979,27000,0.0,0.0
2001-03-26 00:00:00-05:00,1.6064821481704712,1.6064821481704712,1.6064821481704712,1.6064821481704712,7763,0.0,0.0
2001-03-27 00:00:00-05:00,1.6064821481704712,1.6064821481704712,1.6064821481704712,1.6064821481704712,0,0.0,0.0
2001-03-28 00:00:00-05:00,1.6026203632354736,1.6026203632354736,1.6026203632354736,1.6026203632354736,338,0.0,0.0
2001-03-29 00:00:00-05:00,1.5446949005126953,1.5446949005126953,1.5446949005126953,1.5446949005126953,3038,0.0,0.0
2001-03-30 00:00:00-05:00,1.5292472839355469,1.5292472839355469,1.5292472839355469,1.5292472839355469,1688,0.0,0.0
2001-04-02 00:00:00-04:00,1.5446948612005287,1.6605470180511475,1.5446948612005287,1.6605470180511475,39488,0.0,0.0
2001-04-03 00:00:00-04:00,1.6605470180511475,1.6605470180511475,1.6605470180511475,1.6605470180511475,0,0.0,0.0
2001-04-04 00:00:00-04:00,1.6605470180511475,1.6605470180511475,1.6605470180511475,1.6605470180511475,0,0.0,0.0
2001-04-05 00:00:00-04:00,1.5755886371118184,1.6605470180511475,1.5755886371118184,1.6605470180511475,28350,0.0,0.0
2001-04-06 00:00:00-04:00,1.6682701110839844,1.6682701110839844,1.6682701110839844,1.6682701110839844,6075,0.0,0.0
2001-04-09 00:00:00-04:00,1.66085520470489,1.66085520470489,1.6583836078643799,1.6583836078643799,7763,0.0,0.0
2001-04-10 00:00:00-04:00,1.594124674797058,1.594124674797058,1.594124674797058,1.594124674797058,1013,0.0,0.0
2001-04-11 00:00:00-04:00,1.594124674797058,1.594124674797058,1.594124674797058,1.594124674797058,0,0.0,0.0
2001-04-12 00:00:00-04:00,1.594124674797058,1.594124674797058,1.594124674797058,1.594124674797058,0,0.0,0.0
2001-04-16 00:00:00-04:00,1.594124674797058,1.594124674797058,1.594124674797058,1.594124674797058,0,0.0,0.0
2001-04-17 00:00:00-04:00,1.643554449081421,1.643554449081421,1.643554449081421,1.643554449081421,1688,0.0,0.0
2001-04-18 00:00:00-04:00,1.5817668209451385,1.7176998853683472,1.5817668209451385,1.7176998853683472,2025,0.0,0.0
2001-04-19 00:00:00-04:00,1.5743522706458675,1.581766963005066,1.5743522706458675,1.581766963005066,16200,0.0,0.0
2001-04-20 00:00:00-04:00,1.5595240592956543,1.5595240592956543,1.544694871748459,1.5595240592956543,6750,0.0,0.0
2001-04-23 00:00:00-04:00,1.5595240592956543,1.5595240592956543,1.5595240592956543,1.5595240592956543,2363,0.0,0.0
2001-04-24 00:00:00-04:00,1.5941244370171654,1.5941244370171654,1.561995267868042,1.561995267868042,10800,0.0,0.0
2001-04-25 00:00:00-04:00,1.561995267868042,1.561995267868042,1.561995267868042,1.561995267868042,0,0.0,0.0
2001-04-26 00:00:00-04:00,1.6064821481704712,1.6064821481704712,1.6064821481704712,1.6064821481704712,2025,0.0,0.0
2001-04-27 00:00:00-04:00,1.6064821481704712,1.6064821481704712,1.6064821481704712,1.6064821481704712,0,0.0,0.0
2001-04-30 00:00:00-04:00,1.6188400983810425,1.6188400983810425,1.6188400983810425,1.6188400983810425,338,0.0,0.0
2001-05-01 00:00:00-04:00,1.6188400959916012,1.6806279420852661,1.6188400959916012,1.6806279420852661,6075,0.0,0.0
2001-05-02 00:00:00-04:00,1.6188400983810425,1.6188400983810425,1.6188400983810425,1.6188400983810425,675,0.0,0.0
2001-05-03 00:00:00-04:00,1.6707416772842407,1.6707416772842407,1.6707416772842407,1.6707416772842407,338,0.0,0.0
2001-05-04 00:00:00-04:00,1.6806279420852661,1.6806279420852661,1.6806279420852661,1.6806279420852661,1688,0.0,0.0
2001-05-07 00:00:00-04:00,1.6806279420852661,1.6806279420852661,1.6806279420852661,1.6806279420852661,675,0.0,0.0
2001-05-08 00:00:00-04:00,1.6707417083907785,1.6707417083907785,1.6682701110839844,1.6682701110839844,8100,0.0,0.0
2001-05-09 00:00:00-04:00,1.6682701110839844,1.6682701110839844,1.6682701110839844,1.6682701110839844,0,0.0,0.0
2001-05-10 00:00:00-04:00,1.6682702750007783,1.6929856538772583,1.6682702750007783,1.6929856538772583,16875,0.0,0.0
2001-05-11 00:00:00-04:00,1.7053423419184213,1.730057716369629,1.7053423419184213,1.730057716369629,3375,0.0,0.0
2001-05-14 00:00:00-04:00,1.7053426213696532,1.7547733783721924,1.7053426213696532,1.7547733783721924,11138,0.0,0.0
2001-05-15 00:00:00-04:00,1.7572448253631592,1.7572448253631592,1.7572448253631592,1.7572448253631592,6413,0.0,0.0
2001-05-16 00:00:00-04:00,1.7597164065795827,1.9772086143493652,1.7597164065795827,1.9772086143493652,17550,0.0,0.0
2001-05-17 00:00:00-04:00,1.9648515097273778,2.2688469886779785,1.9524937241705596,2.2688469886779785,23625,0.0,0.0
2001-05-18 00:00:00-04:00,2.001923842205583,2.2169454097747803,1.994509051658006,2.2169454097747803,13163,0.0,0.0
2001-05-21 00:00:00-04:00,1.9945096031939777,2.221889019012451,1.9945096031939777,2.221889019012451,1350,0.0,0.0
2001-05-22 00:00:00-04:00,1.9945094585418701,1.9945094585418701,1.9945094585418701,1.9945094585418701,3038,0.0,0.0
2001-05-23 00:00:00-04:00,2.174929701394748,2.174929701394748,1.9945094585418701,1.9945094585418701,2025,0.0,0.0
2001-05-24 00:00:00-04:00,1.9945094585418701,1.9945094585418701,1.9945094585418701,1.9945094585418701,0,0.0,0.0
2001-05-25 00:00:00-04:00,1.9945094585418701,1.9945094585418701,1.9945094585418701,1.9945094585418701,0,0.0,0.0
2001-05-29 00:00:00-04:00,1.9945094585418701,1.9945094585418701,1.9945094585418701,1.9945094585418701,0,0.0,0.0
2001-05-30 00:00:00-04:00,2.0637119658420717,2.0884275436401367,2.0637119658420717,2.0884275436401367,1688,0.0,0.0
2001-05-31 00:00:00-04:00,2.160101076396571,2.1996450424194336,2.160101076396571,2.1996450424194336,4050,0.0,0.0
2001-06-01 00:00:00-04:00,2.125499725341797,2.125499725341797,2.125499725341797,2.125499725341797,1350,0.0,0.0
2001-06-04 00:00:00-04:00,2.1625726737096476,2.1996450424194336,2.1625726737096476,2.1996450424194336,3038,0.0,0.0
2001-06-05 00:00:00-04:00,2.125499725341797,2.125499725341797,2.125499725341797,2.125499725341797,1013,0.0,0.0
2001-06-06 00:00:00-04:00,2.1254991232859632,2.1254991232859632,2.1131415367126465,2.1131415367126465,2700,0.0,0.0
2001-06-07 00:00:00-04:00,2.1007845401763916,2.1007845401763916,2.1007845401763916,2.1007845401763916,1013,0.0,0.0
2001-06-08 00:00:00-04:00,2.125499725341797,2.1304429204699096,2.113142135268146,2.125499725341797,8438,0.0,0.0
2001-06-11 00:00:00-04:00,2.162572997608652,2.162572997608652,2.1205568313598633,2.1205568313598633,2025,0.0,0.0
2001-06-12 00:00:00-04:00,2.1180847154874223,2.1180847154874223,2.0760693550109863,2.0760693550109863,4725,0.0,0.0
2001-06-13 00:00:00-04:00,2.0735863299560235,2.088486671447754,2.0735863299560235,2.088486671447754,7425,0.011852,0.0
2001-06-14 00:00:00-04:00,2.088486671447754,2.088486671447754,2.088486671447754,2.088486671447754,0,0.0,0.0
2001-06-15 00:00:00-04:00,2.088486671447754,2.088486671447754,2.088486671447754,2.088486671447754,0,0.0,0.0
2001-06-18 00:00:00-04:00,2.063652809190585,2.063652809190585,2.061169385910034,2.061169385910034,4050,0.0,0.0
2001-06-19 00:00:00-04:00,2.061169385910034,2.061169385910034,2.061169385910034,2.061169385910034,0,0.0,0.0
2001-06-20 00:00:00-04:00,2.061169385910034,2.061169385910034,2.061169385910034,2.061169385910034,0,0.0,0.0
2001-06-21 00:00:00-04:00,2.061169385910034,2.061169385910034,2.061169385910034,2.061169385910034,0,0.0,0.0
2001-06-22 00:00:00-04:00,2.061169385910034,2.061169385910034,2.061169385910034,2.061169385910034,0,0.0,0.0
2001-06-25 00:00:00-04:00,2.0437862873077393,2.0437862873077393,2.0437862873077393,2.0437862873077393,675,0.0,0.0
2001-06-26 00:00:00-04:00,2.0437864361713918,2.0437864361713918,2.0388197898864746,2.0388197898864746,32738,0.0,0.0
2001-06-27 00:00:00-04:00,2.0239198207855225,2.0239198207855225,2.0239198207855225,2.0239198207855225,2025,0.0,0.0
2001-06-28 00:00:00-04:00,2.0115027798257725,2.0363364114440894,1.8500854731681746,1.9394859075546265,10125,0.0,0.0
2001-06-29 00:00:00-04:00,2.011502742767334,2.011502742767334,2.011502742767334,2.011502742767334,1013,0.0,0.0
2001-07-02 00:00:00-04:00,1.9370026588439941,1.9370026588439941,1.9370026588439941,1.9370026588439941,338,0.0,0.0
2001-07-03 00:00:00-04:00,1.9370026588439941,1.9370026588439941,1.9370026588439941,1.9370026588439941,0,0.0,0.0
2001-07-05 00:00:00-04:00,2.046268939971924,2.048752163056395,2.046268939971924,2.046268939971924,4050,0.0,0.0
2001-07-06 00:00:00-04:00,2.0487524693321326,2.0686194559268336,2.0487524693321326,2.061169385910034,7425,0.0,0.0
2001-07-09 00:00:00-04:00,1.974253167938114,2.061169385910034,1.974253167938114,2.061169385910034,10125,0.0,0.0
2001-07-10 00:00:00-04:00,1.9866684748783754,2.1232521173641965,1.9866684748783754,2.115802049636841,39488,0.0,0.0
2001-07-11 00:00:00-04:00,2.1232531019475376,2.1232531019475376,2.110836982727051,2.110836982727051,1350,0.0,0.0
2001-07-12 00:00:00-04:00,2.1232531019475376,2.1232531019475376,2.110836982727051,2.110836982727051,675,0.0,0.0
2001-07-13 00:00:00-04:00,2.110836982727051,2.110836982727051,2.110836982727051,2.110836982727051,0,0.0,0.0
2001-07-16 00:00:00-04:00,2.110836982727051,2.110836982727051,2.110836982727051,2.110836982727051,0,0.0,0.0
2001-07-17 00:00:00-04:00,2.110836982727051,2.110836982727051,2.110836982727051,2.110836982727051,0,0.0,0.0
2001-07-18 00:00:00-04:00,2.110836765048319,2.110836765048319,2.036336660385132,2.036336660385132,6750,0.0,0.0
2001-07-19 00:00:00-04:00,2.11083674142756,2.11083674142756,2.0015695095062256,2.0015695095062256,2025,0.0,0.0
2001-07-20 00:00:00-04:00,1.9990861994647384,2.0984201431274414,1.9990861994647384,2.0984201431274414,7088,0.0,0.0
2001-07-23 00:00:00-04:00,2.0015695095062256,2.0015695095062256,2.0015695095062256,2.0015695095062256,338,0.0,0.0
2001-07-24 00:00:00-04:00,2.0015695095062256,2.0015695095062256,2.0015695095062256,2.0015695095062256,0,0.0,0.0
2001-07-25 00:00:00-04:00,2.011502742767334,2.011502742767334,2.011502742767334,2.011502742767334,10125,0.0,0.0
2001-07-26 00:00:00-04:00,1.9866684675216677,1.9866684675216677,1.9866684675216677,1.9866684675216675,675,0.0,0.0
2001-07-27 00:00:00-04:00,1.9866684675216677,1.9866684675216677,1.9866684675216677,1.9866684675216675,0,0.0,0.0
2001-07-30 00:00:00-04:00,1.999085783958435,1.999085783958435,1.999085783958435,1.999085783958435,675,0.0,0.0
2001-07-31 00:00:00-04:00,1.999085783958435,1.999085783958435,1.999085783958435,1.999085783958435,0,0.0,0.0
2001-08-01 00:00:00-04:00,2.013986110687256,2.013986110687256,2.013986110687256,2.013986110687256,338,0.0,0.0
2001-08-02 00:00:00-04:00,2.013986110687256,2.013986110687256,2.013986110687256,2.013986110687256,0,0.0,0.0
2001-08-03 00:00:00-04:00,2.0512357102171928,2.058685779571533,2.0512357102171928,2.058685779571533,13500,0.0,0.0
2001-08-06 00:00:00-04:00,2.073586070420355,2.073586070420355,2.013986110687256,2.013986110687256,8775,0.0,0.0
2001-08-07 00:00:00-04:00,2.013986110687256,2.013986110687256,2.013986110687256,2.013986110687256,0,0.0,0.0
2001-08-08 00:00:00-04:00,2.013986110687256,2.013986110687256,2.013986110687256,2.013986110687256,0,0.0,0.0
2001-08-09 00:00:00-04:00,2.013986271330198,2.0264031887054443,2.013986271330198,2.0264031887054443,15188,0.0,0.0
2001-08-10 00:00:00-04:00,1.9891523122787478,1.9891523122787478,1.9891523122787478,1.9891523122787476,338,0.0,0.0
2001-08-13 00:00:00-04:00,2.013986110687256,2.013986110687256,2.013986110687256,2.013986110687256,675,0.0,0.0
2001-08-14 00:00:00-04:00,2.013986110687256,2.013986110687256,2.013986110687256,2.013986110687256,338,0.0,0.0
2001-08-15 00:00:00-04:00,2.013986271330198,2.0264031887054443,2.013986271330198,2.0264031887054443,7763,0.0,0.0
2001-08-16 00:00:00-04:00,2.0264031887054443,2.0264031887054443,2.0264031887054443,2.0264031887054443,0,0.0,0.0
2001-08-17 00:00:00-04:00,2.0139862493189336,2.036336660385132,2.0139862493189336,2.036336660385132,30713,0.0,0.0
2001-08-20 00:00:00-04:00,2.0363365202149755,2.0363365202149755,2.013986110687256,2.013986110687256,5738,0.0,0.0
2001-08-21 00:00:00-04:00,2.0338528156280518,2.0338528156280518,2.0338528156280518,2.0338528156280518,1688,0.0,0.0
2001-08-22 00:00:00-04:00,2.061169385910034,2.061169385910034,2.061169385910034,2.061169385910034,1350,0.0,0.0
2001-08-23 00:00:00-04:00,2.061169385910034,2.061169385910034,2.061169385910034,2.061169385910034,0,0.0,0.0
2001-08-24 00:00:00-04:00,2.0487526510683365,2.063652992248535,2.0487526510683365,2.063652992248535,104625,0.0,0.0
2001-08-27 00:00:00-04:00,2.0487520694732666,2.0487520694732666,2.0487520694732666,2.0487520694732666,675,0.0,0.0
2001-08-28 00:00:00-04:00,2.0338524960532514,2.0338524960532514,1.9618356412133442,1.9866684675216675,4388,0.0,0.0
2001-08-29 00:00:00-04:00,1.9866684675216677,1.9866684675216677,1.9841852448382726,1.9866684675216675,30713,0.0,0.0
2001-08-30 00:00:00-04:00,1.9866684675216677,1.9866684675216677,1.9866684675216677,1.9866684675216675,0,0.0,0.0
2001-08-31 00:00:00-04:00,1.9370026588439941,1.9370026588439941,1.9370026588439941,1.9370026588439941,338,0.0,0.0
2001-09-04 00:00:00-04:00,1.9370026588439941,1.9370026588439941,1.9370026588439941,1.9370026588439941,0,0.0,0.0
2001-09-05 00:00:00-04:00,1.9370018883652198,1.9370018883652198,1.912168264389038,1.912168264389038,4050,0.0,0.0
2001-09-06 00:00:00-04:00,1.8873361386270644,1.8997528553009033,1.8873361386270644,1.8997528553009033,9113,0.0,0.0
2001-09-07 00:00:00-04:00,1.8997528553009033,1.8997528553009033,1.8997528553009033,1.8997528553009033,0,0.0,0.0
2001-09-10 00:00:00-04:00,1.9121689687348045,1.9121689687348045,1.8873361349105835,1.8873361349105835,6413,0.0,0.0
2001-09-17 00:00:00-04:00,1.8873361728247853,1.8873361728247853,1.5794018734887354,1.5918186902999878,16538,0.0,0.0
2001-09-18 00:00:00-04:00,1.6191357472322,1.6191357472322,1.5918186902999878,1.5918186902999878,9450,0.0,0.0
2001-09-19 00:00:00-04:00,1.5918183133793942,1.5918183133793942,1.5173181295394897,1.5173181295394897,8100,0.0,0.0
2001-09-20 00:00:00-04:00,1.5173189167752148,1.5173189167752148,1.4900027513504028,1.4900027513504028,9450,0.0,0.0
2001-09-21 00:00:00-04:00,1.567763328552246,1.567763328552246,1.567763328552246,1.567763328552246,3375,0.017778,0.0
2001-09-24 00:00:00-04:00,1.5050528049468994,1.5050528049468994,1.5050528049468994,1.5050528049468994,9113,0.0,0.0
2001-09-25 00:00:00-04:00,1.5175950527191162,1.5175950527191162,1.5175950527191162,1.5175950527191162,3375,0.0,0.0
2001-09-26 00:00:00-04:00,1.5552208552959614,1.5577293634414673,1.5552208552959614,1.5577293634414673,8438,0.0,0.0
2001-09-27 00:00:00-04:00,1.5577293634414673,1.5577293634414673,1.5577293634414673,1.5577293634414673,0,0.0,0.0
2001-09-28 00:00:00-04:00,1.5577293634414673,1.5577293634414673,1.5577293634414673,1.5577293634414673,0,0.0,0.0
2001-10-01 00:00:00-04:00,1.5577293634414673,1.5577293634414673,1.5577293634414673,1.5577293634414673,0,0.0,0.0
2001-10-02 00:00:00-04:00,1.517595043693937,1.517595043693937,1.4799682265311838,1.5050528049468994,75263,0.0,0.0
2001-10-03 00:00:00-04:00,1.505052796053576,1.5301364660263062,1.4824767260736538,1.5301364660263062,101925,0.0,0.0
2001-10-04 00:00:00-04:00,1.5100699268207884,1.5100699268207884,1.4799684286117554,1.4799684286117554,38475,0.0,0.0
2001-10-05 00:00:00-04:00,1.5351533155794976,1.5803054535951908,1.3670895246905042,1.4072239398956299,49950,0.0,0.0
2001-10-08 00:00:00-04:00,1.4423426389694214,1.5050531402229486,1.4072243222858611,1.4423426389694214,13163,0.0,0.0
2001-10-09 00:00:00-04:00,1.4423423921735863,1.4423423921735863,1.4298001527786255,1.4298001527786255,14513,0.0,0.0
2001-10-10 00:00:00-04:00,1.4298001199442338,1.580305576324463,1.4298001199442338,1.580305576324463,15188,0.0,0.0
2001-10-11 00:00:00-04:00,1.4423428735388775,1.502544875721903,1.4172583863772978,1.4900026321411133,85050,0.0,0.0
2001-10-12 00:00:00-04:00,1.4799684286117554,1.4799684286117554,1.4799684286117554,1.4799684286117554,1688,0.0,0.0
2001-10-15 00:00:00-04:00,1.5050528049468994,1.5050528049468994,1.5050528049468994,1.5050528049468994,1688,0.0,0.0
2001-10-16 00:00:00-04:00,1.4824767222266049,1.5025442838668823,1.4824767222266049,1.5025442838668823,38813,0.0,0.0
2001-10-17 00:00:00-04:00,1.5025443314551705,1.567763328552246,1.5025443314551705,1.567763328552246,15188,0.0,0.0
2001-10-18 00:00:00-04:00,1.505052796053576,1.5301364660263062,1.505052796053576,1.5301364660263062,12150,0.0,0.0
2001-10-19 00:00:00-04:00,1.5175950527191162,1.5175950527191162,1.5175950527191162,1.5175950527191162,1013,0.0,0.0
2001-10-22 00:00:00-04:00,1.5301365105177618,1.567763328552246,1.5301365105177618,1.567763328552246,5400,0.0,0.0
2001-10-23 00:00:00-04:00,1.5602381357549207,1.6053894763498429,1.5602381357549207,1.5702719688415527,36113,0.0,0.0
2001-10-24 00:00:00-04:00,1.5451871120651608,1.5552209433721573,1.5025442877660067,1.5301364660263062,37125,0.0,0.0
2001-10-25 00:00:00-04:00,1.5025442966445075,1.630473678592663,1.5025442966445075,1.5050528049468994,7763,0.0,0.0
2001-10-26 00:00:00-04:00,1.5050529212327126,1.5426788330078125,1.5050529212327126,1.5426788330078125,9113,0.0,0.0
2001-10-29 00:00:00-05:00,1.5602376461029053,1.5627461540481429,1.5602376461029053,1.5602376461029053,7088,0.0,0.0
2001-10-30 00:00:00-05:00,1.6254568336798276,1.6680997610092163,1.6179315102882903,1.6680997610092163,34763,0.0,0.0
2001-10-31 00:00:00-05:00,1.6555584391185396,1.6555584391185396,1.6279654502868652,1.6279654502868652,4050,0.0,0.0
2001-11-01 00:00:00-05:00,1.6179314862721237,1.6179314862721237,1.580305576324463,1.580305576324463,5738,0.0,0.0
2001-11-02 00:00:00-05:00,1.580305576324463,1.580305576324463,1.580305576324463,1.580305576324463,0,0.0,0.0
2001-11-05 00:00:00-05:00,1.6279653889580683,1.7558947801589966,1.6279653889580683,1.7558947801589966,23625,0.0,0.0
2001-11-06 00:00:00-05:00,1.7558947801589966,1.7558947801589966,1.7558947801589966,1.7558947801589966,0,0.0,0.0
2001-11-07 00:00:00-05:00,1.6680997777161934,1.69318425655365,1.6680997777161934,1.69318425655365,6075,0.0,0.0
2001-11-08 00:00:00-05:00,1.69318425655365,1.69318425655365,1.69318425655365,1.69318425655365,0,0.0,0.0
2001-11-09 00:00:00-05:00,1.69318425655365,1.69318425655365,1.69318425655365,1.69318425655365,0,0.0,0.0
2001-11-12 00:00:00-05:00,1.6555583477020264,1.6555583477020264,1.6555583477020264,1.6555583477020264,9113,0.0,0.0
2001-11-13 00:00:00-05:00,1.6053890810104605,1.7308100461959839,1.6053890810104605,1.7308100461959839,20588,0.0,0.0
2001-11-14 00:00:00-05:00,1.6053895950317383,1.6053895950317383,1.6053895950317383,1.6053895950317383,20250,0.0,0.0
2001-11-15 00:00:00-05:00,1.6053895950317383,1.6053895950317383,1.6053895950317383,1.6053895950317383,1013,0.0,0.0
2001-11-16 00:00:00-05:00,1.6053893633736436,1.6104062795639038,1.6053893633736436,1.6104062795639038,2025,0.0,0.0
2001-11-19 00:00:00-05:00,1.6053892103980105,1.6053892103980105,1.5552209615707397,1.5552209615707397,43200,0.0,0.0
2001-11-20 00:00:00-05:00,1.555221334184703,1.6053895950317383,1.555221334184703,1.6053895950317383,35775,0.0,0.0
2001-11-21 00:00:00-05:00,1.5552209615707397,1.5577294698876625,1.5552209615707397,1.5552209615707397,10463,0.0,0.0
2001-11-23 00:00:00-05:00,1.5552209615707397,1.5552209615707397,1.5552209615707397,1.5552209615707397,0,0.0,0.0
2001-11-26 00:00:00-05:00,1.555221334184703,1.6053895950317383,1.5426790923600295,1.6053895950317383,34425,0.0,0.0
2001-11-27 00:00:00-05:00,1.6053895950317383,1.6053895950317383,1.6053895950317383,1.6053895950317383,7088,0.0,0.0
2001-11-28 00:00:00-05:00,1.5426788330078125,1.5426788330078125,1.5426788330078125,1.5426788330078125,675,0.0,0.0
2001-11-29 00:00:00-05:00,1.6731166090143241,1.7182687520980835,1.6731166090143241,1.7182687520980835,5063,0.0,0.0
2001-11-30 00:00:00-05:00,1.5326447486877441,1.5326447486877441,1.5326447486877441,1.5326447486877441,675,0.0,0.0
2001-12-03 00:00:00-05:00,1.5326447486877441,1.5326447486877441,1.5326447486877441,1.5326447486877441,0,0.0,0.0
2001-12-04 00:00:00-05:00,1.5326452377210464,1.5376621545671283,1.5326452377210464,1.5351537466049194,11813,0.0,0.0
2001-12-05 00:00:00-05:00,1.6279653254839286,1.6304737329483032,1.6279653254839286,1.6304737329483032,4050,0.0,0.0
2001-12-06 00:00:00-05:00,1.6555582665984117,1.6781334285477383,1.54267872275105,1.5552209615707397,14850,0.0,0.0
2001-12-07 00:00:00-05:00,1.5426788981876505,1.6806421279907227,1.5050529848228154,1.6806421279907227,5063,0.0,0.0
2001-12-10 00:00:00-05:00,1.5426789651177903,1.5527127981185913,1.5426789651177903,1.5527127981185913,2025,0.0,0.0
2001-12-11 00:00:00-05:00,1.5577297146189917,1.5577297146189917,1.5527127981185913,1.5527127981185913,1688,0.0,0.0
2001-12-12 00:00:00-05:00,1.6254568099975586,1.6254568099975586,1.6254568099975586,1.6254568099975586,3375,0.0,0.0
2001-12-13 00:00:00-05:00,1.5351537466049194,1.5351537466049194,1.5351537466049194,1.5351537466049194,3713,0.0,0.0
2001-12-14 00:00:00-05:00,1.6279654657776725,1.6806421279907227,1.5426788981876505,1.6806421279907227,26325,0.0,0.0
2001-12-17 00:00:00-05:00,1.69318425655365,1.69318425655365,1.69318425655365,1.69318425655365,1350,0.0,0.0
2001-12-18 00:00:00-05:00,1.6931845813527941,1.740844434203561,1.6053895950317383,1.6053895950317383,27338,0.0,0.0
2001-12-19 00:00:00-05:00,1.6154864992945221,1.7517932653427124,1.5523815864785673,1.7517932653427124,29700,0.011852,0.0
2001-12-20 00:00:00-05:00,1.572575197876341,1.7846078635979417,1.5650024430833966,1.7467443943023682,20588,0.0,0.0
2001-12-21 00:00:00-05:00,1.7467443943023682,1.7467443943023682,1.7467443943023682,1.7467443943023682,338,0.0,0.0
2001-12-24 00:00:00-05:00,1.6533498764038086,1.6533498764038086,1.6533498764038086,1.6533498764038086,675,0.0,0.0
2001-12-26 00:00:00-05:00,1.6710179981724744,1.7846074667954486,1.6710179981724744,1.7795588970184326,28013,0.0,0.0
2001-12-27 00:00:00-05:00,1.7795595436034257,1.8376160860061646,1.7669385208006052,1.8376160860061646,93488,0.0,0.0
2001-12-28 00:00:00-05:00,1.7820839881896973,1.7820839881896973,1.7820839881896973,1.7820839881896973,338,0.0,0.0
2001-12-31 00:00:00-05:00,1.7669386453082245,1.7921808958053589,1.7669386453082245,1.7921808958053589,18563,0.0,0.0
2002-01-02 00:00:00-05:00,1.8148980140686035,1.8148980140686035,1.8148980140686035,1.8148980140686035,1688,0.0,0.0
2002-01-03 00:00:00-05:00,1.8148981049112431,1.8148981049112431,1.8048021793365479,1.8048021793365479,3713,0.0,0.0
2002-01-04 00:00:00-05:00,1.8048020604300206,2.044600486755371,1.8048020604300206,2.044600486755371,70875,0.0,0.0
2002-01-07 00:00:00-05:00,2.064794047695281,2.208673460948075,1.8199464540999317,2.019357919692993,33413,0.0,0.0
2002-01-08 00:00:00-05:00,2.019357235700124,2.064793348312378,1.817421552752656,2.064793348312378,3375,0.0,0.0
2002-01-09 00:00:00-05:00,2.006736993789673,2.006736993789673,2.006736993789673,2.006736993789673,675,0.0,0.0
2002-01-10 00:00:00-05:00,1.7795588721671196,2.006736993789673,1.7795588721671196,2.006736993789673,1688,0.0,0.0
2002-01-11 00:00:00-05:00,1.9183905822884,2.0774153063648924,1.8679068975404223,1.9966408014297485,17888,0.0,0.0
2002-01-14 00:00:00-05:00,1.8048019869362604,2.0193579517843556,1.8048019869362604,1.9966408014297485,10800,0.0,0.0
2002-01-15 00:00:00-05:00,2.0193571993796513,2.0193571993796513,2.006736993789673,2.006736993789673,1350,0.0,0.0
2002-01-16 00:00:00-05:00,2.0067374909969153,2.1556644439697266,2.0067374909969153,2.1556644439697266,24638,0.0,0.0
2002-01-17 00:00:00-05:00,2.0218822054466727,2.155664678797537,2.019357919692993,2.019357919692993,11475,0.0,0.0
2002-01-18 00:00:00-05:00,2.1556645757795194,2.1556645757795194,2.0875113010406494,2.0875113010406494,1350,0.0,0.0
2002-01-22 00:00:00-05:00,2.145568225033394,2.145568225033394,2.0698423044062073,2.140519857406616,38475,0.0,0.0
2002-01-23 00:00:00-05:00,2.140520429737996,2.2086737155914307,2.140520429737996,2.2086737155914307,25988,0.0,0.0
2002-01-24 00:00:00-05:00,2.2086737155914307,2.2086737155914307,2.2086737155914307,2.2086737155914307,338,0.0,0.0
2002-01-25 00:00:00-05:00,2.2086727520653686,2.2086727520653686,2.10518031918546,2.1077044010162354,8438,0.0,0.0
2002-01-28 00:00:00-05:00,2.1178010710525004,2.2339138984680176,2.1026557695236985,2.2339138984680176,6413,0.0,0.0
2002-01-29 00:00:00-05:00,2.23139075151631,2.2591570815774347,2.175858497619629,2.175858497619629,13163,0.0,0.0
2002-01-30 00:00:00-05:00,2.145568798714604,2.2086737155914307,2.145568798714604,2.2086737155914307,7763,0.0,0.0
2002-01-31 00:00:00-05:00,2.1809067726135254,2.1809067726135254,2.0824626818805383,2.1809067726135254,9450,0.0,0.0
2002-02-01 00:00:00-05:00,2.0824626818805383,2.1809067726135254,2.0824626818805383,2.1809067726135254,1350,0.0,0.0
2002-02-04 00:00:00-05:00,2.1809067726135254,2.1809067726135254,2.1809067726135254,2.1809067726135254,0,0.0,0.0
2002-02-05 00:00:00-05:00,2.1708098334263397,2.1809067726135254,2.1708098334263397,2.1809067726135254,3375,0.0,0.0
2002-02-06 00:00:00-05:00,2.132947377816466,2.1809067726135254,2.0193577767463133,2.1809067726135254,7088,0.0,0.0
2002-02-07 00:00:00-05:00,2.1809067726135254,2.1809067726135254,2.1809067726135254,2.1809067726135254,0,0.0,0.0
2002-02-08 00:00:00-05:00,2.1834309101104736,2.1834309101104736,2.1834309101104736,2.1834309101104736,675,0.0,0.0
2002-02-11 00:00:00-05:00,2.168285369873047,2.168285369873047,2.168285369873047,2.168285369873047,338,0.0,0.0
2002-02-12 00:00:00-05:00,2.168286027206527,2.168286027206527,2.044600486755371,2.044600486755371,3038,0.0,0.0
2002-02-13 00:00:00-05:00,2.0445996946139813,2.170809268951416,2.0445996946139813,2.170809268951416,3713,0.0,0.0
2002-02-14 00:00:00-05:00,2.04459971478143,2.1733335753072662,2.04459971478143,2.1077044010162354,13838,0.0,0.0
2002-02-15 00:00:00-05:00,2.09508405494991,2.110229363246409,2.019357919692993,2.019357919692993,28688,0.0,0.0
2002-02-19 00:00:00-05:00,2.031978780884704,2.0698422479473986,2.031978780884704,2.0673179626464844,21600,0.0,0.0
2002-02-20 00:00:00-05:00,2.0673179626464844,2.0673179626464844,2.0673179626464844,2.0673179626464844,0,0.0,0.0
2002-02-21 00:00:00-05:00,2.031979560852051,2.031979560852051,2.031979560852051,2.031979560852051,338,0.0,0.0
2002-02-22 00:00:00-05:00,2.031979560852051,2.031979560852051,2.031979560852051,2.031979560852051,0,0.0,0.0
2002-02-25 00:00:00-05:00,2.0572207129815414,2.170809268951416,2.0572207129815414,2.170809268951416,25650,0.0,0.0
2002-02-26 00:00:00-05:00,2.1581885431406853,2.1581885431406853,2.132947112322089,2.1455681324005127,6075,0.0,0.0
2002-02-27 00:00:00-05:00,2.158188819885254,2.1657614735258996,2.1455684075267656,2.158188819885254,234900,0.0,0.0
2002-02-28 00:00:00-05:00,2.1455681324005127,2.1455681324005127,2.1455681324005127,2.1455681324005127,2025,0.0,0.0
2002-03-01 00:00:00-05:00,2.1455681324005127,2.1455681324005127,2.1455681324005127,2.1455681324005127,5400,0.0,0.0
2002-03-04 00:00:00-05:00,2.1329472064971924,2.1329472064971924,2.1329472064971924,2.1329472064971924,1688,0.0,0.0
2002-03-05 00:00:00-05:00,2.132947528803948,2.132947528803948,2.019357919692993,2.019357919692993,18563,0.0,0.0
2002-03-06 00:00:00-05:00,2.019357919692993,2.019357919692993,2.019357919692993,2.019357919692993,338,0.0,0.0
2002-03-07 00:00:00-05:00,2.019357919692993,2.019357919692993,2.019357919692993,2.019357919692993,0,0.0,0.0
2002-03-08 00:00:00-05:00,2.130423069000244,2.130423069000244,2.130423069000244,2.130423069000244,3375,0.0,0.0
2002-03-11 00:00:00-05:00,2.0193575577304954,2.1733338832855225,2.0193575577304954,2.1733338832855225,9113,0.0,0.0
2002-03-12 00:00:00-05:00,2.0193575577304954,2.1733338832855225,2.0193575577304954,2.1733338832855225,1688,0.0,0.0
2002-03-13 00:00:00-05:00,2.1733338832855225,2.1733338832855225,2.1733338832855225,2.1733338832855225,0,0.0,0.0
2002-03-14 00:00:00-05:00,2.1733338832855225,2.1733338832855225,2.1733338832855225,2.1733338832855225,338,0.0,0.0
2002-03-15 00:00:00-05:00,2.1733338832855225,2.1733338832855225,2.1733338832855225,2.1733338832855225,0,0.0,0.0
2002-03-18 00:00:00-05:00,2.1556645555523124,2.2162451759363804,2.1556645555523124,2.196052312850952,9450,0.0,0.0
2002-03-19 00:00:00-05:00,2.228866420397252,2.2541086673736572,2.228866420397252,2.2541086673736572,2363,0.0,0.0
2002-03-20 00:00:00-05:00,2.2591910362243652,2.2591910362243652,2.2591910362243652,2.2591910362243652,0,0.017778,0.0
2002-03-21 00:00:00-05:00,2.2591910362243652,2.2591910362243652,2.2591910362243652,2.2591910362243652,0,0.0,0.0
2002-03-22 00:00:00-05:00,2.27443927973668,2.5260250568389893,2.27443927973668,2.5260250568389893,14513,0.0,0.0
2002-03-25 00:00:00-05:00,2.3252644538879395,2.3252644538879395,2.3252644538879395,2.3252644538879395,675,0.0,0.0
2002-03-26 00:00:00-05:00,2.2286964035320365,2.2286964035320365,2.1982006863875276,2.2261550426483154,6413,0.0,0.0
2002-03-27 00:00:00-05:00,2.2261550426483154,2.2261550426483154,2.2261550426483154,2.2261550426483154,0,0.0,0.0
2002-03-28 00:00:00-05:00,2.1982014179229736,2.1982014179229736,2.1982014179229736,2.1982014179229736,18563,0.0,0.0
2002-04-01 00:00:00-05:00,2.198200858333218,2.223613855698118,2.198200858333218,2.210907459259033,6075,0.0,0.0
2002-04-02 00:00:00-05:00,2.2464845843341696,2.376089279375082,2.2464845843341696,2.261732339859009,10463,0.0,0.0
2002-04-03 00:00:00-05:00,2.4116673991503745,2.477740526199341,2.4116673991503745,2.477740526199341,2363,0.0,0.0
2002-04-04 00:00:00-05:00,2.2083659126133393,2.261732445994477,2.2083659126133393,2.238860607147217,28013,0.0,0.0
2002-04-05 00:00:00-05:00,2.363383814294069,2.3735480308532715,2.2363194515613936,2.3735480308532715,13163,0.0,0.0
2002-04-08 00:00:00-04:00,2.238860543501304,2.2871453762054443,2.238860543501304,2.2871453762054443,2700,0.0,0.0
2002-04-09 00:00:00-04:00,2.269356069293318,2.269356069293318,2.266814708709717,2.266814708709717,2025,0.0,0.0
2002-04-10 00:00:00-04:00,2.360842357769682,2.4142088890075684,2.360842357769682,2.4142088890075684,3713,0.0,0.0
2002-04-11 00:00:00-04:00,2.4142088890075684,2.4142088890075684,2.4142088890075684,2.4142088890075684,0,0.0,0.0
2002-04-12 00:00:00-04:00,2.398961009981547,2.4015023708343506,2.279521548607433,2.4015023708343506,8775,0.0,0.0
2002-04-15 00:00:00-04:00,2.47011686450622,2.47011686450622,2.162622425652565,2.4015023708343506,65813,0.0,0.0
2002-04-16 00:00:00-04:00,2.4015023708343506,2.4015023708343506,2.4015023708343506,2.4015023708343506,0,0.0,0.0
2002-04-17 00:00:00-04:00,2.4396212100982666,2.4396212100982666,2.4396212100982666,2.4396212100982666,675,0.0,0.0
2002-04-18 00:00:00-04:00,2.4396212100982666,2.4396212100982666,2.4396212100982666,2.4396212100982666,0,0.0,0.0
2002-04-19 00:00:00-04:00,2.249025733509877,2.4243741035461426,2.249025733509877,2.4243741035461426,4388,0.0,0.0
2002-04-22 00:00:00-04:00,2.4243741035461426,2.4243741035461426,2.4243741035461426,2.4243741035461426,0,0.0,0.0
2002-04-23 00:00:00-04:00,2.274439156997609,2.274439156997609,2.1982009786760894,2.223613977432251,75600,0.0,0.0
2002-04-24 00:00:00-04:00,2.2820630073547363,2.2820630073547363,2.2820630073547363,2.2820630073547363,338,0.0,0.0
2002-04-25 00:00:00-04:00,2.2820630073547363,2.2820630073547363,2.2820630073547363,2.2820630073547363,0,0.0,0.0
2002-04-26 00:00:00-04:00,2.3506769933631464,2.477740526199341,2.2363192412478288,2.477740526199341,35775,0.0,0.0
2002-04-29 00:00:00-04:00,2.4955298343402075,2.4955298343402075,2.411667585372925,2.411667585372925,675,0.0,0.0
2002-04-30 00:00:00-04:00,2.411667580744267,2.4142089415664953,2.2871453991626627,2.3633837699890137,3375,0.0,0.0
2002-05-01 00:00:00-04:00,2.4142091084478223,2.4142091084478223,2.289686918258667,2.289686918258667,3713,0.0,0.0
2002-05-02 00:00:00-04:00,2.289686918258667,2.289686918258667,2.289686918258667,2.289686918258667,0,0.0,0.0
2002-05-03 00:00:00-04:00,2.434539329749669,2.437079668045044,2.287145315155244,2.437079668045044,2700,0.0,0.0
2002-05-06 00:00:00-04:00,2.2846039886030916,2.4142088890075684,2.2846039886030916,2.4142088890075684,3375,0.0,0.0
2002-05-07 00:00:00-04:00,2.2896867643794345,2.442162483891233,2.2896867643794345,2.411667585372925,4388,0.0,0.0
2002-05-08 00:00:00-04:00,2.2490263325107605,2.3989615440368652,2.2236141497324615,2.3989615440368652,13163,0.0,0.0
2002-05-09 00:00:00-04:00,2.233777344669448,2.386253833770752,2.233777344669448,2.386253833770752,14850,0.0,0.0
2002-05-10 00:00:00-04:00,2.355759859085083,2.355759859085083,2.355759859085083,2.355759859085083,338,0.0,0.0
2002-05-13 00:00:00-04:00,2.355759995385237,2.355759995385237,2.287145698058701,2.3150992393493652,5738,0.0,0.0
2002-05-14 00:00:00-04:00,2.3125578781950185,2.3150992393493652,2.2490260986904405,2.3150992393493652,4388,0.0,0.0
2002-05-15 00:00:00-04:00,2.2871453762054443,2.2871453762054443,2.2871453762054443,2.2871453762054443,1013,0.0,0.0
2002-05-16 00:00:00-04:00,2.2846040803550247,2.3557597308454925,2.236319450764965,2.238860607147217,8775,0.0,0.0
2002-05-17 00:00:00-04:00,2.3405120372772217,2.3405120372772217,2.3405120372772217,2.3405120372772217,338,0.0,0.0
2002-05-20 00:00:00-04:00,2.340511980037002,2.3430533409118652,2.340511980037002,2.3430533409118652,675,0.0,0.0
2002-05-21 00:00:00-04:00,2.3481359481811523,2.3481359481811523,2.3481359481811523,2.3481359481811523,3713,0.0,0.0
2002-05-22 00:00:00-04:00,2.31001615524292,2.31001615524292,2.31001615524292,2.31001615524292,20250,0.0,0.0
2002-05-23 00:00:00-04:00,2.348135785972941,2.358301024673113,2.2871453762054443,2.2871453762054443,16875,0.0,0.0
2002-05-24 00:00:00-04:00,2.4065849781036377,2.4065849781036377,2.4065849781036377,2.4065849781036377,1350,0.0,0.0
2002-05-28 00:00:00-04:00,2.4065849781036377,2.4065849781036377,2.4065849781036377,2.4065849781036377,0,0.0,0.0
2002-05-29 00:00:00-04:00,2.4065849781036377,2.4065849781036377,2.4065849781036377,2.4065849781036377,0,0.0,0.0
2002-05-30 00:00:00-04:00,2.4065849781036377,2.4065849781036377,2.4065849781036377,2.4065849781036377,0,0.0,0.0
2002-05-31 00:00:00-04:00,2.4065849781036377,2.4065849781036377,2.4065849781036377,2.4065849781036377,0,0.0,0.0
2002-06-03 00:00:00-04:00,2.2566497325897217,2.2566497325897217,2.2566497325897217,2.2566497325897217,3375,0.0,0.0
2002-06-04 00:00:00-04:00,2.2490258461363646,2.2490258461363646,2.238860607147217,2.238860607147217,47250,0.0,0.0
2002-06-05 00:00:00-04:00,2.2236137646864593,2.5412726402282715,2.185494167955965,2.5412726402282715,40838,0.0,0.0
2002-06-06 00:00:00-04:00,2.5412726402282715,2.5412726402282715,2.5412726402282715,2.5412726402282715,0,0.0,0.0
2002-06-07 00:00:00-04:00,2.3303470098634818,2.51585962706851,2.266815230016442,2.350677490234375,41513,0.0,0.0
2002-06-10 00:00:00-04:00,2.350677490234375,2.350677490234375,2.350677490234375,2.350677490234375,33075,0.0,0.0
2002-06-11 00:00:00-04:00,2.1626224517822266,2.1626224517822266,2.1626224517822266,2.1626224517822266,1688,0.0,0.0
2002-06-12 00:00:00-04:00,2.425610303229792,2.4894421100616455,2.425610303229792,2.4894421100616455,7763,0.011852,0.0
2002-06-13 00:00:00-04:00,2.3005002417825127,2.3924174019640247,2.2979468788997957,2.3847575187683105,24638,0.0,0.0
2002-06-14 00:00:00-04:00,2.3847575187683105,2.3847575187683105,2.3847575187683105,2.3847575187683105,0,0.0,0.0
2002-06-17 00:00:00-04:00,2.3260327399531397,2.3260327399531397,2.2341153621673584,2.2341153621673584,5738,0.0,0.0
2002-06-18 00:00:00-04:00,2.2443269306473383,2.246880292892456,2.2443269306473383,2.246880292892456,1688,0.0,0.0
2002-06-19 00:00:00-04:00,2.2085813212380185,2.297946116135882,2.055384735436907,2.167729377746582,34088,0.0,0.0
2002-06-20 00:00:00-04:00,2.1626236574290454,2.257094398435108,2.1626236574290454,2.2341153621673584,35438,0.0,0.0
2002-06-21 00:00:00-04:00,2.2443273067474365,2.2443273067474365,2.2443273067474365,2.2443273067474365,675,0.0,0.0
2002-06-24 00:00:00-04:00,2.244327523183329,2.2468808861025726,2.170283285764294,2.1728358268737793,5063,0.0,0.0
2002-06-25 00:00:00-04:00,2.1830487075470084,2.2162415981292725,2.1830487075470084,2.2162415981292725,102600,0.0,0.0
2002-06-26 00:00:00-04:00,2.1881553824655144,2.2443273067474365,2.1881553824655144,2.2443273067474365,2025,0.0,0.0
2002-06-27 00:00:00-04:00,2.1983686277051167,2.2443273067474365,2.195815265032111,2.2443273067474365,8100,0.0,0.0
2002-06-28 00:00:00-04:00,2.2443270454896047,2.2443270454896047,2.2136881351470947,2.2136881351470947,3713,0.0,0.0
2002-07-01 00:00:00-04:00,2.295392821334077,2.295392821334077,2.1830483811861376,2.2902863025665283,3713,0.0,0.0
2002-07-02 00:00:00-04:00,2.272413492202759,2.272413492202759,2.2698601297405365,2.272413492202759,4388,0.0,0.0
2002-07-03 00:00:00-04:00,2.2800733271321953,2.2979464530944824,2.2800733271321953,2.2979464530944824,13500,0.0,0.0
2002-07-05 00:00:00-04:00,2.2979464530944824,2.2979464530944824,2.2979464530944824,2.2979464530944824,0,0.0,0.0
2002-07-08 00:00:00-04:00,2.2468804839377445,2.272413492202759,2.2468804839377445,2.272413492202759,2363,0.0,0.0
2002-07-09 00:00:00-04:00,2.2851795911225317,2.2851795911225317,2.1626227291114306,2.2570934295654297,113063,0.0,0.0
2002-07-10 00:00:00-04:00,2.218795494559423,2.2315618991851807,2.218795494559423,2.2315618991851807,675,0.0,0.0
2002-07-11 00:00:00-04:00,2.1677294143573973,2.1677294143573973,2.1626226902008057,2.1626226902008057,4388,0.0,0.0
2002-07-12 00:00:00-04:00,2.165176765378246,2.1728358268737793,2.165176765378246,2.1728358268737793,4050,0.0,0.0
2002-07-15 00:00:00-04:00,2.1626226902008057,2.1626226902008057,2.1626226902008057,2.1626226902008057,2363,0.0,0.0
2002-07-16 00:00:00-04:00,2.1626226902008057,2.1626226902008057,2.1626226902008057,2.1626226902008057,0,0.0,0.0
2002-07-17 00:00:00-04:00,2.1626226902008057,2.1626226902008057,2.1626226902008057,2.1626226902008057,0,0.0,0.0
2002-07-18 00:00:00-04:00,2.1626226902008057,2.1626226902008057,2.1626226902008057,2.1626226902008057,0,0.0,0.0
2002-07-19 00:00:00-04:00,2.1626232976247017,2.1702831805586764,2.1192171573638916,2.1192171573638916,14513,0.0,0.0
2002-07-22 00:00:00-04:00,2.0962384417949327,2.0987915992736816,2.0426188475021596,2.0987915992736816,8100,0.0,0.0
2002-07-23 00:00:00-04:00,2.045171875620481,2.045171875620481,2.0426185131073,2.0426185131073,19913,0.0,0.0
2002-07-24 00:00:00-04:00,2.0426185131073,2.0426185131073,2.0426185131073,2.0426185131073,0,0.0,0.0
2002-07-25 00:00:00-04:00,1.889423134773803,2.1192171573638916,1.889423134773803,2.1192171573638916,5400,0.0,0.0
2002-07-26 00:00:00-04:00,1.7872917332461782,2.0630452632904053,1.7260132851543681,2.0630452632904053,1350,0.0,0.0
2002-07-29 00:00:00-04:00,1.9226152027146988,2.088578236791846,1.9226152027146988,2.0681519508361816,4388,0.0,0.0
2002-07-30 00:00:00-04:00,2.0681519508361816,2.0681519508361816,2.0681519508361816,2.0681519508361816,0,0.0,0.0
2002-07-31 00:00:00-04:00,1.9660205841064453,1.9660205841064453,1.9660205841064453,1.9660205841064453,675,0.0,0.0
2002-08-01 00:00:00-04:00,1.978786924098596,2.0681519508361816,1.9149553197997708,2.0681519508361816,4725,0.0,0.0
2002-08-02 00:00:00-04:00,2.0681519508361816,2.0681519508361816,2.0681519508361816,2.0681519508361816,675,0.0,0.0
2002-08-05 00:00:00-04:00,2.0681519508361816,2.0681519508361816,2.0681519508361816,2.0681519508361816,0,0.0,0.0
2002-08-06 00:00:00-04:00,1.9149553775787354,1.9149553775787354,1.9149553775787354,1.9149553775787354,2025,0.0,0.0
2002-08-07 00:00:00-04:00,2.0400655269622803,2.0400655269622803,2.0400655269622803,2.0400655269622803,338,0.0,0.0
2002-08-08 00:00:00-04:00,2.0400655269622803,2.0400655269622803,2.0400655269622803,2.0400655269622803,0,0.0,0.0
2002-08-09 00:00:00-04:00,2.0400655269622803,2.0400655269622803,2.0400655269622803,2.0400655269622803,0,0.0,0.0
2002-08-12 00:00:00-04:00,2.0400655269622803,2.0400655269622803,2.0400655269622803,2.0400655269622803,338,0.0,0.0
2002-08-13 00:00:00-04:00,2.0400655269622803,2.0400655269622803,2.0400655269622803,2.0400655269622803,0,0.0,0.0
2002-08-14 00:00:00-04:00,2.0400655269622803,2.0400655269622803,2.0400655269622803,2.0400655269622803,0,0.0,0.0
2002-08-15 00:00:00-04:00,2.0400655269622803,2.0400655269622803,2.0400655269622803,2.0400655269622803,0,0.0,0.0
2002-08-16 00:00:00-04:00,2.0400655269622803,2.0400655269622803,2.0400655269622803,2.0400655269622803,0,0.0,0.0
2002-08-19 00:00:00-04:00,2.0400655269622803,2.0400655269622803,2.0400655269622803,2.0400655269622803,0,0.0,0.0
2002-08-20 00:00:00-04:00,1.943042178733566,1.943042178733566,1.9404888153076172,1.9404888153076172,5400,0.0,0.0
2002-08-21 00:00:00-04:00,1.9404888153076172,1.9404888153076172,1.9404888153076172,1.9404888153076172,0,0.0,0.0
2002-08-22 00:00:00-04:00,1.978786826133728,1.978786826133728,1.978786826133728,1.978786826133728,1688,0.0,0.0
2002-08-23 00:00:00-04:00,1.9404888153076172,1.9404888153076172,1.9404888153076172,1.9404888153076172,675,0.0,0.0
2002-08-26 00:00:00-04:00,1.9404888153076172,1.9404888153076172,1.9404888153076172,1.9404888153076172,0,0.0,0.0
2002-08-27 00:00:00-04:00,2.0426192432959667,2.0426192432959667,1.9404888153076172,1.9404888153076172,1688,0.0,0.0
2002-08-28 00:00:00-04:00,2.0707048843950715,2.1064503159603523,2.0426185131073,2.0426185131073,8438,0.0,0.0
2002-08-29 00:00:00-04:00,2.0426185131073,2.0426185131073,2.0426185131073,2.0426185131073,0,0.0,0.0
2002-08-30 00:00:00-04:00,2.0426185131073,2.0426185131073,2.0426185131073,2.0426185131073,0,0.0,0.0
2002-09-03 00:00:00-04:00,2.14475006744518,2.14475006744518,2.116663694381714,2.116663694381714,675,0.0,0.0
2002-09-04 00:00:00-04:00,1.7872916568859736,2.0400655269622803,1.7872916568859736,2.0400655269622803,9450,0.0,0.0
2002-09-05 00:00:00-04:00,2.0400655269622803,2.0400655269622803,2.0400655269622803,2.0400655269622803,0,0.0,0.0
2002-09-06 00:00:00-04:00,2.0400655269622803,2.0400655269622803,2.0400655269622803,2.0400655269622803,0,0.0,0.0
2002-09-09 00:00:00-04:00,2.0400655269622803,2.0400655269622803,2.0400655269622803,2.0400655269622803,0,0.0,0.0
2002-09-10 00:00:00-04:00,2.0400655969350243,2.2034754753112793,2.0247466527615363,2.2034754753112793,27338,0.0,0.0
2002-09-11 00:00:00-04:00,2.2060466859593504,2.208617925643921,2.2060466859593504,2.208617925643921,3038,0.017778,0.0
2002-09-12 00:00:00-04:00,2.2060466859593504,2.208617925643921,2.069775741167031,2.208617925643921,21263,0.0,0.0
2002-09-13 00:00:00-04:00,2.2034754753112793,2.2034754753112793,2.2034754753112793,2.2034754753112793,61425,0.0,0.0
2002-09-16 00:00:00-04:00,2.2034754753112793,2.2034754753112793,2.2034754753112793,2.2034754753112793,0,0.0,0.0
2002-09-17 00:00:00-04:00,2.1340544856034662,2.2034754753112793,2.1340544856034662,2.2034754753112793,2700,0.0,0.0
2002-09-18 00:00:00-04:00,2.2034754753112793,2.2034754753112793,2.2034754753112793,2.2034754753112793,8775,0.0,0.0
2002-09-19 00:00:00-04:00,2.1854779738788848,2.2034754100296405,2.13405442237854,2.13405442237854,5400,0.0,0.0
2002-09-20 00:00:00-04:00,2.2034748654243774,2.2060461044311523,2.1314826559244127,2.2060461044311523,12488,0.0,0.0
2002-09-23 00:00:00-04:00,2.1211979389190674,2.1211979389190674,2.1211979389190674,2.1211979389190674,3375,0.0,0.0
2002-09-24 00:00:00-04:00,2.0697750837927402,2.18033504486084,2.0697750837927402,2.18033504486084,4388,0.0,0.0
2002-09-25 00:00:00-04:00,2.067203844924812,2.18033504486084,1.9540736794427862,2.18033504486084,11475,0.0,0.0
2002-09-26 00:00:00-04:00,2.1751928329467773,2.1751928329467773,2.1751928329467773,2.1751928329467773,338,0.0,0.0
2002-09-27 00:00:00-04:00,1.9592165532859416,2.1726222038269043,1.9592165532859416,2.1726222038269043,2025,0.0,0.0
2002-09-30 00:00:00-04:00,2.1726222038269043,2.1726222038269043,2.1726222038269043,2.1726222038269043,0,0.0,0.0
2002-10-01 00:00:00-04:00,2.0543487071990967,2.0543487071990967,1.992641023967694,2.0543487071990967,14175,0.0,0.0
2002-10-02 00:00:00-04:00,2.0286374827353613,2.0312085151672363,2.0286374827353613,2.0312085151672363,1688,0.0,0.0
2002-10-03 00:00:00-04:00,2.0414934158325195,2.0414934158325195,2.0414934158325195,2.0414934158325195,338,0.0,0.0
2002-10-04 00:00:00-04:00,1.9926408995593554,2.0414934158325195,1.9592164410305666,2.0414934158325195,4725,0.0,0.0
2002-10-07 00:00:00-04:00,2.0312085151672363,2.0312085151672363,2.0312085151672363,2.0312085151672363,2025,0.0,0.0
2002-10-08 00:00:00-04:00,1.9849272418126014,2.0312085151672363,1.9849272418126014,2.0312085151672363,1350,0.0,0.0
2002-10-09 00:00:00-04:00,1.9849274315186791,2.031208709296569,1.9797851592726277,1.9977834224700928,5400,0.0,0.0
2002-10-10 00:00:00-04:00,1.9592166462380072,1.9797853231430054,1.9592166462380072,1.9797853231430054,1350,0.0,0.0
2002-10-11 00:00:00-04:00,1.9797853231430054,1.9797853231430054,1.9797853231430054,1.9797853231430054,0,0.0,0.0
2002-10-14 00:00:00-04:00,1.9797853231430054,1.9797853231430054,1.9797853231430054,1.9797853231430054,0,0.0,0.0
2002-10-15 00:00:00-04:00,1.9103642242057097,1.9926409961031335,1.9103642242057097,1.9540742635726929,5738,0.0,0.0
2002-10-16 00:00:00-04:00,1.9566454796764785,1.9926409721374512,1.9540742400708564,1.9926409721374512,7763,0.0,0.0
2002-10-17 00:00:00-04:00,1.9283627271652222,1.9283627271652222,1.9283627271652222,1.9283627271652222,675,0.0,0.0
2002-10-18 00:00:00-04:00,1.9540742635726929,1.997783475376227,1.9540742635726929,1.9540742635726929,32400,0.0,0.0
2002-10-21 00:00:00-04:00,1.9540742635726929,1.9540742635726929,1.9540742635726929,1.9540742635726929,2700,0.0,0.0
2002-10-22 00:00:00-04:00,1.9540742635726929,1.990069963357449,1.9540742635726929,1.9540742635726929,8438,0.0,0.0
2002-10-23 00:00:00-04:00,1.9900699032838316,1.9900699032838316,1.9540742045856665,1.9746437072753906,2700,0.0,0.0
2002-10-24 00:00:00-04:00,2.0543487941096448,2.0543487941096448,1.9540743735663206,1.9797853231430054,8100,0.0,0.0
2002-10-25 00:00:00-04:00,1.9540742635726929,2.0543486784716323,1.7998050576514455,1.9540742635726929,82350,0.0,0.0
2002-10-28 00:00:00-05:00,1.9540739965943545,1.96950101852417,1.9540739965943545,1.96950101852417,17550,0.0,0.0
2002-10-29 00:00:00-05:00,1.9669300317764282,1.9669300317764282,1.9669300317764282,1.9669300317764282,4725,0.0,0.0
2002-10-30 00:00:00-05:00,1.9669300317764282,1.9669300317764282,1.9669300317764282,1.9669300317764282,0,0.0,0.0
2002-10-31 00:00:00-05:00,1.9669297792389226,1.96950101852417,1.9669297792389226,1.96950101852417,1350,0.0,0.0
2002-11-01 00:00:00-05:00,1.954074247481284,1.9669300317764282,1.954074247481284,1.9669300317764282,51975,0.0,0.0
2002-11-04 00:00:00-05:00,1.9669300317764282,1.9669300317764282,1.9669300317764282,1.9669300317764282,0,0.0,0.0
2002-11-05 00:00:00-05:00,1.979784941210989,1.979784941210989,1.96950101852417,1.96950101852417,1013,0.0,0.0
2002-11-06 00:00:00-05:00,1.9695012713918014,1.9695012713918014,1.954074247481284,1.9669300317764282,20250,0.0,0.0
2002-11-07 00:00:00-05:00,1.9695012713918014,1.9695012713918014,1.9669300317764282,1.9669300317764282,24975,0.0,0.0
2002-11-08 00:00:00-05:00,1.9669300317764282,1.9669300317764282,1.9669300317764282,1.9669300317764282,7088,0.0,0.0
2002-11-11 00:00:00-05:00,1.7612381182301429,1.966930047973702,1.7612381182301429,1.9540742635726929,25988,0.0,0.0
2002-11-12 00:00:00-05:00,1.956645885910133,1.956645885910133,1.756096189323236,1.8383731842041016,50625,0.0,0.0
2002-11-13 00:00:00-05:00,1.8409433898890442,1.8409433898890442,1.8383731842041016,1.8383731842041016,6075,0.0,0.0
2002-11-14 00:00:00-05:00,1.8512278139887857,1.9129352905502544,1.55554621580825,1.8075186014175415,52988,0.0,0.0
2002-11-15 00:00:00-05:00,1.6352509580773684,1.8126606846495228,1.6352509580773684,1.6712474822998047,27338,0.0,0.0
2002-11-18 00:00:00-05:00,1.6635339709508317,1.6712474822998047,1.6635339709508317,1.6712474822998047,1688,0.0,0.0
2002-11-19 00:00:00-05:00,1.6712474822998047,1.6712474822998047,1.6712474822998047,1.6712474822998047,3375,0.0,0.0
2002-11-20 00:00:00-05:00,1.666105240869516,1.666105240869516,1.6018266296145707,1.6429646015167236,10125,0.0,0.0
2002-11-21 00:00:00-05:00,1.6429646015167236,1.6429646015167236,1.6429646015167236,1.6429646015167236,0,0.0,0.0
2002-11-22 00:00:00-05:00,1.627538397058679,1.7740932617263498,1.627538397058679,1.7612380981445312,21938,0.0,0.0
2002-11-25 00:00:00-05:00,1.7663806822800943,1.7663806822800943,1.7638094425201416,1.7638094425201416,3038,0.0,0.0
2002-11-26 00:00:00-05:00,1.7638093901514136,1.7895203387514576,1.7638093901514136,1.7818068265914917,3713,0.0,0.0
2002-11-27 00:00:00-05:00,1.7818068265914915,1.7818068265914915,1.7818068265914915,1.7818068265914917,0,0.0,0.0
2002-11-29 00:00:00-05:00,1.7895197009036905,1.799804449081421,1.7895197009036905,1.799804449081421,675,0.0,0.0
2002-12-02 00:00:00-05:00,1.799804449081421,1.799804449081421,1.799804449081421,1.799804449081421,0,0.0,0.0
2002-12-03 00:00:00-05:00,1.786948561668396,1.786948561668396,1.786948561668396,1.786948561668396,1350,0.0,0.0
2002-12-04 00:00:00-05:00,1.7818068102766182,1.820374577614173,1.7818068102766182,1.794662594795227,6413,0.0,0.0
2002-12-05 00:00:00-05:00,1.794662594795227,1.794662594795227,1.794662594795227,1.794662594795227,0,0.0,0.0
2002-12-06 00:00:00-05:00,1.7895203828811646,1.7895203828811646,1.7869491431341469,1.7895203828811646,4050,0.0,0.0
2002-12-09 00:00:00-05:00,1.7998049609700644,1.7998049609700644,1.7689515352249146,1.7689515352249146,17213,0.0,0.0
2002-12-10 00:00:00-05:00,1.4655552090585622,1.9283618449575906,1.3987053800412175,1.8512271642684937,98550,0.0,0.0
2002-12-11 00:00:00-05:00,1.9257905970733944,1.9257905970733944,1.799804449081421,1.799804449081421,44213,0.0,0.0
2002-12-12 00:00:00-05:00,1.5504038092108803,1.9026515355189542,1.5504038092108803,1.748382329940796,43875,0.0,0.0
2002-12-13 00:00:00-05:00,1.7638093383347098,1.7740932623127037,1.7355263233184814,1.7355263233184814,3375,0.0,0.0
2002-12-16 00:00:00-05:00,1.7509533626807625,1.7509533626807625,1.7458110903099675,1.748382329940796,7088,0.0,0.0
2002-12-17 00:00:00-05:00,1.8936484257138773,1.8936484257138773,1.750976324081421,1.750976324081421,5738,0.017778,0.0
2002-12-18 00:00:00-05:00,1.7431941449295607,1.750976324081421,1.7431941449295607,1.750976324081421,49275,0.0,0.0
2002-12-19 00:00:00-05:00,1.7302237071880313,1.7639467618229503,1.7276296822595185,1.750976324081421,3713,0.0,0.0
2002-12-20 00:00:00-05:00,1.753570318222046,1.753570318222046,1.753570318222046,1.753570318222046,4050,0.0,0.0
2002-12-23 00:00:00-05:00,1.7717288628824177,1.7717288628824177,1.7587584257125854,1.7587584257125854,4050,0.0,0.0
2002-12-24 00:00:00-05:00,1.7587584257125854,1.7587584257125854,1.7587584257125854,1.7587584257125854,0,0.0,0.0
2002-12-26 00:00:00-05:00,1.7561641931533813,1.7587583221811682,1.7561641931533813,1.7561641931533813,8100,0.0,0.0
2002-12-27 00:00:00-05:00,1.7561642385843137,1.763946625869,1.753570318222046,1.753570318222046,24975,0.0,0.0
2002-12-30 00:00:00-05:00,1.7405997852444366,1.7405997852444366,1.7224413000493857,1.7250354290008545,10125,0.0,0.0
2002-12-31 00:00:00-05:00,1.7094717821365588,1.7120659110558796,1.67315481219652,1.6887192726135254,14175,0.0,0.0
2003-01-02 00:00:00-05:00,1.6887192726135254,1.6887192726135254,1.6887192726135254,1.6887192726135254,0,0.0,0.0
2003-01-03 00:00:00-05:00,1.6887193187370235,1.6887193187370235,1.6835311651229858,1.6835311651229858,3038,0.0,0.0
2003-01-06 00:00:00-05:00,1.7120662314327275,1.7172534465789795,1.7016899225463515,1.7172534465789795,3038,0.0,0.0
2003-01-07 00:00:00-05:00,1.7068777971717948,1.9610932529263645,1.7068777971717948,1.7094718217849731,9788,0.0,0.0
2003-01-08 00:00:00-05:00,1.8106389129210527,1.8106389129210527,1.7846990823745728,1.7846990823745728,2363,0.0,0.0
2003-01-09 00:00:00-05:00,1.857331395149231,1.857331395149231,1.857331395149231,1.857331395149231,338,0.0,0.0
2003-01-10 00:00:00-05:00,1.8210150946625288,1.9455289026880396,1.7846989586954154,1.9144008159637451,18225,0.0,0.0
2003-01-13 00:00:00-05:00,1.8417673711056717,1.8417673711056717,1.8313910657916306,1.8365793228149414,17213,0.0,0.0
2003-01-14 00:00:00-05:00,1.8158270120620728,1.8158270120620728,1.8158270120620728,1.8158270120620728,2700,0.0,0.0
2003-01-15 00:00:00-05:00,1.8184211410021363,1.82879723929716,1.8158270120620728,1.8158270120620728,3038,0.0,0.0
2003-01-16 00:00:00-05:00,1.8158267121868594,1.8365793228149414,1.8158267121868594,1.8365793228149414,1688,0.0,0.0
2003-01-17 00:00:00-05:00,1.8313918440405759,1.8547385931015015,1.8158274838217385,1.8547385931015015,3375,0.0,0.0
2003-01-21 00:00:00-05:00,1.8547385931015015,1.8547385931015015,1.8547385931015015,1.8547385931015015,0,0.0,0.0
2003-01-22 00:00:00-05:00,1.8677072525024414,1.8677072525024414,1.8677072525024414,1.8677072525024414,1688,0.0,0.0
2003-01-23 00:00:00-05:00,1.8521439822925012,1.8521439822925012,1.8158270120620728,1.8158270120620728,2700,0.0,0.0
2003-01-24 00:00:00-05:00,1.7924802475583197,1.8443617820739746,1.7924802475583197,1.8443617820739746,282150,0.0,0.0
2003-01-27 00:00:00-05:00,1.8184212705088498,1.8780839443206787,1.8184212705088498,1.8780839443206787,3375,0.0,0.0
2003-01-28 00:00:00-05:00,1.8184211254119873,1.8184211254119873,1.8184211254119873,1.8184211254119873,1350,0.0,0.0
2003-01-29 00:00:00-05:00,1.7224414348602295,1.7224414348602295,1.7224414348602295,1.7224414348602295,338,0.0,0.0
2003-01-30 00:00:00-05:00,1.7483824354849482,1.8184215314814562,1.7354119967320347,1.8106391429901123,19575,0.0,0.0
2003-01-31 00:00:00-05:00,1.78729248046875,1.78729248046875,1.78729248046875,1.78729248046875,675,0.0,0.0
2003-02-03 00:00:00-05:00,1.8080446982101033,1.8287971019744873,1.8080446982101033,1.8287971019744873,2363,0.0,0.0
2003-02-04 00:00:00-05:00,1.8287971019744873,1.8287971019744873,1.8287971019744873,1.8287971019744873,0,0.0,0.0
2003-02-05 00:00:00-05:00,1.8287971019744873,1.8287971019744873,1.8287971019744873,1.8287971019744873,0,0.0,0.0
2003-02-06 00:00:00-05:00,1.8287971019744873,1.8287971019744873,1.8287971019744873,1.8287971019744873,0,0.0,0.0
2003-02-07 00:00:00-05:00,1.8313910872676793,1.9247767925262451,1.8287969587256034,1.9247767925262451,6075,0.0,0.0
2003-02-10 00:00:00-05:00,1.8728961944580078,1.8728961944580078,1.8728961944580078,1.8728961944580078,338,0.0,0.0
2003-02-11 00:00:00-05:00,1.8287971019744873,1.8287971019744873,1.8287971019744873,1.8287971019744873,675,0.0,0.0
2003-02-12 00:00:00-05:00,1.83139169216156,1.83139169216156,1.8287975627626643,1.83139169216156,2363,0.0,0.0
2003-02-13 00:00:00-05:00,1.8287971019744873,1.8287971019744873,1.8287971019744873,1.8287971019744873,338,0.0,0.0
2003-02-14 00:00:00-05:00,1.885866065101555,1.9221830368041992,1.885866065101555,1.9221830368041992,1013,0.0,0.0
2003-02-18 00:00:00-05:00,1.9066188335418701,1.9066188335418701,1.9066188335418701,1.9066188335418701,3375,0.0,0.0
2003-02-19 00:00:00-05:00,1.948123023014259,1.9818460771200865,1.9066188335418701,1.9066188335418701,4725,0.0,0.0
2003-02-20 00:00:00-05:00,1.8884604516107473,1.9169952488006448,1.8287975627626643,1.83139169216156,3713,0.0,0.0
2003-02-21 00:00:00-05:00,1.8287971019744873,1.8287971019744873,1.8287971019744873,1.8287971019744873,338,0.0,0.0
2003-02-24 00:00:00-05:00,1.852144463487472,1.8547385931015015,1.852144463487472,1.8547385931015015,675,0.0,0.0
2003-02-25 00:00:00-05:00,1.8495506115416147,1.862520217895508,1.8417684302638777,1.8625202178955078,7763,0.0,0.0
2003-02-26 00:00:00-05:00,1.8573309468694608,1.8677072525024414,1.8417674277166314,1.8677072525024414,4050,0.0,0.0
2003-02-27 00:00:00-05:00,1.828797536497314,1.859925627708435,1.828797536497314,1.859925627708435,1688,0.0,0.0
2003-02-28 00:00:00-05:00,1.8599254190051728,1.9195891352320695,1.8599254190051728,1.9092128276824951,4725,0.0,0.0
2003-03-03 00:00:00-05:00,1.8936481475830078,1.8936481475830078,1.8936481475830078,1.8936481475830078,338,0.0,0.0
2003-03-04 00:00:00-05:00,1.8962425252579724,1.953311281522528,1.8884603462282092,1.9066188335418701,30713,0.0,0.0
2003-03-05 00:00:00-05:00,1.9325586649547328,1.9325586649547328,1.9066188335418701,1.9066188335418701,3375,0.0,0.0
2003-03-06 00:00:00-05:00,1.9066189713341692,1.9066189713341692,1.846956290236268,1.8651137351989746,41175,0.0,0.0
2003-03-07 00:00:00-05:00,1.8703013943362756,1.8806777000427246,1.8391733121472833,1.8806777000427246,41850,0.0,0.0
2003-03-10 00:00:00-05:00,1.857331679052184,1.8806784281131097,1.8547385931015015,1.8547385931015015,17550,0.0,0.0
2003-03-11 00:00:00-05:00,1.8469560146331787,1.862519536564536,1.828797319984183,1.8469560146331787,131963,0.0,0.0
2003-03-12 00:00:00-05:00,1.854738344743314,1.854738344743314,1.8287974695419644,1.8417679071426392,17888,0.0,0.0
2003-03-13 00:00:00-05:00,1.8547385931015015,1.8547385931015015,1.8547385931015015,1.8547385931015015,33750,0.0,0.0
2003-03-14 00:00:00-05:00,1.844362560267357,1.862520217895508,1.844362560267357,1.8625202178955078,1350,0.0,0.0
2003-03-17 00:00:00-05:00,1.828797245980155,1.828797245980155,1.7898863554000854,1.7898863554000854,12825,0.0,0.0
2003-03-18 00:00:00-05:00,1.8080445832639132,1.8158267602723814,1.8028563261032104,1.8028563261032104,34763,0.0,0.0
2003-03-19 00:00:00-05:00,1.802856683731079,1.802856683731079,1.802856683731079,1.802856683731079,0,0.011852,0.0
2003-03-20 00:00:00-05:00,1.839384111401472,1.839384111401472,1.7611124515533447,1.7611124515533447,29700,0.0,0.0
2003-03-21 00:00:00-05:00,1.7611124515533447,1.7611124515533447,1.7611124515533447,1.7611124515533447,0,0.0,0.0
2003-03-24 00:00:00-05:00,1.7611124515533447,1.7611124515533447,1.7611124515533447,1.7611124515533447,0,0.0,0.0
2003-03-25 00:00:00-05:00,1.7611124515533447,1.7611124515533447,1.7611124515533447,1.7611124515533447,0,0.0,0.0
2003-03-26 00:00:00-05:00,1.7611124515533447,1.7611124515533447,1.7611124515533447,1.7611124515533447,0,0.0,0.0
2003-03-27 00:00:00-05:00,1.761112124170798,1.7741576433181763,1.7480667099938825,1.7741576433181763,22275,0.0,0.0
2003-03-28 00:00:00-05:00,1.7611124515533447,1.7611124515533447,1.7611124515533447,1.7611124515533447,338,0.0,0.0
2003-03-31 00:00:00-05:00,1.7611124515533447,1.7611124515533447,1.7611124515533447,1.7611124515533447,0,0.0,0.0
2003-04-01 00:00:00-05:00,1.7611124515533447,1.7611124515533447,1.7611124515533447,1.7611124515533447,0,0.0,0.0
2003-04-02 00:00:00-05:00,1.7089316844940186,1.7089316844940186,1.7089316844940186,1.7089316844940186,675,0.0,0.0
2003-04-03 00:00:00-05:00,1.7611123152894756,1.7611123152894756,1.6567497253417969,1.6567497253417969,88425,0.0,0.0
2003-04-04 00:00:00-05:00,1.6958858813940565,1.6958858813940565,1.6828404664993286,1.6828404664993286,101250,0.0,0.0
2003-04-07 00:00:00-04:00,1.8002473477237537,1.8263381719589233,1.8002473477237537,1.8263381719589233,15525,0.0,0.0
2003-04-08 00:00:00-04:00,1.8028566051507786,1.8028566051507786,1.8002476692199707,1.8002476692199707,1688,0.0,0.0
2003-04-09 00:00:00-04:00,1.8002476692199707,1.8002476692199707,1.8002476692199707,1.8002476692199707,0,0.0,0.0
2003-04-10 00:00:00-04:00,1.802856683731079,1.802856683731079,1.802856683731079,1.802856683731079,338,0.0,0.0
2003-04-11 00:00:00-04:00,1.802856683731079,1.802856683731079,1.802856683731079,1.802856683731079,0,0.0,0.0
2003-04-14 00:00:00-04:00,1.8524293899536133,1.8524293899536133,1.8524293899536133,1.8524293899536133,67500,0.0,0.0
2003-04-15 00:00:00-04:00,1.8524293899536133,1.8524293899536133,1.8524293899536133,1.8524293899536133,0,0.0,0.0
2003-04-16 00:00:00-04:00,1.8419926245118468,1.852428996194093,1.8263381719589233,1.8263381719589233,84713,0.0,0.0
2003-04-17 00:00:00-04:00,1.8263381719589233,1.8263381719589233,1.8263381719589233,1.8263381719589233,0,0.0,0.0
2003-04-21 00:00:00-04:00,1.8263381719589233,1.8419926245118468,1.8211198811473541,1.8263381719589233,2025,0.0,0.0
2003-04-22 00:00:00-04:00,1.8132926548708925,1.8263381719589233,1.6697946961341492,1.8263381719589233,40163,0.0,0.0
2003-04-23 00:00:00-04:00,1.8263381719589233,1.8263381719589233,1.8263381719589233,1.8263381719589233,10463,0.0,0.0
2003-04-24 00:00:00-04:00,1.8185109456824617,1.8263381719589233,1.8185109456824617,1.8263381719589233,25313,0.0,0.0
2003-04-25 00:00:00-04:00,1.8263381719589233,1.8263381719589233,1.8263381719589233,1.8263381719589233,0,0.0,0.0
2003-04-28 00:00:00-04:00,1.8211203710839474,1.8211203710839474,1.7637214660644531,1.7637214660644531,1013,0.0,0.0
2003-04-29 00:00:00-04:00,1.7350216572843435,1.7741580129390624,1.7350216572843435,1.7558943033218384,10125,0.0,0.0
2003-04-30 00:00:00-04:00,1.7428485594068894,1.7428485594068894,1.701104009958049,1.7219767570495605,6075,0.0,0.0
2003-05-01 00:00:00-04:00,1.6958861351013184,1.6958861351013184,1.6958861351013184,1.6958861351013184,338,0.0,0.0
2003-05-02 00:00:00-04:00,1.6958859745099184,1.7480669021606445,1.6958859745099184,1.7480669021606445,15188,0.0,0.0
2003-05-05 00:00:00-04:00,1.742848515510559,1.742848515510559,1.6958857804716698,1.742848515510559,36113,0.0,0.0
2003-05-06 00:00:00-04:00,1.7611124515533447,1.7611124515533447,1.7611124515533447,1.7611124515533447,33750,0.0,0.0
2003-05-07 00:00:00-04:00,1.7611124515533447,1.7611124515533447,1.7611124515533447,1.7611124515533447,33750,0.0,0.0
2003-05-08 00:00:00-04:00,1.7611124515533447,1.7611124515533447,1.7611124515533447,1.7611124515533447,0,0.0,0.0
2003-05-09 00:00:00-04:00,1.7611124515533447,1.7611124515533447,1.7611124515533447,1.7611124515533447,33750,0.0,0.0
2003-05-12 00:00:00-04:00,1.7611121710701068,1.7611121710701068,1.7506757974624634,1.7506757974624634,32400,0.0,0.0
2003-05-13 00:00:00-04:00,1.7637215318268975,1.7689396142959595,1.7637215318268975,1.7689396142959595,3713,0.0,0.0
2003-05-14 00:00:00-04:00,1.7663303779888306,1.7819850444793701,1.7663303779888306,1.7819850444793701,2363,0.0,0.0
2003-05-15 00:00:00-04:00,1.7819850444793701,1.7819850444793701,1.7819850444793701,1.7819850444793701,0,0.0,0.0
2003-05-16 00:00:00-04:00,1.71414987263138,1.71414987263138,1.7089316844940186,1.7089316844940186,675,0.0,0.0
2003-05-19 00:00:00-04:00,1.7089316844940186,1.7089316844940186,1.7089316844940186,1.7089316844940186,6413,0.0,0.0
2003-05-20 00:00:00-04:00,1.6958854901563134,1.8132926225662231,1.6958854901563134,1.8132926225662231,4050,0.0,0.0
2003-05-21 00:00:00-04:00,1.8132926225662231,1.8132926225662231,1.8132926225662231,1.8132926225662231,0,0.0,0.0
2003-05-22 00:00:00-04:00,1.8132926225662231,1.8132926225662231,1.8132926225662231,1.8132926225662231,0,0.0,0.0
2003-05-23 00:00:00-04:00,1.6515322328769637,1.8002476692199707,1.6515322328769637,1.8002476692199707,10125,0.0,0.0
2003-05-27 00:00:00-04:00,1.6697953014086326,1.6958861351013184,1.651532536593528,1.6958861351013184,5738,0.0,0.0
2003-05-28 00:00:00-04:00,1.6958861351013184,1.6958861351013184,1.6958861351013184,1.6958861351013184,0,0.0,0.0
2003-05-29 00:00:00-04:00,1.6958861351013184,1.6958861351013184,1.6958861351013184,1.6958861351013184,0,0.0,0.0
2003-05-30 00:00:00-04:00,1.6958861351013184,1.6958861351013184,1.6958861351013184,1.6958861351013184,23963,0.0,0.0
2003-06-02 00:00:00-04:00,1.6958861351013184,1.6958861351013184,1.6958861351013184,1.6958861351013184,0,0.0,0.0
2003-06-03 00:00:00-04:00,1.6932767629623413,1.6932767629623413,1.688058576249007,1.6932767629623413,10463,0.0,0.0
2003-06-04 00:00:00-04:00,1.6828404016010552,1.6906676292419434,1.6828404016010552,1.6906676292419434,7425,0.0,0.0
2003-06-05 00:00:00-04:00,1.6906676789622783,1.6932768248996155,1.669795036315918,1.669795036315918,42863,0.0,0.0
2003-06-06 00:00:00-04:00,1.664576530456543,1.664576530456543,1.664576530456543,1.664576530456543,2700,0.0,0.0
2003-06-09 00:00:00-04:00,1.664576530456543,1.664576530456543,1.664576530456543,1.664576530456543,0,0.0,0.0
2003-06-10 00:00:00-04:00,1.6724040772827877,1.6724040772827877,1.669795036315918,1.669795036315918,1688,0.0,0.0
2003-06-11 00:00:00-04:00,1.6645768646526162,1.6828404664993286,1.6645768646526162,1.6828404664993286,27675,0.0,0.0
2003-06-12 00:00:00-04:00,1.6671859441229753,1.6776223182678223,1.664576903071999,1.6776223182678223,19575,0.0,0.0
2003-06-13 00:00:00-04:00,1.6645771270828127,1.6802316904067993,1.6645771270828127,1.6802316904067993,6075,0.0,0.0
2003-06-16 00:00:00-04:00,1.6697947163608755,1.6697947163608755,1.664576530456543,1.664576530456543,1688,0.0,0.0
2003-06-17 00:00:00-04:00,1.6906676292419434,1.6906676292419434,1.6906676292419434,1.6906676292419434,338,0.0,0.0
2003-06-18 00:00:00-04:00,1.6906676292419434,1.6906676292419434,1.6906676292419434,1.6906676292419434,338,0.0,0.0
2003-06-19 00:00:00-04:00,1.6906676292419434,1.6906676292419434,1.6906676292419434,1.6906676292419434,0,0.0,0.0
2003-06-20 00:00:00-04:00,1.6906676292419434,1.6906676292419434,1.6906676292419434,1.6906676292419434,0,0.0,0.0
2003-06-23 00:00:00-04:00,1.6750134229660034,1.6750134229660034,1.6750134229660034,1.6750134229660034,5400,0.0,0.0
2003-06-24 00:00:00-04:00,1.6750134229660034,1.6750134229660034,1.6750134229660034,1.6750134229660034,0,0.0,0.0
2003-06-25 00:00:00-04:00,1.6906676292419434,1.6906676292419434,1.6906676292419434,1.6906676292419434,338,0.0,0.0
2003-06-26 00:00:00-04:00,1.690667452864851,1.745457410812378,1.690667452864851,1.745457410812378,19575,0.0,0.0
2003-06-27 00:00:00-04:00,1.745457410812378,1.745457410812378,1.745457410812378,1.745457410812378,0,0.0,0.0
2003-06-30 00:00:00-04:00,1.7219764704337543,1.7219764704337543,1.664576530456543,1.664576530456543,2700,0.0,0.0
2003-07-01 00:00:00-04:00,1.7872029542922974,1.7872029542922974,1.7872029542922974,1.7872029542922974,338,0.0,0.0
2003-07-02 00:00:00-04:00,1.716758370399475,1.716758370399475,1.716758370399475,1.716758370399475,675,0.0,0.0
2003-07-03 00:00:00-04:00,1.7350212335586548,1.7350212335586548,1.7350212335586548,1.7350212335586548,675,0.0,0.0
2003-07-07 00:00:00-04:00,1.7611123152894756,1.7611123152894756,1.6567497253417969,1.6567497253417969,13838,0.0,0.0
2003-07-08 00:00:00-04:00,1.6854498386383057,1.6854498386383057,1.6854498386383057,1.6854498386383057,3375,0.0,0.0
2003-07-09 00:00:00-04:00,1.6854498386383057,1.6854498386383057,1.6854498386383057,1.6854498386383057,0,0.0,0.0
2003-07-10 00:00:00-04:00,1.6854498386383057,1.6854498386383057,1.6854498386383057,1.6854498386383057,0,0.0,0.0
2003-07-11 00:00:00-04:00,1.6880584985232692,1.8915647268295288,1.6880584985232692,1.8915647268295288,25988,0.0,0.0
2003-07-14 00:00:00-04:00,1.8915651479865687,1.8915651479865687,1.7141497075736254,1.7611124515533447,4725,0.0,0.0
2003-07-15 00:00:00-04:00,1.7611124515533447,1.7611124515533447,1.7611124515533447,1.7611124515533447,0,0.0,0.0
2003-07-16 00:00:00-04:00,1.7506757974624634,1.7506757974624634,1.7506757974624634,1.7506757974624634,3375,0.0,0.0
2003-07-17 00:00:00-04:00,1.7506757974624634,1.7506757974624634,1.7506757974624634,1.7506757974624634,0,0.0,0.0
2003-07-18 00:00:00-04:00,1.7611121259126605,1.7872029542922974,1.7611121259126605,1.7872029542922974,675,0.0,0.0
2003-07-21 00:00:00-04:00,1.7872029542922974,1.7872029542922974,1.7872029542922974,1.7872029542922974,0,0.0,0.0
2003-07-22 00:00:00-04:00,1.721976910702415,1.8002478298113709,1.721976910702415,1.7480669021606445,21938,0.0,0.0
2003-07-23 00:00:00-04:00,1.8237296342849731,1.8237296342849731,1.8237296342849731,1.8237296342849731,1688,0.0,0.0
2003-07-24 00:00:00-04:00,1.7558943033218384,1.7558943033218384,1.7558943033218384,1.7558943033218384,1350,0.0,0.0
2003-07-25 00:00:00-04:00,1.7480670349513474,1.7611124515533447,1.7480670349513474,1.7611124515533447,54338,0.0,0.0
2003-07-28 00:00:00-04:00,1.7611123177716559,1.7611123177716559,1.7480669021606445,1.7480669021606445,109688,0.0,0.0
2003-07-29 00:00:00-04:00,1.7872029895206545,1.7872029895206545,1.7219767570495605,1.7219767570495605,24638,0.0,0.0
2003-07-30 00:00:00-04:00,1.7480669021606445,1.7872031489936784,1.7480669021606445,1.7480669021606445,52988,0.0,0.0
2003-07-31 00:00:00-04:00,1.6984949338971191,1.7741576433181763,1.6958857880794584,1.7741576433181763,37125,0.0,0.0
2003-08-01 00:00:00-04:00,1.7611124515533447,1.7611124515533447,1.7611124515533447,1.7611124515533447,2025,0.0,0.0
2003-08-04 00:00:00-04:00,1.714149725241739,1.714149725241739,1.6671861410140991,1.6671861410140991,3375,0.0,0.0
2003-08-05 00:00:00-04:00,1.6515322923660278,1.6593586805585032,1.6515322923660278,1.6515322923660278,9788,0.0,0.0
2003-08-06 00:00:00-04:00,1.6515322923660278,1.6515322923660278,1.6515322923660278,1.6515322923660278,0,0.0,0.0
2003-08-07 00:00:00-04:00,1.6515322923660278,1.6515322923660278,1.6515322923660278,1.6515322923660278,0,0.0,0.0
2003-08-08 00:00:00-04:00,1.6593586806782574,1.6984950304031372,1.6593586806782574,1.6984950304031372,2025,0.0,0.0
2003-08-11 00:00:00-04:00,1.7219764704337543,1.7219764704337543,1.6567493040852677,1.664576530456543,65475,0.0,0.0
2003-08-12 00:00:00-04:00,1.6619676288869096,1.7872029542922974,1.6619676288869096,1.7872029542922974,70538,0.0,0.0
2003-08-13 00:00:00-04:00,1.7611123626040182,1.7611123626040182,1.6776224143673795,1.7115405797958374,12150,0.0,0.0
2003-08-14 00:00:00-04:00,1.737630527683646,1.7480669021606445,1.737630527683646,1.7480669021606445,3375,0.0,0.0
2003-08-15 00:00:00-04:00,1.7298035621643066,1.7298035621643066,1.7298035621643066,1.7298035621643066,2700,0.0,0.0
2003-08-18 00:00:00-04:00,1.7037134691855114,1.7037134691855114,1.6958861351013184,1.6958861351013184,11475,0.0,0.0
2003-08-19 00:00:00-04:00,1.7011044025699855,1.7011044025699855,1.6854498386383057,1.6854498386383057,35438,0.0,0.0
2003-08-20 00:00:00-04:00,1.7402395872150256,1.80024784884313,1.690667805144726,1.7924214601516724,11813,0.0,0.0
2003-08-21 00:00:00-04:00,1.7585035203823984,1.8080753087997437,1.7585035203823984,1.8080753087997437,13500,0.0,0.0
2003-08-22 00:00:00-04:00,1.7585031321533784,1.7585031321533784,1.7063222087900045,1.7193676233291626,23625,0.0,0.0
2003-08-25 00:00:00-04:00,1.7063224431543882,1.7063224431543882,1.669795235439526,1.6750134229660034,24300,0.0,0.0
2003-08-26 00:00:00-04:00,1.7193676233291626,1.7193676233291626,1.7193676233291626,1.7193676233291626,3038,0.0,0.0
2003-08-27 00:00:00-04:00,1.721976968757274,1.724586009979248,1.6958860316851456,1.724586009979248,55013,0.0,0.0
2003-08-28 00:00:00-04:00,1.724586115145563,1.7324125044953997,1.6697953014086326,1.6958861351013184,86738,0.0,0.0
2003-08-29 00:00:00-04:00,1.6958861351013184,1.6958861351013184,1.6958861351013184,1.6958861351013184,0,0.0,0.0
2003-09-02 00:00:00-04:00,1.6958861351013184,1.6958861351013184,1.6958861351013184,1.6958861351013184,0,0.0,0.0
2003-09-03 00:00:00-04:00,1.6958861351013184,1.6958861351013184,1.6958861351013184,1.6958861351013184,0,0.0,0.0
2003-09-04 00:00:00-04:00,1.6802315605382867,1.7115405797958374,1.6802315605382867,1.7115405797958374,2700,0.0,0.0
2003-09-05 00:00:00-04:00,1.724585830987256,1.745457633744409,1.72197679003607,1.7324122190475464,8100,0.0,0.0
2003-09-08 00:00:00-04:00,1.7324122190475464,1.7324122190475464,1.7324122190475464,1.7324122190475464,0,0.0,0.0
2003-09-09 00:00:00-04:00,1.7585029288135172,1.7715483418442035,1.745457410812378,1.745457410812378,2700,0.0,0.0
2003-09-10 00:00:00-04:00,1.7376302743122318,1.7376302743122318,1.7350212335586548,1.7350212335586548,4725,0.0,0.0
2003-09-11 00:00:00-04:00,1.7376306596815567,1.7611124515533447,1.7376306596815567,1.7611124515533447,18563,0.0,0.0
2003-09-12 00:00:00-04:00,1.748066552790649,1.7767664194107056,1.745457407207628,1.7767664194107056,4725,0.0,0.0
2003-09-15 00:00:00-04:00,1.7767664194107056,1.7767664194107056,1.7767664194107056,1.7767664194107056,0,0.0,0.0
2003-09-16 00:00:00-04:00,1.7741579067059776,1.7741579067059776,1.7689396142959595,1.7689396142959595,2700,0.0,0.0
2003-09-17 00:00:00-04:00,1.7558941981823484,1.7689396142959595,1.7558941981823484,1.7689396142959595,1350,0.0,0.0
2003-09-18 00:00:00-04:00,1.7689396142959595,1.7689396142959595,1.7689396142959595,1.7689396142959595,0,0.0,0.0
2003-09-19 00:00:00-04:00,1.7872029542922974,1.7872029542922974,1.7872029542922974,1.7872029542922974,1013,0.0,0.0
2003-09-22 00:00:00-04:00,1.7741576433181763,1.7741576433181763,1.7741576433181763,1.7741576433181763,3038,0.0,0.0
2003-09-23 00:00:00-04:00,1.7767668587246244,1.7845942974090576,1.7767668587246244,1.7845942974090576,1350,0.0,0.0
2003-09-24 00:00:00-04:00,1.7845940184129814,1.7872029542922974,1.7845940184129814,1.7872029542922974,3038,0.0,0.0
2003-09-25 00:00:00-04:00,1.7898123264312744,1.7898123264312744,1.7898123264312744,1.7898123264312744,675,0.0,0.0
2003-09-26 00:00:00-04:00,1.7819850444793701,1.7819850444793701,1.7819850444793701,1.7819850444793701,3713,0.0,0.0
2003-09-29 00:00:00-04:00,1.7741576450729415,1.7872029542922974,1.7663302076122178,1.7872029542922974,8438,0.0,0.0
2003-09-30 00:00:00-04:00,1.7872029542922974,1.7872029542922974,1.7872029542922974,1.7872029542922974,0,0.0,0.0
2003-10-01 00:00:00-04:00,1.7872029542922974,1.7872029542922974,1.7872029542922974,1.7872029542922974,0,0.0,0.0
2003-10-02 00:00:00-04:00,1.8185115188472691,1.8185115188472691,1.7845942974090576,1.7845942974090576,10463,0.0,0.0
2003-10-03 00:00:00-04:00,1.810683938686827,1.8915647268295288,1.810683938686827,1.8915647268295288,13163,0.0,0.0
2003-10-06 00:00:00-04:00,1.8733013633685716,1.904610276222229,1.8733013633685716,1.904610276222229,5063,0.0,0.0
2003-10-07 00:00:00-04:00,1.904610276222229,1.904610276222229,1.904610276222229,1.904610276222229,0,0.0,0.0
2003-10-08 00:00:00-04:00,1.9489638444145532,2.024626559636502,1.9489638444145532,1.9698365926742554,2363,0.0,0.0
2003-10-09 00:00:00-04:00,1.9698365926742551,1.9698365926742551,1.9698365926742551,1.9698365926742554,0,0.0,0.0
2003-10-10 00:00:00-04:00,2.0194084947794106,2.0194084947794106,1.9854912757873535,1.9854912757873535,6750,0.0,0.0
2003-10-13 00:00:00-04:00,1.9854912757873535,1.9854912757873535,1.9854912757873535,1.9854912757873535,0,0.0,0.0
2003-10-14 00:00:00-04:00,1.946355381868366,1.9567917585372925,1.946355381868366,1.9567917585372925,5738,0.0,0.0
2003-10-15 00:00:00-04:00,1.9567911746443754,1.9567911746443754,1.9541820287704468,1.9541820287704468,7763,0.0,0.0
2003-10-16 00:00:00-04:00,1.95418216527181,2.003754890634506,1.95418216527181,1.9828821420669556,3038,0.0,0.0
2003-10-17 00:00:00-04:00,1.9567917585372925,1.9567917585372925,1.9567917585372925,1.9567917585372925,6750,0.0,0.0
2003-10-20 00:00:00-04:00,1.9359198449634087,1.9567917585372925,1.9359198449634087,1.9567917585372925,9788,0.0,0.0
2003-10-21 00:00:00-04:00,1.9698369376124139,1.9698369376124139,1.9411369562149048,1.9411369562149048,3375,0.0,0.0
2003-10-22 00:00:00-04:00,1.9228737062045502,1.9437456130981445,1.9228737062045502,1.9437456130981445,7425,0.0,0.0
2003-10-23 00:00:00-04:00,1.9515733283441774,1.9515733283441774,1.9280924797058105,1.9280924797058105,2025,0.0,0.0
2003-10-24 00:00:00-04:00,1.9280924797058105,1.9280924797058105,1.9280924797058105,1.9280924797058105,0,0.0,0.0
2003-10-27 00:00:00-05:00,1.9854912757873535,1.9854912757873535,1.9854912757873535,1.9854912757873535,1013,0.0,0.0
2003-10-28 00:00:00-05:00,1.9854911159908293,1.9881000518798828,1.9854911159908293,1.9881000518798828,2025,0.0,0.0
2003-10-29 00:00:00-05:00,1.9881000518798828,1.9881000518798828,1.9881000518798828,1.9881000518798828,0,0.0,0.0
2003-10-30 00:00:00-05:00,1.967227685611765,1.988100224238371,1.967227685611765,1.9828821420669556,5400,0.0,0.0
2003-10-31 00:00:00-05:00,1.9854914480903274,1.9933186769485474,1.9854914480903274,1.9933186769485474,2700,0.0,0.0
2003-11-03 00:00:00-05:00,1.9959270789998211,2.0846344593154793,1.9959270789998211,2.0481081008911133,11475,0.0,0.0
2003-11-04 00:00:00-05:00,2.0272350540452284,2.0272350540452284,1.9933178462446046,2.022016763687134,25650,0.0,0.0
2003-11-05 00:00:00-05:00,2.0324536515896257,2.087243614881359,1.993318353414395,2.0663719177246094,19575,0.0,0.0
2003-11-06 00:00:00-05:00,2.0376719432754355,2.0663719177246094,2.0376719432754355,2.0663719177246094,4725,0.0,0.0
2003-11-07 00:00:00-05:00,2.0663719177246094,2.0663719177246094,2.0663719177246094,2.0663719177246094,0,0.0,0.0
2003-11-10 00:00:00-05:00,2.0663719177246094,2.0663719177246094,2.0663719177246094,2.0663719177246094,0,0.0,0.0
2003-11-11 00:00:00-05:00,2.0663719177246094,2.0663719177246094,2.0663719177246094,2.0663719177246094,0,0.0,0.0
2003-11-12 00:00:00-05:00,2.040280881219432,2.0950708389282227,2.035062590065351,2.0950708389282227,7088,0.0,0.0
2003-11-13 00:00:00-05:00,2.108116074357384,2.1185524463653564,2.0924616213158753,2.1185524463653564,9450,0.0,0.0
2003-11-14 00:00:00-05:00,2.131598550841578,2.1524702509004965,2.115943883548325,2.1342074871063232,225113,0.0,0.0
2003-11-17 00:00:00-05:00,2.178561210632324,2.178561210632324,2.178561210632324,2.178561210632324,1013,0.0,0.0
2003-11-18 00:00:00-05:00,2.162906491189703,2.183779239654541,2.162906491189703,2.183779239654541,675,0.0,0.0
2003-11-19 00:00:00-05:00,2.215087890625,2.2176968261717964,2.215087890625,2.215087890625,2363,0.0,0.0
2003-11-20 00:00:00-05:00,2.1785610296130464,2.2203056883510635,2.1550793441614853,2.2176973819732666,3375,0.0,0.0
2003-11-21 00:00:00-05:00,2.2829233767185784,2.309013364554374,2.152469868543975,2.2959680557250977,6413,0.0,0.0
2003-11-24 00:00:00-05:00,2.26987886428833,2.26987886428833,2.26987886428833,2.26987886428833,338,0.0,0.0
2003-11-25 00:00:00-05:00,2.235960006713867,2.235960006713867,2.235960006713867,2.235960006713867,675,0.0,0.0
2003-11-26 00:00:00-05:00,2.2437870502471924,2.2437870502471924,2.2176970621800263,2.2437870502471924,5400,0.0,0.0
2003-11-28 00:00:00-05:00,2.2124788761138916,2.2124788761138916,2.2124788761138916,2.2124788761138916,338,0.0,0.0
2003-12-01 00:00:00-05:00,2.2437870502471924,2.2646597964882407,2.2281325955368665,2.2437870502471924,84713,0.0,0.0
2003-12-02 00:00:00-05:00,2.2594424851915433,2.282924175262451,2.2594424851915433,2.282924175262451,3375,0.0,0.0
2003-12-03 00:00:00-05:00,2.1863884393327018,2.1968248138211375,2.1785610010106633,2.1916065216064453,15863,0.0,0.0
2003-12-04 00:00:00-05:00,2.1916065216064453,2.1916065216064453,2.1916065216064453,2.1916065216064453,675,0.0,0.0
2003-12-05 00:00:00-05:00,2.2307417413022277,2.2437870502471924,2.2307417413022277,2.2437870502471924,17550,0.0,0.0
2003-12-08 00:00:00-05:00,2.282924177694624,2.282924177694624,2.2568333409410437,2.26987886428833,9113,0.0,0.0
2003-12-09 00:00:00-05:00,2.2490061085130315,2.282924175262451,2.2490061085130315,2.282924175262451,34088,0.0,0.0
2003-12-10 00:00:00-05:00,2.277705161175936,2.277705161175936,2.2646596431732178,2.2646596431732178,121500,0.0,0.0
2003-12-11 00:00:00-05:00,2.264660198810306,2.264660198810306,2.1028985910845317,2.241178512573242,29025,0.0,0.0
2003-12-12 00:00:00-05:00,2.2620506507228795,2.2620506507228795,2.2437870502471924,2.2437870502471924,10463,0.0,0.0
2003-12-15 00:00:00-05:00,2.188997268544771,2.2933591188614786,2.188997268544771,2.235960006713867,6413,0.0,0.0
2003-12-16 00:00:00-05:00,2.0950716863051926,2.0950716863051926,2.0924625396728516,2.0924625396728516,675,0.0,0.0
2003-12-17 00:00:00-05:00,2.2124788761138916,2.2124788761138916,2.2124788761138916,2.2124788761138916,338,0.0,0.0
2003-12-18 00:00:00-05:00,2.1733429431915283,2.1733429431915283,2.1733429431915283,2.1733429431915283,338,0.0,0.0
2003-12-19 00:00:00-05:00,2.008972150207319,2.2098701000213623,2.008972150207319,2.2098701000213623,8438,0.0,0.0
2003-12-22 00:00:00-05:00,2.1655153922281434,2.199433447190332,2.1498609376211206,2.1524698734283447,30038,0.0,0.0
2003-12-23 00:00:00-05:00,2.13942554028389,2.19160635915342,2.13942554028389,2.1681246757507324,36450,0.0,0.0
2003-12-24 00:00:00-05:00,2.1524698734283447,2.1524698734283447,2.1524698734283447,2.1524698734283447,6750,0.0,0.0
2003-12-26 00:00:00-05:00,2.2124792460998353,2.222914780708997,2.202042871726889,2.2098701000213623,14850,0.0,0.0
2003-12-29 00:00:00-05:00,2.092462114435563,2.160297393798828,2.092462114435563,2.160297393798828,7088,0.0,0.0
2003-12-30 00:00:00-05:00,2.139425274049361,2.1576880335287085,2.139425274049361,2.155078887939453,5063,0.0,0.0
2003-12-31 00:00:00-05:00,2.155078887939453,2.155078887939453,2.155078887939453,2.155078887939453,5400,0.0,0.0
2004-01-02 00:00:00-05:00,2.155079291564267,2.196824789047241,2.155079291564267,2.196824789047241,1350,0.0,0.0
2004-01-05 00:00:00-05:00,2.196824789047241,2.196824789047241,2.196824789047241,2.196824789047241,0,0.0,0.0
2004-01-06 00:00:00-05:00,2.1759517796388503,2.2437870502471924,2.1759517796388503,2.2437870502471924,25988,0.0,0.0
2004-01-07 00:00:00-05:00,2.26205121322961,2.2698786524721517,2.251615047454834,2.251615047454834,7425,0.0,0.0
2004-01-08 00:00:00-05:00,2.4759931770817123,2.4759931770817123,2.29335885764021,2.3011860847473145,30375,0.0,0.0
2004-01-09 00:00:00-05:00,2.28031446930323,2.2829236153181474,2.2620508670806885,2.2620508670806885,10125,0.0,0.0
2004-01-12 00:00:00-05:00,2.288141965866089,2.288141965866089,2.288141965866089,2.288141965866089,1013,0.0,0.0
2004-01-13 00:00:00-05:00,2.3064043248510595,2.3064043248510595,2.277705192565918,2.277705192565918,675,0.0,0.0
2004-01-14 00:00:00-05:00,2.277705192565918,2.277705192565918,2.277705192565918,2.277705192565918,0,0.0,0.0
2004-01-15 00:00:00-05:00,2.277705192565918,2.277705192565918,2.277705192565918,2.277705192565918,0,0.0,0.0
2004-01-16 00:00:00-05:00,2.251614993714206,2.256833076477051,2.251614993714206,2.256833076477051,6750,0.0,0.0
2004-01-20 00:00:00-05:00,2.2829233527919035,2.2829233527919035,2.264659752669597,2.2803142070770264,117788,0.0,0.0
2004-01-21 00:00:00-05:00,2.290750354198784,2.290750354198784,2.251615047454834,2.251615047454834,30038,0.0,0.0
2004-01-22 00:00:00-05:00,2.2176973819732666,2.2176973819732666,2.2176973819732666,2.2176973819732666,7425,0.0,0.0
2004-01-23 00:00:00-05:00,2.2803142070770264,2.2803142070770264,2.2803142070770264,2.2803142070770264,675,0.0,0.0
2004-01-26 00:00:00-05:00,2.2855327129364014,2.2855327129364014,2.2855327129364014,2.2855327129364014,675,0.0,0.0
2004-01-27 00:00:00-05:00,2.2855327129364014,2.2855327129364014,2.2855327129364014,2.2855327129364014,0,0.0,0.0
2004-01-28 00:00:00-05:00,2.2855327129364014,2.2855327129364014,2.2855327129364014,2.2855327129364014,0,0.0,0.0
2004-01-29 00:00:00-05:00,2.1289895741155735,2.2229150660606214,2.1289895741155735,2.220305919647217,7088,0.0,0.0
2004-01-30 00:00:00-05:00,2.220305919647217,2.220305919647217,2.220305919647217,2.220305919647217,0,0.0,0.0
2004-02-02 00:00:00-05:00,2.2750961780548096,2.2750961780548096,2.2750961780548096,2.2750961780548096,675,0.0,0.0
2004-02-03 00:00:00-05:00,2.2750961780548096,2.2750961780548096,2.2750961780548096,2.2750961780548096,0,0.0,0.0
2004-02-04 00:00:00-05:00,2.2750961780548096,2.2750961780548096,2.2750961780548096,2.2750961780548096,0,0.0,0.0
2004-02-05 00:00:00-05:00,2.1629063828475608,2.1629063828475608,2.121161937713623,2.121161937713623,7763,0.0,0.0
2004-02-06 00:00:00-05:00,2.121161937713623,2.121161937713623,2.121161937713623,2.121161937713623,0,0.0,0.0
2004-02-09 00:00:00-05:00,2.12637996673584,2.12637996673584,2.12637996673584,2.12637996673584,1013,0.0,0.0
2004-02-10 00:00:00-05:00,2.217696929931798,2.5151286125183105,2.217696929931798,2.5151286125183105,125550,0.0,0.0
2004-02-11 00:00:00-05:00,2.4159853023362965,2.4994752407073975,2.4133761564736975,2.4994752407073975,48600,0.0,0.0
2004-02-12 00:00:00-05:00,2.502083198769668,2.502083198769668,2.4838204383850098,2.4838204383850098,2363,0.0,0.0
2004-02-13 00:00:00-05:00,2.43163917380854,2.4812119007110596,2.43163917380854,2.4812119007110596,2363,0.0,0.0
2004-02-17 00:00:00-05:00,2.4733841677717656,2.4733841677717656,2.426421642303467,2.426421642303467,7088,0.0,0.0
2004-02-18 00:00:00-05:00,2.470775525054944,2.470775525054944,2.402940034866333,2.402940034866333,4725,0.0,0.0
2004-02-19 00:00:00-05:00,2.449902459551407,2.473384141921997,2.449902459551407,2.473384141921997,5400,0.0,0.0
2004-02-20 00:00:00-05:00,2.4394661309391745,2.4394661309391745,2.436856985092163,2.436856985092163,3713,0.0,0.0
2004-02-23 00:00:00-05:00,2.436856985092163,2.436856985092163,2.436856985092163,2.436856985092163,0,0.0,0.0
2004-02-24 00:00:00-05:00,2.4525116201828383,2.4525116201828383,2.3481497764587402,2.3481497764587402,19575,0.0,0.0
2004-02-25 00:00:00-05:00,2.421203369655659,2.436856985092163,2.350758951077479,2.436856985092163,4725,0.0,0.0
2004-02-26 00:00:00-05:00,2.4212035870516235,2.504692692656576,2.329886413379985,2.4864299297332764,51975,0.0,0.0
2004-02-27 00:00:00-05:00,2.4003310203552246,2.4003310203552246,2.4003310203552246,2.4003310203552246,24975,0.0,0.0
2004-03-01 00:00:00-05:00,2.504692554473877,2.504692554473877,2.4629478990039604,2.504692554473877,1013,0.0,0.0
2004-03-02 00:00:00-05:00,2.478602170944214,2.489038543094739,2.4629475077479754,2.478602170944214,70538,0.0,0.0
2004-03-03 00:00:00-05:00,2.478602694879906,2.5020835399627686,2.4394663435278834,2.5020835399627686,159975,0.0,0.0
2004-03-04 00:00:00-05:00,2.5020834680075117,2.6090553048668825,2.5020834680075117,2.5438289642333984,14175,0.0,0.0
2004-03-05 00:00:00-05:00,2.5020834680075117,2.5438289642333984,2.5020834680075117,2.5438289642333984,3038,0.0,0.0
2004-03-08 00:00:00-05:00,2.5073016285905516,2.5255652297468885,2.4994752407073975,2.4994752407073975,72225,0.0,0.0
2004-03-09 00:00:00-05:00,2.504692482727952,2.5438288309032253,2.478602493688461,2.4994752407073975,51300,0.0,0.0
2004-03-10 00:00:00-05:00,2.4916480653780577,2.4916480653780577,2.4812119007110596,2.4812119007110596,2700,0.0,0.0
2004-03-11 00:00:00-05:00,2.43946582786497,2.478602170944214,2.4368566823421136,2.478602170944214,15188,0.0,0.0
2004-03-12 00:00:00-05:00,2.4812115244787356,2.491647687563272,2.3742396981871825,2.4655568599700928,58725,0.0,0.0
2004-03-15 00:00:00-05:00,2.434248319945765,2.4916480653780577,2.4264219312388446,2.4812119007110596,4725,0.0,0.0
2004-03-16 00:00:00-05:00,2.5255651458373274,2.5255651458373274,2.4368569186882767,2.491647720336914,33413,0.0,0.0
2004-03-17 00:00:00-05:00,2.4551205861393885,2.4551205861393885,2.436856985092163,2.436856985092163,10125,0.0,0.0
2004-03-18 00:00:00-05:00,2.478602486378469,2.478602486378469,2.4681661128997803,2.4681661128997803,12488,0.0,0.0
2004-03-19 00:00:00-05:00,2.4681663270461915,2.4864299297332764,2.4655571809649093,2.4864299297332764,4725,0.0,0.0
2004-03-22 00:00:00-05:00,2.4864299830445584,2.4864299830445584,2.3742400581991,2.4812119007110596,7763,0.0,0.0
2004-03-23 00:00:00-05:00,2.4316395744906862,2.4316395744906862,2.3742404494230995,2.413376808166504,21263,0.0,0.0
2004-03-24 00:00:00-05:00,2.3664132196626158,2.481212309561731,2.3664132196626158,2.413376808166504,35438,0.0,0.0
2004-03-25 00:00:00-05:00,2.3846768257507396,2.4759940164274186,2.379458742557412,2.413376808166504,15863,0.0,0.0
2004-03-26 00:00:00-05:00,2.489039421081543,2.489039421081543,2.489039421081543,2.489039421081543,338,0.0,0.0
2004-03-29 00:00:00-05:00,2.491648322026067,2.5673110485076904,2.397722200525531,2.5673110485076904,54338,0.0,0.0
2004-03-30 00:00:00-05:00,2.483820646620788,2.5281742380871073,2.483820646620788,2.504692554473877,35775,0.0,0.0
2004-03-31 00:00:00-05:00,2.504692554473877,2.504692554473877,2.504692554473877,2.504692554473877,0,0.0,0.0
2004-04-01 00:00:00-05:00,2.50730173676784,2.622100590679402,2.4916479106215057,2.609055280685425,10800,0.0,0.0
2004-04-02 00:00:00-05:00,2.6377556692916917,2.752553701400757,2.6377556692916917,2.752553701400757,6750,0.0,0.0
2004-04-05 00:00:00-04:00,2.5020833294884737,3.2743644698657626,2.5020833294884737,3.026503801345825,73575,0.0,0.0
2004-04-06 00:00:00-04:00,3.196092756075036,3.196092756075036,3.000412909369002,3.1282572746276855,12150,0.0,0.0
2004-04-07 00:00:00-04:00,3.07868424322111,3.07868424322111,3.0291125774383545,3.0291125774383545,3038,0.0,0.0
2004-04-08 00:00:00-04:00,2.953450499576707,3.0552040478609013,2.9351868968486317,2.992586851119995,5400,0.0,0.0
2004-04-12 00:00:00-04:00,3.125648683850504,3.125648683850504,3.0656397893833676,3.117821455001831,5400,0.0,0.0
2004-04-13 00:00:00-04:00,3.0656394958496094,3.2561010665395584,3.00041315486529,3.0656394958496094,18900,0.0,0.0
2004-04-14 00:00:00-04:00,3.0656394958496094,3.0656394958496094,3.0656394958496094,3.0656394958496094,8775,0.0,0.0
2004-04-15 00:00:00-04:00,3.313500216462083,3.313500216462083,3.1830475330352783,3.1830475330352783,2700,0.0,0.0
2004-04-16 00:00:00-04:00,3.065639197274709,3.1804380416870117,3.065639197274709,3.1804380416870117,3038,0.0,0.0
2004-04-19 00:00:00-04:00,3.172610863757745,3.172610863757745,3.0656392450164485,3.1282572746276855,5400,0.0,0.0
2004-04-20 00:00:00-04:00,2.974323164318008,3.0656394958496094,2.974323164318008,3.0656394958496094,7763,0.0,0.0
2004-04-21 00:00:00-04:00,2.888224075108476,3.0656394958496094,2.888224075108476,3.0656394958496094,2700,0.0,0.0
2004-04-22 00:00:00-04:00,3.0656394958496094,3.0656394958496094,3.0656394958496094,3.0656394958496094,338,0.0,0.0
2004-04-23 00:00:00-04:00,3.0656394958496094,3.0656394958496094,3.0656394958496094,3.0656394958496094,0,0.0,0.0
2004-04-26 00:00:00-04:00,3.0525951434496674,3.0525951434496674,2.948232650756836,2.948232650756836,51300,0.0,0.0
2004-04-27 00:00:00-04:00,2.96127721261698,2.96127721261698,2.9351863861083984,2.9351863861083984,14175,0.0,0.0
2004-04-28 00:00:00-04:00,2.9351863900532704,2.9351863900532704,2.9195327758789062,2.9195327758789062,10463,0.0,0.0
2004-04-29 00:00:00-04:00,2.8699609180534664,2.9169245038741995,2.8438709234593915,2.85430645942688,23625,0.0,0.0
2004-04-30 00:00:00-04:00,2.8203889255655543,2.8203889255655543,2.817779779434204,2.817779779434204,11138,0.0,0.0
2004-05-03 00:00:00-04:00,2.8073437990026293,2.841261863708496,2.7942982764552298,2.841261863708496,7763,0.0,0.0
2004-05-04 00:00:00-04:00,2.841261863708496,2.841261863708496,2.841261863708496,2.841261863708496,0,0.0,0.0
2004-05-05 00:00:00-04:00,2.7395079135894775,2.7395079135894775,2.7395079135894775,2.7395079135894775,1013,0.0,0.0
2004-05-06 00:00:00-04:00,2.768207891198951,2.768207891198951,2.7395079135894775,2.7395079135894775,44213,0.0,0.0
2004-05-07 00:00:00-04:00,2.752553701400757,2.752553701400757,2.752553701400757,2.752553701400757,20925,0.0,0.0
2004-05-10 00:00:00-04:00,2.752553701400757,2.752553701400757,2.752553701400757,2.752553701400757,0,0.0,0.0
2004-05-11 00:00:00-04:00,2.752553701400757,2.752553701400757,2.752553701400757,2.752553701400757,0,0.0,0.0
2004-05-12 00:00:00-04:00,2.752553701400757,2.752553701400757,2.752553701400757,2.752553701400757,0,0.0,0.0
2004-05-13 00:00:00-04:00,2.752553701400757,2.752553701400757,2.752553701400757,2.752553701400757,0,0.0,0.0
2004-05-14 00:00:00-04:00,2.611664056777954,2.611664056777954,2.611664056777954,2.611664056777954,675,0.0,0.0
2004-05-17 00:00:00-04:00,2.611664056777954,2.611664056777954,2.611664056777954,2.611664056777954,0,0.0,0.0
2004-05-18 00:00:00-04:00,2.6090557662074167,2.697763806697861,2.5307838916778564,2.5307838916778564,19238,0.0,0.0
2004-05-19 00:00:00-04:00,2.5307838916778564,2.5307838916778564,2.5229566622367052,2.5307838916778564,5738,0.0,0.0
2004-05-20 00:00:00-04:00,2.504693021737591,2.7108092910112624,2.504693021737591,2.640364646911621,19575,0.0,0.0
2004-05-21 00:00:00-04:00,2.7108092308044434,2.713417327465735,2.4786029720339964,2.7108092308044434,22613,0.0,0.0
2004-05-24 00:00:00-04:00,2.7108092308044434,2.7108092308044434,2.7108092308044434,2.7108092308044434,0,0.0,0.0
2004-05-25 00:00:00-04:00,2.7108092308044434,2.7108092308044434,2.7108092308044434,2.7108092308044434,0,0.0,0.0
2004-05-26 00:00:00-04:00,2.692544720260869,2.7134166261495567,2.674281120300293,2.674281120300293,76613,0.0,0.0
2004-05-27 00:00:00-04:00,2.5490467664732654,2.656017541885376,2.5438286849883065,2.656017541885376,7763,0.0,0.0
2004-05-28 00:00:00-04:00,2.671672184549436,2.7081993844705874,2.671672184549436,2.674281120300293,19238,0.0,0.0
2004-06-01 00:00:00-04:00,2.674281120300293,2.674281120300293,2.674281120300293,2.674281120300293,0,0.0,0.0
2004-06-02 00:00:00-04:00,2.5438289642333984,2.5438289642333984,2.5438289642333984,2.5438289642333984,675,0.0,0.0
2004-06-03 00:00:00-04:00,2.5438289642333984,2.5438289642333984,2.5438289642333984,2.5438289642333984,2700,0.0,0.0
2004-06-04 00:00:00-04:00,2.6664540767669678,2.6664540767669678,2.6664540767669678,2.6664540767669678,338,0.0,0.0
2004-06-07 00:00:00-04:00,2.5620925672079786,2.5620925672079786,2.5568742752075195,2.5568742752075195,8438,0.0,0.0
2004-06-08 00:00:00-04:00,2.5568742752075195,2.609055305743654,2.5568742752075195,2.5568742752075195,28350,0.0,0.0
2004-06-09 00:00:00-04:00,2.609055280685425,2.609055280685425,2.609055280685425,2.609055280685425,16875,0.0,0.0
2004-06-10 00:00:00-04:00,2.614273362694828,2.635146110614317,2.609055280685425,2.609055280685425,13500,0.0,0.0
2004-06-14 00:00:00-04:00,2.609055305743654,2.609055305743654,2.5568742752075195,2.5568742752075195,36788,0.0,0.0
2004-06-15 00:00:00-04:00,2.6116642167196575,2.6116642167196575,2.609055280685425,2.609055280685425,4725,0.0,0.0
2004-06-16 00:00:00-04:00,2.609055280685425,2.609055280685425,2.609055280685425,2.609055280685425,0,0.0,0.0
2004-06-17 00:00:00-04:00,2.684717620317581,2.684717620317581,2.611664056777954,2.611664056777954,2700,0.0,0.0
2004-06-18 00:00:00-04:00,2.611664056777954,2.611664056777954,2.611664056777954,2.611664056777954,0,0.0,0.0
2004-06-21 00:00:00-04:00,2.611664056777954,2.611664056777954,2.611664056777954,2.611664056777954,0,0.0,0.0
2004-06-22 00:00:00-04:00,2.611664056777954,2.611664056777954,2.611664056777954,2.611664056777954,0,0.0,0.0
2004-06-23 00:00:00-04:00,2.611664056777954,2.611664056777954,2.611664056777954,2.611664056777954,0,0.0,0.0
2004-06-24 00:00:00-04:00,2.609055280685425,2.609055280685425,2.606446134710254,2.609055280685425,4725,0.0,0.0
2004-06-25 00:00:00-04:00,2.609055280685425,2.609055280685425,2.609055280685425,2.609055280685425,0,0.0,0.0
2004-06-28 00:00:00-04:00,2.611664241802944,2.611664241802944,2.5568742752075195,2.5568742752075195,51638,0.0,0.0
2004-06-29 00:00:00-04:00,2.5568742752075195,2.5568742752075195,2.5568742752075195,2.5568742752075195,0,0.0,0.0
2004-06-30 00:00:00-04:00,2.5568742752075195,2.5568742752075195,2.5568742752075195,2.5568742752075195,0,0.0,0.0
2004-07-01 00:00:00-04:00,2.609055280685425,2.609055280685425,2.609055280685425,2.609055280685425,1350,0.0,0.0
2004-07-02 00:00:00-04:00,2.609055280685425,2.609055280685425,2.609055280685425,2.609055280685425,0,0.0,0.0
2004-07-06 00:00:00-04:00,2.7238532783696403,2.765598773956299,2.6873269144655287,2.765598773956299,18225,0.0,0.0
2004-07-07 00:00:00-04:00,2.765598773956299,2.765598773956299,2.765598773956299,2.765598773956299,675,0.0,0.0
2004-07-08 00:00:00-04:00,2.739507688316167,2.7969067990513086,2.5829641819000244,2.5829641819000244,36113,0.0,0.0
2004-07-09 00:00:00-04:00,2.609055120903496,2.661235937801908,2.609055120903496,2.611664056777954,12150,0.0,0.0
2004-07-12 00:00:00-04:00,2.6194911003112793,2.6194911003112793,2.6194911003112793,2.6194911003112793,338,0.0,0.0
2004-07-13 00:00:00-04:00,2.6194911003112793,2.6194911003112793,2.6194911003112793,2.6194911003112793,0,0.0,0.0
2004-07-14 00:00:00-04:00,2.6194911003112793,2.6194911003112793,2.6194911003112793,2.6194911003112793,0,0.0,0.0
2004-07-15 00:00:00-04:00,2.6194911003112793,2.6194911003112793,2.6194911003112793,2.6194911003112793,0,0.0,0.0
2004-07-16 00:00:00-04:00,2.6194911003112793,2.6194911003112793,2.6194911003112793,2.6194911003112793,0,0.0,0.0
2004-07-19 00:00:00-04:00,2.6194911003112793,2.6194911003112793,2.6194911003112793,2.6194911003112793,0,0.0,0.0
2004-07-20 00:00:00-04:00,2.609055280685425,2.663845246754628,2.609055280685425,2.609055280685425,2700,0.0,0.0
2004-07-21 00:00:00-04:00,2.609055280685425,2.609055280685425,2.609055280685425,2.609055280685425,0,0.0,0.0
2004-07-22 00:00:00-04:00,2.609055280685425,2.609055280685425,2.609055280685425,2.609055280685425,1350,0.0,0.0
2004-07-23 00:00:00-04:00,2.6090557987985923,3.1830480829319217,2.6090557987985923,3.052595376968384,124875,0.0,0.0
2004-07-26 00:00:00-04:00,2.896051304617161,3.047376734884661,2.896051304617161,2.91170597076416,23288,0.0,0.0
2004-07-27 00:00:00-04:00,2.869960415043847,2.8725695610046387,2.4916478968899645,2.8725695610046387,7763,0.0,0.0
2004-07-28 00:00:00-04:00,2.830825088973569,2.830825088973569,2.716026228240427,2.7395079135894775,30375,0.0,0.0
2004-07-29 00:00:00-04:00,2.830824920760223,2.830824920760223,2.609055280685425,2.609055280685425,7763,0.0,0.0
2004-07-30 00:00:00-04:00,2.6377556324005127,2.6664545626887315,2.6090556524074553,2.6377556324005127,19913,0.0,0.0
2004-08-02 00:00:00-04:00,2.674281941992267,2.689936611011993,2.674281941992267,2.6768910884857178,14850,0.0,0.0
2004-08-03 00:00:00-04:00,2.6742813882863525,2.6873269081115723,2.6742813882863525,2.6873269081115723,27000,0.0,0.0
2004-08-04 00:00:00-04:00,2.6873269081115723,2.830824896956822,2.6873269081115723,2.6873269081115723,25988,0.0,0.0
2004-08-05 00:00:00-04:00,2.6873269081115723,2.6873269081115723,2.6873269081115723,2.6873269081115723,0,0.0,0.0
2004-08-06 00:00:00-04:00,2.8047340985702425,2.8308249285711256,2.8021249525878726,2.8073432445526123,90788,0.0,0.0
2004-08-09 00:00:00-04:00,2.6168825664002644,2.770816933807782,2.6168825664002644,2.755162477493286,7088,0.0,0.0
2004-08-10 00:00:00-04:00,2.76559890552872,2.8308250383255995,2.7551625311355483,2.7629897594451904,20925,0.0,0.0
2004-08-11 00:00:00-04:00,2.8256067388041077,2.8256067388041077,2.7942976180323336,2.804733991622925,9450,0.0,0.0
2004-08-12 00:00:00-04:00,2.739507945116698,2.7447262374371744,2.6142735481262207,2.6142735481262207,6075,0.0,0.0
2004-08-13 00:00:00-04:00,2.650799914841935,2.705590724561222,2.5699199528707446,2.6142735481262207,20925,0.0,0.0
2004-08-16 00:00:00-04:00,2.6951540633605537,2.836043112394699,2.6951540633605537,2.804733991622925,62100,0.0,0.0
2004-08-17 00:00:00-04:00,2.8099522590637207,2.8099522590637207,2.8099522590637207,2.8099522590637207,2025,0.0,0.0
2004-08-18 00:00:00-04:00,2.8099522590637207,2.8099522590637207,2.8099522590637207,2.8099522590637207,0,0.0,0.0
2004-08-19 00:00:00-04:00,2.8569147122760663,2.880396604537964,2.786470295135913,2.880396604537964,57713,0.0,0.0
2004-08-20 00:00:00-04:00,2.7969063439346598,2.961277051410203,2.7969063439346598,2.9090962409973145,55013,0.0,0.0
2004-08-23 00:00:00-04:00,2.7029810705415724,2.9821499999505745,2.7029810705415724,2.836042881011963,14513,0.0,0.0
2004-08-24 00:00:00-04:00,2.820388587530002,2.9456229681240225,2.820388587530002,2.8464794158935547,17888,0.0,0.0
2004-08-25 00:00:00-04:00,2.9038784269475917,2.958668391850268,2.6299277626704756,2.956059455871582,18900,0.0,0.0
2004-08-26 00:00:00-04:00,2.833434236539859,2.9064878089313977,2.7995161765937224,2.830825090408325,21938,0.0,0.0
2004-08-27 00:00:00-04:00,2.869960416090177,2.9273595278391493,2.862133188145885,2.8856148719787598,22950,0.0,0.0
2004-08-30 00:00:00-04:00,2.8569144444709087,2.8856144156890666,2.8543055088626423,2.8673508167266846,2700,0.0,0.0
2004-08-31 00:00:00-04:00,2.8621328115004507,2.9169236098411737,2.856914520263672,2.856914520263672,19238,0.0,0.0
2004-09-01 00:00:00-04:00,2.85691464074794,2.9404045748255925,2.85691464074794,2.937795639038086,25313,0.0,0.0
2004-09-02 00:00:00-04:00,2.6221009107965556,2.948232650756836,2.6090555992099516,2.948232650756836,7088,0.0,0.0
2004-09-03 00:00:00-04:00,2.948232650756836,2.948232650756836,2.948232650756836,2.948232650756836,0,0.0,0.0
2004-09-07 00:00:00-04:00,2.869960864196076,2.903878927230835,2.869960864196076,2.903878927230835,675,0.0,0.0
2004-09-08 00:00:00-04:00,2.6090549386579727,2.9351863861083984,2.6090549386579727,2.9351863861083984,2025,0.0,0.0
2004-09-09 00:00:00-04:00,2.9351863861083984,2.9351863861083984,2.9351863861083984,2.9351863861083984,0,0.0,0.0
2004-09-10 00:00:00-04:00,2.85691531598514,3.0499862671755293,2.85691531598514,2.8777880668640137,16875,0.0,0.0
2004-09-13 00:00:00-04:00,2.8699607849121094,2.883006306456381,2.8673516386150624,2.8699607849121094,14513,0.0,0.0
2004-09-14 00:00:00-04:00,2.8699607849121094,2.8699607849121094,2.8699607849121094,2.8699607849121094,4050,0.0,0.0
2004-09-15 00:00:00-04:00,2.8699607849121094,2.8699607849121094,2.8699607849121094,2.8699607849121094,0,0.0,0.0
2004-09-16 00:00:00-04:00,2.8360435625782072,2.890833535406559,2.8360435625782072,2.8699607849121094,15188,0.0,0.0
2004-09-17 00:00:00-04:00,2.836042881011963,2.836042881011963,2.836042881011963,2.836042881011963,675,0.0,0.0
2004-09-20 00:00:00-04:00,2.841261863708496,2.841261863708496,2.841261863708496,2.841261863708496,2363,0.0,0.0
2004-09-21 00:00:00-04:00,2.841261863708496,2.841261863708496,2.841261863708496,2.841261863708496,675,0.0,0.0
2004-09-22 00:00:00-04:00,2.841261124256289,3.0056310126024,2.841261124256289,2.8464794158935547,4388,0.0,0.0
2004-09-23 00:00:00-04:00,2.843869924545288,2.843869924545288,2.843869924545288,2.843869924545288,3713,0.0,0.0
2004-09-24 00:00:00-04:00,2.843869924545288,2.843869924545288,2.843869924545288,2.843869924545288,0,0.0,0.0
2004-09-27 00:00:00-04:00,2.843869924545288,2.843869924545288,2.843869924545288,2.843869924545288,0,0.0,0.0
2004-09-28 00:00:00-04:00,2.875178337097168,2.875178337097168,2.875178337097168,2.875178337097168,3375,0.0,0.0
2004-09-29 00:00:00-04:00,3.0578129291534424,3.104775665186623,2.9769319267474916,3.0578129291534424,18563,0.0,0.0
2004-09-30 00:00:00-04:00,2.8438707546488327,3.117821455001831,2.8438707546488327,3.117821455001831,5738,0.0,0.0
2004-10-01 00:00:00-04:00,3.052594660260212,3.0578129520216306,2.9847593866529305,3.0395493507385254,3038,0.0,0.0
2004-10-04 00:00:00-04:00,2.86474195711884,2.86996003841471,2.849088133113049,2.856914520263672,4388,0.0,0.0
2004-10-05 00:00:00-04:00,2.893441949335259,2.9195327758789062,2.893441949335259,2.9195327758789062,675,0.0,0.0
2004-10-06 00:00:00-04:00,2.9195327758789062,2.9195327758789062,2.9195327758789062,2.9195327758789062,0,0.0,0.0
2004-10-07 00:00:00-04:00,2.9195327758789062,2.9195327758789062,2.9195327758789062,2.9195327758789062,0,0.0,0.0
2004-10-08 00:00:00-04:00,2.9195327758789062,2.9195327758789062,2.9195327758789062,2.9195327758789062,0,0.0,0.0
2004-10-11 00:00:00-04:00,2.9195327758789062,2.9195327758789062,2.9195327758789062,2.9195327758789062,0,0.0,0.0
2004-10-12 00:00:00-04:00,2.9195327758789062,2.9195327758789062,2.9195327758789062,2.9195327758789062,0,0.0,0.0
2004-10-13 00:00:00-04:00,2.922141966913094,2.922141966913094,2.8960509300231934,2.8960509300231934,8775,0.0,0.0
2004-10-14 00:00:00-04:00,2.8308254013099203,2.8569153959039952,2.8177800891014226,2.85430645942688,5400,0.0,0.0
2004-10-15 00:00:00-04:00,2.85430645942688,2.85430645942688,2.85430645942688,2.85430645942688,0,0.0,0.0
2004-10-18 00:00:00-04:00,2.85430645942688,2.85430645942688,2.85430645942688,2.85430645942688,0,0.0,0.0
2004-10-19 00:00:00-04:00,2.85430645942688,2.85430645942688,2.85430645942688,2.85430645942688,3375,0.0,0.0
2004-10-20 00:00:00-04:00,2.838652633173332,2.838652633173332,2.783861612101343,2.7890799045562744,2363,0.0,0.0
2004-10-21 00:00:00-04:00,2.8203882448533877,2.843869924545288,2.807342727286177,2.843869924545288,51300,0.0,0.0
2004-10-22 00:00:00-04:00,2.843869924545288,2.843869924545288,2.843869924545288,2.843869924545288,0,0.0,0.0
2004-10-25 00:00:00-04:00,2.8021250596816087,2.896051379463531,2.7916888952351493,2.822997808456421,47588,0.0,0.0
2004-10-26 00:00:00-04:00,2.804733991622925,2.84387034010241,2.799515909798094,2.804733991622925,25988,0.0,0.0
2004-10-27 00:00:00-04:00,2.804733991622925,2.809952283388686,2.804733991622925,2.804733991622925,18563,0.0,0.0
2004-10-28 00:00:00-04:00,2.8021249457693216,2.8021249457693216,2.7160260677337646,2.7160260677337646,2025,0.0,0.0
2004-10-29 00:00:00-04:00,2.7160260677337646,2.7160260677337646,2.7160260677337646,2.7160260677337646,0,0.0,0.0
2004-11-01 00:00:00-05:00,2.716026127445408,2.7995160712814027,2.716026127445408,2.7682077884674072,38813,0.0,0.0
2004-11-02 00:00:00-05:00,2.760380268096924,2.760380268096924,2.760380268096924,2.760380268096924,338,0.0,0.0
2004-11-03 00:00:00-05:00,2.6951539516448975,2.6951539516448975,2.6951539516448975,2.6951539516448975,675,0.0,0.0
2004-11-04 00:00:00-05:00,2.679499238213526,2.679499238213526,2.478602170944214,2.478602170944214,52650,0.0,0.0
2004-11-05 00:00:00-05:00,2.41598604614324,2.538611320737478,2.413376899477366,2.475994110107422,36113,0.0,0.0
2004-11-08 00:00:00-05:00,2.478602411339194,2.504692399511869,2.478602411339194,2.491647720336914,51638,0.0,0.0
2004-11-09 00:00:00-05:00,2.5046924030035607,2.5386104583740234,2.5046924030035607,2.5386104583740234,35775,0.0,0.0
2004-11-10 00:00:00-05:00,2.5386104583740234,2.5386104583740234,2.5386104583740234,2.5386104583740234,4725,0.0,0.0
2004-11-11 00:00:00-05:00,2.5386108933618576,2.5386108933618576,2.241178510633661,2.33249568939209,34763,0.0,0.0
2004-11-12 00:00:00-05:00,2.3090133666992188,2.3090133666992188,2.3090133666992188,2.3090133666992188,675,0.0,0.0
2004-11-15 00:00:00-05:00,2.413376899477366,2.475994110107422,2.413376899477366,2.475994110107422,2363,0.0,0.0
2004-11-16 00:00:00-05:00,2.4003310203552246,2.4003310203552246,2.4003310203552246,2.4003310203552246,1688,0.0,0.0
2004-11-17 00:00:00-05:00,2.50208340853654,2.504692554473877,2.50208340853654,2.504692554473877,6075,0.0,0.0
2004-11-18 00:00:00-05:00,2.5281742990278127,2.5568742752075195,2.5281742990278127,2.5568742752075195,25313,0.0,0.0
2004-11-19 00:00:00-05:00,2.55687472646202,2.575137492041125,2.5307838916778564,2.5307838916778564,12488,0.0,0.0
2004-11-22 00:00:00-05:00,2.817780241800041,2.817780241800041,2.533393134042851,2.5803558826446533,16875,0.0,0.0
2004-11-23 00:00:00-05:00,2.5568741923299774,2.5829641819000244,2.5568741923299774,2.5829641819000244,27000,0.0,0.0
2004-11-24 00:00:00-05:00,2.582964501972164,2.6090555444799888,2.5464381341541964,2.590791940689087,11138,0.0,0.0
2004-11-26 00:00:00-05:00,2.6221012256213343,2.91953386164909,2.6221012256213343,2.9169247150421143,28013,0.0,0.0
2004-11-29 00:00:00-05:00,2.922142368923772,2.9351868394587326,2.8830060181456925,2.893442392349243,19913,0.0,0.0
2004-11-30 00:00:00-05:00,2.880396604537964,2.883005750331713,2.807343041604061,2.880396604537964,7088,0.0,0.0
2004-12-01 00:00:00-05:00,2.804733823042603,2.804733823042603,2.6742811554399903,2.7342894077301025,1688,0.0,0.0
2004-12-02 00:00:00-05:00,2.5934011299280226,2.6768910884857178,2.5934011299280226,2.6768910884857178,5400,0.0,0.0
2004-12-03 00:00:00-05:00,2.6768910884857178,2.6768910884857178,2.6768910884857178,2.6768910884857178,0,0.0,0.0
2004-12-06 00:00:00-05:00,2.773426045293687,2.773426045293687,2.5568742752075195,2.5568742752075195,10125,0.0,0.0
2004-12-07 00:00:00-05:00,2.5307837598641503,2.7603808686320668,2.5307837598641503,2.533392906188965,8775,0.0,0.0
2004-12-08 00:00:00-05:00,2.533392906188965,2.533392906188965,2.533392906188965,2.533392906188965,0,0.0,0.0
2004-12-09 00:00:00-05:00,2.7395079135894775,2.7395079135894775,2.7395079135894775,2.7395079135894775,1688,0.0,0.0
2004-12-10 00:00:00-05:00,2.7395079135894775,2.7395079135894775,2.7395079135894775,2.7395079135894775,0,0.0,0.0
2004-12-13 00:00:00-05:00,2.5594833966256245,2.609055280685425,2.5594833966256245,2.609055280685425,8100,0.0,0.0
2004-12-14 00:00:00-05:00,2.5673107032144795,2.5673107032144795,2.564701557159424,2.564701557159424,1350,0.0,0.0
2004-12-15 00:00:00-05:00,2.7786438923375907,2.7786438923375907,2.5386104583740234,2.5386104583740234,6750,0.0,0.0
2004-12-16 00:00:00-05:00,2.536001654827514,2.5829641819000244,2.5333925089118563,2.5829641819000244,9788,0.0,0.0
2004-12-17 00:00:00-05:00,2.5829641819000244,2.5829641819000244,2.5829641819000244,2.5829641819000244,0,0.0,0.0
2004-12-20 00:00:00-05:00,2.5829643929011397,2.64819073677063,2.5829643929011397,2.64819073677063,16875,0.0,0.0
2004-12-21 00:00:00-05:00,2.64819073677063,2.64819073677063,2.64819073677063,2.64819073677063,0,0.0,0.0
2004-12-22 00:00:00-05:00,2.64819073677063,2.64819073677063,2.64819073677063,2.64819073677063,0,0.0,0.0
2004-12-23 00:00:00-05:00,2.70298171043396,2.70298171043396,2.70298171043396,2.70298171043396,338,0.0,0.0
2004-12-27 00:00:00-05:00,2.58296405585253,2.6612359102114365,2.58296405585253,2.6455812454223633,6075,0.0,0.0
2004-12-28 00:00:00-05:00,2.5829643218186438,2.6899361610412598,2.5829643218186438,2.6899361610412598,6413,0.0,0.0
2004-12-29 00:00:00-05:00,2.6194916271801367,2.66123628616333,2.5855735669039115,2.66123628616333,12150,0.0,0.0
2004-12-30 00:00:00-05:00,2.6612359102114365,2.6612359102114365,2.6455812454223633,2.6455812454223633,4050,0.0,0.0
2004-12-31 00:00:00-05:00,2.6455812454223633,2.6455812454223633,2.6455812454223633,2.6455812454223633,0,0.0,0.0
2005-01-03 00:00:00-05:00,2.6925449273785174,2.7290712903457126,2.6012277603149414,2.6012277603149414,15863,0.0,0.0
2005-01-04 00:00:00-05:00,2.6612366310165676,2.6638457775115967,2.6612366310165676,2.6638457775115967,9450,0.0,0.0
2005-01-05 00:00:00-05:00,2.6638457775115967,2.6638457775115967,2.6638457775115967,2.6638457775115967,0,0.0,0.0
2005-01-06 00:00:00-05:00,2.5960097312927246,2.5960097312927246,2.5960097312927246,2.5960097312927246,2363,0.0,0.0
2005-01-07 00:00:00-05:00,2.713416576385498,2.713416576385498,2.713416576385498,2.713416576385498,338,0.0,0.0
2005-01-10 00:00:00-05:00,2.6377556324005127,2.6403645688064503,2.6377556324005127,2.6377556324005127,9450,0.0,0.0
2005-01-11 00:00:00-05:00,2.6090555188931064,2.622100830078125,2.5960099977671307,2.622100830078125,5738,0.0,0.0
2005-01-12 00:00:00-05:00,2.624709706871119,2.624709706871119,2.5960097312927246,2.5960097312927246,5063,0.0,0.0
2005-01-13 00:00:00-05:00,2.5986188772382883,2.5986188772382883,2.5960097312927246,2.5960097312927246,4050,0.0,0.0
2005-01-14 00:00:00-05:00,2.5960097312927246,2.5960097312927246,2.5960097312927246,2.5960097312927246,0,0.0,0.0
2005-01-18 00:00:00-05:00,2.5986184553045306,2.6038365364074707,2.5986184553045306,2.6038365364074707,1013,0.0,0.0
2005-01-19 00:00:00-05:00,2.6038365364074707,2.6038365364074707,2.6038365364074707,2.6038365364074707,0,0.0,0.0
2005-01-20 00:00:00-05:00,2.6038365364074707,2.6038365364074707,2.6038365364074707,2.6038365364074707,1350,0.0,0.0
2005-01-21 00:00:00-05:00,2.6299277888213113,2.658626924635964,2.5960097312927246,2.5960097312927246,21600,0.0,0.0
2005-01-24 00:00:00-05:00,2.640364162662631,2.6638452165270916,2.5960097312927246,2.5960097312927246,19238,0.0,0.0
2005-01-25 00:00:00-05:00,2.598619227303543,2.8699607849121094,2.598619227303543,2.8699607849121094,17888,0.0,0.0
2005-01-26 00:00:00-05:00,2.752553332148996,2.7995160712814027,2.752553332148996,2.7682077884674072,7425,0.0,0.0
2005-01-27 00:00:00-05:00,2.768207406852762,2.768207406852762,2.7264621257781982,2.7264621257781982,2700,0.0,0.0
2005-01-28 00:00:00-05:00,2.6351462457287536,2.7003725891021158,2.6351462457287536,2.697763442993164,9788,0.0,0.0
2005-01-31 00:00:00-05:00,2.6951544047614635,2.6951544047614635,2.6090555188931064,2.622100830078125,11813,0.0,0.0
2005-02-01 00:00:00-05:00,2.622100187730449,2.635145705660605,2.598618507385254,2.598618507385254,5400,0.0,0.0
2005-02-02 00:00:00-05:00,2.598618507385254,2.598618507385254,2.598618507385254,2.598618507385254,0,0.0,0.0
2005-02-03 00:00:00-05:00,2.6194911003112793,2.6194911003112793,2.6194911003112793,2.6194911003112793,5400,0.0,0.0
2005-02-04 00:00:00-05:00,2.624709548702161,2.6455812454223633,2.6142731754897537,2.6455812454223633,5063,0.0,0.0
2005-02-07 00:00:00-05:00,2.6221009642600475,2.6377556324005127,2.6221009642600475,2.6377556324005127,3375,0.0,0.0
2005-02-08 00:00:00-05:00,2.6455817777931365,2.671672821044922,2.6455817777931365,2.671672821044922,7763,0.0,0.0
2005-02-09 00:00:00-05:00,2.6116642167196575,2.614273362694828,2.609055280685425,2.609055280685425,6413,0.0,0.0
2005-02-10 00:00:00-05:00,2.6768905567486057,2.6768905567486057,2.609055280685425,2.609055280685425,4725,0.0,0.0
2005-02-11 00:00:00-05:00,2.619490943712912,2.619490943712912,2.405548572540283,2.405548572540283,72900,0.0,0.0
2005-02-14 00:00:00-05:00,2.462948011956721,2.6899361610412598,2.462948011956721,2.6899361610412598,26325,0.0,0.0
2005-02-15 00:00:00-05:00,2.684717815743699,2.684717815743699,2.635146141052246,2.635146141052246,35438,0.0,0.0
2005-02-16 00:00:00-05:00,2.6821092308291967,2.6821092308291967,2.6377556324005127,2.6377556324005127,15863,0.0,0.0
2005-02-17 00:00:00-05:00,2.663845592045772,2.671672821044922,2.6377555984988126,2.671672821044922,48263,0.0,0.0
2005-02-18 00:00:00-05:00,2.674281597066054,2.674281597066054,2.66123628616333,2.66123628616333,29025,0.0,0.0
2005-02-22 00:00:00-05:00,2.6638452243553,2.6873269081115723,2.6638452243553,2.6873269081115723,55350,0.0,0.0
2005-02-23 00:00:00-05:00,2.6977632819835606,2.6977632819835606,2.6742813882863525,2.6873269081115723,11138,0.0,0.0
2005-02-24 00:00:00-05:00,2.6742814117078817,2.695154159634664,2.6690633296966553,2.6690633296966553,14513,0.0,0.0
2005-02-25 00:00:00-05:00,2.6951543464395558,2.6951543464395558,2.6168826909641636,2.66123628616333,23963,0.0,0.0
2005-02-28 00:00:00-05:00,2.7003721792416497,2.7003721792416497,2.642972233202521,2.656017541885376,25313,0.0,0.0
2005-03-01 00:00:00-05:00,2.697763305610746,2.7003724515868286,2.6690633296966553,2.6690633296966553,4050,0.0,0.0
2005-03-02 00:00:00-05:00,2.6273188088767787,2.6977632289376445,2.6273188088767787,2.692544937133789,3713,0.0,0.0
2005-03-03 00:00:00-05:00,2.7003726959228516,2.7003726959228516,2.6221008288494176,2.7003726959228516,27675,0.0,0.0
2005-03-04 00:00:00-05:00,2.7003726959228516,2.7003726959228516,2.7003726959228516,2.7003726959228516,0,0.0,0.0
2005-03-07 00:00:00-05:00,2.7029815252701193,2.7029815252701193,2.6768906940034465,2.697763442993164,14175,0.0,0.0
2005-03-08 00:00:00-05:00,2.7003721078113623,2.713416576385498,2.7003721078113623,2.713416576385498,3038,0.0,0.0
2005-03-09 00:00:00-05:00,2.713416576385498,2.7160257220294186,2.713416576385498,2.713416576385498,21600,0.0,0.0
2005-03-10 00:00:00-05:00,2.7212442883870906,2.7212442883870906,2.697763442993164,2.697763442993164,14175,0.0,0.0
2005-03-11 00:00:00-05:00,2.7003727740872354,2.70298171043396,2.7003727740872354,2.70298171043396,7088,0.0,0.0
2005-03-14 00:00:00-05:00,2.7264621257781982,2.7264621257781982,2.716025753024329,2.7264621257781982,8775,0.0,0.0
2005-03-15 00:00:00-05:00,2.7212432517115532,2.7316796222306077,2.676889674224696,2.7081987857818604,13500,0.0,0.0
2005-03-16 00:00:00-05:00,2.6716724522740574,2.6873269081115723,2.6716724522740574,2.6873269081115723,8100,0.0,0.0
2005-03-17 00:00:00-05:00,2.7421159927496626,2.7655978789027533,2.671671593935603,2.7081987857818604,12150,0.0,0.0
2005-03-18 00:00:00-05:00,2.6821085573756096,2.7108085301623595,2.674281120300293,2.674281120300293,2363,0.0,0.0
2005-03-21 00:00:00-05:00,2.695154694057915,2.697763840551366,2.6612366294069716,2.6768910884857178,58725,0.0,0.0
2005-03-22 00:00:00-05:00,2.6612362574736683,2.6612362574736683,2.64819073677063,2.64819073677063,6075,0.0,0.0
2005-03-23 00:00:00-05:00,2.676891090104782,2.676891090104782,2.6638457775115967,2.6638457775115967,2025,0.0,0.0
2005-03-24 00:00:00-05:00,2.64819073677063,2.650799882899428,2.64819073677063,2.64819073677063,2700,0.0,0.0
2005-03-28 00:00:00-05:00,2.6507994388970877,2.7134166261495567,2.6507994388970877,2.674281120300293,2025,0.0,0.0
2005-03-29 00:00:00-05:00,2.6768905567486057,2.6768905567486057,2.609055280685425,2.609055280685425,20250,0.0,0.0
2005-03-30 00:00:00-05:00,2.6690633296966553,2.6690633296966553,2.6612361017093464,2.6690633296966553,2025,0.0,0.0
2005-03-31 00:00:00-05:00,2.6690633296966553,2.6690633296966553,2.6690633296966553,2.6690633296966553,0,0.0,0.0
2005-04-01 00:00:00-05:00,2.6168825086699985,2.635146110614317,2.609055280685425,2.609055280685425,10125,0.0,0.0
2005-04-04 00:00:00-04:00,2.635145949234552,2.635145949234552,2.611664056777954,2.611664056777954,10800,0.0,0.0
2005-04-05 00:00:00-04:00,2.609055280685425,2.609055280685425,2.609055280685425,2.609055280685425,28013,0.0,0.0
2005-04-06 00:00:00-04:00,2.5829646672977096,2.5829646672977096,2.5568746728247604,2.5673110485076904,9113,0.0,0.0
2005-04-07 00:00:00-04:00,2.575136661529541,2.575136661529541,2.575136661529541,2.575136661529541,675,0.0,0.0
2005-04-08 00:00:00-04:00,2.5568742752075195,2.5673106492674984,2.543828965088251,2.5568742752075195,9113,0.0,0.0
2005-04-11 00:00:00-04:00,2.5568742752075195,2.5568742752075195,2.5568742752075195,2.5568742752075195,0,0.0,0.0
2005-04-12 00:00:00-04:00,2.551656723022461,2.551656723022461,2.551656723022461,2.551656723022461,11138,0.0,0.0
2005-04-13 00:00:00-04:00,2.517738136793904,2.517738136793904,2.470775604248047,2.470775604248047,13838,0.0,0.0
2005-04-14 00:00:00-04:00,2.470775604248047,2.470775604248047,2.4655573118085545,2.470775604248047,4050,0.0,0.0
2005-04-15 00:00:00-04:00,2.4499028513656502,2.455120933857782,2.4394664764404297,2.4394664764404297,22950,0.0,0.0
2005-04-18 00:00:00-04:00,2.426421642303467,2.426421642303467,2.426421642303467,2.426421642303467,5063,0.0,0.0
2005-04-19 00:00:00-04:00,2.442075622656974,2.442075622656974,2.4394664764404297,2.4394664764404297,1350,0.0,0.0
2005-04-20 00:00:00-04:00,2.45251168036393,2.45251168036393,2.4290306270979123,2.4499025344848633,5738,0.0,0.0
2005-04-21 00:00:00-04:00,2.4525117034168153,2.4525117034168153,2.400330674813371,2.4316389560699463,62775,0.0,0.0
2005-04-22 00:00:00-04:00,2.4003311003909116,2.4003311003909116,2.376849412918091,2.376849412918091,12825,0.0,0.0
2005-04-25 00:00:00-04:00,2.3872857088411807,2.4003310203552246,2.376849333665368,2.4003310203552246,40838,0.0,0.0
2005-04-26 00:00:00-04:00,2.4003307217322627,2.4003307217322627,2.361194372177124,2.361194372177124,58388,0.0,0.0
2005-04-27 00:00:00-04:00,2.3872857088411807,2.4003310203552246,2.3872857088411807,2.4003310203552246,9450,0.0,0.0
2005-04-28 00:00:00-04:00,2.4003310203552246,2.4003310203552246,2.4003310203552246,2.4003310203552246,1688,0.0,0.0
2005-04-29 00:00:00-04:00,2.4003310203552246,2.4003310203552246,2.4003310203552246,2.4003310203552246,23625,0.0,0.0
2005-05-02 00:00:00-04:00,2.4003307339632474,2.4238126277923584,2.4003307339632474,2.4238126277923584,10463,0.0,0.0
2005-05-03 00:00:00-04:00,2.3611945856555225,2.366412878036499,2.3611945856555225,2.366412878036499,4050,0.0,0.0
2005-05-04 00:00:00-04:00,2.350758922273782,2.350758922273782,2.3481497764587402,2.3481497764587402,675,0.0,0.0
2005-05-05 00:00:00-04:00,2.3533681760042837,2.397721767425537,2.3533681760042837,2.397721767425537,1013,0.0,0.0
2005-05-06 00:00:00-04:00,2.397721767425537,2.397721767425537,2.397721767425537,2.397721767425537,0,0.0,0.0
2005-05-09 00:00:00-04:00,2.3611942562857475,2.426421642303467,2.3611942562857475,2.426421642303467,1013,0.0,0.0
2005-05-10 00:00:00-04:00,2.361194401575375,2.3794582135439795,2.361194401575375,2.374239921569824,3375,0.0,0.0
2005-05-11 00:00:00-04:00,2.374239921569824,2.374239921569824,2.374239921569824,2.374239921569824,0,0.0,0.0
2005-05-12 00:00:00-04:00,2.36119393920919,2.405548572540283,2.36119393920919,2.405548572540283,2363,0.0,0.0
2005-05-13 00:00:00-04:00,2.22291480092332,2.314231975327035,2.22291480092332,2.298577308654785,28013,0.0,0.0
2005-05-16 00:00:00-04:00,2.314232110977173,2.314232110977173,2.314232110977173,2.314232110977173,675,0.0,0.0
2005-05-17 00:00:00-04:00,2.2620509427515745,2.298577308654785,2.256832860488123,2.298577308654785,4050,0.0,0.0
2005-05-18 00:00:00-04:00,2.322059154510498,2.322059154510498,2.322059154510498,2.322059154510498,3375,0.0,0.0
2005-05-19 00:00:00-04:00,2.2568325691330777,2.2620506507228795,2.2437870502471924,2.2437870502471924,6413,0.0,0.0
2005-05-20 00:00:00-04:00,2.2437870502471924,2.2437870502471924,2.2437870502471924,2.2437870502471924,0,0.0,0.0
2005-05-23 00:00:00-04:00,2.2437870502471924,2.2437870502471924,2.2437870502471924,2.2437870502471924,0,0.0,0.0
2005-05-24 00:00:00-04:00,2.264660568560303,2.293359712176993,2.264660568560303,2.282924175262451,2363,0.0,0.0
2005-05-25 00:00:00-04:00,2.3455413881274447,2.3455413881274447,2.26987886428833,2.26987886428833,3713,0.0,0.0
2005-05-26 00:00:00-04:00,2.282924175262451,2.282924175262451,2.282924175262451,2.282924175262451,6413,0.0,0.0
2005-05-27 00:00:00-04:00,2.290750026702881,2.290750026702881,2.290750026702881,2.290750026702881,675,0.0,0.0
2005-05-31 00:00:00-04:00,2.277705433627076,2.3377134799957275,2.272487141825432,2.3377134799957275,8438,0.0,0.0
2005-06-01 00:00:00-04:00,2.26987886428833,2.3455413881274447,2.26987886428833,2.26987886428833,8438,0.0,0.0
2005-06-02 00:00:00-04:00,2.2176975086245885,2.251614940815755,2.2176975086245885,2.2490057945251465,3713,0.0,0.0
2005-06-03 00:00:00-04:00,2.225524208501131,2.282924175262451,2.225524208501131,2.282924175262451,3713,0.0,0.0
2005-06-06 00:00:00-04:00,2.2516144439770445,2.2803142070770264,2.2463961525472897,2.2803142070770264,8438,0.0,0.0
2005-06-07 00:00:00-04:00,2.280314294617828,2.350758922273782,2.280314294617828,2.3481497764587402,13500,0.0,0.0
2005-06-08 00:00:00-04:00,2.3481497764587402,2.3481497764587402,2.3481497764587402,2.3481497764587402,0,0.0,0.0
2005-06-09 00:00:00-04:00,2.3481497764587402,2.3481497764587402,2.3481497764587402,2.3481497764587402,675,0.0,0.0
2005-06-10 00:00:00-04:00,2.369022366229772,2.413376808166504,2.369022366229772,2.413376808166504,2025,0.0,0.0
2005-06-13 00:00:00-04:00,2.413376808166504,2.413376808166504,2.413376808166504,2.413376808166504,0,0.0,0.0
2005-06-14 00:00:00-04:00,2.3246681781781544,2.415985345840454,2.3246681781781544,2.415985345840454,34763,0.0,0.0
2005-06-15 00:00:00-04:00,2.3977218989922826,2.3977218989922826,2.3951127529144287,2.3951127529144287,675,0.0,0.0
2005-06-16 00:00:00-04:00,2.3481497764587402,2.3481497764587402,2.3481497764587402,2.3481497764587402,1013,0.0,0.0
2005-06-17 00:00:00-04:00,2.3559766281019523,2.429030179977417,2.3559766281019523,2.429030179977417,4050,0.0,0.0
2005-06-20 00:00:00-04:00,2.429030179977417,2.429030179977417,2.429030179977417,2.429030179977417,0,0.0,0.0
2005-06-21 00:00:00-04:00,2.275096353351074,2.6690633296966553,2.275096353351074,2.6690633296966553,122175,0.0,0.0
2005-06-22 00:00:00-04:00,2.609055310821985,2.635146141052246,2.609055310821985,2.635146141052246,13838,0.0,0.0
2005-06-23 00:00:00-04:00,2.5464373709614696,2.549046516418457,2.5464373709614696,2.549046516418457,3713,0.0,0.0
2005-06-24 00:00:00-04:00,2.5568743478792215,2.5594834939536084,2.5020835399627686,2.5020835399627686,4388,0.0,0.0
2005-06-27 00:00:00-04:00,2.4864293975718823,2.4864293975718823,2.478602170944214,2.478602170944214,1688,0.0,0.0
2005-06-28 00:00:00-04:00,2.554265260696411,2.554265260696411,2.554265260696411,2.554265260696411,675,0.0,0.0
2005-06-29 00:00:00-04:00,2.4942572115152823,2.4942572115152823,2.4786027545738345,2.4812119007110596,6413,0.0,0.0
2005-06-30 00:00:00-04:00,2.554265260696411,2.554265260696411,2.554265260696411,2.554265260696411,16538,0.0,0.0
2005-07-01 00:00:00-04:00,2.5307838916778564,2.5307838916778564,2.5307838916778564,2.5307838916778564,1013,0.0,0.0
2005-07-05 00:00:00-04:00,2.5307838916778564,2.5307838916778564,2.5307838916778564,2.5307838916778564,3375,0.0,0.0
2005-07-06 00:00:00-04:00,2.5307838916778564,2.5307838916778564,2.5307838916778564,2.5307838916778564,675,0.0,0.0
2005-07-07 00:00:00-04:00,2.5307838916778564,2.5307838916778564,2.5307838916778564,2.5307838916778564,0,0.0,0.0
2005-07-08 00:00:00-04:00,2.5307838916778564,2.5307838916778564,2.5307838916778564,2.5307838916778564,0,0.0,0.0
2005-07-11 00:00:00-04:00,2.5125196722029295,2.5125196722029295,2.45512056350708,2.45512056350708,5063,0.0,0.0
2005-07-12 00:00:00-04:00,2.478602170944214,2.478602170944214,2.478602170944214,2.478602170944214,338,0.0,0.0
2005-07-13 00:00:00-04:00,2.4812119007110596,2.4812119007110596,2.4812119007110596,2.4812119007110596,2025,0.0,0.0
2005-07-14 00:00:00-04:00,2.4812119007110596,2.4812119007110596,2.4812119007110596,2.4812119007110596,0,0.0,0.0
2005-07-15 00:00:00-04:00,2.4812119007110596,2.4812119007110596,2.4812119007110596,2.4812119007110596,0,0.0,0.0
2005-07-18 00:00:00-04:00,2.478602170944214,2.478602170944214,2.478602170944214,2.478602170944214,1688,0.0,0.0
2005-07-19 00:00:00-04:00,2.478602170944214,2.478602170944214,2.478602170944214,2.478602170944214,1350,0.0,0.0
2005-07-20 00:00:00-04:00,2.5203473567962646,2.5203473567962646,2.5203473567962646,2.5203473567962646,1350,0.0,0.0
2005-07-21 00:00:00-04:00,2.5203473567962646,2.5203473567962646,2.5203473567962646,2.5203473567962646,0,0.0,0.0
2005-07-22 00:00:00-04:00,2.5203473567962646,2.5203473567962646,2.5203473567962646,2.5203473567962646,0,0.0,0.0
2005-07-25 00:00:00-04:00,2.504692796802643,2.504692796802643,2.4577300548553467,2.4577300548553467,6075,0.0,0.0
2005-07-26 00:00:00-04:00,2.5099105834960938,2.5099105834960938,2.5099105834960938,2.5099105834960938,338,0.0,0.0
2005-07-27 00:00:00-04:00,2.455120281120307,2.478602170944214,2.455120281120307,2.478602170944214,5063,0.0,0.0
2005-07-28 00:00:00-04:00,2.5177379241217492,2.5438289642333984,2.4786026235999143,2.5438289642333984,2025,0.0,0.0
2005-07-29 00:00:00-04:00,2.530782981992332,2.530782981992332,2.455120281120307,2.478602170944214,32738,0.0,0.0
2005-08-01 00:00:00-04:00,2.504692554473877,2.674281371995554,2.504692554473877,2.504692554473877,17213,0.0,0.0
2005-08-02 00:00:00-04:00,2.5046921565864704,2.5046921565864704,2.478602170944214,2.478602170944214,16538,0.0,0.0
2005-08-03 00:00:00-04:00,2.4786020530864326,2.4786020530864326,2.429030179977417,2.429030179977417,5400,0.0,0.0
2005-08-04 00:00:00-04:00,2.3898947248671125,2.3898947248671125,2.376849412918091,2.376849412918091,4050,0.0,0.0
2005-08-05 00:00:00-04:00,2.376848790253857,2.3820668716782882,2.3011860847473145,2.3011860847473145,38813,0.0,0.0
2005-08-08 00:00:00-04:00,2.301186454756985,2.301186454756985,2.298577308654785,2.298577308654785,2025,0.0,0.0
2005-08-09 00:00:00-04:00,2.298577308654785,2.298577308654785,2.298577308654785,2.298577308654785,0,0.0,0.0
2005-08-10 00:00:00-04:00,2.298577308654785,2.298577308654785,2.298577308654785,2.298577308654785,0,0.0,0.0
2005-08-11 00:00:00-04:00,2.298577308654785,2.298577308654785,2.298577308654785,2.298577308654785,0,0.0,0.0
2005-08-12 00:00:00-04:00,2.348150146869918,2.4133764931849804,2.144643879185816,2.33249568939209,17888,0.0,0.0
2005-08-15 00:00:00-04:00,2.33249568939209,2.33249568939209,2.33249568939209,2.33249568939209,0,0.0,0.0
2005-08-16 00:00:00-04:00,2.1994343350350403,2.1994343350350403,2.194216251373291,2.194216251373291,3375,0.0,0.0
2005-08-17 00:00:00-04:00,2.2307417392730713,2.2437870482061695,2.2307417392730713,2.2307417392730713,8100,0.0,0.0
2005-08-18 00:00:00-04:00,2.194216251373291,2.194216251373291,2.194216251373291,2.194216251373291,2025,0.0,0.0
2005-08-19 00:00:00-04:00,2.194216251373291,2.194216251373291,2.194216251373291,2.194216251373291,675,0.0,0.0
2005-08-22 00:00:00-04:00,2.194216251373291,2.194216251373291,2.194216251373291,2.194216251373291,0,0.0,0.0
2005-08-23 00:00:00-04:00,2.1942156382117033,2.1942156382117033,2.165515661239624,2.165515661239624,5063,0.0,0.0
2005-08-24 00:00:00-04:00,2.165515661239624,2.165515661239624,2.165515661239624,2.165515661239624,0,0.0,0.0
2005-08-25 00:00:00-04:00,2.178560894566256,2.243787234712519,2.1655155845488157,2.235960006713867,6750,0.0,0.0
2005-08-26 00:00:00-04:00,2.3455410026731935,2.3455410026731935,2.241178512573242,2.241178512573242,7763,0.0,0.0
2005-08-29 00:00:00-04:00,2.2437870502471924,2.2437870502471924,2.1942153801145374,2.2437870502471924,5063,0.0,0.0
2005-08-30 00:00:00-04:00,2.1942154316405813,2.2437871029373118,2.1942154316405813,2.2385690212249756,6413,0.0,0.0
2005-08-31 00:00:00-04:00,2.243786967642025,2.3872851508128186,2.2411780319136327,2.3507587909698486,120488,0.0,0.0
2005-09-01 00:00:00-04:00,2.580355672414398,2.8699608397544587,2.489039329210124,2.6377556324005127,270000,0.0,0.0
2005-09-02 00:00:00-04:00,2.7003727236706627,2.7003727236706627,2.5307836766022684,2.590791940689087,35100,0.0,0.0
2005-09-06 00:00:00-04:00,2.7316806060727132,2.8438705273693152,2.6716725561652086,2.7969069480895996,73913,0.0,0.0
2005-09-07 00:00:00-04:00,2.804733873292173,2.804733873292173,2.6481903754471214,2.6821086406707764,17550,0.0,0.0
2005-09-08 00:00:00-04:00,2.5960094787790204,2.674281120300293,2.5960094787790204,2.674281120300293,26663,0.0,0.0
2005-09-09 00:00:00-04:00,2.755162477493286,2.755162477493286,2.755162477493286,2.755162477493286,3713,0.0,0.0
2005-09-12 00:00:00-04:00,2.7577708746675063,2.7577708746675063,2.4629475077479754,2.478602170944214,12825,0.0,0.0
2005-09-13 00:00:00-04:00,2.5281741042972694,2.5281741042972694,2.473384141921997,2.473384141921997,4050,0.0,0.0
2005-09-14 00:00:00-04:00,2.6403639511174246,2.8569146496118156,2.6403639511174246,2.778643846511841,196763,0.0,0.0
2005-09-15 00:00:00-04:00,2.8621333741986015,2.869960602651701,2.817779779434204,2.817779779434204,32738,0.0,0.0
2005-09-16 00:00:00-04:00,2.896051328444424,2.922142368923772,2.8699604979060185,2.893442392349243,44213,0.0,0.0
2005-09-19 00:00:00-04:00,2.89605140653673,2.89605140653673,2.8073433780897132,2.8830060958862305,17550,0.0,0.0
2005-09-20 00:00:00-04:00,2.893442222408765,2.896051158350715,2.75255317337462,2.804733991622925,20250,0.0,0.0
2005-09-21 00:00:00-04:00,2.8803972395186217,2.8960516978502806,2.8595244884490967,2.8595244884490967,3713,0.0,0.0
2005-09-22 00:00:00-04:00,2.8960512530917852,3.245664636261013,2.883005943132481,3.023894786834717,249075,0.0,0.0
2005-09-23 00:00:00-04:00,2.9873685589457186,3.0265040707252195,2.9012696772434072,2.992586851119995,36788,0.0,0.0
2005-09-26 00:00:00-04:00,3.0265042935446163,3.0525951265140367,2.828216314315796,2.828216314315796,52988,0.0,0.0
2005-09-27 00:00:00-04:00,2.8386525286031037,2.8386525286031037,2.7473351432382076,2.817779779434204,23288,0.0,0.0
2005-09-28 00:00:00-04:00,2.8803963478200094,2.8803963478200094,2.802124500274658,2.802124500274658,7763,0.0,0.0
2005-09-29 00:00:00-04:00,2.864743031296219,2.864743031296219,2.8125619888305664,2.8125619888305664,2700,0.0,0.0
2005-09-30 00:00:00-04:00,2.8256067373450136,2.8256067373450136,2.7916886806488037,2.7916886806488037,7425,0.0,0.0
2005-10-03 00:00:00-04:00,2.7916886806488037,2.7916886806488037,2.7916886806488037,2.7916886806488037,0,0.0,0.0
2005-10-04 00:00:00-04:00,2.79168905078374,2.7969071332977133,2.7864707583288086,2.7890799045562744,7425,0.0,0.0
2005-10-05 00:00:00-04:00,2.783861380427828,2.8334341049194336,2.783861380427828,2.8334341049194336,2700,0.0,0.0
2005-10-06 00:00:00-04:00,2.791688705016623,2.8412612175528746,2.7838612673037004,2.786470413208008,12488,0.0,0.0
2005-10-07 00:00:00-04:00,2.799516124624863,2.961277723312378,2.7864706041503156,2.961277723312378,7425,0.0,0.0
2005-10-10 00:00:00-04:00,2.922142505645752,2.922142505645752,2.922142505645752,2.922142505645752,3375,0.0,0.0
2005-10-11 00:00:00-04:00,2.812561303315801,2.8725695610046387,2.812561303315801,2.8725695610046387,15188,0.0,0.0
2005-10-12 00:00:00-04:00,2.7316800768106333,2.8699599622758543,2.7316800768106333,2.8673508167266846,11475,0.0,0.0
2005-10-13 00:00:00-04:00,2.804733645835865,2.815170018139788,2.802124500274658,2.802124500274658,5738,0.0,0.0
2005-10-14 00:00:00-04:00,2.802124500274658,2.802124500274658,2.802124500274658,2.802124500274658,0,0.0,0.0
2005-10-17 00:00:00-04:00,2.802124500274658,2.802124500274658,2.802124500274658,2.802124500274658,0,0.0,0.0
2005-10-18 00:00:00-04:00,2.8673509495247704,2.86996009519478,2.8177792812037232,2.836042881011963,7763,0.0,0.0
2005-10-19 00:00:00-04:00,2.836043112394699,2.883005848818174,2.804733991622925,2.804733991622925,44550,0.0,0.0
2005-10-20 00:00:00-04:00,2.7786442160644746,2.7786442160644746,2.7629897594451904,2.7629897594451904,99563,0.0,0.0
2005-10-21 00:00:00-04:00,2.7577711005015204,2.778643846511841,2.7577711005015204,2.778643846511841,22275,0.0,0.0
2005-10-24 00:00:00-04:00,2.7551624781823785,2.7682077884674072,2.7551624781823785,2.7682077884674072,3713,0.0,0.0
2005-10-25 00:00:00-04:00,2.739506847634682,2.7499432181537364,2.650798852897493,2.7081987857818604,17550,0.0,0.0
2005-10-26 00:00:00-04:00,2.650799642803579,2.713416834872727,2.5960096784709235,2.6012277603149414,35775,0.0,0.0
2005-10-27 00:00:00-04:00,2.6038369591884805,2.609055251079608,2.5099106443212826,2.5960097312927246,60750,0.0,0.0
2005-10-28 00:00:00-04:00,2.5333925379494855,2.5960097312927246,2.5099106443212826,2.5960097312927246,22275,0.0,0.0
2005-10-31 00:00:00-05:00,2.5960097312927246,2.5960097312927246,2.5960097312927246,2.5960097312927246,0,0.0,0.0
2005-11-01 00:00:00-05:00,2.609055280685425,2.609055280685425,2.5960097607505097,2.609055280685425,4725,0.0,0.0
2005-11-02 00:00:00-05:00,2.6090554624343385,2.66123628616333,2.6090554624343385,2.66123628616333,102600,0.0,0.0
2005-11-03 00:00:00-05:00,2.66123628616333,2.66123628616333,2.66123628616333,2.66123628616333,0,0.0,0.0
2005-11-04 00:00:00-05:00,2.700372203648192,2.778643846511841,2.700372203648192,2.778643846511841,6075,0.0,0.0
2005-11-07 00:00:00-05:00,2.716026351614347,2.862133502960205,2.716026351614347,2.862133502960205,2700,0.0,0.0
2005-11-08 00:00:00-05:00,2.867351733509822,2.867351733509822,2.729071803832129,2.752553701400757,4725,0.0,0.0
2005-11-09 00:00:00-05:00,2.8229977063747316,2.8386523723602295,2.8229977063747316,2.8386523723602295,675,0.0,0.0
2005-11-10 00:00:00-05:00,2.7916886806488037,2.7916886806488037,2.7916886806488037,2.7916886806488037,338,0.0,0.0
2005-11-11 00:00:00-05:00,2.765599408515739,2.765599408515739,2.7577719688415527,2.7577719688415527,1350,0.0,0.0
2005-11-14 00:00:00-05:00,2.7525527711611084,2.875178200978456,2.7525527711611084,2.843869924545288,5738,0.0,0.0
2005-11-15 00:00:00-05:00,2.843869924545288,2.843869924545288,2.843869924545288,2.843869924545288,0,0.0,0.0
2005-11-16 00:00:00-05:00,2.817779225456013,2.856914520263672,2.817779225456013,2.856914520263672,4725,0.0,0.0
2005-11-17 00:00:00-05:00,2.742116645964239,2.778643846511841,2.742116645964239,2.778643846511841,2363,0.0,0.0
2005-11-18 00:00:00-05:00,2.752553385052019,2.773426133838362,2.752553385052019,2.7629897594451904,1350,0.0,0.0
2005-11-21 00:00:00-05:00,2.843870723367092,2.843870723367092,2.7734262943267822,2.7734262943267822,1013,0.0,0.0
2005-11-22 00:00:00-05:00,2.8047338342906074,2.8047338342906074,2.778643846511841,2.778643846511841,4050,0.0,0.0
2005-11-23 00:00:00-05:00,2.603836788702255,2.705590324802895,2.577745960777721,2.6951539516448975,9113,0.0,0.0
2005-11-25 00:00:00-05:00,2.6951539516448975,2.6951539516448975,2.6951539516448975,2.6951539516448975,0,0.0,0.0
2005-11-28 00:00:00-05:00,2.695154318844438,2.7395079135894775,2.695154318844438,2.7395079135894775,5400,0.0,0.0
2005-11-29 00:00:00-05:00,2.7395079135894775,2.7395079135894775,2.7395079135894775,2.7395079135894775,0,0.0,0.0
2005-11-30 00:00:00-05:00,2.770816774672922,2.804733991622925,2.7655986928480916,2.804733991622925,41850,0.0,0.0
2005-12-01 00:00:00-05:00,2.804733723151864,2.9351863861083984,2.804733723151864,2.9351863861083984,2700,0.0,0.0
2005-12-02 00:00:00-05:00,2.809952445473991,2.828216047825785,2.7629897063415845,2.7682077884674072,22613,0.0,0.0
2005-12-05 00:00:00-05:00,2.804733770494938,2.8960509300231934,2.713416610966683,2.8960509300231934,314213,0.0,0.0
2005-12-06 00:00:00-05:00,2.9351869465849973,2.9351869465849973,2.817779779434204,2.817779779434204,5400,0.0,0.0
2005-12-07 00:00:00-05:00,2.8177792413766096,2.9717135852085943,2.8177792413766096,2.9351863861083984,49950,0.0,0.0
2005-12-08 00:00:00-05:00,2.8908331628483057,2.896051244828952,2.8725695610046387,2.8725695610046387,51638,0.0,0.0
2005-12-09 00:00:00-05:00,2.760380613361661,2.7629897594451904,2.760380613361661,2.7629897594451904,4725,0.0,0.0
2005-12-12 00:00:00-05:00,2.739508023101007,2.7734262943267822,2.713417190578767,2.7734262943267822,25313,0.0,0.0
2005-12-13 00:00:00-05:00,2.830824561366432,2.830824561366432,2.713416576385498,2.713416576385498,7425,0.0,0.0
2005-12-14 00:00:00-05:00,2.580354977186508,2.7212438033763484,2.580354977186508,2.713416576385498,4388,0.0,0.0
2005-12-15 00:00:00-05:00,2.713416576385498,2.713416576385498,2.713416576385498,2.713416576385498,0,0.0,0.0
2005-12-16 00:00:00-05:00,2.7134168248951345,2.804733991622925,2.7134168248951345,2.804733991622925,7425,0.0,0.0
2005-12-19 00:00:00-05:00,2.7264621257781982,2.7264621257781982,2.7264621257781982,2.7264621257781982,3375,0.0,0.0
2005-12-20 00:00:00-05:00,2.7838613986968994,2.7838613986968994,2.7838613986968994,2.7838613986968994,675,0.0,0.0
2005-12-21 00:00:00-05:00,2.7838613986968994,2.7838613986968994,2.7838613986968994,2.7838613986968994,0,0.0,0.0
2005-12-22 00:00:00-05:00,2.778644138111867,2.8334341049194336,2.742116933730981,2.8334341049194336,35775,0.0,0.0
2005-12-23 00:00:00-05:00,2.8334341049194336,2.8334341049194336,2.8334341049194336,2.8334341049194336,0,0.0,0.0
2005-12-27 00:00:00-05:00,2.729071485558464,2.8021250564821623,2.729071485558464,2.7316806316375732,8775,0.0,0.0
2005-12-28 00:00:00-05:00,2.7160260677337646,2.7160260677337646,2.7160260677337646,2.7160260677337646,2700,0.0,0.0
2005-12-29 00:00:00-05:00,2.7160260677337646,2.7160260677337646,2.7160260677337646,2.7160260677337646,0,0.0,0.0
2005-12-30 00:00:00-05:00,2.7629897594451904,2.7629897594451904,2.7629897594451904,2.7629897594451904,338,0.0,0.0
2006-01-03 00:00:00-05:00,2.804733967343133,2.8099522590637207,2.804733967343133,2.8099522590637207,4388,0.0,0.0
2006-01-04 00:00:00-05:00,2.8047342589158393,2.830825090408325,2.76038066414832,2.830825090408325,9450,0.0,0.0
2006-01-05 00:00:00-05:00,2.7395076539011476,2.812561219330636,2.7395076539011476,2.804733991622925,3038,0.0,0.0
2006-01-06 00:00:00-05:00,2.833433679284531,2.856914520263672,2.833433679284531,2.856914520263672,3038,0.0,0.0
2006-01-09 00:00:00-05:00,2.7786442669915568,2.817779779434204,2.7760351208602065,2.817779779434204,9450,0.0,0.0
2006-01-10 00:00:00-05:00,2.786470413208008,2.786470413208008,2.747334904170851,2.786470413208008,3713,0.0,0.0
2006-01-11 00:00:00-05:00,2.8595239195545337,2.8595239195545337,2.718635082244873,2.718635082244873,1013,0.0,0.0
2006-01-12 00:00:00-05:00,2.716026601869003,2.8960518312720374,2.716026601869003,2.8882246017456055,3375,0.0,0.0
2006-01-13 00:00:00-05:00,2.8699605752947828,2.8882241781582407,2.8490886660886394,2.8830060958862305,3713,0.0,0.0
2006-01-17 00:00:00-05:00,2.820388898681161,2.914315009400188,2.820388898681161,2.8830060958862305,20250,0.0,0.0
2006-01-18 00:00:00-05:00,2.807343274638935,2.8334341049194336,2.807343274638935,2.8334341049194336,76613,0.0,0.0
2006-01-19 00:00:00-05:00,2.809951936958279,2.809951936958279,2.802124500274658,2.802124500274658,2025,0.0,0.0
2006-01-20 00:00:00-05:00,2.799515626009105,2.856914520263672,2.799515626009105,2.856914520263672,9788,0.0,0.0
2006-01-23 00:00:00-05:00,2.937796279284733,2.937796279284733,2.8699607849121094,2.8699607849121094,3713,0.0,0.0
2006-01-24 00:00:00-05:00,2.817779618541153,2.817779618541153,2.8073432445526123,2.8073432445526123,2700,0.0,0.0
2006-01-25 00:00:00-05:00,2.8073432445526123,2.8073432445526123,2.8073432445526123,2.8073432445526123,0,0.0,0.0
2006-01-26 00:00:00-05:00,2.833433941983579,2.854305849220358,2.8099522590637207,2.8099522590637207,1350,0.0,0.0
2006-01-27 00:00:00-05:00,2.807342727286177,2.84647907004691,2.807342727286177,2.843869924545288,5738,0.0,0.0
2006-01-30 00:00:00-05:00,2.817779779434204,2.8203889255655543,2.8073434048497545,2.817779779434204,12150,0.0,0.0
2006-01-31 00:00:00-05:00,2.830825090408325,2.830825090408325,2.830825090408325,2.830825090408325,5063,0.0,0.0
2006-02-01 00:00:00-05:00,2.804734128628603,2.8334341049194336,2.804734128628603,2.8334341049194336,7088,0.0,0.0
2006-02-02 00:00:00-05:00,2.804733991622925,2.804733991622925,2.804733991622925,2.804733991622925,1688,0.0,0.0
2006-02-03 00:00:00-05:00,2.8047337627945894,2.836042881011963,2.8047337627945894,2.836042881011963,48600,0.0,0.0
2006-02-06 00:00:00-05:00,2.8386523723602295,2.8386523723602295,2.8386523723602295,2.8386523723602295,3375,0.0,0.0
2006-02-07 00:00:00-05:00,2.8386522982483036,3.230010120148698,2.8386522982483036,2.956059455871582,362138,0.0,0.0
2006-02-08 00:00:00-05:00,2.995194811006935,3.052594762662498,2.9482322829880645,3.023894786834717,18900,0.0,0.0
2006-02-09 00:00:00-05:00,2.929968393761784,2.9769319702448875,2.927359457803396,2.974323034286499,14850,0.0,0.0
2006-02-10 00:00:00-05:00,2.9795411405876693,2.9795411405876693,2.940404791540529,2.969104766845703,6075,0.0,0.0
2006-02-13 00:00:00-05:00,2.9717139657843723,2.9717139657843723,2.9638867378234863,2.9638867378234863,5063,0.0,0.0
2006-02-14 00:00:00-05:00,2.9873687156561024,2.9873687156561024,2.9717142581939697,2.9717142581939697,14513,0.0,0.0
2006-02-15 00:00:00-05:00,2.875179289181879,2.8882246017456055,2.875179289181879,2.8882246017456055,8775,0.0,0.0
2006-02-16 00:00:00-05:00,2.8647425174713135,2.869960599787856,2.862133371342567,2.8647425174713135,19238,0.0,0.0
2006-02-17 00:00:00-05:00,2.8647423330632007,2.8725695610046387,2.8647423330632007,2.8725695610046387,3375,0.0,0.0
2006-02-21 00:00:00-05:00,2.8595244884490967,2.8621336348180297,2.8595244884490967,2.8595244884490967,5400,0.0,0.0
2006-02-22 00:00:00-05:00,2.8595241001757326,2.91170597076416,2.8595241001757326,2.91170597076416,6750,0.0,0.0
2006-02-23 00:00:00-05:00,2.864742649208935,2.914315168289051,2.862133502960205,2.862133502960205,7425,0.0,0.0
2006-02-24 00:00:00-05:00,2.8569153420801636,2.8595244884490967,2.8569153420801636,2.8595244884490967,675,0.0,0.0
2006-02-27 00:00:00-05:00,2.6664544406255066,2.812561590780591,2.6664544406255066,2.7890799045562744,38138,0.0,0.0
2006-02-28 00:00:00-05:00,2.7890799045562744,2.7890799045562744,2.7890799045562744,2.7890799045562744,0,0.0,0.0
2006-03-01 00:00:00-05:00,2.9404049761000133,3.049985962534494,2.9012696743011475,2.9012696743011475,21938,0.0,0.0
2006-03-02 00:00:00-05:00,2.8699607849121094,2.8699607849121094,2.8699607849121094,2.8699607849121094,1688,0.0,0.0
2006-03-03 00:00:00-05:00,2.872569931209157,2.872569931209157,2.8699607849121094,2.8699607849121094,3713,0.0,0.0
2006-03-06 00:00:00-05:00,2.8725698706569296,3.000413417816162,2.8725698706569296,3.000413417816162,1688,0.0,0.0
2006-03-07 00:00:00-05:00,3.0004135639510436,3.0004135639510436,2.903878927230835,2.903878927230835,7425,0.0,0.0
2006-03-08 00:00:00-05:00,3.0004134810632626,3.0004134810632626,2.8699607849121094,2.8699607849121094,19238,0.0,0.0
2006-03-09 00:00:00-05:00,2.828216154018654,2.828216154018654,2.817779779434204,2.817779779434204,2700,0.0,0.0
2006-03-10 00:00:00-05:00,2.794298138576436,2.869960863983859,2.794298138576436,2.8595244884490967,1688,0.0,0.0
2006-03-13 00:00:00-05:00,2.8647419771549743,3.0056308029515666,2.8647419771549743,2.9195327758789062,7088,0.0,0.0
2006-03-14 00:00:00-05:00,2.875178789978265,2.893442392349243,2.875178789978265,2.893442392349243,4050,0.0,0.0
2006-03-15 00:00:00-05:00,2.903878584690177,2.966495990753174,2.903878584690177,2.966495990753174,2363,0.0,0.0
2006-03-16 00:00:00-05:00,3.0004133431646416,3.0030224893417725,2.9769322872161865,2.9769322872161865,4725,0.0,0.0
2006-03-17 00:00:00-05:00,2.9769322872161865,2.9769322872161865,2.9769322872161865,2.9769322872161865,0,0.0,0.0
2006-03-20 00:00:00-05:00,2.943013452854344,3.0056306352907094,2.9090962409973145,2.9090962409973145,4725,0.0,0.0
2006-03-21 00:00:00-05:00,2.9090962409973145,2.9090962409973145,2.9090962409973145,2.9090962409973145,675,0.0,0.0
2006-03-22 00:00:00-05:00,2.9978036880493164,2.9978036880493164,2.9978036880493164,2.9978036880493164,675,0.0,0.0
2006-03-23 00:00:00-05:00,2.9351863861083984,2.9351863861083984,2.9351863861083984,2.9351863861083984,675,0.0,0.0
2006-03-24 00:00:00-05:00,2.922142505645752,2.922142505645752,2.922142505645752,2.922142505645752,338,0.0,0.0
2006-03-27 00:00:00-05:00,2.9377959613241393,2.9534504175301968,2.91170597076416,2.91170597076416,2025,0.0,0.0
2006-03-28 00:00:00-05:00,2.91170597076416,2.91170597076416,2.91170597076416,2.91170597076416,0,0.0,0.0
2006-03-29 00:00:00-05:00,2.974323034286499,2.974323034286499,2.9482322051160934,2.974323034286499,5063,0.0,0.0
2006-03-30 00:00:00-05:00,3.005631313788999,3.2013111815082063,3.005631313788999,3.0682485103607178,27675,0.0,0.0
2006-03-31 00:00:00-05:00,3.107384280829673,3.1334751069296787,3.0943389727501236,3.0969479084014893,23963,0.0,0.0
2006-04-03 00:00:00-04:00,3.1830475037945494,3.1908747319093553,3.167393047564937,3.170001983642578,5400,0.0,0.0
2006-04-04 00:00:00-04:00,3.0812932136206803,3.083902359008789,3.0812932136206803,3.083902359008789,4050,0.0,0.0
2006-04-05 00:00:00-04:00,2.9821499913926086,3.1047754287719727,2.9821499913926086,3.1047754287719727,3375,0.0,0.0
2006-04-06 00:00:00-04:00,3.19087503108022,3.2613196708363588,3.117821455001831,3.117821455001831,6413,0.0,0.0
2006-04-07 00:00:00-04:00,3.0760759577763372,3.130866765975952,3.0760759577763372,3.130866765975952,5400,0.0,0.0
2006-04-10 00:00:00-04:00,3.1830473488348487,3.1908745765686035,3.180438202943287,3.1908745765686035,4388,0.0,0.0
2006-04-11 00:00:00-04:00,3.1204303915654137,3.154347611180165,3.083903186099004,3.130866765975952,13163,0.0,0.0
2006-04-12 00:00:00-04:00,3.0030215812089898,3.083902359008789,3.0030215812089898,3.083902359008789,2700,0.0,0.0
2006-04-13 00:00:00-04:00,3.083902359008789,3.083902359008789,3.083902359008789,3.083902359008789,0,0.0,0.0
2006-04-17 00:00:00-04:00,3.1230399508289652,3.2247924628987814,3.1099944286046437,3.1517388820648193,2363,0.0,0.0
2006-04-18 00:00:00-04:00,3.1673927851983463,3.175220012664795,3.1673927851983463,3.175220012664795,1688,0.0,0.0
2006-04-19 00:00:00-04:00,3.1204306012650425,3.1204306012650425,3.117821455001831,3.117821455001831,5738,0.0,0.0
2006-04-20 00:00:00-04:00,3.117821455001831,3.117821455001831,3.117821455001831,3.117821455001831,0,0.0,0.0
2006-04-21 00:00:00-04:00,3.117821108622981,3.15173832674896,3.117821108622981,3.1491293907165527,7088,0.0,0.0
2006-04-24 00:00:00-04:00,3.117821455001831,3.117821455001831,3.117821455001831,3.117821455001831,1688,0.0,0.0
2006-04-25 00:00:00-04:00,3.1960931316489214,3.2039203600274906,3.136084030844977,3.1726112365722656,25313,0.0,0.0
2006-04-26 00:00:00-04:00,3.1569566433032286,3.1673930173370177,3.130866652952982,3.143911123275757,13838,0.0,0.0
2006-04-27 00:00:00-04:00,3.1308668138957025,3.2587103554572825,3.1308668138957025,3.232619524002075,29025,0.0,0.0
2006-04-28 00:00:00-04:00,3.2352279566761806,3.2352279566761806,3.2039198875427246,3.2039198875427246,2700,0.0,0.0
2006-05-01 00:00:00-04:00,3.2508821159909003,3.2508821159909003,3.190873873123425,3.2378365993499756,4725,0.0,0.0
2006-05-02 00:00:00-04:00,3.1700023763971994,3.2587106227874756,3.1700023763971994,3.2587106227874756,5738,0.0,0.0
2006-05-03 00:00:00-04:00,3.2587106227874756,3.2587106227874756,3.2587106227874756,3.2587106227874756,3713,0.0,0.0
2006-05-04 00:00:00-04:00,3.2352283000946045,3.2352283000946045,3.2352283000946045,3.2352283000946045,1688,0.0,0.0
2006-05-05 00:00:00-04:00,3.2613192933683286,3.404817282653309,3.2482737735031324,3.3656809329986572,27675,0.0,0.0
2006-05-08 00:00:00-04:00,3.4230802326870395,3.496133804321289,3.4230802326870395,3.496133804321289,1013,0.0,0.0
2006-05-09 00:00:00-04:00,3.410034796682288,3.4700430443865606,3.3291540145874023,3.3291540145874023,4725,0.0,0.0
2006-05-10 00:00:00-04:00,3.3369818501414237,3.3369818501414237,3.313500165939331,3.313500165939331,9113,0.0,0.0
2006-05-11 00:00:00-04:00,3.355244000267738,3.355244000267738,3.3134995613092175,3.3291540145874023,3038,0.0,0.0
2006-05-12 00:00:00-04:00,3.326545238494873,3.326545238494873,3.326545238494873,3.326545238494873,338,0.0,0.0
2006-05-15 00:00:00-04:00,3.3004542972065436,3.3917714584835226,3.261319000767735,3.263927936553955,42863,0.0,0.0
2006-05-16 00:00:00-04:00,3.2691467315214657,3.342200303842009,3.2691467315214657,3.323936700820923,19575,0.0,0.0
2006-05-17 00:00:00-04:00,3.3656807414911794,3.3656807414911794,3.2665371894836426,3.2665371894836426,55013,0.0,0.0
2006-05-18 00:00:00-04:00,3.282191091249642,3.282191091249642,3.276973009109497,3.276973009109497,3375,0.0,0.0
2006-05-19 00:00:00-04:00,3.282191038131714,3.282191038131714,3.282191038131714,3.282191038131714,675,0.0,0.0
2006-05-22 00:00:00-04:00,3.276972821994318,3.276972821994318,3.021285762022219,3.1908745765686035,28013,0.0,0.0
2006-05-23 00:00:00-04:00,3.0760762089518012,3.203920598759518,3.0030226318176156,3.1413023471832275,15188,0.0,0.0
2006-05-24 00:00:00-04:00,3.1752199031539736,3.190874357546961,3.146519930139552,3.1595654487609863,13838,0.0,0.0
2006-05-25 00:00:00-04:00,3.1308662555744537,3.1308662555744537,3.102166283109451,3.1047754287719727,37125,0.0,0.0
2006-05-26 00:00:00-04:00,3.018676688337489,3.1673929691314697,3.018676688337489,3.1673929691314697,7763,0.0,0.0
2006-05-30 00:00:00-04:00,3.1673929691314697,3.1673929691314697,3.1673929691314697,3.1673929691314697,0,0.0,0.0
2006-05-31 00:00:00-04:00,3.183047637042317,3.232619524002075,3.1673931801573825,3.232619524002075,14513,0.0,0.0
2006-06-01 00:00:00-04:00,3.292627467377059,3.292627467377059,3.243055582046509,3.243055582046509,2700,0.0,0.0
2006-06-02 00:00:00-04:00,3.2274017333984375,3.2274017333984375,3.2274017333984375,3.2274017333984375,338,0.0,0.0
2006-06-05 00:00:00-04:00,3.2091371292816033,3.224791583730166,3.196092660318443,3.2039198875427246,28350,0.0,0.0
2006-06-06 00:00:00-04:00,3.2039198875427246,3.2039198875427246,3.2039198875427246,3.2039198875427246,0,0.0,0.0
2006-06-07 00:00:00-04:00,3.2039198875427246,3.2039198875427246,3.2039198875427246,3.2039198875427246,0,0.0,0.0
2006-06-08 00:00:00-04:00,3.2091371754525566,3.2091371754525566,3.1804380416870117,3.1804380416870117,3038,0.0,0.0
2006-06-09 00:00:00-04:00,3.1804380416870117,3.1804380416870117,3.1804380416870117,3.1804380416870117,0,0.0,0.0
2006-06-12 00:00:00-04:00,3.224791978989322,3.2300102710723877,3.1960930520600033,3.2300102710723877,6075,0.0,0.0
2006-06-13 00:00:00-04:00,3.2378370289195995,3.2378370289195995,3.078684392028579,3.1047754287719727,16200,0.0,0.0
2006-06-14 00:00:00-04:00,3.0786850758451223,3.094339743356449,2.997804271574114,3.000413417816162,31725,0.0,0.0
2006-06-15 00:00:00-04:00,3.0004129726195425,3.026503801345825,3.0004129726195425,3.026503801345825,1350,0.0,0.0
2006-06-16 00:00:00-04:00,3.008240646601346,3.0630314580385916,3.000413417816162,3.000413417816162,43200,0.0,0.0
2006-06-19 00:00:00-04:00,3.0238947069642634,3.0238947069642634,2.974323034286499,2.974323034286499,12825,0.0,0.0
2006-06-20 00:00:00-04:00,2.9743231117516467,2.9743231117516467,2.9638867378234863,2.9638867378234863,5738,0.0,0.0
2006-06-21 00:00:00-04:00,2.9508415808381554,3.0082406997680664,2.9508415808381554,3.0082406997680664,1013,0.0,0.0
2006-06-22 00:00:00-04:00,3.0082406997680664,3.0082406997680664,3.0082406997680664,3.0082406997680664,0,0.0,0.0
2006-06-23 00:00:00-04:00,2.9508413534895683,2.992586851119995,2.9508413534895683,2.992586851119995,1013,0.0,0.0
2006-06-26 00:00:00-04:00,2.9586682263981445,2.9586682263981445,2.8464793668878348,2.898660182952881,20925,0.0,0.0
2006-06-27 00:00:00-04:00,2.898660182952881,2.898660182952881,2.898660182952881,2.898660182952881,0,0.0,0.0
2006-06-28 00:00:00-04:00,2.898660182952881,2.898660182952881,2.898660182952881,2.898660182952881,0,0.0,0.0
2006-06-29 00:00:00-04:00,2.9351868098890375,2.9404048919677734,2.8699604689934275,2.9404048919677734,14513,0.0,0.0
2006-06-30 00:00:00-04:00,2.9404048919677734,2.9404048919677734,2.9404048919677734,2.9404048919677734,0,0.0,0.0
2006-07-03 00:00:00-04:00,2.9404048919677734,2.9404048919677734,2.9404048919677734,2.9404048919677734,0,0.0,0.0
2006-07-05 00:00:00-04:00,2.9351863585952644,2.9351863585952644,2.906487226486206,2.906487226486206,155925,0.0,0.0
2006-07-06 00:00:00-04:00,2.906487226486206,2.906487226486206,2.906487226486206,2.906487226486206,0,0.0,0.0
2006-07-07 00:00:00-04:00,2.906487226486206,2.906487226486206,2.906487226486206,2.906487226486206,0,0.0,0.0
2006-07-10 00:00:00-04:00,2.9351868938719754,2.9351868938719754,2.9012696743011475,2.9012696743011475,5400,0.0,0.0
2006-07-11 00:00:00-04:00,2.9090964032732654,2.9847591074448374,2.9090964032732654,2.9195327758789062,7763,0.0,0.0
2006-07-12 00:00:00-04:00,3.0447674556624644,3.130866541147094,2.9586683701778345,2.98736834526062,13500,0.0,0.0
2006-07-13 00:00:00-04:00,2.9873684389898534,2.9873684389898534,2.8073432445526123,2.8073432445526123,9788,0.0,0.0
2006-07-14 00:00:00-04:00,2.78386107711599,2.8699601568439097,2.669063073928796,2.7342894077301025,20250,0.0,0.0
2006-07-17 00:00:00-04:00,2.7421175189330294,2.7421175189330294,2.413376808166504,2.413376808166504,55013,0.0,0.0
2006-07-18 00:00:00-04:00,2.447293630749988,2.5177380571636507,2.439466402279264,2.4812119007110596,6075,0.0,0.0
2006-07-19 00:00:00-04:00,2.4786031910857957,2.8125619888305664,2.4786031910857957,2.8125619888305664,3713,0.0,0.0
2006-07-20 00:00:00-04:00,2.8099523657976744,2.817779593734939,2.765598773956299,2.765598773956299,10463,0.0,0.0
2006-07-21 00:00:00-04:00,2.8282160413998585,2.8673513423431984,2.7838613986968994,2.7838613986968994,4388,0.0,0.0
2006-07-24 00:00:00-04:00,2.7838613986968994,2.7838613986968994,2.7838613986968994,2.7838613986968994,0,0.0,0.0
2006-07-25 00:00:00-04:00,2.828215903793898,2.98736834526062,2.828215903793898,2.98736834526062,9113,0.0,0.0
2006-07-26 00:00:00-04:00,2.9247499050955126,3.0604214841116586,2.9064871459860613,3.0291125774383545,14850,0.0,0.0
2006-07-27 00:00:00-04:00,3.0317223072052,3.0317223072052,3.0317223072052,3.0317223072052,338,0.0,0.0
2006-07-28 00:00:00-04:00,3.05259478651025,3.05259478651025,3.0056312084198,3.0056312084198,2700,0.0,0.0
2006-07-31 00:00:00-04:00,3.0343307463371785,3.222182512283325,3.0343307463371785,3.222182512283325,3038,0.0,0.0
2006-08-01 00:00:00-04:00,3.1647841930389404,3.1647841930389404,3.1647841930389404,3.1647841930389404,1013,0.0,0.0
2006-08-02 00:00:00-04:00,3.170001983642578,3.170001983642578,3.170001983642578,3.170001983642578,338,0.0,0.0
2006-08-03 00:00:00-04:00,3.1073848617982627,3.1308667566371677,3.0682485103607178,3.0682485103607178,35100,0.0,0.0
2006-08-04 00:00:00-04:00,3.130866765975952,3.1439112367696267,3.130866765975952,3.130866765975952,2363,0.0,0.0
2006-08-07 00:00:00-04:00,3.130866711593688,3.1830475330352783,3.130866711593688,3.1830475330352783,6750,0.0,0.0
2006-08-08 00:00:00-04:00,3.183047479530143,3.2352283000946045,3.183047479530143,3.2352283000946045,5063,0.0,0.0
2006-08-09 00:00:00-04:00,3.143911123275757,3.1543474973095464,3.143911123275757,3.143911123275757,19575,0.0,0.0
2006-08-10 00:00:00-04:00,3.143911123275757,3.143911123275757,3.143911123275757,3.143911123275757,3038,0.0,0.0
2006-08-11 00:00:00-04:00,3.143910753681332,3.1647834992951354,3.143910753681332,3.146519899368286,2700,0.0,0.0
2006-08-14 00:00:00-04:00,3.1830475330352783,3.1830475330352783,3.156956702432597,3.1830475330352783,7425,0.0,0.0
2006-08-15 00:00:00-04:00,3.1308670216253325,3.1830478482340876,3.036940693965717,3.1413023471832275,60750,0.0,0.0
2006-08-16 00:00:00-04:00,3.1621750977086576,3.1621750977086576,3.1413023471832275,3.1413023471832275,4050,0.0,0.0
2006-08-17 00:00:00-04:00,3.1413019772820747,3.143911123275757,3.1413019772820747,3.143911123275757,675,0.0,0.0
2006-08-18 00:00:00-04:00,3.143910632579322,3.209136962890625,3.143910632579322,3.209136962890625,6750,0.0,0.0
2006-08-21 00:00:00-04:00,3.209137523874187,3.209137523874187,3.1830475330352783,3.1830475330352783,10125,0.0,0.0
2006-08-22 00:00:00-04:00,3.1830469766124607,3.209136962890625,3.1830469766124607,3.209136962890625,5400,0.0,0.0
2006-08-23 00:00:00-04:00,3.1856566790778293,3.1856566790778293,3.1830475330352783,3.1830475330352783,5063,0.0,0.0
2006-08-24 00:00:00-04:00,3.203920388993729,3.2065284854190725,3.185656785964966,3.185656785964966,3713,0.0,0.0
2006-08-25 00:00:00-04:00,3.185656785964966,3.185656785964966,3.185656785964966,3.185656785964966,0,0.0,0.0
2006-08-28 00:00:00-04:00,3.185656785964966,3.185656785964966,3.185656785964966,3.185656785964966,338,0.0,0.0
2006-08-29 00:00:00-04:00,3.1882656622945955,3.206528425216675,3.183047580073325,3.206528425216675,4725,0.0,0.0
2006-08-30 00:00:00-04:00,3.1830482348917184,3.3187190303778498,3.1830482348917184,3.261320114135742,99225,0.0,0.0
2006-08-31 00:00:00-04:00,3.27958166350381,3.352635227072669,3.27958166350381,3.326545238494873,13500,0.0,0.0
2006-09-01 00:00:00-04:00,3.326545238494873,3.3917715745553756,3.2039200038231495,3.326545238494873,43875,0.0,0.0
2006-09-05 00:00:00-04:00,3.3265455300404883,3.3265455300404883,3.3213274478912354,3.3213274478912354,70538,0.0,0.0
2006-09-06 00:00:00-04:00,3.321327424003706,3.3395910263061523,3.321327424003706,3.3395910263061523,76275,0.0,0.0
2006-09-07 00:00:00-04:00,3.313500165939331,3.313500165939331,3.3004546458664312,3.313500165939331,90113,0.0,0.0
2006-09-08 00:00:00-04:00,3.352635622024536,3.352635622024536,3.3500266858416925,3.352635622024536,17888,0.0,0.0
2006-09-11 00:00:00-04:00,3.2508834120190424,3.313500615225566,3.2482742656624937,3.300455093383789,12825,0.0,0.0
2006-09-12 00:00:00-04:00,3.2534926742821524,3.2665381974304792,3.2482745909874153,3.261320114135742,16875,0.0,0.0
2006-09-13 00:00:00-04:00,3.3108908602189846,3.3395908350421246,3.3108908602189846,3.3161089420318604,242325,0.0,0.0
2006-09-14 00:00:00-04:00,3.245664358139038,3.2508826496283527,3.245664358139038,3.245664358139038,2700,0.0,0.0
2006-09-15 00:00:00-04:00,3.2508831771659197,3.287409543991089,3.2508831771659197,3.287409543991089,3713,0.0,0.0
2006-09-18 00:00:00-04:00,3.2169643847705665,3.269146249959115,3.2169643847705665,3.245664358139038,21263,0.0,0.0
2006-09-19 00:00:00-04:00,3.2378382144569517,3.261320114135742,3.2378382144569517,3.261320114135742,4725,0.0,0.0
2006-09-20 00:00:00-04:00,3.261320114135742,3.261320114135742,3.261320114135742,3.261320114135742,0,0.0,0.0
2006-09-21 00:00:00-04:00,3.185656785964966,3.185656785964966,3.185656785964966,3.185656785964966,3038,0.0,0.0
2006-09-22 00:00:00-04:00,3.185656649043103,3.185656649043103,3.1308666820755278,3.156956672668457,7763,0.0,0.0
2006-09-25 00:00:00-04:00,3.1334754663635525,3.1908745765686035,3.029112989755973,3.1908745765686035,18225,0.0,0.0
2006-09-26 00:00:00-04:00,3.1126031375378944,3.2274011556963065,3.1126031375378944,3.1960930824279785,42188,0.0,0.0
2006-09-27 00:00:00-04:00,3.1856564947264108,3.1960928683517276,3.1856564947264108,3.1908745765686035,3713,0.0,0.0
2006-09-28 00:00:00-04:00,3.1752206690808964,3.2587106227874756,3.1752206690808964,3.2587106227874756,3038,0.0,0.0
2006-09-29 00:00:00-04:00,3.2352279851013286,3.3134998381500145,3.1700016508350095,3.245664358139038,22950,0.0,0.0
2006-10-02 00:00:00-04:00,3.24044659209199,3.24044659209199,3.2352283000946045,3.2352283000946045,28350,0.0,0.0
2006-10-03 00:00:00-04:00,3.23522816177817,3.5013515949249268,3.23522816177817,3.5013515949249268,1013,0.0,0.0
2006-10-04 00:00:00-04:00,3.42047156178069,3.42047156178069,3.261319925524881,3.4178624153137207,13838,0.0,0.0
2006-10-05 00:00:00-04:00,3.4178624153137207,3.4178624153137207,3.4178624153137207,3.4178624153137207,0,0.0,0.0
2006-10-06 00:00:00-04:00,3.4178624153137207,3.42047156178069,3.4178624153137207,3.4178624153137207,3375,0.0,0.0
2006-10-09 00:00:00-04:00,3.3474178588917005,3.3917722975206024,3.339591469478829,3.3604633808135986,4725,0.0,0.0
2006-10-10 00:00:00-04:00,3.355244661093562,3.355244661093562,3.274364702832725,3.276973009109497,41175,0.0,0.0
2006-10-11 00:00:00-04:00,3.253491388155759,3.253491388155759,3.209136962890625,3.209136962890625,71550,0.0,0.0
2006-10-12 00:00:00-04:00,3.2013116320301065,3.2352288563168736,3.2013116320301065,3.22479248046875,104288,0.0,0.0
2006-10-13 00:00:00-04:00,3.214355581020748,3.2482738494873047,3.211746644939429,3.2482738494873047,2363,0.0,0.0
2006-10-16 00:00:00-04:00,3.2482738494873047,3.2482738494873047,3.2482738494873047,3.2482738494873047,675,0.0,0.0
2006-10-17 00:00:00-04:00,3.256100654602051,3.2587098002853483,3.256100654602051,3.256100654602051,4388,0.0,0.0
2006-10-18 00:00:00-04:00,3.261320114135742,3.263929050812616,3.261320114135742,3.261320114135742,2025,0.0,0.0
2006-10-19 00:00:00-04:00,3.261320114135742,3.261320114135742,3.261320114135742,3.261320114135742,0,0.0,0.0
2006-10-20 00:00:00-04:00,3.2117464542388916,3.3604627300949494,3.2117464542388916,3.2117464542388916,6413,0.0,0.0
2006-10-23 00:00:00-04:00,3.3448094396526042,3.3448094396526042,3.023895153621724,3.099557876586914,14513,0.0,0.0
2006-10-24 00:00:00-04:00,3.2039203600274906,3.2039203600274906,3.1308667883367076,3.1726112365722656,3038,0.0,0.0
2006-10-25 00:00:00-04:00,3.1830474182585107,3.1830474182585107,3.089121103286743,3.089121103286743,17550,0.0,0.0
2006-10-26 00:00:00-04:00,3.0786843299865723,3.0786843299865723,3.0786843299865723,3.0786843299865723,66150,0.0,0.0
2006-10-27 00:00:00-04:00,3.0082403664674056,3.188265562057495,3.0082403664674056,3.188265562057495,2363,0.0,0.0
2006-10-30 00:00:00-05:00,3.1830480267811336,3.22479248046875,3.1830480267811336,3.22479248046875,675,0.0,0.0
2006-10-31 00:00:00-05:00,3.475261926651001,3.475261926651001,3.475261926651001,3.475261926651001,675,0.0,0.0
2006-11-01 00:00:00-05:00,3.3500266368467493,3.3891629883674725,3.3500266368467493,3.376117467880249,18900,0.0,0.0
2006-11-02 00:00:00-05:00,3.2482738545576884,3.365681016982888,3.2482738545576884,3.3395910263061523,1350,0.0,0.0
2006-11-03 00:00:00-05:00,3.3395910263061523,3.3395910263061523,3.3395910263061523,3.3395910263061523,0,0.0,0.0
2006-11-06 00:00:00-05:00,3.51700604462687,3.51700604462687,3.261319000767735,3.263927936553955,14513,0.0,0.0
2006-11-07 00:00:00-05:00,3.1960930824279785,3.2352283839543334,3.1960930824279785,3.1960930824279785,4725,0.0,0.0
2006-11-08 00:00:00-05:00,3.1960930824279785,3.1960930824279785,3.1960930824279785,3.1960930824279785,0,0.0,0.0
2006-11-09 00:00:00-05:00,3.1960930824279785,3.1960930824279785,3.1960930824279785,3.1960930824279785,0,0.0,0.0
2006-11-10 00:00:00-05:00,3.1960930824279785,3.1960930824279785,3.1960930824279785,3.1960930824279785,0,0.0,0.0
2006-11-13 00:00:00-05:00,3.183047397103937,3.21435546875,3.183047397103937,3.21435546875,13500,0.0,0.0
2006-11-14 00:00:00-05:00,3.1960930824279785,3.1960930824279785,3.1960930824279785,3.1960930824279785,675,0.0,0.0
2006-11-15 00:00:00-05:00,3.1960930824279785,3.1987020185533575,3.1960930824279785,3.1960930824279785,6750,0.0,0.0
2006-11-16 00:00:00-05:00,3.2013111646196815,3.2039203106860055,3.1934839363616545,3.1960930824279785,4725,0.0,0.0
2006-11-17 00:00:00-05:00,3.2117464542388916,3.2117464542388916,3.2117464542388916,3.2117464542388916,1688,0.0,0.0
2006-11-20 00:00:00-05:00,3.258710967517879,3.261320114135742,3.2482745909874153,3.261320114135742,3375,0.0,0.0
2006-11-21 00:00:00-05:00,3.269146203994751,3.269146203994751,3.269146203994751,3.269146203994751,338,0.0,0.0
2006-11-22 00:00:00-05:00,3.269146203994751,3.269146203994751,3.269146203994751,3.269146203994751,0,0.0,0.0
2006-11-24 00:00:00-05:00,3.269146203994751,3.269146203994751,3.269146203994751,3.269146203994751,0,0.0,0.0
2006-11-27 00:00:00-05:00,3.266537506927387,3.266537506927387,3.1960930824279785,3.1960930824279785,10800,0.0,0.0
2006-11-28 00:00:00-05:00,3.1960930824279785,3.1960930824279785,3.1960930824279785,3.1960930824279785,0,0.0,0.0
2006-11-29 00:00:00-05:00,3.133475251281785,3.1595654487609863,3.133475251281785,3.1595654487609863,2025,0.0,0.0
2006-11-30 00:00:00-05:00,3.1595654487609863,3.1595654487609863,3.1595654487609863,3.1595654487609863,0,0.0,0.0
2006-12-01 00:00:00-05:00,3.1595654487609863,3.1595654487609863,3.1595654487609863,3.1595654487609863,0,0.0,0.0
2006-12-04 00:00:00-05:00,3.1595654487609863,3.1595654487609863,3.1595654487609863,3.1595654487609863,0,0.0,0.0
2006-12-05 00:00:00-05:00,3.1439111532795776,3.170001983642578,3.1439111532795776,3.170001983642578,4388,0.0,0.0
2006-12-06 00:00:00-05:00,3.1804384937047763,3.185656785964966,3.1413021415171554,3.185656785964966,1013,0.0,0.0
2006-12-07 00:00:00-05:00,3.185656785964966,3.185656785964966,3.185656785964966,3.185656785964966,0,0.0,0.0
2006-12-08 00:00:00-05:00,3.2352283000946045,3.2378374460932973,3.198701935640421,3.2352283000946045,2363,0.0,0.0
2006-12-11 00:00:00-05:00,3.2561010014458756,3.3656809329986572,3.198701889708258,3.3656809329986572,7763,0.0,0.0
2006-12-12 00:00:00-05:00,3.3656809329986572,3.3656809329986572,3.3656809329986572,3.3656809329986572,0,0.0,0.0
2006-12-13 00:00:00-05:00,3.2665377424376922,3.342200464524868,3.2665377424376922,3.3343732357025146,1013,0.0,0.0
2006-12-14 00:00:00-05:00,3.1099942517848125,3.1439114739584095,3.096948730302199,3.099557876586914,27338,0.0,0.0
2006-12-15 00:00:00-05:00,3.1126025720142185,3.2039197285710648,3.0969479084014893,3.0969479084014893,31388,0.0,0.0
2006-12-18 00:00:00-05:00,3.096948122715205,3.1021664142608643,3.096948122715205,3.1021664142608643,1013,0.0,0.0
2006-12-19 00:00:00-05:00,3.1021664142608643,3.1021664142608643,3.1021664142608643,3.1021664142608643,0,0.0,0.0
2006-12-20 00:00:00-05:00,3.0995579294920357,3.117821533914851,3.0995579294920357,3.1073851585388184,3038,0.0,0.0
2006-12-21 00:00:00-05:00,3.1047753451783073,3.107384280829673,3.0969479084014893,3.0969479084014893,5400,0.0,0.0
2006-12-22 00:00:00-05:00,3.117821108622981,3.1491293907165527,3.117821108622981,3.1491293907165527,5738,0.0,0.0
2006-12-26 00:00:00-05:00,3.1491293907165527,3.1491293907165527,3.1491293907165527,3.1491293907165527,0,0.0,0.0
2006-12-27 00:00:00-05:00,3.1491293907165527,3.1491293907165527,3.1491293907165527,3.1491293907165527,0,0.0,0.0
2006-12-28 00:00:00-05:00,3.096948643139408,3.2169649600982666,3.096948643139408,3.2169649600982666,1013,0.0,0.0
2006-12-29 00:00:00-05:00,3.261320114135742,3.261320114135742,3.261320114135742,3.261320114135742,338,0.0,0.0
2007-01-03 00:00:00-05:00,3.112603104644554,3.112603104644554,3.060422073338017,3.0917303562164307,1688,0.0,0.0
2007-01-04 00:00:00-05:00,3.055203914642334,3.055203914642334,3.055203914642334,3.055203914642334,1013,0.0,0.0
2007-01-05 00:00:00-05:00,3.170001983642578,3.170001983642578,3.154347527412966,3.170001983642578,6413,0.0,0.0
2007-01-08 00:00:00-05:00,3.240447361074815,3.261320114135742,3.2169654613960246,3.261320114135742,5400,0.0,0.0
2007-01-09 00:00:00-05:00,3.2587102786693602,3.2587102786693602,3.1960930824279785,3.1960930824279785,7088,0.0,0.0
2007-01-10 00:00:00-05:00,3.1700019828763337,3.2404466160106784,3.156956672668457,3.156956672668457,11475,0.0,0.0
2007-01-11 00:00:00-05:00,3.156956672668457,3.156956672668457,3.156956672668457,3.156956672668457,0,0.0,0.0
2007-01-12 00:00:00-05:00,3.2508829345941144,3.2508829345941144,3.055203914642334,3.055203914642334,7763,0.0,0.0
2007-01-16 00:00:00-05:00,3.055203914642334,3.055203914642334,3.055203914642334,3.055203914642334,0,0.0,0.0
2007-01-17 00:00:00-05:00,3.055203914642334,3.055203914642334,3.055203914642334,3.055203914642334,0,0.0,0.0
2007-01-18 00:00:00-05:00,3.055203914642334,3.055203914642334,3.055203914642334,3.055203914642334,0,0.0,0.0
2007-01-19 00:00:00-05:00,3.096948331618905,3.193483792552473,3.096948331618905,3.1360838413238525,2700,0.0,0.0
2007-01-22 00:00:00-05:00,3.141302115224264,3.141302115224264,3.112603187561035,3.112603187561035,1013,0.0,0.0
2007-01-23 00:00:00-05:00,3.112603187561035,3.112603187561035,3.112603187561035,3.112603187561035,0,0.0,0.0
2007-01-24 00:00:00-05:00,3.112603187561035,3.112603187561035,3.112603187561035,3.112603187561035,0,0.0,0.0
2007-01-25 00:00:00-05:00,3.112603187561035,3.112603187561035,3.112603187561035,3.112603187561035,0,0.0,0.0
2007-01-26 00:00:00-05:00,3.112603187561035,3.112603187561035,3.112603187561035,3.112603187561035,0,0.0,0.0
2007-01-29 00:00:00-05:00,3.0630311895999864,3.0656394958496094,3.0630311895999864,3.0656394958496094,1350,0.0,0.0
2007-01-30 00:00:00-05:00,3.0656394958496094,3.0656394958496094,3.0656394958496094,3.0656394958496094,0,0.0,0.0
2007-01-31 00:00:00-05:00,3.0682483317444773,3.1021665989882594,3.0552038617490873,3.060421943664551,10800,0.0,0.0
2007-02-01 00:00:00-05:00,3.068248019319404,3.1047754287719727,3.068248019319404,3.1047754287719727,5400,0.0,0.0
2007-02-02 00:00:00-05:00,3.1047754287719727,3.1047754287719727,3.1047754287719727,3.1047754287719727,0,0.0,0.0
2007-02-05 00:00:00-05:00,3.1047754287719727,3.1047754287719727,3.1047754287719727,3.1047754287719727,0,0.0,0.0
2007-02-06 00:00:00-05:00,3.10477593492008,3.130866765975952,3.10477593492008,3.130866765975952,9788,0.0,0.0
2007-02-07 00:00:00-05:00,3.130866765975952,3.130866765975952,3.130866765975952,3.130866765975952,2363,0.0,0.0
2007-02-08 00:00:00-05:00,3.128257428447445,3.1308665743756436,3.0447674879772264,3.060421943664551,16200,0.0,0.0
2007-02-09 00:00:00-05:00,3.047376555649585,3.0604218650737103,3.047376555649585,3.0578129291534424,6075,0.0,0.0
2007-02-12 00:00:00-05:00,3.0578129291534424,3.0578129291534424,3.0578129291534424,3.0578129291534424,0,0.0,0.0
2007-02-13 00:00:00-05:00,3.0108493236634026,3.044767379760742,3.0108493236634026,3.044767379760742,675,0.0,0.0
2007-02-14 00:00:00-05:00,3.0786843299865723,3.0786843299865723,3.0786843299865723,3.0786843299865723,338,0.0,0.0
2007-02-15 00:00:00-05:00,3.086512278413218,3.0943397170728746,3.0317223072052,3.0317223072052,2363,0.0,0.0
2007-02-16 00:00:00-05:00,3.109993796441774,3.109993796441774,3.081293821334839,3.081293821334839,1350,0.0,0.0
2007-02-20 00:00:00-05:00,3.0525944802073,3.09433913230896,3.0421581072409674,3.09433913230896,1350,0.0,0.0
2007-02-21 00:00:00-05:00,3.09433913230896,3.09433913230896,3.09433913230896,3.09433913230896,0,0.0,0.0
2007-02-22 00:00:00-05:00,3.0108489785652934,3.0291125774383545,3.005630687492474,3.0291125774383545,4388,0.0,0.0
2007-02-23 00:00:00-05:00,3.0343314284475884,3.036940574645996,3.0343314284475884,3.036940574645996,1350,0.0,0.0
2007-02-26 00:00:00-05:00,3.036940574645996,3.036940574645996,3.036940574645996,3.036940574645996,0,0.0,0.0
2007-02-27 00:00:00-05:00,3.081293764889584,3.081293764889584,3.026503801345825,3.026503801345825,6413,0.0,0.0
2007-02-28 00:00:00-05:00,3.026503801345825,3.026503801345825,3.026503801345825,3.026503801345825,0,0.0,0.0
2007-03-01 00:00:00-05:00,2.802125088566281,2.849088668823242,2.799516152398246,2.849088668823242,1350,0.0,0.0
2007-03-02 00:00:00-05:00,2.8699607849121094,2.8699607849121094,2.8699607849121094,2.8699607849121094,338,0.0,0.0
2007-03-05 00:00:00-05:00,2.8830060958862305,2.8830060958862305,2.8830060958862305,2.8830060958862305,675,0.0,0.0
2007-03-06 00:00:00-05:00,2.9351869767910403,2.9351869767910403,2.919533359487551,2.922142505645752,2700,0.0,0.0
2007-03-07 00:00:00-05:00,2.922142505645752,2.922142505645752,2.922142505645752,2.922142505645752,0,0.0,0.0
2007-03-08 00:00:00-05:00,3.078684862631463,3.078684862631463,2.348149998130096,2.966495990753174,7763,0.0,0.0
2007-03-09 00:00:00-05:00,2.9664958308659113,2.969104766845703,2.9664958308659113,2.969104766845703,1350,0.0,0.0
2007-03-12 00:00:00-04:00,2.8699607849121094,2.8699607849121094,2.8699607849121094,2.8699607849121094,675,0.0,0.0
2007-03-13 00:00:00-04:00,3.026503801345825,3.026503801345825,3.026503801345825,3.026503801345825,1013,0.0,0.0
2007-03-14 00:00:00-04:00,3.0786843299865723,3.0786843299865723,3.0786843299865723,3.0786843299865723,1688,0.0,0.0
2007-03-15 00:00:00-04:00,2.635145869585304,2.778643846511841,2.635145869585304,2.778643846511841,2363,0.0,0.0
2007-03-16 00:00:00-04:00,2.778643846511841,2.778643846511841,2.778643846511841,2.778643846511841,0,0.0,0.0
2007-03-19 00:00:00-04:00,2.778643846511841,2.778643846511841,2.778643846511841,2.778643846511841,0,0.0,0.0
2007-03-20 00:00:00-04:00,2.8177792327530486,3.068247975367056,2.8177792327530486,2.875178337097168,13500,0.0,0.0
2007-03-21 00:00:00-04:00,2.875178337097168,2.875178337097168,2.875178337097168,2.875178337097168,0,0.0,0.0
2007-03-22 00:00:00-04:00,2.883005684504883,2.9978036880493164,2.883005684504883,2.9978036880493164,6413,0.0,0.0
2007-03-23 00:00:00-04:00,3.078684940795162,3.128257667514709,2.9325777962326676,3.0030224323272705,23288,0.0,0.0
2007-03-26 00:00:00-04:00,3.0812936136158147,3.128257186993853,3.0812936136158147,3.09433913230896,11813,0.0,0.0
2007-03-27 00:00:00-04:00,3.1282570256860405,3.1282570256860405,2.9847590566928104,3.0969479084014893,14175,0.0,0.0
2007-03-28 00:00:00-04:00,3.1021667304304925,3.1047758764692435,3.063031219376768,3.0917303562164307,4725,0.0,0.0
2007-03-29 00:00:00-04:00,3.1282578301137156,3.1282578301137156,2.974323449108264,3.117821455001831,8100,0.0,0.0
2007-03-30 00:00:00-04:00,3.0865117815929115,3.1282572746276855,3.0865117815929115,3.1282572746276855,3038,0.0,0.0
2007-04-02 00:00:00-04:00,3.128257667514709,3.128257667514709,3.0030224323272705,3.0030224323272705,2025,0.0,0.0
2007-04-03 00:00:00-04:00,3.1282572746276855,3.1282572746276855,3.1282572746276855,3.1282572746276855,675,0.0,0.0
2007-04-04 00:00:00-04:00,3.0760761644952526,3.117821455001831,3.0760761644952526,3.117821455001831,2025,0.0,0.0
2007-04-05 00:00:00-04:00,3.117821455001831,3.117821455001831,3.117821455001831,3.117821455001831,0,0.0,0.0
2007-04-09 00:00:00-04:00,3.1178211867811134,3.1178211867811134,3.0917303562164307,3.0917303562164307,1013,0.0,0.0
2007-04-10 00:00:00-04:00,3.0917306517566976,3.104776173256539,3.005631553479905,3.0082406997680664,8775,0.0,0.0
2007-04-11 00:00:00-04:00,3.1178209211130805,3.326545238494873,3.1178209211130805,3.326545238494873,25650,0.0,0.0
2007-04-12 00:00:00-04:00,3.310890728154988,3.310890728154988,2.8830057272163434,3.1021664142608643,16200,0.0,0.0
2007-04-13 00:00:00-04:00,3.3004537775929284,3.313499294233853,3.222182147333574,3.2378365993499756,13500,0.0,0.0
2007-04-16 00:00:00-04:00,3.196093183101137,3.3265456618847025,3.196093183101137,3.318718433380127,5738,0.0,0.0
2007-04-17 00:00:00-04:00,3.318718433380127,3.318718433380127,3.318718433380127,3.318718433380127,0,0.0,0.0
2007-04-18 00:00:00-04:00,3.250883122015589,3.352635622024536,3.2482739758917956,3.352635622024536,22613,0.0,0.0
2007-04-19 00:00:00-04:00,3.3265452094614605,3.347417116165161,3.287409072261251,3.347417116165161,1688,0.0,0.0
2007-04-20 00:00:00-04:00,3.347417116165161,3.347417116165161,3.347417116165161,3.347417116165161,0,0.0,0.0
2007-04-23 00:00:00-04:00,3.2195738439843264,3.2874093306000054,3.2195738439843264,3.2352283000946045,7763,0.0,0.0
2007-04-24 00:00:00-04:00,3.266536831297367,3.3526348547410736,3.266536831297367,3.3291540145874023,11813,0.0,0.0
2007-04-25 00:00:00-04:00,3.2613193022115863,3.2613193022115863,3.000413103018935,3.070857524871826,141075,0.0,0.0
2007-04-26 00:00:00-04:00,3.068248019319404,3.1047754287719727,3.05520355065227,3.1047754287719727,8100,0.0,0.0
2007-04-27 00:00:00-04:00,3.0525950832523305,3.1908750054497106,3.0343314794384737,3.123039722442627,10463,0.0,0.0
2007-04-30 00:00:00-04:00,3.0134585420883186,3.0682485103607178,3.000413231569768,3.0682485103607178,10125,0.0,0.0
2007-05-01 00:00:00-04:00,3.0578132456932225,3.0578132456932225,2.9951949981879387,3.047376871109009,21600,0.0,0.0
2007-05-02 00:00:00-04:00,3.1543470333839925,3.1543470333839925,2.9247499875226985,3.0786843299865723,14513,0.0,0.0
2007-05-03 00:00:00-04:00,3.0265034899480647,3.209136962890625,3.0265034899480647,3.209136962890625,15188,0.0,0.0
2007-05-04 00:00:00-04:00,3.1882657685420894,3.287409543991089,3.0865122171021726,3.287409543991089,1350,0.0,0.0
2007-05-07 00:00:00-04:00,3.206528352894909,3.261319369657664,3.1804383622588985,3.2482738494873047,4050,0.0,0.0
2007-05-08 00:00:00-04:00,3.1439112848890307,3.232619524002075,3.0943396078702223,3.232619524002075,4388,0.0,0.0
2007-05-09 00:00:00-04:00,3.232619524002075,3.232619524002075,3.232619524002075,3.232619524002075,0,0.0,0.0
2007-05-10 00:00:00-04:00,3.209137577519488,3.2274011802407614,3.1308667639305816,3.1778295040130615,11813,0.0,0.0
2007-05-11 00:00:00-04:00,3.261319000767735,3.2769726154850556,3.18304714824461,3.263927936553955,4725,0.0,0.0
2007-05-14 00:00:00-04:00,3.232619524002075,3.232619524002075,3.232619524002075,3.232619524002075,1013,0.0,0.0
2007-05-15 00:00:00-04:00,3.211746515011498,3.250882863998413,3.211746515011498,3.250882863998413,3713,0.0,0.0
2007-05-16 00:00:00-04:00,3.133475950005928,3.3656813626169546,3.133475950005928,3.3108913898468018,22613,0.0,0.0
2007-05-17 00:00:00-04:00,3.3187185354689106,3.4152540067599997,3.31610938924014,3.368290424346924,60750,0.0,0.0
2007-05-18 00:00:00-04:00,3.391771867182915,3.391771867182915,2.7577714228894146,3.2300102710723877,83700,0.0,0.0
2007-05-21 00:00:00-04:00,3.350026323901806,3.4830887729610356,3.1073845781241456,3.3865535259246826,10800,0.0,0.0
2007-05-22 00:00:00-04:00,3.1778291394316533,3.488306151254408,3.1778291394316533,3.456997871398926,52650,0.0,0.0
2007-05-23 00:00:00-04:00,3.5196155754305507,3.5196155754305507,3.3917720318880713,3.4830892086029053,22613,0.0,0.0
2007-05-24 00:00:00-04:00,3.5196153881641936,3.5196153881641936,3.4778709411621094,3.4778709411621094,12488,0.0,0.0
2007-05-25 00:00:00-04:00,3.4804802723756247,3.5196155754305507,3.4804802723756247,3.4830892086029053,25313,0.0,0.0
2007-05-29 00:00:00-04:00,3.4830891238347004,3.50917911529541,3.4569982926101974,3.50917911529541,19575,0.0,0.0
2007-05-30 00:00:00-04:00,3.509179448031437,3.652677668756361,3.470044142218189,3.6370232105255127,30375,0.0,0.0
2007-05-31 00:00:00-04:00,3.6605043197909697,3.8170480465918515,3.5222246156181756,3.5457065105438232,32400,0.0,0.0
2007-06-01 00:00:00-04:00,3.535270287121606,3.704858502039706,3.535270287121606,3.558751344680786,14513,0.0,0.0
2007-06-04 00:00:00-04:00,3.7909570276713134,3.7909570276713134,3.5509244035372363,3.6605043411254883,13163,0.0,0.0
2007-06-05 00:00:00-04:00,3.676159429899514,3.937064398165615,3.613542019177051,3.7309494018554688,45900,0.0,0.0
2007-06-06 00:00:00-04:00,3.8040022192750897,3.9761999594585538,3.6291949134744983,3.9005372524261475,26663,0.0,0.0
2007-06-07 00:00:00-04:00,3.811829776096908,4.299723302375565,3.811829776096908,4.200578689575195,24638,0.0,0.0
2007-06-08 00:00:00-04:00,3.88488332754965,4.104044041320716,3.8092206102016144,3.8353116512298584,25650,0.0,0.0
2007-06-11 00:00:00-04:00,3.759648876876295,3.845746917637245,3.759648876876295,3.809220552444458,8438,0.0,0.0
2007-06-12 00:00:00-04:00,3.809220552444458,3.9240187798895008,3.7179033798168266,3.809220552444458,22950,0.0,0.0
2007-06-13 00:00:00-04:00,3.78312990237533,3.8483560338648344,3.6031055443304427,3.7231216430664062,22275,0.0,0.0
2007-06-14 00:00:00-04:00,3.657896278254305,3.777912402145069,3.535270587903472,3.6709415912628174,10463,0.0,0.0
2007-06-15 00:00:00-04:00,3.7048576012972005,3.8431372859685795,3.7048576012972005,3.7831294536590576,13838,0.0,0.0
2007-06-18 00:00:00-04:00,3.697031522096827,3.7674759391668067,3.6787675015587755,3.6918132305145264,22613,0.0,0.0
2007-06-19 00:00:00-04:00,3.7257300562650197,3.8092197736692537,3.7257300562650197,3.754429817199707,7425,0.0,0.0
2007-06-20 00:00:00-04:00,3.7961757903942424,4.0988266989127915,3.7961757903942424,3.895320415496826,29025,0.0,0.0
2007-06-21 00:00:00-04:00,4.049254418130965,4.145789052793703,3.754430961869927,4.0362091064453125,204525,0.0,0.0
2007-06-22 00:00:00-04:00,4.036208686014154,4.237105793235689,3.8509651953973716,4.1692705154418945,38138,0.0,0.0
2007-06-25 00:00:00-04:00,4.151006699925456,4.237105575709329,4.101434607204989,4.1640520095825195,162675,0.0,0.0
2007-06-26 00:00:00-04:00,4.127524143615114,4.161442195204193,4.004898924347523,4.028380393981934,12150,0.0,0.0
2007-06-27 00:00:00-04:00,4.072734314182107,4.085779622148579,3.8744463888789786,3.999680757522583,21263,0.0,0.0
2007-06-28 00:00:00-04:00,4.033598443964146,4.145787494455913,4.033598443964146,4.098824977874756,14513,0.0,0.0
2007-06-29 00:00:00-04:00,4.046644693417965,4.140570168342128,4.046644693417965,4.111871242523193,2700,0.0,0.0
2007-07-02 00:00:00-04:00,4.023164363228554,4.148398785271605,4.023164363228554,4.0675177574157715,28013,0.0,0.0
2007-07-03 00:00:00-04:00,3.916190866969373,4.148397279523951,3.871837488881143,4.09099817276001,24638,0.0,0.0
2007-07-05 00:00:00-04:00,3.970982916674399,4.114480923483558,3.9109738118834114,3.9188008308410645,25650,0.0,0.0
2007-07-06 00:00:00-04:00,3.9188008308410645,3.9188008308410645,3.9188008308410645,3.9188008308410645,0,0.0,0.0
2007-07-09 00:00:00-04:00,3.882274053552614,4.143179416656494,3.882274053552614,4.143179416656494,14513,0.0,0.0
2007-07-10 00:00:00-04:00,4.161443329998266,4.440612316131592,4.1014350668041075,4.440612316131592,81000,0.0,0.0
2007-07-11 00:00:00-04:00,4.2762412031877215,4.453657251482856,4.2762412031877215,4.377994537353516,26325,0.0,0.0
2007-07-12 00:00:00-04:00,4.4667030878764,4.513665617227053,4.362340185360528,4.474529266357422,47250,0.0,0.0
2007-07-13 00:00:00-04:00,4.565846495488548,4.774571043472411,4.53192927604501,4.633681774139404,55688,0.0,0.0
2007-07-16 00:00:00-04:00,4.539756052854084,4.678035736083984,4.539756052854084,4.678035736083984,21938,0.0,0.0
2007-07-17 00:00:00-04:00,4.701517808821448,4.706735681462025,4.48496580713044,4.521493434906006,59063,0.0,0.0
2007-07-18 00:00:00-04:00,4.474529152692906,4.526710812566238,4.239714832376984,4.286677360534668,25313,0.0,0.0
2007-07-19 00:00:00-04:00,4.479748101290018,4.479748101290018,4.289287135237904,4.357122421264648,8775,0.0,0.0
2007-07-20 00:00:00-04:00,4.518884475097793,4.769353289109989,4.3832134826160765,4.688472270965576,30375,0.0,0.0
2007-07-23 00:00:00-04:00,4.70673449404577,4.70673449404577,4.411911118068861,4.414520263671875,22275,0.0,0.0
2007-07-24 00:00:00-04:00,4.458875596773054,4.529320019784899,4.419739246368408,4.419739246368408,22613,0.0,0.0
2007-07-25 00:00:00-04:00,4.419738696849585,4.526710310954761,4.23188692550748,4.2579779624938965,39488,0.0,0.0
2007-07-26 00:00:00-04:00,4.179706318282798,4.328422591218678,4.179706318282798,4.291895389556885,13500,0.0,0.0
2007-07-27 00:00:00-04:00,4.34407705985744,4.354513645172119,4.268414335617614,4.354513645172119,15863,0.0,0.0
2007-07-30 00:00:00-04:00,4.190142645474545,4.297113418579102,4.190142645474545,4.297113418579102,8438,0.0,0.0
2007-07-31 00:00:00-04:00,4.184924203021792,4.482355880211066,4.184924203021792,4.333639621734619,21938,0.0,0.0
2007-08-01 00:00:00-04:00,4.226671082177618,4.383214440040418,4.226671082177618,4.328424453735352,6750,0.0,0.0
2007-08-02 00:00:00-04:00,4.304942474391726,4.304942474391726,4.174489748479617,4.221452713012695,9450,0.0,0.0
2007-08-03 00:00:00-04:00,4.216233984433087,4.239715884160101,4.012727685815463,4.02316427230835,10125,0.0,0.0
2007-08-06 00:00:00-04:00,4.1040436072038995,4.542364988381347,4.1040436072038995,4.278850078582764,68513,0.0,0.0
2007-08-07 00:00:00-04:00,4.2788516961448275,4.409304417511571,4.234497880049457,4.388432502746582,16538,0.0,0.0
2007-08-08 00:00:00-04:00,4.393649974821095,4.401476993879714,4.0362091064453125,4.0362091064453125,9113,0.0,0.0
2007-08-09 00:00:00-04:00,4.098826859738031,4.513666462249995,4.098826859738031,4.231888294219971,12825,0.0,0.0
2007-08-10 00:00:00-04:00,4.396258613185266,4.521493434906006,4.346686093867297,4.521493434906006,12150,0.0,0.0
2007-08-13 00:00:00-04:00,4.411911480216996,4.487574189624195,4.208405664350046,4.304940700531006,10463,0.0,0.0
2007-08-14 00:00:00-04:00,4.291895112983403,4.291895112983403,4.059689128068616,4.190142631530762,6075,0.0,0.0
2007-08-15 00:00:00-04:00,4.020554435765857,4.096217155563828,4.020554435765857,4.0309906005859375,11138,0.0,0.0
2007-08-16 00:00:00-04:00,4.044036061872363,4.044036061872363,3.835311519739405,3.837920665740967,19913,0.0,0.0
2007-08-17 00:00:00-04:00,3.913582576510315,3.913582576510315,3.430907357083886,3.446561813354492,41513,0.0,0.0
2007-08-20 00:00:00-04:00,3.446562104927503,3.5222248267741674,3.4048176544578332,3.4543893337249756,50963,0.0,0.0
2007-08-21 00:00:00-04:00,3.3995988616239705,3.5013515613697375,3.391771633978483,3.428297996520996,48263,0.0,0.0
2007-08-22 00:00:00-04:00,3.4309073853369982,3.587450689686526,3.3317638244326875,3.519615411758423,21600,0.0,0.0
2007-08-23 00:00:00-04:00,3.616150985107207,3.9396733479627937,3.597887382111353,3.877056360244751,39825,0.0,0.0
2007-08-24 00:00:00-04:00,3.835311594167187,3.835311594167187,3.676159143447876,3.676159143447876,5063,0.0,0.0
2007-08-27 00:00:00-04:00,3.7648672987823573,3.9396733721463595,3.7648672987823573,3.7805209159851074,19575,0.0,0.0
2007-08-28 00:00:00-04:00,3.743993958087813,3.743993958087813,3.590059398644785,3.657895088195801,30038,0.0,0.0
2007-08-29 00:00:00-04:00,3.63963149892839,3.6578950992061965,3.5665779375808397,3.5744049549102783,128588,0.0,0.0
2007-08-30 00:00:00-04:00,3.8901005980903465,3.8901005980903465,3.5874498081821526,3.6526763439178467,8100,0.0,0.0
2007-08-31 00:00:00-04:00,3.6526763439178467,3.6526763439178467,3.6526763439178467,3.6526763439178467,0,0.0,0.0
2007-09-04 00:00:00-04:00,3.7283396327131517,3.9240184311915125,3.7283396327131517,3.858792304992676,1350,0.0,0.0
2007-09-05 00:00:00-04:00,3.6004957930357455,3.7831292664101577,3.6004957930357455,3.7570390701293945,24638,0.0,0.0
2007-09-06 00:00:00-04:00,3.7570390701293945,3.7570390701293945,3.7570390701293945,3.7570390701293945,0,0.0,0.0
2007-09-07 00:00:00-04:00,3.6109325348219503,3.6657225016477994,3.600496370659021,3.6631133556365967,200138,0.0,0.0
2007-09-10 00:00:00-04:00,3.571795919467897,3.571795919467897,3.522224248341596,3.5483152866363525,15525,0.0,0.0
2007-09-11 00:00:00-04:00,3.524834156036377,3.577014984258991,3.524834156036377,3.524834156036377,5738,0.0,0.0
2007-09-12 00:00:00-04:00,3.394381046295166,3.402208274555081,3.394381046295166,3.394381046295166,9788,0.0,0.0
2007-09-13 00:00:00-04:00,3.3917715745553756,3.3917715745553756,3.326545238494873,3.326545238494873,17213,0.0,0.0
2007-09-14 00:00:00-04:00,3.3891623399512665,3.3891623399512665,3.196092494603809,3.209136962890625,22613,0.0,0.0
2007-09-17 00:00:00-04:00,3.1047758764692435,3.156956697834838,3.0917303562164307,3.0917303562164307,4388,0.0,0.0
2007-09-18 00:00:00-04:00,3.1439110095734217,3.1439110095734217,2.9534502869738017,2.974323034286499,68850,0.0,0.0
2007-09-19 00:00:00-04:00,3.029113078847439,3.1308666224971353,3.000413103018935,3.070857524871826,14513,0.0,0.0
2007-09-20 00:00:00-04:00,3.0395493507385254,3.1987017909976116,3.0395493507385254,3.0395493507385254,35438,0.0,0.0
2007-09-21 00:00:00-04:00,3.2508829661458223,3.2508829661458223,3.2352283000946045,3.2352283000946045,1013,0.0,0.0
2007-09-24 00:00:00-04:00,3.2508830772581447,3.2508830772581447,3.130866765975952,3.130866765975952,3713,0.0,0.0
2007-09-25 00:00:00-04:00,3.175220360001241,3.1804384422360368,3.0865121222459284,3.130866765975952,19575,0.0,0.0
2007-09-26 00:00:00-04:00,3.076075713541015,3.0969482507638992,3.0395493507385254,3.0395493507385254,19238,0.0,0.0
2007-09-27 00:00:00-04:00,3.0395493507385254,3.0395493507385254,3.0395493507385254,3.0395493507385254,0,0.0,0.0
2007-09-28 00:00:00-04:00,3.1308659262902974,3.172610363032025,3.052594083937716,3.083902359008789,10463,0.0,0.0
2007-10-01 00:00:00-04:00,3.1517389548352392,3.1517389548352392,3.052595376968384,3.052595376968384,4388,0.0,0.0
2007-10-02 00:00:00-04:00,3.130867252475682,3.130867252475682,3.052595376968384,3.052595376968384,42188,0.0,0.0
2007-10-03 00:00:00-04:00,3.039550064383834,3.0786853723145446,3.026504541858305,3.052595376968384,37125,0.0,0.0
2007-10-04 00:00:00-04:00,3.0682482455559787,3.1282573405732634,3.026503801345825,3.026503801345825,6075,0.0,0.0
2007-10-05 00:00:00-04:00,3.000413706748226,3.052595376968384,3.000413706748226,3.052595376968384,5738,0.0,0.0
2007-10-08 00:00:00-04:00,3.000413706748226,3.052595376968384,3.000413706748226,3.052595376968384,54675,0.0,0.0
2007-10-09 00:00:00-04:00,3.0525951997743275,3.2587106227874756,3.0525951997743275,3.2587106227874756,5063,0.0,0.0
2007-10-10 00:00:00-04:00,3.274364948272705,3.5300522519513002,3.0682486938479374,3.274364948272705,21938,0.0,0.0
2007-10-11 00:00:00-04:00,3.274364948272705,3.274364948272705,3.274364948272705,3.274364948272705,0,0.0,0.0
2007-10-12 00:00:00-04:00,3.274364948272705,3.274364948272705,3.274364948272705,3.274364948272705,0,0.0,0.0
2007-10-15 00:00:00-04:00,3.1334757021228765,3.1334757021228765,3.130866765975952,3.130866765975952,3713,0.0,0.0
2007-10-16 00:00:00-04:00,3.130866765975952,3.130866765975952,3.130866765975952,3.130866765975952,0,0.0,0.0
2007-10-17 00:00:00-04:00,3.1308666224971353,3.170001922553221,3.0578130546759428,3.070857524871826,11138,0.0,0.0
2007-10-18 00:00:00-04:00,3.0160672797955943,3.09433913230896,3.0160672797955943,3.09433913230896,2700,0.0,0.0
2007-10-19 00:00:00-04:00,3.0160674831175207,3.081293821334839,3.0160674831175207,3.081293821334839,5738,0.0,0.0
2007-10-22 00:00:00-04:00,3.02389516404179,3.2430558948384234,2.948232650756836,2.948232650756836,27338,0.0,0.0
2007-10-23 00:00:00-04:00,2.9273597657676027,3.2300104348225456,2.9273597657676027,3.19348406791687,9113,0.0,0.0
2007-10-24 00:00:00-04:00,3.0760758769862546,3.2587102199940188,2.9560595688561713,3.0630311965942383,3713,0.0,0.0
2007-10-25 00:00:00-04:00,3.0030224323272705,3.0030224323272705,3.0030224323272705,3.0030224323272705,1013,0.0,0.0
2007-10-26 00:00:00-04:00,2.9612781888765363,3.117821729950153,2.9534509593376104,3.052595376968384,30713,0.0,0.0
2007-10-29 00:00:00-04:00,3.12043095805991,3.130867334365106,3.0004137852255712,3.042159080505371,11813,0.0,0.0
2007-10-30 00:00:00-04:00,3.104776037368576,3.104776037368576,3.000413339524267,3.010849714279175,15525,0.0,0.0
2007-10-31 00:00:00-04:00,3.0134586012250755,3.1047759865879088,3.0134586012250755,3.047376871109009,7425,0.0,0.0
2007-11-01 00:00:00-04:00,3.1308669509812797,3.151738651330946,3.000413417816162,3.000413417816162,97538,0.0,0.0
2007-11-02 00:00:00-04:00,3.000413417816162,3.000413417816162,3.000413417816162,3.000413417816162,0,0.0,0.0
2007-11-05 00:00:00-05:00,3.000413654849958,3.0134589672088623,3.000413654849958,3.0134589672088623,1688,0.0,0.0
2007-11-06 00:00:00-05:00,3.000412721619201,3.0995571066977825,2.7395073953554774,2.9195327758789062,90113,0.0,0.0
2007-11-07 00:00:00-05:00,2.909096697599464,2.9351866870191086,2.661236024737214,2.679499626159668,87750,0.0,0.0
2007-11-08 00:00:00-05:00,2.7577713536454085,2.7629896455974503,2.7160260677337646,2.7160260677337646,7425,0.0,0.0
2007-11-09 00:00:00-05:00,2.666454502170185,2.7395080789338833,2.5203473486427876,2.70298171043396,21263,0.0,0.0
2007-11-12 00:00:00-05:00,3.1308660868588363,3.1308660868588363,2.5490465798561495,2.6038365364074707,3038,0.0,0.0
2007-11-13 00:00:00-05:00,2.6351464637422324,2.6481909357205082,2.533392906188965,2.533392906188965,23963,0.0,0.0
2007-11-14 00:00:00-05:00,2.836043009624809,2.8464793828372166,2.601227656489013,2.6455812454223633,25650,0.0,0.0
2007-11-15 00:00:00-05:00,2.6116643704950637,2.64819073677063,2.6116643704950637,2.64819073677063,2700,0.0,0.0
2007-11-16 00:00:00-05:00,2.7395079135894775,2.7395079135894775,2.7395079135894775,2.7395079135894775,3713,0.0,0.0
2007-11-19 00:00:00-05:00,2.796907029044623,2.796907029044623,2.6090554357207694,2.7395079135894775,15863,0.0,0.0
2007-11-20 00:00:00-05:00,2.533392590176927,2.5542653382898703,2.533392590176927,2.5438289642333984,14513,0.0,0.0
2007-11-21 00:00:00-05:00,2.5438289117908046,2.70298135600587,2.5333925379494855,2.5960097312927246,8100,0.0,0.0
2007-11-23 00:00:00-05:00,2.562092885939024,2.611664566700836,2.533392906188965,2.533392906188965,8775,0.0,0.0
2007-11-26 00:00:00-05:00,2.5464377403259277,2.5464377403259277,2.5464377403259277,2.5464377403259277,2700,0.0,0.0
2007-11-27 00:00:00-05:00,2.606446483992173,2.6090556303169876,2.533392906188965,2.533392906188965,10800,0.0,0.0
2007-11-28 00:00:00-05:00,2.5412198240343153,2.661236131518746,2.4133762884749004,2.635146141052246,18900,0.0,0.0
2007-11-29 00:00:00-05:00,2.51773784763792,2.5960097059494864,2.431638971447944,2.554265260696411,6413,0.0,0.0
2007-11-30 00:00:00-05:00,2.5177376611296394,3.09433913230896,2.5177376611296394,3.09433913230896,33075,0.0,0.0
2007-12-03 00:00:00-05:00,3.016067466124198,3.0630310424035834,2.40815788819463,2.4942569732666016,32400,0.0,0.0
2007-12-04 00:00:00-05:00,2.541219794681306,2.739507750802383,2.541219794681306,2.609055280685425,131288,0.0,0.0
2007-12-05 00:00:00-05:00,2.609055280685425,2.609055280685425,2.609055280685425,2.609055280685425,0,0.0,0.0
2007-12-06 00:00:00-05:00,2.6247098170162633,2.6742814926528795,2.355977220688014,2.564701557159424,27675,0.0,0.0
2007-12-07 00:00:00-05:00,2.66906313223691,2.66906313223691,2.465556899149961,2.585573196411133,118125,0.0,0.0
2007-12-10 00:00:00-05:00,2.635146141052246,2.7421169284510762,2.635146141052246,2.635146141052246,4388,0.0,0.0
2007-12-11 00:00:00-05:00,2.765598791638568,2.7682077276737123,2.6090552815970804,2.6690633296966553,27338,0.0,0.0
2007-12-12 00:00:00-05:00,2.6742813882863525,2.6873269081115723,2.6742813882863525,2.6873269081115723,9788,0.0,0.0
2007-12-13 00:00:00-05:00,2.674281943609753,2.778644654296218,2.4394667368143703,2.6638457775115967,54675,0.0,0.0
2007-12-14 00:00:00-05:00,2.6090549972969668,2.674281120300293,2.6090549972969668,2.674281120300293,3713,0.0,0.0
2007-12-17 00:00:00-05:00,2.5829639602610746,2.867350973441244,2.5829639602610746,2.674281120300293,28350,0.0,0.0
2007-12-18 00:00:00-05:00,2.609055280685425,2.609055280685425,2.575137012831021,2.609055280685425,27000,0.0,0.0
2007-12-19 00:00:00-05:00,2.609055280685425,2.6116642167196575,2.609055280685425,2.609055280685425,6750,0.0,0.0
2007-12-20 00:00:00-05:00,2.6090552256090143,2.6090552256090143,2.4212034374722418,2.554265260696411,31388,0.0,0.0
2007-12-21 00:00:00-05:00,2.5073023056463977,2.5281748483606927,2.413376808166504,2.413376808166504,12488,0.0,0.0
2007-12-24 00:00:00-05:00,2.413376808166504,2.413376808166504,2.413376808166504,2.413376808166504,0,0.0,0.0
2007-12-26 00:00:00-05:00,2.413376808166504,2.413376808166504,2.413376808166504,2.413376808166504,0,0.0,0.0
2007-12-27 00:00:00-05:00,2.392503791458606,2.4003310203552246,2.389894645179412,2.4003310203552246,3038,0.0,0.0
2007-12-28 00:00:00-05:00,2.421203488583154,2.609055280685425,2.421203488583154,2.609055280685425,19575,0.0,0.0
2007-12-31 00:00:00-05:00,2.538610258587424,2.684717372161585,2.3820667726573195,2.598618507385254,28688,0.0,0.0
2008-01-02 00:00:00-05:00,2.4525120828867197,2.4525120828867197,2.275096642160417,2.3820674419403076,68850,0.0,0.0
2008-01-03 00:00:00-05:00,2.444683908969782,2.478602170944214,2.444683908969782,2.478602170944214,24300,0.0,0.0
2008-01-04 00:00:00-05:00,2.32205902447266,2.4759933840978516,2.32205902447266,2.3377134799957275,6750,0.0,0.0
2008-01-07 00:00:00-05:00,2.5647013037847084,2.5647013037847084,2.460338830947876,2.460338830947876,158625,0.0,0.0
2008-01-08 00:00:00-05:00,2.4759929811057737,2.4759929811057737,2.4029394270641253,2.405548572540283,4725,0.0,0.0
2008-01-09 00:00:00-05:00,2.3403226258965493,2.3403226258965493,2.3377134799957275,2.3377134799957275,1013,0.0,0.0
2008-01-10 00:00:00-05:00,2.2750961780548096,2.2750961780548096,2.2750961780548096,2.2750961780548096,675,0.0,0.0
2008-01-11 00:00:00-05:00,2.2750961780548096,2.2750961780548096,2.2750961780548096,2.2750961780548096,0,0.0,0.0
2008-01-14 00:00:00-05:00,2.288141965866089,2.3533683085568096,2.288141965866089,2.288141965866089,16200,0.0,0.0
2008-01-15 00:00:00-05:00,2.2881420930081036,2.33249568939209,2.2881420930081036,2.33249568939209,8100,0.0,0.0
2008-01-16 00:00:00-05:00,2.2724873494471174,2.3429319858551025,2.2724873494471174,2.3429319858551025,8438,0.0,0.0
2008-01-17 00:00:00-05:00,2.3090139500622278,2.345541159952054,2.3090139500622278,2.3116230964660645,3713,0.0,0.0
2008-01-18 00:00:00-05:00,2.345541000366211,2.345541000366211,2.345541000366211,2.345541000366211,2025,0.0,0.0
2008-01-22 00:00:00-05:00,2.26465980564661,2.494256866112827,2.2203053771607015,2.491647720336914,34425,0.0,0.0
2008-01-23 00:00:00-05:00,2.24639607019753,2.575136661529541,2.24639607019753,2.575136661529541,1688,0.0,0.0
2008-01-24 00:00:00-05:00,2.522956132888794,2.522956132888794,2.522956132888794,2.522956132888794,1013,0.0,0.0
2008-01-25 00:00:00-05:00,2.3481496051414337,2.3585859776992546,2.277705192565918,2.277705192565918,54000,0.0,0.0
2008-01-28 00:00:00-05:00,2.295968290599418,2.295968290599418,2.050717383260241,2.1237709522247314,24300,0.0,0.0
2008-01-29 00:00:00-05:00,2.1916060685478453,2.1942152141158173,2.0402808741281024,2.0481081008911133,66825,0.0,0.0
2008-01-30 00:00:00-05:00,2.087243444788865,2.1811697483062744,2.087243444788865,2.1811697483062744,5738,0.0,0.0
2008-01-31 00:00:00-05:00,2.0872435362773536,2.3090133666992188,2.0872435362773536,2.3090133666992188,2025,0.0,0.0
2008-02-01 00:00:00-05:00,2.199433725648416,2.225523716846524,2.199433725648416,2.2098701000213623,92813,0.0,0.0
2008-02-04 00:00:00-05:00,2.194215560636799,2.207260870655026,2.188997268676758,2.188997268676758,23963,0.0,0.0
2008-02-05 00:00:00-05:00,2.2176969426073136,2.277705192565918,2.199433343116355,2.277705192565918,13163,0.0,0.0
2008-02-06 00:00:00-05:00,2.251615047454834,2.251615047454834,2.251615047454834,2.251615047454834,5400,0.0,0.0
2008-02-07 00:00:00-05:00,2.314231975327035,2.314231975327035,2.298577308654785,2.298577308654785,675,0.0,0.0
2008-02-08 00:00:00-05:00,2.499474870509399,2.499474870509399,2.0924616124462223,2.405548572540283,2025,0.0,0.0
2008-02-11 00:00:00-05:00,2.4733845121120672,2.4759936583018387,2.3716309598252936,2.4577300548553467,5063,0.0,0.0
2008-02-12 00:00:00-05:00,2.3820672324661047,2.4577299494325193,2.3716308580956342,2.3951127529144287,23963,0.0,0.0
2008-02-13 00:00:00-05:00,2.1602974243040034,2.3898945167159664,1.8263386851532655,2.0350630283355713,72563,0.0,0.0
2008-02-14 00:00:00-05:00,2.045499456494719,2.3116229222905225,2.02201756051144,2.0428903102874756,13838,0.0,0.0
2008-02-15 00:00:00-05:00,2.089852750371497,2.160297168489837,1.9672275150628231,1.9881000518798828,26663,0.0,0.0
2008-02-19 00:00:00-05:00,2.134206647332184,2.134206647332184,2.0089714576736455,2.022016763687134,190688,0.0,0.0
2008-02-20 00:00:00-05:00,2.042889902813626,2.152469822841968,2.003754606979488,2.1289889812469482,56363,0.0,0.0
2008-02-21 00:00:00-05:00,2.0011452527247235,2.016798865568697,2.0011452527247235,2.0141897201538086,3038,0.0,0.0
2008-02-22 00:00:00-05:00,2.0637630776673754,2.0663722238968747,1.9072195524213589,1.9802731275558472,42188,0.0,0.0
2008-02-25 00:00:00-05:00,2.037672021586606,2.100289214872612,1.8315566300672717,1.8550385236740112,325013,0.0,0.0
2008-02-26 00:00:00-05:00,1.954182333347211,2.029845056192698,1.9437459581658236,1.9463551044464111,4725,0.0,0.0
2008-02-27 00:00:00-05:00,2.0768080195466174,2.087243341907924,1.9098281659027279,2.05332612991333,58388,0.0,0.0
2008-02-28 00:00:00-05:00,2.008972249357135,2.087243906342008,1.9594003608881152,2.0428903102874756,13500,0.0,0.0
2008-02-29 00:00:00-05:00,2.0428903102874756,2.0428903102874756,2.0428903102874756,2.0428903102874756,0,0.0,0.0
2008-03-03 00:00:00-05:00,2.1185526534224293,2.3298861106103197,2.040281010387689,2.2959680557250977,9788,0.0,0.0
2008-03-04 00:00:00-05:00,2.131598545905843,2.259442090988159,2.131598545905843,2.259442090988159,7088,0.0,0.0
2008-03-05 00:00:00-05:00,2.0976801746689286,2.3194500331444026,2.0976801746689286,2.316840887069702,10800,0.0,0.0
2008-03-06 00:00:00-05:00,2.3090138972615386,2.3090138972615386,2.183779491442522,2.30379581451416,6075,0.0,0.0
2008-03-07 00:00:00-05:00,2.3090138972615386,2.31684112635309,2.30379581451416,2.30379581451416,2363,0.0,0.0
2008-03-10 00:00:00-04:00,2.282924319307284,2.282924319307284,2.1472535133361816,2.1472535133361816,7425,0.0,0.0
2008-03-11 00:00:00-04:00,2.0637627146280773,2.092461848517361,1.988100006574019,2.0872435569763184,19238,0.0,0.0
2008-03-12 00:00:00-04:00,2.087243925321907,2.1629066467285156,2.087243925321907,2.1629066467285156,10125,0.0,0.0
2008-03-13 00:00:00-04:00,2.1629066467285156,2.1629066467285156,2.1629066467285156,2.1629066467285156,0,0.0,0.0
2008-03-14 00:00:00-04:00,1.9646188507505387,1.9646188507505387,1.9280924797058105,1.9280924797058105,3375,0.0,0.0
2008-03-17 00:00:00-04:00,1.9280924797058105,1.9280924797058105,1.9280924797058105,1.9280924797058105,0,0.0,0.0
2008-03-18 00:00:00-04:00,1.9567917585372925,1.967228135206219,1.9489643185798533,1.9567917585372925,8775,0.0,0.0
2008-03-19 00:00:00-04:00,1.9567915615738158,1.9567915615738158,1.8393841728498725,1.8446024656295776,45225,0.0,0.0
2008-03-20 00:00:00-04:00,1.9437454942539796,1.9933182120488564,1.9437454942539796,1.9907090663909912,3375,0.0,0.0
2008-03-24 00:00:00-04:00,1.8393841590519733,1.862866056502558,1.7663305799757567,1.8159024715423584,7088,0.0,0.0
2008-03-25 00:00:00-04:00,1.8211201611490462,1.8367748260498047,1.8211201611490462,1.8367748260498047,3038,0.0,0.0
2008-03-26 00:00:00-04:00,1.8367746665029299,1.8498199745226687,1.823729148542285,1.839383602142334,8438,0.0,0.0
2008-03-27 00:00:00-04:00,1.839383602142334,1.839383602142334,1.839383602142334,1.839383602142334,0,0.0,0.0
2008-03-28 00:00:00-04:00,1.9333100318908691,1.9333100318908691,1.9333100318908691,1.9333100318908691,2700,0.0,0.0
2008-03-31 00:00:00-04:00,1.8315562528296006,1.8315562528296006,1.7872026703992907,1.8263381719589233,4050,0.0,0.0
2008-04-01 00:00:00-04:00,1.98809998855988,1.98809998855988,1.9489636421203613,1.9489636421203613,1013,0.0,0.0
2008-04-02 00:00:00-04:00,1.834165365558858,1.834165365558858,1.8132926225662231,1.8132926225662231,5063,0.0,0.0
2008-04-03 00:00:00-04:00,1.8132934528018982,1.8132934528018982,1.7089316844940186,1.7089316844940186,49950,0.0,0.0
2008-04-04 00:00:00-04:00,1.7089313121618448,1.802856683731079,1.7089313121618448,1.802856683731079,52988,0.0,0.0
2008-04-07 00:00:00-04:00,1.7741576433181763,1.823729314444477,1.7741576433181763,1.7741576433181763,13838,0.0,0.0
2008-04-08 00:00:00-04:00,1.7506757974624634,1.8237293630113134,1.7480667565457852,1.7506757974624634,42863,0.0,0.0
2008-04-09 00:00:00-04:00,1.7480669021606445,1.7480669021606445,1.7480669021606445,1.7480669021606445,338,0.0,0.0
2008-04-10 00:00:00-04:00,1.7089314711138894,1.7845942974090576,1.7089314711138894,1.7845942974090576,14850,0.0,0.0
2008-04-11 00:00:00-04:00,1.7845942974090576,1.7845942974090576,1.7845942974090576,1.7845942974090576,0,0.0,0.0
2008-04-14 00:00:00-04:00,1.7872030423737169,1.7872030423737169,1.7141494750976562,1.7141494750976562,8438,0.0,0.0
2008-04-15 00:00:00-04:00,1.750675787080974,1.750675787080974,1.7219767570495605,1.7219767570495605,8775,0.0,0.0
2008-04-16 00:00:00-04:00,1.7089312993553658,1.7558940372732856,1.6958858844372287,1.6984950304031372,32400,0.0,0.0
2008-04-17 00:00:00-04:00,1.6984950304031372,1.6984950304031372,1.6984950304031372,1.6984950304031372,0,0.0,0.0
2008-04-18 00:00:00-04:00,1.6984950304031372,1.6984950304031372,1.6984950304031372,1.6984950304031372,338,0.0,0.0
2008-04-21 00:00:00-04:00,1.6410961545926512,1.6410961545926512,1.6332689255101138,1.6358779668807983,1688,0.0,0.0
2008-04-22 00:00:00-04:00,1.7350216001001013,1.8237296342849731,1.6306598429390484,1.8237296342849731,45900,0.0,0.0
2008-04-23 00:00:00-04:00,1.7324124975961264,1.7324124975961264,1.6332689255101138,1.6358779668807983,3375,0.0,0.0
2008-04-24 00:00:00-04:00,1.6358781403626081,1.7454580994930753,1.630660057067871,1.630660057067871,4725,0.0,0.0
2008-04-25 00:00:00-04:00,1.6958861351013184,1.6958861351013184,1.6958861351013184,1.6958861351013184,8438,0.0,0.0
2008-04-28 00:00:00-04:00,1.7037134691855114,1.7037134691855114,1.6828407182549754,1.6958861351013184,9788,0.0,0.0
2008-04-29 00:00:00-04:00,1.7089314972340952,1.7089314972340952,1.6724042892456055,1.6724042892456055,14175,0.0,0.0
2008-04-30 00:00:00-04:00,1.7063225105665862,1.7115406982992203,1.6958861351013184,1.6958861351013184,19238,0.0,0.0
2008-05-01 00:00:00-04:00,1.6958861033367327,1.7611124515533447,1.6958861033367327,1.7611124515533447,49950,0.0,0.0
2008-05-02 00:00:00-04:00,1.8002475943752714,2.027235507965088,1.8002475943752714,2.027235507965088,27675,0.0,0.0
2008-05-05 00:00:00-04:00,2.040281295776367,2.040281295776367,2.040281295776367,2.040281295776367,3375,0.0,0.0
2008-05-06 00:00:00-04:00,2.0063636433348186,2.131598233823102,1.7637212699884588,1.7741576433181763,19575,0.0,0.0
2008-05-07 00:00:00-04:00,1.8263388339779705,1.8289479803295294,1.6958861351013184,1.6958861351013184,28013,0.0,0.0
2008-05-08 00:00:00-04:00,1.6958861351013184,1.6958861351013184,1.6958861351013184,1.6958861351013184,1013,0.0,0.0
2008-05-09 00:00:00-04:00,1.7219770737644882,1.7219770737644882,1.6567498845622897,1.6958861351013184,12825,0.0,0.0
2008-05-12 00:00:00-04:00,1.6958861351013184,1.6958861351013184,1.6958861351013184,1.6958861351013184,0,0.0,0.0
2008-05-13 00:00:00-04:00,1.6958861351013184,1.6958861351013184,1.6880589059876094,1.6958861351013184,25650,0.0,0.0
2008-05-14 00:00:00-04:00,1.6958861351013184,1.7219770737644882,1.6463143488608942,1.6958861351013184,74925,0.0,0.0
2008-05-15 00:00:00-04:00,1.758503335923955,1.7637215233383805,1.724586009979248,1.724586009979248,34763,0.0,0.0
2008-05-16 00:00:00-04:00,1.7350216508469587,1.7611124845396444,1.6697953014086326,1.6958861351013184,32738,0.0,0.0
2008-05-19 00:00:00-04:00,1.6619679533254188,1.7376306775916937,1.6619679533254188,1.6671861410140991,18900,0.0,0.0
2008-05-20 00:00:00-04:00,1.6932768673878607,1.7402395009994507,1.6932768673878607,1.7402395009994507,46575,0.0,0.0
2008-05-21 00:00:00-04:00,1.6984949690568425,1.724585797950767,1.695885823185171,1.7219767570495605,22950,0.0,0.0
2008-05-22 00:00:00-04:00,1.7611120609762605,1.7611120609762605,1.7350212335586548,1.7350212335586548,25313,0.0,0.0
2008-05-23 00:00:00-04:00,1.735021331732805,1.8263384980682884,1.7219767570495605,1.7219767570495605,32063,0.0,0.0
2008-05-27 00:00:00-04:00,1.7637217140543717,1.9411369562149048,1.7454580036437388,1.9411369562149048,25650,0.0,0.0
2008-05-28 00:00:00-04:00,1.9411369562149048,1.9411369562149048,1.9411369562149048,1.9411369562149048,0,0.0,0.0
2008-05-29 00:00:00-04:00,1.9411369562149048,1.9411369562149048,1.9411369562149048,1.9411369562149048,0,0.0,0.0
2008-05-30 00:00:00-04:00,1.8550387935947863,1.8941740989685059,1.8550387935947863,1.8941740989685059,3038,0.0,0.0
2008-06-02 00:00:00-04:00,1.8967832326889038,1.8967832326889038,1.8967832326889038,1.8967832326889038,2363,0.0,0.0
2008-06-03 00:00:00-04:00,1.8967828137670806,1.8967828137670806,1.8289475440979004,1.8289475440979004,10800,0.0,0.0
2008-06-04 00:00:00-04:00,1.8080749877220843,1.8080749877220843,1.7350214189347775,1.7402395009994507,93150,0.0,0.0
2008-06-05 00:00:00-04:00,1.7402395009994507,1.7402395009994507,1.7402395009994507,1.7402395009994507,0,0.0,0.0
2008-06-06 00:00:00-04:00,1.8367748260498047,1.8367748260498047,1.8367748260498047,1.8367748260498047,1013,0.0,0.0
2008-06-09 00:00:00-04:00,1.8367746665029299,1.839383602142334,1.7689391907648317,1.839383602142334,6413,0.0,0.0
2008-06-10 00:00:00-04:00,1.8393841011902354,1.8993923664093018,1.8367751648429942,1.8993923664093018,18900,0.0,0.0
2008-06-11 00:00:00-04:00,1.839383602142334,1.888955478700073,1.839383602142334,1.839383602142334,21938,0.0,0.0
2008-06-12 00:00:00-04:00,1.839383602142334,1.839383602142334,1.839383602142334,1.839383602142334,0,0.0,0.0
2008-06-13 00:00:00-04:00,1.8524293899536133,1.8524293899536133,1.8289477061328712,1.8524293899536133,9113,0.0,0.0
2008-06-16 00:00:00-04:00,1.7402395009994507,1.8472113380004245,1.737630459967114,1.7402395009994507,19238,0.0,0.0
2008-06-17 00:00:00-04:00,1.7767664194107056,1.7767664194107056,1.7767664194107056,1.7767664194107056,2025,0.0,0.0
2008-06-18 00:00:00-04:00,1.8446022961751865,1.8446022961751865,1.7898123264312744,1.7898123264312744,1688,0.0,0.0
2008-06-19 00:00:00-04:00,2.0194081411135745,2.0194081411135745,1.7611119657943934,1.7767664194107056,69525,0.0,0.0
2008-06-20 00:00:00-04:00,1.823729653467268,1.823729653467268,1.7611124515533447,1.7611124515533447,1350,0.0,0.0
2008-06-23 00:00:00-04:00,1.7611123199567291,1.7663304022312285,1.7611123199567291,1.7637214660644531,5400,0.0,0.0
2008-06-24 00:00:00-04:00,1.8159027745222254,1.826339151803667,1.8159027745222254,1.8211208581924438,3713,0.0,0.0
2008-06-25 00:00:00-04:00,1.8263388343781806,1.8263388343781806,1.7872033186239644,1.8185116052627563,27675,0.0,0.0
2008-06-26 00:00:00-04:00,1.8002480002852848,1.8002480002852848,1.6593589259433648,1.6958861351013184,25988,0.0,0.0
2008-06-27 00:00:00-04:00,1.6932770937202435,1.6958861351013184,1.6724043427897075,1.6958861351013184,31388,0.0,0.0
2008-06-30 00:00:00-04:00,1.75589397537301,2.079416412018571,1.7402394150408325,1.9541820287704468,69188,0.0,0.0
2008-07-01 00:00:00-04:00,2.0089723675520004,2.0089723675520004,1.907219648361206,1.907219648361206,2700,0.0,0.0
2008-07-02 00:00:00-04:00,1.8367750015035471,1.9907093702945509,1.8367750015035471,1.9828821420669556,6075,0.0,0.0
2008-07-03 00:00:00-04:00,2.01940868044767,2.01940868044767,1.9567914790816354,1.9594004154205322,9788,0.0,0.0
2008-07-07 00:00:00-04:00,1.9802729924230318,1.9802729924230318,1.904610276222229,1.904610276222229,6075,0.0,0.0
2008-07-08 00:00:00-04:00,1.8602568762994753,1.8941740989685059,1.8602568762994753,1.8941740989685059,8438,0.0,0.0
2008-07-09 00:00:00-04:00,1.9176559545146645,1.9933186769485474,1.9176559545146645,1.9933186769485474,4050,0.0,0.0
2008-07-10 00:00:00-04:00,2.0141901412699847,2.0141901412699847,1.8524293899536133,1.8524293899536133,20588,0.0,0.0
2008-07-11 00:00:00-04:00,1.8733013557388036,2.0063638149430094,1.8733013557388036,1.9985365867614746,37800,0.0,0.0
2008-07-14 00:00:00-04:00,2.011581336042724,2.011581336042724,1.9307013750076294,1.9307013750076294,6750,0.0,0.0
2008-07-15 00:00:00-04:00,1.8524296948581642,1.8524296948581642,1.841993319239725,1.8446024656295776,6075,0.0,0.0
2008-07-16 00:00:00-04:00,1.9541823293460738,1.9541823293460738,1.8211204880097278,1.8237296342849731,6750,0.0,0.0
2008-07-17 00:00:00-04:00,1.8237293069559932,1.852429281009639,1.8237293069559932,1.8367748260498047,3375,0.0,0.0
2008-07-18 00:00:00-04:00,1.8524294022108743,1.9046102223546746,1.8498202562332153,1.8498202562332153,6075,0.0,0.0
2008-07-21 00:00:00-04:00,1.886346595464676,1.8941738233532774,1.8550385236740112,1.8550385236740112,4388,0.0,0.0
2008-07-22 00:00:00-04:00,1.8472113079737607,1.8524293899536133,1.8393838700925766,1.8524293899536133,9788,0.0,0.0
2008-07-23 00:00:00-04:00,1.904610276222229,1.904610276222229,1.904610276222229,1.904610276222229,338,0.0,0.0
2008-07-24 00:00:00-04:00,1.8419932596832156,1.8967832326889038,1.8263388017321922,1.8967832326889038,10125,0.0,0.0
2008-07-25 00:00:00-04:00,1.8237296342849731,1.8237296342849731,1.8237296342849731,1.8237296342849731,1013,0.0,0.0
2008-07-28 00:00:00-04:00,1.8263385601724764,1.8524293899536133,1.8237294142120817,1.8524293899536133,2025,0.0,0.0
2008-07-29 00:00:00-04:00,1.8498205132564722,1.8498205132564722,1.7167588785491914,1.7271943092346191,34088,0.0,0.0
2008-07-30 00:00:00-04:00,1.7663301979413901,1.8159020787862354,1.742848515510559,1.742848515510559,2700,0.0,0.0
2008-07-31 00:00:00-04:00,1.8237296880260498,1.8237296880260498,1.8185116052627563,1.8185116052627563,12825,0.0,0.0
2008-08-01 00:00:00-04:00,1.8237296342849731,1.8237296342849731,1.8185115516754446,1.8237296342849731,1688,0.0,0.0
2008-08-04 00:00:00-04:00,1.8132929429082325,1.8132929429082325,1.7872029542922974,1.7872029542922974,2025,0.0,0.0
2008-08-05 00:00:00-04:00,1.8237296342849731,1.8237296342849731,1.8237296342849731,1.8237296342849731,338,0.0,0.0
2008-08-06 00:00:00-04:00,1.8237296342849731,1.8237296342849731,1.8237296342849731,1.8237296342849731,0,0.0,0.0
2008-08-07 00:00:00-04:00,1.7193676233291626,1.7193676233291626,1.7193676233291626,1.7193676233291626,675,0.0,0.0
2008-08-08 00:00:00-04:00,1.8132926225662231,1.8237289940625405,1.8132926225662231,1.8132926225662231,17550,0.0,0.0
2008-08-11 00:00:00-04:00,1.8237291018527702,1.878519058227539,1.8237291018527702,1.878519058227539,22275,0.0,0.0
2008-08-12 00:00:00-04:00,1.737630459967114,1.7402395009994507,1.724585884628251,1.7402395009994507,5063,0.0,0.0
2008-08-13 00:00:00-04:00,1.7402395009994507,1.7402395009994507,1.7402395009994507,1.7402395009994507,0,0.0,0.0
2008-08-14 00:00:00-04:00,1.7454575015434217,1.7976384215854215,1.7350212335586548,1.7350212335586548,4050,0.0,0.0
2008-08-15 00:00:00-04:00,1.7924216113282259,1.8185116052627563,1.7585034435439146,1.8185116052627563,4050,0.0,0.0
2008-08-18 00:00:00-04:00,1.8185111711218653,1.8863464407910453,1.7585030237290231,1.8289475440979004,43538,0.0,0.0
2008-08-19 00:00:00-04:00,1.8733017948908415,1.9776643019341535,1.8733017948908415,1.9567917585372925,10800,0.0,0.0
2008-08-20 00:00:00-04:00,1.9933184572914446,2.1759519577026367,1.9933184572914446,2.1759519577026367,13163,0.0,0.0
2008-08-21 00:00:00-04:00,2.1759519577026367,2.1759519577026367,2.1759519577026367,2.1759519577026367,0,0.0,0.0
2008-08-22 00:00:00-04:00,2.1759519577026367,2.1759519577026367,2.1759519577026367,2.1759519577026367,0,0.0,0.0
2008-08-25 00:00:00-04:00,2.0872434021971014,2.355976789055125,2.0872434021971014,2.0950708389282227,18900,0.0,0.0
2008-08-26 00:00:00-04:00,2.0089723478517993,2.0220176596456816,1.8576479487003699,1.8654751777648926,50288,0.0,0.0
2008-08-27 00:00:00-04:00,1.8811283592734866,1.8811283592734866,1.7767665189813964,1.8289475440979004,9113,0.0,0.0
2008-08-28 00:00:00-04:00,1.8263381719589233,1.8263381719589233,1.802856283188646,1.8263381719589233,2025,0.0,0.0
2008-08-29 00:00:00-04:00,1.8002476336888769,1.8002476336888769,1.7872029542922974,1.7872029542922974,1013,0.0,0.0
2008-09-02 00:00:00-04:00,1.8419929643394566,1.8419929643394566,1.7506757974624634,1.7506757974624634,9788,0.0,0.0
2008-09-03 00:00:00-04:00,1.8159024715423584,1.8159024715423584,1.8159024715423584,1.8159024715423584,338,0.0,0.0
2008-09-04 00:00:00-04:00,1.7793758512777909,1.787203079345271,1.737630459967114,1.7402395009994507,20250,0.0,0.0
2008-09-05 00:00:00-04:00,1.7376307508779396,1.7793761491775513,1.7376307508779396,1.7793761491775513,19913,0.0,0.0
2008-09-08 00:00:00-04:00,1.7767665421514285,2.027235507965088,1.7428484869926921,2.027235507965088,24975,0.0,0.0
2008-09-09 00:00:00-04:00,1.9907091208468077,1.9907091208468077,1.8289475440979004,1.8289475440979004,4388,0.0,0.0
2008-09-10 00:00:00-04:00,1.9959276200451883,1.9959276200451883,1.7454578702896395,1.8237296342849731,23963,0.0,0.0
2008-09-11 00:00:00-04:00,1.7767670027379263,1.7845944420568014,1.7767670027379263,1.7793761491775513,8775,0.0,0.0
2008-09-12 00:00:00-04:00,1.7793761491775513,1.7793761491775513,1.7793761491775513,1.7793761491775513,0,0.0,0.0
2008-09-15 00:00:00-04:00,1.7480670484438305,1.941136843310708,1.7480670484438305,1.8941740989685059,41175,0.0,0.0
2008-09-16 00:00:00-04:00,1.7350215644464817,1.745457834421561,1.7245860292647541,1.7376306056976318,7425,0.0,0.0
2008-09-17 00:00:00-04:00,1.7376303383828025,1.7976384878686356,1.7245857639566855,1.7872029542922974,19913,0.0,0.0
2008-09-18 00:00:00-04:00,1.7271944930500114,1.7585036226414021,1.630660057067871,1.630660057067871,41513,0.0,0.0
2008-09-19 00:00:00-04:00,1.6384867860912156,1.7872029542922974,1.6358776402709743,1.7872029542922974,12488,0.0,0.0
2008-09-22 00:00:00-04:00,1.7872029542922974,1.7872029542922974,1.7872029542922974,1.7872029542922974,0,0.0,0.0
2008-09-23 00:00:00-04:00,1.6541413068771362,1.6541413068771362,1.6541413068771362,1.6541413068771362,1350,0.0,0.0
2008-09-24 00:00:00-04:00,1.667186148417562,1.667186148417562,1.6306598841394293,1.6358779668807983,22950,0.0,0.0
2008-09-25 00:00:00-04:00,1.6697954718374093,1.6697954718374093,1.630660057067871,1.630660057067871,42188,0.0,0.0
2008-09-26 00:00:00-04:00,1.5810877253886388,1.6932768002417176,1.5784786844597625,1.6410958766937256,16200,0.0,0.0
2008-09-29 00:00:00-04:00,1.6410958766937256,1.6410958766937256,1.6410958766937256,1.6410958766937256,0,0.0,0.0
2008-09-30 00:00:00-04:00,1.5471697208786943,1.5628241769232536,1.3958443971428065,1.4193261861801147,30713,0.0,0.0
2008-10-01 00:00:00-04:00,1.5002070522807607,1.5002070522807607,1.4219352932731117,1.424544334411621,21263,0.0,0.0
2008-10-02 00:00:00-04:00,1.5002068726764872,1.5002068726764872,1.4636796712875366,1.4636796712875366,1013,0.0,0.0
2008-10-03 00:00:00-04:00,1.4428077064038218,1.4584613197681566,1.421934962272644,1.421934962272644,4050,0.0,0.0
2008-10-06 00:00:00-04:00,1.4088900750579267,1.4088900750579267,0.31569614764810555,0.9705684781074524,76950,0.0,0.0
2008-10-07 00:00:00-04:00,0.9757864130607251,1.043621789488716,0.8609883542218533,0.871424674987793,59738,0.0,0.0
2008-10-08 00:00:00-04:00,0.7983712963179878,0.913169434154709,0.6600913657282459,0.7174904346466064,52650,0.0,0.0
2008-10-09 00:00:00-04:00,0.71749031671087,0.774889376194399,0.5479013919830322,0.5479013919830322,92475,0.0,0.0
2008-10-10 00:00:00-04:00,0.534855891369316,0.534855891369316,0.43571233947188953,0.4435396194458008,615938,0.0,0.0
2008-10-13 00:00:00-04:00,0.6444369503823033,0.678354231582365,0.4591934067887474,0.519202470779419,115088,0.0,0.0
2008-10-14 00:00:00-04:00,0.5713831569939887,0.5844285713959865,0.5270295667968182,0.5348559021949768,41513,0.0,0.0
2008-10-15 00:00:00-04:00,0.5244205608994761,0.6757450103759766,0.5244205608994761,0.6757450103759766,11475,0.0,0.0
2008-10-16 00:00:00-04:00,0.6757448945399522,0.7435802723363973,0.6522639989852905,0.6522639989852905,46238,0.0,0.0
2008-10-17 00:00:00-04:00,0.7096630594519328,0.7096630594519328,0.5974740386009216,0.5974740386009216,12488,0.0,0.0
2008-10-20 00:00:00-04:00,0.6705267443640875,0.678354024887085,0.6679185431054135,0.678354024887085,46238,0.0,0.0
2008-10-21 00:00:00-04:00,0.6731358274723089,0.6783540144070235,0.563555896282196,0.563555896282196,16538,0.0,0.0
2008-10-22 00:00:00-04:00,0.534855900010363,0.534855900010363,0.4696296155452728,0.4696296155452728,54000,0.0,0.0
2008-10-23 00:00:00-04:00,0.5609468250856118,0.5609468250856118,0.4957205355167389,0.4957205355167389,6750,0.0,0.0
2008-10-24 00:00:00-04:00,0.49572048029961074,0.6470457911491394,0.49572048029961074,0.6470457911491394,32738,0.0,0.0
2008-10-27 00:00:00-04:00,0.6627003757192053,0.6783540449798685,0.5870377114604722,0.6679185628890991,18225,0.0,0.0
2008-10-28 00:00:00-04:00,0.7618439612471374,0.7618439612471374,0.5087659344197633,0.5479013919830322,24300,0.0,0.0
2008-10-29 00:00:00-04:00,0.5609468742778658,0.6705268194281503,0.5009387665884676,0.5087659955024719,11813,0.0,0.0
2008-10-30 00:00:00-04:00,0.6444367696510911,0.6444367696510911,0.4957205355167389,0.4957205355167389,3375,0.0,0.0
2008-10-31 00:00:00-04:00,0.508766123243772,0.508766123243772,0.500938892364502,0.500938892364502,2025,0.0,0.0
2008-11-03 00:00:00-05:00,0.5766012557994608,0.6131275602929086,0.5061567425727844,0.5061567425727844,9113,0.0,0.0
2008-11-04 00:00:00-05:00,0.5479013668443089,0.5479013668443089,0.4696296155452728,0.4696296155452728,27000,0.0,0.0
2008-11-05 00:00:00-05:00,0.563555896282196,0.563555896282196,0.563555896282196,0.563555896282196,338,0.0,0.0
2008-11-06 00:00:00-05:00,0.563555896282196,0.563555896282196,0.563555896282196,0.563555896282196,0,0.0,0.0
2008-11-07 00:00:00-05:00,0.5165931335469225,0.5165931335469225,0.45658499002456665,0.45658499002456665,7425,0.0,0.0
2008-11-10 00:00:00-05:00,0.45658499002456665,0.45658499002456665,0.45658499002456665,0.45658499002456665,0,0.0,0.0
2008-11-11 00:00:00-05:00,0.4644113770028946,0.4644113770028946,0.4383213909797247,0.45658499002456665,22950,0.0,0.0
2008-11-12 00:00:00-05:00,0.4513669476051223,0.4513669476051223,0.4044033885002136,0.4044033885002136,7088,0.0,0.0
2008-11-13 00:00:00-05:00,0.4017941961902674,0.404403289457831,0.2400334052594348,0.347004234790802,61425,0.0,0.0
2008-11-14 00:00:00-05:00,0.3313497966439875,0.3365679580227052,0.3313497966439875,0.33395886421203613,5063,0.0,0.0
2008-11-17 00:00:00-05:00,0.2922142768603896,0.2922142768603896,0.2530779823527853,0.2609052360057831,49275,0.0,0.0
2008-11-18 00:00:00-05:00,0.3052597262792495,0.3052597262792495,0.22176981416556593,0.23481525480747223,26325,0.0,0.0
2008-11-19 00:00:00-05:00,0.21133346027366284,0.21133346027366284,0.13306171938714156,0.19306984543800354,73913,0.0,0.0
2008-11-20 00:00:00-05:00,0.140888974070549,0.14349806753790625,0.140888974070549,0.140888974070549,17888,0.0,0.0
2008-11-21 00:00:00-05:00,0.1461071418286528,0.1669798493385315,0.14088896823151012,0.1669798493385315,8775,0.0,0.0
2008-11-24 00:00:00-05:00,0.1408889663637732,0.2217698097229004,0.1408889663637732,0.2217698097229004,46575,0.0,0.0
2008-11-25 00:00:00-05:00,0.23481525466967967,0.23481525466967967,0.21133345365524292,0.21133345365524292,3713,0.0,0.0
2008-11-26 00:00:00-05:00,0.21133345365524292,0.21133345365524292,0.21133345365524292,0.21133345365524292,0,0.0,0.0
2008-11-28 00:00:00-05:00,0.1904608067681154,0.1904608067681154,0.17480716109275818,0.17480716109275818,2363,0.0,0.0
2008-12-01 00:00:00-05:00,0.1956789642572403,0.1956789642572403,0.1956789642572403,0.1956789642572403,15188,0.0,0.0
2008-12-02 00:00:00-05:00,0.1617616849805472,0.20611529052257538,0.14349806978675167,0.20611529052257538,3713,0.0,0.0
2008-12-03 00:00:00-05:00,0.14610713720321655,0.22176980564210566,0.14610713720321655,0.14610713720321655,50288,0.0,0.0
2008-12-04 00:00:00-05:00,0.1487162709236145,0.1487162709236145,0.14610717693743763,0.1487162709236145,9450,0.0,0.0
2008-12-05 00:00:00-05:00,0.15654349718841726,0.15654349718841726,0.14610713720321655,0.14610713720321655,8775,0.0,0.0
2008-12-08 00:00:00-05:00,0.14610715575836802,0.23481527560343093,0.14610715575836802,0.21655164659023285,13163,0.0,0.0
2008-12-09 00:00:00-05:00,0.15654354226168435,0.22698803130895173,0.15654354226168435,0.17480716109275818,12825,0.0,0.0
2008-12-10 00:00:00-05:00,0.24785979367423336,0.24785979367423336,0.14610713720321655,0.14610713720321655,17550,0.0,0.0
2008-12-11 00:00:00-05:00,0.16958892345428467,0.24264249829202925,0.16176166990178867,0.16958892345428467,32063,0.0,0.0
2008-12-12 00:00:00-05:00,0.18524260159562542,0.18785168207627898,0.15915259718894958,0.15915259718894958,14175,0.0,0.0
2008-12-15 00:00:00-05:00,0.16958891868239354,0.17480710506563824,0.16437074542045593,0.16437074542045593,27675,0.0,0.0
2008-12-16 00:00:00-05:00,0.16437079810263647,0.18263353780585195,0.16437079810263647,0.17480716109275818,12150,0.0,0.0
2008-12-17 00:00:00-05:00,0.17480712899545742,0.19046077179656298,0.17480712899545742,0.18263350427150726,3713,0.0,0.0
2008-12-18 00:00:00-05:00,0.18263348522054496,0.18263348522054496,0.14610713720321655,0.14610713720321655,137025,0.0,0.0
2008-12-19 00:00:00-05:00,0.16176167130470276,0.16176167130470276,0.16176167130470276,0.16176167130470276,1013,0.0,0.0
2008-12-22 00:00:00-05:00,0.1565435037623484,0.18263349289010633,0.13567079603672028,0.13567079603672028,142088,0.0,0.0
2008-12-23 00:00:00-05:00,0.14349806308746338,0.14610714335259423,0.1382798894358936,0.14349806308746338,51638,0.0,0.0
2008-12-24 00:00:00-05:00,0.13827987015247345,0.13827987015247345,0.13827987015247345,0.13827987015247345,1350,0.0,0.0
2008-12-26 00:00:00-05:00,0.14088896377126997,0.14610713720321655,0.13827988361595045,0.14610713720321655,16875,0.0,0.0
2008-12-29 00:00:00-05:00,0.1382799180723998,0.1382799180723998,0.11740720602226477,0.12262538075447083,61425,0.0,0.0
2008-12-30 00:00:00-05:00,0.12262535535987609,0.15132531700416404,0.06522631119894241,0.14349806308746338,61763,0.0,0.0
2008-12-31 00:00:00-05:00,0.08609901146783708,0.1669798493385315,0.08609901146783708,0.1669798493385315,10125,0.0,0.0
2009-01-02 00:00:00-05:00,0.10436262275610537,0.16176167130470276,0.10436262275610537,0.16176167130470276,7425,0.0,0.0
2009-01-05 00:00:00-05:00,0.13045262103722477,0.1669798493385315,0.13045262103722477,0.1669798493385315,8438,0.0,0.0
2009-01-06 00:00:00-05:00,0.16958893801931246,0.1800244197267957,0.16958893801931246,0.17741532623767853,19913,0.0,0.0
2009-01-07 00:00:00-05:00,0.17741532623767853,0.17741532623767853,0.17741532623767853,0.17741532623767853,0,0.0,0.0
2009-01-08 00:00:00-05:00,0.16958892345428467,0.16958892345428467,0.16958892345428467,0.16958892345428467,1013,0.0,0.0
2009-01-09 00:00:00-05:00,0.203506201505661,0.203506201505661,0.203506201505661,0.203506201505661,3038,0.0,0.0
2009-01-12 00:00:00-05:00,0.20872440699087436,0.20872440699087436,0.1956789642572403,0.1956789642572403,13838,0.0,0.0
2009-01-13 00:00:00-05:00,0.1956789642572403,0.1956789642572403,0.1956789642572403,0.1956789642572403,6750,0.0,0.0
2009-01-14 00:00:00-05:00,0.169588941897881,0.1956789457728305,0.10957992804949587,0.18263350427150726,75600,0.0,0.0
2009-01-15 00:00:00-05:00,0.18263350427150726,0.18263350427150726,0.18263350427150726,0.18263350427150726,675,0.0,0.0
2009-01-16 00:00:00-05:00,0.18263350427150726,0.18263350427150726,0.18263350427150726,0.18263350427150726,0,0.0,0.0
2009-01-20 00:00:00-05:00,0.13306174637048668,0.1539344457746571,0.13306174637048668,0.1487162709236145,65813,0.0,0.0
2009-01-21 00:00:00-05:00,0.12523449957370758,0.15393447286610218,0.12523449957370758,0.12523449957370758,12825,0.0,0.0
2009-01-22 00:00:00-05:00,0.13567079603672028,0.13567079603672028,0.13567079603672028,0.13567079603672028,338,0.0,0.0
2009-01-23 00:00:00-05:00,0.13045267534311447,0.13045267534311447,0.12523449957370758,0.12523449957370758,2700,0.0,0.0
2009-01-26 00:00:00-05:00,0.13045262238564026,0.13567079603672028,0.13045262238564026,0.13567079603672028,17213,0.0,0.0
2009-01-27 00:00:00-05:00,0.13567082118443186,0.15132534503936768,0.1304526465661199,0.15132534503936768,2363,0.0,0.0
2009-01-28 00:00:00-05:00,0.10697082931678126,0.12001626938581467,0.10697082931678126,0.12001626938581467,9788,0.0,0.0
2009-01-29 00:00:00-05:00,0.14610717693743763,0.16176171461187658,0.14610717693743763,0.1487162709236145,5400,0.0,0.0
2009-01-30 00:00:00-05:00,0.1487162709236145,0.1487162709236145,0.1487162709236145,0.1487162709236145,0,0.0,0.0
2009-02-02 00:00:00-05:00,0.1487162709236145,0.1487162709236145,0.1487162709236145,0.1487162709236145,0,0.0,0.0
2009-02-03 00:00:00-05:00,0.12001627004348361,0.14610713720321655,0.12001627004348361,0.14610713720321655,63788,0.0,0.0
2009-02-04 00:00:00-05:00,0.13306170945484808,0.13306170945484808,0.12001626938581467,0.12001626938581467,6750,0.0,0.0
2009-02-05 00:00:00-05:00,0.12001627507083586,0.12784352898597717,0.12001627507083586,0.12784352898597717,7088,0.0,0.0
2009-02-06 00:00:00-05:00,0.13306170945484808,0.13306170945484808,0.12001626938581467,0.12001626938581467,6750,0.0,0.0
2009-02-09 00:00:00-05:00,0.13045261800289154,0.13045261800289154,0.13045261800289154,0.13045261800289154,26325,0.0,0.0
2009-02-10 00:00:00-05:00,0.13045261800289154,0.13045261800289154,0.13045261800289154,0.13045261800289154,0,0.0,0.0
2009-02-11 00:00:00-05:00,0.13045261800289154,0.13045261800289154,0.13045261800289154,0.13045261800289154,1013,0.0,0.0
2009-02-12 00:00:00-05:00,0.12001626938581467,0.12001626938581467,0.12001626938581467,0.12001626938581467,3375,0.0,0.0
2009-02-13 00:00:00-05:00,0.1878516856952212,0.1878516856952212,0.13306172933928778,0.17219804227352142,152213,0.0,0.0
2009-02-17 00:00:00-05:00,0.1669798386120783,0.1669798386120783,0.1356707859191456,0.16437074542045593,42188,0.0,0.0
2009-02-18 00:00:00-05:00,0.16437074542045593,0.16437074542045593,0.16437074542045593,0.16437074542045593,675,0.0,0.0
2009-02-19 00:00:00-05:00,0.13567079603672028,0.13567079603672028,0.13567079603672028,0.13567079603672028,1013,0.0,0.0
2009-02-20 00:00:00-05:00,0.16437075767831438,0.16697985106450844,0.13567079603672028,0.13567079603672028,49613,0.0,0.0
2009-02-23 00:00:00-05:00,0.11740718697357433,0.1643707650651494,0.10697083920240402,0.10697083920240402,11475,0.0,0.0
2009-02-24 00:00:00-05:00,0.10697083920240402,0.10697083920240402,0.10697083920240402,0.10697083920240402,16875,0.0,0.0
2009-02-25 00:00:00-05:00,0.10697083920240402,0.10697083920240402,0.10697083920240402,0.10697083920240402,0,0.0,0.0
2009-02-26 00:00:00-05:00,0.12784352898597717,0.12784352898597717,0.12784352898597717,0.12784352898597717,338,0.0,0.0
2009-02-27 00:00:00-05:00,0.10957992076873779,0.10957992076873779,0.10957992076873779,0.10957992076873779,4050,0.0,0.0
2009-03-02 00:00:00-05:00,0.12262535484263597,0.12262535484263597,0.10957992076873779,0.10957992076873779,4050,0.0,0.0
2009-03-03 00:00:00-05:00,0.14871624340839393,0.14871624340839393,0.10697083920240402,0.10697083920240402,58388,0.0,0.0
2009-03-04 00:00:00-05:00,0.10697084530225906,0.1278435420348345,0.08609902113676071,0.08609902113676071,22613,0.0,0.0
2009-03-05 00:00:00-05:00,0.1252344615039173,0.1252344615039173,0.08609902113676071,0.08609902113676071,1013,0.0,0.0
2009-03-06 00:00:00-05:00,0.0808808419159044,0.08870810270309448,0.0808808419159044,0.08870810270309448,5063,0.0,0.0
2009-03-09 00:00:00-04:00,0.09131718426942825,0.09131718426942825,0.08088083716606391,0.09131718426942825,12488,0.0,0.0
2009-03-10 00:00:00-04:00,0.08088083565235138,0.09131718256039591,0.08088083565235138,0.08088083565235138,4725,0.0,0.0
2009-03-11 00:00:00-04:00,0.08088083565235138,0.08348992237936251,0.08088083565235138,0.08088083565235138,66825,0.0,0.0
2009-03-12 00:00:00-04:00,0.08088083870671421,0.08088083870671421,0.06783539801836014,0.06783539801836014,1688,0.0,0.0
2009-03-13 00:00:00-04:00,0.07566267251968384,0.07566267251968384,0.07566267251968384,0.07566267251968384,338,0.0,0.0
2009-03-16 00:00:00-04:00,0.08348992553225422,0.11479810143240024,0.06783539801836014,0.06783539801836014,7425,0.0,0.0
2009-03-17 00:00:00-04:00,0.10957992754781407,0.10957992754781407,0.09914445877075195,0.09914445877075195,1350,0.0,0.0
2009-03-18 00:00:00-04:00,0.09914445613031611,0.10436262994372213,0.06522631322186849,0.0704444870352745,28688,0.0,0.0
2009-03-19 00:00:00-04:00,0.07044448247721352,0.07827174925151897,0.057399048787794144,0.06522630900144577,40500,0.0,0.0
2009-03-20 00:00:00-04:00,0.09131718426942825,0.09131718426942825,0.08609901071774609,0.09131718426942825,29363,0.0,0.0
2009-03-23 00:00:00-04:00,0.09131718935111624,0.10436263051693816,0.09131718935111624,0.09653536975383759,54338,0.0,0.0
2009-03-24 00:00:00-04:00,0.10436263138729311,0.1095799261451966,0.10436263138729311,0.10697083920240402,22950,0.0,0.0
2009-03-25 00:00:00-04:00,0.12784352767799945,0.12784352767799945,0.08348992466926575,0.08348992466926575,11138,0.0,0.0
2009-03-26 00:00:00-04:00,0.11479810598735968,0.11479810598735968,0.08609901577403112,0.08870810270309448,29700,0.0,0.0
2009-03-27 00:00:00-04:00,0.0860990268430629,0.12001629527497772,0.0860990268430629,0.10436264425516129,48263,0.0,0.0
2009-03-30 00:00:00-04:00,0.12523447468122925,0.1278435554866769,0.10436264831957391,0.12262538075447083,17888,0.0,0.0
2009-03-31 00:00:00-04:00,0.12262535533544693,0.12784352898597717,0.101753539860968,0.12784352898597717,42525,0.0,0.0
2009-04-01 00:00:00-04:00,0.10175354414465149,0.12523445399356342,0.08870810290847679,0.11479810625314713,32063,0.0,0.0
2009-04-02 00:00:00-04:00,0.11479810625314713,0.11479810625314713,0.11479810625314713,0.11479810625314713,7763,0.0,0.0
2009-04-03 00:00:00-04:00,0.10957993965635501,0.10957993965635501,0.09653538246168561,0.10436264425516129,10800,0.0,0.0
2009-04-06 00:00:00-04:00,0.10436264425516129,0.10436264425516129,0.10436264425516129,0.10436264425516129,20250,0.0,0.0
2009-04-07 00:00:00-04:00,0.10436262719937145,0.10697083490981876,0.09392627328634262,0.09392627328634262,16875,0.0,0.0
2009-04-08 00:00:00-04:00,0.09392628863653857,0.10436264425516129,0.09392628863653857,0.10436264425516129,79313,0.0,0.0
2009-04-09 00:00:00-04:00,0.1043626247092876,0.11218900590918546,0.09131718426942825,0.09131718426942825,6075,0.0,0.0
2009-04-13 00:00:00-04:00,0.09131718963215785,0.09131718963215785,0.08870810270309448,0.08870810270309448,31050,0.0,0.0
2009-04-14 00:00:00-04:00,0.0991444697261775,0.10436264425516129,0.09392628863653857,0.10436264425516129,23625,0.0,0.0
2009-04-15 00:00:00-04:00,0.1043626271745591,0.11218900855933304,0.0887080995890648,0.10175354033708572,74925,0.0,0.0
2009-04-16 00:00:00-04:00,0.09914445115760544,0.09914445115760544,0.09131718426942825,0.09131718426942825,5400,0.0,0.0
2009-04-17 00:00:00-04:00,0.09131720137204669,0.12001629527497772,0.09131720137204669,0.10436264425516129,258188,0.0,0.0
2009-04-20 00:00:00-04:00,0.12784352293018875,0.12784352293018875,0.11218900272013313,0.12001626938581467,381038,0.0,0.0
2009-04-21 00:00:00-04:00,0.12784352767799945,0.1669798493385315,0.12784352767799945,0.1669798493385315,61763,0.0,0.0
2009-04-22 00:00:00-04:00,0.15654351972408984,0.19306985987836506,0.1539344260718632,0.17219804227352142,135338,0.0,0.0
2009-04-23 00:00:00-04:00,0.17219801671932164,0.18002440426552382,0.1304526163278822,0.16958892345428467,65475,0.0,0.0
2009-04-24 00:00:00-04:00,0.18785171274025714,0.18785171274025714,0.17480716109275818,0.17480716109275818,42863,0.0,0.0
2009-04-27 00:00:00-04:00,0.1878517013610567,0.1878517013610567,0.1304526465661199,0.15132534503936768,99563,0.0,0.0
2009-04-28 00:00:00-04:00,0.15654353277899016,0.16958896276411475,0.14349808967255503,0.15132534503936768,70200,0.0,0.0
2009-04-29 00:00:00-04:00,0.15132531063516313,0.15132531063516313,0.14610713720321655,0.14610713720321655,38813,0.0,0.0
2009-04-30 00:00:00-04:00,0.1461071500908767,0.15132532398310228,0.1330617219209671,0.1330617219209671,55013,0.0,0.0
2009-05-01 00:00:00-04:00,0.1956789146666874,0.1956789146666874,0.14349804920534356,0.19046074151992798,331425,0.0,0.0
2009-05-04 00:00:00-04:00,0.19046080155188166,0.19306988238697254,0.15393444401795575,0.1565435379743576,227475,0.0,0.0
2009-05-05 00:00:00-04:00,0.15654349718841726,0.15654349718841726,0.14610713720321655,0.14610713720321655,575775,0.0,0.0
2009-05-06 00:00:00-04:00,0.14610717042105575,0.16958896276411475,0.14610717042105575,0.15132534503936768,26663,0.0,0.0
2009-05-07 00:00:00-04:00,0.1669798875573431,0.1669798875573431,0.1565435379743576,0.1565435379743576,38138,0.0,0.0
2009-05-08 00:00:00-04:00,0.19046078978804873,0.20350623252168276,0.15654352830542828,0.1956789642572403,97875,0.0,0.0
2009-05-11 00:00:00-04:00,0.1956789146666874,0.1956789146666874,0.19046074151992798,0.19046074151992798,15188,0.0,0.0
2009-05-12 00:00:00-04:00,0.18785166459946914,0.18785166459946914,0.1669798493385315,0.1669798493385315,4725,0.0,0.0
2009-05-13 00:00:00-04:00,0.1669798875573431,0.1956789763433744,0.1513253500615539,0.1565435379743576,63450,0.0,0.0
2009-05-14 00:00:00-04:00,0.15132531097153304,0.19567892579602547,0.15132531097153304,0.15393440425395966,9113,0.0,0.0
2009-05-15 00:00:00-04:00,0.18263346532334096,0.18263346532334096,0.14610712128541534,0.1800243854522705,76275,0.0,0.0
2009-05-18 00:00:00-04:00,0.1956789244918233,0.1956789244918233,0.15393440322798518,0.16958892345428467,24300,0.0,0.0
2009-05-19 00:00:00-04:00,0.1565435379743576,0.1565435379743576,0.15393444401795575,0.1565435379743576,63113,0.0,0.0
2009-05-20 00:00:00-04:00,0.1565435379743576,0.1565435379743576,0.1565435379743576,0.1565435379743576,0,0.0,0.0
2009-05-21 00:00:00-04:00,0.14610712128541534,0.1800243854522705,0.14610712128541534,0.1800243854522705,35438,0.0,0.0
2009-05-22 00:00:00-04:00,0.18785165781801982,0.18785165781801982,0.16958892345428467,0.16958892345428467,13838,0.0,0.0
2009-05-26 00:00:00-04:00,0.1956789457728305,0.1956789457728305,0.1461071524440228,0.18263350427150726,24300,0.0,0.0
2009-05-27 00:00:00-04:00,0.1956789457728305,0.1956789457728305,0.18263350427150726,0.18263350427150726,8775,0.0,0.0
2009-05-28 00:00:00-04:00,0.1695889313453124,0.1695889313453124,0.14349806308746338,0.14349806308746338,5063,0.0,0.0
2009-05-29 00:00:00-04:00,0.14871623047984361,0.18002440506522543,0.14349805704789703,0.14610713720321655,42188,0.0,0.0
2009-06-01 00:00:00-04:00,0.14349806970541826,0.1461071500908767,0.1330617219209671,0.1330617219209671,71888,0.0,0.0
2009-06-02 00:00:00-04:00,0.13827987015247345,0.13827987015247345,0.13827987015247345,0.13827987015247345,5063,0.0,0.0
2009-06-03 00:00:00-04:00,0.13306171577183432,0.13567079603672028,0.13306171577183432,0.13567079603672028,5400,0.0,0.0
2009-06-04 00:00:00-04:00,0.16697984405231042,0.16697984405231042,0.13306171018400384,0.14610713720321655,27338,0.0,0.0
2009-06-05 00:00:00-04:00,0.19567891898581202,0.19567891898581202,0.16437074542045593,0.16437074542045593,163350,0.0,0.0
2009-06-08 00:00:00-04:00,0.16437074542045593,0.16437074542045593,0.16437074542045593,0.16437074542045593,0,0.0,0.0
2009-06-09 00:00:00-04:00,0.148716230810414,0.1565434975363863,0.13827988392332263,0.15393440425395966,29700,0.0,0.0
2009-06-10 00:00:00-04:00,0.14871623673903317,0.14871623673903317,0.14349806308746338,0.14349806308746338,6750,0.0,0.0
2009-06-11 00:00:00-04:00,0.15393440425395966,0.15393440425395966,0.1434980573668683,0.15393440425395966,60413,0.0,0.0
2009-06-12 00:00:00-04:00,0.15393439889658075,0.16437074542045593,0.15393439889658075,0.16437074542045593,79650,0.0,0.0
2009-06-15 00:00:00-04:00,0.16437075769374257,0.1826334929072487,0.14349806308746338,0.14349806308746338,39150,0.0,0.0
2009-06-16 00:00:00-04:00,0.1434980749411007,0.15915259718894958,0.14088898133913796,0.15915259718894958,128588,0.0,0.0
2009-06-17 00:00:00-04:00,0.17741532405942778,0.20872437993788778,0.1461071473086338,0.19306984543800354,560588,0.0,0.0
2009-06-18 00:00:00-04:00,0.1956789328817533,0.24785980320043147,0.1956789328817533,0.23481525480747223,267638,0.0,0.0
2009-06-19 00:00:00-04:00,0.23481530444572285,0.23481530444572285,0.19828806817531586,0.19828806817531586,29363,0.0,0.0
2009-06-22 00:00:00-04:00,0.224378914437772,0.224378914437772,0.19306984543800354,0.19306984543800354,12488,0.0,0.0
2009-06-23 00:00:00-04:00,0.22437890080302142,0.2817779299088541,0.22437890080302142,0.2609052360057831,26325,0.0,0.0
2009-06-24 00:00:00-04:00,0.2478598103442185,0.2478598103442185,0.20872437953948975,0.20872437953948975,13500,0.0,0.0
2009-06-25 00:00:00-04:00,0.26612343059614674,0.2843870317492459,0.23481525480747223,0.23481525480747223,129938,0.0,0.0
2009-06-26 00:00:00-04:00,0.45397604151167875,0.45397604151167875,0.3365679703919817,0.4044033885002136,227813,0.0,0.0
2009-06-29 00:00:00-04:00,0.4435396411147805,0.45397596243796073,0.3913578770431785,0.4174487590789795,193050,0.0,0.0
2009-06-30 00:00:00-04:00,0.4304942029484058,0.4304942029484058,0.383531491476293,0.3861405849456787,34425,0.0,0.0
2009-07-01 00:00:00-04:00,0.3522223882557128,0.4096214112909233,0.2739506472823515,0.2765597403049469,110363,0.0,0.0
2009-07-02 00:00:00-04:00,0.28699613366114723,0.4017942249774933,0.2791688532976578,0.4017942249774933,132300,0.0,0.0
2009-07-06 00:00:00-04:00,0.4122305043135187,0.6313912215832551,0.4122305043135187,0.5531194806098938,434025,0.0,0.0
2009-07-07 00:00:00-04:00,0.5479014097161289,0.7044449245633124,0.47223874586348097,0.4957205355167389,1206900,0.0,0.0
2009-07-08 00:00:00-04:00,0.5165931804858508,0.5165931804858508,0.35222242743176496,0.4357123374938965,376313,0.0,0.0
2009-07-09 00:00:00-04:00,0.42005784017772846,0.4435396280708572,0.38353147765667917,0.42266690731048584,204188,0.0,0.0
2009-07-10 00:00:00-04:00,0.4226669751855992,0.4539760219900797,0.37831337790102,0.4487578868865967,109013,0.0,0.0
2009-07-13 00:00:00-04:00,0.3913578770431785,0.45658505589006415,0.3913578770431785,0.4174487590789795,50963,0.0,0.0
2009-07-14 00:00:00-04:00,0.357440596388177,0.45136685571174534,0.357440596388177,0.42266690731048584,34425,0.0,0.0
2009-07-15 00:00:00-04:00,0.4383214546125934,0.4591932575143579,0.39918513152299684,0.4017942249774933,72900,0.0,0.0
2009-07-16 00:00:00-04:00,0.4383214564866145,0.477456913737176,0.4304942023322769,0.45919325947761536,65138,0.0,0.0
2009-07-17 00:00:00-04:00,0.4826750298939868,0.49311140336114356,0.46441142881169445,0.4696296155452728,30038,0.0,0.0
2009-07-20 00:00:00-04:00,0.45397598955901913,0.45919328452594066,0.4331032931804657,0.4331032931804657,47925,0.0,0.0
2009-07-21 00:00:00-04:00,0.4226669967261541,0.4226669967261541,0.3652679537871349,0.3887488543987274,58050,0.0,0.0
2009-07-22 00:00:00-04:00,0.39918513152299684,0.44093054806708987,0.39918513152299684,0.4017942249774933,22613,0.0,0.0
2009-07-23 00:00:00-04:00,0.35222242743176496,0.45658503151100677,0.35222242743176496,0.4357123374938965,22950,0.0,0.0
2009-07-24 00:00:00-04:00,0.44875787670367906,0.44875787670367906,0.4461487829685211,0.4461487829685211,7425,0.0,0.0
2009-07-27 00:00:00-04:00,0.45658499002456665,0.4931113483506326,0.4331032048282767,0.45658499002456665,37125,0.0,0.0
2009-07-28 00:00:00-04:00,0.45136685762605316,0.45658504439893105,0.43049418926239014,0.43049418926239014,10463,0.0,0.0
2009-07-29 00:00:00-04:00,0.43049420009688,0.4357123607584701,0.4174487590789795,0.4174487590789795,5400,0.0,0.0
2009-07-30 00:00:00-04:00,0.45658511594003054,0.5218114636017309,0.3339588622385328,0.3913579285144806,173138,0.0,0.0
2009-07-31 00:00:00-04:00,0.39135785089101094,0.3939669441687639,0.3522224227014751,0.3783133029937744,110025,0.0,0.0
2009-08-03 00:00:00-04:00,0.3913579672035772,0.5609469287653447,0.3913579672035772,0.5557287931442261,290588,0.0,0.0
2009-08-04 00:00:00-04:00,0.5583376141698596,0.6000821577973352,0.5009386173772616,0.5531194806098938,138713,0.0,0.0
2009-08-05 00:00:00-04:00,0.6340003810750282,0.6366094218859327,0.589646739774881,0.6079095005989075,72900,0.0,0.0
2009-08-06 00:00:00-04:00,0.6235640451663658,0.6261731386184692,0.5557286651163494,0.6261731386184692,29025,0.0,0.0
2009-08-07 00:00:00-04:00,0.6131276354355852,0.6131276354355852,0.5635558599694066,0.5766013264656067,40838,0.0,0.0
2009-08-10 00:00:00-04:00,0.5922558827514394,0.6392185688018799,0.5739922806317115,0.6392185688018799,25313,0.0,0.0
2009-08-11 00:00:00-04:00,0.6392185544414165,0.6392185544414165,0.5739922677365994,0.5870376825332642,38475,0.0,0.0
2009-08-12 00:00:00-04:00,0.5713831742802197,0.6131276723628533,0.5218113958284469,0.5870376825332642,29025,0.0,0.0
2009-08-13 00:00:00-04:00,0.566165080882544,0.5870377794959505,0.42005792260169983,0.42005792260169983,39488,0.0,0.0
2009-08-14 00:00:00-04:00,0.6105186303910821,0.6287822320705727,0.5348559174995217,0.6261731386184692,246713,0.0,0.0
2009-08-17 00:00:00-04:00,0.5922560194414991,0.6235642041129963,0.5348560538344284,0.6131278276443481,49950,0.0,0.0
2009-08-18 00:00:00-04:00,0.6026913500347717,0.6261731386184692,0.553119571664246,0.6261731386184692,42863,0.0,0.0
2009-08-19 00:00:00-04:00,0.6235640063804817,0.6235640063804817,0.5609467646442513,0.5687740445137024,48263,0.0,0.0
2009-08-20 00:00:00-04:00,0.5739922732233648,0.6522640279582766,0.5426832039327601,0.5792104601860046,154913,0.0,0.0
2009-08-21 00:00:00-04:00,0.5505104046575416,0.652263933504213,0.5348558460365521,0.5661649107933044,63450,0.0,0.0
2009-08-24 00:00:00-04:00,0.6340004986143587,0.6757450018722839,0.5739923388975313,0.6157368421554565,77625,0.0,0.0
2009-08-25 00:00:00-04:00,0.6157367717050322,0.6157367717050322,0.5792104601860046,0.5792104601860046,36450,0.0,0.0
2009-08-26 00:00:00-04:00,0.6000823395131782,0.6757450103759766,0.6000823395131782,0.6757450103759766,67500,0.0,0.0
2009-08-27 00:00:00-04:00,0.6757450103759766,0.6757450103759766,0.6131277560913196,0.6757450103759766,24975,0.0,0.0
2009-08-28 00:00:00-04:00,0.6574822340476645,0.7514076076686522,0.6574822340476645,0.722708523273468,335813,0.0,0.0
2009-08-31 00:00:00-04:00,0.7096630291869854,0.7096630291869854,0.6809630557290162,0.694008469581604,16538,0.0,0.0
2009-09-01 00:00:00-04:00,0.6574822164244615,0.8088075392776994,0.6574822164244615,0.7253175973892212,72563,0.0,0.0
2009-09-02 00:00:00-04:00,0.7409712266754392,0.7827166707246417,0.7409712266754392,0.7774984836578369,41850,0.0,0.0
2009-09-03 00:00:00-04:00,0.8061983171627551,0.9653499503512436,0.7827165320088929,0.8270701169967651,145800,0.0,0.0
2009-09-04 00:00:00-04:00,0.8348974971456232,0.8844692742685482,0.8348974971456232,0.8609883785247803,30713,0.0,0.0
2009-09-08 00:00:00-04:00,0.8896873786995623,1.043621722358085,0.8766428052236122,1.004486322402954,96525,0.0,0.0
2009-09-09 00:00:00-04:00,1.035794457891888,1.2184287670447576,1.017531698787489,1.1036298274993896,175163,0.0,0.0
2009-09-10 00:00:00-04:00,1.166247302682271,1.3045271045998812,1.1062391501341569,1.1740745306015015,169425,0.0,0.0
2009-09-11 00:00:00-04:00,1.174074342642579,1.174074342642579,1.0905852544959147,1.1036298274993896,94838,0.0,0.0
2009-09-14 00:00:00-04:00,1.11928465829133,1.11928465829133,0.9601320953617992,1.054058313369751,158963,0.0,0.0
2009-09-15 00:00:00-04:00,1.054058267031407,1.093193673376078,0.9836138428058825,0.9914410710334778,74925,0.0,0.0
2009-09-16 00:00:00-04:00,0.9836138037844795,0.9914410317015572,0.8949056755962942,0.9575228691101074,58725,0.0,0.0
2009-09-17 00:00:00-04:00,0.9183874786999234,0.9183874786999234,0.8635975122451782,0.8635975122451782,63450,0.0,0.0
2009-09-18 00:00:00-04:00,0.8662065863609314,0.9001239110155645,0.8662065863609314,0.8662065863609314,25988,0.0,0.0
2009-09-21 00:00:00-04:00,0.8662066379081478,0.8949057770546945,0.8088076248216949,0.8375067114830017,29025,0.0,0.0
2009-09-22 00:00:00-04:00,0.837506666432542,0.8922965828085427,0.7827166975713042,0.8505520820617676,175163,0.0,0.0
2009-09-23 00:00:00-04:00,0.8583793912650409,0.8975147996807602,0.832288506660108,0.8922966122627258,73913,0.0,0.0
2009-09-24 00:00:00-04:00,0.9731773251265401,0.9731773251265401,0.8975146199373915,0.9392600059509277,51638,0.0,0.0
2009-09-25 00:00:00-04:00,0.9131693589984502,0.9340420036329912,0.8922966093934317,0.9314329624176025,6075,0.0,0.0
2009-09-28 00:00:00-04:00,0.9705681848547879,1.0253581448567763,0.8740337308558901,0.962740957736969,32400,0.0,0.0
2009-09-29 00:00:00-04:00,0.9496964246669546,0.9523046257308222,0.8662064883622077,0.871424674987793,53325,0.0,0.0
2009-09-30 00:00:00-04:00,0.9183874849203518,0.9209965259610842,0.9131692978684168,0.9157783389091492,6413,0.0,0.0
2009-10-01 00:00:00-04:00,0.9340419411056864,1.030576459612782,0.8844693215680096,0.9157783389091492,23963,0.0,0.0
2009-10-02 00:00:00-04:00,0.8609882744346665,0.8609882744346665,0.8270701169967651,0.8270701169967651,17888,0.0,0.0
2009-10-05 00:00:00-04:00,0.821852219895491,0.8427249193191528,0.8009804127209853,0.8427249193191528,146813,0.0,0.0
2009-10-06 00:00:00-04:00,0.8009803089787706,0.8088075899308285,0.7774985186078347,0.7957621216773987,52650,0.0,0.0
2009-10-07 00:00:00-04:00,0.7592349648475647,0.8009803609992622,0.7592349648475647,0.7592349648475647,50625,0.0,0.0
2009-10-08 00:00:00-04:00,0.7227084986869288,0.8427247513119362,0.7227084986869288,0.7801075577735901,78638,0.0,0.0
2009-10-09 00:00:00-04:00,0.7879348577914463,0.8453338658215918,0.7774984836578369,0.7774984836578369,19238,0.0,0.0
2009-10-12 00:00:00-04:00,0.8061984146289775,0.8792519797446205,0.8061984146289775,0.8609883785247803,65475,0.0,0.0
2009-10-13 00:00:00-04:00,0.834897563836839,0.834897563836839,0.7644530864805639,0.7670621275901794,10125,0.0,0.0
2009-10-14 00:00:00-04:00,0.7957621428646867,0.8296794164923783,0.7957621428646867,0.8088076114654541,13163,0.0,0.0
2009-10-15 00:00:00-04:00,0.8453337833218062,0.8453337833218062,0.7644529938697815,0.7644529938697815,61088,0.0,0.0
2009-10-16 00:00:00-04:00,0.7853256854188653,0.7879347786903397,0.7331448172087488,0.7566257119178772,18225,0.0,0.0
2009-10-19 00:00:00-04:00,0.8035893900972874,0.8035893900972874,0.7331449123321191,0.7357539534568787,36788,0.0,0.0
2009-10-20 00:00:00-04:00,0.7331449123321191,0.7644530909178135,0.7331449123321191,0.7357539534568787,5738,0.0,0.0
2009-10-21 00:00:00-04:00,0.7331449640336103,0.7487985820632211,0.707054078578949,0.707054078578949,21263,0.0,0.0
2009-10-22 00:00:00-04:00,0.6966176414072974,0.7305358052253723,0.6809631325217744,0.7305358052253723,73238,0.0,0.0
2009-10-23 00:00:00-04:00,0.7461894005532935,0.7748893764282101,0.7096630889507368,0.7253175973892212,18900,0.0,0.0
2009-10-26 00:00:00-04:00,0.6809630797589576,0.6835721731185913,0.6809630797589576,0.6835721731185913,1350,0.0,0.0
2009-10-27 00:00:00-04:00,0.6835722451433774,0.6835722451433774,0.5896468162536621,0.5896468162536621,66825,0.0,0.0
2009-10-28 00:00:00-04:00,0.5713831853149058,0.5713831853149058,0.4983296168301219,0.5322468876838684,49950,0.0,0.0
2009-10-29 00:00:00-04:00,0.49832976884339214,0.5452924690715015,0.49832976884339214,0.519202470779419,27000,0.0,0.0
2009-10-30 00:00:00-04:00,0.5739923005797632,0.5948649969398783,0.5218114256858826,0.5218114256858826,14175,0.0,0.0
2009-11-02 00:00:00-05:00,0.4435396970524813,0.5739923391857793,0.4435396970524813,0.49832966923713684,42525,0.0,0.0
2009-11-03 00:00:00-05:00,0.4696296956330275,0.4748478832564834,0.4435397022500845,0.45136693120002747,24300,0.0,0.0
2009-11-04 00:00:00-05:00,0.534855988765623,0.5479014577643648,0.4565851167270781,0.5087659955024719,42188,0.0,0.0
2009-11-05 00:00:00-05:00,0.5218115650820786,0.5479015633741612,0.5139842821740995,0.519202470779419,33750,0.0,0.0
2009-11-06 00:00:00-05:00,0.5218114256858826,0.5452923234026412,0.47484784575431455,0.5218114256858826,19238,0.0,0.0
2009-11-09 00:00:00-05:00,0.5713832069740943,0.5713832069740943,0.4722387521486456,0.5218114256858826,21263,0.0,0.0
2009-11-10 00:00:00-05:00,0.5635559249127334,0.5713832057124575,0.5139841437339783,0.5139841437339783,15863,0.0,0.0
2009-11-11 00:00:00-05:00,0.5270295667968182,0.5348559021949768,0.49572049875269836,0.5348559021949768,15863,0.0,0.0
2009-11-12 00:00:00-05:00,0.5739922806317115,0.6548731298918481,0.5452923044520047,0.6392185688018799,46913,0.0,0.0
2009-11-13 00:00:00-05:00,0.6392185182524223,0.6392185182524223,0.5296377539634705,0.5296377539634705,675,0.0,0.0
2009-11-16 00:00:00-05:00,0.5400741115235347,0.5479013919830322,0.5400741115235347,0.5479013919830322,3375,0.0,0.0
2009-11-17 00:00:00-05:00,0.5322468630873373,0.5426831841468811,0.5296377697011432,0.5426831841468811,3038,0.0,0.0
2009-11-18 00:00:00-05:00,0.6496550768686248,0.6496550768686248,0.5557287931442261,0.5557287931442261,3375,0.0,0.0
2009-11-19 00:00:00-05:00,0.5557286318955854,0.6105185938950426,0.54790135200718,0.6079095005989075,40163,0.0,0.0
2009-11-20 00:00:00-05:00,0.6079096918952711,0.6444369045650455,0.6079096918952711,0.6131278276443481,22950,0.0,0.0
2009-11-23 00:00:00-05:00,0.6418274257643662,0.6444365183177514,0.626172922929271,0.6313911080360413,19575,0.0,0.0
2009-11-24 00:00:00-05:00,0.6131278276443481,0.6131278276443481,0.6131278276443481,0.6131278276443481,12825,0.0,0.0
2009-11-25 00:00:00-05:00,0.6183458212982174,0.6183458212982174,0.6000822207105021,0.6079095005989075,12150,0.0,0.0
2009-11-27 00:00:00-05:00,0.641827654032997,0.641827654032997,0.5766013667046848,0.5792104601860046,11138,0.0,0.0
2009-11-30 00:00:00-05:00,0.5818196287055568,0.5818196287055568,0.5557287931442261,0.5557287931442261,3713,0.0,0.0
2009-12-01 00:00:00-05:00,0.5426832386466309,0.5609468416989057,0.5426832386466309,0.5583377480506897,21263,0.0,0.0
2009-12-02 00:00:00-05:00,0.5426832010285719,0.563555896282196,0.5218113980239258,0.563555896282196,20925,0.0,0.0
2009-12-03 00:00:00-05:00,0.5792104449519007,0.5792104449519007,0.524420480504692,0.5270295739173889,10463,0.0,0.0
2009-12-04 00:00:00-05:00,0.5609469287653447,0.5609469287653447,0.5270297032936457,0.5557287931442261,10800,0.0,0.0
2009-12-07 00:00:00-05:00,0.5922558762830498,0.5922558762830498,0.5479013919830322,0.5479013919830322,1350,0.0,0.0
2009-12-08 00:00:00-05:00,0.5400741775500005,0.6000823378562927,0.5400741775500005,0.6000823378562927,21938,0.0,0.0
2009-12-09 00:00:00-05:00,0.5713830792828366,0.5713830792828366,0.5531194806098938,0.5531194806098938,10800,0.0,0.0
2009-12-10 00:00:00-05:00,0.5426833271486503,0.6000823995506585,0.5400742330749373,0.5922560095787048,21938,0.0,0.0
2009-12-11 00:00:00-05:00,0.5479013904689961,0.5479013904689961,0.5400741100311279,0.5400741100311279,4050,0.0,0.0
2009-12-14 00:00:00-05:00,0.5687741196625666,0.6444367853595259,0.5687741196625666,0.5896468162536621,66825,0.0,0.0
2009-12-15 00:00:00-05:00,0.641827733773371,0.641827733773371,0.6000823378562927,0.6000823378562927,30375,0.0,0.0
2009-12-16 00:00:00-05:00,0.6235641571670382,0.6444368560476551,0.6235641571670382,0.6418277621269226,12825,0.0,0.0
2009-12-17 00:00:00-05:00,0.6000823378562927,0.6000823378562927,0.6000823378562927,0.6000823378562927,6750,0.0,0.0
2009-12-18 00:00:00-05:00,0.6053004080230958,0.6053004080230958,0.5766013264656067,0.5766013264656067,24300,0.0,0.0
2009-12-21 00:00:00-05:00,0.5766014035882021,0.5766014035882021,0.5557287068877113,0.5583377480506897,25650,0.0,0.0
2009-12-22 00:00:00-05:00,0.5505104046575416,0.5870376031360637,0.5505104046575416,0.5661649107933044,24638,0.0,0.0
2009-12-23 00:00:00-05:00,0.5870378168119212,0.5870378168119212,0.5531196990910439,0.5557287931442261,38813,0.0,0.0
2009-12-24 00:00:00-05:00,0.5609467625617981,0.5609467625617981,0.5609467625617981,0.5609467625617981,10125,0.0,0.0
2009-12-28 00:00:00-05:00,0.560946707192455,0.587037584933184,0.5531194806098938,0.5531194806098938,15188,0.0,0.0
2009-12-29 00:00:00-05:00,0.5739922522959774,0.5739922522959774,0.5426831841468811,0.5426831841468811,35438,0.0,0.0
2009-12-30 00:00:00-05:00,0.5452921986579895,0.5557285706931718,0.5452921986579895,0.5452921986579895,19575,0.0,0.0
2009-12-31 00:00:00-05:00,0.5739923222034748,0.6366095213937396,0.5739923222034748,0.6340004801750183,17550,0.0,0.0
2010-01-04 00:00:00-05:00,0.6418276668450921,0.7774984836578369,0.6418276668450921,0.7774984836578369,70875,0.0,0.0
2010-01-05 00:00:00-05:00,0.7774984415372902,0.8401156857272212,0.7566257468860733,0.7983711361885071,113400,0.0,0.0
2010-01-06 00:00:00-05:00,0.7670621877483047,0.7827167505451523,0.7200994965773349,0.7748894691467285,49275,0.0,0.0
2010-01-07 00:00:00-05:00,0.7748893500300639,0.7827166302252714,0.7331448528750436,0.7435802817344666,31050,0.0,0.0
2010-01-08 00:00:00-05:00,0.7148811436107829,0.7148811436107829,0.6392184906332552,0.6731357574462891,50288,0.0,0.0
2010-01-11 00:00:00-05:00,0.6731358735904395,0.7148812669577632,0.6653094849011413,0.704444944858551,41513,0.0,0.0
2010-01-12 00:00:00-05:00,0.6887903829818764,0.7174903606038756,0.6887903829818764,0.704444944858551,43200,0.0,0.0
2010-01-13 00:00:00-05:00,0.7018358273009375,0.8218520840088973,0.7018358273009375,0.722708523273468,68850,0.0,0.0
2010-01-14 00:00:00-05:00,0.7461894205542106,0.7461894205542106,0.722708523273468,0.722708523273468,11813,0.0,0.0
2010-01-15 00:00:00-05:00,0.7044449847849588,0.707054078578949,0.6966177034029882,0.707054078578949,17550,0.0,0.0
2010-01-19 00:00:00-05:00,0.7018357884133737,0.7801075410883724,0.6809630935973648,0.6887903213500977,46575,0.0,0.0
2010-01-20 00:00:00-05:00,0.6940085744309444,0.6940085744309444,0.6809631586074829,0.6809631586074829,42863,0.0,0.0
2010-01-21 00:00:00-05:00,0.6861812680016575,0.6966175889781308,0.6522639989852905,0.6522639989852905,29700,0.0,0.0
2010-01-22 00:00:00-05:00,0.6444367920774067,0.7566258250931818,0.6392186047539269,0.6809631586074829,24300,0.0,0.0
2010-01-25 00:00:00-05:00,0.7305357027863895,0.7305357027863895,0.6731357574462891,0.6731357574462891,18563,0.0,0.0
2010-01-26 00:00:00-05:00,0.727926695122356,0.7487984984081694,0.6809631170477397,0.7096630930900574,17888,0.0,0.0
2010-01-27 00:00:00-05:00,0.7096630930900574,0.7096630930900574,0.7096630930900574,0.7096630930900574,0,0.0,0.0
2010-01-28 00:00:00-05:00,0.7279266295747004,0.7305357228422641,0.6653093883725444,0.694008469581604,26663,0.0,0.0
2010-01-29 00:00:00-05:00,0.6705266833305359,0.691399377006726,0.6705266833305359,0.6705266833305359,5063,0.0,0.0
2010-02-01 00:00:00-05:00,0.6913995207667943,0.6940086145794708,0.6679186211870433,0.6757450103759766,13838,0.0,0.0
2010-02-02 00:00:00-05:00,0.7279267124919302,0.7409712355814939,0.6913994550704956,0.6913994550704956,20588,0.0,0.0
2010-02-03 00:00:00-05:00,0.7487986087799072,0.7540167965540694,0.6809632174206476,0.7487986087799072,39488,0.0,0.0
2010-02-04 00:00:00-05:00,0.6992267176410178,0.743580309872859,0.6705267416577653,0.7018358111381531,15188,0.0,0.0
2010-02-05 00:00:00-05:00,0.6809631183947508,0.7122721355162708,0.6757449313794192,0.678354024887085,29363,0.0,0.0
2010-02-08 00:00:00-05:00,0.6705268036232717,0.6783540848380211,0.6392186234985838,0.6627004146575928,10125,0.0,0.0
2010-02-09 00:00:00-05:00,0.639218580994735,0.7018358293295444,0.639218580994735,0.6913994550704956,10125,0.0,0.0
2010-02-10 00:00:00-05:00,0.6913994550704956,0.6913994550704956,0.6913994550704956,0.6913994550704956,0,0.0,0.0
2010-02-11 00:00:00-05:00,0.6522640691558167,0.704444944858551,0.6392186009252545,0.704444944858551,21263,0.0,0.0
2010-02-12 00:00:00-05:00,0.704444944858551,0.704444944858551,0.704444944858551,0.704444944858551,0,0.0,0.0
2010-02-16 00:00:00-05:00,0.7200993497720097,0.7279266295747004,0.694008469581604,0.694008469581604,7088,0.0,0.0
2010-02-17 00:00:00-05:00,0.7018358552972325,0.7018358552972325,0.665309488773346,0.665309488773346,3713,0.0,0.0
2010-02-18 00:00:00-05:00,0.665309488773346,0.665309488773346,0.665309488773346,0.665309488773346,0,0.0,0.0
2010-02-19 00:00:00-05:00,0.6705267039001209,0.6705267039001209,0.6340003942164975,0.6366094350814819,27000,0.0,0.0
2010-02-22 00:00:00-05:00,0.6653095553122025,0.6653095553122025,0.6444368564195405,0.6574823260307312,21263,0.0,0.0
2010-02-23 00:00:00-05:00,0.7148811858833303,0.7174902792335464,0.6340003942164975,0.6366094350814819,14175,0.0,0.0
2010-02-24 00:00:00-05:00,0.6522641107962255,0.6757450103759766,0.6392186417328433,0.6757450103759766,40500,0.0,0.0
2010-02-25 00:00:00-05:00,0.6705268040052179,0.686181366443634,0.6444368113421685,0.686181366443634,28350,0.0,0.0
2010-02-26 00:00:00-05:00,0.6913994550704956,0.6913994550704956,0.6366094874299729,0.6913994550704956,19238,0.0,0.0
2010-03-01 00:00:00-05:00,0.6731357792182258,0.6731357792182258,0.6470457911491394,0.6470457911491394,12150,0.0,0.0
2010-03-02 00:00:00-05:00,0.6966175437244704,0.7044448233122736,0.6522639566129274,0.6731357574462891,19238,0.0,0.0
2010-03-03 00:00:00-05:00,0.6887903464325134,0.6913994399401792,0.6522640345446535,0.678354024887085,7763,0.0,0.0
2010-03-04 00:00:00-05:00,0.6653094495977477,0.6809631183947508,0.6653094495977477,0.678354024887085,1688,0.0,0.0
2010-03-05 00:00:00-05:00,0.7044450175550363,0.7174904346466064,0.6783541308866531,0.7174904346466064,25313,0.0,0.0
2010-03-08 00:00:00-05:00,0.7174903863499873,0.7174903863499873,0.662700415035081,0.686181366443634,33075,0.0,0.0
2010-03-09 00:00:00-05:00,0.6783540397319207,0.6913994550704956,0.6783540397319207,0.6913994550704956,4725,0.0,0.0
2010-03-10 00:00:00-05:00,0.6835721832758614,0.7435802817344666,0.6835721832758614,0.7435802817344666,84713,0.0,0.0
2010-03-11 00:00:00-05:00,0.7305358074701566,0.8218520879745483,0.7305358074701566,0.8218520879745483,112050,0.0,0.0
2010-03-12 00:00:00-05:00,0.8218521304667809,0.8218521304667809,0.7331449389457703,0.7331449389457703,58725,0.0,0.0
2010-03-15 00:00:00-04:00,0.7696711632332589,0.8192429405834867,0.7331448528750436,0.7435802817344666,78638,0.0,0.0
2010-03-16 00:00:00-04:00,0.7644529487324402,0.8218519477716281,0.7644529487324402,0.7696710824966431,5738,0.0,0.0
2010-03-17 00:00:00-04:00,0.7644529938697815,0.7644529938697815,0.7644529938697815,0.7644529938697815,5738,0.0,0.0
2010-03-18 00:00:00-04:00,0.8322884299233325,0.8322884299233325,0.7696711838997523,0.7801075577735901,72563,0.0,0.0
2010-03-19 00:00:00-04:00,0.8401157403817202,0.8453338750200706,0.7305358052253723,0.7305358052253723,35100,0.0,0.0
2010-03-22 00:00:00-04:00,0.7435803903830102,0.814024925213489,0.7200994911006537,0.7905439734458923,15188,0.0,0.0
2010-03-23 00:00:00-04:00,0.8244610408963431,0.8348974133952031,0.7461892968594351,0.7696710824966431,49275,0.0,0.0
2010-03-24 00:00:00-04:00,0.7618439951581485,0.8218520983140081,0.754016714350245,0.782716691493988,65138,0.0,0.0
2010-03-25 00:00:00-04:00,0.8009803303049937,0.8140249066566966,0.7774985393088516,0.8088076114654541,28688,0.0,0.0
2010-03-26 00:00:00-04:00,0.8009803089787706,0.8088075899308285,0.7827167059092066,0.7957621216773987,11138,0.0,0.0
2010-03-29 00:00:00-04:00,0.7644529938697815,0.8035892880808658,0.7644529938697815,0.7644529938697815,12825,0.0,0.0
2010-03-30 00:00:00-04:00,0.7801074535471935,0.8009801460209351,0.727926588369085,0.7383629083633423,19913,0.0,0.0
2010-03-31 00:00:00-04:00,0.7487984321034541,0.7566257119178772,0.6940084706218632,0.7566257119178772,47250,0.0,0.0
2010-04-01 00:00:00-04:00,0.7566256693582952,0.808807426882141,0.7305356828452331,0.7696710824966431,61088,0.0,0.0
2010-04-05 00:00:00-04:00,0.7722801756213581,0.7827165481202181,0.767061989371928,0.7696710824966431,32400,0.0,0.0
2010-04-06 00:00:00-04:00,0.7983711361885071,0.8035893229726194,0.7618439336701857,0.7983711361885071,15863,0.0,0.0
2010-04-07 00:00:00-04:00,0.7644530307088819,0.7696711650326536,0.7487984702818686,0.7514075636863708,31725,0.0,0.0
2010-04-08 00:00:00-04:00,0.7487983893681436,0.772280174986034,0.7200993097539761,0.746189296245575,29025,0.0,0.0
2010-04-09 00:00:00-04:00,0.746189296245575,0.746189296245575,0.746189296245575,0.746189296245575,0,0.0,0.0
2010-04-12 00:00:00-04:00,0.7566258056960077,0.7931530110534638,0.7566258056960077,0.7670621275901794,66150,0.0,0.0
2010-04-13 00:00:00-04:00,0.8114157763887068,0.8114157763887068,0.7566258079528795,0.782716691493988,50625,0.0,0.0
2010-04-14 00:00:00-04:00,0.7644530887607831,0.7957621070219238,0.748798527144976,0.782716691493988,8438,0.0,0.0
2010-04-15 00:00:00-04:00,0.8009803089787706,0.8035894026294566,0.7827167059092066,0.7957621216773987,25988,0.0,0.0
2010-04-16 00:00:00-04:00,0.8244611815443587,0.8348975558236,0.7827166816468782,0.8218520879745483,42525,0.0,0.0
2010-04-19 00:00:00-04:00,0.8218521553169686,0.8453339468841196,0.7853258395661491,0.8061985373497009,123188,0.0,0.0
2010-04-20 00:00:00-04:00,0.8061985373497009,0.8061985373497009,0.8061985373497009,0.8061985373497009,0,0.0,0.0
2010-04-21 00:00:00-04:00,0.8479429884388751,0.913169331791683,0.8114157826888538,0.8505520820617676,85725,0.0,0.0
2010-04-22 00:00:00-04:00,0.8557702601921087,0.8975147604942322,0.8531611665970076,0.8975147604942322,9788,0.0,0.0
2010-04-23 00:00:00-04:00,0.9079509001383386,0.9131690859794617,0.8531609460257825,0.9131690859794617,25650,0.0,0.0
2010-04-26 00:00:00-04:00,0.9131692830460596,0.9627410620153356,0.8870783482098867,0.9418692588806152,114413,0.0,0.0
2010-04-27 00:00:00-04:00,0.9418692457365622,0.9627410485800106,0.8688156264342146,0.9053420424461365,38138,0.0,0.0
2010-04-28 00:00:00-04:00,0.8870784909382814,0.8870784909382814,0.8531612674135246,0.8844694495201111,8438,0.0,0.0
2010-04-29 00:00:00-04:00,0.8244612426668081,0.8453339402874779,0.6992267889557074,0.8375067114830017,141413,0.0,0.0
2010-04-30 00:00:00-04:00,0.8479429884388751,0.913169331791683,0.8453338948159825,0.8505520820617676,27000,0.0,0.0
2010-05-03 00:00:00-04:00,0.9001238802772116,0.9001238802772116,0.7409712225499552,0.7931529879570007,187650,0.0,0.0
2010-05-04 00:00:00-04:00,0.7644531464340708,0.7905439794583354,0.743580396038274,0.7748894691467285,38138,0.0,0.0
2010-05-05 00:00:00-04:00,0.7879348366010934,0.7879348366010934,0.7435803002113389,0.7722802758216858,4050,0.0,0.0
2010-05-06 00:00:00-04:00,0.740971297730206,0.8061985373497009,0.740971297730206,0.8061985373497009,39825,0.0,0.0
2010-05-07 00:00:00-04:00,0.774889475283141,0.7801076629234134,0.7305358775604059,0.7592349648475647,12825,0.0,0.0
2010-05-10 00:00:00-04:00,0.8061984393057501,0.8061984393057501,0.6913994289784554,0.7409712076187134,28350,0.0,0.0
2010-05-11 00:00:00-04:00,0.7487986087799072,0.7774985890525569,0.7487986087799072,0.7487986087799072,15525,0.0,0.0
2010-05-12 00:00:00-04:00,0.7305358166607953,0.8714247717935906,0.7305358166607953,0.782716691493988,85388,0.0,0.0
2010-05-13 00:00:00-04:00,0.7957621216773987,0.7983712153280846,0.7827167059092066,0.7957621216773987,113063,0.0,0.0
2010-05-14 00:00:00-04:00,0.7827165921473909,0.8114156733994681,0.7566257119178772,0.7566257119178772,18563,0.0,0.0
2010-05-17 00:00:00-04:00,0.7774985393088516,0.8296794164923783,0.7774985393088516,0.8088076114654541,13163,0.0,0.0
2010-05-18 00:00:00-04:00,0.785325820469312,0.8088076114654541,0.785325820469312,0.8088076114654541,11475,0.0,0.0
2010-05-19 00:00:00-04:00,0.8244611654492795,0.8244611654492795,0.7383630212800749,0.7931529879570007,25988,0.0,0.0
2010-05-20 00:00:00-04:00,0.7827167853110549,0.7827167853110549,0.7174904346466064,0.7174904346466064,12825,0.0,0.0
2010-05-21 00:00:00-04:00,0.7514076376423698,0.7566258249649654,0.665309488773346,0.665309488773346,57375,0.0,0.0
2010-05-24 00:00:00-04:00,0.7018358451960621,0.7200994480770497,0.6835722423150745,0.7122721672058105,40838,0.0,0.0
2010-05-25 00:00:00-04:00,0.6679186021340925,0.7122721984647898,0.6261732072925742,0.6627004146575928,22613,0.0,0.0
2010-05-26 00:00:00-04:00,0.6809632603085469,0.6940086780803264,0.6574823585803251,0.6600914001464844,14850,0.0,0.0
2010-05-27 00:00:00-04:00,0.6600912265963376,0.7096630558052623,0.6522639989852905,0.6522639989852905,5063,0.0,0.0
2010-05-28 00:00:00-04:00,0.6418276255235853,0.6522639989852905,0.6418276255235853,0.6522639989852905,3713,0.0,0.0
2010-06-01 00:00:00-04:00,0.756625748726479,0.7983711381304538,0.6731358096822515,0.7435802817344666,67163,0.0,0.0
2010-06-02 00:00:00-04:00,0.7435803070660071,0.7435803070660071,0.6992267150015911,0.7253175973892212,17213,0.0,0.0
2010-06-03 00:00:00-04:00,0.7487983893681436,0.7487983893681436,0.6913993378909485,0.746189296245575,18225,0.0,0.0
2010-06-04 00:00:00-04:00,0.7461894227110183,0.7461894227110183,0.6913994550704956,0.6913994550704956,8775,0.0,0.0
2010-06-07 00:00:00-04:00,0.7461894033699942,0.7827166598446523,0.6548731254091769,0.7018358111381531,27000,0.0,0.0
2010-06-08 00:00:00-04:00,0.6627001137062317,0.6627001137062317,0.6313911080360413,0.6313911080360413,38138,0.0,0.0
2010-06-09 00:00:00-04:00,0.6522639989852905,0.6522639989852905,0.6522639989852905,0.6522639989852905,3713,0.0,0.0
2010-06-10 00:00:00-04:00,0.6522640206542702,0.6548731141063737,0.6105186303910821,0.6261731386184692,17213,0.0,0.0
2010-06-11 00:00:00-04:00,0.6496548883666085,0.6496548883666085,0.5766013257794359,0.6079095005989075,40500,0.0,0.0
2010-06-14 00:00:00-04:00,0.6000823319616378,0.6157368421554565,0.6000823319616378,0.6157368421554565,28350,0.0,0.0
2010-06-15 00:00:00-04:00,0.6235641296203044,0.636609546162426,0.5739923445359022,0.6000823378562927,51300,0.0,0.0
2010-06-16 00:00:00-04:00,0.6105186313917073,0.6105186313917073,0.5739922677365994,0.5870376825332642,33413,0.0,0.0
2010-06-17 00:00:00-04:00,0.6757448945399522,0.6757448945399522,0.6000822366472283,0.6522639989852905,58050,0.0,0.0
2010-06-18 00:00:00-04:00,0.6340003979125384,0.6522639989852905,0.6000822366472283,0.6522639989852905,13838,0.0,0.0
2010-06-21 00:00:00-04:00,0.6131277205178665,0.6731358775081949,0.5818195413165754,0.665309488773346,18563,0.0,0.0
2010-06-22 00:00:00-04:00,0.652264138186255,0.6627004613899643,0.5896468812721594,0.6574823260307312,15525,0.0,0.0
2010-06-23 00:00:00-04:00,0.6026913300126545,0.6522639989852905,0.6000822366472283,0.6522639989852905,9113,0.0,0.0
2010-06-24 00:00:00-04:00,0.6000821993715894,0.6496548652648926,0.6000821993715894,0.6496548652648926,2700,0.0,0.0
2010-06-25 00:00:00-04:00,0.6183459626704585,0.6496550368970332,0.6026914517997924,0.6053005456924438,16875,0.0,0.0
2010-06-28 00:00:00-04:00,0.6000822414800603,0.6235640294727784,0.5739922523498535,0.5739922523498535,16200,0.0,0.0
2010-06-29 00:00:00-04:00,0.5739923005797632,0.5739923005797632,0.5165932384745446,0.5218114256858826,38138,0.0,0.0
2010-06-30 00:00:00-04:00,0.5218113950292012,0.5218113950292012,0.47223872440438347,0.48267504572868347,99225,0.0,0.0
2010-07-01 00:00:00-04:00,0.48267499912428363,0.5218113446460145,0.48267499912428363,0.5165931582450867,47925,0.0,0.0
2010-07-02 00:00:00-04:00,0.5087659955024719,0.5139841831019687,0.5087659955024719,0.5087659955024719,20588,0.0,0.0
2010-07-06 00:00:00-04:00,0.5035477933477509,0.5035477933477509,0.48267504572868347,0.48267504572868347,45900,0.0,0.0
2010-07-07 00:00:00-04:00,0.5061568772851616,0.5087659709590444,0.4748478581690442,0.4931114614009857,52313,0.0,0.0
2010-07-08 00:00:00-04:00,0.5009387226586265,0.5687741057984431,0.48528416123296375,0.4957205355167389,5400,0.0,0.0
2010-07-09 00:00:00-04:00,0.4957205355167389,0.4957205355167389,0.4957205355167389,0.4957205355167389,0,0.0,0.0
2010-07-12 00:00:00-04:00,0.5218114645012136,0.524420558300962,0.49572057898897093,0.5087659955024719,6413,0.0,0.0
2010-07-13 00:00:00-04:00,0.49572048448294725,0.5009386710876291,0.4826750179712425,0.4905022978782654,7088,0.0,0.0
2010-07-14 00:00:00-04:00,0.5113751878714399,0.5218115650820786,0.4931115802380727,0.519202470779419,33413,0.0,0.0
2010-07-15 00:00:00-04:00,0.5218114187409406,0.5218114187409406,0.48267506766202,0.4957205355167389,17888,0.0,0.0
2010-07-16 00:00:00-04:00,0.4957205129906006,0.4957205129906006,0.4748478178567669,0.48267504572868347,18225,0.0,0.0
2010-07-19 00:00:00-04:00,0.4957205355167389,0.4957205355167389,0.4957205355167389,0.4957205355167389,4388,0.0,0.0
2010-07-20 00:00:00-04:00,0.4852842390537262,0.4852842390537262,0.4852842390537262,0.4852842390537262,1013,0.0,0.0
2010-07-21 00:00:00-04:00,0.48528411127358345,0.5426831667057015,0.48528411127358345,0.4905022978782654,12150,0.0,0.0
2010-07-22 00:00:00-04:00,0.4696296708212786,0.4931114614009857,0.4696296708212786,0.4931114614009857,5738,0.0,0.0
2010-07-23 00:00:00-04:00,0.48267504572868347,0.48267504572868347,0.48267504572868347,0.48267504572868347,338,0.0,0.0
2010-07-26 00:00:00-04:00,0.48267504572868347,0.48267504572868347,0.48267504572868347,0.48267504572868347,1688,0.0,0.0
2010-07-27 00:00:00-04:00,0.5192022514455507,0.5192022514455507,0.5165931582450867,0.5165931582450867,675,0.0,0.0
2010-07-28 00:00:00-04:00,0.5061567425727844,0.5061567425727844,0.5061567425727844,0.5061567425727844,675,0.0,0.0
2010-07-29 00:00:00-04:00,0.48528405122217577,0.5061567425727844,0.4826749582426967,0.5061567425727844,31725,0.0,0.0
2010-07-30 00:00:00-04:00,0.5479014170083103,0.5479014170083103,0.4722387521486456,0.5218114256858826,8775,0.0,0.0
2010-08-02 00:00:00-04:00,0.6392185081821387,0.7827165909741659,0.6366094149145751,0.694008469581604,470813,0.0,0.0
2010-08-03 00:00:00-04:00,0.714881307475679,0.7383630991363501,0.6992267971969784,0.707054078578949,61425,0.0,0.0
2010-08-04 00:00:00-04:00,0.6913994604193667,0.6913994604193667,0.6679185628890991,0.6679185628890991,30375,0.0,0.0
2010-08-05 00:00:00-04:00,0.7044448433576136,0.7200993504934486,0.6705266833305359,0.6705266833305359,7088,0.0,0.0
2010-08-06 00:00:00-04:00,0.7200993497720097,0.7200993497720097,0.6679184816401079,0.694008469581604,11138,0.0,0.0
2010-08-09 00:00:00-04:00,0.6731357766007134,0.6940084702769035,0.6705266833305359,0.6705266833305359,4050,0.0,0.0
2010-08-10 00:00:00-04:00,0.6653093924654406,0.6653093924654406,0.6131276317636138,0.6235640048980713,18225,0.0,0.0
2010-08-11 00:00:00-04:00,0.5844285495977473,0.5922558294381404,0.5609467625617981,0.5609467625617981,61088,0.0,0.0
2010-08-12 00:00:00-04:00,0.5661649721905366,0.6053004282529382,0.5609467854176587,0.5739922523498535,9788,0.0,0.0
2010-08-13 00:00:00-04:00,0.5505103875872984,0.5739921723054321,0.5505103875872984,0.5531194806098938,41850,0.0,0.0
2010-08-16 00:00:00-04:00,0.5452923383490621,0.5505105257034302,0.5452923383490621,0.5505105257034302,5738,0.0,0.0
2010-08-17 00:00:00-04:00,0.5609467853650071,0.5609467853650071,0.5270295685638994,0.5426831841468811,6075,0.0,0.0
2010-08-18 00:00:00-04:00,0.662700425222153,0.662700425222153,0.6157368421554565,0.6157368421554565,12488,0.0,0.0
2010-08-19 00:00:00-04:00,0.5948649529428488,0.5948649529428488,0.5270295739173889,0.5270295739173889,55688,0.0,0.0
2010-08-20 00:00:00-04:00,0.5609468416989057,0.5818195383993966,0.5035478311429052,0.5583377480506897,62100,0.0,0.0
2010-08-23 00:00:00-04:00,0.5844285958235522,0.5974740632560481,0.5479013919830322,0.5479013919830322,39825,0.0,0.0
2010-08-24 00:00:00-04:00,0.5296378142538642,0.5426832297969723,0.5165932384745446,0.5218114256858826,73913,0.0,0.0
2010-08-25 00:00:00-04:00,0.5687740873897914,0.5687740873897914,0.5165932148792609,0.5479013919830322,34088,0.0,0.0
2010-08-26 00:00:00-04:00,0.5479013919830322,0.5479013919830322,0.5479013919830322,0.5479013919830322,0,0.0,0.0
2010-08-27 00:00:00-04:00,0.5479013919830322,0.5479013919830322,0.5479013919830322,0.5479013919830322,0,0.0,0.0
2010-08-30 00:00:00-04:00,0.5479013319165389,0.5479013319165389,0.5165931582450867,0.5165931582450867,20925,0.0,0.0
2010-08-31 00:00:00-04:00,0.5609468069302939,0.5609468069302939,0.5218114018522593,0.5479013919830322,7425,0.0,0.0
2010-09-01 00:00:00-04:00,0.5609468416989057,0.5609468416989057,0.5400741449984149,0.5583377480506897,9113,0.0,0.0
2010-09-02 00:00:00-04:00,0.5531195352066351,0.5609467625617981,0.545292255366242,0.5609467625617981,5063,0.0,0.0
2010-09-03 00:00:00-04:00,0.5557286492145448,0.5557286492145448,0.5348559021949768,0.5348559021949768,45900,0.0,0.0
2010-09-07 00:00:00-04:00,0.5479013319165389,0.5479013319165389,0.5165931582450867,0.5165931582450867,56363,0.0,0.0
2010-09-08 00:00:00-04:00,0.5165933764767593,0.5635560767048686,0.5165933764767593,0.519202470779419,71550,0.0,0.0
2010-09-09 00:00:00-04:00,0.5348559021949768,0.5348559021949768,0.5348559021949768,0.5348559021949768,338,0.0,0.0
2010-09-10 00:00:00-04:00,0.5505105257034302,0.5531196193806142,0.5479014320262462,0.5505105257034302,10463,0.0,0.0
2010-09-13 00:00:00-04:00,0.5192023140362869,0.6392185688018799,0.5113750334913028,0.6392185688018799,74588,0.0,0.0
2010-09-14 00:00:00-04:00,0.6313913325929515,0.6313913325929515,0.5479013908953999,0.5792104601860046,25650,0.0,0.0
2010-09-15 00:00:00-04:00,0.5766013611929791,0.6053004444789478,0.5635558939110805,0.5870376825332642,9113,0.0,0.0
2010-09-16 00:00:00-04:00,0.5844284919105887,0.587037584933184,0.5296376958917601,0.5531194806098938,17888,0.0,0.0
2010-09-17 00:00:00-04:00,0.5974740196632864,0.6079095005989075,0.5635558592987603,0.6079095005989075,47925,0.0,0.0
2010-09-20 00:00:00-04:00,0.6313913008662815,0.6392185284316979,0.6079095131995688,0.6366094350814819,32400,0.0,0.0
2010-09-21 00:00:00-04:00,0.6366095674337761,0.6366095674337761,0.6053005456924438,0.6053005456924438,20588,0.0,0.0
2010-09-22 00:00:00-04:00,0.6053004080230958,0.6522639824389549,0.5766013264656067,0.5766013264656067,8438,0.0,0.0
2010-09-23 00:00:00-04:00,0.5661649107933044,0.5739921901037992,0.5479013115540433,0.5661649107933044,10800,0.0,0.0
2010-09-24 00:00:00-04:00,0.5766013437488807,0.6000822394117152,0.47484780421836253,0.5348559021949768,177525,0.0,0.0
2010-09-27 00:00:00-04:00,0.545292255366242,0.5739922289624533,0.542683162086111,0.5609467625617981,28688,0.0,0.0
2010-09-28 00:00:00-04:00,0.5557286724425299,0.5557286724425299,0.5244204953387585,0.5479013919830322,14175,0.0,0.0
2010-09-29 00:00:00-04:00,0.542683162086111,0.5713831356823222,0.542683162086111,0.5609467625617981,24975,0.0,0.0
2010-09-30 00:00:00-04:00,0.5609469287653447,0.5609469287653447,0.5557287931442261,0.5557287931442261,57713,0.0,0.0
2010-10-01 00:00:00-04:00,0.5687740445137024,0.5687740445137024,0.5635558579340684,0.5687740445137024,5063,0.0,0.0
2010-10-04 00:00:00-04:00,0.5270295667968182,0.5348559021949768,0.5244204734193723,0.5348559021949768,3375,0.0,0.0
2010-10-05 00:00:00-04:00,0.5505105195912792,0.5583377480506897,0.5374650513501988,0.5583377480506897,4388,0.0,0.0
2010-10-06 00:00:00-04:00,0.5583377480506897,0.5583377480506897,0.5583377480506897,0.5583377480506897,0,0.0,0.0
2010-10-07 00:00:00-04:00,0.5348559245505363,0.5609468069302939,0.5087659344197633,0.5479013919830322,36788,0.0,0.0
2010-10-08 00:00:00-04:00,0.5479013709706965,0.5739922523498535,0.5426831841978186,0.5739922523498535,21263,0.0,0.0
2010-10-11 00:00:00-04:00,0.547901294564703,0.5531194806098938,0.5452922015421076,0.5531194806098938,5063,0.0,0.0
2010-10-12 00:00:00-04:00,0.5531196990910439,0.5557287931442261,0.5348560407187682,0.5557287931442261,19575,0.0,0.0
2010-10-13 00:00:00-04:00,0.5661649939032922,0.5687740873897914,0.5270295888252576,0.5479013919830322,25988,0.0,0.0
2010-10-14 00:00:00-04:00,0.545292298496533,0.5531195789560306,0.5218114018522593,0.5479013919830322,47588,0.0,0.0
2010-10-15 00:00:00-04:00,0.547901291666785,0.5557285706931718,0.5426831056491939,0.5452921986579895,29025,0.0,0.0
2010-10-18 00:00:00-04:00,0.5687740038968027,0.5739921901037992,0.5479013115540433,0.5661649107933044,35438,0.0,0.0
2010-10-19 00:00:00-04:00,0.5348558822457179,0.5609467625617981,0.5348558822457179,0.5609467625617981,8775,0.0,0.0
2010-10-20 00:00:00-04:00,0.5713831356823222,0.5713831356823222,0.5609467625617981,0.5609467625617981,8438,0.0,0.0
2010-10-21 00:00:00-04:00,0.5635558988594982,0.5635558988594982,0.5400741100311279,0.5400741100311279,10125,0.0,0.0
2010-10-22 00:00:00-04:00,0.5687741963179339,0.594865083694458,0.5609469143594032,0.594865083694458,15863,0.0,0.0
2010-10-25 00:00:00-04:00,0.6053004486675306,0.6053004486675306,0.5713831782341003,0.5713831782341003,1350,0.0,0.0
2010-10-26 00:00:00-04:00,0.5505104643571354,0.5739922523498535,0.5479013709706965,0.5739922523498535,10800,0.0,0.0
2010-10-27 00:00:00-04:00,0.5635558988594982,0.5635558988594982,0.5400741100311279,0.5400741100311279,100913,0.0,0.0
2010-10-28 00:00:00-04:00,0.5374650226109231,0.5948649748319167,0.4826750561476246,0.5244204998016357,153225,0.0,0.0
2010-10-29 00:00:00-04:00,0.5244204378464785,0.5244204378464785,0.4722386788076564,0.5165931582450867,177525,0.0,0.0
2010-11-01 00:00:00-04:00,0.5139841380281093,0.5139841380281093,0.4957205355167389,0.4957205355167389,12825,0.0,0.0
2010-11-02 00:00:00-04:00,0.4931114562239433,0.4931114562239433,0.4748478531837464,0.47484785318374634,45563,0.0,0.0
2010-11-03 00:00:00-04:00,0.4748478672339427,0.5009387519856106,0.4748478672339427,0.487893283367157,36788,0.0,0.0
2010-11-04 00:00:00-04:00,0.500938841744254,0.5087660718325766,0.47484795231759863,0.47745704650878906,106650,0.0,0.0
2010-11-05 00:00:00-04:00,0.47745696095763335,0.5087659806714434,0.4696296797865613,0.487893283367157,141750,0.0,0.0
2010-11-08 00:00:00-05:00,0.47745691130915036,0.48267504572868347,0.46702053749961664,0.48267504572868347,76613,0.0,0.0
2010-11-09 00:00:00-05:00,0.47484781288843286,0.49050232095370655,0.4696296260382639,0.4722387194633484,13163,0.0,0.0
2010-11-10 00:00:00-05:00,0.46962954583052535,0.5061567425727844,0.46962954583052535,0.5061567425727844,58050,0.0,0.0
2010-11-11 00:00:00-05:00,0.5061568307867544,0.5061568307867544,0.4722387211126622,0.4800660014152527,18900,0.0,0.0
2010-11-12 00:00:00-05:00,0.47745704650878906,0.47745704650878906,0.47223885812640826,0.47745704650878906,11138,0.0,0.0
2010-11-15 00:00:00-05:00,0.4931113911806063,0.4931113911806063,0.4905022978782654,0.4905022978782654,7763,0.0,0.0
2010-11-16 00:00:00-05:00,0.477456951842927,0.4931114614009857,0.477456951842927,0.4931114614009857,15863,0.0,0.0
2010-11-17 00:00:00-05:00,0.47745690798105583,0.4800660014152527,0.47745690798105583,0.4800660014152527,3375,0.0,0.0
2010-11-18 00:00:00-05:00,0.47745688385179125,0.5035477643899701,0.47745688385179125,0.4905022978782654,8775,0.0,0.0
2010-11-19 00:00:00-05:00,0.4931113911806063,0.49572048448294725,0.4905022978782654,0.4905022978782654,9113,0.0,0.0
2010-11-22 00:00:00-05:00,0.49050232095370655,0.49050232095370655,0.4696296260382639,0.4722387194633484,36788,0.0,0.0
2010-11-23 00:00:00-05:00,0.46962966487267654,0.47223875851351105,0.46702057123184204,0.46702057123184204,14850,0.0,0.0
2010-11-24 00:00:00-05:00,0.46441149438031776,0.46441149438031776,0.4461487829685211,0.4461487829685211,107663,0.0,0.0
2010-11-26 00:00:00-05:00,0.4461486997056194,0.4644114077091217,0.4461486997056194,0.4644114077091217,9450,0.0,0.0
2010-11-29 00:00:00-05:00,0.45658505275644773,0.48528413579841306,0.4513668658880541,0.4800660014152527,16200,0.0,0.0
2010-11-30 00:00:00-05:00,0.4644114569203966,0.4644114569203966,0.44614874698168955,0.4618023633956909,14850,0.0,0.0
2010-12-01 00:00:00-05:00,0.45658502021332403,0.46702050095735526,0.45658502021332403,0.4644114077091217,9788,0.0,0.0
2010-12-02 00:00:00-05:00,0.4618023633956909,0.48528415263280694,0.4618023633956909,0.4618023633956909,50625,0.0,0.0
2010-12-03 00:00:00-05:00,0.46180237157970583,0.5035478162295702,0.46180237157970583,0.4957205355167389,25988,0.0,0.0
2010-12-06 00:00:00-05:00,0.5035478229314365,0.5296378142538642,0.4852841676917537,0.5218114256858826,72900,0.0,0.0
2010-12-07 00:00:00-05:00,0.5244205123118844,0.5244205123118844,0.4931114419457951,0.4957205355167389,12488,0.0,0.0
2010-12-08 00:00:00-05:00,0.5452923027324693,0.5452923027324693,0.4983296168301219,0.5322468876838684,21600,0.0,0.0
2010-12-09 00:00:00-05:00,0.5009386305297658,0.5113749504089355,0.5009386305297658,0.5113749504089355,2025,0.0,0.0
2010-12-10 00:00:00-05:00,0.5113751878714399,0.5218115650820786,0.5113751878714399,0.519202470779419,9450,0.0,0.0
2010-12-13 00:00:00-05:00,0.4957205355167389,0.5087659508862217,0.4957205355167389,0.4957205355167389,39488,0.0,0.0
2010-12-14 00:00:00-05:00,0.49832966923713684,0.49832966923713684,0.49832966923713684,0.49832966923713684,338,0.0,0.0
2010-12-15 00:00:00-05:00,0.49572051551150276,0.49572051551150276,0.45919325947761536,0.45919325947761536,34425,0.0,0.0
2010-12-16 00:00:00-05:00,0.43571233947188953,0.4644114213087372,0.43571233947188953,0.4435396194458008,108000,0.0,0.0
2010-12-17 00:00:00-05:00,0.44093059549820524,0.46441149438031776,0.44093059549820524,0.4461487829685211,33750,0.0,0.0
2010-12-20 00:00:00-05:00,0.45919326987098524,0.49050233968221835,0.45919326987098524,0.4618023633956909,23625,0.0,0.0
2010-12-21 00:00:00-05:00,0.4748478178567669,0.48267504572868347,0.4565850559390558,0.48267504572868347,101588,0.0,0.0
2010-12-22 00:00:00-05:00,0.47745691130915036,0.48267504572868347,0.4487578280671392,0.48267504572868347,28013,0.0,0.0
2010-12-23 00:00:00-05:00,0.45919329130480246,0.47745694683023704,0.45919329130480246,0.47484785318374634,8438,0.0,0.0
2010-12-27 00:00:00-05:00,0.47223870891206204,0.4826750298939868,0.4696296155452728,0.4696296155452728,27338,0.0,0.0
2010-12-28 00:00:00-05:00,0.4826750298939868,0.48528412326077597,0.4696296155452728,0.4696296155452728,10463,0.0,0.0
2010-12-29 00:00:00-05:00,0.4696297639352179,0.4826751824059213,0.4696297639352179,0.47745704650878906,17213,0.0,0.0
2010-12-30 00:00:00-05:00,0.46962962767846533,0.4800660014152527,0.46441144081007163,0.4800660014152527,34763,0.0,0.0
2010-12-31 00:00:00-05:00,0.48267506766202,0.5087659508862217,0.4748478394344247,0.4957205355167389,59063,0.0,0.0
2011-01-03 00:00:00-05:00,0.5244204734193723,0.5452922757047608,0.5087659131546962,0.5348559021949768,61425,0.0,0.0
2011-01-04 00:00:00-05:00,0.5374650425856343,0.5374650425856343,0.5218114256858826,0.5218114256858826,5063,0.0,0.0
2011-01-05 00:00:00-05:00,0.51920220747018,0.51920220747018,0.5061567425727844,0.5061567425727844,1013,0.0,0.0
2011-01-06 00:00:00-05:00,0.5218113650211261,0.5348558867986787,0.4905022978782654,0.4905022978782654,4725,0.0,0.0
2011-01-07 00:00:00-05:00,0.5192022514455507,0.5322468251989837,0.5113749718441587,0.5165931582450867,5063,0.0,0.0
2011-01-10 00:00:00-05:00,0.5244205181336102,0.5244205181336102,0.49572054101985896,0.5139841437339783,16538,0.0,0.0
2011-01-11 00:00:00-05:00,0.4931113719261395,0.5165931582450867,0.4931113719261395,0.5165931582450867,11475,0.0,0.0
2011-01-12 00:00:00-05:00,0.5192023123990241,0.5348559287054008,0.5087659383719556,0.5322468876838684,84375,0.0,0.0
2011-01-13 00:00:00-05:00,0.5348559477989822,0.5426832285987062,0.5139841437339783,0.5139841437339783,13838,0.0,0.0
2011-01-14 00:00:00-05:00,0.5165932002666015,0.5322468684938233,0.5165932002666015,0.5270295739173889,7763,0.0,0.0
2011-01-18 00:00:00-05:00,0.5296377941771012,0.5322468876838684,0.5192023123990241,0.5322468876838684,21600,0.0,0.0
2011-01-19 00:00:00-05:00,0.5192022729777247,0.5296377539634705,0.5087658997430552,0.5296377539634705,46913,0.0,0.0
2011-01-20 00:00:00-05:00,0.5165932618425155,0.5165932618425155,0.4852841896434663,0.487893283367157,18900,0.0,0.0
2011-01-21 00:00:00-05:00,0.4878932975897259,0.5113750893022203,0.4878932975897259,0.5087659955024719,8438,0.0,0.0
2011-01-24 00:00:00-05:00,0.5087658997430552,0.5348558880955744,0.487893205758947,0.5296377539634705,35100,0.0,0.0
2011-01-25 00:00:00-05:00,0.5113751878714399,0.519202470779419,0.48789339163275336,0.519202470779419,15863,0.0,0.0
2011-01-26 00:00:00-05:00,0.49050235490309163,0.5218114256858826,0.49050235490309163,0.5218114256858826,9788,0.0,0.0
2011-01-27 00:00:00-05:00,0.5035478038436562,0.5322468876838684,0.500938710336889,0.5322468876838684,27000,0.0,0.0
2011-01-28 00:00:00-05:00,0.5348559021949768,0.5479013690822068,0.532246861302763,0.5348559021949768,131288,0.0,0.0
2011-01-31 00:00:00-05:00,0.5348558822457179,0.5739922289624533,0.5348558822457179,0.5609467625617981,43200,0.0,0.0
2011-02-01 00:00:00-05:00,0.5792104155227153,0.5792104155227153,0.5348558822457179,0.5609467625617981,40500,0.0,0.0
2011-02-02 00:00:00-05:00,0.5687741963179339,0.5974741776806348,0.5531196848861172,0.594865083694458,12150,0.0,0.0
2011-02-03 00:00:00-05:00,0.594865083694458,0.5974741776806348,0.594865083694458,0.594865083694458,5400,0.0,0.0
2011-02-04 00:00:00-05:00,0.5922559897082811,0.594865083694458,0.5922559897082811,0.594865083694458,4725,0.0,0.0
2011-02-07 00:00:00-05:00,0.5948649685886899,0.6105186372276266,0.5531195778580398,0.5792104601860046,27338,0.0,0.0
2011-02-08 00:00:00-05:00,0.5609468255897359,0.5609468255897359,0.5374650359153748,0.5374650359153748,15525,0.0,0.0
2011-02-09 00:00:00-05:00,0.5374650155516896,0.5870376865954715,0.5374650155516896,0.5713831782341003,12488,0.0,0.0
2011-02-10 00:00:00-05:00,0.5531195576916573,0.5531195576916573,0.540074090760687,0.5426831841468811,10800,0.0,0.0
2011-02-11 00:00:00-05:00,0.5426831841468811,0.5531195576916573,0.540074090760687,0.5426831841468811,7425,0.0,0.0
2011-02-14 00:00:00-05:00,0.5426832050100339,0.5583377134437947,0.5426832050100339,0.5479013919830322,21600,0.0,0.0
2011-02-15 00:00:00-05:00,0.5531195774275749,0.597474061605026,0.5374650165518385,0.5400741100311279,37125,0.0,0.0
2011-02-16 00:00:00-05:00,0.5818195216908083,0.584428615264097,0.5374650359153748,0.5374650359153748,6750,0.0,0.0
2011-02-17 00:00:00-05:00,0.5400740126403983,0.5452921986579895,0.5374649196316027,0.5452921986579895,6075,0.0,0.0
2011-02-18 00:00:00-05:00,0.5452921986579895,0.5452921986579895,0.5452921986579895,0.5452921986579895,0,0.0,0.0
2011-02-22 00:00:00-05:00,0.5400741294886633,0.5400741294886633,0.5087659513434507,0.5374650359153748,101250,0.0,0.0
2011-02-23 00:00:00-05:00,0.5348559021949768,0.5348559021949768,0.5348559021949768,0.5348559021949768,7088,0.0,0.0
2011-02-24 00:00:00-05:00,0.5348559021949768,0.5374649955724228,0.5348559021949768,0.5348559021949768,42188,0.0,0.0
2011-02-25 00:00:00-05:00,0.5426831841468811,0.5531195576916573,0.5322468630873373,0.5426831841468811,3713,0.0,0.0
2011-02-28 00:00:00-05:00,0.537464997374493,0.5479013709192693,0.537464997374493,0.5426831841468811,7763,0.0,0.0
2011-03-01 00:00:00-05:00,0.5348558880955744,0.5348558880955744,0.5087658997430552,0.5296377539634705,23288,0.0,0.0
2011-03-02 00:00:00-05:00,0.532246861302763,0.5348559021949768,0.5165931932870342,0.5348559021949768,10800,0.0,0.0
2011-03-03 00:00:00-05:00,0.5374649224743213,0.5531194806098938,0.5244204020953952,0.5531194806098938,5738,0.0,0.0
2011-03-04 00:00:00-05:00,0.5687740847596661,0.6522640262368784,0.5635558978107976,0.5713831782341003,59063,0.0,0.0
2011-03-07 00:00:00-05:00,0.5766013995273136,0.6026913910914501,0.5426832348246213,0.5818195343017578,53325,0.0,0.0
2011-03-08 00:00:00-05:00,0.5870376667968159,0.5870376667968159,0.5426831841978186,0.5739922523498535,15188,0.0,0.0
2011-03-09 00:00:00-05:00,0.5792104147448423,0.6000822162237158,0.5792104147448423,0.5844285488128662,14513,0.0,0.0
2011-03-10 00:00:00-05:00,0.5922559684783101,0.6183459626704585,0.5739923637149926,0.6053005456924438,10125,0.0,0.0
2011-03-11 00:00:00-05:00,0.5870376650855881,0.6183458408974087,0.5870376650855881,0.5974740386009216,40163,0.0,0.0
2011-03-14 00:00:00-04:00,0.5974740382832165,0.6209549339460511,0.5270295667968182,0.5348559021949768,113063,0.0,0.0
2011-03-15 00:00:00-04:00,0.5139841016811728,0.5739922523498535,0.5139841016811728,0.5739922523498535,55688,0.0,0.0
2011-03-16 00:00:00-04:00,0.5739923163128482,0.5739923163128482,0.5505105257034302,0.5505105257034302,23625,0.0,0.0
2011-03-17 00:00:00-04:00,0.5531195763982949,0.5713831782341003,0.5505104829238607,0.5713831782341003,50625,0.0,0.0
2011-03-18 00:00:00-04:00,0.5739923842902875,0.594865083694458,0.5739923842902875,0.594865083694458,14175,0.0,0.0
2011-03-21 00:00:00-04:00,0.594865083694458,0.594865083694458,0.594865083694458,0.594865083694458,0,0.0,0.0
2011-03-22 00:00:00-04:00,0.5974741167806418,0.6105186931327489,0.5948650230604074,0.6026914119720459,10463,0.0,0.0
2011-03-23 00:00:00-04:00,0.6000822178307722,0.6235640048980713,0.6000822178307722,0.6235640048980713,57713,0.0,0.0
2011-03-24 00:00:00-04:00,0.623563985716563,0.6600911855930872,0.623563985716563,0.6496548652648926,94163,0.0,0.0
2011-03-25 00:00:00-04:00,0.6627003199617638,0.6653094133271902,0.6522639989852905,0.6522639989852905,11475,0.0,0.0
2011-03-28 00:00:00-04:00,0.6522640206542702,0.6522640206542702,0.6261731386184692,0.6261731386184692,10125,0.0,0.0
2011-03-29 00:00:00-04:00,0.6287822320705727,0.6287822320705727,0.6026913500347717,0.6261731386184692,10463,0.0,0.0
2011-03-30 00:00:00-04:00,0.6366094200799106,0.6548730731010437,0.6261730994102078,0.6548730731010437,20250,0.0,0.0
2011-03-31 00:00:00-04:00,0.6522640635643864,0.7540167204514842,0.6522640635643864,0.7122721672058105,103950,0.0,0.0
2011-04-01 00:00:00-04:00,0.7253176030545997,0.7253176030545997,0.678354024887085,0.678354024887085,51975,0.0,0.0
2011-04-04 00:00:00-04:00,0.683572226861445,0.7305358060566924,0.683572226861445,0.6913994550704956,31050,0.0,0.0
2011-04-05 00:00:00-04:00,0.6887903607219179,0.7487985154236781,0.6887903607219179,0.7305358052253723,11813,0.0,0.0
2011-04-06 00:00:00-04:00,0.7200995285619691,0.7200995285619691,0.707054111470399,0.7174904346466064,4725,0.0,0.0
2011-04-07 00:00:00-04:00,0.7044450175550363,0.727926810308057,0.7044450175550363,0.7174904346466064,4725,0.0,0.0
2011-04-08 00:00:00-04:00,0.7148812446681193,0.7200994317976437,0.6783540397319207,0.6913994550704956,20250,0.0,0.0
2011-04-11 00:00:00-04:00,0.6809631486913281,0.7253176353245425,0.6809631486913281,0.7122721672058105,3713,0.0,0.0
2011-04-12 00:00:00-04:00,0.7279267116635793,0.7305358052253723,0.7227085245399929,0.7305358052253723,13838,0.0,0.0
2011-04-13 00:00:00-04:00,0.7305358052253723,0.7305358052253723,0.7305358052253723,0.7305358052253723,338,0.0,0.0
2011-04-14 00:00:00-04:00,0.7305358052253723,0.7305358052253723,0.7305358052253723,0.7305358052253723,0,0.0,0.0
2011-04-15 00:00:00-04:00,0.7044450175550363,0.7174904346466064,0.7044450175550363,0.7174904346466064,2363,0.0,0.0
2011-04-18 00:00:00-04:00,0.6705266459029449,0.6705266459029449,0.6287821531295776,0.6287821531295776,30713,0.0,0.0
2011-04-19 00:00:00-04:00,0.6313913407421308,0.6392185688018799,0.6313913407421308,0.6392185688018799,2363,0.0,0.0
2011-04-20 00:00:00-04:00,0.6496548652648926,0.6887902660958848,0.6496548652648926,0.6496548652648926,3375,0.0,0.0
2011-04-21 00:00:00-04:00,0.6627004335616904,0.6757450103759766,0.6261732251547019,0.6757450103759766,1013,0.0,0.0
2011-04-25 00:00:00-04:00,0.686181366443634,0.686181366443634,0.686181366443634,0.686181366443634,1350,0.0,0.0
2011-04-26 00:00:00-04:00,0.6861813570346819,0.6861813570346819,0.6340004801750183,0.6340004801750183,4388,0.0,0.0
2011-04-27 00:00:00-04:00,0.6261731386184692,0.6287822320705727,0.6261731386184692,0.6261731386184692,19238,0.0,0.0
2011-04-28 00:00:00-04:00,0.6261731386184692,0.6261731386184692,0.6261731386184692,0.6261731386184692,2025,0.0,0.0
2011-04-29 00:00:00-04:00,0.6261731776161553,0.6261731776161553,0.6131277095431742,0.6209549903869629,19913,0.0,0.0
2011-05-02 00:00:00-04:00,0.6131276279917329,0.7174902565044462,0.6131276279917329,0.694008469581604,47250,0.0,0.0
2011-05-03 00:00:00-04:00,0.7227082452149934,0.7227082452149934,0.5818192942556045,0.6313911080360413,19575,0.0,0.0
2011-05-04 00:00:00-04:00,0.6313911080360413,0.6313911080360413,0.6313911080360413,0.6313911080360413,338,0.0,0.0
2011-05-05 00:00:00-04:00,0.6313911080360413,0.6313911080360413,0.6313911080360413,0.6313911080360413,338,0.0,0.0
2011-05-06 00:00:00-04:00,0.5766013214682152,0.6313912830580104,0.5739922281915881,0.5844285488128662,47250,0.0,0.0
2011-05-09 00:00:00-04:00,0.5844286289845789,0.5896468162536621,0.5818195353500373,0.5896468162536621,13500,0.0,0.0
2011-05-10 00:00:00-04:00,0.5870376825332642,0.5870376825332642,0.5870376825332642,0.5870376825332642,12825,0.0,0.0
2011-05-11 00:00:00-04:00,0.6000823378562927,0.6183459420093593,0.5844286672725514,0.6000823378562927,8438,0.0,0.0
2011-05-12 00:00:00-04:00,0.6000823995506585,0.6079096817717975,0.5870378214312788,0.5922560095787048,5400,0.0,0.0
2011-05-13 00:00:00-04:00,0.5609467618084528,0.613127630121621,0.5531195344638018,0.5844285488128662,11475,0.0,0.0
2011-05-16 00:00:00-04:00,0.5844285488128662,0.5844285488128662,0.5844285488128662,0.5844285488128662,0,0.0,0.0
2011-05-17 00:00:00-04:00,0.5505103875872984,0.5557285736324893,0.5505103875872984,0.5531194806098938,9450,0.0,0.0
2011-05-18 00:00:00-04:00,0.5531195352066351,0.5609467625617981,0.5531195352066351,0.5609467625617981,2700,0.0,0.0
2011-05-19 00:00:00-04:00,0.5557286713393597,0.5792104601860046,0.5557286713393597,0.5792104601860046,1013,0.0,0.0
2011-05-20 00:00:00-04:00,0.6183458566665649,0.6209549501119358,0.615736763221194,0.6183458566665649,19913,0.0,0.0
2011-05-23 00:00:00-04:00,0.6287821952310254,0.6287821952310254,0.5609467666701666,0.5766013264656067,16538,0.0,0.0
2011-05-24 00:00:00-04:00,0.5739922310933364,0.6470457935036044,0.5687740445137024,0.5687740445137024,18563,0.0,0.0
2011-05-25 00:00:00-04:00,0.5661650250079507,0.5922559088211208,0.5609468377482693,0.5818195343017578,14513,0.0,0.0
2011-05-26 00:00:00-04:00,0.56877408082384,0.6183458592756127,0.56877408082384,0.5870376825332642,4725,0.0,0.0
2011-05-27 00:00:00-04:00,0.5844286279315986,0.5844286279315986,0.5818195343017578,0.5818195343017578,4050,0.0,0.0
2011-05-31 00:00:00-04:00,0.5844286279315986,0.5870377215614393,0.5766013995273136,0.5818195343017578,8775,0.0,0.0
2011-06-01 00:00:00-04:00,0.5818195343017578,0.5818195343017578,0.5818195343017578,0.5818195343017578,0,0.0,0.0
2011-06-02 00:00:00-04:00,0.5870378168119212,0.6731359786128407,0.5139842330277345,0.5557287931442261,109013,0.0,0.0
2011-06-03 00:00:00-04:00,0.5609468377482693,0.5818195343017578,0.555728702973825,0.5818195343017578,23288,0.0,0.0
2011-06-06 00:00:00-04:00,0.5766013651829688,0.5870376865954715,0.5322468810880553,0.5713831782341003,20925,0.0,0.0
2011-06-07 00:00:00-04:00,0.5713831356823222,0.5713831356823222,0.5609467625617981,0.5609467625617981,2025,0.0,0.0
2011-06-08 00:00:00-04:00,0.5661651168717092,0.5661651168717092,0.5557287931442261,0.5557287931442261,1013,0.0,0.0
2011-06-09 00:00:00-04:00,0.5218114018522593,0.5713831808762906,0.5218114018522593,0.5479013919830322,8438,0.0,0.0
2011-06-10 00:00:00-04:00,0.54007406880598,0.5609467625617981,0.54007406880598,0.5609467625617981,2363,0.0,0.0
2011-06-13 00:00:00-04:00,0.5635559349744388,0.5635559349744388,0.46962966589076505,0.47484785318374634,204863,0.0,0.0
2011-06-14 00:00:00-04:00,0.49572050041480314,0.5452922775330752,0.49572050041480314,0.5426831841468811,39825,0.0,0.0
2011-06-15 00:00:00-04:00,0.5322469224483801,0.5609468479269281,0.4983296493792757,0.5505105257034302,69188,0.0,0.0
2011-06-16 00:00:00-04:00,0.5505104068963225,0.5505104068963225,0.503547728061676,0.503547728061676,10463,0.0,0.0
2011-06-17 00:00:00-04:00,0.5192022296822326,0.571383094284911,0.5113749504089355,0.5113749504089355,31725,0.0,0.0
2011-06-20 00:00:00-04:00,0.5113749930517225,0.5348558880955744,0.5113749930517225,0.5296377539634705,16200,0.0,0.0
2011-06-21 00:00:00-04:00,0.5479013966457346,0.5713831857388256,0.5244204998016357,0.5244204998016357,36113,0.0,0.0
2011-06-22 00:00:00-04:00,0.5374650226109231,0.563555905212717,0.51920231278423,0.5244204998016357,11138,0.0,0.0
2011-06-23 00:00:00-04:00,0.5244205278433961,0.5635559353471218,0.52181143419518,0.5583377480506897,7425,0.0,0.0
2011-06-24 00:00:00-04:00,0.5583376753883499,0.5583376753883499,0.5296377539634705,0.5296377539634705,30038,0.0,0.0
2011-06-27 00:00:00-04:00,0.5348559021949768,0.5348559021949768,0.5348559021949768,0.5348559021949768,675,0.0,0.0
2011-06-28 00:00:00-04:00,0.534855903988299,0.5426831841468811,0.5218113817915113,0.5426831841468811,5400,0.0,0.0
2011-06-29 00:00:00-04:00,0.534855903988299,0.5426831841468811,0.5192022884053172,0.5426831841468811,24975,0.0,0.0
2011-06-30 00:00:00-04:00,0.5374649196316027,0.5452921986579895,0.5374649196316027,0.5452921986579895,4388,0.0,0.0
2011-07-01 00:00:00-04:00,0.5452921986579895,0.5452921986579895,0.5452921986579895,0.5452921986579895,338,0.0,0.0
2011-07-05 00:00:00-04:00,0.5452921986579895,0.5452921986579895,0.5452921986579895,0.5452921986579895,0,0.0,0.0
2011-07-06 00:00:00-04:00,0.5479015109846794,0.5557287931442261,0.5244206092404635,0.5557287931442261,13163,0.0,0.0
2011-07-07 00:00:00-04:00,0.5531197034435023,0.5922560095787048,0.5531197034435023,0.5922560095787048,47588,0.0,0.0
2011-07-08 00:00:00-04:00,0.5922560095787048,0.5922560095787048,0.5922560095787048,0.5922560095787048,0,0.0,0.0
2011-07-11 00:00:00-04:00,0.5818194584775571,0.5818194584775571,0.5635558579340684,0.5687740445137024,3038,0.0,0.0
2011-07-12 00:00:00-04:00,0.5687740445137024,0.5687740445137024,0.5687740445137024,0.5687740445137024,0,0.0,0.0
2011-07-13 00:00:00-04:00,0.5818194996466031,0.59225587354434,0.5713831782341003,0.5713831782341003,19238,0.0,0.0
2011-07-14 00:00:00-04:00,0.5870377256958287,0.5870377256958287,0.5452923322948471,0.5583377480506897,16200,0.0,0.0
2011-07-15 00:00:00-04:00,0.5583377480506897,0.5818195383993966,0.5583377480506897,0.5583377480506897,5738,0.0,0.0
2011-07-18 00:00:00-04:00,0.5661649778884165,0.5661649778884165,0.5270295739173889,0.5270295739173889,13500,0.0,0.0
2011-07-19 00:00:00-04:00,0.5426831896593778,0.555728656722862,0.5270295739173889,0.5270295739173889,15863,0.0,0.0
2011-07-20 00:00:00-04:00,0.5244206593847384,0.550510657676821,0.5139842821740995,0.519202470779419,24300,0.0,0.0
2011-07-21 00:00:00-04:00,0.519202470779419,0.519202470779419,0.519202470779419,0.519202470779419,0,0.0,0.0
2011-07-22 00:00:00-04:00,0.5165931950191233,0.5557286510778514,0.5165931950191233,0.5426831841468811,4725,0.0,0.0
2011-07-25 00:00:00-04:00,0.5557286771718433,0.5557286771718433,0.5218114062929329,0.5244204998016357,3713,0.0,0.0
2011-07-26 00:00:00-04:00,0.5270294923304663,0.547901291666785,0.5270294923304663,0.5452921986579895,9788,0.0,0.0
2011-07-27 00:00:00-04:00,0.5374649814042417,0.5583376753883499,0.5296377539634705,0.5296377539634705,6413,0.0,0.0
2011-07-28 00:00:00-04:00,0.5244205192915515,0.5244205192915515,0.5218114256858826,0.5218114256858826,29363,0.0,0.0
2011-07-29 00:00:00-04:00,0.6000822919021909,0.6000822919021909,0.5218114256858826,0.5218114256858826,112388,0.0,0.0
2011-08-01 00:00:00-04:00,0.5609468004547008,0.5870376825332642,0.5609468004547008,0.5870376825332642,65813,0.0,0.0
2011-08-02 00:00:00-04:00,0.5713831742802197,0.6000822575661885,0.5713831742802197,0.5870376825332642,63113,0.0,0.0
2011-08-03 00:00:00-04:00,0.5870376825332642,0.6000822575661885,0.5870376825332642,0.5870376825332642,8775,0.0,0.0
2011-08-04 00:00:00-04:00,0.6105185946215759,0.6105185946215759,0.5766013264656067,0.5766013264656067,27675,0.0,0.0
2011-08-05 00:00:00-04:00,0.5739922934561787,0.5766013870294673,0.5374650359153748,0.5374650359153748,19913,0.0,0.0
2011-08-08 00:00:00-04:00,0.534855843494751,0.5531194951324442,0.5113749504089355,0.5113749504089355,38475,0.0,0.0
2011-08-09 00:00:00-04:00,0.5244206221002274,0.6131278276443481,0.5113751515144173,0.6131278276443481,38475,0.0,0.0
2011-08-10 00:00:00-04:00,0.5792105308761042,0.5792105308761042,0.5061569017027236,0.5087659955024719,51975,0.0,0.0
2011-08-11 00:00:00-04:00,0.5348559489799654,0.5452923234026412,0.5218114256858826,0.5218114256858826,4725,0.0,0.0
2011-08-12 00:00:00-04:00,0.5270296128972205,0.5270296128972205,0.5192023320802136,0.5218114256858826,14513,0.0,0.0
2011-08-15 00:00:00-04:00,0.5479013690822068,0.5479013690822068,0.5348559021949768,0.5348559021949768,2025,0.0,0.0
2011-08-16 00:00:00-04:00,0.5426830995514565,0.5426830995514565,0.5061567425727844,0.5061567425727844,8438,0.0,0.0
2011-08-17 00:00:00-04:00,0.5400740962466809,0.5609467910630227,0.5270295739173889,0.5270295739173889,72563,0.0,0.0
2011-08-18 00:00:00-04:00,0.540074115718935,0.540074115718935,0.5061568448651885,0.5322468876838684,5738,0.0,0.0
2011-08-19 00:00:00-04:00,0.5113750264931609,0.5400741100311279,0.5087659330138715,0.5400741100311279,7425,0.0,0.0
2011-08-22 00:00:00-04:00,0.5322468876838684,0.5322468876838684,0.5322468876838684,0.5322468876838684,1013,0.0,0.0
2011-08-23 00:00:00-04:00,0.5322469474511154,0.5322469474511154,0.5061569017027236,0.5087659955024719,21600,0.0,0.0
2011-08-24 00:00:00-04:00,0.5087658355522635,0.5087658355522635,0.49832951611957127,0.5061567425727844,22950,0.0,0.0
2011-08-25 00:00:00-04:00,0.5244204998016357,0.5244204998016357,0.5244204998016357,0.5244204998016357,3713,0.0,0.0
2011-08-26 00:00:00-04:00,0.5244204998016357,0.5244204998016357,0.5244204998016357,0.5244204998016357,0,0.0,0.0
2011-08-29 00:00:00-04:00,0.5244206593847384,0.5244206593847384,0.5139842821740995,0.519202470779419,3375,0.0,0.0
2011-08-30 00:00:00-04:00,0.519202470779419,0.519202470779419,0.519202470779419,0.519202470779419,0,0.0,0.0
2011-08-31 00:00:00-04:00,0.5244204998016357,0.5244204998016357,0.5244204998016357,0.5244204998016357,675,0.0,0.0
2011-09-01 00:00:00-04:00,0.5218115955179787,0.5218115955179787,0.500938892364502,0.500938892364502,6750,0.0,0.0
2011-09-02 00:00:00-04:00,0.49832959380099723,0.5452922775330752,0.49832959380099723,0.5426831841468811,16875,0.0,0.0
2011-09-06 00:00:00-04:00,0.5244204998016357,0.5244204998016357,0.5244204998016357,0.5244204998016357,6750,0.0,0.0
2011-09-07 00:00:00-04:00,0.5244204998016357,0.5426832096283288,0.5218114062929329,0.5244204998016357,16200,0.0,0.0
2011-09-08 00:00:00-04:00,0.5218114256858826,0.5218114256858826,0.5218114256858826,0.5218114256858826,2025,0.0,0.0
2011-09-09 00:00:00-04:00,0.5192023251699969,0.5192023251699969,0.4957205355167389,0.4957205355167389,42188,0.0,0.0
2011-09-12 00:00:00-04:00,0.49572054211442956,0.5218114256858826,0.49572054211442956,0.5218114256858826,9788,0.0,0.0
2011-09-13 00:00:00-04:00,0.5218114256858826,0.5218114256858826,0.5218114256858826,0.5218114256858826,675,0.0,0.0
2011-09-14 00:00:00-04:00,0.5270295739173889,0.5270295739173889,0.5270295739173889,0.5270295739173889,675,0.0,0.0
2011-09-15 00:00:00-04:00,0.524420480504692,0.5296377750811264,0.524420480504692,0.5270295739173889,53325,0.0,0.0
2011-09-16 00:00:00-04:00,0.4983296168301219,0.5479013962392364,0.4983296168301219,0.5322468876838684,9113,0.0,0.0
2011-09-19 00:00:00-04:00,0.5374649801010196,0.5374649801010196,0.48528411127358345,0.4905022978782654,21938,0.0,0.0
2011-09-20 00:00:00-04:00,0.49572057898897093,0.5087659955024719,0.49572057898897093,0.5087659955024719,3038,0.0,0.0
2011-09-21 00:00:00-04:00,0.49050234837485135,0.4957205355167389,0.49050234837485135,0.4957205355167389,16875,0.0,0.0
2011-09-22 00:00:00-04:00,0.4774568247689626,0.5061567425727844,0.4774568247689626,0.5061567425727844,24638,0.0,0.0
2011-09-23 00:00:00-04:00,0.48267506766202,0.5061568573152779,0.48267506766202,0.4957205355167389,11813,0.0,0.0
2011-09-26 00:00:00-04:00,0.4826750959197756,0.4905023770908477,0.4826750959197756,0.487893283367157,15525,0.0,0.0
2011-09-27 00:00:00-04:00,0.4931114614009857,0.4931114614009857,0.4931114614009857,0.4931114614009857,675,0.0,0.0
2011-09-28 00:00:00-04:00,0.48267504572868347,0.48267504572868347,0.48267504572868347,0.48267504572868347,1350,0.0,0.0
2011-09-29 00:00:00-04:00,0.4826750959197756,0.487893283367157,0.4826750959197756,0.487893283367157,4388,0.0,0.0
2011-09-30 00:00:00-04:00,0.4852842390537262,0.4852842390537262,0.4852842390537262,0.4852842390537262,338,0.0,0.0
2011-10-03 00:00:00-04:00,0.48267508163798073,0.4852841752844714,0.4748478531837464,0.47484785318374634,21263,0.0,0.0
2011-10-04 00:00:00-04:00,0.4800660404767277,0.4800660404767277,0.4748478531837464,0.47484785318374634,18900,0.0,0.0
2011-10-05 00:00:00-04:00,0.4748478531837464,0.4748478531837464,0.4748478531837464,0.47484785318374634,0,0.0,0.0
2011-10-06 00:00:00-04:00,0.4800660404767277,0.506156871971159,0.4670205722442744,0.47484785318374634,10125,0.0,0.0
2011-10-07 00:00:00-04:00,0.46962959420558886,0.46962959420558886,0.4644114077091217,0.4644114077091217,8438,0.0,0.0
2011-10-10 00:00:00-04:00,0.46441142881169445,0.4696296155452728,0.46441142881169445,0.4696296155452728,7088,0.0,0.0
2011-10-11 00:00:00-04:00,0.5061568343149007,0.5061568343149007,0.4644114440472332,0.48267504572868347,12825,0.0,0.0
2011-10-12 00:00:00-04:00,0.506156871971159,0.506156871971159,0.4565850899073511,0.47484785318374634,36450,0.0,0.0
2011-10-13 00:00:00-04:00,0.46962963334022145,0.4983296089771543,0.45658505826094126,0.45919325947761536,5738,0.0,0.0
2011-10-14 00:00:00-04:00,0.4931114013165286,0.4931114013165286,0.45397594571113586,0.45397594571113586,22613,0.0,0.0
2011-10-17 00:00:00-04:00,0.4513668038731186,0.5035477206535286,0.44875776328262074,0.45658499002456665,21263,0.0,0.0
2011-10-18 00:00:00-04:00,0.453975940259118,0.4644114213087372,0.4435396194458008,0.4435396194458008,36450,0.0,0.0
2011-10-19 00:00:00-04:00,0.44614872333840766,0.4696296190821755,0.4017942144967941,0.43049418926239014,71888,0.0,0.0
2011-10-20 00:00:00-04:00,0.4252760410308838,0.43310329565694283,0.4252760410308838,0.4252760410308838,4725,0.0,0.0
2011-10-21 00:00:00-04:00,0.4331033270031726,0.46441150800957154,0.42527607181060917,0.45136693120002747,128925,0.0,0.0
2011-10-24 00:00:00-04:00,0.4435396194458008,0.4435396194458008,0.4435396194458008,0.4435396194458008,338,0.0,0.0
2011-10-25 00:00:00-04:00,0.46441142881169445,0.4696296155452728,0.46441142881169445,0.4696296155452728,24300,0.0,0.0
2011-10-26 00:00:00-04:00,0.47745704650878906,0.4826751824059213,0.47745704650878906,0.47745704650878906,1350,0.0,0.0
2011-10-27 00:00:00-04:00,0.5009388191889201,0.6105187758455105,0.5009388191889201,0.5922560095787048,243338,0.0,0.0
2011-10-28 00:00:00-04:00,0.6105186129214993,0.6131276538137131,0.529637767925317,0.5348559021949768,109013,0.0,0.0
2011-10-31 00:00:00-04:00,0.51920231278423,0.5244204998016357,0.5087659387494184,0.5244204998016357,48938,0.0,0.0
2011-11-01 00:00:00-04:00,0.5218113870919953,0.5270295739173889,0.5165932002666015,0.5270295739173889,13163,0.0,0.0
2011-11-02 00:00:00-04:00,0.5270295739173889,0.5270295739173889,0.5270295739173889,0.5270295739173889,0,0.0,0.0
2011-11-03 00:00:00-04:00,0.5113749893571061,0.5687740445137024,0.5113749893571061,0.5687740445137024,21938,0.0,0.0
2011-11-04 00:00:00-04:00,0.5687741347955549,0.6548731773214596,0.5687741347955549,0.6340004801750183,67500,0.0,0.0
2011-11-07 00:00:00-05:00,0.6392187163307215,0.6392187163307215,0.5922560194414991,0.6131278276443481,31725,0.0,0.0
2011-11-08 00:00:00-05:00,0.6340004324762277,0.6913994399401792,0.6313913389685619,0.678354024887085,27000,0.0,0.0
2011-11-09 00:00:00-05:00,0.6522641107962255,0.7044449898301767,0.6522641107962255,0.6757450103759766,34088,0.0,0.0
2011-11-10 00:00:00-05:00,0.701835750087436,0.701835750087436,0.6653093890390914,0.6705266833305359,35775,0.0,0.0
2011-11-11 00:00:00-05:00,0.6757449711694927,0.683572252153386,0.665309488773346,0.665309488773346,42863,0.0,0.0
2011-11-14 00:00:00-05:00,0.7018357570699304,0.7018357570699304,0.6026913140066372,0.6079095005989075,82688,0.0,0.0
2011-11-15 00:00:00-05:00,0.6053005056922802,0.6157368280879784,0.573992325783772,0.6026914119720459,50288,0.0,0.0
2011-11-16 00:00:00-05:00,0.5948649235124587,0.6261730981816857,0.5948649235124587,0.6235640048980713,8438,0.0,0.0
2011-11-17 00:00:00-05:00,0.6183458363471536,0.6835721731185913,0.6183458363471536,0.6835721731185913,7763,0.0,0.0
2011-11-18 00:00:00-05:00,0.7200994317976437,0.7200994317976437,0.6157367913971113,0.6913994550704956,28350,0.0,0.0
2011-11-21 00:00:00-05:00,0.6705267300847881,0.6705267300847881,0.6261731386184692,0.6261731386184692,15525,0.0,0.0
2011-11-22 00:00:00-05:00,0.6913994164638528,0.696617603302002,0.6913994164638528,0.696617603302002,4050,0.0,0.0
2011-11-23 00:00:00-05:00,0.6705266661576227,0.6705266661576227,0.6496548652648926,0.6496548652648926,1688,0.0,0.0
2011-11-25 00:00:00-05:00,0.678354024887085,0.678354024887085,0.678354024887085,0.678354024887085,4050,0.0,0.0
2011-11-28 00:00:00-05:00,0.678354024887085,0.678354024887085,0.6574822215599851,0.678354024887085,31388,0.0,0.0
2011-11-29 00:00:00-05:00,0.6600912265963376,0.6600912265963376,0.6470458122544379,0.6522639989852905,18563,0.0,0.0
2011-11-30 00:00:00-05:00,0.6679184632530084,0.7200993299484253,0.6679184632530084,0.7200993299484253,26663,0.0,0.0
2011-12-01 00:00:00-05:00,0.7044449060850478,0.7096630930900574,0.7044449060850478,0.7096630930900574,20588,0.0,0.0
2011-12-02 00:00:00-05:00,0.7148811958082618,0.9131692490341442,0.7148811958082618,0.8609883785247803,120150,0.0,0.0
2011-12-05 00:00:00-05:00,0.8740339661555862,0.8870784909382814,0.7774985939194021,0.8844694495201111,210600,0.0,0.0
2011-12-06 00:00:00-05:00,0.8766427298256136,0.9679590400920176,0.8766427298256136,0.9131690859794617,113063,0.0,0.0
2011-12-07 00:00:00-05:00,0.9157783205468738,0.9940500750517677,0.8035893481039452,0.8870783448219299,65475,0.0,0.0
2011-12-08 00:00:00-05:00,0.9314329305428355,0.9340419716689395,0.8270702882791725,0.8740338683128357,18900,0.0,0.0
2011-12-09 00:00:00-05:00,0.9053420427506748,1.0357946157455444,0.9053420427506748,1.0357946157455444,38138,0.0,0.0
2011-12-12 00:00:00-05:00,1.0357944297120696,1.0357944297120696,0.9392599314246376,1.0123134851455688,86400,0.0,0.0
2011-12-13 00:00:00-05:00,0.9940500784233911,0.9940500784233911,0.9001238677284708,0.9027329087257385,70538,0.0,0.0
2011-12-14 00:00:00-05:00,0.9340419229170541,0.9523046849941971,0.9001238651956698,0.9262146949768066,5400,0.0,0.0
2011-12-15 00:00:00-05:00,0.9366510455471121,0.9523046612739563,0.9001238427751618,0.9523046612739563,8775,0.0,0.0
2011-12-16 00:00:00-05:00,0.9366511177655175,0.9366511177655175,0.8740338683128357,0.8740338683128357,13500,0.0,0.0
2011-12-19 00:00:00-05:00,0.9001237167335278,0.941869100480342,0.8792518646237287,0.9236055016517639,30375,0.0,0.0
2011-12-20 00:00:00-05:00,0.9262146719064218,0.978395595375682,0.8740338009223945,0.9523046612739563,21938,0.0,0.0
2011-12-21 00:00:00-05:00,0.9653500420202494,0.9653500420202494,0.8792519569396973,0.8792519569396973,23288,0.0,0.0
2011-12-22 00:00:00-05:00,0.949696378696926,0.9523045796345436,0.8766428191795053,0.9392600059509277,40838,0.0,0.0
2011-12-23 00:00:00-05:00,0.9392600864720518,0.9523046612739563,0.9366510455471121,0.9523046612739563,52650,0.0,0.0
2011-12-27 00:00:00-05:00,0.9523046156928167,1.0436217784881592,0.9523046156928167,1.0436217784881592,50625,0.0,0.0
2011-12-28 00:00:00-05:00,1.0436219386374714,1.1636382537392367,1.0357947100656997,1.1453754901885986,109013,0.0,0.0
2011-12-29 00:00:00-05:00,1.1505935964933356,1.2262563108273214,1.1479845554767274,1.187119960784912,135675,0.0,0.0
2011-12-30 00:00:00-05:00,1.2053835154160446,1.2366916914728756,1.0462309699562389,1.06971275806427,185288,0.0,0.0
2012-01-03 00:00:00-05:00,1.0775399365807428,1.1610298718403316,1.0697127092255798,1.1218935251235962,54675,0.0,0.0
2012-01-04 00:00:00-05:00,1.1218939087968784,1.1610302688977456,1.1218939087968784,1.134939432144165,39150,0.0,0.0
2012-01-05 00:00:00-05:00,1.1584210128879535,1.174074630291814,1.1218937012322636,1.1610300540924072,71550,0.0,0.0
2012-01-06 00:00:00-05:00,1.1636383533477783,1.1714655825895686,1.1245029419322283,1.1636383533477783,17213,0.0,0.0
2012-01-09 00:00:00-05:00,1.1532031349622884,1.2262567281723022,1.1349395267187747,1.2262567281723022,49275,0.0,0.0
2012-01-10 00:00:00-05:00,1.174074677208562,1.215820072941331,1.174074677208562,1.2001655101776123,98888,0.0,0.0
2012-01-11 00:00:00-05:00,1.189729112769109,1.2810462836039893,1.1819017797388898,1.2784371376037598,86063,0.0,0.0
2012-01-12 00:00:00-05:00,1.2784371376037598,1.2784371376037598,1.2001653818586178,1.2784371376037598,163350,0.0,0.0
2012-01-13 00:00:00-05:00,1.278437201850509,1.408889889717102,1.278437201850509,1.408889889717102,137363,0.0,0.0
2012-01-17 00:00:00-05:00,1.4923799010901824,1.5654334766291362,1.3827990129293533,1.4610707759857178,425250,0.0,0.0
2012-01-18 00:00:00-05:00,1.4741160595106189,1.60978681367195,1.44802512613166,1.6019595861434937,290925,0.0,0.0
2012-01-19 00:00:00-05:00,1.6384868746269075,1.761112221074417,1.6384868746269075,1.6828404664993286,444825,0.0,0.0
2012-01-20 00:00:00-05:00,1.651532369684944,1.651532369684944,1.4610706885873295,1.565433382987976,249413,0.0,0.0
2012-01-23 00:00:00-05:00,1.7506757525726209,1.7872029542922974,1.5810876774551608,1.7872029542922974,384075,0.0,0.0
2012-01-24 00:00:00-05:00,1.7845943483956148,1.7845943483956148,1.7219770415112094,1.7611124515533447,238613,0.0,0.0
2012-01-25 00:00:00-05:00,1.7480665971591676,1.7845939014554035,1.6463139057159424,1.6463139057159424,139725,0.0,0.0
2012-01-26 00:00:00-05:00,1.6541412461106513,1.6541412461106513,1.5289059282755708,1.5523877143859863,234225,0.0,0.0
2012-01-27 00:00:00-05:00,1.5158609526580675,1.5262973291039883,1.3045274262577413,1.4062809944152832,481275,0.0,0.0
2012-01-30 00:00:00-05:00,1.408889845788613,1.408889845788613,1.2575645184418445,1.3827989101409912,250088,0.0,0.0
2012-01-31 00:00:00-05:00,1.3723630370018745,1.5628237090344628,1.3488812549947018,1.4923793077468872,200813,0.0,0.0
2012-02-01 00:00:00-05:00,1.5158606710972502,1.604568804705705,1.4923798256750278,1.5784788131713867,147150,0.0,0.0
2012-02-02 00:00:00-05:00,1.591523292434481,1.5967414793714,1.4871615481349962,1.5602151155471802,113738,0.0,0.0
2012-02-03 00:00:00-05:00,1.7037132387719525,1.755894059336414,1.5784787445648958,1.6176141500473022,159300,0.0,0.0
2012-02-06 00:00:00-05:00,1.5732605695642552,1.6228323494794288,1.5262969909334834,1.5549969673156738,156263,0.0,0.0
2012-02-07 00:00:00-05:00,1.5523877143859863,1.57326035483388,1.5419513416768114,1.5523877143859863,66488,0.0,0.0
2012-02-08 00:00:00-05:00,1.5628240361955381,1.5628240361955381,1.3775805660929539,1.388016939163208,493088,0.0,0.0
2012-02-09 00:00:00-05:00,1.3906261744202895,1.4975979030855426,1.3384452504446587,1.4845523834228516,156263,0.0,0.0
2012-02-10 00:00:00-05:00,1.4871617485878346,1.539342575285737,1.4871617485878346,1.5184699296951294,286200,0.0,0.0
2012-02-13 00:00:00-05:00,1.5315150285331025,1.5654331886718778,1.4819432534558532,1.528905987739563,92813,0.0,0.0
2012-02-14 00:00:00-05:00,1.5262968610561978,1.5262968610561978,1.4428078695305993,1.4636796712875366,111038,0.0,0.0
2012-02-15 00:00:00-05:00,1.505425453247117,1.505425453247117,1.4480254903463414,1.4897708892822266,78300,0.0,0.0
2012-02-16 00:00:00-05:00,1.476725471796729,1.5315154484541982,1.476725471796729,1.4897708892822266,24638,0.0,0.0
2012-02-17 00:00:00-05:00,1.4688979255199455,1.6254414319992065,1.4688979255199455,1.6254414319992065,110025,0.0,0.0
2012-02-21 00:00:00-05:00,1.6202232604746165,1.6410959031535597,1.547169693406354,1.6384868621826172,185963,0.0,0.0
2012-02-22 00:00:00-05:00,1.6619677809413866,1.6958859449144785,1.6254415206140636,1.6593587398529053,90450,0.0,0.0
2012-02-23 00:00:00-05:00,1.6697952418306297,1.6854496994994992,1.6358779150277876,1.6437052488327026,41850,0.0,0.0
2012-02-24 00:00:00-05:00,1.6567497299900735,1.761112320230558,1.594132427774921,1.7011041641235352,222750,0.0,0.0
2012-02-27 00:00:00-05:00,1.7011040683460412,1.7063222552980262,1.5993505249722557,1.6828404664993286,165375,0.0,0.0
2012-02-28 00:00:00-05:00,1.6463144092555335,1.6463144092555335,1.612396240234375,1.612396240234375,97875,0.0,0.0
2012-02-29 00:00:00-05:00,1.630659736259204,1.6332687773932815,1.6097869873046875,1.6097869873046875,35438,0.0,0.0
2012-03-01 00:00:00-05:00,1.6071778023820662,1.6254415097613828,1.6071778023820662,1.6150051355361938,59738,0.0,0.0
2012-03-02 00:00:00-05:00,1.6410960962929793,1.6750134229660034,1.6150052636310719,1.6750134229660034,88425,0.0,0.0
2012-03-05 00:00:00-05:00,1.6750134891412665,1.6958861351013184,1.6567498845622897,1.6958861351013184,82013,0.0,0.0
2012-03-06 00:00:00-05:00,1.6489232865889654,1.7454577005046203,1.6489232865889654,1.6776223182678223,58388,0.0,0.0
2012-03-07 00:00:00-05:00,1.6802313797116881,1.7350213439947078,1.6776222338215774,1.7193676233291626,53663,0.0,0.0
2012-03-08 00:00:00-05:00,1.7428490340507259,1.9541825592776978,1.7376308458567375,1.8733017444610596,155588,0.0,0.0
2012-03-09 00:00:00-05:00,1.9254829649735608,2.087243716913301,1.9202648829735993,2.084634780883789,278438,0.0,0.0
2012-03-12 00:00:00-04:00,2.113335021550202,2.329886606359042,2.113335021550202,2.202043056488037,354375,0.0,0.0
2012-03-13 00:00:00-04:00,2.3037957018221342,2.5125200512121877,2.2829237917355223,2.4394664764404297,394875,0.0,0.0
2012-03-14 00:00:00-04:00,2.4942577090300038,2.4942577090300038,2.12638062676009,2.26987886428833,475200,0.0,0.0
2012-03-15 00:00:00-04:00,2.4107666822429854,2.462947492978186,2.3064042210089832,2.4342477321624756,220388,0.0,0.0
2012-03-16 00:00:00-04:00,2.4733842728123743,2.5647014414460885,2.447293443261807,2.504692554473877,317588,0.0,0.0
2012-03-19 00:00:00-04:00,2.603837326247878,2.7342900232152227,2.520347373452535,2.671672821044922,784013,0.0,0.0
2012-03-20 00:00:00-04:00,2.7264625513684666,2.7786442133422558,2.648190688230622,2.684717893600464,531225,0.0,0.0
2012-03-21 00:00:00-04:00,2.6768904606799517,2.8073431360561423,2.6742813147984186,2.7916886806488037,293625,0.0,0.0
2012-03-22 00:00:00-04:00,2.802124821012794,2.830824795648426,2.687326811938623,2.7760348320007324,437738,0.0,0.0
2012-03-23 00:00:00-04:00,2.7499441798675264,2.7890796907518083,2.70037250475531,2.7838613986968994,170775,0.0,0.0
2012-03-26 00:00:00-04:00,2.7942981387830574,2.909097219969087,2.7942981387830574,2.903878927230835,406688,0.0,0.0
2012-03-27 00:00:00-04:00,2.9038784867693983,3.068248384863556,2.9012695507369664,3.055203914642334,511988,0.0,0.0
2012-03-28 00:00:00-04:00,3.0891215013890156,3.170002306982674,3.065639814649466,3.099557876586914,456638,0.0,0.0
2012-03-29 00:00:00-04:00,3.170002401869445,3.170002401869445,2.781253659855066,2.9508416652679443,806963,0.0,0.0
2012-03-30 00:00:00-04:00,3.112603080584118,3.170001983642578,2.9795412523371207,3.170001983642578,682088,0.0,0.0
2012-04-02 00:00:00-04:00,3.1569565594026217,3.4700435732767843,3.0604219391388336,3.38916277885437,745538,0.0,0.0
2012-04-03 00:00:00-04:00,3.303063811091168,3.3265454954299103,3.044767592715355,3.156956672668457,662175,0.0,0.0
2012-04-04 00:00:00-04:00,3.1282572642690827,3.1282572642690827,2.4994751723712256,2.61688232421875,1811363,0.0,0.0
2012-04-05 00:00:00-04:00,2.5699194631412103,2.656017491084894,2.4577295586853642,2.6325366497039795,805950,0.0,0.0
2012-04-09 00:00:00-04:00,2.5386106602913068,2.543828952265462,2.22552363888893,2.374239921569824,1326038,0.0,0.0
2012-04-10 00:00:00-04:00,2.3481500630195127,2.389894511686217,2.2020429181289187,2.233350992202759,437738,0.0,0.0
2012-04-11 00:00:00-04:00,2.2568330293236314,2.2698785508696275,2.0872439784582095,2.202043056488037,486675,0.0,0.0
2012-04-12 00:00:00-04:00,2.202042772858801,2.434248155838475,2.1916063989544305,2.392503499984741,658125,0.0,0.0
2012-04-13 00:00:00-04:00,2.3403229990932295,2.3768493680019116,2.25944219250231,2.3533685207366943,294638,0.0,0.0
2012-04-16 00:00:00-04:00,2.3638030951375515,2.4420749404776156,2.1524696585657135,2.215087890625,561263,0.0,0.0
2012-04-17 00:00:00-04:00,2.2385696335827827,2.3925040309394188,2.1681251962848718,2.3872859477996826,406013,0.0,0.0
2012-04-18 00:00:00-04:00,2.3768491502513425,2.465557177725135,2.3246683281037224,2.3951127529144287,273713,0.0,0.0
2012-04-19 00:00:00-04:00,2.4107676368399695,2.4107676368399695,2.3220595936415083,2.3872859477996826,209250,0.0,0.0
2012-04-20 00:00:00-04:00,2.397722163965689,2.429031080596116,2.3377138969529643,2.376849412918091,114075,0.0,0.0
2012-04-23 00:00:00-04:00,2.288141670328481,2.337713340067573,2.246396178177813,2.3090133666992188,201825,0.0,0.0
2012-04-24 00:00:00-04:00,2.2777052315202555,2.3846760051435134,2.220305286441016,2.3507587909698486,237600,0.0,0.0
2012-04-25 00:00:00-04:00,2.387285660741614,2.387285660741614,2.264660196850403,2.33249568939209,151875,0.0,0.0
2012-04-26 00:00:00-04:00,2.7395069438270534,3.352634443466848,2.7395069438270534,2.9847586154937744,2426288,0.0,0.0
2012-04-27 00:00:00-04:00,2.9638871743556945,3.4856985996852075,2.9482327161282766,3.3917722702026367,1980450,0.0,0.0
2012-04-30 00:00:00-04:00,3.3317638738929913,3.496133779059533,3.290018376286634,3.376117467880249,698625,0.0,0.0
2012-05-01 00:00:00-04:00,3.3813360532310646,3.391772429185518,3.282191636339138,3.3708996772766113,577125,0.0,0.0
2012-05-02 00:00:00-04:00,3.389162481183448,3.545705974371278,3.321327002458874,3.5326602458953857,698625,0.0,0.0
2012-05-03 00:00:00-04:00,3.522224667022909,3.522224667022909,3.1308668138957025,3.232619524002075,722925,0.0,0.0
2012-05-04 00:00:00-04:00,3.2508832528123794,3.391772110582983,3.0630314424515745,3.368290424346924,449888,0.0,0.0
2012-05-07 00:00:00-04:00,3.266537450873939,3.3656810108150035,3.1595658230453956,3.295236587524414,577125,0.0,0.0
2012-05-08 00:00:00-04:00,3.3213273940066954,3.391771816790152,3.1960930045745104,3.313500165939331,377663,0.0,0.0
2012-05-09 00:00:00-04:00,3.2613195005645568,3.389163042086132,3.1752204076062607,3.3839447498321533,502875,0.0,0.0
2012-05-10 00:00:00-04:00,3.391772206042755,3.775302856363042,3.3682905191458157,3.5352702140808105,1066500,0.0,0.0
2012-05-11 00:00:00-04:00,3.5274426001092682,3.5274426001092682,3.342199962007133,3.428297996520996,550800,0.0,0.0
2012-05-14 00:00:00-04:00,3.4256893657295953,3.456998490959969,3.2221833058170493,3.3343732357025146,382725,0.0,0.0
2012-05-15 00:00:00-04:00,3.30828195506604,3.6396319587919,3.2795819781545736,3.5665783882141113,536625,0.0,0.0
2012-05-16 00:00:00-04:00,3.5274424930064203,3.6526768718861904,3.4569978662177814,3.6135413646698,386100,0.0,0.0
2012-05-17 00:00:00-04:00,3.623978066794814,3.623978066794814,3.1960932105174225,3.2404468059539795,495113,0.0,0.0
2012-05-18 00:00:00-04:00,3.256101073023563,3.2613193650607277,3.0734667300691463,3.170001983642578,443475,0.0,0.0
2012-05-21 00:00:00-04:00,3.1700014871618283,3.214355073062668,2.9090963735084965,3.0786843299865723,536625,0.0,0.0
2012-05-22 00:00:00-04:00,3.123040074486206,3.506570759227539,3.0943400924090985,3.3787271976470947,610875,0.0,0.0
2012-05-23 00:00:00-04:00,3.3161093123007332,3.548315763399215,3.290018480441256,3.4830892086029053,425250,0.0,0.0
2012-05-24 00:00:00-04:00,3.582233241076646,3.652677673381763,3.4569986247761157,3.5717966556549072,608850,0.0,0.0
2012-05-25 00:00:00-04:00,3.57179647317303,3.6526774867677023,3.522224794362055,3.6239781379699707,434025,0.0,0.0
2012-05-29 00:00:00-04:00,3.6526772697766794,3.7179034021637203,3.5561426442296855,3.5796236991882324,735750,0.0,0.0
2012-05-30 00:00:00-04:00,3.537878769168147,3.5561423703496136,3.342199967195544,3.412644386291504,367875,0.0,0.0
2012-05-31 00:00:00-04:00,3.4152535268558744,3.490915187862111,3.1804381670777464,3.428297996520996,354038,0.0,0.0
2012-06-01 00:00:00-04:00,3.365680924449411,3.365680924449411,3.0656394267763964,3.1334755420684814,441113,0.0,0.0
2012-06-04 00:00:00-04:00,3.1360843465032935,3.15173880483611,2.820389182592378,2.903878927230835,562613,0.0,0.0
2012-06-05 00:00:00-04:00,2.8699606772043165,2.9743233760550787,2.7682079643165047,2.9586687088012695,476550,0.0,0.0
2012-06-06 00:00:00-04:00,3.0134583971528417,3.1908746536602983,2.9351867477470415,3.1334755420684814,460013,0.0,0.0
2012-06-07 00:00:00-04:00,3.2221824469559714,3.3474168150870964,3.0917297877068877,3.2926268577575684,815063,0.0,0.0
2012-06-08 00:00:00-04:00,3.2326193016211717,3.496133595058915,3.151738296514625,3.462216377258301,394200,0.0,0.0
2012-06-11 00:00:00-04:00,3.480480192199578,3.4961338092026653,3.3108911536358114,3.4022083282470703,425588,0.0,0.0
2012-06-12 00:00:00-04:00,3.3891633610889986,3.441344189130772,3.250883431984905,3.3604633808135986,215325,0.0,0.0
2012-06-13 00:00:00-04:00,3.3656810108150035,3.4100354434766698,3.2482738486049625,3.295236587524414,468450,0.0,0.0
2012-06-14 00:00:00-04:00,3.274364735975159,3.430907411704952,3.201311165391806,3.394381046295166,488700,0.0,0.0
2012-06-15 00:00:00-04:00,3.4074264286145355,3.4726525583539596,3.2639282293886187,3.3656809329986572,561263,0.0,0.0
2012-06-18 00:00:00-04:00,3.331764262366649,3.7309495939690276,3.3030642819011837,3.6892049312591553,1287563,0.0,0.0
2012-06-19 00:00:00-04:00,3.717903323081537,3.7309490531397227,3.503960908001159,3.556142568588257,920025,0.0,0.0
2012-06-20 00:00:00-04:00,3.5561422655768444,3.710075988800725,3.443952565631889,3.503960609436035,843413,0.0,0.0
2012-06-21 00:00:00-04:00,3.5222246406317943,3.6422407429107073,3.065639607317168,3.112603187561035,981788,0.0,0.0
2012-06-22 00:00:00-04:00,3.1569567572680364,3.227401182349197,3.0525949026311774,3.130866765975952,2131988,0.0,0.0
2012-06-25 00:00:00-04:00,3.026504224706387,3.0969486533518022,2.8986606786330675,3.0317223072052,535950,0.0,0.0
2012-06-26 00:00:00-04:00,3.0578126346933945,3.1178206743720702,2.9638863319081965,3.0786843299865723,205875,0.0,0.0
2012-06-27 00:00:00-04:00,3.0656389061022216,3.1465196877256685,2.961277074521068,3.125647783279419,521438,0.0,0.0
2012-06-28 00:00:00-04:00,3.0760757934262717,3.1126029969410887,2.9978039342634437,3.089121103286743,244013,0.0,0.0
2012-06-29 00:00:00-04:00,3.1830472571735826,3.410035175388515,3.164783656340443,3.326545238494873,703350,0.0,0.0
2012-07-02 00:00:00-04:00,3.31871878006617,3.49091593568664,3.2952370920994563,3.488306999206543,378675,0.0,0.0
2012-07-03 00:00:00-04:00,3.5300521531908187,3.665722715090418,3.501351965278356,3.590059995651245,320288,0.0,0.0
2012-07-05 00:00:00-04:00,3.590059629923122,3.702248704689439,3.5222243558838673,3.6996395587921143,375638,0.0,0.0
2012-07-06 00:00:00-04:00,3.6918132515505824,3.7439940682616846,3.530051670041545,3.7152938842773438,356063,0.0,0.0
2012-07-09 00:00:00-04:00,3.754430129831916,3.9005372524261475,3.6657221140048932,3.9005372524261475,1055363,0.0,0.0
2012-07-10 00:00:00-04:00,3.9005378648747198,3.978809729932386,3.459607492064335,3.58223295211792,1504575,0.0,0.0
2012-07-11 00:00:00-04:00,3.582233055398303,3.7805210301405303,3.5535337066219084,3.7674765586853027,377663,0.0,0.0
2012-07-12 00:00:00-04:00,3.728340655186591,3.913583341070027,3.639632612165616,3.874447822570801,317250,0.0,0.0
2012-07-13 00:00:00-04:00,3.9292380022868807,3.9579377758841026,3.7231225534138885,3.819658041000366,432675,0.0,0.0
2012-07-16 00:00:00-04:00,3.8092209022966954,3.8092209022966954,3.6526775832965837,3.707467555999756,231188,0.0,0.0
2012-07-17 00:00:00-04:00,3.7413847686008146,3.7961747288648375,3.6396314454052754,3.736166477203369,354038,0.0,0.0
2012-07-18 00:00:00-04:00,3.712685865092112,3.7805211496704487,3.4491713259229755,3.5222249031066895,356738,0.0,0.0
2012-07-19 00:00:00-04:00,3.5352698657153314,3.6004964174333542,3.230010275486003,3.3213274478912354,644288,0.0,0.0
2012-07-20 00:00:00-04:00,3.2508837376052786,3.303064570552649,3.1856573815095817,3.261320114135742,258525,0.0,0.0
2012-07-23 00:00:00-04:00,3.1700019881107995,3.290018296374993,3.130866687245372,3.2482738494873047,306113,0.0,0.0
2012-07-24 00:00:00-04:00,3.2561009145074093,3.263928142241164,3.1647837474757776,3.1908745765686035,171450,0.0,0.0
2012-07-25 00:00:00-04:00,3.240446856117887,3.3187185132238954,3.1804385926679797,3.2169649600982666,317588,0.0,0.0
2012-07-26 00:00:00-04:00,3.4178620239837354,3.5717963993856916,3.3135003760734527,3.4830892086029053,945000,0.0,0.0
2012-07-27 00:00:00-04:00,3.4856980289409596,3.4856980289409596,3.376117259173602,3.38916277885437,332100,0.0,0.0
2012-07-30 00:00:00-04:00,3.3943807504754266,3.4465615678574926,3.130866468020895,3.138692855834961,495788,0.0,0.0
2012-07-31 00:00:00-04:00,3.109994148909947,3.188265805629758,3.0030225138305173,3.036940574645996,576450,0.0,0.0
2012-08-01 00:00:00-04:00,3.055204070508254,3.091730436471376,2.8073433780897132,2.8830060958862305,357413,0.0,0.0
2012-08-02 00:00:00-04:00,2.8438706401911586,2.9612778085501907,2.7421170891356166,2.922142505645752,413100,0.0,0.0
2012-08-03 00:00:00-04:00,3.0082402714998584,3.339590885993483,2.984759427836002,3.250882863998413,488363,0.0,0.0
2012-08-06 00:00:00-04:00,3.26392822031442,3.2691465122223655,3.14652022138156,3.1673929691314697,223425,0.0,0.0
2012-08-07 00:00:00-04:00,3.1960935316629273,3.2091380041823756,3.0891216770221193,3.1517388820648193,150525,0.0,0.0
2012-08-08 00:00:00-04:00,3.1178208690159996,3.128257242166397,3.0291128519126906,3.1021664142608643,176850,0.0,0.0
2012-08-09 00:00:00-04:00,3.0995577893506896,3.2769732235481746,3.083903331964914,3.2169649600982666,189338,0.0,0.0
2012-08-10 00:00:00-04:00,3.203920245681232,3.274364668751384,3.0343312132755544,3.0656394958496094,177525,0.0,0.0
2012-08-13 00:00:00-04:00,3.0552038617490873,3.0682483317444773,2.935186718047822,3.060421943664551,202500,0.0,0.0
2012-08-14 00:00:00-04:00,3.0734662509880812,3.2352278204608984,3.0552034913503863,3.222182512283325,212963,0.0,0.0
2012-08-15 00:00:00-04:00,3.2430556914765987,3.3213275560880398,3.133475752831622,3.185656785964966,292275,0.0,0.0
2012-08-16 00:00:00-04:00,3.177829066731252,3.263927936553955,3.130866333111029,3.263927936553955,170775,0.0,0.0
2012-08-17 00:00:00-04:00,3.2717559467912527,3.3917722702026367,3.156957076319114,3.3917722702026367,276750,0.0,0.0
2012-08-20 00:00:00-04:00,3.39177109796166,3.39177109796166,3.339590288374539,3.373507499694824,242325,0.0,0.0
2012-08-21 00:00:00-04:00,3.3917713531038944,3.3917713531038944,3.2874088863155198,3.308281421661377,224775,0.0,0.0
2012-08-22 00:00:00-04:00,3.313500536141077,3.363072216322679,3.295236931963075,3.3108913898468018,68175,0.0,0.0
2012-08-23 00:00:00-04:00,3.3108907545813766,3.3708987984852867,3.271755247203937,3.347417116165161,168413,0.0,0.0
2012-08-24 00:00:00-04:00,3.344809265042363,3.370899256940792,3.279582080916297,3.318718433380127,166050,0.0,0.0
2012-08-27 00:00:00-04:00,3.357853896248881,3.386553873633712,3.2717556436219764,3.34220027923584,218363,0.0,0.0
2012-08-28 00:00:00-04:00,3.326545933106668,3.5535338987186664,3.326545933106668,3.5117886066436768,444150,0.0,0.0
2012-08-29 00:00:00-04:00,3.511788187789734,3.6474589537503435,3.4804801147167503,3.6109325885772705,285188,0.0,0.0
2012-08-30 00:00:00-04:00,3.577014695376346,3.6239780668068096,3.2795821090596116,3.331763982772827,249750,0.0,0.0
2012-08-31 00:00:00-04:00,3.3813358947373686,3.41786226413145,3.297845940720066,3.3917722702026367,139388,0.0,0.0
2012-09-04 00:00:00-04:00,3.3787266139658834,3.428298290183462,3.295236668457902,3.376117467880249,156263,0.0,0.0
2012-09-05 00:00:00-04:00,3.399598899517234,3.5196152017538638,3.3552444690711263,3.4856979846954346,169763,0.0,0.0
2012-09-06 00:00:00-04:00,3.5378794334777166,3.5717966565793993,3.4569986256708947,3.558751344680786,256500,0.0,0.0
2012-09-07 00:00:00-04:00,3.579623830840219,3.6109327450335464,3.5222247146616597,3.577014684677124,155588,0.0,0.0
2012-09-10 00:00:00-04:00,3.582232455038474,3.6239775279196267,3.475261466816362,3.6135413646698,125550,0.0,0.0
2012-09-11 00:00:00-04:00,3.6135410878218264,3.623977250272097,3.519614786005766,3.553532838821411,224438,0.0,0.0
2012-09-12 00:00:00-04:00,3.5770146846364232,3.5770146846364232,3.483089201703227,3.563969373703003,49950,0.0,0.0
2012-09-13 00:00:00-04:00,3.579623730182696,3.6135417895853568,3.498742720692528,3.5457065105438232,372600,0.0,0.0
2012-09-14 00:00:00-04:00,3.574404591517191,3.910972600693303,3.574404591517191,3.811828851699829,754313,0.0,0.0
2012-09-17 00:00:00-04:00,3.809219834129988,3.822265561927185,3.6970311937739893,3.7961745262145996,357750,0.0,0.0
2012-09-18 00:00:00-04:00,3.8300929117317115,3.952718564868983,3.811829311109513,3.910973072052002,776925,0.0,0.0
2012-09-19 00:00:00-04:00,3.921408804210236,3.9788087455527883,3.7831291313208557,3.8718371391296387,420525,0.0,0.0
2012-09-20 00:00:00-04:00,3.822264687768116,3.8953182274340863,3.7622564530340483,3.8040010929107666,201150,0.0,0.0
2012-09-21 00:00:00-04:00,3.8509655846889874,3.871838335250995,3.78573944634326,3.7935664653778076,247725,0.0,0.0
2012-09-24 00:00:00-04:00,3.866619263537661,3.892710301453453,3.790956555215582,3.8457465171813965,328725,0.0,0.0
2012-09-25 00:00:00-04:00,3.8901019137322677,4.05969012423665,3.7439947601759456,3.7987847328186035,988538,0.0,0.0
2012-09-26 00:00:00-04:00,3.783129464499044,3.783129464499044,3.522224128975605,3.657895088195801,622350,0.0,0.0
2012-09-27 00:00:00-04:00,3.652677105755276,3.9501096668872933,3.6031054321151443,3.90836501121521,336825,0.0,0.0
2012-09-28 00:00:00-04:00,3.908365555784237,4.0414273990723455,3.835311978297357,4.0362091064453125,252788,0.0,0.0
2012-10-01 00:00:00-04:00,4.085779882532308,4.845014839133819,4.085779882532308,4.824142932891846,1718888,0.0,0.0
2012-10-02 00:00:00-04:00,4.8241439616947615,5.145057618843677,4.338858706828023,4.4327850341796875,1825200,0.0,0.0
2012-10-03 00:00:00-04:00,4.440612672160129,4.6493372469151675,4.440612672160129,4.594547271728516,465075,0.0,0.0
2012-10-04 00:00:00-04:00,4.649336873258295,4.727608320074715,4.469312083710423,4.518884181976318,419175,0.0,0.0
2012-10-05 00:00:00-04:00,4.565846442542483,4.678036363398495,4.3806037914971245,4.552801132202148,553838,0.0,0.0
2012-10-08 00:00:00-04:00,4.503229082562233,4.6284634635882025,4.448439119591218,4.490183353424072,283500,0.0,0.0
2012-10-09 00:00:00-04:00,4.518884467527599,4.560628709950448,4.27363268701825,4.315378189086914,390150,0.0,0.0
2012-10-10 00:00:00-04:00,4.294504126957317,4.404084041994035,4.046644115518001,4.096216201782227,448875,0.0,0.0
2012-10-11 00:00:00-04:00,4.09882643810244,4.863279420513463,4.09882643810244,4.4693121910095215,1254150,0.0,0.0
2012-10-12 00:00:00-04:00,4.526710379461233,4.795443151870883,4.255368881207108,4.719780445098877,748238,0.0,0.0
2012-10-15 00:00:00-04:00,4.743262768024765,4.936332868307791,4.615418383431066,4.717172145843506,455625,0.0,0.0
2012-10-16 00:00:00-04:00,4.777180400235711,4.9650326276706265,4.738044886916774,4.915460109710693,447863,0.0,0.0
2012-10-17 00:00:00-04:00,4.96764119120851,5.165930013665417,4.96764119120851,5.06678581237793,955800,0.0,0.0
2012-10-18 00:00:00-04:00,5.098094045331759,5.304209439378348,5.061566841443123,5.21811056137085,976388,0.0,0.0
2012-10-19 00:00:00-04:00,5.218110020582007,5.3042088896664845,5.061566316877988,5.17897367477417,556200,0.0,0.0
2012-10-22 00:00:00-04:00,5.165929754669553,5.2181109990219845,4.631073259702864,4.821534633636475,960863,0.0,0.0
2012-10-23 00:00:00-04:00,4.730217193130825,4.79805247111341,4.338858302119856,4.722390174865723,1217025,0.0,0.0
2012-10-24 00:00:00-04:00,4.813707154593514,5.176365844421051,4.813707154593514,5.085048675537109,669263,0.0,0.0
2012-10-25 00:00:00-04:00,4.996340264355504,4.998948990215408,4.385821574761552,4.889369487762451,1197450,0.0,0.0
2012-10-26 00:00:00-04:00,4.915460119249179,4.962423910992384,4.500620570137322,4.6519455909729,398588,0.0,0.0
2012-10-31 00:00:00-04:00,4.74587143169556,4.7902252329650015,4.500620111985284,4.610200881958008,390150,0.0,0.0
2012-11-01 00:00:00-04:00,4.631072998668199,4.6962991305502975,4.526710935727711,4.644118309020996,235913,0.0,0.0
2012-11-02 00:00:00-04:00,4.662381960887771,4.667600253036957,4.331032166107407,4.435393810272217,537300,0.0,0.0
2012-11-05 00:00:00-05:00,4.388430694548777,4.771961260215919,4.3127679877767715,4.719780445098877,426938,0.0,0.0
2012-11-06 00:00:00-05:00,4.75369884041898,5.074612031059913,4.751089694505702,5.045912265777588,1336163,0.0,0.0
2012-11-07 00:00:00-05:00,5.032867526075907,5.087657487908461,4.8919782730116275,4.99894905090332,672300,0.0,0.0
2012-11-08 00:00:00-05:00,5.022431949165412,5.087658507158986,4.918069456375695,5.040694713592529,629438,0.0,0.0
2012-11-09 00:00:00-05:00,4.9702493326350305,5.040693749870784,4.860669407967312,4.920677661895752,416138,0.0,0.0
2012-11-12 00:00:00-05:00,4.9180691547667275,4.970249978079581,4.649336760030302,4.805880069732666,556875,0.0,0.0
2012-11-13 00:00:00-05:00,4.764134883880615,4.858061211769808,4.696299599182464,4.764134883880615,231863,0.0,0.0
2012-11-14 00:00:00-05:00,4.787615898772747,4.787615898772747,4.409302770248655,4.477138042449951,821475,0.0,0.0
2012-11-15 00:00:00-05:00,4.492793312750783,4.492793312750783,4.190143678755434,4.312768936157227,839025,0.0,0.0
2012-11-16 00:00:00-05:00,4.3466861427781245,4.544974122871612,4.255369801544169,4.498011589050293,462375,0.0,0.0
2012-11-19 00:00:00-05:00,4.657163722396612,4.889370167836744,4.607592045817654,4.7667436599731445,831938,0.0,0.0
2012-11-20 00:00:00-05:00,4.863278858448602,4.863278858448602,4.685862811463626,4.771961688995361,515700,0.0,0.0
2012-11-21 00:00:00-05:00,4.813707614936375,4.868497585600899,4.717172144931612,4.821534633636475,415800,0.0,0.0
2012-11-23 00:00:00-05:00,4.865887691295332,4.865887691295332,4.782397545214968,4.813706874847412,137700,0.0,0.0
2012-11-26 00:00:00-05:00,4.714562783163763,4.756307440831401,4.565846495488548,4.633681774139404,414450,0.0,0.0
2012-11-27 00:00:00-05:00,4.599764775727074,4.625854978082107,4.445830608387394,4.453657627105713,472500,0.0,0.0
2012-11-28 00:00:00-05:00,4.370167888018698,4.5006205793257505,4.33624982718042,4.440612316131592,494100,0.0,0.0
2012-11-29 00:00:00-05:00,4.518884074341864,4.539756823560069,4.398867550835267,4.451048374176025,232200,0.0,0.0
2012-11-30 00:00:00-05:00,4.477138316982943,4.563237195368288,4.41452091271343,4.534538269042969,274725,0.0,0.0
2012-12-03 00:00:00-05:00,4.537147946700815,4.610201523595483,4.419739722599788,4.4327850341796875,213638,0.0,0.0
2012-12-04 00:00:00-05:00,4.409303300059942,4.422348610878738,4.195360454560821,4.226669788360596,307463,0.0,0.0
2012-12-05 00:00:00-05:00,4.239715268458355,4.239715268458355,4.017945395566119,4.046645164489746,657113,0.0,0.0
2012-12-06 00:00:00-05:00,4.049254288341192,4.10926255221899,3.8718382230557684,3.934455633163452,430313,0.0,0.0
2012-12-07 00:00:00-05:00,3.9396731673934315,4.096216889159277,3.910973401093317,4.049253940582275,413775,0.0,0.0
2012-12-10 00:00:00-05:00,4.01794635282341,4.049255275450559,3.897930215692733,4.007510185241699,449550,0.0,0.0
2012-12-11 00:00:00-05:00,4.044035368513023,4.106652342523391,3.981417134857231,4.004899024963379,587250,0.0,0.0
2012-12-12 00:00:00-05:00,4.0231633386235535,4.059689703343797,3.926627875141903,3.9396731853485107,155925,0.0,0.0
2012-12-13 00:00:00-05:00,3.934456080434,4.002291370831083,3.8796661027874277,3.916192054748535,231525,0.0,0.0
2012-12-14 00:00:00-05:00,3.90314708998694,3.9631553531257917,3.783130143827325,3.801393747329712,496125,0.0,0.0
2012-12-17 00:00:00-05:00,3.7439944970707963,3.952719047466498,3.668331779321546,3.9370641708374023,430313,0.0,0.0
2012-12-18 00:00:00-05:00,3.952718427755982,4.08577981965906,3.8901010304662904,4.064907073974609,273038,0.0,0.0
2012-12-19 00:00:00-05:00,4.070126812116438,4.111872318324023,3.9814187661007643,4.02316427230835,193388,0.0,0.0
2012-12-20 00:00:00-05:00,3.9892444069086634,4.025771603396841,3.8874915134291657,3.97359037399292,300713,0.0,0.0
2012-12-21 00:00:00-05:00,3.8848832176269097,3.9422823305956354,3.7126854588388505,3.9266278743743896,387113,0.0,0.0
2012-12-24 00:00:00-05:00,3.9057552779773843,3.9918533024435465,3.783129215704127,3.9214088916778564,77288,0.0,0.0
2012-12-26 00:00:00-05:00,3.9266277664153697,3.929236912360822,3.82487527336145,3.8300931453704834,196763,0.0,0.0
2012-12-27 00:00:00-05:00,3.7987841111976284,3.9214093479760344,3.7987841111976284,3.8979287147521973,194400,0.0,0.0
2012-12-28 00:00:00-05:00,3.879666139434953,3.9448922839216705,3.853575093805511,3.882274866104126,177188,0.0,0.0
2012-12-31 00:00:00-05:00,3.8718390993445717,4.096218168022571,3.848357197843003,4.059690952301025,250425,0.0,0.0
2013-01-02 00:00:00-05:00,4.169269769604575,4.458874851264677,4.169269769604575,4.424956798553467,643950,0.0,0.0
2013-01-03 00:00:00-05:00,4.4301748111308585,4.482356044767781,4.211014133713976,4.310158729553223,619988,0.0,0.0
2013-01-04 00:00:00-05:00,4.338858454930523,4.435393922970073,4.289286777663156,4.3310322761535645,211275,0.0,0.0
2013-01-07 00:00:00-05:00,4.328422478861054,4.328422478861054,4.177097064037187,4.263195514678955,181238,0.0,0.0
2013-01-08 00:00:00-05:00,4.239714574392538,4.317986429616919,4.184924611640952,4.304940700531006,193725,0.0,0.0
2013-01-09 00:00:00-05:00,4.31798669720741,4.383212827388014,4.231887399195811,4.351903915405273,221400,0.0,0.0
2013-01-10 00:00:00-05:00,4.377993795295981,4.430174606642513,4.3519031796818135,4.370166778564453,158288,0.0,0.0
2013-01-11 00:00:00-05:00,4.430175405634176,4.430175405634176,4.323204618110924,4.341467380523682,155250,0.0,0.0
2013-01-14 00:00:00-05:00,4.33885871898394,4.364949762098765,4.23971535841556,4.325814247131348,172800,0.0,0.0
2013-01-15 00:00:00-05:00,4.304941497257035,4.338858719630153,4.263196416101798,4.312768936157227,204188,0.0,0.0
2013-01-16 00:00:00-05:00,4.2892861323990585,4.310158878504246,4.213623424987126,4.263195514678955,94163,0.0,0.0
2013-01-17 00:00:00-05:00,4.2736318306755425,4.289286285843994,3.9970720287361003,4.174488067626953,258863,0.0,0.0
2013-01-18 00:00:00-05:00,4.1797074207352605,4.257979296572591,4.070126626610213,4.177098274230957,167738,0.0,0.0
2013-01-22 00:00:00-05:00,4.153616984767649,4.174489317989462,3.9918549327116706,4.02316427230835,309150,0.0,0.0
2013-01-23 00:00:00-05:00,3.9944633176553817,3.999681609906781,3.8405291547038014,3.903146982192993,384075,0.0,0.0
2013-01-24 00:00:00-05:00,3.8848840570684615,4.09882693871443,3.8483568446988325,4.075345039367676,463388,0.0,0.0
2013-01-25 00:00:00-05:00,4.104044358035602,4.435394180472053,4.023163762145764,4.4327850341796875,554850,0.0,0.0
2013-01-28 00:00:00-05:00,4.435393008614164,4.526710165546914,4.252759534512296,4.414520263671875,452250,0.0,0.0
2013-01-29 00:00:00-05:00,4.409302752463185,4.4353933708605515,4.252759881842684,4.291895389556885,145800,0.0,0.0
2013-01-30 00:00:00-05:00,4.265804931306254,4.34407679714111,4.122306930490924,4.137961387634277,189338,0.0,0.0
2013-01-31 00:00:00-05:00,4.135353579695885,4.3075513868675355,4.0596908432292516,4.294506072998047,193725,0.0,0.0
2013-02-01 00:00:00-05:00,4.336249620819837,4.529320132214965,4.304941127553593,4.500620365142822,381375,0.0,0.0
2013-02-04 00:00:00-05:00,4.484965651796061,4.484965651796061,4.174488594272509,4.216233253479004,251438,0.0,0.0
2013-02-05 00:00:00-05:00,4.2162335115400404,4.315378132928533,4.096217399034643,4.302332401275635,326363,0.0,0.0
2013-02-06 00:00:00-05:00,4.310158761836754,4.310158761836754,4.153615479635287,4.17970609664917,234563,0.0,0.0
2013-02-07 00:00:00-05:00,4.169269628126785,4.174487499217888,3.9683725636607012,4.0153350830078125,250088,0.0,0.0
2013-02-08 00:00:00-05:00,3.9788088290666295,4.072734290082182,3.937063339962768,4.004899024963379,230513,0.0,0.0
2013-02-11 00:00:00-05:00,4.002291048450487,4.096217376664882,3.9396736362682008,3.957937240600586,283500,0.0,0.0
2013-02-12 00:00:00-05:00,3.978809986957601,4.0962173722465405,3.9631555289584326,4.0362091064453125,320288,0.0,0.0
2013-02-13 00:00:00-05:00,4.044036032293638,4.044036032293638,3.952718862080055,3.991853952407837,209250,0.0,0.0
2013-02-14 00:00:00-05:00,3.9814170546823937,4.12230587319132,3.9814170546823937,4.10665225982666,392175,0.0,0.0
2013-02-15 00:00:00-05:00,4.124915920511989,4.16927056397402,3.9370641214305673,3.947500705718994,298013,0.0,0.0
2013-02-19 00:00:00-05:00,3.9396736362682008,4.04925442249865,3.913583012868754,3.957937240600586,232200,0.0,0.0
2013-02-20 00:00:00-05:00,3.978809730221677,4.023163535161771,3.5874508247867913,3.608323574066162,611550,0.0,0.0
2013-02-21 00:00:00-05:00,3.391771798397221,3.430907308698997,2.812561333312967,3.0056312084198,2620350,0.0,0.0
2013-02-22 00:00:00-05:00,3.1152125115297875,3.3735087709997655,3.0525953064870874,3.1517388820648193,1528538,0.0,0.0
2013-02-25 00:00:00-05:00,3.250882935610578,3.3056729016590953,3.0969483617161417,3.1152119636535645,1016888,0.0,0.0
2013-02-26 00:00:00-05:00,3.1621749436540405,3.297845716050097,3.1308668690959798,3.19348406791687,570038,0.0,0.0
2013-02-27 00:00:00-05:00,3.1752202115777837,3.451780026680983,3.1439110898096927,3.3969900608062744,780975,0.0,0.0
2013-02-28 00:00:00-05:00,3.4074267760303334,3.506570343787666,3.391772108607786,3.4596076011657715,488700,0.0,0.0
2013-03-01 00:00:00-05:00,3.45699736653344,3.686594394429478,3.415252929508915,3.6526763439178467,799875,0.0,0.0
2013-03-04 00:00:00-05:00,3.6552867873295174,3.7205129263454713,3.587451082099328,3.681377410888672,451238,0.0,0.0
2013-03-05 00:00:00-05:00,3.7179038620197646,3.7257313011893225,3.6135422052450843,3.6892049312591553,263588,0.0,0.0
2013-03-06 00:00:00-05:00,3.7126848371832644,3.7805201029804563,3.6526765882451904,3.678767204284668,180900,0.0,0.0
2013-03-07 00:00:00-05:00,3.650068838520014,3.689205197427524,3.642241398785723,3.6709415912628174,287213,0.0,0.0
2013-03-08 00:00:00-05:00,3.710076967738335,3.8274847803001237,3.6683323036219315,3.7518224716186523,392513,0.0,0.0
2013-03-11 00:00:00-04:00,3.712685239536776,3.7831296585485266,3.6526769840954496,3.710076093673706,301050,0.0,0.0
2013-03-12 00:00:00-04:00,3.6761589252436475,3.7335576156936052,3.6318042847528598,3.6996395587921143,239963,0.0,0.0
2013-03-13 00:00:00-04:00,3.691813676144459,3.736167060538573,3.678767945613989,3.7257308959960938,303750,0.0,0.0
2013-03-14 00:00:00-04:00,3.736166738493531,3.736166738493531,3.681376774397753,3.7179031372070312,203513,0.0,0.0
2013-03-15 00:00:00-04:00,3.730948759113447,3.730948759113447,3.6422403209999525,3.7152938842773438,189000,0.0,0.0
2013-03-18 00:00:00-04:00,3.6552867295876696,3.723122013864345,3.6213695073312584,3.707467555999756,196088,0.0,0.0
2013-03-19 00:00:00-04:00,3.728339965082323,3.7622580239970733,3.6265870479837354,3.676159143447876,581513,0.0,0.0
2013-03-20 00:00:00-04:00,3.6970324936697505,3.7309497183406997,3.6631140093529324,3.702249526977539,145125,0.0,0.0
2013-03-21 00:00:00-04:00,3.7048584547800547,3.7883481979370117,3.702249308457227,3.7883481979370117,250088,0.0,0.0
2013-03-22 00:00:00-04:00,3.798785287528756,3.8274850611259783,3.7831308273955453,3.819658041000366,119813,0.0,0.0
2013-03-25 00:00:00-04:00,3.832702661673106,3.9709827914436038,3.7961754546708657,3.827484369277954,299363,0.0,0.0
2013-03-26 00:00:00-04:00,3.8300917027745722,3.850963602831219,3.743992858176699,3.8040010929107666,94500,0.0,0.0
2013-03-27 00:00:00-04:00,3.8640104513991274,4.1666613108200865,3.861401305394075,4.143179416656494,515363,0.0,0.0
2013-03-28 00:00:00-04:00,4.130134004461666,4.130134004461666,4.0414268214186695,4.111871242523193,188663,0.0,0.0
2013-04-01 00:00:00-04:00,4.080562806020084,4.1066534286993965,3.9918543530048876,4.046645164489746,378675,0.0,0.0
2013-04-02 00:00:00-04:00,4.072735597266999,4.088390055734949,3.8483565654601786,3.869229316711426,390150,0.0,0.0
2013-04-03 00:00:00-04:00,3.8718372281474904,3.8718372281474904,3.7466028599942947,3.7961745262145996,419850,0.0,0.0
2013-04-04 00:00:00-04:00,3.806611826274893,3.8483560636886978,3.7883478039147236,3.809220552444458,190350,0.0,0.0
2013-04-05 00:00:00-04:00,3.73877610746506,3.8927106850583755,3.7074671947862665,3.8796653747558594,222750,0.0,0.0
2013-04-08 00:00:00-04:00,3.8614005162556686,3.8927098420358615,3.777910800329599,3.811828851699829,249413,0.0,0.0
2013-04-09 00:00:00-04:00,3.8040021659610055,3.8666191434393657,3.717902877194141,3.736166477203369,226800,0.0,0.0
2013-04-10 00:00:00-04:00,3.7283396922349725,3.931845931421042,3.691813329704876,3.8979287147521973,210938,0.0,0.0
2013-04-11 00:00:00-04:00,3.8666189343762563,3.950109072930194,3.830092576096395,3.9214088916778564,72225,0.0,0.0
2013-04-12 00:00:00-04:00,3.8796651136052915,3.968373133714853,3.874446821882788,3.8979287147521973,93150,0.0,0.0
2013-04-15 00:00:00-04:00,3.843137117183196,3.850964554004712,3.7335572005001336,3.7387754917144775,214313,0.0,0.0
2013-04-16 00:00:00-04:00,3.764866610277018,3.8248748611458314,3.7596483189485013,3.775301933288574,81000,0.0,0.0
2013-04-17 00:00:00-04:00,3.717902459771757,3.73094818680068,3.5796227918465826,3.6526763439178467,229163,0.0,0.0
2013-04-18 00:00:00-04:00,3.6448493595496094,3.783129464499044,3.6213687275138087,3.657895088195801,153225,0.0,0.0
2013-04-19 00:00:00-04:00,3.7022489244422676,3.728339965082323,3.6631134131869043,3.676159143447876,69188,0.0,0.0
2013-04-22 00:00:00-04:00,3.6787678165415323,3.7779115861574954,3.584841919072787,3.7413852214813232,164700,0.0,0.0
2013-04-23 00:00:00-04:00,3.777911646435402,3.991854065168155,3.6944227515746446,3.965764284133911,198450,0.0,0.0
2013-04-24 00:00:00-04:00,3.939672526148485,4.195359555699017,3.9370633805673583,4.187533378601074,426263,0.0,0.0
2013-04-25 00:00:00-04:00,4.435394720186673,5.01982340645939,4.435394720186673,4.949378967285156,2141438,0.0,0.0
2013-04-26 00:00:00-04:00,4.9285060830150185,5.027650712374919,4.604983668705488,4.774571895599365,772538,0.0,0.0
2013-04-29 00:00:00-04:00,4.829361169906185,5.270291755233221,4.829361169906185,5.21550178527832,838688,0.0,0.0
2013-04-30 00:00:00-04:00,5.218110144848424,5.35638983191213,5.160711037385788,5.285945415496826,398250,0.0,0.0
2013-05-01 00:00:00-04:00,5.257245106744347,5.2989905982569505,5.045911862531219,5.17897367477417,269663,0.0,0.0
2013-05-02 00:00:00-04:00,5.186801703316598,5.379872644768189,5.053739865129574,5.231156349182129,497138,0.0,0.0
2013-05-03 00:00:00-04:00,5.325081719112599,5.572942206411729,5.3068189556576755,5.43988037109375,501188,0.0,0.0
2013-05-06 00:00:00-04:00,5.544242272436171,5.557287582949824,5.42683489769519,5.4633612632751465,367538,0.0,0.0
2013-05-07 00:00:00-04:00,5.445097874166349,5.5416324890546145,5.348562419514395,5.497278690338135,268313,0.0,0.0
2013-05-08 00:00:00-04:00,5.554678117883134,5.58859617519996,5.50510644463627,5.5338053703308105,236588,0.0,0.0
2013-05-09 00:00:00-04:00,5.559896735309415,5.570332899755748,5.426834903825364,5.434662342071533,320963,0.0,0.0
2013-05-10 00:00:00-04:00,5.452925110846105,5.66686749898236,5.452925110846105,5.557286739349365,248738,0.0,0.0
2013-05-13 00:00:00-04:00,5.557287906421099,5.596424260121947,5.492061769938131,5.562506198883057,206550,0.0,0.0
2013-05-14 00:00:00-04:00,5.59120637587309,5.732095663931163,5.492062170912729,5.706004619598389,429300,0.0,0.0
2013-05-15 00:00:00-04:00,5.674694808106101,5.734703486816213,5.65643204567942,5.666868209838867,194738,0.0,0.0
2013-05-16 00:00:00-04:00,5.619904566777372,5.635559022192793,5.528588239813303,5.60946798324585,165038,0.0,0.0
2013-05-17 00:00:00-04:00,5.659040451928523,5.713830411573835,5.578159455472445,5.700784683227539,178875,0.0,0.0
2013-05-20 00:00:00-04:00,5.661649177715955,5.729484865707564,5.661649177715955,5.700784683227539,111713,0.0,0.0
2013-05-21 00:00:00-04:00,5.724267581592754,5.732095019977822,5.632950406273589,5.677303791046143,174825,0.0,0.0
2013-05-22 00:00:00-04:00,5.6773034724339375,5.745139168554735,5.5572873759658,5.6016411781311035,184613,0.0,0.0
2013-05-23 00:00:00-04:00,5.49206107455029,5.49206107455029,5.236374013690849,5.358999252319336,377325,0.0,0.0
2013-05-24 00:00:00-04:00,5.35117255078245,5.562506259814067,5.348563404522891,5.445098876953125,154913,0.0,0.0
2013-05-28 00:00:00-04:00,5.565114917287324,5.606859154364248,5.369435683117726,5.419007778167725,188663,0.0,0.0
2013-05-29 00:00:00-04:00,5.374654242241333,5.43205335835276,5.048521889165459,5.137229919433594,364838,0.0,0.0
2013-05-30 00:00:00-04:00,5.139839755619804,5.225938651286717,5.09809509098249,5.142448902130127,325688,0.0,0.0
2013-05-31 00:00:00-04:00,5.116356747343468,5.392916560176037,5.085048675537109,5.085048675537109,171788,0.0,0.0
2013-06-03 00:00:00-04:00,5.129403390661232,5.228548023152998,4.9389428251919805,5.095486164093018,243338,0.0,0.0
2013-06-04 00:00:00-04:00,5.116356741566682,5.207673910347519,4.985904063190214,5.019822120666504,102263,0.0,0.0
2013-06-05 00:00:00-04:00,5.032867161191107,5.032867161191107,4.748479949789156,4.779788017272949,273713,0.0,0.0
2013-06-06 00:00:00-04:00,4.7745715063241505,5.001559259071553,4.7745715063241505,4.975468635559082,160313,0.0,0.0
2013-06-07 00:00:00-04:00,4.996341325967983,5.139839333671917,4.983295594487341,5.040694713592529,88088,0.0,0.0
2013-06-10 00:00:00-04:00,5.124184665774571,5.16853889134522,4.905023943756257,5.0720038414001465,185625,0.0,0.0
2013-06-11 00:00:00-04:00,4.9780775683468415,5.142448321471777,4.95198736583547,4.970250129699707,91463,0.0,0.0
2013-06-12 00:00:00-04:00,5.004167662597755,5.082439521516761,4.9754678970177455,4.993731498718262,102263,0.0,0.0
2013-06-13 00:00:00-04:00,4.9650328751806905,5.275509950429439,4.957205856103103,5.236374855041504,175163,0.0,0.0
2013-06-14 00:00:00-04:00,5.197238478412869,5.580769969495795,5.155493816996615,5.512934684753418,221063,0.0,0.0
2013-06-17 00:00:00-04:00,5.648604711104411,5.802539289950786,5.648604711104411,5.763402938842773,275400,0.0,0.0
2013-06-18 00:00:00-04:00,5.747748744812131,5.940819263700028,5.747748744812131,5.836456775665283,206550,0.0,0.0
2013-06-19 00:00:00-04:00,5.831238001668234,5.831238001668234,5.687740012354866,5.7712297439575195,113400,0.0,0.0
2013-06-20 00:00:00-04:00,5.66425981800031,5.67991343650087,5.432053769919269,5.465970993041992,225450,0.0,0.0
2013-06-21 00:00:00-04:00,5.492061194576652,5.622513453876097,5.4033527513081845,5.572941780090332,204525,0.0,0.0
2013-06-24 00:00:00-04:00,5.447706729770898,5.47118778088609,5.116356150408987,5.317254066467285,308475,0.0,0.0
2013-06-25 00:00:00-04:00,5.377263382402907,5.419008041389411,5.231156236186332,5.400744438171387,112050,0.0,0.0
2013-06-26 00:00:00-04:00,5.497279596719504,5.497279596719504,5.2155018832873346,5.325081825256348,142425,0.0,0.0
2013-06-27 00:00:00-04:00,5.408570716913075,5.479015134228015,5.351171608717403,5.460751533508301,90113,0.0,0.0
2013-06-28 00:00:00-04:00,5.455535620167661,5.492061989332837,5.3276912286798765,5.4242262840271,1205888,0.0,0.0
2013-07-01 00:00:00-04:00,5.460751815092958,5.703394409270518,5.458143928803801,5.583378314971924,111038,0.0,0.0
2013-07-02 00:00:00-04:00,5.585987185927523,5.7060032743181335,5.523369785984969,5.552068710327148,117450,0.0,0.0
2013-07-03 00:00:00-04:00,5.520761383095909,5.588596663897715,5.452926102294102,5.518152236938477,101925,0.0,0.0
2013-07-05 00:00:00-04:00,5.557287687842661,5.700785686319448,5.398135232477637,5.677303791046143,137700,0.0,0.0
2013-07-08 00:00:00-04:00,5.711222592707312,5.711222592707312,5.56772458614323,5.685131549835205,143775,0.0,0.0
2013-07-09 00:00:00-04:00,5.7399223109536175,5.758185075073339,5.661650442678789,5.708613395690918,133988,0.0,0.0
2013-07-10 00:00:00-04:00,5.685131181762985,5.784275794635919,5.682522035656506,5.766012191772461,74250,0.0,0.0
2013-07-11 00:00:00-04:00,5.880810182569341,6.219987381713361,5.80253874731864,6.1417155265808105,479925,0.0,0.0
2013-07-12 00:00:00-04:00,6.14432492660535,6.261732294279845,6.0321350110112615,6.045180320739746,290588,0.0,0.0
2013-07-15 00:00:00-04:00,6.1025799711292175,6.2252064812526795,6.084317207705763,6.13649845123291,122175,0.0,0.0
2013-07-16 00:00:00-04:00,6.162588854447454,6.180851617223241,6.02430831207533,6.0399627685546875,162338,0.0,0.0
2013-07-17 00:00:00-04:00,6.113016021535081,6.180851296286851,6.071271366266875,6.110406875610352,99900,0.0,0.0
2013-07-18 00:00:00-04:00,6.157370297519116,6.214769408965699,6.133888823750884,6.165196895599365,200475,0.0,0.0
2013-07-19 00:00:00-04:00,6.131280103075554,6.2147698400293105,6.131280103075554,6.201724529266357,49275,0.0,0.0
2013-07-22 00:00:00-04:00,6.201724315485042,6.240859826542949,6.167806256741423,6.196506023406982,123863,0.0,0.0
2013-07-23 00:00:00-04:00,6.219987283276864,6.256513644569107,6.123451828855066,6.2043328285217285,109688,0.0,0.0
2013-07-24 00:00:00-04:00,6.261733828966272,6.358268892687688,6.029527342864201,6.084318161010742,220725,0.0,0.0
2013-07-25 00:00:00-04:00,6.251295493436568,6.666135404651731,6.1886785127732455,6.509592533111572,835313,0.0,0.0
2013-07-26 00:00:00-04:00,6.433930448646443,6.762671098667803,6.363486023641866,6.488720417022705,245363,0.0,0.0
2013-07-29 00:00:00-04:00,6.496547904208746,6.653091212025274,6.2904324999307635,6.452193260192871,77625,0.0,0.0
2013-07-30 00:00:00-04:00,6.457411344131735,6.467847508331987,6.261732530583715,6.298259735107422,246038,0.0,0.0
2013-07-31 00:00:00-04:00,6.298259380780115,6.606127257072234,6.298259380780115,6.499156475067139,133988,0.0,0.0
2013-08-01 00:00:00-04:00,6.587863093672139,6.692225560661584,6.340003074335853,6.3947930335998535,104963,0.0,0.0
2013-08-02 00:00:00-04:00,6.363484148914086,6.5017642319818005,6.353047987530408,6.475673198699951,63788,0.0,0.0
2013-08-05 00:00:00-04:00,6.5017663544695,6.7183179285484815,6.5017663544695,6.692226886749268,138375,0.0,0.0
2013-08-06 00:00:00-04:00,6.67135404007952,6.7417984663006765,6.300869145708775,6.371313571929932,217688,0.0,0.0
2013-08-07 00:00:00-04:00,6.353050186272125,6.3895765538156075,6.0764903443032345,6.128671169281006,171788,0.0,0.0
2013-08-08 00:00:00-04:00,6.193896932166163,6.368704259863202,6.037353626903919,6.316522598266602,119813,0.0,0.0
2013-08-09 00:00:00-04:00,6.31913152220988,6.345222142150146,6.113016128540039,6.113016128540039,92813,0.0,0.0
2013-08-12 00:00:00-04:00,6.021700275903337,6.021700275903337,5.687740482144916,5.836456775665283,299363,0.0,0.0
2013-08-13 00:00:00-04:00,5.8755933316589255,6.021700484052456,5.760794254946977,5.961691379547119,201150,0.0,0.0
2013-08-14 00:00:00-04:00,5.953864611871207,6.123453679906041,5.9303839723451794,6.084318161010742,147150,0.0,0.0
2013-08-15 00:00:00-04:00,6.000826854784151,6.389575735584603,6.000826854784151,6.306085586547852,159638,0.0,0.0
2013-08-16 00:00:00-04:00,6.282605592315325,6.488720580347003,6.282605592315325,6.439148902893066,183263,0.0,0.0
2013-08-19 00:00:00-04:00,6.433929703962498,6.4600199021474,6.308694485313003,6.415666103363037,137700,0.0,0.0
2013-08-20 00:00:00-04:00,6.394794614796331,6.5226381646112,6.394794614796331,6.517420291900635,96188,0.0,0.0
2013-08-21 00:00:00-04:00,6.493938711327255,6.65309116410207,6.493938711327255,6.5539469718933105,105638,0.0,0.0
2013-08-22 00:00:00-04:00,6.608737922969946,6.783544858371036,6.608737922969946,6.741799354553223,79988,0.0,0.0
2013-08-23 00:00:00-04:00,6.788761829915679,6.945304289647496,6.624391092522117,6.887905597686768,182250,0.0,0.0
2013-08-26 00:00:00-04:00,7.02618475904245,7.240127573933728,6.820069381451755,6.9400858879089355,264600,0.0,0.0
2013-08-27 00:00:00-04:00,6.853987436657262,7.041839213761773,6.603517840675458,6.9400858879089355,208238,0.0,0.0
2013-08-28 00:00:00-04:00,6.940087054518061,7.049667836091703,6.830507112708244,6.98444128036499,108000,0.0,0.0
2013-08-29 00:00:00-04:00,6.976614105195827,7.138375287959886,6.927042007931449,6.979223251342773,176850,0.0,0.0
2013-08-30 00:00:00-04:00,6.976612897209345,7.109674289081484,6.950521860139391,7.0653204917907715,239288,0.0,0.0
2013-09-03 00:00:00-04:00,7.1253301237732565,7.1253301237732565,6.979222983729445,7.039230823516846,194063,0.0,0.0
2013-09-04 00:00:00-04:00,7.018357291462091,7.271436452000722,7.007921968085196,7.109674453735352,205875,0.0,0.0
2013-09-05 00:00:00-04:00,7.159247398376465,7.276655612342432,7.104457010494184,7.159247398376465,105300,0.0,0.0
2013-09-06 00:00:00-04:00,7.245346642470943,7.26360982503386,7.01314020219126,7.026185512542725,123863,0.0,0.0
2013-09-09 00:00:00-04:00,7.096630068286907,7.532342324644007,7.057494558703212,7.422762393951416,226800,0.0,0.0
2013-09-10 00:00:00-04:00,7.487987410581035,7.5662592578821934,7.487987410581035,7.514077186584473,202163,0.0,0.0
2013-09-11 00:00:00-04:00,7.547997368029736,7.688886229053341,7.516688452325429,7.545388221740723,103275,0.0,0.0
2013-09-12 00:00:00-04:00,7.542780078215263,7.725413624615319,7.24273913202032,7.307965278625488,168075,0.0,0.0
2013-09-13 00:00:00-04:00,7.341882167957656,7.5662611847917605,7.151420372423932,7.563652038574219,147825,0.0,0.0
2013-09-16 00:00:00-04:00,7.696714888714947,7.798467411306419,7.574089192500625,7.644533634185791,78638,0.0,0.0
2013-09-17 00:00:00-04:00,7.62365950555909,7.761939209672649,7.62365950555909,7.673231601715088,81000,0.0,0.0
2013-09-18 00:00:00-04:00,7.696712858389232,7.741066661109673,7.581913792802485,7.722802639007568,107663,0.0,0.0
2013-09-19 00:00:00-04:00,7.761940159997153,7.887174988764442,7.675841687586831,7.829776287078857,202500,0.0,0.0
2013-09-20 00:00:00-04:00,7.855866105218557,8.067199407299702,7.855866105218557,7.9263105392456055,148163,0.0,0.0
2013-09-23 00:00:00-04:00,7.970663420582558,7.970663420582558,7.594959016011896,7.8115105628967285,273038,0.0,0.0
2013-09-24 00:00:00-04:00,7.801074295561885,7.9054376141170035,7.694103510588091,7.767157077789307,185625,0.0,0.0
2013-09-25 00:00:00-04:00,7.761938586532592,8.166341921816517,7.743675405142311,7.892391681671143,274388,0.0,0.0
2013-09-26 00:00:00-04:00,7.892393174171249,7.908047212642662,7.587133125749604,7.82716703414917,203850,0.0,0.0
2013-09-27 00:00:00-04:00,7.840210443615723,8.0306713746834,7.774984315928307,7.892391681671143,108000,0.0,0.0
2013-09-30 00:00:00-04:00,7.772375636970094,7.887173863730222,7.696712921220713,7.840210914611816,197438,0.0,0.0
2013-10-01 00:00:00-04:00,7.793246317322933,8.176777267266019,7.7515016691047505,7.9758806228637695,136350,0.0,0.0
2013-10-02 00:00:00-04:00,7.928917491522083,7.936744928613659,7.709757650594564,7.8010735511779785,244350,0.0,0.0
2013-10-03 00:00:00-04:00,7.801073694346415,7.801073694346415,7.6184402103004984,7.631485939025879,207900,0.0,0.0
2013-10-04 00:00:00-04:00,7.587132567734492,7.707149932989229,7.5688702239975605,7.613224029541016,119813,0.0,0.0
2013-10-07 00:00:00-04:00,7.545385858535458,7.704538693735691,7.370578990267822,7.623657703399658,153563,0.0,0.0
2013-10-08 00:00:00-04:00,7.668013082048064,7.806292782059228,7.232300813924948,7.326226711273193,165375,0.0,0.0
2013-10-09 00:00:00-04:00,7.289700149792119,7.5114691571180465,7.182728525276533,7.422762393951416,118800,0.0,0.0
2013-10-10 00:00:00-04:00,7.558434000922918,7.728021792669038,7.461898946675144,7.587132930755615,119138,0.0,0.0
2013-10-11 00:00:00-04:00,7.584522385641359,7.832383681075476,7.584522385641359,7.82194709777832,114750,0.0,0.0
2013-10-14 00:00:00-04:00,7.7358473779687795,7.7358473779687795,7.347098947585586,7.456678867340088,156600,0.0,0.0
2013-10-15 00:00:00-04:00,7.4879889977137095,7.5923506431385,7.281874013206427,7.4514617919921875,263925,0.0,0.0
2013-10-16 00:00:00-04:00,7.464506095156728,7.60278577375505,7.441023784692179,7.477550983428955,91463,0.0,0.0
2013-10-17 00:00:00-04:00,7.501033935096447,7.618440458873531,7.501033935096447,7.521905422210693,283838,0.0,0.0
2013-10-18 00:00:00-04:00,7.618439373346035,7.733237574699381,7.49581457538096,7.6888837814331055,377325,0.0,0.0
2013-10-21 00:00:00-04:00,7.728022001391734,7.7593317579032695,7.644532676416494,7.696713924407959,215663,0.0,0.0
2013-10-22 00:00:00-04:00,7.761939160579459,7.981099872762379,7.636705187701033,7.895001411437988,247725,0.0,0.0
2013-10-23 00:00:00-04:00,7.874129290389149,8.007191558949502,7.764549339601706,7.9263105392456055,264938,0.0,0.0
2013-10-24 00:00:00-04:00,7.733237659999434,8.609880312215179,7.592348842271245,8.474209785461426,684113,0.0,0.0
2013-10-25 00:00:00-04:00,8.521174312013454,8.609881916048774,8.288967878268425,8.362021446228027,386438,0.0,0.0
2013-10-28 00:00:00-04:00,8.37506577829416,8.928185317740029,8.348974322916382,8.740333557128906,346275,0.0,0.0
2013-10-29 00:00:00-04:00,8.74033557497091,8.748163013391329,8.056762799640824,8.453339576721191,434025,0.0,0.0
2013-10-30 00:00:00-04:00,8.49508296090551,8.502910398925332,8.137642554456734,8.364630699157715,496125,0.0,0.0
2013-10-31 00:00:00-04:00,8.34636867836889,8.437684593301318,8.093289063846303,8.161125183105469,326700,0.0,0.0
2013-11-01 00:00:00-04:00,8.200261849429582,8.281141183035002,7.991536870960703,8.171561241149902,287213,0.0,0.0
2013-11-04 00:00:00-05:00,8.218523978219219,8.268096915095368,8.0411087588814,8.140252113342285,265275,0.0,0.0
2013-11-05 00:00:00-05:00,8.10633372853429,8.153296672761147,7.939354277976166,8.080243110656738,149850,0.0,0.0
2013-11-06 00:00:00-05:00,8.095897502370816,8.11677066940396,7.69932160472432,7.892391681671143,154913,0.0,0.0
2013-11-07 00:00:00-05:00,7.868910728190623,7.926309422031257,7.566260703151188,7.618441104888916,236588,0.0,0.0
2013-11-08 00:00:00-05:00,7.576694350206657,7.696711689597221,7.467114433053218,7.6627936363220215,141075,0.0,0.0
2013-11-11 00:00:00-05:00,7.59756877861324,7.803683758868382,7.547996683147712,7.6706223487854,104288,0.0,0.0
2013-11-12 00:00:00-05:00,7.6367044486326305,7.767156701030304,7.503641370887957,7.717584609985352,131963,0.0,0.0
2013-11-13 00:00:00-05:00,7.6262691707221,7.814120983777605,7.6262691707221,7.793248653411865,66825,0.0,0.0
2013-11-14 00:00:00-05:00,7.76193781721712,8.007189107911564,7.683666807655451,7.962835311889648,220388,0.0,0.0
2013-11-15 00:00:00-05:00,7.994146018596363,8.088071923018612,7.81933910102659,8.067198753356934,483300,0.0,0.0
2013-11-18 00:00:00-05:00,8.07502385890149,8.179386318001624,7.884562958878253,8.05415153503418,486000,0.0,0.0
2013-11-19 00:00:00-05:00,8.020235220174516,8.020235220174516,7.895001249859125,7.931527614593506,147825,0.0,0.0
2013-11-20 00:00:00-05:00,7.95240151301656,8.009801057232957,7.605397620476137,7.7254133224487305,277763,0.0,0.0
2013-11-21 00:00:00-05:00,7.735847904564434,7.863691852783677,7.696712396223143,7.772375106811523,207900,0.0,0.0
2013-11-22 00:00:00-05:00,7.808901999231396,7.850647496027294,7.7488941597181835,7.788029670715332,271688,0.0,0.0
2013-11-25 00:00:00-05:00,7.863691026233045,7.9576169081905865,7.848036992494663,7.9054365158081055,171450,0.0,0.0
2013-11-26 00:00:00-05:00,7.895000616857117,7.957617596994335,7.8923914710476035,7.91326379776001,226800,0.0,0.0
2013-11-27 00:00:00-05:00,7.9315290233411195,8.181998687986258,7.915874984212267,8.114163398742676,245700,0.0,0.0
2013-11-29 00:00:00-05:00,8.140250742144874,8.291576154130604,8.056761438817341,8.15329647064209,74925,0.0,0.0
2013-12-02 00:00:00-05:00,8.124598818492267,8.137642869502775,7.832384531604412,7.923701286315918,213638,0.0,0.0
2013-12-03 00:00:00-05:00,7.874129188804985,8.012409748419806,7.834993672549477,7.871520042419434,127913,0.0,0.0
2013-12-04 00:00:00-05:00,7.8167298091316955,7.9602278092982806,7.621050565311114,7.863692760467529,133313,0.0,0.0
2013-12-05 00:00:00-05:00,7.827165553983727,7.93413633620999,7.774984315928307,7.892391681671143,81338,0.0,0.0
2013-12-06 00:00:00-05:00,7.9523999941949475,8.127207739991599,7.644531678933601,7.681058883666992,118463,0.0,0.0
2013-12-09 00:00:00-05:00,7.649749556969841,7.688885909916785,7.46972518861087,7.561042785644531,202163,0.0,0.0
2013-12-10 00:00:00-05:00,7.534951475173068,7.608005042267194,7.519296599519065,7.555823802947998,214313,0.0,0.0
2013-12-11 00:00:00-05:00,7.547995395531703,7.57669431768333,7.45406951272804,7.477550983428955,104625,0.0,0.0
2013-12-12 00:00:00-05:00,7.467116311897095,7.534952435516128,7.409717613141406,7.501035213470459,183263,0.0,0.0
2013-12-13 00:00:00-05:00,7.498423778338498,7.553213314095077,7.446241708533184,7.508858680725098,89100,0.0,0.0
2013-12-16 00:00:00-05:00,7.4853791054679055,7.540168648943098,7.409716395224591,7.430588722229004,147825,0.0,0.0
2013-12-17 00:00:00-05:00,7.404498136862749,7.404498136862749,6.9766133319369565,7.234909534454346,405338,0.0,0.0
2013-12-18 00:00:00-05:00,7.214036202724562,7.281872306051993,7.091410563305338,7.219254493713379,222413,0.0,0.0
2013-12-19 00:00:00-05:00,7.185337920411025,7.527124293809711,7.185337920411025,7.4462432861328125,257513,0.0,0.0
2013-12-20 00:00:00-05:00,7.420150466612874,7.636701940648062,7.30535144730676,7.608002185821533,354713,0.0,0.0
2013-12-23 00:00:00-05:00,7.576697561958944,7.631488803407054,7.454072704496762,7.581915855407715,312863,0.0,0.0
2013-12-24 00:00:00-05:00,7.600176767170191,7.728019865678329,7.547995533599517,7.665402889251709,100913,0.0,0.0
2013-12-26 00:00:00-05:00,7.722802603371256,8.041108338516832,7.720194297132469,7.941964149475098,92475,0.0,0.0
2013-12-27 00:00:00-05:00,8.007190316314885,8.007190316314885,7.537560829016292,7.589741230010986,366188,0.0,0.0
2013-12-30 00:00:00-05:00,7.608005844744765,7.608005844744765,7.430589780298749,7.563652038574219,173813,0.0,0.0
2013-12-31 00:00:00-05:00,7.571480269923926,7.621051533955597,7.456681183388513,7.547997951507568,113063,0.0,0.0
2014-01-02 00:00:00-05:00,7.542779075451709,7.566261392052829,7.4018902144281045,7.545388221740723,153225,0.0,0.0
2014-01-03 00:00:00-05:00,7.574086412161558,7.67583973716482,7.381016345135336,7.631485939025879,93150,0.0,0.0
2014-01-06 00:00:00-05:00,7.649747735446014,7.6732300454809685,7.561040985243161,7.592349052429199,190013,0.0,0.0
2014-01-07 00:00:00-05:00,7.605395698725717,7.7358479538706275,7.5610418983858985,7.707149028778076,188663,0.0,0.0
2014-01-08 00:00:00-05:00,7.673230327696424,7.725410721513515,7.592349331669914,7.636703968048096,114075,0.0,0.0
2014-01-09 00:00:00-05:00,7.681058348286808,7.728020454361381,7.584522470992873,7.668012619018555,178875,0.0,0.0
2014-01-10 00:00:00-05:00,7.678448667073894,7.743674789576305,7.545386436633684,7.626267433166504,444488,0.0,0.0
2014-01-13 00:00:00-05:00,7.6053967004169,7.691495166561845,7.425372329472442,7.45928955078125,225113,0.0,0.0
2014-01-14 00:00:00-05:00,7.5636522434182565,7.662795603550755,7.545388219400827,7.597569465637207,256500,0.0,0.0
2014-01-15 00:00:00-05:00,7.64453242166782,7.64453242166782,7.519297598614442,7.545388221740723,136688,0.0,0.0
2014-01-16 00:00:00-05:00,7.519296356230952,7.790638288053211,7.4436336456425725,7.772375106811523,255488,0.0,0.0
2014-01-17 00:00:00-05:00,7.7984639841314785,8.085460757915957,7.636703677754737,8.035888671875,198788,0.0,0.0
2014-01-21 00:00:00-05:00,8.072415066492226,8.242003650065058,8.035888708067862,8.192432403564453,239288,0.0,0.0
2014-01-22 00:00:00-05:00,8.195043723303964,8.964714997616095,8.195043723303964,8.941232681274414,381375,0.0,0.0
2014-01-23 00:00:00-05:00,8.891659980720142,9.24649121814715,8.85774192459801,9.186483383178711,377663,0.0,0.0
2014-01-24 00:00:00-05:00,9.131692024225785,9.23344535131157,8.755988465464352,8.975149154663086,268650,0.0,0.0
2014-01-27 00:00:00-05:00,8.949060013841727,9.053421664191353,8.813389448505298,8.912532806396484,322650,0.0,0.0
2014-01-28 00:00:00-05:00,8.889050731228362,9.350852743784063,8.889050731228362,9.183874130249023,278100,0.0,0.0
2014-01-29 00:00:00-05:00,9.123864923134432,9.32737242457095,9.001240104668298,9.142128944396973,318600,0.0,0.0
2014-01-30 00:00:00-05:00,9.191700432914365,9.389988789769047,9.147346635147118,9.332590103149414,131288,0.0,0.0
2014-01-31 00:00:00-05:00,9.204746468702517,9.392599105834961,9.066466766724334,9.392599105834961,228150,0.0,0.0
2014-02-03 00:00:00-05:00,9.34302671380967,9.34302671380967,8.761208105306928,8.933405876159668,479250,0.0,0.0
2014-02-04 00:00:00-05:00,8.962107919440225,9.183877844856854,8.962107919440225,9.131695747375488,303413,0.0,0.0
2014-02-05 00:00:00-05:00,9.035159744963924,9.129084814813195,8.886443441488487,9.027332305908203,229500,0.0,0.0
2014-02-06 00:00:00-05:00,9.037769090297996,9.228229220305629,8.695982667367437,9.189094543457031,185288,0.0,0.0
2014-02-07 00:00:00-05:00,9.173437429267196,9.416078748797966,9.063856665836829,9.157782554626465,261563,0.0,0.0
2014-02-10 00:00:00-05:00,9.089949941706479,9.6535062789917,8.92036129519003,9.6535062789917,285863,0.0,0.0
2014-02-11 00:00:00-05:00,9.653503625147835,9.66394020842419,9.293454098569107,9.60654067993164,165713,0.0,0.0
2014-02-12 00:00:00-05:00,9.601323545939769,9.757866435613801,9.392599413119793,9.483915328979492,168075,0.0,0.0
2014-02-13 00:00:00-05:00,9.447389909155422,9.653504898170832,9.288237031785474,9.61697769165039,95850,0.0,0.0
2014-02-14 00:00:00-05:00,9.596104624659786,9.653504156310618,9.457824927221754,9.541315078735352,85050,0.0,0.0
2014-02-18 00:00:00-05:00,9.483915950761467,10.097045178042233,9.457826167241807,9.710904121398926,263250,0.0,0.0
2014-02-19 00:00:00-05:00,9.75003826336214,9.914408564908541,9.619585176551848,9.804828643798828,238950,0.0,0.0
2014-02-20 00:00:00-05:00,10.412738084938262,11.5659410568819,10.099652346380042,11.521586418151855,855225,0.0,0.0
2014-02-21 00:00:00-05:00,11.545068524409468,11.949471868661444,11.27894571599998,11.432879447937012,397575,0.0,0.0
2014-02-24 00:00:00-05:00,11.349390220196565,11.43027038578155,11.04413022049453,11.067611694335938,243675,0.0,0.0
2014-02-25 00:00:00-05:00,11.036302248611028,11.218936578356617,10.830187285923936,10.944986343383789,311175,0.0,0.0
2014-02-26 00:00:00-05:00,10.994559709601045,11.145885158258379,10.869325724261046,11.083268165588379,260888,0.0,0.0
2014-02-27 00:00:00-05:00,11.093705077908865,11.192848442617708,10.918897307113369,11.012824058532715,357413,0.0,0.0
2014-02-28 00:00:00-05:00,11.06239031479689,11.153707878482464,10.999773348618092,11.007600784301758,570375,0.0,0.0
2014-03-03 00:00:00-05:00,10.942377404745125,11.091093681281901,10.757133925662117,10.952813148498535,289913,0.0,0.0
2014-03-04 00:00:00-05:00,11.038912988707786,11.111966563203858,10.858888618556218,10.887587547302246,273375,0.0,0.0
2014-03-05 00:00:00-05:00,10.913676555181421,10.91889400665773,10.738869676988717,10.81974983215332,168413,0.0,0.0
2014-03-06 00:00:00-05:00,10.90585051959571,11.015431290659858,10.827578660230426,10.934550285339355,194063,0.0,0.0
2014-03-07 00:00:00-05:00,10.973686121059188,11.218937450496146,10.884977675238389,11.153711318969727,162000,0.0,0.0
2014-03-10 00:00:00-04:00,11.083266157413302,11.15371057631469,10.882368644381355,11.132838249206543,165375,0.0,0.0
2014-03-11 00:00:00-04:00,11.153710786492518,11.409397848090062,10.989339632861528,11.166755676269531,227475,0.0,0.0
2014-03-12 00:00:00-04:00,11.148492284596724,11.32851663075681,10.861496317273208,11.132838249206543,137363,0.0,0.0
2014-03-13 00:00:00-04:00,11.138054946961475,11.247634866800107,10.746696530833852,11.059783935546875,263925,0.0,0.0
2014-03-14 00:00:00-04:00,10.999776338141734,11.602468055496066,10.780615637307092,11.432879447937012,254138,0.0,0.0
2014-03-17 00:00:00-04:00,11.388527540516508,11.662477832296599,11.221548051124758,11.511153221130371,369563,0.0,0.0
2014-03-18 00:00:00-04:00,11.571161904136913,11.699005037684579,11.477235154107861,11.563334465026855,321300,0.0,0.0
2014-03-19 00:00:00-04:00,11.545067545140828,11.545067545140828,11.218936087370661,11.299817085266113,103275,0.0,0.0
2014-03-20 00:00:00-04:00,11.258074266696097,11.312864660207728,10.79888130697685,10.8484525680542,264263,0.0,0.0
2014-03-21 00:00:00-04:00,10.931941881743084,11.15632089125505,10.47796557045436,10.61363697052002,343913,0.0,0.0
2014-03-24 00:00:00-04:00,10.587545140480772,10.665816996227218,9.992680884287942,10.159660339355469,325350,0.0,0.0
2014-03-25 00:00:00-04:00,10.172706720675153,10.733652956742938,9.924845408373123,10.545801162719727,359438,0.0,0.0
2014-03-26 00:00:00-04:00,10.65799077744834,11.0415209527864,10.46231071124267,10.8275785446167,298013,0.0,0.0
2014-03-27 00:00:00-04:00,10.87454369747389,11.109357623029462,10.702345083221198,11.025867462158203,308138,0.0,0.0
2014-03-28 00:00:00-04:00,11.036302377261679,11.511150968324582,10.96585795832489,11.239809036254883,189000,0.0,0.0
2014-03-31 00:00:00-04:00,11.239808555281007,11.712047980275546,11.239808555281007,11.565940856933594,618975,0.0,0.0
2014-04-01 00:00:00-04:00,11.552896401107986,11.962518052795248,11.503324305949183,11.573769569396973,304763,0.0,0.0
2014-04-02 00:00:00-04:00,11.636386870049234,11.727703624731038,11.22415606116394,11.294600486755371,213638,0.0,0.0
2014-04-03 00:00:00-04:00,11.26329091453348,11.265900060487661,10.621462843662153,10.882369041442871,346950,0.0,0.0
2014-04-04 00:00:00-04:00,10.937159090137557,11.070220491120658,10.488401115585457,10.689298629760742,241988,0.0,0.0
2014-04-07 00:00:00-04:00,10.626681749145762,10.717999343523482,10.31098682715426,10.402302742004395,368213,0.0,0.0
2014-04-08 00:00:00-04:00,10.4179579389333,10.712781380678079,10.381431571870245,10.488402366638184,139050,0.0,0.0
2014-04-09 00:00:00-04:00,10.532755254229286,11.192846507890664,10.517101218247202,11.145883560180664,183938,0.0,0.0
2014-04-10 00:00:00-04:00,11.171973419203466,11.171973419203466,10.527537876496194,10.676253318786621,167063,0.0,0.0
2014-04-11 00:00:00-04:00,10.566674019664468,11.067612442044942,10.47796557045436,10.61363697052002,141750,0.0,0.0
2014-04-14 00:00:00-04:00,10.728436366126779,10.858888638113685,10.436222067616198,10.543192863464355,199125,0.0,0.0
2014-04-15 00:00:00-04:00,10.537973315842207,10.879759672130819,10.441438276574297,10.717998504638672,130275,0.0,0.0
2014-04-16 00:00:00-04:00,10.780616751646749,11.010214059961758,10.762353567963688,10.887587547302246,85388,0.0,0.0
2014-04-17 00:00:00-04:00,10.913678066731459,11.284163359861779,10.84062449854518,11.070220947265625,106988,0.0,0.0
2014-04-21 00:00:00-04:00,11.130231340419856,11.177193456029347,10.780617481739073,11.010214805603027,157275,0.0,0.0
2014-04-22 00:00:00-04:00,11.062394556046653,11.425054125075349,10.994559273404475,11.336345672607422,230513,0.0,0.0
2014-04-23 00:00:00-04:00,11.336344068333759,11.336344068333759,10.947595611328492,11.132838249206543,201488,0.0,0.0
2014-04-24 00:00:00-04:00,11.297208890646623,11.359825873803866,10.84062430747097,11.273727416992188,389813,0.0,0.0
2014-04-25 00:00:00-04:00,11.273727174721907,11.344171594171371,10.731044146396734,10.952813148498535,179213,0.0,0.0
2014-04-28 00:00:00-04:00,11.038911592563242,11.325907561836363,10.618854222160387,10.793661117553711,285863,0.0,0.0
2014-04-29 00:00:00-04:00,10.858889181226518,10.858889181226518,10.451876627876649,10.532756805419922,182588,0.0,0.0
2014-04-30 00:00:00-04:00,10.488402159784282,10.54058340292851,10.177925526580111,10.454484939575195,193725,0.0,0.0
2014-05-01 00:00:00-04:00,10.477965267296659,11.088485290282318,10.477965267296659,11.078048706054688,274725,0.0,0.0
2014-05-02 00:00:00-04:00,11.148493887618473,11.177192816666421,10.634509714532044,10.86149787902832,106988,0.0,0.0
2014-05-05 00:00:00-04:00,10.809315894049426,11.07022126220476,10.592764329311208,10.788443565368652,91125,0.0,0.0
2014-05-06 00:00:00-04:00,10.785833536984246,11.031084008743594,10.436220590594566,10.449265480041504,220725,0.0,0.0
2014-05-07 00:00:00-04:00,10.47796483361388,10.738871030867937,10.175315660232158,10.540582656860352,173475,0.0,0.0
2014-05-08 00:00:00-04:00,10.558847570051242,10.592765633184866,10.177926475034464,10.19357967376709,124875,0.0,0.0
2014-05-09 00:00:00-04:00,10.190970735162447,10.360560214524254,10.149226071811425,10.25097942352295,133313,0.0,0.0
2014-05-12 00:00:00-04:00,10.321420472753935,10.59276237507218,10.305766439072283,10.394474029541016,144113,0.0,0.0
2014-05-13 00:00:00-04:00,10.386650085449219,10.501448321217213,10.248370373279501,10.386650085449219,158288,0.0,0.0
2014-05-14 00:00:00-04:00,10.4023034116923,10.457094643657362,9.935283024137114,10.021382331848145,204863,0.0,0.0
2014-05-15 00:00:00-04:00,10.044861583797369,10.123133441897915,9.736994122748763,10.010944366455078,261225,0.0,0.0
2014-05-16 00:00:00-04:00,10.016166333869386,10.149227785681928,9.971811676834498,10.138792037963867,108338,0.0,0.0
2014-05-19 00:00:00-04:00,10.076171349612473,10.295332067024132,10.076171349612473,10.16487979888916,99563,0.0,0.0
2014-05-20 00:00:00-04:00,10.164880228566863,10.170098521056156,9.841357011160595,10.070954322814941,145125,0.0,0.0
2014-05-21 00:00:00-04:00,10.120523870227384,10.300549052308838,9.953545256926098,10.052688598632812,153563,0.0,0.0
2014-05-22 00:00:00-04:00,10.05008116542951,10.099654104375967,9.83874787722333,9.885711669921875,251438,0.0,0.0
2014-05-23 00:00:00-04:00,9.857010313036984,10.005726599297105,9.789175035031606,9.974417686462402,337838,0.0,0.0
2014-05-27 00:00:00-04:00,9.979636719251442,9.992682450469061,9.935282912639204,9.969200134277344,250763,0.0,0.0
2014-05-28 00:00:00-04:00,9.974417791437364,9.992681813978695,9.88310187754963,9.924845695495605,493763,0.0,0.0
2014-05-29 00:00:00-04:00,9.979638529978528,9.979638529978528,9.901366647762496,9.963984489440918,369563,0.0,0.0
2014-05-30 00:00:00-04:00,9.966589910489411,9.966589910489411,9.82830938500333,9.862227439880371,384075,0.0,0.0
2014-06-02 00:00:00-04:00,9.91180197652918,9.914411122914936,9.812658612689887,9.85179328918457,464738,0.0,0.0
2014-06-03 00:00:00-04:00,9.836139982271897,9.953548219308495,9.836139982271897,9.898756980895996,316913,0.0,0.0
2014-06-04 00:00:00-04:00,9.914408792157165,10.06312506260053,9.867445847781754,9.971807479858398,203513,0.0,0.0
2014-06-05 00:00:00-04:00,9.96137289086299,10.12313321574904,9.917018251095609,9.927453994750977,218025,0.0,0.0
2014-06-06 00:00:00-04:00,9.990072034623077,10.162269786464819,9.982244596887265,10.039643287658691,108675,0.0,0.0
2014-06-09 00:00:00-04:00,10.10226209105452,10.558845836753923,10.044861719952928,10.433611869812012,240638,0.0,0.0
2014-06-10 00:00:00-04:00,10.412739547435166,10.543192656626653,10.334467681920273,10.43100357055664,70200,0.0,0.0
2014-06-11 00:00:00-04:00,10.337076827861477,10.433612716495801,10.253587509791743,10.378822326660156,93825,0.0,0.0
2014-06-12 00:00:00-04:00,10.360559142857186,10.496229704596573,10.232715179834116,10.274459838867188,138038,0.0,0.0
2014-06-13 00:00:00-04:00,10.266632191417953,10.266632191417953,10.052689768523326,10.162270545959473,126563,0.0,0.0
2014-06-16 00:00:00-04:00,10.063124298306752,10.41273720879688,10.055296861584115,10.394474029541016,160313,0.0,0.0
2014-06-17 00:00:00-04:00,10.350120458750544,10.548407968817981,10.240540541075479,10.451873779296875,193050,0.0,0.0
2014-06-18 00:00:00-04:00,10.49362044451115,10.958031660680703,10.425785164377919,10.903242111206055,180900,0.0,0.0
2014-06-19 00:00:00-04:00,10.8875870246115,11.085876248454321,10.764962197366607,11.002386093139648,165713,0.0,0.0
2014-06-20 00:00:00-04:00,11.067609229239888,11.367650870201189,10.955419337169495,11.338951110839844,220388,0.0,0.0
2014-06-23 00:00:00-04:00,11.297207448673777,11.323297225169732,10.788441691257292,10.973684310913086,160650,0.0,0.0
2014-06-24 00:00:00-04:00,10.991949508813896,11.453752409716571,10.918895937824976,11.002386093139648,143775,0.0,0.0
2014-06-25 00:00:00-04:00,10.89541509087687,10.999777581094808,10.884978505949542,10.96846866607666,95513,0.0,0.0
2014-06-26 00:00:00-04:00,11.018041284176519,11.198065650824907,10.898023920059181,11.169365882873535,199125,0.0,0.0
2014-06-27 00:00:00-04:00,11.17197387403248,11.633777614852281,11.02847587808843,11.529415130615234,754313,0.0,0.0
2014-06-30 00:00:00-04:00,11.558115608219635,12.212988641510142,11.558115608219635,12.15558910369873,312525,0.0,0.0
2014-07-01 00:00:00-04:00,12.233860864780782,12.549556640457123,11.978173772634143,12.1268892288208,279113,0.0,0.0
2014-07-02 00:00:00-04:00,12.168633667242771,12.49215771545182,12.072099457683873,12.437366485595703,322650,0.0,0.0
2014-07-03 00:00:00-04:00,12.437365644078362,12.510419212670657,12.387793549684885,12.411275863647461,65813,0.0,0.0
2014-07-07 00:00:00-04:00,12.37214143078504,12.400841201423146,12.202552793120475,12.228643417358398,148163,0.0,0.0
2014-07-08 00:00:00-04:00,12.267779033078867,12.272997325564239,11.92599263198076,12.15558910369873,168075,0.0,0.0
2014-07-09 00:00:00-04:00,12.233859911313482,12.241686509599328,12.025134948100636,12.150370597839355,191700,0.0,0.0
2014-07-10 00:00:00-04:00,11.699005314301843,12.032964300866286,11.378091220132058,11.889466285705566,272025,0.0,0.0
2014-07-11 00:00:00-04:00,11.933818600622608,12.004263021205805,11.790320613534943,11.902509689331055,175163,0.0,0.0
2014-07-14 00:00:00-04:00,12.004264190931737,12.34344143705537,11.879028533562243,12.040790557861328,324338,0.0,0.0
2014-07-15 00:00:00-04:00,12.051227367078056,12.098189479820798,11.610296770950022,11.860766410827637,274388,0.0,0.0
2014-07-16 00:00:00-04:00,11.920775012222045,11.959910528543196,11.612905815377156,11.699005126953125,231188,0.0,0.0
2014-07-17 00:00:00-04:00,11.64943094910629,11.64943094910629,11.174581540739121,11.252853393554688,192713,0.0,0.0
2014-07-18 00:00:00-04:00,11.247635140351667,11.505932171545538,11.247635140351667,11.487668991088867,318263,0.0,0.0
2014-07-21 00:00:00-04:00,11.409399867779,11.712050769534674,11.273729295121278,11.563334465026855,239625,0.0,0.0
2014-07-22 00:00:00-04:00,11.680741820602769,11.923384034705721,11.64160630468831,11.803366661071777,263925,0.0,0.0
2014-07-23 00:00:00-04:00,11.845109432424435,12.074706701547447,11.792929036489083,12.014698028564453,204188,0.0,0.0
2014-07-24 00:00:00-04:00,11.923381384598606,12.092969142377708,11.852936967751328,11.965126037597656,176850,0.0,0.0
2014-07-25 00:00:00-04:00,11.871202054368956,12.02774579896759,11.66769619410739,11.805975914001465,262575,0.0,0.0
2014-07-28 00:00:00-04:00,11.745964682082027,11.941643886567999,11.503322535700514,11.738137245178223,348638,0.0,0.0
2014-07-29 00:00:00-04:00,11.709439480579206,11.876418099595766,11.015431026295808,11.610295295715332,436050,0.0,0.0
2014-07-30 00:00:00-04:00,11.560724472472762,11.745967133074304,11.19023831150586,11.383308410644531,286538,0.0,0.0
2014-07-31 00:00:00-04:00,11.226764005267514,11.24763549235947,10.741479676641404,10.866714477539062,336488,0.0,0.0
2014-08-01 00:00:00-04:00,10.832796609080045,10.88758615311326,10.517100875425113,10.582327842712402,261563,0.0,0.0
2014-08-04 00:00:00-04:00,10.613636760440118,10.811925144467109,10.577110394837138,10.712780952453613,211950,0.0,0.0
2014-08-05 00:00:00-04:00,10.699736081261403,10.827580050665544,10.472748751646126,10.57711124420166,212625,0.0,0.0
2014-08-06 00:00:00-04:00,10.454483479527246,10.717997964816377,10.454483479527246,10.678861618041992,373275,0.0,0.0
2014-08-07 00:00:00-04:00,10.699735973359058,10.738872327554635,10.545802222132242,10.574501991271973,224100,0.0,0.0
2014-08-08 00:00:00-04:00,10.566675491490129,10.788445385759886,10.485794469411346,10.629292488098145,201488,0.0,0.0
2014-08-11 00:00:00-04:00,10.657993099552208,10.85628067535955,10.592766116684448,10.629292488098145,235238,0.0,0.0
2014-08-12 00:00:00-04:00,10.605808352223294,10.697125097642981,10.261412857754165,10.449265480041504,460688,0.0,0.0
2014-08-13 00:00:00-04:00,10.444047529514902,10.955421656474806,10.3892579843316,10.8275785446167,297338,0.0,0.0
2014-08-14 00:00:00-04:00,10.827576474256256,11.179798510644485,10.590152637902312,11.004992485046387,179213,0.0,0.0
2014-08-15 00:00:00-04:00,11.111964720645796,11.111964720645796,10.678861637898827,10.809314727783203,175163,0.0,0.0
2014-08-18 00:00:00-04:00,10.965858783368697,11.346781511175553,10.952813892849477,11.21111011505127,238950,0.0,0.0
2014-08-19 00:00:00-04:00,11.32590695489648,11.45896918865931,11.187627269423553,11.252853393554688,135000,0.0,0.0
2014-08-20 00:00:00-04:00,11.260682528296806,11.260682528296806,10.79888045852543,10.95803165435791,110700,0.0,0.0
2014-08-21 00:00:00-04:00,10.900633912900558,11.080659133295862,10.811926295764136,10.981514930725098,216675,0.0,0.0
2014-08-22 00:00:00-04:00,10.934551018713611,11.041521811233268,10.86671573861952,10.95803165435791,156263,0.0,0.0
2014-08-25 00:00:00-04:00,11.059784277044045,11.148491873926933,10.40230137865627,10.467528343200684,213975,0.0,0.0
2014-08-26 00:00:00-04:00,10.472747479887934,10.69190818378246,10.41012965605307,10.43882942199707,165713,0.0,0.0
2014-08-27 00:00:00-04:00,10.496228751171033,10.843232562479521,10.412738600924913,10.564064025878906,218700,0.0,0.0
2014-08-28 00:00:00-04:00,10.556238269313871,10.929333599272557,10.527539339117245,10.74148178100586,211275,0.0,0.0
2014-08-29 00:00:00-04:00,10.7388700122264,10.95802985350929,10.7388700122264,10.877150535583496,76613,0.0,0.0
2014-09-02 00:00:00-04:00,10.958032089608684,10.994559297118693,10.900633391755575,10.913679122924805,171788,0.0,0.0
2014-09-03 00:00:00-04:00,10.99455705156469,10.99455705156469,10.827577605049656,10.90584945678711,128925,0.0,0.0
2014-09-04 00:00:00-04:00,10.89541498486444,11.088485925794577,10.882370093596041,10.965859413146973,163013,0.0,0.0
2014-09-05 00:00:00-04:00,10.973686019066006,11.258072856822873,10.937159654475108,11.203283309936523,168413,0.0,0.0
2014-09-08 00:00:00-04:00,11.22415542602539,11.453751872791166,11.166755894452074,11.22415542602539,138713,0.0,0.0
2014-09-09 00:00:00-04:00,11.231984583510597,11.406790671424856,10.944988561232645,10.981514930725098,169763,0.0,0.0
2014-09-10 00:00:00-04:00,10.950206213354406,11.14849376713209,10.83018884693606,11.122403144836426,115425,0.0,0.0
2014-09-11 00:00:00-04:00,11.111964049965575,11.341561306351633,11.075437690860767,11.289380073547363,124538,0.0,0.0
2014-09-12 00:00:00-04:00,11.294598354662638,11.294598354662638,11.12761891369674,11.208499908447266,155250,0.0,0.0
2014-09-15 00:00:00-04:00,11.187626692430788,11.187626692430788,10.879758428284028,10.973684310913086,182925,0.0,0.0
2014-09-16 00:00:00-04:00,10.911070608442857,11.033695449950603,10.866716799427055,10.9319429397583,144450,0.0,0.0
2014-09-17 00:00:00-04:00,10.900635397492415,10.994561320138077,10.900635397492415,10.942380905151367,232200,0.0,0.0
2014-09-18 00:00:00-04:00,11.023257876789975,11.023257876789975,10.89280394816389,10.991948127746582,78975,0.0,0.0
2014-09-19 00:00:00-04:00,10.976293985939718,11.031083526940268,10.767569885559178,10.989338874816895,270338,0.0,0.0
2014-09-22 00:00:00-04:00,10.905851470882624,10.971077606161314,10.814533873775874,10.90846061706543,185288,0.0,0.0
2014-09-23 00:00:00-04:00,10.884977140418716,11.140665041423606,10.754524883775488,10.874542236328125,141075,0.0,0.0
2014-09-24 00:00:00-04:00,10.895413174032912,10.958030153289089,10.697124813409488,10.728434562683105,133313,0.0,0.0
2014-09-25 00:00:00-04:00,10.650163757412683,10.686690122300943,10.384040099784757,10.652772903442383,155250,0.0,0.0
2014-09-26 00:00:00-04:00,10.673643038026846,10.890194573144921,10.522318465848626,10.853668212890625,109688,0.0,0.0
2014-09-29 00:00:00-04:00,10.655384825814215,11.02586938258011,10.655384825814215,10.997170448303223,249075,0.0,0.0
2014-09-30 00:00:00-04:00,10.95542219930219,11.067612120682492,10.87715201642195,11.051958084106445,293288,0.0,0.0
2014-10-01 00:00:00-04:00,11.010212469839647,11.221545724186496,10.8588870502889,10.944986343383789,224438,0.0,0.0
2014-10-02 00:00:00-04:00,10.971076973661042,11.169365354012095,10.856278747054978,11.127620697021484,137025,0.0,0.0
2014-10-03 00:00:00-04:00,11.229372036072027,11.406787216610502,11.187626546742132,11.31025218963623,145125,0.0,0.0
2014-10-06 00:00:00-04:00,11.474624422616897,11.513760772996955,11.213719059059489,11.28155517578125,565313,0.0,0.0
2014-10-07 00:00:00-04:00,11.16414975739429,11.284165456250127,10.749308905511453,10.757136344909668,279450,0.0,0.0
2014-10-08 00:00:00-04:00,10.710172545633013,10.851061405135724,10.532756478242279,10.733654022216797,195750,0.0,0.0
2014-10-09 00:00:00-04:00,10.694517333787966,10.694517333787966,10.467529191887566,10.491010665893555,215663,0.0,0.0
2014-10-10 00:00:00-04:00,10.444047613841967,10.697125533437955,10.29011388123113,10.433611869812012,539663,0.0,0.0
2014-10-13 00:00:00-04:00,10.436221855217745,10.785834843972248,10.305768746122,10.329249382019043,365175,0.0,0.0
2014-10-14 00:00:00-04:00,10.446656934053582,10.595373217012083,9.264754108361409,9.650895118713379,774563,0.0,0.0
2014-10-15 00:00:00-04:00,9.48130721766708,10.404912217201797,9.063858103675209,10.146615982055664,494775,0.0,0.0
2014-10-16 00:00:00-04:00,9.877881118255095,10.425782343081941,9.528267387906403,10.141395568847656,457313,0.0,0.0
2014-10-17 00:00:00-04:00,10.491010103655935,10.491010103655935,10.063125302530631,10.159660339355469,192713,0.0,0.0
2014-10-20 00:00:00-04:00,10.130961318746698,10.464920253400777,10.130961318746698,10.391866683959961,126563,0.0,0.0
2014-10-21 00:00:00-04:00,10.485792480820216,10.511883940830307,10.292722394855618,10.493619918823242,141413,0.0,0.0
2014-10-22 00:00:00-04:00,10.49101313414328,10.783227474862896,10.29533385813411,10.32142448425293,183600,0.0,0.0
2014-10-23 00:00:00-04:00,10.444047512237674,10.7153894508329,10.370993945683718,10.564064025878906,89775,0.0,0.0
2014-10-24 00:00:00-04:00,10.592764748158936,10.780616553477508,10.462311639041145,10.694518089294434,185288,0.0,0.0
2014-10-27 00:00:00-04:00,10.64233556721161,10.728434860815616,10.527537348836647,10.608417510986328,72225,0.0,0.0
2014-10-28 00:00:00-04:00,10.642336093827156,10.759743463857104,10.480574081995893,10.491010665893555,176513,0.0,0.0
2014-10-29 00:00:00-04:00,10.477964631661484,10.647554076489824,10.436220816574645,10.639726638793945,225450,0.0,0.0
2014-10-30 00:00:00-04:00,10.87975837126664,11.218935541100109,10.457091901650939,10.68407917022705,312863,0.0,0.0
2014-10-31 00:00:00-04:00,10.918895419739837,11.205892237678855,10.762352540627752,11.145883560180664,417825,0.0,0.0
2014-11-03 00:00:00-05:00,11.182408804487755,11.615511874346428,11.08065632114595,11.427660942077637,164700,0.0,0.0
2014-11-04 00:00:00-05:00,11.41983519571417,11.550287461266533,11.245027446755877,11.37026309967041,140063,0.0,0.0
2014-11-05 00:00:00-05:00,11.479844103710558,11.518979619062296,11.357218425240887,11.425054550170898,262575,0.0,0.0
2014-11-06 00:00:00-05:00,11.495496043614168,11.871198742448293,11.432878227338772,11.74074649810791,175163,0.0,0.0
2014-11-07 00:00:00-05:00,11.701612583282516,11.727703203649652,11.54506886107971,11.649432182312012,141413,0.0,0.0
2014-11-10 00:00:00-05:00,11.714658416765008,11.714658416765008,11.239809793702204,11.573769569396973,283838,0.0,0.0
2014-11-11 00:00:00-05:00,11.422445375874586,11.949473617725273,11.422445375874586,11.79293155670166,157275,0.0,0.0
2014-11-12 00:00:00-05:00,11.803366544528673,12.079927658617523,11.693786597191822,11.957301139831543,125888,0.0,0.0
2014-11-13 00:00:00-05:00,11.931209680264473,12.283431789839316,11.753793632609876,12.14515209197998,567000,0.0,0.0
2014-11-14 00:00:00-05:00,12.119061892664716,12.306913690957904,12.019916861632025,12.184288024902344,288900,0.0,0.0
2014-11-17 00:00:00-05:00,12.12949741003615,12.23907734373417,11.902510104603188,11.944253921508789,118463,0.0,0.0
2014-11-18 00:00:00-05:00,11.959908806159131,12.147761440833506,11.933819025544892,11.96773624420166,79988,0.0,0.0
2014-11-19 00:00:00-05:00,11.86598449785117,11.975564438548176,11.479843459823151,11.513761520385742,123863,0.0,0.0
2014-11-20 00:00:00-05:00,11.505933345694306,11.646823031524583,11.440707214685089,11.571160316467285,78300,0.0,0.0
2014-11-21 00:00:00-05:00,11.68856618082787,11.842500748162443,11.250244791591129,11.398961067199707,185288,0.0,0.0
2014-11-24 00:00:00-05:00,11.461579547715889,11.722485751387236,11.461579547715889,11.649432182312012,106313,0.0,0.0
2014-11-25 00:00:00-05:00,11.631165727010504,11.699000989868587,11.474622037556232,11.691173553466797,369225,0.0,0.0
2014-11-26 00:00:00-05:00,11.779884340464328,12.046007994050404,11.61812232766237,11.912945747375488,276750,0.0,0.0
2014-11-28 00:00:00-05:00,11.772058287239648,11.967737541402759,11.490280564331417,11.63377857208252,194063,0.0,0.0
2014-12-01 00:00:00-05:00,11.57898808883626,11.662477410631581,11.271119745129278,11.419836044311523,172125,0.0,0.0
2014-12-02 00:00:00-05:00,11.521586849103791,11.654649090743584,11.477233048478434,11.558114051818848,488700,0.0,0.0
2014-12-03 00:00:00-05:00,11.50593419044351,11.646823886617707,11.33634556555758,11.359827041625977,233888,0.0,0.0
2014-12-04 00:00:00-05:00,11.396353301542147,11.605078277750797,11.372872665458871,11.461580276489258,181238,0.0,0.0
2014-12-05 00:00:00-05:00,11.46418953071388,11.610296679531412,11.357217895422396,11.359827041625977,76275,0.0,0.0
2014-12-08 00:00:00-05:00,11.36243458129083,11.58420441936459,11.117183270468725,11.156319618225098,186638,0.0,0.0
2014-12-09 00:00:00-05:00,11.109356046153364,11.203282778712891,10.702343564116967,11.161538124084473,217013,0.0,0.0
2014-12-10 00:00:00-05:00,11.075437875702015,11.166754614751682,10.175314533978668,10.506664276123047,529875,0.0,0.0
2014-12-11 00:00:00-05:00,10.624070949279114,10.971075570513236,10.138787484360208,10.853668212890625,177525,0.0,0.0
2014-12-12 00:00:00-05:00,10.702344997328362,10.999777590855103,10.702344997328362,10.86149787902832,168413,0.0,0.0
2014-12-15 00:00:00-05:00,10.978903460532885,11.200673296197225,10.958030294082286,11.104137420654297,300375,0.0,0.0
2014-12-16 00:00:00-05:00,11.04674021113211,11.19806564957606,10.958031761131963,10.960640907287598,172125,0.0,0.0
2014-12-17 00:00:00-05:00,10.960640803311264,11.174583228169485,10.788443876783376,11.140666007995605,160988,0.0,0.0
2014-12-18 00:00:00-05:00,11.281555070696001,11.375480967111217,11.174582604590608,11.305036544799805,108675,0.0,0.0
2014-12-19 00:00:00-05:00,11.278945396084103,11.50854183439075,11.205891831211312,11.398961067199707,131625,0.0,0.0
2014-12-22 00:00:00-05:00,11.427662627634271,11.427662627634271,11.065003079032573,11.187628746032715,68513,0.0,0.0
2014-12-23 00:00:00-05:00,11.06239175827969,11.432877832530329,10.973684168010452,11.31025218963623,84713,0.0,0.0
2014-12-24 00:00:00-05:00,11.38330829816938,11.863375234857433,11.320690470018683,11.592032432556152,111375,0.0,0.0
2014-12-26 00:00:00-05:00,11.670305148935597,11.706832357981268,11.534634577654803,11.615514755249023,50963,0.0,0.0
2014-12-29 00:00:00-05:00,11.552894896923497,11.64160333131056,11.3441707990834,11.427660942077637,63113,0.0,0.0
2014-12-30 00:00:00-05:00,11.346782781801918,11.453753583282326,11.166757562083559,11.378090858459473,103613,0.0,0.0
2014-12-31 00:00:00-05:00,11.38069873477039,11.618122628374676,11.328517493145842,11.474624633789062,120150,0.0,0.0
2015-01-02 00:00:00-05:00,11.492889835337047,11.578988305016415,11.177193207142395,11.425054550170898,106313,0.0,0.0
2015-01-05 00:00:00-05:00,11.325909191845948,11.479843782143394,11.278947078597659,11.417226791381836,139388,0.0,0.0
2015-01-06 00:00:00-05:00,11.328516862608172,11.584204764384278,11.158929096413203,11.349390029907227,160650,0.0,0.0
2015-01-07 00:00:00-05:00,11.41983656959962,11.50593504163187,11.26329282438694,11.435490608215332,156600,0.0,0.0
2015-01-08 00:00:00-05:00,11.44070816040039,11.526806626859104,11.286773571549187,11.44070816040039,152213,0.0,0.0
2015-01-09 00:00:00-05:00,11.550286373656938,11.576376992263397,11.171972823745133,11.234591484069824,210263,0.0,0.0
2015-01-12 00:00:00-05:00,11.16936545881234,11.315472599414145,10.973686222657646,11.237200736999512,211613,0.0,0.0
2015-01-13 00:00:00-05:00,11.234592430886464,11.451143155971996,10.884977776189986,11.078048706054688,230513,0.0,0.0
2015-01-14 00:00:00-05:00,10.926723586627704,11.281555703847962,10.879760635784406,10.903242111206055,86738,0.0,0.0
2015-01-15 00:00:00-05:00,10.968467378647246,10.968467378647246,10.697125439787804,10.749306678771973,161325,0.0,0.0
2015-01-16 00:00:00-05:00,10.70495476214557,10.994559933704632,10.70495476214557,10.9319429397583,111038,0.0,0.0
2015-01-20 00:00:00-05:00,10.958031774288578,10.958031774288578,10.652773430406159,10.720608711242676,56363,0.0,0.0
2015-01-21 00:00:00-05:00,10.74148114100298,10.811925568655747,10.592764847148091,10.621463775634766,89100,0.0,0.0
2015-01-22 00:00:00-05:00,10.715389472994291,10.801488769341523,10.631899322575498,10.798879623413086,307800,0.0,0.0
2015-01-23 00:00:00-05:00,10.767571234305073,11.036303200803866,10.738871467463944,10.895414352416992,504563,0.0,0.0
2015-01-26 00:00:00-05:00,10.817140708366056,11.041519674263839,10.775396057889512,10.924112319946289,205875,0.0,0.0
2015-01-27 00:00:00-05:00,10.751917182540167,11.091095278771537,10.707563375731372,11.025867462158203,179888,0.0,0.0
2015-01-28 00:00:00-05:00,11.117185183973316,11.117185183973316,10.952814846443285,11.023260116577148,470475,0.0,0.0
2015-01-29 00:00:00-05:00,10.929332117573656,11.45897027769647,10.913678081428285,11.278945922851562,372938,0.0,0.0
2015-01-30 00:00:00-05:00,11.213718628347271,11.453751654372214,11.059784898040421,11.218936920166016,376650,0.0,0.0
2015-02-02 00:00:00-05:00,11.19806523130562,11.427662526551252,11.182410354956552,11.367653846740723,197438,0.0,0.0
2015-02-03 00:00:00-05:00,11.365044805776533,11.612904446193843,11.365044805776533,11.529415130615234,114413,0.0,0.0
2015-02-04 00:00:00-05:00,11.409399236077093,11.70422268239928,11.30764589233562,11.54767894744873,100913,0.0,0.0
2015-02-05 00:00:00-05:00,11.623340404187989,11.766838392399507,11.545068545227958,11.748575210571289,79313,0.0,0.0
2015-02-06 00:00:00-05:00,11.764227107259405,11.785100270997512,11.599856821166933,11.691173553466797,87750,0.0,0.0
2015-02-09 00:00:00-05:00,11.699004061632456,12.111234877716974,11.612904757896757,12.012090682983398,202838,0.0,0.0
2015-02-10 00:00:00-05:00,12.061662253031146,12.241686611561525,12.001654413442276,12.181678771972656,143438,0.0,0.0
2015-02-11 00:00:00-05:00,12.181676940394636,12.181676940394636,11.949470535776083,12.027742385864258,93825,0.0,0.0
2015-02-12 00:00:00-05:00,12.0929695859672,12.280822210881038,12.017306874778688,12.13471508026123,140738,0.0,0.0
2015-02-13 00:00:00-05:00,12.173851019194698,12.39301172287059,12.05383450335531,12.25212287902832,150188,0.0,0.0
2015-02-17 00:00:00-05:00,12.335613776903507,12.938304698760321,12.335613776903507,12.745235443115234,295313,0.0,0.0
2015-02-18 00:00:00-05:00,12.711317806122782,12.83133348552165,12.520856023324628,12.784371376037598,171788,0.0,0.0
2015-02-19 00:00:00-05:00,13.045277419833388,14.921188141325647,12.784372862358088,14.915969848632812,1069538,0.0,0.0
2015-02-20 00:00:00-05:00,14.983802324189849,15.518659559877646,14.89248642312834,15.419513702392578,714825,0.0,0.0
2015-02-23 00:00:00-05:00,15.416901042861483,15.466472278078246,15.049024197971123,15.142950057983398,419513,0.0,0.0
2015-02-24 00:00:00-05:00,15.132521762186308,15.260365737084367,14.970759723820963,14.99946117401123,340875,0.0,0.0
2015-02-25 00:00:00-05:00,15.051638713502681,15.077730174008597,14.793342491895654,14.973367691040039,200475,0.0,0.0
2015-02-26 00:00:00-05:00,14.871611518614165,14.942055925279643,14.561134132252183,14.610705375671387,272700,0.0,0.0
2015-02-27 00:00:00-05:00,14.524610292732234,14.647234269705807,14.352411704695548,14.415029525756836,304763,0.0,0.0
2015-03-02 00:00:00-05:00,14.44372834455967,14.819431887269015,14.420245193613018,14.467209815979004,334463,0.0,0.0
2015-03-03 00:00:00-05:00,14.373284900243275,15.187309857554865,14.373284900243275,14.840304374694824,255825,0.0,0.0
2015-03-04 00:00:00-05:00,14.84030683100583,15.148176016640868,14.762035801213463,14.82204532623291,212625,0.0,0.0
2015-03-05 00:00:00-05:00,14.955105886915737,15.09599474805126,14.75681748690403,14.829870223999023,159638,0.0,0.0
2015-03-06 00:00:00-05:00,14.702026356995475,14.853351787062651,14.61070876589467,14.652453422546387,177525,0.0,0.0
2015-03-09 00:00:00-04:00,14.722898374463519,14.788124507795484,14.587227815589722,14.642017364501953,165038,0.0,0.0
2015-03-10 00:00:00-04:00,14.610711598080643,14.861181266070295,14.417641473936433,14.809000015258789,250425,0.0,0.0
2015-03-11 00:00:00-04:00,14.845521296241797,14.9394471795885,14.769858592487255,14.824649810791016,310500,0.0,0.0
2015-03-12 00:00:00-04:00,14.853353584566397,14.996850754201757,14.74638278398065,14.991632461547852,322988,0.0,0.0
2015-03-13 00:00:00-04:00,15.002069741894587,15.364728501684889,14.989024849419323,15.354291915893555,329400,0.0,0.0
2015-03-16 00:00:00-04:00,15.393422471606547,15.933496268203442,15.393422471606547,15.536919593811035,395888,0.0,0.0
2015-03-17 00:00:00-04:00,15.552580054965803,16.01438301261637,15.505617099256519,15.823921203613281,266288,0.0,0.0
2015-03-18 00:00:00-04:00,15.93349510343169,16.040465860840033,15.753469957883881,15.917841911315918,227138,0.0,0.0
2015-03-19 00:00:00-04:00,15.938717435192094,16.09526115273037,15.813483468877962,16.082216262817383,249075,0.0,0.0
2015-03-20 00:00:00-04:00,16.186575496552493,16.70577785244546,15.951762462240602,16.330074310302734,475875,0.0,0.0
2015-03-23 00:00:00-04:00,16.233537268568067,16.58836758294528,15.696071827025328,16.332679748535156,355050,0.0,0.0
2015-03-24 00:00:00-04:00,16.306599423644286,16.512714457964215,16.24137327451985,16.246591567993164,97538,0.0,0.0
2015-03-25 00:00:00-04:00,16.327463875240063,16.56749855336278,16.129177206424057,16.15787696838379,292275,0.0,0.0
2015-03-26 00:00:00-04:00,16.13700655282302,16.424002541789772,15.868273746482716,16.288331985473633,186300,0.0,0.0
2015-03-27 00:00:00-04:00,16.170919462696258,16.45791536027878,16.103083366374545,16.332679748535156,377663,0.0,0.0
2015-03-30 00:00:00-04:00,16.486615117989732,16.909281528688656,16.314416571724006,16.332679748535156,301388,0.0,0.0
2015-03-31 00:00:00-04:00,16.233546674073875,16.319644317563572,15.949158917182231,16.246591567993164,301388,0.0,0.0
2015-04-01 00:00:00-04:00,16.324859191426086,16.6953445142009,16.092654417908115,16.418785095214844,149175,0.0,0.0
2015-04-02 00:00:00-04:00,16.465746584755877,16.72143449104056,16.361385785002785,16.690126419067383,174825,0.0,0.0
2015-04-06 00:00:00-04:00,16.504882702998287,16.922330934741236,16.43965657424415,16.47618293762207,141413,0.0,0.0
2015-04-07 00:00:00-04:00,16.52575916853134,16.656213144860825,16.061347849838945,16.084829330444336,204525,0.0,0.0
2015-04-08 00:00:00-04:00,16.001333327484065,16.230929744455263,15.706509109762985,15.925670623779297,282825,0.0,0.0
2015-04-09 00:00:00-04:00,15.855228729771973,15.972636102527188,15.544751268538453,15.576059341430664,182588,0.0,0.0
2015-04-10 00:00:00-04:00,15.703905916984827,16.069174666098466,15.703905916984827,15.889147758483887,146475,0.0,0.0
2015-04-13 00:00:00-04:00,15.967417398129687,16.12917940953859,15.810875358183488,15.98568058013916,248738,0.0,0.0
2015-04-14 00:00:00-04:00,16.001335989676534,16.113525071206844,15.80043930134383,15.972636222839355,196425,0.0,0.0
2015-04-15 00:00:00-04:00,15.993507455459486,16.090041648977728,15.795219097418,15.81609058380127,133988,0.0,0.0
2015-04-16 00:00:00-04:00,15.795218742106135,15.836963393460982,15.450823269019502,15.51344108581543,117450,0.0,0.0
2015-04-17 00:00:00-04:00,15.341244588060146,15.354289478464588,15.017722236581257,15.153392791748047,238950,0.0,0.0
2015-04-20 00:00:00-04:00,15.309930658726774,15.878704122159323,15.20295823155855,15.750860214233398,327375,0.0,0.0
2015-04-21 00:00:00-04:00,15.855227782787987,15.899580743442257,15.649112816209168,15.784783363342285,113400,0.0,0.0
2015-04-22 00:00:00-04:00,15.724778070536754,15.907411593503804,15.471698437203514,15.542142868041992,141413,0.0,0.0
2015-04-23 00:00:00-04:00,15.456041916484523,15.889143314092397,15.349069460425328,15.868271827697754,145800,0.0,0.0
2015-04-24 00:00:00-04:00,15.95176803289855,16.05612885808394,15.630852239212043,15.878713607788086,169425,0.0,0.0
2015-04-27 00:00:00-04:00,15.790003236405768,16.165706844408042,15.787393250501527,15.857837677001953,207900,0.0,0.0
2015-04-28 00:00:00-04:00,15.85522927183005,16.4187846803219,15.823919518339881,16.298768997192383,253125,0.0,0.0
2015-04-29 00:00:00-04:00,16.309204331992127,16.35877726989426,15.797830152978978,15.996118545532227,255825,0.0,0.0
2015-04-30 00:00:00-04:00,16.697956106225377,16.927552595400485,15.33081039788341,15.669987678527832,529200,0.0,0.0
2015-05-01 00:00:00-04:00,15.78738907195699,15.789999057170434,15.375159206623579,15.555184364318848,201150,0.0,0.0
2015-05-04 00:00:00-04:00,15.497786344947638,15.792608892409543,15.409078750115176,15.701292991638184,303413,0.0,0.0
2015-05-05 00:00:00-04:00,15.716946341020144,15.803045630761138,15.041201950551761,15.396032333374023,187313,0.0,0.0
2015-05-06 00:00:00-04:00,15.482133128756061,15.586495608980357,15.15078418550055,15.432561874389648,167400,0.0,0.0
2015-05-07 00:00:00-04:00,15.393422385009016,15.654328532359202,15.36211431913786,15.555184364318848,104288,0.0,0.0
2015-05-08 00:00:00-04:00,15.654334206896767,15.766523303090251,15.21862103480942,15.367338180541992,126225,0.0,0.0
2015-05-11 00:00:00-04:00,15.299500035485147,15.596932608185453,15.182092661988651,15.236882209777832,99225,0.0,0.0
2015-05-12 00:00:00-04:00,15.231664771768772,15.33863556705769,14.874224339133418,15.205574989318848,131963,0.0,0.0
2015-05-13 00:00:00-04:00,15.281235984966225,15.382988476374805,14.811606517653608,15.056856155395508,175163,0.0,0.0
2015-05-14 00:00:00-04:00,15.064684164948476,15.750865172154786,15.05424758152104,15.492568969726562,105300,0.0,0.0
2015-05-15 00:00:00-04:00,15.416906456676552,15.688247552101542,15.229054670685798,15.286454200744629,87075,0.0,0.0
2015-05-18 00:00:00-04:00,15.221230466927052,15.63867875928615,15.221230466927052,15.594324111938477,141413,0.0,0.0
2015-05-19 00:00:00-04:00,15.696078796258732,15.985683127890233,15.458654033240522,15.89958381652832,602775,0.0,0.0
2015-05-20 00:00:00-04:00,15.870885224815938,15.985682623481765,15.461263531526775,15.542142868041992,310500,0.0,0.0
2015-05-21 00:00:00-04:00,15.521269799380985,15.80304749409142,15.482133448606465,15.680421829223633,230513,0.0,0.0
2015-05-22 00:00:00-04:00,15.680421925362749,15.784784408382967,15.330808111103284,15.44821548461914,141750,0.0,0.0
2015-05-26 00:00:00-04:00,15.497788859044496,15.576059883764064,15.08555720738485,15.244710922241211,211950,0.0,0.0
2015-05-27 00:00:00-04:00,15.317762597861314,15.453433148460867,14.929014127919569,15.427343368530273,261900,0.0,0.0
2015-05-28 00:00:00-04:00,15.43256240262861,15.576059558203132,15.257755494198598,15.4743070602417,278438,0.0,0.0
2015-05-29 00:00:00-04:00,15.458650193081974,15.949152796043133,15.132517893098408,15.60214900970459,471825,0.0,0.0
2015-06-01 00:00:00-04:00,15.822614799790871,15.822614799790871,14.922490538144936,15.607366561889648,285525,0.0,1.5
2015-06-02 00:00:00-04:00,15.51344108581543,15.803045339382884,15.337329210870083,15.51344108581543,105975,0.0,0.0
2015-06-03 00:00:00-04:00,15.47822093976193,15.826529776762893,15.39994991374387,15.634764671325684,258525,0.0,0.0
2015-06-04 00:00:00-04:00,15.57605597955993,15.63084551517764,15.145562932215803,15.247315406799316,147150,0.0,0.0
2015-06-05 00:00:00-04:00,15.18078479493226,15.282538952382671,14.926401920597081,15.075119018554688,165825,0.0,0.0
2015-06-08 00:00:00-04:00,14.98119477169722,14.98119477169722,14.347194934615931,14.578096389770508,217350,0.0,0.0
2015-06-09 00:00:00-04:00,14.5233047363236,14.953797830654553,14.441118744399542,14.67984676361084,141750,0.0,0.0
2015-06-10 00:00:00-04:00,14.730724685982922,14.808995699626543,14.613317325753812,14.67984676361084,125100,0.0,0.0
2015-06-11 00:00:00-04:00,14.68767696144752,14.765947985327152,14.10846668206102,14.358936309814453,166500,0.0,0.0
2015-06-12 00:00:00-04:00,14.23369793049603,14.562440198704271,14.124118853953876,14.44503116607666,163575,0.0,0.0
2015-06-15 00:00:00-04:00,14.288489846406355,14.574180806321053,14.174995786276341,14.472428321838379,170550,0.0,0.0
2015-06-16 00:00:00-04:00,14.437205274423704,14.621143749855726,14.288489846406355,14.472428321838379,171675,0.0,0.0
2015-06-17 00:00:00-04:00,14.491999032055421,14.58592325604101,14.311972144284892,14.441121101379395,121050,0.0,0.0
2015-06-18 00:00:00-04:00,14.437206036726657,14.93031864940503,14.386329791798987,14.675935745239258,239850,0.0,0.0
2015-06-19 00:00:00-04:00,14.695504403429233,14.863788038169291,14.632888252542692,14.648541450500488,255825,0.0,0.0
2015-06-22 00:00:00-04:00,14.652453051635916,14.730725750463085,14.566353754737024,14.601576805114746,156600,0.0,0.0
2015-06-23 00:00:00-04:00,14.628972487905038,14.730726666804594,14.370676260668235,14.636800765991211,151425,0.0,0.0
2015-06-24 00:00:00-04:00,14.566353650433284,14.70724417140783,14.460687859111712,14.6250581741333,106425,0.0,0.0
2015-06-25 00:00:00-04:00,14.687678804932709,14.875530629443615,14.582011313881427,14.816827774047852,121725,0.0,0.0
2015-06-26 00:00:00-04:00,14.836390950073753,15.317761982339118,14.836390950073753,15.05555248260498,277875,0.0,0.0
2015-06-29 00:00:00-04:00,14.969454120947855,15.102516368301153,14.613318707825522,14.687676429748535,300375,0.0,0.0
2015-06-30 00:00:00-04:00,14.82856602542852,15.004677931100206,14.726811845441116,14.891183853149414,295875,0.0,0.0
2015-07-01 00:00:00-04:00,15.004675084391298,15.180785277123496,14.863784578867337,15.102514266967773,108900,0.0,0.0
2015-07-02 00:00:00-04:00,15.012506984861552,15.231666898434302,14.734642533288602,14.930322647094727,110025,0.0,0.0
2015-07-06 00:00:00-04:00,14.797254951745975,15.208181575302879,14.797254951745975,14.949885368347168,123525,0.0,0.0
2015-07-07 00:00:00-04:00,15.035983395823864,15.176872224100057,14.765945635197502,15.020328521728516,105075,0.0,0.0
2015-07-08 00:00:00-04:00,14.969453273647021,15.094687236137943,14.601576304450191,14.875527381896973,157500,0.0,0.0
2015-07-09 00:00:00-04:00,15.03598600519685,15.03598600519685,14.640714221793443,14.891183853149414,240075,0.0,0.0
2015-07-10 00:00:00-04:00,15.043809145832046,15.321673488092948,14.996846205718294,15.243402481079102,115200,0.0,0.0
2015-07-13 00:00:00-04:00,15.266890351325305,15.908718588298777,15.266890351325305,15.834359169006348,200925,0.0,0.0
2015-07-14 00:00:00-04:00,15.967423495989348,16.073089329329783,15.763916750908331,15.979165077209473,113850,0.0,0.0
2015-07-15 00:00:00-04:00,15.940023856052589,15.940023856052589,15.266887657814314,15.47822093963623,162450,0.0,0.0
2015-07-16 00:00:00-04:00,15.505613721661568,15.505613721661568,15.204267874914661,15.255144119262695,272025,0.0,0.0
2015-07-17 00:00:00-04:00,15.227754218495283,15.290372059006174,15.039902376490561,15.231667518615723,130050,0.0,0.0
2015-07-20 00:00:00-04:00,15.278630256652832,15.454742195731958,15.08686511731986,15.278630256652832,116550,0.0,0.0
2015-07-21 00:00:00-04:00,15.227747607865444,15.48213048006947,15.035982548988827,15.243402481079102,86400,0.0,0.0
2015-07-22 00:00:00-04:00,15.20427329771707,15.282546021117874,15.012508148535515,15.11426067352295,85500,0.0,0.0
2015-07-23 00:00:00-04:00,15.004677386821792,15.262971927923063,14.742466187486253,14.90683650970459,154125,0.0,0.0
2015-07-24 00:00:00-04:00,14.824650993007957,14.871613938426448,14.304143615013503,14.47634220123291,145575,0.0,0.0
2015-07-27 00:00:00-04:00,14.491995707876248,14.491995707876248,14.174995016469028,14.2689208984375,128475,0.0,0.0
2015-07-28 00:00:00-04:00,14.382416044084371,14.664195423810362,13.857996995224285,14.558527946472168,164475,0.0,0.0
2015-07-29 00:00:00-04:00,14.351107711703955,14.538959508447734,14.159342615782606,14.218047142028809,222750,0.0,0.0
2015-07-30 00:00:00-04:00,14.092812386443029,14.116293862527689,13.58013321200669,13.994973182678223,465300,0.0,0.0
2015-07-31 00:00:00-04:00,14.045847746062329,14.609403104358792,13.631007825251613,14.104552268981934,150750,0.0,0.0
2015-08-03 00:00:00-04:00,14.049760563393068,14.27674783699294,13.90495759871822,14.108464241027832,184725,0.0,0.0
2015-08-04 00:00:00-04:00,14.061504565259039,14.476344543416747,14.061504565259039,14.225874900817871,73575,0.0,0.0
2015-08-05 00:00:00-04:00,14.448948964364446,14.848134042821322,14.374589559947529,14.636800765991211,216675,0.0,0.0
2015-08-06 00:00:00-04:00,14.668108785595717,14.789429460443799,14.116293280590707,14.358936309814453,226125,0.0,0.0
2015-08-07 00:00:00-04:00,14.24543970398192,14.726809018634297,14.24543970398192,14.644624710083008,290250,0.0,0.0
2015-08-10 00:00:00-04:00,14.628971948209326,14.848133495040248,14.554614226063219,14.652453422546387,247050,0.0,0.0
2015-08-11 00:00:00-04:00,14.488082746350095,15.024243343799121,14.488082746350095,14.812910079956055,120150,0.0,0.0
2015-08-12 00:00:00-04:00,14.574182043313838,14.840304852755205,14.29240435818975,14.812910079956055,171675,0.0,0.0
2015-08-13 00:00:00-04:00,14.793342301957177,15.407775614769985,14.73855275488955,15.333417892456055,281700,0.0,0.0
2015-08-14 00:00:00-04:00,15.270803756102612,15.568236396728121,15.176877835855393,15.356903076171875,216675,0.0,0.0
2015-08-17 00:00:00-04:00,15.329503432977356,15.720860190170376,15.106428603393221,15.435169219970703,214200,0.0,0.0
2015-08-18 00:00:00-04:00,15.454738657254186,15.536922978353921,15.079033385207769,15.208182334899902,222300,0.0,0.0
2015-08-19 00:00:00-04:00,15.110341373177341,15.536921164117098,14.98119243856585,15.396032333374023,385650,0.0,0.0
2015-08-20 00:00:00-04:00,15.212095702685959,15.251230369744087,14.429378848140312,14.67984676361084,249075,0.0,0.0
2015-08-21 00:00:00-04:00,14.292404070535499,14.844219532561205,14.233699547552414,14.315885543823242,372825,0.0,0.0
2015-08-24 00:00:00-04:00,13.52534086770512,14.433292544779436,13.513600971122253,13.885391235351562,279450,0.0,0.0
2015-08-25 00:00:00-04:00,14.308059729107384,14.308059729107384,13.779724871685346,13.983231544494629,253575,0.0,0.0
2015-08-26 00:00:00-04:00,14.221961281881358,14.292405709824317,13.877565740984336,14.139775276184082,253125,0.0,0.0
2015-08-27 00:00:00-04:00,14.304147379385999,14.824654894360597,13.97149337504953,14.809000015258789,341100,0.0,0.0
2015-08-28 00:00:00-04:00,14.793340825086874,14.977279302700376,14.546786208369422,14.67984676361084,148050,0.0,0.0
2015-08-31 00:00:00-04:00,14.558530087092553,14.996851578359202,14.484172351861563,14.78943157196045,96300,0.0,0.0
2015-09-01 00:00:00-04:00,14.480257535624641,17.591555626254202,14.480257535624641,16.644468307495117,1092825,0.0,0.0
2015-09-02 00:00:00-04:00,16.981038191127432,17.309778873488526,16.190494561797458,17.012346267700195,469125,0.0,0.0
2015-09-03 00:00:00-04:00,17.121925618037537,17.513284100227107,17.01625813924004,17.352827072143555,726300,0.0,0.0
2015-09-04 00:00:00-04:00,17.215849895046848,17.470232800492088,16.992775060592848,17.317604064941406,388350,0.0,0.0
2015-09-08 00:00:00-04:00,17.63852152721005,17.74810232675357,17.31369410817541,17.568077087402344,624600,0.0,0.0
2015-09-09 00:00:00-04:00,17.720703425196998,17.720703425196998,17.376309553282027,17.41935920715332,416250,0.0,0.0
2015-09-10 00:00:00-04:00,17.356736454841847,17.513280148298602,17.282378746296235,17.376304626464844,418500,0.0,0.0
2015-09-11 00:00:00-04:00,17.317605119850633,17.438924112272833,17.118011746363614,17.348913192749023,472950,0.0,0.0
2015-09-14 00:00:00-04:00,17.35673851827231,18.5229872417166,17.348911920503543,18.49950408935547,519300,0.0,0.0
2015-09-15 00:00:00-04:00,18.47210974825966,18.542554168402997,17.865504739326315,17.947689056396484,375750,0.0,0.0
2015-09-16 00:00:00-04:00,18.037705764658117,18.06118724339446,17.759841319690082,17.912471771240234,320625,0.0,0.0
2015-09-17 00:00:00-04:00,17.943779849712744,18.072928822526553,17.822459156162946,17.912471771240234,249750,0.0,0.0
2015-09-18 00:00:00-04:00,17.693304468083454,18.432971649115963,17.536762446759038,18.202070236206055,510975,0.0,0.0
2015-09-21 00:00:00-04:00,17.990742939988788,17.990742939988788,16.63273046312444,16.789274215698242,745875,0.0,0.0
2015-09-22 00:00:00-04:00,16.691435012130643,16.824495606362323,16.206148874945537,16.35486602783203,438300,0.0,0.0
2015-09-23 00:00:00-04:00,16.30398390170669,16.433131149553994,16.221797915281563,16.366600036621094,375300,0.0,0.0
2015-09-24 00:00:00-04:00,16.20223402661167,16.390085840070945,15.43908519466952,15.916543006896973,463950,0.0,0.0
2015-09-25 00:00:00-04:00,16.116133365461167,16.213974243027366,15.529096497701731,15.55257797241211,451125,0.0,0.0
2015-09-28 00:00:00-04:00,15.431256233251249,15.59953984379141,15.231662872242616,15.364725112915039,448875,0.0,0.0
2015-09-29 00:00:00-04:00,15.376470064867489,15.74826045757289,15.16905171734198,15.505619049072266,328725,0.0,0.0
2015-09-30 00:00:00-04:00,15.529098256039685,15.791307806740592,15.032073931647256,15.454740524291992,708075,0.0,0.0
2015-10-01 00:00:00-04:00,15.407773836044415,15.79521895851617,15.34906931708255,15.630846977233887,263250,0.0,0.0
2015-10-02 00:00:00-04:00,15.501701723794216,15.654332149175445,15.313849926111198,15.55257797241211,186300,0.0,0.0
2015-10-05 00:00:00-04:00,15.513440593395858,16.061341014505288,15.497785719811958,16.041772842407227,317250,0.0,0.0
2015-10-06 00:00:00-04:00,15.975245056344122,16.33138216774367,15.85392437950067,16.014381408691406,467325,0.0,0.0
2015-10-07 00:00:00-04:00,16.04568667364411,16.71099614943043,15.975242259468661,16.68360137939453,412650,0.0,0.0
2015-10-08 00:00:00-04:00,16.640551731087037,17.129749331548553,16.534885949613987,16.984947204589844,356625,0.0,0.0
2015-10-09 00:00:00-04:00,17.043651548835843,17.21193514546264,16.89102114662167,17.188453674316406,145350,0.0,0.0
2015-10-12 00:00:00-04:00,17.180629170556585,17.2393337010777,16.80492554970997,16.910593032836914,207900,0.0,0.0
2015-10-13 00:00:00-04:00,16.926248989575807,17.329349131418727,16.91842238937503,17.110187530517578,202725,0.0,0.0
2015-10-14 00:00:00-04:00,17.149316048205183,17.215847158070968,16.812747200565422,16.902761459350586,167850,0.0,0.0
2015-10-15 00:00:00-04:00,16.91450235890658,17.536762174522305,16.902762463276783,17.525020599365234,177525,0.0,0.0
2015-10-16 00:00:00-04:00,17.556333164118307,17.68548043440737,16.83232075208268,17.615036010742188,165375,0.0,0.0
2015-10-19 00:00:00-04:00,17.615033522617523,17.68547793633243,17.33325586775791,17.611120223999023,337275,0.0,0.0
2015-10-20 00:00:00-04:00,17.611120572166236,17.697219861584603,17.262811795324243,17.50545310974121,137475,0.0,0.0
2015-10-21 00:00:00-04:00,17.521107948905918,17.95160271560687,17.42718206228423,17.65025520324707,353250,0.0,0.0
2015-10-22 00:00:00-04:00,17.716791565280687,17.924211553243214,17.419358971265776,17.732444763183594,200025,0.0,0.0
2015-10-23 00:00:00-04:00,17.70113662422113,18.104235020742344,17.55241948798442,17.877246856689453,257625,0.0,0.0
2015-10-26 00:00:00-04:00,17.916381581841595,18.127714849310927,17.650257088306322,17.998567581176758,418050,0.0,0.0
2015-10-27 00:00:00-04:00,17.967257550564977,18.100319795268543,17.52110954838373,17.76766586303711,168750,0.0,0.0
2015-10-28 00:00:00-04:00,17.775492602055103,18.761716188960097,17.767666003902544,18.58951759338379,444375,0.0,0.0
2015-10-29 00:00:00-04:00,18.417322146727415,18.785197482160473,15.654332914661362,16.824493408203125,731025,0.0,0.0
2015-10-30 00:00:00-04:00,16.804927121862498,16.82449530053353,15.66998787469285,15.881322860717773,393525,0.0,0.0
2015-11-02 00:00:00-05:00,15.846102185148856,16.350954888543978,15.842188884731977,16.030040740966797,282600,0.0,0.0
2015-11-03 00:00:00-05:00,16.045685258702846,16.296154824637732,15.752167731951781,16.10830307006836,334125,0.0,0.0
2015-11-04 00:00:00-05:00,16.147444365130447,16.147444365130447,15.850011769319648,15.940024375915527,210150,0.0,0.0
2015-11-05 00:00:00-05:00,15.940024276562164,15.940024276562164,15.37646716397571,15.650418281555176,163350,0.0,0.0
2015-11-06 00:00:00-05:00,15.564321300951974,15.756086419411062,15.333419827062471,15.509530067443848,197325,0.0,0.0
2015-11-09 00:00:00-05:00,15.493874898950748,15.560404343384835,14.824652039722174,14.965540885925293,392625,0.0,0.0
2015-11-10 00:00:00-05:00,14.949883931656743,15.380378688230495,14.949883931656743,15.169045448303223,216225,0.0,0.0
2015-11-11 00:00:00-05:00,15.188616692130367,15.30210909247179,14.750293570203228,15.176875114440918,227475,0.0,0.0
2015-11-12 00:00:00-05:00,15.122084817226584,15.239493883252806,14.703333204988441,14.844222068786621,242550,0.0,0.0
2015-11-13 00:00:00-05:00,14.801172595597016,15.337333280446257,14.801172595597016,15.063382148742676,241875,0.0,0.0
2015-11-16 00:00:00-05:00,15.114255054078455,15.184699471231305,14.86769875427979,15.03598403930664,244125,0.0,0.0
2015-11-17 00:00:00-05:00,15.290366651532294,16.413564006218813,15.212095638220369,16.022207260131836,460575,0.0,0.0
2015-11-18 00:00:00-05:00,16.217883818420578,16.217883818420578,15.282538343968193,15.662155151367188,314550,0.0,0.0
2015-11-19 00:00:00-05:00,15.623022347314533,15.799134246851207,15.270800227768737,15.642590522766113,275175,0.0,0.0
2015-11-20 00:00:00-05:00,15.728688177721473,15.904798379309474,15.431255636929503,15.716946601867676,198450,0.0,0.0
2015-11-23 00:00:00-05:00,15.912628542094811,16.100480341797763,15.72477674239186,15.963504791259766,359325,0.0,0.0
2015-11-24 00:00:00-05:00,15.810878635634944,16.053520023518157,15.697384541454781,15.787395477294922,153675,0.0,0.0
2015-11-25 00:00:00-05:00,15.853924785717835,16.210061906242508,15.701296030802393,16.18657875061035,105975,0.0,0.0
2015-11-27 00:00:00-05:00,16.28050290131196,16.30789767106891,15.912625960077015,15.983070373535156,186300,0.0,0.0
2015-11-30 00:00:00-05:00,15.979164894631216,16.366608518490054,15.916547047738343,16.213979721069336,233100,0.0,0.0
2015-12-01 00:00:00-05:00,16.217887568091548,16.53097333822009,16.041775667719048,16.444875717163086,234450,0.0,0.0
2015-12-02 00:00:00-05:00,16.46444215864073,17.200194396739363,16.429219110464967,17.00060272216797,365625,0.0,0.0
2015-12-03 00:00:00-05:00,16.977125365431178,17.118014233233282,16.43705137218979,16.652297973632812,385875,0.0,0.0
2015-12-04 00:00:00-05:00,16.648380564964178,16.894935183002676,16.39791096862426,16.4213924407959,270450,0.0,0.0
2015-12-07 00:00:00-05:00,16.41747584256846,16.42139082048358,15.799131029570415,16.04960060119629,414675,0.0,0.0
2015-12-08 00:00:00-05:00,15.873493618153905,16.155271343048657,15.646505446590558,15.936111450195312,343350,0.0,0.0
2015-12-09 00:00:00-05:00,15.865665698859003,16.026122725438874,15.615196071061575,15.728690147399902,359775,0.0,0.0
2015-12-10 00:00:00-05:00,15.709122965918747,15.900888078289023,15.513444554035232,15.850011825561523,202500,0.0,0.0
2015-12-11 00:00:00-05:00,15.599540973325695,15.818700844836796,15.4782203001762,15.673898696899414,364050,0.0,0.0
2015-12-14 00:00:00-05:00,15.65824576143317,15.783479735883176,15.536923406730955,15.74825668334961,432450,0.0,0.0
2015-12-15 00:00:00-05:00,15.865662264831496,17.17279799014197,15.517353512674791,15.689550399780273,514800,0.0,0.0
2015-12-16 00:00:00-05:00,15.74042988062947,15.986984500748294,15.556491400478427,15.90479850769043,299250,0.0,0.0
2015-12-17 00:00:00-05:00,15.889147190240772,16.073085711572478,15.462567293274086,15.8304443359375,337950,0.0,0.0
2015-12-18 00:00:00-05:00,15.450824888219525,15.693466224499947,15.169047202399366,15.33733081817627,643050,0.0,0.0
2015-12-21 00:00:00-05:00,15.368642876224126,15.587804475057169,15.196445916736383,15.278630256652832,401850,0.0,0.0
2015-12-22 00:00:00-05:00,15.26688366348769,16.1826609784514,15.25514208891687,16.06134033203125,312750,0.0,0.0
2015-12-23 00:00:00-05:00,16.116131030258302,16.53488589469857,16.116131030258302,16.370513916015625,310275,0.0,0.0
2015-12-24 00:00:00-05:00,16.210062577741084,16.656210642208233,16.210062577741084,16.480098724365234,201150,0.0,0.0
2015-12-28 00:00:00-05:00,16.460527236189805,16.70708353567483,16.354861450358637,16.664033889770508,187650,0.0,0.0
2015-12-29 00:00:00-05:00,16.730568609387525,16.957556784183254,16.664037476807557,16.867544174194336,282600,0.0,0.0
2015-12-30 00:00:00-05:00,16.86754359431214,17.01625905294692,16.73839463323902,16.863630294799805,185850,0.0,0.0
2015-12-31 00:00:00-05:00,16.832320675969452,17.219764164612222,16.691431829276166,17.024084091186523,637650,0.0,0.0
2016-01-04 00:00:00-05:00,16.78927499031033,16.98495343040977,16.069175710680806,16.30007553100586,483300,0.0,0.0
2016-01-05 00:00:00-05:00,16.29615851340013,16.339208163488095,15.540838025850956,15.642590522766113,575775,0.0,0.0
2016-01-06 00:00:00-05:00,15.32559024833055,16.084825738020683,15.32559024833055,15.771739959716797,267075,0.0,0.0
2016-01-07 00:00:00-05:00,15.533012755190542,16.00655731831024,15.533012755190542,15.861753463745117,443025,0.0,0.0
2016-01-08 00:00:00-05:00,15.842181188091043,15.920452196986288,14.66027938046747,14.691587448120117,511425,0.0,0.0
2016-01-11 00:00:00-05:00,14.938144226824868,14.938144226824868,13.998885265094122,14.24152660369873,526950,0.0,0.0
2016-01-12 00:00:00-05:00,14.39415589917866,14.683761842751291,14.14368630246034,14.546786308288574,462375,0.0,0.0
2016-01-13 00:00:00-05:00,14.574179988184483,14.574179988184483,13.071364199909747,13.118327140808105,333450,0.0,0.0
2016-01-14 00:00:00-05:00,13.227909885192531,13.623182508636887,12.758280375775561,13.497947692871094,450000,0.0,0.0
2016-01-15 00:00:00-05:00,13.15746650268263,13.314010244750875,12.163416175864496,12.75045394897461,438525,0.0,0.0
2016-01-19 00:00:00-05:00,12.86785926739513,13.043970319092704,12.636958670567465,12.942217826843262,400950,0.0,0.0
2016-01-20 00:00:00-05:00,12.836551114143635,13.466637597240194,12.523464522085588,13.255304336547852,460125,0.0,0.0
2016-01-21 00:00:00-05:00,13.349231140343033,13.482293391915881,12.91090971362415,12.922651290893555,303750,0.0,0.0
2016-01-22 00:00:00-05:00,13.18486030350927,13.803206907823057,13.102675144159875,13.674057960510254,376200,0.0,0.0
2016-01-25 00:00:00-05:00,13.587957668472495,13.658402081266031,12.77393278301587,12.836549758911133,337050,0.0,0.0
2016-01-26 00:00:00-05:00,12.914824631715204,13.854083688824849,12.805243848543187,13.169207572937012,327600,0.0,0.0
2016-01-27 00:00:00-05:00,13.169205604106232,13.286612968692229,12.965698945648029,13.10267448425293,235350,0.0,0.0
2016-01-28 00:00:00-05:00,13.290526277202602,13.290526277202602,12.90308113402489,13.180946350097656,235125,0.0,0.0
2016-01-29 00:00:00-05:00,13.259217578246151,13.693624806946355,13.153550955048804,13.677969932556152,248850,0.0,0.0
2016-02-01 00:00:00-05:00,13.537082837139264,13.717108037360912,13.392280688929489,13.658404350280762,263925,0.0,0.0
2016-02-02 00:00:00-05:00,13.47837941712871,13.713193315708326,13.45489710353063,13.65449047088623,219600,0.0,0.0
2016-02-03 00:00:00-05:00,13.728848384673721,13.728848384673721,13.106588479541776,13.23965072631836,225225,0.0,0.0
2016-02-04 00:00:00-05:00,13.243563964014571,13.450983931430086,13.102675119678844,13.227909088134766,154125,0.0,0.0
2016-02-05 00:00:00-05:00,13.188775217293763,13.188775217293763,12.672181916980632,12.76219367980957,237600,0.0,0.0
2016-02-08 00:00:00-05:00,12.644787577634945,12.648700877354917,12.030355014113102,12.613478660583496,312750,0.0,0.0
2016-02-09 00:00:00-05:00,12.464762240370813,12.71131857867047,11.458971229833189,11.466797828674316,416925,0.0,0.0
2016-02-10 00:00:00-05:00,11.478540585717733,12.460849381358527,11.478540585717733,11.775972366333008,366750,0.0,0.0
2016-02-11 00:00:00-05:00,11.545069769820007,12.683922205396767,11.54115647037423,12.492157936096191,572175,0.0,0.0
2016-02-12 00:00:00-05:00,12.562602294130437,13.662319209780065,12.151675623134317,12.691749572753906,426600,0.0,0.0
2016-02-16 00:00:00-05:00,12.934390363288124,13.447069481573777,12.60956303310546,13.376625061035156,369900,0.0,0.0
2016-02-17 00:00:00-05:00,13.533170097883366,14.308060478931518,13.439244194668758,14.163256645202637,664200,0.0,0.0
2016-02-18 00:00:00-05:00,15.658242715583352,16.143525321884436,14.715068913053045,16.041772842407227,1201500,0.0,0.0
2016-02-19 00:00:00-05:00,15.924369063959118,16.15527052339864,15.654332931065996,16.0887393951416,513225,0.0,0.0
2016-02-22 00:00:00-05:00,16.225717163169104,16.703175024240032,16.194409084232337,16.331384658813477,474525,0.0,0.0
2016-02-23 00:00:00-05:00,16.296160769488857,16.484012592586712,16.155271902165467,16.25311279296875,239400,0.0,0.0
2016-02-24 00:00:00-05:00,16.080913841230775,16.90276723007163,15.994814530888725,16.867544174194336,273375,0.0,0.0
2016-02-25 00:00:00-05:00,16.77361392653854,17.016255237169435,16.437046730563136,16.71882438659668,376425,0.0,0.0
2016-02-26 00:00:00-05:00,17.20019663679343,17.20019663679343,16.452702725444468,17.03973960876465,329625,0.0,0.0
2016-02-29 00:00:00-05:00,17.000605091348394,17.513284254047164,17.000605091348394,17.29412269592285,345825,0.0,0.0
2016-03-01 00:00:00-05:00,17.36847913780935,17.732442821643936,17.004517133502247,17.15323257446289,468450,0.0,0.0
2016-03-02 00:00:00-05:00,17.141494003716865,17.28238285748487,16.89885096920911,17.149320602416992,308025,0.0,0.0
2016-03-03 00:00:00-05:00,17.141495303807954,17.180629979804365,16.4918405356512,16.867544174194336,267300,0.0,0.0
2016-03-04 00:00:00-05:00,16.867540692262754,17.26672572581189,16.750133329454183,17.06321907043457,377550,0.0,0.0
2016-03-07 00:00:00-05:00,16.934076199575717,17.262816900632885,16.824495406047383,16.957557678222656,510300,0.0,0.0
2016-03-08 00:00:00-05:00,16.867538415498686,17.38413074212726,16.675773362050183,16.902761459350586,513225,0.0,0.0
2016-03-09 00:00:00-05:00,16.887107747818213,17.235416514341868,16.887107747818213,17.21193504333496,728325,0.0,0.0
2016-03-10 00:00:00-05:00,17.211938692022763,17.211938692022763,16.68360464260438,17.067134857177734,270225,0.0,0.0
2016-03-11 00:00:00-05:00,17.10235230529695,17.10235230529695,16.695339068617645,16.754043579101562,479475,0.0,0.0
2016-03-14 00:00:00-04:00,16.78535464104148,17.65808410120216,16.75795986973454,17.509366989135742,423900,0.0,0.0
2016-03-15 00:00:00-04:00,17.4115322112563,17.454581868299016,16.546630809168448,16.58185386657715,225450,0.0,0.0
2016-03-16 00:00:00-04:00,16.67969326497807,17.254990332649715,16.67969326497807,17.07887840270996,441900,0.0,0.0
2016-03-17 00:00:00-04:00,17.07887780646738,17.86159485516412,17.0201749515554,17.61895179748535,664425,0.0,0.0
2016-03-18 00:00:00-04:00,17.681568506957287,18.15511301349448,17.622863976251615,17.888988494873047,305550,0.0,0.0
2016-03-21 00:00:00-04:00,17.873330503072278,18.100318628337938,17.341083238099564,17.458492279052734,364950,0.0,0.0
2016-03-22 00:00:00-04:00,17.427184743241355,17.74809879840989,16.832321262967387,17.654172897338867,274725,0.0,0.0
2016-03-23 00:00:00-04:00,17.52502495776671,17.556334712953994,17.051482125717868,17.251073837280273,305100,0.0,0.0
2016-03-24 00:00:00-04:00,17.219764765121575,17.712877425272055,16.94972863930617,17.654172897338867,276975,0.0,0.0
2016-03-28 00:00:00-04:00,17.775493211887596,18.241209408492438,17.708962086725826,18.182506561279297,375075,0.0,0.0
2016-03-29 00:00:00-04:00,18.08466886602983,18.57386489855787,17.982914680460734,18.554298400878906,391500,0.0,0.0
2016-03-30 00:00:00-04:00,18.75388563737683,19.094367808642303,18.468194685118352,18.99652862548828,430875,0.0,0.0
2016-03-31 00:00:00-04:00,18.491681381490295,18.644310147252654,17.407618424684603,17.76375389099121,1119150,0.0,0.0
2016-04-01 00:00:00-04:00,17.62285623795893,18.088572261520305,17.47414084605058,17.971166610717773,277875,0.0,0.0
2016-04-04 00:00:00-04:00,17.928124744314246,17.928124744314246,17.485889995205472,17.75592613220215,304875,0.0,0.0
2016-04-05 00:00:00-04:00,17.556332768753187,18.260776989541064,17.45457859495438,18.022048950195312,284625,0.0,0.0
2016-04-06 00:00:00-04:00,18.080755848553878,18.44863291727266,18.0142263901722,18.252954483032227,354825,0.0,0.0
2016-04-07 00:00:00-04:00,18.14728166395925,18.21381278235557,17.677652215899794,17.845935821533203,163125,0.0,0.0
2016-04-08 00:00:00-04:00,17.93594878696304,17.98682503164424,17.693305780712613,17.896812438964844,195075,0.0,0.0
2016-04-11 00:00:00-04:00,17.975079908474267,18.31164702890976,17.885067341967186,17.971166610717773,156600,0.0,0.0
2016-04-12 00:00:00-04:00,17.885076077049444,18.307742672666155,17.842026421648672,18.13554573059082,186975,0.0,0.0
2016-04-13 00:00:00-04:00,18.053353791031167,18.83998386987637,18.053353791031167,18.773452758789062,257625,0.0,0.0
2016-04-14 00:00:00-04:00,18.82824789166038,19.047409461505953,18.39775471011637,18.519075393676758,229950,0.0,0.0
2016-04-15 00:00:00-04:00,18.41340827249844,18.89477935233594,18.41340827249844,18.67953109741211,150075,0.0,0.0
2016-04-18 00:00:00-04:00,18.675616265478695,18.742147386128945,18.413406761350316,18.620826721191406,213750,0.0,0.0
2016-04-19 00:00:00-04:00,18.632566328588982,18.74606039387316,18.436887948150513,18.49950408935547,243450,0.0,0.0
2016-04-20 00:00:00-04:00,18.56603489759238,18.706923732231743,18.362528243270837,18.569948196411133,199800,0.0,0.0
2016-04-21 00:00:00-04:00,18.503418731884736,19.078717377377732,18.31948023474253,19.07480239868164,416250,0.0,0.0
2016-04-22 00:00:00-04:00,18.867384240798394,19.755768739037453,18.867384240798394,19.376150131225586,599175,0.0,0.0
2016-04-25 00:00:00-04:00,19.38006326830564,19.509212229366,18.593434641990715,18.734323501586914,203850,0.0,0.0
2016-04-26 00:00:00-04:00,18.785195354053275,18.78911033252589,18.479937882000563,18.620826721191406,182475,0.0,0.0
2016-04-27 00:00:00-04:00,18.519078225059182,19.30570865798828,18.45646038416856,19.17656135559082,323775,0.0,0.0
2016-04-28 00:00:00-04:00,19.446597008158303,19.794905904376918,17.771583666279295,18.303831100463867,555525,0.0,0.0
2016-04-29 00:00:00-04:00,18.229469764553787,18.39384009037665,17.775493459262727,17.943777084350586,304200,0.0,0.0
2016-05-02 00:00:00-04:00,18.002482254435307,18.03770362860493,17.744186018923376,17.95943260192871,400275,0.0,0.0
2016-05-03 00:00:00-04:00,17.88116146918102,18.00248214764416,17.7480992130459,17.826370239257812,261675,0.0,0.0
2016-05-04 00:00:00-04:00,17.705048226047754,17.705048226047754,16.96929425291773,17.407615661621094,440550,0.0,0.0
2016-05-05 00:00:00-04:00,17.509369897790492,18.05727213305626,17.13757957515377,17.732444763183594,234000,0.0,0.0
2016-05-06 00:00:00-04:00,17.701139093106054,18.02205320710926,17.45066941782102,17.92812728881836,263025,0.0,0.0
2016-05-09 00:00:00-04:00,18.002480780703685,18.354702891204283,17.705048216438456,18.288171768188477,312975,0.0,0.0
2016-05-10 00:00:00-04:00,18.319481063197692,18.487766371276,18.198162065376096,18.307741165161133,132975,0.0,0.0
2016-05-11 00:00:00-04:00,18.295999940959554,18.577777627744076,17.97117260543948,18.31165313720703,155925,0.0,0.0
2016-05-12 00:00:00-04:00,18.366450936085595,18.851735463520143,18.19816725950332,18.558216094970703,184050,0.0,0.0
2016-05-13 00:00:00-04:00,18.530811853593317,19.039579329282343,18.30773870512476,19.0278377532959,246600,0.0,0.0
2016-05-16 00:00:00-04:00,19.004355758103575,19.567911081294042,19.004355758103575,19.446590423583984,265275,0.0,0.0
2016-05-17 00:00:00-04:00,19.372236272275074,19.372236272275074,18.761717893203265,18.949569702148438,444375,0.0,0.0
2016-05-18 00:00:00-04:00,18.902604563295416,19.638356836711058,18.902604563295416,19.442678451538086,256050,0.0,0.0
2016-05-19 00:00:00-04:00,19.37614643596833,19.442677554123957,18.78519464969194,19.051319122314453,232875,0.0,0.0
2016-05-20 00:00:00-04:00,19.196120030336036,20.123638967487242,18.072922729527768,19.935787200927734,435150,0.0,0.0
2016-05-23 00:00:00-04:00,19.959273811791427,20.05711301058321,19.56008705911465,19.77533531188965,486900,0.0,0.0
2016-05-24 00:00:00-04:00,19.841859987587302,21.00810853283673,19.841859987587302,20.722415924072266,750150,0.0,0.0
2016-05-25 00:00:00-04:00,20.741985934906264,20.741985934906264,20.44064010626572,20.601097106933594,315675,0.0,0.0
2016-05-26 00:00:00-04:00,20.722420326149994,20.804606325733065,20.51108705804319,20.61675453186035,139500,0.0,0.0
2016-05-27 00:00:00-04:00,20.757644533588824,21.01202746521668,20.706768283168774,20.890705108642578,268425,0.0,0.0
2016-05-31 00:00:00-04:00,20.78894835913867,21.04333123877797,20.61675146686423,20.91027069091797,177975,0.0,0.0
2016-06-01 00:00:00-04:00,20.92201154697404,21.168567840859804,20.8241723609738,21.07464027404785,247050,0.0,0.0
2016-06-02 00:00:00-04:00,20.941584624885962,20.980720980263268,20.781127583272298,20.961151123046875,312525,0.0,0.0
2016-06-03 00:00:00-04:00,20.898535498521934,21.133350277670118,20.78112810894784,21.000288009643555,168525,0.0,0.0
2016-06-06 00:00:00-04:00,21.082467891919556,21.192048650168296,20.75372729670063,20.839826583862305,436500,0.0,0.0
2016-06-07 00:00:00-04:00,20.914186597477194,21.04724885214313,20.73807637056297,20.781126022338867,221175,0.0,0.0
2016-06-08 00:00:00-04:00,20.88287741112007,20.96114843229942,20.428902801035786,20.89461898803711,249525,0.0,0.0
2016-06-09 00:00:00-04:00,20.83200164002193,20.83200164002193,20.5463089631491,20.65589141845703,221400,0.0,0.0
2016-06-10 00:00:00-04:00,20.389766144126764,20.60501270877944,20.10798845668453,20.1940860748291,179775,0.0,0.0
2016-06-13 00:00:00-04:00,20.127557376097172,20.36628542353406,20.09233432410022,20.186260223388672,216900,0.0,0.0
2016-06-14 00:00:00-04:00,20.08842239285162,20.452386117143092,19.99840978664931,20.147125244140625,274725,0.0,0.0
2016-06-15 00:00:00-04:00,20.256704143673204,21.094212297520045,20.00232122617722,20.882877349853516,196425,0.0,0.0
2016-06-16 00:00:00-04:00,20.992459594855898,21.89258395677078,20.773298033584425,21.24292755126953,699300,0.0,0.0
2016-06-17 00:00:00-04:00,21.180310774399683,21.325112924807787,20.914186269244436,21.117692947387695,292725,0.0,0.0
2016-06-20 00:00:00-04:00,21.477743203927186,21.91214965213036,21.195965503624297,21.75560760498047,334350,0.0,0.0
2016-06-21 00:00:00-04:00,21.869101468196725,22.049126668148823,21.411211869893368,21.802570343017578,254025,0.0,0.0
2016-06-22 00:00:00-04:00,21.900405579198814,22.24480104042125,21.540355244434867,21.970849990844727,274050,0.0,0.0
2016-06-23 00:00:00-04:00,22.213499236848882,22.820104343666436,22.01781914074558,22.745746612548828,384525,0.0,0.0
2016-06-24 00:00:00-04:00,21.759519807209365,22.31524858129849,21.086383663913207,22.135223388671875,922050,0.0,0.0
2016-06-27 00:00:00-04:00,21.786919229479143,22.221327428012568,21.524709662215255,22.068696975708008,365400,0.0,0.0
2016-06-28 00:00:00-04:00,22.299595037906695,23.01969417190979,22.068693584749163,22.553977966308594,502425,0.0,0.0
2016-06-29 00:00:00-04:00,22.867065156847566,23.21537398217924,22.65181690333595,22.902286529541016,377775,0.0,0.0
2016-06-30 00:00:00-04:00,22.953165239405518,23.602818282707627,22.79662150775883,23.59499168395996,495000,0.0,0.0
2016-07-01 00:00:00-04:00,23.594992029355982,24.33465936672202,23.594992029355982,24.06853485107422,207450,0.0,0.0
2016-07-05 00:00:00-04:00,24.16637500705519,24.369881687096377,23.399312917233118,23.700658798217773,478575,0.0,0.0
2016-07-06 00:00:00-04:00,23.798501089530934,24.980403291538696,23.798501089530934,24.420761108398438,879525,0.0,0.0
2016-07-07 00:00:00-04:00,24.608612276260196,24.99997079988891,24.592957397866158,24.949092864990234,410175,0.0,0.0
2016-07-08 00:00:00-04:00,25.270004740566694,25.48525130755835,24.898214452341332,25.406978607177734,410400,0.0,0.0
2016-07-11 00:00:00-04:00,25.653534633038706,26.170127059727566,25.571350314011045,25.790510177612305,374850,0.0,0.0
2016-07-12 00:00:00-04:00,26.060549407876824,26.12316723502085,25.63396787477905,26.029239654541016,327825,0.0,0.0
2016-07-13 00:00:00-04:00,26.209267107668953,26.663243454259025,25.344365748902955,25.414810180664062,392625,0.0,0.0
2016-07-14 00:00:00-04:00,25.344363574357274,25.90400568080786,25.344363574357274,25.450029373168945,359325,0.0,0.0
2016-07-15 00:00:00-04:00,25.512645454900476,25.727892016610824,25.28174401759261,25.43828773498535,200250,0.0,0.0
2016-07-18 00:00:00-04:00,25.56351838416281,25.759196745867687,25.438284434214957,25.622222900390625,236250,0.0,0.0
2016-07-19 00:00:00-04:00,25.614398894973554,25.75137444281816,25.324794602635265,25.33653450012207,189900,0.0,0.0
2016-07-20 00:00:00-04:00,25.4343727853677,25.54786685464196,25.223039522434508,25.24652099609375,245700,0.0,0.0
2016-07-21 00:00:00-04:00,25.340451144862865,25.340451144862865,24.996055603027344,24.996055603027344,233100,0.0,0.0
2016-07-22 00:00:00-04:00,24.96866012938427,25.14868365434346,24.819942998906114,25.125202178955078,258750,0.0,0.0
2016-07-25 00:00:00-04:00,25.133026228411122,25.242608675145767,24.862990128597446,24.99996566772461,361800,0.0,0.0
2016-07-26 00:00:00-04:00,24.976487259187824,25.179993943391043,24.78863545208566,25.007795333862305,208350,0.0,0.0
2016-07-27 00:00:00-04:00,25.113459624941967,25.669188376867158,25.113459624941967,25.48133659362793,246150,0.0,0.0
2016-07-28 00:00:00-04:00,26.11925113569968,27.21114052719158,25.457856558122526,25.986188888549805,531900,0.0,0.0
2016-07-29 00:00:00-04:00,26.005757688880312,26.177956290397127,25.050843820697946,25.266090393066406,391500,0.0,0.0
2016-08-01 00:00:00-04:00,25.340449246723068,26.044893475305564,24.88647295750711,25.9979305267334,431100,0.0,0.0
2016-08-02 00:00:00-04:00,25.888350694750926,26.18578327303059,24.682967184557466,24.89430046081543,421425,0.0,0.0
2016-08-03 00:00:00-04:00,24.92561037805642,24.996054803939337,24.397276344170727,24.726016998291016,355275,0.0,0.0
2016-08-04 00:00:00-04:00,24.679049894361583,24.95691425183585,24.51076629632814,24.831680297851562,325575,0.0,0.0
2016-08-05 00:00:00-04:00,24.960831066466024,25.117374790642693,24.710361443688868,24.902128219604492,219825,0.0,0.0
2016-08-08 00:00:00-04:00,24.862995899254997,24.95300851326047,24.18985962365253,24.420761108398438,303525,0.0,0.0
2016-08-09 00:00:00-04:00,24.436407978315202,24.499025797823563,24.09984076745346,24.260297775268555,228375,0.0,0.0
2016-08-10 00:00:00-04:00,24.25638451624203,24.29943416225417,23.712395672396223,24.115495681762695,193275,0.0,0.0
2016-08-11 00:00:00-04:00,24.279867530315993,24.757325286052826,23.810238052232222,24.1742000579834,357525,0.0,0.0
2016-08-12 00:00:00-04:00,24.166376118628758,24.36205620904394,23.861116924289863,24.00983238220215,324900,0.0,0.0
2016-08-15 00:00:00-04:00,23.951130216995946,24.409018181859874,23.837636130799392,23.990264892578125,249300,0.0,0.0
2016-08-16 00:00:00-04:00,23.896334547471202,24.107667802679803,23.289729553525284,23.297557830810547,363150,0.0,0.0
2016-08-17 00:00:00-04:00,24.870815582157615,25.199557868654356,24.538161676455058,24.690792083740234,2053350,0.0,0.0
2016-08-18 00:00:00-04:00,24.772981078146266,25.50090684545198,24.690796750633652,25.4695987701416,4479750,0.0,0.0
2016-08-19 00:00:00-04:00,25.301314453913097,25.555697387593,25.023450044501626,25.489166259765625,966150,0.0,0.0
2016-08-22 00:00:00-04:00,25.606573591524064,25.606573591524064,24.882561144538894,25.36784553527832,596925,0.0,0.0
2016-08-23 00:00:00-04:00,25.410894227118995,25.602659324741587,25.21521415075656,25.42263412475586,420750,0.0,0.0
2016-08-24 00:00:00-04:00,25.316968247317067,25.32479652576361,25.00779575616179,25.226957321166992,520875,0.0,0.0
2016-08-25 00:00:00-04:00,25.121289306584593,25.21912850911104,24.808201843066804,25.187820434570312,360900,0.0,0.0
2016-08-26 00:00:00-04:00,25.179991848770758,25.230868095707468,24.679052618484317,24.75341033935547,332550,0.0,0.0
2016-08-29 00:00:00-04:00,24.726019118675165,25.297402852854134,24.573390355937264,25.22304344177246,440100,0.0,0.0
2016-08-30 00:00:00-04:00,25.152590406383037,25.43436803769633,24.972566928284323,25.203468322753906,326700,0.0,0.0
2016-08-31 00:00:00-04:00,25.203472180054895,25.316964565986382,24.581212309239824,25.058670043945312,494550,0.0,0.0
2016-09-01 00:00:00-04:00,25.031275645113983,25.34044979619097,24.737756370409677,25.266090393066406,290700,0.0,0.0
2016-09-02 00:00:00-04:00,25.33262199245116,25.907918975467556,25.207388017708087,25.872695922851562,373950,0.0,0.0
2016-09-06 00:00:00-04:00,25.997930002762025,26.170126917546945,25.68484256557264,26.115337371826172,473850,0.0,0.0
2016-09-07 00:00:00-04:00,26.150564393855962,26.150564393855962,25.563525779852824,25.669193267822266,281925,0.0,0.0
2016-09-08 00:00:00-04:00,25.598745698324482,25.7592010411427,25.28565825195751,25.33653450012207,239850,0.0,0.0
2016-09-09 00:00:00-04:00,25.187815363926976,25.367840535231856,24.37379047399348,24.710357666015625,583875,0.0,0.0
2016-09-12 00:00:00-04:00,24.448153654943237,24.59295581228699,23.821980393414055,24.49120330810547,471825,0.0,0.0
2016-09-13 00:00:00-04:00,24.31508876569438,24.31508876569438,23.36800321668741,23.508892059326172,440775,0.0,0.0
2016-09-14 00:00:00-04:00,23.559769945772555,23.74762174903285,23.508893695644158,23.700658798217773,251100,0.0,0.0
2016-09-15 00:00:00-04:00,23.6536958474027,23.90416547825896,23.62238777336852,23.700658798217773,246600,0.0,0.0
2016-09-16 00:00:00-04:00,23.70848765572083,23.86503139986198,23.219289924866526,23.317129135131836,478125,0.0,0.0
2016-09-19 00:00:00-04:00,23.36408656340884,23.67325899933932,23.015777780819235,23.270160675048828,445950,0.0,0.0
2016-09-20 00:00:00-04:00,23.293647343215234,23.40322813058838,22.86706745167825,23.231029510498047,267750,0.0,0.0
2016-09-21 00:00:00-04:00,23.28190443365881,23.62629994977687,23.21146001078426,23.50106430053711,396900,0.0,0.0
2016-09-22 00:00:00-04:00,23.751533162858625,24.20159445918756,23.69674361776631,24.123323440551758,298350,0.0,0.0
2016-09-23 00:00:00-04:00,24.041139404719726,24.283782437482813,23.782843174668933,24.135066986083984,197550,0.0,0.0
2016-09-26 00:00:00-04:00,24.029397798181467,24.240731062287413,23.782841483627454,24.0411376953125,185850,0.0,0.0
2016-09-27 00:00:00-04:00,24.146810689116936,25.33653952636849,24.048971472540803,25.078243255615234,706725,0.0,0.0
2016-09-28 00:00:00-04:00,25.078239383507967,25.508734221313105,24.953005407170124,25.37958526611328,399600,0.0,0.0
2016-09-29 00:00:00-04:00,25.426549419194238,25.457857492808827,24.761239838545496,24.772979736328125,219150,0.0,0.0
2016-09-30 00:00:00-04:00,24.816024072685913,24.816024072685913,24.048962157417044,24.232900619506836,470475,0.0,0.0
2016-10-03 00:00:00-04:00,24.060706471053273,24.663398206548408,24.01374352230112,24.6242618560791,360450,0.0,0.0
2016-10-04 00:00:00-04:00,24.534250359019794,24.83559621966523,24.14289190213289,24.62034797668457,269325,0.0,0.0
2016-10-05 00:00:00-04:00,24.620346273297343,24.83559450138581,24.420754599377425,24.463804244995117,186525,0.0,0.0
2016-10-06 00:00:00-04:00,24.3894459410891,25.22303734424184,24.193765891142146,25.172161102294922,314775,0.0,0.0
2016-10-07 00:00:00-04:00,25.172160490044334,25.172160490044334,24.381617071171156,24.409011840820312,326700,0.0,0.0
2016-10-10 00:00:00-04:00,24.608603761227098,25.379578963035343,24.557727523460322,25.37566566467285,218250,0.0,0.0
2016-10-11 00:00:00-04:00,25.418721089834253,25.418721089834253,24.534251636613643,24.65165901184082,155475,0.0,0.0
2016-10-12 00:00:00-04:00,24.675141795420885,25.046932116611103,24.569474312349037,24.913869857788086,102375,0.0,0.0
2016-10-13 00:00:00-04:00,24.7925477955084,24.7925477955084,24.43641069200307,24.483373641967773,253575,0.0,0.0
2016-10-14 00:00:00-04:00,24.663399007251,24.74167171073075,24.291608704304952,24.31509017944336,222750,0.0,0.0
2016-10-17 00:00:00-04:00,24.362055815097154,24.909956364438937,24.362055815097154,24.538166046142578,106875,0.0,0.0
2016-10-18 00:00:00-04:00,24.694706020124258,24.733842370182963,24.34248390817843,24.440324783325195,108450,0.0,0.0
2016-10-19 00:00:00-04:00,24.538163588157495,24.616436287028364,24.185941481821047,24.342483520507812,135675,0.0,0.0
2016-10-20 00:00:00-04:00,24.225076504233773,24.373793626535946,23.638039651797577,23.970693588256836,182250,0.0,0.0
2016-10-21 00:00:00-04:00,23.81415335649111,24.088106167131556,23.598906758985887,23.931562423706055,176400,0.0,0.0
2016-10-24 00:00:00-04:00,24.06853296377824,24.596866974686595,24.06853296377824,24.381620407104492,174600,0.0,0.0
2016-10-25 00:00:00-04:00,24.166372431272467,24.322916143813305,23.34451920007864,23.383655548095703,305775,0.0,0.0
2016-10-26 00:00:00-04:00,23.20754814095478,23.422794721962276,22.67921409709309,22.894460678100586,371250,0.0,0.0
2016-10-27 00:00:00-04:00,23.207548057337835,23.970695176299113,22.033472595156233,22.072608947753906,560700,0.0,0.0
2016-10-28 00:00:00-04:00,22.05304182731721,23.16841457847724,21.75952418501052,22.150882720947266,281475,0.0,0.0
2016-10-31 00:00:00-04:00,22.229146845765307,22.483529731065694,21.87692477677876,22.444395065307617,292275,0.0,0.0
2016-11-01 00:00:00-04:00,22.405262745770305,22.600942827829464,21.622545776588897,21.66168212890625,292950,0.0,0.0
2016-11-02 00:00:00-04:00,21.524706575323123,21.83779235527912,19.881001611853204,21.66168212890625,276525,0.0,0.0
2016-11-03 00:00:00-04:00,21.681249763460986,21.708644537587762,21.348594136128536,21.466001510620117,232650,0.0,0.0
2016-11-04 00:00:00-04:00,21.544270816693807,22.150875769186033,21.407295288127525,21.720382690429688,193950,0.0,0.0
2016-11-07 00:00:00-05:00,22.150878381515035,22.503100490998253,21.888668868821004,22.268285751342773,207000,0.0,0.0
2016-11-08 00:00:00-05:00,22.150880052716694,22.64007774382834,22.072609026768777,22.58137321472168,120375,0.0,0.0
2016-11-09 00:00:00-05:00,22.248715244185263,23.227110450030068,21.074639989455108,22.855321884155273,382500,0.0,0.0
2016-11-10 00:00:00-05:00,23.051000141726238,23.735877790212644,22.835751921043475,23.481494903564453,225900,0.0,0.0
2016-11-11 00:00:00-05:00,23.618474258168906,24.08810547495038,23.305388459842295,23.951129913330078,361575,0.0,0.0
2016-11-14 00:00:00-05:00,24.264212029275033,24.499026762266,23.806324139706373,24.205509185791016,155250,0.0,0.0
2016-11-15 00:00:00-05:00,24.06853401921462,24.616437908825624,23.48149881617256,24.45989418029785,92925,0.0,0.0
2016-11-16 00:00:00-05:00,24.40118989236151,25.399153442312734,23.911992205485628,25.37958526611328,304650,0.0,0.0
2016-11-17 00:00:00-05:00,25.53612827107199,26.59279631961703,25.340449873689053,26.43625259399414,350550,0.0,0.0
2016-11-18 00:00:00-05:00,26.49495265430969,26.534089001480424,25.82964315004411,26.201435089111328,192600,0.0,0.0
2016-11-21 00:00:00-05:00,26.475388417599273,26.588882490449244,26.201437323101246,26.553659439086914,150075,0.0,0.0
2016-11-22 00:00:00-05:00,26.671070378407606,27.03503412003766,26.494958457095578,27.023292541503906,190800,0.0,0.0
2016-11-23 00:00:00-05:00,26.94501786431602,27.183745907086127,26.847178667724425,27.12112808227539,210600,0.0,0.0
2016-11-25 00:00:00-05:00,27.179829892568353,27.395076439471342,27.12503867151001,27.355941772460938,100800,0.0,0.0
2016-11-28 00:00:00-05:00,27.395080636227018,27.395080636227018,26.5340926371897,26.67106819152832,312300,0.0,0.0
2016-11-29 00:00:00-05:00,26.808048627166105,28.510456758954298,26.690641227716156,28.138668060302734,568800,0.0,0.0
2016-11-30 00:00:00-05:00,28.21693543799007,28.459576805519713,27.50466285408327,27.923416137695312,242325,0.0,0.0
2016-12-01 00:00:00-05:00,27.884279075275938,28.099525647981896,27.140696799557293,27.316808700561523,311850,0.0,0.0
2016-12-02 00:00:00-05:00,27.375512233449168,28.54176108535153,27.121129303143356,27.140697479248047,202050,0.0,0.0
2016-12-05 00:00:00-05:00,27.140692701740054,28.021248714755988,27.121124529079896,27.688594818115234,287775,0.0,0.0
2016-12-06 00:00:00-05:00,27.903840181717126,28.412605931319156,27.477260417916803,28.236494064331055,174375,0.0,0.0
2016-12-07 00:00:00-05:00,28.43218239050993,28.960514755207722,28.001685869143316,28.78440284729004,296550,0.0,0.0
2016-12-08 00:00:00-05:00,29.058356994741505,29.254035419966463,28.706133142092092,29.21489906311035,302850,0.0,0.0
2016-12-09 00:00:00-05:00,29.371438278535656,29.559290064470243,28.209104513301657,29.23446273803711,191025,0.0,0.0
2016-12-12 00:00:00-05:00,29.01921226743994,29.234460488533497,28.686558368698726,29.038782119750977,178650,0.0,0.0
2016-12-13 00:00:00-05:00,29.25402869687776,29.31273489819802,28.549584512528167,28.627857208251953,433575,0.0,0.0
2016-12-14 00:00:00-05:00,28.686562485296296,29.09748913414143,28.31477218763476,28.35390853881836,271125,0.0,0.0
2016-12-15 00:00:00-05:00,28.45174026737801,29.097481494733287,28.236492071908174,28.70612144470215,255375,0.0,0.0
2016-12-16 00:00:00-05:00,28.84310501309021,29.35187086887085,28.745265813023376,28.960514068603516,628200,0.0,0.0
2016-12-19 00:00:00-05:00,28.999650197389236,29.214895092258637,28.92137749431574,29.117055892944336,236925,0.0,0.0
2016-12-20 00:00:00-05:00,29.254031919802866,30.0367488861084,29.019217165816723,30.0367488861084,222750,0.0,0.0
2016-12-21 00:00:00-05:00,29.938908123663055,30.956439790882804,29.938908123663055,30.545513153076172,333900,0.0,0.0
2016-12-22 00:00:00-05:00,30.58465373012068,30.87817135809563,30.09545432444028,30.17372703552246,261000,0.0,0.0
2016-12-23 00:00:00-05:00,30.330272212225942,30.494644250561258,29.99761819456086,30.349842071533203,204750,0.0,0.0
2016-12-27 00:00:00-05:00,30.212858684231364,30.97600574169848,30.173722334787286,30.506376266479492,339975,0.0,0.0
2016-12-28 00:00:00-05:00,30.506374688788373,30.525944542025805,29.841066859811537,30.134584426879883,194850,0.0,0.0
2016-12-29 00:00:00-05:00,30.115024711074426,30.494641656101255,30.07588835484543,30.21286392211914,145575,0.0,0.0
2016-12-30 00:00:00-05:00,30.31070455870928,30.627705364111936,29.645396548692833,29.860641479492188,255825,0.0,0.0
2017-01-03 00:00:00-05:00,29.88020631461048,30.467241509795638,29.704094412432877,30.310699462890625,374175,0.0,0.0
2017-01-04 00:00:00-05:00,30.330268431228212,31.50434563540398,30.232429224056133,31.32823371887207,567000,0.0,0.0
2017-01-05 00:00:00-05:00,31.171688079833984,31.386932967274305,30.9760063289041,31.171688079833984,360900,0.0,0.0
2017-01-06 00:00:00-05:00,31.386935728374738,31.719589695636472,30.917306202939894,31.406505584716797,481950,0.0,0.0
2017-01-09 00:00:00-05:00,31.465207901002028,31.555220505102234,30.60421821296381,31.367368698120117,364275,0.0,0.0
2017-01-10 00:00:00-05:00,31.367372125357416,31.87613805136491,30.819469842110014,31.426074981689453,396675,0.0,0.0
2017-01-11 00:00:00-05:00,31.44563918882549,31.848739272243716,31.26953063266527,31.48477554321289,207450,0.0,0.0
2017-01-12 00:00:00-05:00,31.426069795458982,31.56304534366582,31.093415852400977,31.465206146240234,160875,0.0,0.0
2017-01-13 00:00:00-05:00,31.523908634852173,31.95440512950149,31.523908634852173,31.83699607849121,231525,0.0,0.0
2017-01-17 00:00:00-05:00,31.81742920408557,31.81742920408557,31.437812280654434,31.602184295654297,184725,0.0,0.0
2017-01-18 00:00:00-05:00,31.680460116572558,31.954411262453778,31.23039703990259,31.77829933166504,185175,0.0,0.0
2017-01-19 00:00:00-05:00,31.563045536404026,31.758723932450096,30.40853829705506,30.6824893951416,507600,0.0,0.0
2017-01-20 00:00:00-05:00,30.81946002397113,30.839026516829975,30.01717671283076,30.604211807250977,231975,0.0,0.0
2017-01-23 00:00:00-05:00,30.58464676494387,30.932953867732632,30.50637407168707,30.623783111572266,221175,0.0,0.0
2017-01-24 00:00:00-05:00,30.721619785921142,31.680448443203588,30.6433470990662,31.621742248535156,201825,0.0,0.0
2017-01-25 00:00:00-05:00,31.700026608548903,32.49448358779622,31.641323751318293,32.443607330322266,199575,0.0,0.0
2017-01-26 00:00:00-05:00,32.2870526899929,32.580570220947266,32.189213513008106,32.580570220947266,152325,0.0,0.0
2017-01-27 00:00:00-05:00,32.58057556785133,32.67841476089282,32.42403353079591,32.639278411865234,106200,0.0,0.0
2017-01-30 00:00:00-05:00,32.32619314639211,32.533614802430876,31.680455100828052,31.91526985168457,221625,0.0,0.0
2017-01-31 00:00:00-05:00,31.77828922699585,32.365324330888846,31.46520182282014,31.993534088134766,354825,0.0,0.0
2017-02-01 00:00:00-05:00,32.24792219972126,32.658848833064724,31.817425711996684,32.11094665527344,209925,0.0,0.0
2017-02-02 00:00:00-05:00,32.110953334790615,32.110953334790615,31.328236254995073,31.77829933166504,175725,0.0,0.0
2017-02-03 00:00:00-05:00,32.07181697694248,32.07181697694248,31.465211827935683,31.77829933166504,173250,0.0,0.0
2017-02-06 00:00:00-05:00,31.60218444518129,32.18922303988721,31.484775382617954,31.700023651123047,139950,0.0,0.0
2017-02-07 00:00:00-05:00,31.77829933166504,32.1187799345491,31.426075470087554,31.77829933166504,239625,0.0,0.0
2017-02-08 00:00:00-05:00,31.660872832921417,32.1500719981989,31.44562466275071,32.091365814208984,184725,0.0,0.0
2017-02-09 00:00:00-05:00,32.110951006888456,33.46113677996016,32.110951006888456,33.44157028198242,274050,0.0,0.0
2017-02-10 00:00:00-05:00,33.69594123642347,33.69594123642347,32.48273139773368,32.776248931884766,269550,0.0,0.0
2017-02-13 00:00:00-05:00,33.03063571979162,33.12847490447031,32.30662172230373,32.40446090698242,256725,0.0,0.0
2017-02-14 00:00:00-05:00,32.639273055327266,32.71754574053685,32.150077170403314,32.580570220947266,180450,0.0,0.0
2017-02-15 00:00:00-05:00,32.38489631498261,33.40242792624575,32.38489631498261,32.97193145751953,261450,0.0,0.0
2017-02-16 00:00:00-05:00,32.795828132159336,32.795828132159336,30.11502314037797,31.700023651123047,742275,0.0,0.0
2017-02-17 00:00:00-05:00,31.484779647972903,31.700027945638446,30.60422331614961,30.66292953491211,350550,0.0,0.0
2017-02-21 00:00:00-05:00,30.623786485539487,31.504342625001932,30.55725368122456,30.936870574951172,204525,0.0,0.0
2017-02-22 00:00:00-05:00,30.819461133745502,31.28909056981433,30.623782761892603,31.249954223632812,177300,0.0,0.0
2017-02-23 00:00:00-05:00,31.308664293355154,31.367367140357953,30.6237865481388,30.6824893951416,159525,0.0,0.0
2017-02-24 00:00:00-05:00,30.428112883424227,31.26170284583495,30.036752671423557,31.015148162841797,159525,0.0,0.0
2017-02-27 00:00:00-05:00,30.976009485578203,32.07181396623564,30.976009485578203,32.01311111450195,319050,0.0,0.0
2017-02-28 00:00:00-05:00,31.797856352064677,31.934831884172645,30.976003159416884,31.249954223632812,338625,0.0,0.0
2017-03-01 00:00:00-05:00,31.8174282821877,32.58057876548806,31.8174282821877,32.2479248046875,245475,0.0,0.0
2017-03-02 00:00:00-05:00,32.247925891641195,32.424037805958505,31.54348159342731,31.700023651123047,200250,0.0,0.0
2017-03-03 00:00:00-05:00,31.700019087563778,31.97397016838464,30.34983353726375,31.817424774169922,140850,0.0,0.0
2017-03-06 00:00:00-05:00,31.700018841399206,31.93483357184295,31.210819526859403,31.680452346801758,187650,0.0,0.0
2017-03-07 00:00:00-05:00,31.269523291495364,31.269523291495364,29.860631659592432,29.97804069519043,398250,0.0,0.0
2017-03-08 00:00:00-05:00,29.821497714633132,30.232420928377692,28.862669044768673,29.430137634277344,678150,0.0,0.0
2017-03-09 00:00:00-05:00,29.54755411346976,29.645393318455152,28.47131614051977,28.6669979095459,2748150,0.0,0.0
2017-03-10 00:00:00-05:00,28.764837676723385,28.96051609051859,28.02125533752958,28.079959869384766,820575,0.0,0.0
2017-03-13 00:00:00-04:00,28.07995780179756,28.3539089045614,27.7864385231895,27.82557487487793,484650,0.0,0.0
2017-03-14 00:00:00-04:00,27.786437104930144,27.88427797915728,27.16026390751395,27.238534927368164,657450,0.0,0.0
2017-03-15 00:00:00-04:00,27.453782675481264,27.942980319674835,27.34811520503471,27.669029235839844,534375,0.0,0.0
2017-03-16 00:00:00-04:00,27.903842226352854,27.923410399621737,27.199398065837237,27.355941772460938,338625,0.0,0.0
2017-03-17 00:00:00-04:00,27.297241364850198,27.453785095056446,27.101562961738097,27.39508056640625,787500,0.0,0.0
2017-03-20 00:00:00-04:00,27.258106019896744,28.119092315984496,27.003723094406247,27.72773551940918,639675,0.0,0.0
2017-03-21 00:00:00-04:00,27.84514254860593,27.98211809751785,26.886313706222513,26.905881881713867,494100,0.0,0.0
2017-03-22 00:00:00-04:00,26.847181624208737,27.179835601063935,26.573230499962005,26.886316299438477,356625,0.0,0.0
2017-03-23 00:00:00-04:00,26.88631319080772,27.414647200835788,26.59279560264686,27.179832458496094,285975,0.0,0.0
2017-03-24 00:00:00-04:00,27.19939735763613,27.336371207897148,26.917619700766632,27.218965530395508,702900,0.0,0.0
2017-03-27 00:00:00-04:00,26.80804458801701,27.00372467730256,26.08403212057413,26.749340057373047,413550,0.0,0.0
2017-03-28 00:00:00-04:00,26.651499329625953,26.93719032899691,26.436252755285956,26.690635681152344,312975,0.0,0.0
2017-03-29 00:00:00-04:00,26.671069399338382,27.10156425811598,26.416686455407913,27.003725051879883,302850,0.0,0.0
2017-03-30 00:00:00-04:00,27.023292541503906,27.32855342904846,26.984156185761734,27.023292541503906,227025,0.0,0.0
2017-03-31 00:00:00-04:00,27.023290558108954,27.942983093854227,26.90588317902739,27.747303009033203,633150,0.0,0.0
2017-04-03 00:00:00-04:00,27.74730616828914,28.060393667839282,26.044898138009685,26.123170852661133,550350,0.0,0.0
2017-04-04 00:00:00-04:00,26.084030512540927,26.38928968629893,25.43828911290445,25.555696487426758,576675,0.0,0.0
2017-04-05 00:00:00-04:00,25.673104067905225,25.849215970865288,24.694707033000284,24.772979736328125,467775,0.0,0.0
2017-04-06 00:00:00-04:00,24.753413702959897,24.913870743236792,24.205513129880888,24.616439819335938,611550,0.0,0.0
2017-04-07 00:00:00-04:00,24.61643648648339,25.18390516025768,24.608608208816385,24.909954071044922,482400,0.0,0.0
2017-04-10 00:00:00-04:00,24.968659879547193,24.968659879547193,24.20551109729707,24.3620548248291,450675,0.0,0.0
2017-04-11 00:00:00-04:00,24.342478030714005,24.616430735451864,24.166367857026454,24.596860885620117,217800,0.0,0.0
2017-04-12 00:00:00-04:00,24.459893309972873,24.499027981066643,23.833720097669694,23.911991119384766,258300,0.0,0.0
2017-04-13 00:00:00-04:00,23.853282401555916,24.17419638938816,23.520628518316936,23.559764862060547,248625,0.0,0.0
2017-04-17 00:00:00-04:00,24.06853062254063,24.89038382168162,24.01374108107551,24.81211280822754,722475,0.0,0.0
2017-04-18 00:00:00-04:00,24.714273570576477,24.89038377036693,24.479457171643613,24.499025344848633,252450,0.0,0.0
2017-04-19 00:00:00-04:00,24.65557130394797,25.262176331097354,24.65557130394797,24.85124969482422,348300,0.0,0.0
2017-04-20 00:00:00-04:00,25.027360931529778,25.399151208031363,24.949088233617363,25.18390464782715,225450,0.0,0.0
2017-04-21 00:00:00-04:00,25.340449751367252,25.536128147805623,25.183906026500022,25.301313400268555,229050,0.0,0.0
2017-04-24 00:00:00-04:00,25.790511554085512,25.966623457801603,25.516560450317186,25.90791893005371,242775,0.0,0.0
2017-04-25 00:00:00-04:00,26.123169232437103,26.74151423447643,26.123169232437103,26.475391387939453,265050,0.0,0.0
2017-04-26 00:00:00-04:00,26.573227582828878,27.35594451488719,26.436252035742296,27.277671813964844,460350,0.0,0.0
2017-04-27 00:00:00-04:00,27.982120577247,28.627862028048416,26.80804505946918,28.334341049194336,690075,0.0,0.0
2017-04-28 00:00:00-04:00,28.53001955470751,28.823537140897873,27.766869127935554,27.806005477905273,447075,0.0,0.0
2017-05-01 00:00:00-04:00,27.942979873360432,29.23446257393886,27.825572507810342,29.13662338256836,506250,0.0,0.0
2017-05-02 00:00:00-04:00,29.11705612459,29.68452482874959,28.295202812945316,29.273601531982422,465300,0.0,0.0
2017-05-03 00:00:00-04:00,29.077920228460794,29.41057754485562,28.823538976044127,29.254032135009766,364050,0.0,0.0
2017-05-04 00:00:00-04:00,29.254034130974937,29.254034130974937,27.669033582002104,27.70816993713379,446175,0.0,0.0
2017-05-05 00:00:00-04:00,27.903840181717126,28.471308767297035,27.72772999425626,28.236494064331055,405900,0.0,0.0
2017-05-08 00:00:00-04:00,28.1973606628092,28.1973606628092,27.297238100695434,27.434213638305664,315225,0.0,0.0
2017-05-09 00:00:00-04:00,27.571189880371094,27.76686826508399,27.355943321281416,27.571189880371094,242100,0.0,0.0
2017-05-10 00:00:00-04:00,27.51248308320424,27.53205125596362,27.121124666598615,27.218965530395508,191925,0.0,0.0
2017-05-11 00:00:00-04:00,27.081994635156132,27.46552484057524,26.49495607002397,27.453784942626953,276075,0.0,0.0
2017-05-12 00:00:00-04:00,27.297239451904446,27.64946156053965,27.140695732668522,27.238534927368164,197550,0.0,0.0
2017-05-15 00:00:00-04:00,27.41464511439846,28.001681925570278,27.355942273044974,27.649459838867188,234675,0.0,0.0
2017-05-16 00:00:00-04:00,27.669030300229934,27.90384504411366,27.10156161576553,27.856882095336914,287325,0.0,0.0
2017-05-17 00:00:00-04:00,27.434218493058964,27.434218493058964,26.33058739913907,26.377552032470703,259875,0.0,0.0
2017-05-18 00:00:00-04:00,26.240577029220876,26.553664534302882,25.790515630134323,26.103601455688477,322875,0.0,0.0
2017-05-19 00:00:00-04:00,26.26014474424552,26.487132929490198,26.025329959346823,26.123170852661133,223875,0.0,0.0
2017-05-22 00:00:00-04:00,26.338411161387416,28.060386958605616,26.24057029146684,26.808040618896484,259650,0.0,0.0
2017-05-23 00:00:00-04:00,26.90587557087055,26.925443741772135,26.35797350373474,26.710195541381836,264150,0.0,0.0
2017-05-24 00:00:00-04:00,26.768904251499084,27.277670056607114,26.22100377797865,26.65149688720703,319725,0.0,0.0
2017-05-25 00:00:00-04:00,26.768909011094216,26.768909011094216,26.103599375460192,26.475391387939453,129150,0.0,0.0
2017-05-26 00:00:00-04:00,26.397115566258964,26.397115566258964,25.399152070218975,25.418720245361328,297450,0.0,0.0
2017-05-30 00:00:00-04:00,25.320876918603858,25.731801811449422,25.10562870667872,25.633962631225586,186525,0.0,0.0
2017-05-31 00:00:00-04:00,25.73180702633762,25.94705528188564,25.281745698380792,25.90791893005371,202275,0.0,0.0
2017-06-01 00:00:00-04:00,26.123169232437103,26.534094240759316,25.829648250226903,26.475391387939453,271350,0.0,0.0
2017-06-02 00:00:00-04:00,26.59279628608303,27.78643820357438,26.59279628608303,27.473352432250977,339075,0.0,0.0
2017-06-05 00:00:00-04:00,27.41464859041078,27.72773604908495,27.41464859041078,27.453784942626953,196200,0.0,0.0
2017-06-06 00:00:00-04:00,27.8647096533667,29.117056116899413,27.66903125323303,28.960514068603516,462375,0.0,0.0
2017-06-07 00:00:00-04:00,28.960511657040016,29.547550167613057,28.960511657040016,29.23446273803711,363600,0.0,0.0
2017-06-08 00:00:00-04:00,29.097493351597617,29.351874632578944,28.27563993478606,29.21489906311035,174375,0.0,0.0
2017-06-09 00:00:00-04:00,29.23446654575842,29.723662569073518,29.195330192082146,29.54755401611328,220275,0.0,0.0
2017-06-12 00:00:00-04:00,29.48884047066164,30.01717607528378,29.33229845395202,29.430137634277344,280800,0.0,0.0
2017-06-13 00:00:00-04:00,29.70410037046127,31.11298915236578,29.664964011121285,30.91731071472168,434925,0.0,0.0
2017-06-14 00:00:00-04:00,30.85860112015724,30.85860112015724,29.970218385541212,30.271562576293945,159525,0.0,0.0
2017-06-15 00:00:00-04:00,29.919338086157065,30.486806698258743,29.919338086157065,30.388967514038086,97200,0.0,0.0
2017-06-16 00:00:00-04:00,30.21286272497336,30.21286272497336,29.527984915742202,29.723663330078125,301275,0.0,0.0
2017-06-19 00:00:00-04:00,29.78237019822253,30.40854180971352,29.762800340924237,30.17372703552246,221175,0.0,0.0
2017-06-20 00:00:00-04:00,29.919342023780406,29.93890851957779,29.187501336077,29.60625457763672,270000,0.0,0.0
2017-06-21 00:00:00-04:00,29.664953292650377,30.060226684203567,29.304902947682045,29.97804069519043,196650,0.0,0.0
2017-06-22 00:00:00-04:00,30.017178456105214,30.31852261795969,29.35186727444737,30.25199317932129,193950,0.0,0.0
2017-06-23 00:00:00-04:00,30.271565165724848,30.60421913738242,30.146332863324233,30.408540725708008,284625,0.0,0.0
2017-06-26 00:00:00-04:00,30.50637173288747,30.565074568802196,29.938903147918026,30.369396209716797,162675,0.0,0.0
2017-06-27 00:00:00-04:00,30.25199203706817,30.25199203706817,28.98007592187251,29.038782119750977,157500,0.0,0.0
2017-06-28 00:00:00-04:00,29.312736082477546,29.7432292082413,29.19532703414836,29.62582015991211,208575,0.0,0.0
2017-06-29 00:00:00-04:00,29.586683122556455,29.586683122556455,28.25606742675995,28.921375274658203,304650,0.0,0.0
2017-06-30 00:00:00-04:00,28.921377008814122,29.175758250949986,28.490883867246843,28.51045036315918,239400,0.0,0.0
2017-07-03 00:00:00-04:00,28.82353389865742,29.16792769335247,28.471310147605173,29.038782119750977,153225,0.0,0.0
2017-07-05 00:00:00-04:00,29.038792575770948,29.038792575770948,28.04082716115451,28.138668060302734,180450,0.0,0.0
2017-07-06 00:00:00-04:00,27.98211788699145,27.98211788699145,27.160264599703247,27.375511169433594,228375,0.0,0.0
2017-07-07 00:00:00-04:00,27.492922865903598,28.569157563347026,27.43422001016629,28.549591064453125,256950,0.0,0.0
2017-07-10 00:00:00-04:00,28.56915117137207,28.843102248927323,28.15822623456662,28.725696563720703,199350,0.0,0.0
2017-07-11 00:00:00-04:00,28.706133132771143,29.09749334214959,28.451751851872412,28.549591064453125,191250,0.0,0.0
2017-07-12 00:00:00-04:00,28.921377716765747,29.261858267360534,28.569153909281006,28.960514068603516,174825,0.0,0.0
2017-07-13 00:00:00-04:00,28.940948411746007,29.117056961541852,28.74526664688073,28.88224220275879,152100,0.0,0.0
2017-07-14 00:00:00-04:00,28.862671561645612,28.96051075050269,28.63959673306737,28.796138763427734,85500,0.0,0.0
2017-07-17 00:00:00-04:00,28.764834681281158,29.16401806640532,28.60828927930261,28.940946578979492,239850,0.0,0.0
2017-07-18 00:00:00-04:00,28.74526641516181,28.74526641516181,28.021253968162448,28.43218231201172,114525,0.0,0.0
2017-07-19 00:00:00-04:00,28.54958719329934,29.363613899909314,28.54958719329934,29.117055892944336,125550,0.0,0.0
2017-07-20 00:00:00-04:00,29.2736002568642,29.2736002568642,28.451746981018324,28.4713134765625,131175,0.0,0.0
2017-07-21 00:00:00-04:00,28.627864347207485,28.92138199078419,28.02125752218772,28.2756404876709,143100,0.0,0.0
2017-07-24 00:00:00-04:00,28.197365488143873,28.627862028048416,28.17779899044612,28.334341049194336,132975,0.0,0.0
2017-07-25 00:00:00-04:00,28.60828751945923,28.88223859701448,28.138659740050464,28.725696563720703,201825,0.0,0.0
2017-07-26 00:00:00-04:00,28.764836720365214,30.095452577177305,28.569154954020526,29.958477020263672,455400,0.0,0.0
2017-07-27 00:00:00-04:00,31.171693392526763,33.5276711719532,28.02125697427693,29.21489906311035,603675,0.0,0.0
2017-07-28 00:00:00-04:00,29.254031676530783,29.606255484108555,29.21489532468268,29.273601531982422,200025,0.0,0.0
2017-07-31 00:00:00-04:00,29.391007542688943,29.801934202904476,28.666996782451754,29.782367706298828,194625,0.0,0.0
2017-08-01 00:00:00-04:00,29.938911288665878,30.31070161564416,29.39492234652344,29.84107208251953,211725,0.0,0.0
2017-08-02 00:00:00-04:00,29.958471036255876,29.958471036255876,28.647421938424046,28.98007583618164,140175,0.0,0.0
2017-08-03 00:00:00-04:00,28.960513584526385,28.960513584526385,28.236499485267558,28.35390853881836,128925,0.0,0.0
2017-08-04 00:00:00-04:00,28.353901094633784,28.784394126519224,28.27562841281671,28.70612144470215,100125,0.0,0.0
2017-08-07 00:00:00-04:00,28.68656327059191,29.195329131795976,28.393045667262527,29.156192779541016,120600,0.0,0.0
2017-08-08 00:00:00-04:00,29.19533664206745,29.508424181591234,28.510458699064188,29.058361053466797,126000,0.0,0.0
2017-08-09 00:00:00-04:00,28.764835886772065,28.862675087581422,28.177797322860734,28.49088478088379,119925,0.0,0.0
2017-08-10 00:00:00-04:00,28.25607178542261,28.47131669697517,27.825576923734378,28.079959869384766,175500,0.0,0.0
2017-08-11 00:00:00-04:00,28.13866196636367,28.56915343174549,27.727735317518537,28.35390853881836,148500,0.0,0.0
2017-08-14 00:00:00-04:00,28.784401177000944,29.11705511762277,28.451747236379124,28.940946578979492,137475,0.0,0.0
2017-08-15 00:00:00-04:00,29.07791921366535,29.15227861665257,28.54958687151203,28.60828971862793,85950,0.0,0.0
2017-08-16 00:00:00-04:00,28.608287274003352,28.62785712740645,27.94297943939449,28.00168228149414,148275,0.0,0.0
2017-08-17 00:00:00-04:00,27.82557367590188,28.099524766861443,26.948930856642267,27.081993103027344,152550,0.0,0.0
2017-08-18 00:00:00-04:00,26.925452654195926,27.08199639369802,26.67106970732792,26.886316299438477,180675,0.0,0.0
2017-08-21 00:00:00-04:00,26.82760980150644,27.003721694457255,26.59279506392368,26.98415184020996,100350,0.0,0.0
2017-08-22 00:00:00-04:00,27.06242169062673,27.72773116343555,27.06242169062673,27.688594818115234,77850,0.0,0.0
2017-08-23 00:00:00-04:00,27.453782695180173,27.629892906680844,26.94501687612941,27.101560592651367,94500,0.0,0.0
2017-08-24 00:00:00-04:00,27.258105308842165,27.316808154986113,27.042857060907618,27.12112808227539,77400,0.0,0.0
2017-08-25 00:00:00-04:00,27.140694887287523,27.434214141771374,26.96458467821917,27.160263061523438,67500,0.0,0.0
2017-08-28 00:00:00-04:00,27.31681049854235,28.96051552450207,27.258107647362184,28.6669979095459,283275,0.0,0.0
2017-08-29 00:00:00-04:00,28.569152534608765,28.843103625236164,28.11909122824054,28.686561584472656,118350,0.0,0.0
2017-08-30 00:00:00-04:00,28.6278570424584,29.351867717018536,28.6278570424584,29.09748649597168,158175,0.0,0.0
2017-08-31 00:00:00-04:00,29.35187086887085,29.633648571236574,28.80396866125244,28.960514068603516,160650,0.0,0.0
2017-09-01 00:00:00-04:00,28.940949188343133,28.940949188343133,28.216935036551696,28.451749801635742,105300,0.0,0.0
2017-09-05 00:00:00-04:00,28.471310317126473,28.471310317126473,27.786434342782503,28.295198440551758,152550,0.0,0.0
2017-09-06 00:00:00-04:00,28.68656663387724,28.84310870219526,28.314776282448296,28.549591064453125,174825,0.0,0.0
2017-09-07 00:00:00-04:00,28.471310317126473,28.53001651535448,27.74729799698205,28.295198440551758,168975,0.0,0.0
2017-09-08 00:00:00-04:00,28.177797777061,29.058353957594154,28.119093247912563,28.78440284729004,150750,0.0,0.0
2017-09-11 00:00:00-04:00,29.136628205260696,29.136628205260696,28.541763001659906,28.843107223510742,186525,0.0,0.0
2017-09-12 00:00:00-04:00,28.980077412351005,29.35186767578125,28.569150801340506,29.35186767578125,121500,0.0,0.0
2017-09-13 00:00:00-04:00,29.351871190422433,29.872376949740023,29.1561927881451,29.782367706298828,133200,0.0,0.0
2017-09-14 00:00:00-04:00,29.782367697509958,29.89977339521963,28.999650729576384,29.156192779541016,99450,0.0,0.0
2017-09-15 00:00:00-04:00,29.254036327052322,29.99761705320801,28.89790252263575,29.860641479492188,346050,0.0,0.0
2017-09-18 00:00:00-04:00,29.978044473795357,30.78032789481496,29.978044473795357,30.545513153076172,212400,0.0,0.0
2017-09-19 00:00:00-04:00,30.741193309213564,30.741193309213564,30.306786851825827,30.447675704956055,135450,0.0,0.0
2017-09-20 00:00:00-04:00,30.50637145426625,30.643346976185896,30.15415108294033,30.486804962158203,134775,0.0,0.0
2017-09-21 00:00:00-04:00,30.349829440238555,30.643346976185896,30.349829440238555,30.486804962158203,162900,0.0,0.0
2017-09-22 00:00:00-04:00,30.48681251438068,31.4652079022953,30.48681251438068,31.05428123474121,180000,0.0,0.0
2017-09-25 00:00:00-04:00,31.073853647602725,31.543483203719866,30.666840245949352,31.50434684753418,130950,0.0,0.0
2017-09-26 00:00:00-04:00,31.484770029492886,32.01310568261578,31.484770029492886,31.89569664001465,166275,0.0,0.0
2017-09-27 00:00:00-04:00,32.13052525218511,33.081527823373364,32.052255882346394,33.01108169555664,331425,0.0,0.0
2017-09-28 00:00:00-04:00,33.10890097604717,33.34371902123303,32.8153834581462,32.83495330810547,202275,0.0,0.0
2017-09-29 00:00:00-04:00,32.971933742506984,33.18718199178701,32.58057695369429,32.913230895996094,192825,0.0,0.0
2017-10-02 00:00:00-04:00,33.14804508799572,33.7546501159668,32.91323034681515,33.7546501159668,245475,0.0,0.0
2017-10-03 00:00:00-04:00,33.96989457996969,34.22427914737815,33.5981043345686,34.06773376464844,273375,0.0,0.0
2017-10-04 00:00:00-04:00,34.16557701294285,34.40039175591137,32.83104459762297,33.0306396484375,158400,0.0,0.0
2017-10-05 00:00:00-04:00,33.06977091934397,33.24587943022927,32.60013814648626,32.854522705078125,189225,0.0,0.0
2017-10-06 00:00:00-04:00,32.600155029417024,33.10892105102539,32.600155029417024,33.10892105102539,106875,0.0,0.0
2017-10-09 00:00:00-04:00,33.24587833014827,33.32415101621033,32.639273410803376,32.776248931884766,116550,0.0,0.0
2017-10-10 00:00:00-04:00,32.834955125958516,33.16760900314063,32.50229788972199,32.776248931884766,150300,0.0,0.0
2017-10-11 00:00:00-04:00,32.63927980020518,33.167615495968406,32.50230425230972,32.913230895996094,89775,0.0,0.0
2017-10-12 00:00:00-04:00,32.93279846859428,33.08151390367477,32.67841388625107,32.97193145751953,104175,0.0,0.0
2017-10-13 00:00:00-04:00,33.22632202665522,33.285024879675156,32.87409819042472,33.128482818603516,109350,0.0,0.0
2017-10-16 00:00:00-04:00,33.128478251795066,33.3632929905607,32.971932853247985,33.24588394165039,111375,0.0,0.0
2017-10-17 00:00:00-04:00,33.24588822700638,33.51983935072076,32.776258688940416,32.932804107666016,104400,0.0,0.0
2017-10-18 00:00:00-04:00,33.10891052120418,33.34372863408709,32.85452927083049,33.0893440246582,132525,0.0,0.0
2017-10-19 00:00:00-04:00,32.87409181217663,33.06977354936922,32.50230155009291,32.99150085449219,102600,0.0,0.0
2017-10-20 00:00:00-04:00,33.2458909693123,33.69595404668898,33.05021253882008,33.16762161254883,153900,0.0,0.0
2017-10-23 00:00:00-04:00,33.18717952526484,33.40242775854729,32.71755006997117,32.87409210205078,68850,0.0,0.0
2017-10-24 00:00:00-04:00,33.06977662867825,34.49431831013652,32.9719340714439,33.4219970703125,171450,0.0,0.0
2017-10-25 00:00:00-04:00,33.363296516537766,33.382863013896525,32.54144316447355,33.050209045410156,290025,0.0,0.0
2017-10-26 00:00:00-04:00,34.439526837366785,36.20063902427221,33.71551613949539,36.063663482666016,632475,0.0,0.0
2017-10-27 00:00:00-04:00,36.39631863235966,36.96379067182273,35.71144426037654,35.92668914794922,376650,0.0,0.0
2017-10-30 00:00:00-04:00,35.61360143356295,36.376751859197725,34.936553664977254,36.35718536376953,221625,0.0,0.0
2017-10-31 00:00:00-04:00,36.57243991402376,37.66824456489101,36.37676147181344,36.39632797241211,281700,0.0,0.0
2017-11-01 00:00:00-04:00,36.88551907041222,37.31601221743923,35.515763567523834,36.00496292114258,241875,0.0,0.0
2017-11-02 00:00:00-04:00,36.16150044128096,36.572427040712064,35.59403181499478,36.43545150756836,180675,0.0,0.0
2017-11-03 00:00:00-04:00,36.5137262911426,36.72897117051048,35.84841508104259,35.965824127197266,137700,0.0,0.0
2017-11-06 00:00:00-05:00,36.141941875061434,36.65070777275317,35.339654993934346,35.39836120605469,118800,0.0,0.0
2017-11-07 00:00:00-05:00,35.417922459848114,35.633170701288904,34.61563905656782,34.811317443847656,166050,0.0,0.0
2017-11-08 00:00:00-05:00,34.55692440452044,34.96784753377875,34.45908188525715,34.830875396728516,124425,0.0,0.0
2017-11-09 00:00:00-05:00,34.45909820723041,34.733049329198785,33.617678343636996,34.380828857421875,163800,0.0,0.0
2017-11-10 00:00:00-05:00,34.43953048796726,35.30052017776494,34.165579375715964,34.204715728759766,115875,0.0,0.0
2017-11-13 00:00:00-05:00,34.32211357376683,34.525618512236704,33.6568025075111,34.08729553222656,344700,0.0,0.0
2017-11-14 00:00:00-05:00,34.00903912963896,34.5412848257713,33.48070337405793,34.45909881591797,242325,0.0,0.0
2017-11-15 00:00:00-05:00,34.10687147990832,34.4003890457309,33.61767217781592,34.02859878540039,170325,0.0,0.0
2017-11-16 00:00:00-05:00,34.16557922430244,35.92669159008149,34.16557922430244,35.33965301513672,207000,0.0,0.0
2017-11-17 00:00:00-05:00,35.359218306399384,35.957996702189355,34.674340617220686,35.476627349853516,194175,0.0,0.0
2017-11-20 00:00:00-05:00,35.49619736976036,35.907124024081305,35.143973563469494,35.88755416870117,140175,0.0,0.0
2017-11-21 00:00:00-05:00,36.22020232266126,37.061625352015696,36.1145365413076,36.98335266113281,217800,0.0,0.0
2017-11-22 00:00:00-05:00,36.98335722985931,37.86391335437977,36.80724533314421,36.86595153808594,143775,0.0,0.0
2017-11-24 00:00:00-05:00,36.963787868814144,37.139896392822266,36.76810613260272,37.139896392822266,46800,0.0,0.0
2017-11-27 00:00:00-05:00,37.19859575924249,37.394274100449934,36.70939654716971,36.80723571777344,114300,0.0,0.0
2017-11-28 00:00:00-05:00,37.21816450674654,38.4118078349842,36.98334981124701,38.313968658447266,484425,0.0,0.0
2017-11-29 00:00:00-05:00,38.35311447705834,38.744471279901504,37.906964765848564,38.568359375,207225,0.0,0.0
2017-11-30 00:00:00-05:00,38.82275163108517,39.70330796998237,38.66620619186869,39.60546875,222300,0.0,0.0
2017-12-01 00:00:00-05:00,39.429337257728996,39.87157017838746,37.70736179365203,38.78359603881836,193950,0.0,0.0
2017-12-04 00:00:00-05:00,39.5663330913287,40.290344003839216,38.21614712896788,38.35312271118164,247950,0.0,0.0
2017-12-05 00:00:00-05:00,38.43138995578796,38.43138995578796,37.53126715015728,38.19657516479492,244800,0.0,0.0
2017-12-06 00:00:00-05:00,38.04002624635617,38.37268019382418,37.82086469450878,38.07916259765625,142650,0.0,0.0
2017-12-07 00:00:00-05:00,38.059598217386295,38.744476066020226,37.93827584680922,38.23571014404297,131400,0.0,0.0
2017-12-08 00:00:00-05:00,38.54878252965672,39.03797840188093,38.09871963996701,38.64662170410156,153000,0.0,0.0
2017-12-11 00:00:00-05:00,38.38050757218645,39.03798888203387,37.76998921304242,38.568359375,250800,0.0,1.5
2017-12-12 00:00:00-05:00,38.597711718283215,39.067344595553806,37.54104362277113,37.9226188659668,325950,0.0,0.0
2017-12-13 00:00:00-05:00,38.245489215449254,39.39021152481118,37.58800792508123,38.59770965576172,210150,0.0,0.0
2017-12-14 00:00:00-05:00,38.48030069583738,38.78555816092788,37.71715031500152,38.069374084472656,170250,0.0,0.0
2017-12-15 00:00:00-05:00,38.304197414741516,39.26106806056323,38.12808549044883,38.861881256103516,587400,0.0,0.0
2017-12-18 00:00:00-05:00,39.47826639082397,40.2120654240697,39.155397369077754,40.035953521728516,222450,0.0,0.0
2017-12-19 00:00:00-05:00,39.94788929306775,40.00659212619807,38.685758226439994,38.74446105957031,321450,0.0,0.0
2017-12-20 00:00:00-05:00,38.97928492277647,39.830489639667576,38.24548925882608,39.53697204589844,292500,0.0,0.0
2017-12-21 00:00:00-05:00,39.889194259742844,40.53493568198316,38.979286655462225,40.212066650390625,261750,0.0,0.0
2017-12-22 00:00:00-05:00,40.123998003907886,40.928239586437925,39.30214489953508,40.30010986328125,176400,0.0,0.0
2017-12-26 00:00:00-05:00,40.35882377427121,40.79910186402346,40.15336044178314,40.212066650390625,100350,0.0,0.0
2017-12-27 00:00:00-05:00,40.18270577717765,40.62298380020914,40.15335435684952,40.2707633972168,83400,0.0,0.0
2017-12-28 00:00:00-05:00,40.32946055511392,41.15718527157479,40.2414063065371,40.94585037231445,157950,0.0,0.0
2017-12-29 00:00:00-05:00,41.29808438818224,41.32743581169739,40.68169441719868,40.76974868774414,228000,0.0,0.0
2018-01-02 00:00:00-05:00,41.29808033842523,41.67965216575979,40.74039326915968,41.09261703491211,346200,0.0,0.0
2018-01-03 00:00:00-05:00,41.26873190086668,41.75596954952466,40.72865631675529,41.00456237792969,288300,0.0,0.0
2018-01-04 00:00:00-05:00,40.82845078374256,41.239374030643326,38.7738177539649,39.331504821777344,370200,0.0,0.0
2018-01-05 00:00:00-05:00,39.331509569113514,39.94789955244545,39.06734339312988,39.91854476928711,282000,0.0,0.0
2018-01-08 00:00:00-05:00,39.88920126089998,40.17097901907325,39.096702575683594,39.096702575683594,133650,0.0,0.0
2018-01-09 00:00:00-05:00,39.12605012676133,39.360864901960156,38.48030865520067,38.8912353515625,205500,0.0,0.0
2018-01-10 00:00:00-05:00,38.53901635878442,38.83253402495381,38.18679583119235,38.45096206665039,196350,0.0,0.0
2018-01-11 00:00:00-05:00,38.7444585443853,40.06529235839844,38.56834669737273,40.06529235839844,232500,0.0,0.0
2018-01-12 00:00:00-05:00,39.77178192138672,40.21205993764172,39.34324380127133,39.77178192138672,142800,0.0,0.0
2018-01-16 00:00:00-05:00,40.18270481625179,40.88715232349986,38.996891339889885,39.155391693115234,222450,0.0,0.0
2018-01-17 00:00:00-05:00,38.45094783551486,38.83251965259419,37.51168560510385,38.21613311767578,552600,0.0,0.0
2018-01-18 00:00:00-05:00,38.21613865791748,39.91854476928711,38.21613865791748,39.91854476928711,748500,0.0,0.0
2018-01-19 00:00:00-05:00,39.8304905199449,40.887158583543915,39.718953092855465,40.85780715942383,410250,0.0,0.0
2018-01-22 00:00:00-05:00,40.8577959863191,40.8577959863191,40.3001090033788,40.740386962890625,193950,0.0,0.0
2018-01-23 00:00:00-05:00,41.12197066389322,42.47215624002764,40.79909830143871,41.85576629638672,387300,0.0,0.0
2018-01-24 00:00:00-05:00,42.207992774906984,42.44280752665375,41.620954216012485,41.8851203918457,223200,0.0,0.0
2018-01-25 00:00:00-05:00,42.1492926130725,42.290181473099956,41.268736398137065,41.91447448730469,482400,0.0,0.0
2018-01-26 00:00:00-05:00,41.91446631726769,41.91446631726769,37.83455844149208,38.50965118408203,1070550,0.0,0.0
2018-01-29 00:00:00-05:00,38.94993737088275,39.50762454943816,38.27484448677174,38.80317687988281,324600,0.0,0.0
2018-01-30 00:00:00-05:00,38.803172105028175,39.44891348328974,38.36289404526143,39.24345016479492,266250,0.0,0.0
2018-01-31 00:00:00-05:00,39.41956977422291,39.771793634582274,37.33558811775441,37.599754333496094,478200,0.0,0.0
2018-02-01 00:00:00-05:00,37.159472723671364,38.450955612526336,36.807248896145325,37.48234176635742,646200,0.0,0.0
2018-02-02 00:00:00-05:00,37.247526101058654,37.247526101058654,35.809286118031075,35.9560432434082,361950,0.0,0.0
2018-02-05 00:00:00-05:00,35.48640845192765,36.249558826729746,34.31233482806457,34.3416862487793,652200,0.0,0.0
2018-02-06 00:00:00-05:00,33.28501570595602,35.809277998763896,32.90344390743642,35.66251754760742,827550,0.0,0.0
2018-02-07 00:00:00-05:00,35.66251344275829,36.014737141370155,35.163532668936604,35.2515869140625,289650,0.0,0.0
2018-02-08 00:00:00-05:00,35.51575608229286,35.79753372194783,33.98945885463454,34.0188102722168,465150,0.0,0.0
2018-02-09 00:00:00-05:00,34.63520564570144,35.457058905373856,33.373077692981624,35.016780853271484,566250,0.0,0.0
2018-02-12 00:00:00-05:00,35.22224219500695,35.98539256739465,34.45909182261925,35.691871643066406,319950,0.0,0.0
2018-02-13 00:00:00-05:00,35.457056712412374,36.89529982788609,35.457056712412374,36.83659362792969,376650,0.0,0.0
2018-02-14 00:00:00-05:00,36.48437851798248,38.30419372245849,36.3376180353761,37.834564208984375,499200,0.0,0.0
2018-02-15 00:00:00-05:00,39.30215035633834,40.30011545864434,36.95400310218562,39.94789505004883,789450,0.0,0.0
2018-02-16 00:00:00-05:00,40.094657035334805,41.004564626977235,38.23374717068998,38.77382278442383,844500,0.0,0.0
2018-02-20 00:00:00-05:00,38.65642487972783,39.58394418478167,37.276884142922114,37.33559036254883,577800,0.0,0.0
2018-02-21 00:00:00-05:00,37.36493139482586,37.51168850541299,36.16150293368166,36.366966247558594,510450,0.0,0.0
2018-02-22 00:00:00-05:00,36.42567773177279,36.8953072718475,35.9266934062699,36.220211029052734,360150,0.0,0.0
2018-02-23 00:00:00-05:00,36.425672546011874,36.689838704813816,36.01474591718444,36.57242965698242,262350,0.0,0.0
2018-02-26 00:00:00-05:00,36.924660586234715,37.81695675800114,36.44328776375323,37.511695861816406,253650,0.0,0.0
2018-02-27 00:00:00-05:00,37.42363137120302,37.805206547598495,36.073445902939454,36.13214874267578,301200,0.0,0.0
2018-02-28 00:00:00-05:00,36.132143382786076,37.01269928442686,35.83862586859055,36.07344055175781,434100,0.0,0.0
2018-03-01 00:00:00-05:00,36.102802795701315,36.39045212850212,34.928729027721296,35.3690071105957,611550,0.0,0.0
2018-03-02 00:00:00-05:00,34.958085011576266,35.86799272032076,34.605861155714564,35.75058364868164,465300,0.0,0.0
2018-03-05 00:00:00-05:00,35.75058723069976,36.719201251841575,35.75058723069976,36.4843864440918,225900,0.0,0.0
2018-03-06 00:00:00-05:00,36.98336150213013,37.51169389425267,36.425677683673605,37.15947341918945,225300,0.0,0.0
2018-03-07 00:00:00-05:00,36.71919208383625,37.805211558168885,36.68984066007795,37.658451080322266,215250,0.0,0.0
2018-03-08 00:00:00-05:00,37.86391013898234,38.05176191711143,36.71918794612639,36.83659362792969,386250,0.0,0.0
2018-03-09 00:00:00-05:00,37.18882839310161,38.04003327420836,37.07141931751017,37.981327056884766,208800,0.0,0.0
2018-03-12 00:00:00-04:00,38.01067778500949,38.53901017109841,37.922620147957744,38.304195404052734,147300,0.0,0.0
2018-03-13 00:00:00-04:00,38.480307959384845,39.27280655170481,38.480307959384845,39.21410369873047,297150,0.0,0.0
2018-03-14 00:00:00-04:00,39.448918469683285,39.6837332406361,38.87362312061274,39.21410369873047,344700,0.0,0.0
2018-03-15 00:00:00-04:00,39.44890745071555,39.5663164829247,38.42159101533992,38.685760498046875,243150,0.0,0.0
2018-03-16 00:00:00-04:00,38.715114912844044,39.62502238643639,38.42159398913023,39.331504821777344,557550,0.0,0.0
2018-03-19 00:00:00-04:00,39.272805261599935,39.272805261599935,38.39224905968913,38.83252716064453,212850,0.0,0.0
2018-03-20 00:00:00-04:00,38.97928492277647,39.56632346936984,38.68576732900734,39.53697204589844,183000,0.0,0.0
2018-03-21 00:00:00-04:00,39.47825886900421,39.47825886900421,38.48029721097175,38.685760498046875,244050,0.0,0.0
2018-03-22 00:00:00-04:00,38.186790972286566,39.18475292571487,37.541046142578125,37.541046142578125,322350,0.0,0.0
2018-03-23 00:00:00-04:00,37.65844727739288,38.057633990115235,36.07344704111981,36.10279846191406,399600,0.0,0.0
2018-03-26 00:00:00-04:00,36.86594560513342,37.17707466912793,36.014741040543335,36.601776123046875,402900,0.0,0.0
2018-03-27 00:00:00-04:00,36.92465706617368,37.10076561662624,35.8386375431065,35.9560432434082,454200,0.0,0.0
2018-03-28 00:00:00-04:00,35.98539961807081,36.748546780928365,35.867990553524415,36.220211029052734,241500,0.0,0.0
2018-03-29 00:00:00-04:00,36.30826950073242,36.455029995020645,36.01475187121149,36.30826950073242,416850,0.0,0.0
2018-04-02 00:00:00-04:00,36.24956043771529,36.80724417418902,34.928726292523905,35.13418960571289,443100,0.0,0.0
2018-04-03 00:00:00-04:00,35.3690071105957,35.63317328850931,34.8700228200309,35.3690071105957,360750,0.0,0.0
2018-04-04 00:00:00-04:00,34.781973477302714,35.66252976786733,34.60586154737865,35.54512405395508,266850,0.0,0.0
2018-04-05 00:00:00-04:00,35.86797907905469,36.719183607778376,35.721218635085464,36.54307174682617,243750,0.0,0.0
2018-04-06 00:00:00-04:00,36.16150727590524,36.86595492753238,35.39836013204964,35.633174896240234,284550,0.0,0.0
2018-04-09 00:00:00-04:00,35.95603509086585,36.33761024843998,35.45705425961017,35.66251754760742,194400,0.0,0.0
2018-04-10 00:00:00-04:00,35.95605666589091,35.97366819932165,32.83301751706461,33.96012878417969,875400,0.0,0.0
2018-04-11 00:00:00-04:00,33.69594678737485,34.25363388909318,33.31437157878099,33.46113204956055,345300,0.0,0.0
2018-04-12 00:00:00-04:00,33.7253033360626,34.10687860265699,33.46113713574936,33.84271240234375,337950,0.0,0.0
2018-04-13 00:00:00-04:00,34.16556832833612,34.19491974386442,33.108900574046515,33.25566101074219,289500,0.0,0.0
2018-04-16 00:00:00-04:00,33.63724990968276,33.63724990968276,32.75669364691125,32.78604507446289,583050,0.0,0.0
2018-04-17 00:00:00-04:00,33.079550885174626,33.62549799147119,32.81538477257707,32.9034423828125,800100,0.0,0.0
2018-04-18 00:00:00-04:00,33.13826709884906,33.57854525062513,32.786046592861645,32.844749450683594,403200,0.0,0.0
2018-04-19 00:00:00-04:00,32.81539694819339,32.96215744700261,31.142342041612952,31.43585968017578,528900,0.0,0.0
2018-04-20 00:00:00-04:00,31.289094546592885,31.805686991926418,31.230391699386946,31.347797393798828,435450,0.0,0.0
2018-04-23 00:00:00-04:00,31.347792159738933,31.81742157708388,31.142332228823253,31.494552612304688,383400,0.0,0.0
2018-04-24 00:00:00-04:00,31.729373222431498,32.19900272712444,30.455501931306205,30.81946563720703,588600,0.0,0.0
2018-04-25 00:00:00-04:00,30.819459904989507,31.553255449709166,30.467236162453517,31.494552612304688,462450,0.0,0.0
2018-04-26 00:00:00-04:00,33.725303320215744,36.33762061342522,33.431785693234005,35.28095245361328,1256550,0.0,0.0
2018-04-27 00:00:00-04:00,35.1048362189314,35.339647581942586,33.63724168672828,34.253631591796875,592350,0.0,0.0
2018-04-30 00:00:00-04:00,34.81131603562689,34.88763040203558,33.31437005128764,33.402427673339844,316800,0.0,0.0
2018-05-01 00:00:00-04:00,33.43179621748363,33.98948022021207,32.79779445020313,33.96012878417969,426750,0.0,0.0
2018-05-02 00:00:00-04:00,33.93076201161598,35.075484294753174,33.16761494254286,33.7546501159668,358650,0.0,0.0
2018-05-03 00:00:00-04:00,33.75464817049013,33.75464817049013,32.58057453225594,32.87409210205078,284850,0.0,0.0
2018-05-04 00:00:00-04:00,32.87408186839684,33.40241736042328,32.63926721384746,33.37306594848633,334050,0.0,0.0
2018-05-07 00:00:00-04:00,33.72529682366886,34.723261937656254,32.8447407532908,34.63520431518555,399000,0.0,0.0
2018-05-08 00:00:00-04:00,34.693919416688445,35.13419756482381,32.58058296201645,33.16762161254883,519900,0.0,0.0
2018-05-09 00:00:00-04:00,33.5491828918457,33.90140664213913,33.16761108125822,33.5491828918457,292650,0.0,0.0
2018-05-10 00:00:00-04:00,33.98947127239838,34.84067612948197,33.69595363028722,34.723270416259766,393000,0.0,0.0
2018-05-11 00:00:00-04:00,35.016795745069786,35.48642541916049,34.16559070113424,34.51781463623047,440550,0.0,0.0
2018-05-14 00:00:00-04:00,34.517798025578735,34.92872463242613,34.077519998107206,34.13622283935547,330300,0.0,0.0
2018-05-15 00:00:00-04:00,35.04614088472497,35.04614088472497,33.93076976934178,34.165584564208984,355950,0.0,0.0
2018-05-16 00:00:00-04:00,34.16557477493847,35.369003192995145,34.16557477493847,35.16353988647461,393600,0.0,0.0
2018-05-17 00:00:00-04:00,35.10483724743123,35.77992665397661,35.10483724743123,35.574466705322266,203400,0.0,0.0
2018-05-18 00:00:00-04:00,35.779925696426204,37.14772607462889,35.779925696426204,36.83659362792969,373800,0.0,0.0
2018-05-21 00:00:00-04:00,36.98336648101208,37.6878108850297,36.572439738904485,37.33559036254883,387900,0.0,0.0
2018-05-22 00:00:00-04:00,37.33557501475806,37.394277851197515,36.45501903194824,36.601776123046875,222150,0.0,0.0
2018-05-23 00:00:00-04:00,36.337611936449726,36.484372394423744,35.016777891847624,35.104835510253906,552750,0.0,0.0
2018-05-24 00:00:00-04:00,35.22224465167056,35.33965034234679,34.6939123255175,35.310298919677734,310050,0.0,0.0
2018-05-25 00:00:00-04:00,35.134192195901335,35.72122739767205,34.87002266014381,34.95808029174805,309000,0.0,0.0
2018-05-29 00:00:00-04:00,34.66455759493957,36.27890920107128,34.63520281601672,36.13214874267578,330750,0.0,0.0
2018-05-30 00:00:00-04:00,36.27891719294826,37.48234246791869,36.261305665336785,37.15947341918945,321900,0.0,0.0
2018-05-31 00:00:00-04:00,37.042057921468064,37.28861590615199,35.19289151114023,35.574466705322266,358350,0.0,0.0
2018-06-01 00:00:00-04:00,35.9560434928751,36.13802703228276,34.341691589139124,34.400394439697266,363150,0.0,0.0
2018-06-04 00:00:00-04:00,34.48845094484689,35.66252471282691,34.18319008564449,35.3690071105957,383100,0.0,0.0
2018-06-05 00:00:00-04:00,35.51577242294998,36.54308930626525,35.2809576152002,36.4843864440918,355950,0.0,0.0
2018-06-06 00:00:00-04:00,36.54308325768685,36.83660087902731,36.12041667369664,36.7485466003418,307500,0.0,0.0
2018-06-07 00:00:00-04:00,36.01475014769571,36.07932126867469,35.39836013204964,35.633174896240234,614700,0.0,0.0
2018-06-08 00:00:00-04:00,35.72123499544736,36.63114277487568,35.72123499544736,36.39632797241211,303600,0.0,0.0
2018-06-11 00:00:00-04:00,36.51372495748955,37.59974431877041,36.51372495748955,37.45298385620117,410700,0.0,0.0
2018-06-12 00:00:00-04:00,37.394282613575825,37.511688301407034,36.07344847114523,36.68983840942383,284700,0.0,0.0
2018-06-13 00:00:00-04:00,36.689841359218924,36.689841359218924,35.2809494785877,35.3690071105957,306750,0.0,0.0
2018-06-14 00:00:00-04:00,35.779929644288806,35.838635850722696,35.1635430287015,35.486412048339844,337950,0.0,0.0
2018-06-15 00:00:00-04:00,35.28095107042667,35.66252632188214,35.19289679350095,35.633174896240234,373800,0.0,0.0
2018-06-18 00:00:00-04:00,35.45706600816732,35.95604700475836,35.310305508382335,35.75058364868164,180300,0.0,0.0
2018-06-19 00:00:00-04:00,35.515769266421344,35.63904660965148,34.781973477302714,35.54512405395508,382500,0.0,0.0
2018-06-20 00:00:00-04:00,35.779947329002894,36.30828329371424,35.54513582342913,35.838653564453125,534150,0.0,0.0
2018-06-21 00:00:00-04:00,35.92668932613589,36.47263318458889,35.8679864800572,36.337615966796875,285150,0.0,0.0
2018-06-22 00:00:00-04:00,36.54308389458066,36.59004684917585,34.81132284447346,35.07548904418945,261300,0.0,0.0
2018-06-25 00:00:00-04:00,34.635209902233484,34.78197039065555,33.813359900613875,34.0775260925293,330000,0.0,0.0
2018-06-26 00:00:00-04:00,34.07751971048374,34.37103727330247,33.930759249547,34.253631591796875,190350,0.0,0.0
2018-06-27 00:00:00-04:00,34.40039777479515,34.40039777479515,33.90141677856445,33.90141677856445,223800,0.0,0.0
2018-06-28 00:00:00-04:00,33.754647547682254,34.106871312181035,33.226315259988844,33.93075942993164,234300,0.0,0.0
2018-06-29 00:00:00-04:00,34.07750991213446,34.57649063317016,33.31435976555865,33.37306594848633,433350,0.0,0.0
2018-07-02 00:00:00-04:00,33.31437130743675,34.63520545652968,33.31437130743675,34.60585403442383,254400,0.0,0.0
2018-07-03 00:00:00-04:00,34.635202666267,34.8289260674249,34.04816755333251,34.371036529541016,102600,0.0,0.0
2018-07-05 00:00:00-04:00,34.42974757874176,35.1635466834651,33.960118032789886,35.07548904418945,126450,0.0,0.0
2018-07-06 00:00:00-04:00,35.104840181322736,35.633172525841886,35.07548539857822,35.486412048339844,165900,0.0,0.0
2018-07-09 00:00:00-04:00,35.251594339867516,35.398354805046814,34.25363258200189,34.840667724609375,363450,0.0,0.0
2018-07-10 00:00:00-04:00,34.89937882576435,34.89937882576435,33.40243583472434,34.10688018798828,291000,0.0,0.0
2018-07-11 00:00:00-04:00,33.784009548730914,34.07752717585058,33.51983998936219,33.84271240234375,199050,0.0,0.0
2018-07-12 00:00:00-04:00,34.25363965567994,34.664566355798065,33.63724960550276,34.547157287597656,277200,0.0,0.0
2018-07-13 00:00:00-04:00,34.45909365949999,35.10483838382236,34.45909365949999,34.811317443847656,217500,0.0,0.0
2018-07-16 00:00:00-04:00,34.89936977511526,34.95807597528771,34.40038890750543,34.66455841064453,216750,0.0,0.0
2018-07-17 00:00:00-04:00,34.63521258386044,35.838641292174884,34.400397799637844,35.75058364868164,255900,0.0,0.0
2018-07-18 00:00:00-04:00,35.574475079806426,35.838641292174884,35.2516026520906,35.75058364868164,242100,0.0,0.0
2018-07-19 00:00:00-04:00,35.486413724090816,36.22020942814232,35.28095038950755,35.9560432434082,249300,0.0,0.0
2018-07-20 00:00:00-04:00,35.86798874030359,35.95604301497044,35.33965301513672,35.33965301513672,131400,0.0,0.0
2018-07-23 00:00:00-04:00,35.3102834151524,35.69185846041294,34.635190913027955,35.42769241333008,303300,0.0,0.0
2018-07-24 00:00:00-04:00,35.54511922423145,35.75057919566085,33.637246400890064,33.813358306884766,392700,0.0,0.0
2018-07-25 00:00:00-04:00,34.01881834799386,34.048173131599114,32.492524117060746,33.079559326171875,661500,0.0,0.0
2018-07-26 00:00:00-04:00,35.251605390520226,36.66049420530164,34.37104904151787,36.39632797241211,792150,0.0,0.0
2018-07-27 00:00:00-04:00,36.66048920676235,36.66048920676235,34.92873153435906,34.98743438720703,286800,0.0,0.0
2018-07-30 00:00:00-04:00,34.95808540722677,35.54512405395508,34.781973477302714,35.54512405395508,319200,0.0,0.0
2018-07-31 00:00:00-04:00,35.662525633598655,36.4550275468563,35.662525633598655,35.9560432434082,269850,0.0,0.0
2018-08-01 00:00:00-04:00,35.95602714852948,35.95602714852948,33.2850083536217,33.37306594848633,542850,0.0,0.0
2018-08-02 00:00:00-04:00,33.43178656205028,34.95808430832021,33.22632321010689,34.42974853515625,313650,0.0,0.0
2018-08-03 00:00:00-04:00,34.40039578156098,35.104843451958416,34.22428722301706,34.98743438720703,273450,0.0,0.0
2018-08-06 00:00:00-04:00,35.016785878704226,35.3690097145575,34.69391682838493,35.19289779663086,163800,0.0,0.0
2018-08-07 00:00:00-04:00,35.22222918580929,35.633155640850866,34.98741454850746,35.42769241333008,194700,0.0,0.0
2018-08-08 00:00:00-04:00,35.42771567134604,36.07345718761366,35.19290087989015,35.515769958496094,194100,0.0,0.0
2018-08-09 00:00:00-04:00,35.486407428412164,36.249557781203116,35.486407428412164,36.13214874267578,200100,0.0,0.0
2018-08-10 00:00:00-04:00,35.98540653301153,36.57244189138167,35.48642211162401,36.45503616333008,305400,0.0,0.0
2018-08-13 00:00:00-04:00,36.54307174682617,36.89529546873058,36.30825705190802,36.54307174682617,187200,0.0,0.0
2018-08-14 00:00:00-04:00,36.63113305372752,38.01067343103727,36.425673095270646,37.80521011352539,278100,0.0,0.0
2018-08-15 00:00:00-04:00,37.80521013188782,37.99306192409792,35.809283160128,36.044097900390625,335850,0.0,0.0
2018-08-16 00:00:00-04:00,36.48437971591988,37.423638773707985,36.16150731539562,37.071414947509766,254700,0.0,0.0
2018-08-17 00:00:00-04:00,36.807246133496726,36.983358034041274,35.809284295502785,36.014747619628906,277500,0.0,0.0
2018-08-20 00:00:00-04:00,36.308271797014676,36.89531045223876,35.60382742617921,36.249568939208984,295650,0.0,0.0
2018-08-21 00:00:00-04:00,36.1908599221485,37.57040048723299,36.1908599221485,37.247528076171875,232950,0.0,0.0
2018-08-22 00:00:00-04:00,37.0127193815815,37.36494327710991,36.27892351812934,37.1888313293457,131700,0.0,0.0
2018-08-23 00:00:00-04:00,37.07141122409976,37.452986437646956,36.83659648323726,37.27687454223633,178500,0.0,0.0
2018-08-24 00:00:00-04:00,37.27688065048116,37.499955530617676,37.04206587114156,37.218177795410156,115650,0.0,0.0
2018-08-27 00:00:00-04:00,37.276870887264764,38.50965067521096,37.18881662772062,38.21613311767578,302850,0.0,0.0
2018-08-28 00:00:00-04:00,38.421596799911605,38.59770869521264,37.89326447306353,38.01067352294922,189150,0.0,0.0
2018-08-29 00:00:00-04:00,38.01067750764648,38.01067750764648,37.42363891478821,37.48234176635742,170400,0.0,0.0
2018-08-30 00:00:00-04:00,37.394286043306465,38.01067603811914,37.100765078697435,37.62910079956055,263550,0.0,0.0
2018-08-31 00:00:00-04:00,37.39428452354294,37.746508323136744,36.8953036066643,37.570396423339844,202200,0.0,0.0
2018-09-04 00:00:00-04:00,37.394285529226025,38.4509535973704,37.01271029591316,38.36289596557617,280800,0.0,0.0
2018-09-05 00:00:00-04:00,38.33353879706798,38.53900209505901,37.4823341852558,38.21613311767578,209700,0.0,0.0
2018-09-06 00:00:00-04:00,38.30419425969256,38.65641807926587,38.040028074540224,38.33354568481445,210150,0.0,0.0
2018-09-07 00:00:00-04:00,38.33353563415844,39.067334506032495,38.157423770546494,38.715110778808594,272100,0.0,0.0
2018-09-10 00:00:00-04:00,39.03798684630011,39.30215301034915,38.33354262248431,39.24345016479492,265050,0.0,0.0
2018-09-11 00:00:00-04:00,39.33151147170123,39.33151147170123,38.09873144540397,38.83252716064453,263100,0.0,0.0
2018-09-12 00:00:00-04:00,38.773815706808385,39.27279654810031,37.3942788589756,37.71714782714844,336750,0.0,0.0
2018-09-13 00:00:00-04:00,37.98131984214234,37.98131984214234,36.77789468096942,37.04206085205078,158100,0.0,0.0
2018-09-14 00:00:00-04:00,37.01270278315721,38.920575203410664,36.86594569171391,38.685760498046875,358800,0.0,0.0
2018-09-17 00:00:00-04:00,38.71512084670736,39.3315108501147,37.95197035894914,39.067344665527344,419250,0.0,0.0
2018-09-18 00:00:00-04:00,39.18475098503099,39.62502908598639,38.216140506551234,38.83252716064453,349050,0.0,0.0
2018-09-19 00:00:00-04:00,38.685768431286064,39.096695089704504,38.30419319717535,38.568359375,291450,0.0,0.0
2018-09-20 00:00:00-04:00,36.68984028341043,37.77585974659371,36.449153908386165,37.570396423339844,408300,0.0,0.0
2018-09-21 00:00:00-04:00,37.71715011898139,37.83455916121318,36.01474419953131,36.10279846191406,621150,0.0,0.0
2018-09-24 00:00:00-04:00,35.956038332435384,35.98539311255674,35.122445209737606,35.16353988647461,404100,0.0,0.0
2018-09-25 00:00:00-04:00,35.22224397581152,35.25159539791737,34.31233645431038,34.60585403442383,417300,0.0,0.0
2018-09-26 00:00:00-04:00,34.60585005742294,35.36900038069147,34.54714721995754,34.9287223815918,328050,0.0,0.0
2018-09-27 00:00:00-04:00,35.07548866647899,35.42771250167771,34.89937674887963,34.98743438720703,252000,0.0,0.0
2018-09-28 00:00:00-04:00,34.87001492361323,35.33964432445627,34.63520022319171,34.75260925292969,295050,0.0,0.0
2018-10-01 00:00:00-04:00,34.85241252882775,35.12244695971624,33.40242941432285,33.41416931152344,454950,0.0,0.0
2018-10-02 00:00:00-04:00,33.308511150141534,34.14797277578056,32.874101263639325,33.0267333984375,369450,0.0,0.0
2018-10-03 00:00:00-04:00,33.19697788188259,34.300609227826556,33.03847745671744,34.11862564086914,318450,0.0,0.0
2018-10-04 00:00:00-04:00,34.059913438187934,34.19493066454879,33.725301148004164,33.83096694946289,314250,0.0,0.0
2018-10-05 00:00:00-04:00,33.82509460320329,34.03642618065036,33.07368746729396,33.308502197265625,371100,0.0,0.0
2018-10-08 00:00:00-04:00,33.02085657763463,33.161745431336996,32.075725924402214,32.43968963623047,256050,0.0,0.0
2018-10-09 00:00:00-04:00,32.193135222892714,32.439689878952834,31.330190567627046,31.547393798828125,324600,0.0,0.0
2018-10-10 00:00:00-04:00,31.424121509838173,32.07573130793082,31.183435084721243,31.68828773498535,267000,0.0,0.0
2018-10-11 00:00:00-04:00,31.647188571545318,33.16761793688963,31.412373809165846,32.25183868408203,555750,0.0,0.0
2018-10-12 00:00:00-04:00,32.88583872249478,33.28502212081012,31.11885477698738,31.459335327148438,309900,0.0,0.0
2018-10-15 00:00:00-04:00,31.5180336149567,32.1813864520961,31.318441944677957,31.705888748168945,289500,0.0,0.0
2018-10-16 00:00:00-04:00,31.858524550438133,32.28706276505557,31.29496910280417,32.199005126953125,361650,0.0,0.0
2018-10-17 00:00:00-04:00,32.58057451655087,32.58057451655087,31.019054059160986,31.353666305541992,237000,0.0,0.0
2018-10-18 00:00:00-04:00,31.15407528428001,31.341927070270767,29.486889004084624,30.572908401489258,420750,0.0,0.0
2018-10-19 00:00:00-04:00,30.443764524410472,30.97209692065524,29.504505438172902,29.663005828857422,377700,0.0,0.0
2018-10-22 00:00:00-04:00,29.663005000802396,29.821505387062317,28.324559160749402,28.76483726501465,410700,0.0,0.0
2018-10-23 00:00:00-04:00,28.15431335370409,29.09357396505022,27.168089795767024,28.28346061706543,626100,0.0,0.0
2018-10-24 00:00:00-04:00,28.26585316366431,28.594593837153106,26.692594226253647,27.003725051879883,607950,0.0,0.0
2018-10-25 00:00:00-04:00,27.85492321320214,29.915422845515312,25.518514179530232,25.87660789489746,1067850,0.0,0.0
2018-10-26 00:00:00-04:00,25.360016994103397,25.84138808049192,24.661442679729525,25.136943817138672,598650,0.0,0.0
2018-10-29 00:00:00-04:00,25.307185435881486,25.776814969680824,23.50498000051691,23.769147872924805,680100,0.0,0.0
2018-10-30 00:00:00-04:00,23.763278388811145,26.164260687006344,23.28190726747992,25.788557052612305,654000,0.0,0.0
2018-10-31 00:00:00-04:00,25.964664192633226,26.352107654535683,25.289569749411697,25.541996002197266,641700,0.0,0.0
2018-11-01 00:00:00-04:00,25.74745884045382,27.989941974006452,25.377625230261824,26.539958953857422,726300,0.0,0.0
2018-11-02 00:00:00-04:00,26.680850989601492,27.878407905252335,26.469517712638563,27.573148727416992,374700,0.0,0.0
2018-11-05 00:00:00-05:00,27.984077201836747,28.02517020602045,26.91566917022664,27.402910232543945,408900,0.0,0.0
2018-11-06 00:00:00-05:00,27.262014363429945,28.24236792525878,27.01545974557911,27.984071731567383,463950,0.0,0.0
2018-11-07 00:00:00-05:00,27.989939768981632,27.989939768981632,26.886308973567093,27.490957260131836,457200,0.0,0.0
2018-11-08 00:00:00-05:00,27.408781758770388,27.408781758770388,26.32276213723797,26.410818099975586,366750,0.0,0.0
2018-11-09 00:00:00-05:00,26.25231531037638,26.25231531037638,25.148684260973337,25.682889938354492,461100,0.0,0.0
2018-11-12 00:00:00-05:00,25.512648151080594,25.92357482284053,25.084111631880855,25.201519012451172,359550,0.0,0.0
2018-11-13 00:00:00-05:00,25.307183478374487,26.305147000269592,25.183906155169566,25.471553802490234,269850,0.0,0.0
2018-11-14 00:00:00-05:00,25.677017879331277,27.003723767830948,24.943222187925432,25.30718421936035,294150,0.0,0.0
2018-11-15 00:00:00-05:00,25.301307716395364,25.63591823658441,24.467714710139504,24.819936752319336,481350,0.0,0.0
2018-11-16 00:00:00-05:00,24.585126753552714,25.54786718607122,23.927643803036965,24.185941696166992,389550,0.0,0.0
2018-11-19 00:00:00-05:00,24.027441431387903,24.44423801593868,23.851329536130248,24.162460327148438,336450,0.0,0.0
2018-11-20 00:00:00-05:00,23.6165161007734,24.12723860981559,22.812275989448867,23.0001277923584,625050,0.0,0.0
2018-11-21 00:00:00-05:00,23.129278285015097,23.827852694157773,22.959037984825112,23.299518585205078,630150,0.0,0.0
2018-11-23 00:00:00-05:00,23.187977242535986,24.491201606676434,22.85923659698846,24.02157211303711,131400,0.0,0.0
2018-11-26 00:00:00-05:00,24.227035972388432,24.320963559233398,23.15862793689072,23.322999954223633,362850,0.0,0.0
2018-11-27 00:00:00-05:00,23.223199888329148,23.657608002114873,23.135143939929304,23.187976837158203,220350,0.0,0.0
2018-11-28 00:00:00-05:00,23.270163125234337,24.156589209848264,22.471792990111435,23.998088836669922,460950,0.0,0.0
2018-11-29 00:00:00-05:00,23.757401271791853,24.362051268127054,23.10579001153343,23.55780792236328,286050,0.0,0.0
2018-11-30 00:00:00-05:00,23.54020401252117,23.89829612672219,23.182111898320148,23.317129135131836,266700,0.0,0.0
2018-12-03 00:00:00-05:00,23.775018051195385,24.19181468633844,23.158628022501457,24.109628677368164,294450,0.0,0.0
2018-12-04 00:00:00-05:00,24.11549976445211,24.121369713667335,21.849534773663283,21.89649772644043,558450,0.0,0.0
2018-12-06 00:00:00-05:00,21.203791701693252,21.567755397474876,20.851569582966295,21.197921752929688,668700,0.0,0.0
2018-12-07 00:00:00-05:00,21.0276802705349,21.925847952922926,20.317366068509454,20.646106719970703,597450,0.0,0.0
2018-12-10 00:00:00-05:00,20.651973508224263,20.792862337288458,19.759677590817688,20.059066772460938,511650,0.0,0.0
2018-12-11 00:00:00-05:00,20.059070546780816,20.170607977325382,18.638440413313717,19.155031204223633,711150,0.0,0.0
2018-12-12 00:00:00-05:00,19.47789997994964,19.712714695626378,18.832158672074947,18.89086151123047,831900,0.0,0.0
2018-12-13 00:00:00-05:00,19.243084932045942,19.407456924055452,18.09836269309254,18.16293716430664,595800,0.0,0.0
2018-12-14 00:00:00-05:00,17.851806081236916,18.321437217018055,17.64047282592274,17.77549171447754,735450,0.0,0.0
2018-12-17 00:00:00-05:00,17.616988661475368,18.34491420745158,17.018212036000453,17.071044921875,1186050,0.0,0.0
2018-12-18 00:00:00-05:00,17.593513002855595,18.30382894115427,17.370439811306976,17.528940200805664,844950,0.0,0.0
2018-12-19 00:00:00-05:00,17.370439645045124,18.732365296864526,17.370439645045124,17.540679931640625,591000,0.0,0.0
2018-12-20 00:00:00-05:00,17.376304908749738,17.7343969128281,16.742303527784806,17.076915740966797,591450,0.0,0.0
2018-12-21 00:00:00-05:00,17.07691761258181,17.09452913721154,16.343120321774784,16.654251098632812,1745100,0.0,0.0
2018-12-24 00:00:00-05:00,16.495750112480795,16.865583718088317,16.31376828374981,16.337249755859375,322200,0.0,0.0
2018-12-26 00:00:00-05:00,16.40769780704696,17.02995779556576,16.037864119508793,17.012346267700195,597150,0.0,0.0
2018-12-27 00:00:00-05:00,16.671859174556523,17.27650913947881,16.530970351524314,17.27063751220703,491550,0.0,0.0
2018-12-28 00:00:00-05:00,17.299992413721114,17.88702923756112,17.04169453170408,17.5230655670166,470400,0.0,0.0
2018-12-31 00:00:00-05:00,17.58764452829072,17.763754780646405,16.75992113568264,17.38218116760254,496950,0.0,0.0
2019-01-02 00:00:00-05:00,16.99473318271727,18.215771570567522,16.900807282077064,18.02791976928711,530250,0.0,0.0
2019-01-03 00:00:00-05:00,17.881160132905155,18.25099376925636,17.49958491975942,17.564159393310547,303600,0.0,0.0
2019-01-04 00:00:00-05:00,17.687437255630833,18.843901148335483,17.687437255630833,18.714752197265625,355950,0.0,0.0
2019-01-07 00:00:00-05:00,18.726493436519732,19.89469720577298,18.192289474965516,19.665752410888672,796950,0.0,0.0
2019-01-08 00:00:00-05:00,19.79490129949594,20.147123413814327,19.425067659579756,19.929920196533203,560550,0.0,0.0
2019-01-09 00:00:00-05:00,19.783162878930547,20.95723668096987,19.64814397181411,20.68720054626465,770550,0.0,0.0
2019-01-10 00:00:00-05:00,20.499347204427302,20.951365164516062,20.000364616242642,20.581531524658203,637650,0.0,0.0
2019-01-11 00:00:00-05:00,20.452382977964923,20.757642124586354,19.982751842096842,20.669586181640625,338250,0.0,0.0
2019-01-14 00:00:00-05:00,20.48760931157141,21.256628152544252,20.334978861514653,21.039424896240234,330300,0.0,0.0
2019-01-15 00:00:00-05:00,21.08637953714735,21.08637953714735,20.135379192924677,20.722415924072266,272700,0.0,0.0
2019-01-16 00:00:00-05:00,20.710681481628985,21.591237649934357,20.710681481628985,21.22727394104004,423000,0.0,0.0
2019-01-17 00:00:00-05:00,21.09225029119549,21.943454843556978,21.09225029119549,21.919973373413086,633300,0.0,0.0
2019-01-18 00:00:00-05:00,22.03151161374216,22.976640403069727,21.961067200633387,22.86510467529297,1192050,0.0,0.0
2019-01-22 00:00:00-05:00,22.753571169604697,23.15275624567042,22.319163041181152,22.84162712097168,605700,0.0,0.0
2019-01-23 00:00:00-05:00,22.870977475769,22.870977475769,22.32503194643709,22.65377426147461,950100,0.0,0.0
2019-01-24 00:00:00-05:00,22.653772360737054,23.34647494482047,22.653772360737054,22.88271713256836,334800,0.0,0.0
2019-01-25 00:00:00-05:00,23.08817668988844,23.381695903360615,22.900324930714948,23.12339973449707,524850,0.0,0.0
2019-01-28 00:00:00-05:00,22.87097775903446,23.516719140833498,22.67138606762368,23.416921615600586,460050,0.0,0.0
2019-01-29 00:00:00-05:00,23.34647720837242,23.657608002114873,22.929682299699692,23.187976837158203,240600,0.0,0.0
2019-01-30 00:00:00-05:00,23.33474000290907,23.534333397005422,22.941424843607223,23.070573806762695,275550,0.0,0.0
2019-01-31 00:00:00-05:00,23.017737632490338,23.463887343797335,22.706608503894497,23.422794342041016,280050,0.0,0.0
2019-02-01 00:00:00-05:00,23.43453537261951,23.593035758820697,23.011868795768134,23.346479415893555,407250,0.0,0.0
2019-02-04 00:00:00-05:00,23.199714091779498,23.346472858751984,22.577454299753715,23.12339973449707,419100,0.0,0.0
2019-02-05 00:00:00-05:00,23.170367287224895,24.068533269705107,23.170367287224895,23.622386932373047,482850,0.0,0.0
2019-02-06 00:00:00-05:00,23.62825571636525,24.549904873023358,23.32299821981228,23.45801544189453,564000,0.0,0.0
2019-02-07 00:00:00-05:00,23.411055044582362,23.469759578455374,22.65377781045651,22.929685592651367,598650,0.0,0.0
2019-02-08 00:00:00-05:00,22.92381092267259,23.416921887776432,22.765310549721615,23.38170051574707,361350,0.0,0.0
2019-02-11 00:00:00-05:00,23.387563799739457,24.015693484267302,23.25841656639819,23.8454532623291,285300,0.0,0.0
2019-02-12 00:00:00-05:00,23.95699930209715,24.60861068967171,23.95699930209715,24.49120330810547,337650,0.0,0.0
2019-02-13 00:00:00-05:00,24.46185234887747,25.24848098060185,24.409017766519803,25.025407791137695,621450,0.0,0.0
2019-02-14 00:00:00-05:00,26.69258781699261,27.884274571658572,25.424586701329954,26.48125457763672,1139550,0.0,0.0
2019-02-15 00:00:00-05:00,26.66910898538211,27.643590969730845,26.246442464839216,27.608367919921875,593100,0.0,0.0
2019-02-19 00:00:00-05:00,27.75512900873812,28.15431406484393,27.197443584002535,27.69642448425293,433650,0.0,0.0
2019-02-20 00:00:00-05:00,27.59662975526567,27.778611605137755,26.915666984979783,27.473352432250977,412500,0.0,0.0
2019-02-21 00:00:00-05:00,27.54380002843555,27.84318928696957,26.915670084322773,27.61424446105957,370350,0.0,0.0
2019-02-22 00:00:00-05:00,27.65533397077772,28.031035884419595,27.355944750088952,27.966463088989258,200400,0.0,0.0
2019-02-25 00:00:00-05:00,28.113219867632566,28.553497904163134,27.502701572546354,27.532052993774414,241050,0.0,0.0
2019-02-26 00:00:00-05:00,27.532056597775327,27.69642692950725,26.874575270847643,26.962631225585938,228900,0.0,0.0
2019-02-27 00:00:00-05:00,26.968502867852557,27.2326690691249,26.569316071913896,27.203317642211914,215700,0.0,0.0
2019-02-28 00:00:00-05:00,27.20331180882117,27.25614470184077,26.539958953857422,26.539958953857422,216000,0.0,0.0
2019-03-01 00:00:00-05:00,26.8745754115713,28.07213069188893,26.8745754115713,27.989946365356445,435600,0.0,0.0
2019-03-04 00:00:00-05:00,27.995813802307744,28.0545183270154,27.561405693959077,27.672943115234375,473700,0.0,0.0
2019-03-05 00:00:00-05:00,27.66707409382354,27.66707409382354,27.103518699475696,27.26788902282715,250200,0.0,0.0
2019-03-06 00:00:00-05:00,27.13874056409666,27.708167597109473,26.786518436240712,26.9097957611084,488250,0.0,0.0
2019-03-07 00:00:00-05:00,26.786521749493104,26.9685036246101,26.152521840932295,26.410818099975586,396450,0.0,0.0
2019-03-08 00:00:00-05:00,26.123162564165497,26.99784694050668,26.052716471519574,26.48125457763672,348150,0.0,0.0
2019-03-11 00:00:00-04:00,26.581054626320046,27.326591869974607,26.581054626320046,27.26788902282715,182250,0.0,0.0
2019-03-12 00:00:00-04:00,27.26201392023812,27.326588387493043,26.657365602226488,26.933273315429688,170700,0.0,0.0
2019-03-13 00:00:00-04:00,27.062426708560707,27.121129557898595,26.569314040578828,26.59866714477539,145200,0.0,0.0
2019-03-14 00:00:00-04:00,26.62214897350076,26.874575259867846,26.28166673243135,26.299278259277344,231750,0.0,0.0
2019-03-15 00:00:00-04:00,26.43429424282988,26.892183813027277,26.29927535115347,26.49886703491211,413550,0.0,0.0
2019-03-18 00:00:00-04:00,26.57518585299381,27.57314941439084,26.399073944706487,27.397037506103516,301800,0.0,0.0
2019-03-19 00:00:00-04:00,27.508571488186046,27.70816484725991,26.42255210876465,26.42255210876465,379950,0.0,0.0
2019-03-20 00:00:00-04:00,26.416685743512186,26.581056075827014,24.8845181719318,24.996055603027344,562350,0.0,0.0
2019-03-21 00:00:00-04:00,24.954961414987952,25.87073893725291,24.954961414987952,25.483295440673828,253050,0.0,0.0
2019-03-22 00:00:00-04:00,25.2367387368106,25.406979007624866,23.880683160004207,24.045053482055664,341250,0.0,0.0
2019-03-25 00:00:00-04:00,23.968737112603378,25.01953518549713,23.751533895508043,24.767108917236328,259500,0.0,0.0
2019-03-26 00:00:00-04:00,25.230864729545317,25.483290960545144,24.67904932594232,24.937345504760742,231450,0.0,0.0
2019-03-27 00:00:00-04:00,24.814071148565763,25.788553142277852,24.814071148565763,25.58308982849121,225450,0.0,0.0
2019-03-28 00:00:00-04:00,25.58896569584074,26.258188687688367,25.58896569584074,26.164262771606445,191550,0.0,0.0
2019-03-29 00:00:00-04:00,26.416682364836234,26.792385933503606,26.199477479554833,26.604534149169922,308550,0.0,0.0
2019-04-01 00:00:00-04:00,26.92740681928741,27.479222316432974,26.586924595181674,27.038944244384766,249150,0.0,0.0
2019-04-02 00:00:00-04:00,26.945020910751577,27.185705630303406,26.15839059088714,26.234704971313477,194100,0.0,0.0
2019-04-03 00:00:00-04:00,26.604535950905166,26.991981122096007,26.2992767806899,26.62801742553711,228450,0.0,0.0
2019-04-04 00:00:00-04:00,26.63389096238578,27.649464393109934,26.63389096238578,27.291372299194336,247800,0.0,0.0
2019-04-05 00:00:00-04:00,27.502704301762684,27.878407905252335,27.34420392415859,27.573148727416992,408750,0.0,0.0
2019-04-08 00:00:00-04:00,27.332461558428662,27.67881202697754,26.886311890040567,27.67881202697754,488250,0.0,0.0
2019-04-09 00:00:00-04:00,27.43813258729484,27.696428840697287,27.0917803730778,27.385299682617188,329100,0.0,0.0
2019-04-10 00:00:00-04:00,27.391165534281324,28.600462288603723,27.297239638004925,28.30107307434082,429000,0.0,0.0
2019-04-11 00:00:00-04:00,28.353910586493036,29.146409158737267,28.224761625976754,28.76483726501465,619200,0.0,0.0
2019-04-12 00:00:00-04:00,29.023131871666433,29.686484843470822,28.424353380219582,28.876371383666992,326700,0.0,0.0
2019-04-15 00:00:00-04:00,29.18163456818688,30.614006429832944,29.18163456818688,30.5553035736084,604350,0.0,0.0
2019-04-16 00:00:00-04:00,30.66684411203827,31.805695089430422,30.43202930437721,31.770475387573242,592950,0.0,0.0
2019-04-17 00:00:00-04:00,31.917227532186057,32.78604386366232,31.74111561432452,32.60993194580078,533400,0.0,0.0
2019-04-18 00:00:00-04:00,32.76842008160468,32.76842008160468,31.911347328478296,32.363365173339844,454800,0.0,0.0
2019-04-22 00:00:00-04:00,32.22835571877507,32.58057954395346,31.887875151076543,31.964189529418945,347250,0.0,0.0
2019-04-23 00:00:00-04:00,31.98766868658371,32.486649577329985,31.89961106176942,32.433815002441406,305400,0.0,0.0
2019-04-24 00:00:00-04:00,32.22835047485191,32.79777744398067,32.22835047485191,32.53361129760742,663450,0.0,0.0
2019-04-25 00:00:00-04:00,31.11298742585284,32.47491653184058,29.023134169136103,30.5553035736084,1148100,0.0,0.0
2019-04-26 00:00:00-04:00,29.938909858216007,30.713800230375885,28.841150457105062,30.484853744506836,814350,0.0,0.0
2019-04-29 00:00:00-04:00,30.484856282625277,30.73728258551762,29.263819453179604,29.328393936157227,486600,0.0,0.0
2019-04-30 00:00:00-04:00,29.381221893795843,29.56320204365036,28.606331631881176,29.27555274963379,660900,0.0,0.0
2019-05-01 00:00:00-04:00,29.334259733655813,29.428185635696543,28.1249645846452,28.166057586669922,542100,0.0,0.0
2019-05-02 00:00:00-04:00,28.183671712371545,28.400874960990002,27.215059498602322,27.7492618560791,505650,0.0,0.0
2019-05-03 00:00:00-04:00,27.872534978313112,28.999647347884313,27.702293041525525,28.95268440246582,291450,0.0,0.0
2019-05-06 00:00:00-04:00,28.471312459027843,28.9820366036109,27.972331570406624,28.524147033691406,291750,0.0,0.0
2019-05-07 00:00:00-04:00,28.089743302403072,28.741354708770352,27.438131896035788,27.7551326751709,410550,0.0,0.0
2019-05-08 00:00:00-04:00,27.584886016608294,27.91949656656781,27.23853221157388,27.244403839111328,320400,0.0,0.0
2019-05-09 00:00:00-04:00,26.845220935378087,27.655332607993174,26.34036841717076,27.62010955810547,729600,0.0,0.0
2019-05-10 00:00:00-04:00,27.4557437106328,27.4557437106328,26.586927373376923,27.009593963623047,245550,0.0,0.0
2019-05-13 00:00:00-04:00,26.217087710063296,26.498865372654432,25.418717666055084,25.776809692382812,351000,0.0,0.0
2019-05-14 00:00:00-04:00,25.788557393035244,26.346242902582578,25.342409321302927,26.15252113342285,330150,0.0,0.0
2019-05-15 00:00:00-04:00,25.81790650218187,26.281666060256928,25.477424269820563,26.199480056762695,349800,0.0,0.0
2019-05-16 00:00:00-04:00,26.246440569705328,26.569309545494907,25.97640280575959,26.087940216064453,205950,0.0,0.0
2019-05-17 00:00:00-04:00,25.63592429459813,26.040980998469088,24.180071163362314,25.459814071655273,254550,0.0,0.0
2019-05-20 00:00:00-04:00,25.21912539418259,25.506774696695743,24.8727749287427,25.324792861938477,243900,0.0,0.0
2019-05-21 00:00:00-04:00,25.547868053461976,26.164258025586502,25.51851662989249,26.14664649963379,201000,0.0,0.0
2019-05-22 00:00:00-04:00,25.90008895457549,26.187736568311415,25.647662709273977,25.97053337097168,191250,0.0,0.0
2019-05-23 00:00:00-04:00,25.682884413279588,26.252309662802887,25.324790722358745,25.817901611328125,207600,0.0,0.0
2019-05-24 00:00:00-04:00,26.07620175063113,26.258183597645374,25.69462821039678,25.794424057006836,167400,0.0,0.0
2019-05-28 00:00:00-04:00,25.947054795759268,26.18773949210287,25.16629450055285,25.301313400268555,355350,0.0,0.0
2019-05-29 00:00:00-04:00,25.11933456989791,25.260223435352234,24.690798024022943,24.837556838989258,204300,0.0,0.0
2019-05-30 00:00:00-04:00,24.94909095757728,25.594834067747563,24.585128918845776,24.80233383178711,190350,0.0,0.0
2019-05-31 00:00:00-04:00,24.40901675355232,24.57338876358452,23.75153543153402,23.94525718688965,203700,0.0,0.0
2019-06-03 00:00:00-04:00,23.757403698082513,24.996053557500886,23.704570801186755,24.549903869628906,304050,0.0,0.0
2019-06-04 00:00:00-04:00,24.949090758055387,25.659406661987305,24.802333633438856,25.659406661987305,126300,0.0,0.0
2019-06-05 00:00:00-04:00,25.659406183348416,26.005758365471163,24.931480445757494,25.318923950195312,291000,0.0,0.0
2019-06-06 00:00:00-04:00,25.28370508383811,25.28370508383811,24.297481339463506,25.213260650634766,158850,0.0,0.0
2019-06-07 00:00:00-04:00,25.154555457790142,26.12316758394345,24.866906122636117,25.72985076904297,242850,0.0,0.0
2019-06-10 00:00:00-04:00,25.923574288855754,27.097648070374845,25.923574288855754,27.021333694458008,190050,0.0,0.0
2019-06-11 00:00:00-04:00,27.297242697699016,27.596631945519864,26.31689062554649,26.727815628051758,222450,0.0,0.0
2019-06-12 00:00:00-04:00,26.69258936153256,26.710199206185724,26.07032950321456,26.31101417541504,188250,0.0,0.0
2019-06-13 00:00:00-04:00,26.59866334147894,27.37355192682138,26.59866334147894,27.285497665405273,195600,0.0,0.0
2019-06-14 00:00:00-04:00,27.226796106694028,27.66120423095053,26.968499883482142,27.473352432250977,240750,0.0,0.0
2019-06-17 00:00:00-04:00,27.473350684891816,27.514443683125638,26.921535221544637,26.956756591796875,138300,0.0,0.0
2019-06-18 00:00:00-04:00,27.06242353601579,27.907756559981312,26.67497839360121,27.532052993774414,195600,0.0,0.0
2019-06-19 00:00:00-04:00,27.661202347714745,27.837312557241827,26.915665152501816,27.667072296142578,236550,0.0,0.0
2019-06-20 00:00:00-04:00,27.884277379290232,28.289332375625,27.573146597043454,28.077999114990234,176700,0.0,0.0
2019-06-21 00:00:00-04:00,27.97820481442034,28.64155945362244,27.972334865275453,28.230632781982422,266700,0.0,0.0
2019-06-24 00:00:00-04:00,28.30107413234891,28.30107413234891,27.185703232605857,27.22092628479004,244650,0.0,0.0
2019-06-25 00:00:00-04:00,27.350071234081316,27.350071234081316,26.33449794877261,26.399070739746094,187650,0.0,0.0
2019-06-26 00:00:00-04:00,26.569313196090132,27.26201754523681,26.545833400723364,27.209184646606445,225750,0.0,0.0
2019-06-27 00:00:00-04:00,27.32071969285442,28.025165557861328,27.033072070332153,28.025165557861328,224100,0.0,0.0
2019-06-28 00:00:00-04:00,28.154317239812656,29.175760629390417,28.154317239812656,28.876371383666992,636750,0.0,0.0
2019-07-01 00:00:00-04:00,29.48101955666663,29.48101955666663,28.154315380214605,28.453702926635742,184800,0.0,0.0
2019-07-02 00:00:00-04:00,28.395001067500548,28.424352492372556,27.279630127087845,27.397037506103516,166800,0.0,0.0
2019-07-03 00:00:00-04:00,27.49683527629431,28.295203780994644,27.115260031539613,28.207149505615234,112200,0.0,0.0
2019-07-05 00:00:00-04:00,28.066260934989963,28.500670764823134,27.696427264241482,28.365650177001953,115650,0.0,0.0
2019-07-08 00:00:00-04:00,28.277593417414163,28.418482262514406,27.438128615949143,27.444000244140625,178500,0.0,0.0
2019-07-09 00:00:00-04:00,27.30897993881583,27.461610362284127,26.851092027466006,27.132869720458984,195900,0.0,0.0
2019-07-10 00:00:00-04:00,27.338331496609452,27.426387440575652,26.76890451455179,27.07416534423828,136050,0.0,0.0
2019-07-11 00:00:00-04:00,27.18570253358953,27.18570253358953,26.252313508566996,26.275794982910156,167550,0.0,0.0
2019-07-12 00:00:00-04:00,26.469517221270657,27.109388668731377,26.469517221270657,27.038944244384766,177150,0.0,0.0
2019-07-15 00:00:00-04:00,27.156350893222374,27.156350893222374,25.89422123749584,26.322757720947266,198300,0.0,0.0
2019-07-16 00:00:00-04:00,26.363851125252786,26.768906140766045,26.240572124399915,26.45777702331543,309150,0.0,0.0
2019-07-17 00:00:00-04:00,26.45777719295921,26.645628990288973,25.700498375327932,26.170127868652344,209850,0.0,0.0
2019-07-18 00:00:00-04:00,25.958793955339374,26.234701695733,25.847256533548492,25.888349533081055,179700,0.0,0.0
2019-07-19 00:00:00-04:00,26.005762231362965,26.0879482472657,25.324799343355686,25.354150772094727,330000,0.0,0.0
2019-07-22 00:00:00-04:00,25.448066480755166,25.506770994215394,24.661436413456617,24.819936752319336,325500,0.0,0.0
2019-07-23 00:00:00-04:00,25.001928528232902,25.917706202995504,24.919742512528742,25.823781967163086,406650,0.0,0.0
2019-07-24 00:00:00-04:00,25.759197349307215,26.874569747546598,25.61243857459056,26.868698120117188,307950,0.0,0.0
2019-07-25 00:00:00-04:00,28.271726498637886,28.271726498637886,26.19361484748022,26.410818099975586,400950,0.0,0.0
2019-07-26 00:00:00-04:00,26.534088566078783,27.191569782405082,26.322755317973904,27.126996994018555,246750,0.0,0.0
2019-07-29 00:00:00-04:00,27.021334068349645,27.121129921277728,25.536129454531647,25.829647064208984,305550,0.0,0.0
2019-07-30 00:00:00-04:00,25.52438559645069,26.83347809774684,25.254347825094808,26.79238510131836,226200,0.0,0.0
2019-07-31 00:00:00-04:00,26.745424465026076,27.56140611818797,26.72781293938995,26.927406311035156,241350,0.0,0.0
2019-08-01 00:00:00-04:00,26.839350073332113,27.156350813258303,25.747460688564416,25.888349533081055,203700,0.0,0.0
2019-08-02 00:00:00-04:00,25.67701078945513,25.935306949308288,25.154548522361218,25.841381072998047,265500,0.0,0.0
2019-08-05 00:00:00-04:00,25.189774121706893,25.189774121706893,24.502941455583716,25.03714370727539,339750,0.0,0.0
2019-08-06 00:00:00-04:00,25.348276015610097,25.618312131954063,25.001923847676988,25.6007022857666,189000,0.0,0.0
2019-08-07 00:00:00-04:00,25.09584915188305,25.45394288833232,24.75536694073223,25.283700942993164,157500,0.0,0.0
2019-08-08 00:00:00-04:00,25.289569849887265,25.847255251655803,24.94908765276116,25.747459411621094,213450,0.0,0.0
2019-08-09 00:00:00-04:00,25.524387519622973,25.559608890981636,24.549903825944885,24.585126876831055,171450,0.0,0.0
2019-08-12 00:00:00-04:00,24.444241136010902,24.444241136010902,23.786758098718114,23.857202529907227,178950,0.0,0.0
2019-08-13 00:00:00-04:00,23.751535069552162,25.107590695430037,23.657609167838157,24.05092430114746,181950,0.0,0.0
2019-08-14 00:00:00-04:00,23.534330732171416,23.534330732171416,22.636163079730512,22.77705192565918,292650,0.0,0.0
2019-08-15 00:00:00-04:00,22.91206780525761,22.95316079978987,21.679289725980922,21.86713981628418,302250,0.0,0.0
2019-08-16 00:00:00-04:00,22.19001899728367,22.85337034445639,22.19001899728367,22.730093002319336,346650,0.0,0.0
2019-08-19 00:00:00-04:00,23.217325614083816,23.493233305251678,22.900324930714948,23.12339973449707,412500,0.0,0.0
2019-08-20 00:00:00-04:00,23.217328297703087,23.223198245973947,22.330902286762143,22.465919494628906,194700,0.0,0.0
2019-08-21 00:00:00-04:00,22.82401439257479,23.02360775985818,22.442440862786743,22.859235763549805,223050,0.0,0.0
2019-08-22 00:00:00-04:00,22.929680678102187,23.223198245973947,22.44243970154547,22.465919494628906,217950,0.0,0.0
2019-08-23 00:00:00-04:00,22.307420547977184,22.465920918024448,20.734161783372603,20.86918067932129,253200,0.0,0.0
2019-08-26 00:00:00-04:00,21.227272323357532,21.274235270634144,20.65197537945532,20.734161376953125,183150,0.0,0.0
2019-08-27 00:00:00-04:00,21.021810684763754,21.021810684763754,19.8183838052313,19.92405128479004,351900,0.0,0.0
2019-08-28 00:00:00-04:00,20.035586525804945,20.922014303240605,19.495512602769114,20.657846450805664,471900,0.0,0.0
2019-08-29 00:00:00-04:00,21.015940635880906,21.63233062473407,20.998329109450218,21.456218719482422,510600,0.0,0.0
2019-08-30 00:00:00-04:00,21.691031488456197,22.219365476334143,21.08638313239917,21.215530395507812,203250,0.0,0.0
2019-09-03 00:00:00-04:00,20.968980135526902,20.968980135526902,20.182349777991472,20.481739044189453,211200,0.0,0.0
2019-09-04 00:00:00-04:00,19.865346595746335,20.047328449360272,19.36049571612447,19.513124465942383,381150,0.0,0.0
2019-09-05 00:00:00-04:00,19.747938979329856,21.0452917346653,19.73619908157609,20.63436508178711,377400,0.0,0.0
2019-09-06 00:00:00-04:00,20.83982686630503,20.945492647865272,20.29388139648606,20.311492919921875,181200,0.0,0.0
2019-09-09 00:00:00-04:00,20.469997071694973,21.32120014826699,20.458255494049038,20.96310806274414,233400,0.0,0.0
2019-09-10 00:00:00-04:00,21.027681772288943,22.735961307543523,21.010071924348686,22.647905349731445,297750,0.0,0.0
2019-09-11 00:00:00-04:00,22.665517225852515,24.3561852596459,22.23697900835466,24.30335235595703,451950,0.0,0.0
2019-09-12 00:00:00-04:00,24.39727680837803,24.39727680837803,23.340608720501407,23.980480194091797,478350,0.0,0.0
2019-09-13 00:00:00-04:00,24.29160902977405,25.048887872779716,23.880684049109966,24.714277267456055,265200,0.0,0.0
2019-09-16 00:00:00-04:00,24.549904881244924,25.41872113913887,24.397276132917323,25.195646286010742,325950,0.0,0.0
2019-09-17 00:00:00-04:00,25.019536334082524,25.195646559412104,24.379664871264225,25.160425186157227,325050,0.0,0.0
2019-09-18 00:00:00-04:00,25.125198823073333,25.125198823073333,24.009828051337422,24.127235412597656,224700,0.0,0.0
2019-09-19 00:00:00-04:00,24.297478990839725,24.69079580428297,23.657609204308535,24.43836784362793,442350,0.0,0.0
2019-09-20 00:00:00-04:00,24.473588986383692,25.10758877444585,23.956996566481195,24.943220138549805,595800,0.0,0.0
2019-09-23 00:00:00-04:00,24.755370283931025,25.20738997698035,24.520555513331786,24.761241912841797,399300,0.0,0.0
2019-09-24 00:00:00-04:00,24.907997377134915,25.30131248491195,24.133108738296688,24.1742000579834,360300,0.0,0.0
2019-09-25 00:00:00-04:00,24.16246425070598,24.514686418888445,23.84546345957787,24.13898277282715,228000,0.0,0.0
2019-09-26 00:00:00-04:00,24.09788744833084,24.45010958262793,23.434534502425603,23.810239791870117,228150,0.0,0.0
2019-09-27 00:00:00-04:00,24.02156838347415,24.02156838347415,22.829881628974938,22.86510467529297,277650,0.0,0.0
2019-09-30 00:00:00-04:00,23.088178395594745,25.67114363410869,23.088178395594745,25.172161102294922,449850,0.0,0.0
2019-10-01 00:00:00-04:00,25.36588968264668,25.870740586050342,24.520554851768775,24.66144371032715,281250,0.0,0.0
2019-10-02 00:00:00-04:00,24.33857173605346,24.902128820789294,23.73979327825591,24.520553588867188,297000,0.0,0.0
2019-10-03 00:00:00-04:00,24.473588277890013,24.861033421364354,23.786753934393786,24.649700164794922,275400,0.0,0.0
2019-10-04 00:00:00-04:00,24.667305765271863,25.107583727246496,24.320955358470837,24.960824966430664,178950,0.0,0.0
2019-10-07 00:00:00-04:00,24.98431160557688,25.06649760353862,23.845459287926563,24.00395965576172,300000,0.0,0.0
2019-10-08 00:00:00-04:00,23.722181485364935,24.831682357992957,23.15862444686228,24.54403305053711,302250,0.0,0.0
2019-10-09 00:00:00-04:00,24.849292766337417,25.007793134522274,24.467719236600995,24.62034797668457,187050,0.0,0.0
2019-10-10 00:00:00-04:00,24.696663878048458,24.90212719264565,24.285737248854073,24.679052352905273,294600,0.0,0.0
2019-10-11 00:00:00-04:00,25.26021755250527,25.900088927069966,24.7964580585077,24.825809478759766,164700,0.0,0.0
2019-10-14 00:00:00-04:00,24.60273859736168,25.13107260815109,24.33270080351814,24.767108917236328,123300,0.0,0.0
2019-10-15 00:00:00-04:00,24.767111542954414,26.01163149061512,24.726018538747343,25.882482528686523,198750,0.0,0.0
2019-10-16 00:00:00-04:00,25.718109384413548,26.569312404077547,25.718109384413548,26.287534713745117,173700,0.0,0.0
2019-10-17 00:00:00-04:00,26.534088799285804,26.78064509733882,26.087940827143214,26.58692169189453,216750,0.0,0.0
2019-10-18 00:00:00-04:00,26.36384989137544,26.680848942736944,25.958793215292054,26.28166389465332,171900,0.0,0.0
2019-10-21 00:00:00-04:00,26.557576918186417,27.179836927463704,26.340373665691054,26.410818099975586,221100,0.0,0.0
2019-10-22 00:00:00-04:00,26.34037172822336,26.34037172822336,25.307185088518498,25.976408004760742,279750,0.0,0.0
2019-10-23 00:00:00-04:00,26.029239476439464,27.19157333253418,25.677017350278575,27.162221908569336,380100,0.0,0.0
2019-10-24 00:00:00-04:00,26.070332021202795,27.42638928258647,25.594832579093712,26.170127868652344,503400,0.0,0.0
2019-10-25 00:00:00-04:00,26.504743586288274,27.432262795888565,26.504743586288274,27.326595306396484,425400,0.0,0.0
2019-10-28 00:00:00-04:00,27.308981450092876,28.57698449778754,27.308981450092876,28.50653839111328,502800,0.0,0.0
2019-10-29 00:00:00-04:00,28.242373505521677,28.864631800781485,28.242373505521677,28.612205505371094,282450,0.0,0.0
2019-10-30 00:00:00-04:00,28.635684493293983,29.24620280104992,28.58872154654353,29.22272300720215,401550,0.0,0.0
2019-10-31 00:00:00-04:00,29.105315486315796,29.1464068072306,28.506537044099552,29.005517959594727,395700,0.0,0.0
2019-11-01 00:00:00-04:00,29.21685420713276,29.909558578513067,28.79418764546845,29.80976104736328,336600,0.0,0.0
2019-11-04 00:00:00-05:00,29.997612584109838,30.437890668452177,29.692355082944875,30.314613342285156,409650,0.0,0.0
2019-11-05 00:00:00-05:00,30.414402948928377,30.895772230234147,30.244162716236858,30.613994598388672,400950,0.0,0.0
2019-11-06 00:00:00-05:00,30.525946772804286,30.71966683606088,30.09740860786719,30.67857551574707,351300,0.0,0.0
2019-11-07 00:00:00-05:00,30.98383397484655,31.10711128535034,30.5787756358351,30.807722091674805,304650,0.0,0.0
2019-11-08 00:00:00-05:00,30.707927831266538,30.86055657864571,29.98000042844178,30.032835006713867,224100,0.0,0.0
2019-11-11 00:00:00-05:00,29.621905988089154,30.062184028004996,29.527980095815238,29.739315032958984,133800,0.0,0.0
2019-11-12 00:00:00-05:00,29.751054264416126,30.079794880023314,29.334256027362056,29.457536697387695,243750,0.0,0.0
2019-11-13 00:00:00-05:00,29.193369109649502,29.21098063509568,28.764834306994203,28.999649047851562,138150,0.0,0.0
2019-11-14 00:00:00-05:00,28.893979642989507,29.680613216814738,28.74135090252811,29.08183479309082,162900,0.0,0.0
2019-11-15 00:00:00-05:00,29.404704370670927,29.621907588406863,29.105315152991516,29.304906845092773,259950,0.0,0.0
2019-11-18 00:00:00-05:00,29.028997369316766,29.32838655180708,28.911588331903758,29.246200561523438,186450,0.0,0.0
2019-11-19 00:00:00-05:00,29.15227690754901,29.52798048155266,28.993776542384353,29.22272300720215,142050,0.0,0.0
2019-11-20 00:00:00-05:00,29.023131610451337,29.41057848910946,28.59459340786978,28.811800003051758,295500,0.0,0.0
2019-11-21 00:00:00-05:00,29.00551256826199,29.00551256826199,28.330419878939498,28.800052642822266,250650,0.0,0.0
2019-11-22 00:00:00-05:00,28.987904173789296,29.49275667822207,28.93507295945413,29.34012794494629,126750,0.0,0.0
2019-11-25 00:00:00-05:00,29.463404792486706,30.666833192415595,29.463404792486706,30.567035675048828,435300,0.0,0.0
2019-11-26 00:00:00-05:00,30.33221961803603,30.99557244397133,30.197199058231618,30.643348693847656,217950,0.0,0.0
2019-11-27 00:00:00-05:00,30.71966776820681,30.790113872659557,29.645391547743575,29.850854873657227,147300,0.0,0.0
2019-11-29 00:00:00-05:00,29.633650503738497,29.63952213256638,29.04074363622723,29.07009506225586,114600,0.0,0.0
2019-12-02 00:00:00-05:00,29.2931691559518,29.2931691559518,28.054520871414514,28.230632781982422,219750,0.0,0.0
2019-12-03 00:00:00-05:00,27.80795952058303,29.246200932575317,27.80795952058303,29.187498092651367,307050,0.0,0.0
2019-12-04 00:00:00-05:00,29.351867189139394,30.279386182910848,29.351867189139394,29.97412872314453,186600,0.0,0.0
2019-12-05 00:00:00-05:00,30.07979544446433,30.367444748163845,29.839109086732808,29.991741180419922,149550,0.0,0.0
2019-12-06 00:00:00-05:00,30.361574893925994,30.660964111843427,30.285260522151756,30.426149368286133,187650,0.0,0.0
2019-12-09 00:00:00-05:00,30.490711565775417,30.50245145846253,29.921284782279027,30.432008743286133,231450,0.0,0.0
2019-12-10 00:00:00-05:00,30.43201789376053,30.96035017313345,30.179591650291204,30.672700881958008,171150,0.0,0.0
2019-12-11 00:00:00-05:00,30.672710581061313,31.036674351320205,30.672710581061313,30.901657104492188,181200,0.0,0.0
2019-12-12 00:00:00-05:00,30.966226959860453,31.212781616770798,30.807726577830866,31.05428123474121,263550,0.0,0.0
2019-12-13 00:00:00-05:00,31.083768835435386,31.36688787791644,30.25211698410003,30.352388381958008,112050,0.166667,0.0
2019-12-16 00:00:00-05:00,30.381886759911612,30.81835601247854,29.939517997172658,29.980804443359375,236850,0.0,0.0
2019-12-17 00:00:00-05:00,30.05157915124437,30.110560741333757,29.738972673764426,30.081069946289062,172500,0.0,0.0
2019-12-18 00:00:00-05:00,30.110562176460807,30.32290063591028,28.936812952715133,29.910022735595703,263250,0.0,0.0
2019-12-19 00:00:00-05:00,29.96311032188375,30.31110376971121,29.603314479628523,30.228530883789062,269850,0.0,0.0
2019-12-20 00:00:00-05:00,30.316995281551584,31.13095528167155,30.28160498263231,30.694482803344727,1467750,0.0,0.0
2019-12-23 00:00:00-05:00,30.912715477608447,31.661794342551424,30.340584721510726,31.34328842163086,171750,0.0,0.0
2019-12-24 00:00:00-05:00,31.638200397140537,31.974401473999027,31.402270705048053,31.974401473999023,108300,0.0,0.0
2019-12-26 00:00:00-05:00,32.09237671010225,32.2516297173252,31.07787707149838,31.119163513183594,158550,0.0,0.0
2019-12-27 00:00:00-05:00,31.402279382823856,31.402279382823856,30.72988041829919,30.97760581970215,118650,0.0,0.0
2019-12-30 00:00:00-05:00,30.794763213471356,31.018897338948733,30.54703779847302,30.659101486206055,89550,0.0,0.0
2019-12-31 00:00:00-05:00,30.670895608173364,31.254822118141238,30.535233902571722,30.92452049255371,142800,0.0,0.0
2020-01-02 00:00:00-05:00,31.313806090814168,31.313806090814168,30.004395131682074,31.184043884277344,249600,0.0,0.0
2020-01-03 00:00:00-05:00,30.665001289766195,30.87733977251665,30.169547080018933,30.841949462890625,202650,0.0,0.0
2020-01-06 00:00:00-05:00,30.488051391326305,30.877338025171497,30.010292363428384,30.700389862060547,222900,0.0,0.0
2020-01-07 00:00:00-05:00,30.67679396969246,30.88323292255079,29.915919261300807,30.086971282958984,205950,0.0,0.0
2020-01-08 00:00:00-05:00,30.216726690827624,31.33149758497287,29.88052894497872,31.083768844604492,342000,0.0,0.0
2020-01-09 00:00:00-05:00,31.30790557409074,31.614615927399775,30.771164987053876,30.889131546020508,254700,0.0,0.0
2020-01-10 00:00:00-05:00,31.119161612506954,31.119161612506954,30.52933894585942,30.564725875854492,157650,0.0,0.0
2020-01-13 00:00:00-05:00,30.70038219667381,31.437662088042888,30.499839420217775,31.39637565612793,126150,0.0,0.0
2020-01-14 00:00:00-05:00,31.284313474671567,33.09507462648403,31.284313474671567,32.84144973754883,415200,0.0,0.0
2020-01-15 00:00:00-05:00,32.72348438357148,33.030191333540756,32.23982592399693,32.52294158935547,256950,0.0,0.0
2020-01-16 00:00:00-05:00,32.906340822309446,33.10688031569051,32.42858169468972,33.012508392333984,288900,0.0,0.0
2020-01-17 00:00:00-05:00,33.118663294039685,33.118663294039685,32.098264413917924,32.25162124633789,206850,0.0,0.0
2020-01-21 00:00:00-05:00,32.41087986693177,32.41087986693177,31.620517702734357,31.7089900970459,238200,0.0,0.0
2020-01-22 00:00:00-05:00,32.13955857257963,32.14545470635288,31.620513175257578,31.773866653442383,254400,0.0,0.0
2020-01-23 00:00:00-05:00,31.862336647460705,32.30470527254116,31.42586753071643,32.204437255859375,204000,0.0,0.0
2020-01-24 00:00:00-05:00,32.210332621400774,32.210332621400774,31.467153213980403,31.756168365478516,111900,0.0,0.0
2020-01-27 00:00:00-05:00,31.060185314342977,31.30791074155388,30.71218846421061,30.85964584350586,133650,0.0,0.0
2020-01-28 00:00:00-05:00,31.20173061255305,32.17494352379321,31.01298686310117,32.12775421142578,162750,0.0,0.0
2020-01-29 00:00:00-05:00,32.19264931588181,32.475768438351984,31.018899878480195,31.107372283935547,107400,0.0,0.0
2020-01-30 00:00:00-05:00,30.859643255391976,31.16045412392238,30.370088577195872,30.877338409423828,204600,0.0,0.0
2020-01-31 00:00:00-05:00,30.75346638700005,30.93631402665035,30.12235397353958,30.600112915039062,174000,0.0,0.0
2020-02-03 00:00:00-05:00,30.918623696875304,31.655903753957517,30.86553823676331,31.449464797973633,186900,0.0,0.0
2020-02-04 00:00:00-05:00,31.992105837156757,32.23393510682999,31.532041961317557,31.62051773071289,173550,0.0,0.0
2020-02-05 00:00:00-05:00,32.074681840107566,33.00070571899414,31.838752081951576,33.00070571899414,216300,0.0,0.0
2020-02-06 00:00:00-05:00,33.05968649237098,33.11866808067002,32.29881185329514,32.64680862426758,190050,0.0,0.0
2020-02-07 00:00:00-05:00,32.58782789132796,32.79426685217838,31.850547816865316,31.891834259033203,167850,0.0,0.0
2020-02-10 00:00:00-05:00,31.850546716593655,32.770674431740986,31.750275306928444,32.75297927856445,200100,0.0,0.0
2020-02-11 00:00:00-05:00,32.817862819296934,33.90903926285315,32.71169189235231,33.42538070678711,338550,0.0,0.0
2020-02-12 00:00:00-05:00,33.52564896839453,34.61682530924691,32.87684132315783,34.42808151245117,457950,0.0,0.0
2020-02-13 00:00:00-05:00,35.38948596577706,37.63081962694236,34.87044066661298,37.164859771728516,664200,0.0,0.0
2020-02-14 00:00:00-05:00,37.896248423668524,37.97292516510866,36.1149780936584,36.22114562988281,405450,0.0,0.0
2020-02-18 00:00:00-05:00,35.97931904136463,36.59863584443419,35.831861695394245,36.28602600097656,209100,0.0,0.0
2020-02-19 00:00:00-05:00,36.563243991118085,36.751987765955015,36.250634160915126,36.51015853881836,198900,0.0,0.0
2020-02-20 00:00:00-05:00,36.56324609407755,37.08818763865704,36.26243526375425,36.964324951171875,299700,0.0,0.0
2020-02-21 00:00:00-05:00,36.84636111866788,36.84636111866788,35.97931894665487,36.38039779663086,221100,0.0,0.0
2020-02-24 00:00:00-05:00,34.78197608363313,35.61363143059994,34.740689641764725,35.259735107421875,166950,0.0,0.0
2020-02-25 00:00:00-05:00,35.489766618415366,35.489766618415366,34.085983803340945,34.20984649658203,393450,0.0,0.0
2020-02-26 00:00:00-05:00,34.42807535768436,34.994306646845445,34.121365055219755,34.339599609375,355200,0.0,0.0
2020-02-27 00:00:00-05:00,33.40768490806005,33.814666703488236,31.437670537821134,32.34010314941406,394200,0.0,0.0
2020-02-28 00:00:00-05:00,30.965808583653427,32.72348771635548,30.110561991818482,31.160451889038086,380400,0.0,0.0
2020-03-02 00:00:00-05:00,31.50254457076336,31.50254457076336,29.609207376986728,31.402273178100586,329250,0.0,0.0
2020-03-03 00:00:00-05:00,31.679492538038367,32.623211375979004,30.86553250906098,31.414072036743164,365550,0.0,0.0
2020-03-04 00:00:00-05:00,31.99799877134403,32.404977101913865,31.030685266435075,31.8210506439209,304050,0.0,0.0
2020-03-05 00:00:00-05:00,31.02478692368029,31.402274476363342,29.04297727209427,29.479446411132812,310650,0.0,0.0
2020-03-06 00:00:00-05:00,28.41270491645991,29.565616807708786,27.39648027857535,28.210649490356445,476400,0.25,0.0
2020-03-09 00:00:00-04:00,26.219804163123964,26.968600255664693,22.689757182741758,22.802671432495117,807000,0.0,0.0
2020-03-10 00:00:00-04:00,23.90803846952389,24.246781208462565,21.679474082726216,22.58278465270996,767850,0.0,0.0
2020-03-11 00:00:00-04:00,21.81615408614747,22.90963672333584,21.643812407022374,21.99443817138672,402150,0.0,0.0
2020-03-12 00:00:00-04:00,19.83125550359819,20.55628034544196,17.870117884754734,17.971145629882812,616050,0.0,0.0
2020-03-13 00:00:00-04:00,19.08245582644811,19.94416618347168,17.983028749708158,19.94416618347168,568650,0.0,0.0
2020-03-16 00:00:00-04:00,18.125651790452636,19.26667711120176,16.740972509402226,17.353084564208984,610350,0.0,0.0
2020-03-17 00:00:00-04:00,17.531369474953603,18.38119474136727,15.986229999255407,17.959253311157227,667350,0.0,0.0
2020-03-18 00:00:00-04:00,16.544855450139863,17.180738740080884,11.261674448492968,11.546930313110352,489300,0.0,0.0
2020-03-19 00:00:00-04:00,11.576648322288696,12.73550189099841,9.924539249735895,11.820304870605469,914250,0.0,0.0
2020-03-20 00:00:00-04:00,11.980761457532516,13.026700835156728,11.166592974133906,11.505334854125977,643500,0.0,0.0
2020-03-23 00:00:00-04:00,11.53504780152253,12.390816479156504,10.233566288665234,11.974818229675293,553050,0.0,0.0
2020-03-24 00:00:00-04:00,12.753331226323397,14.684753053322526,12.717674231520855,14.3935546875,604050,0.0,0.0
2020-03-25 00:00:00-04:00,14.981892061145796,17.06782789989348,14.369780033566357,16.521085739135742,609900,0.0,0.0
2020-03-26 00:00:00-04:00,16.53297419130741,19.545992033990903,16.521087677598366,18.886337280273438,731550,0.0,0.0
2020-03-27 00:00:00-04:00,17.650226593017578,18.618910301442927,17.23422751701624,17.650226593017578,490650,0.0,0.0
2020-03-30 00:00:00-04:00,17.24611789386418,17.24611789386418,15.017553345030288,16.604291915893555,398550,0.0,0.0
2020-03-31 00:00:00-04:00,16.63994940751003,17.341202851587155,16.574576119166007,16.73503303527832,431850,0.0,0.0
2020-04-01 00:00:00-04:00,15.885204370513193,15.920862211649073,14.476751950575398,14.666922569274902,542700,0.0,0.0
2020-04-02 00:00:00-04:00,14.411385592294465,15.481095583512493,14.250927818416864,14.785782814025879,416550,0.0,0.0
2020-04-03 00:00:00-04:00,14.738238137983972,15.088865679024085,12.71767424664111,13.210928916931152,437700,0.0,0.0
2020-04-06 00:00:00-04:00,14.191496443015577,17.48977203439571,13.882468328342755,17.293657302856445,618000,0.0,0.0
2020-04-07 00:00:00-04:00,18.066225469634116,19.159708208688055,16.71125983460612,17.29960060119629,612900,0.0,0.0
2020-04-08 00:00:00-04:00,17.48976970069125,19.83718845665934,17.299599101732,19.510334014892578,472950,0.0,0.0
2020-04-09 00:00:00-04:00,20.306677971812185,21.542788791973,19.195366205038038,20.193763732910156,355050,0.0,0.0
2020-04-13 00:00:00-04:00,20.003593016312525,20.0808494109218,18.654567962831393,19.017080307006836,230100,0.0,0.0
2020-04-14 00:00:00-04:00,19.58759671371301,20.1581086946117,18.8506854050522,19.1656551361084,315450,0.0,0.0
2020-04-15 00:00:00-04:00,18.173196891872973,19.25479309358056,16.0516030344778,16.218002319335938,527550,0.0,0.0
2020-04-16 00:00:00-04:00,16.402231383000245,16.711260342750506,15.64154889809984,16.307146072387695,417300,0.0,0.0
2020-04-17 00:00:00-04:00,17.02623088009295,18.83879598156388,17.02623088009295,18.69022560119629,432150,0.0,0.0
2020-04-20 00:00:00-04:00,18.09594184688918,18.93388251879309,17.644286569230342,17.988971710205078,230700,0.0,0.0
2020-04-21 00:00:00-04:00,17.29365746979175,17.644284986857404,16.943029952726096,17.25800132751465,207000,0.0,0.0
2020-04-22 00:00:00-04:00,17.917656417261846,18.708054370936438,16.865773848150283,17.596742630004883,248550,0.0,0.0
2020-04-23 00:00:00-04:00,17.668058056626457,19.27262542348269,17.46600089627488,18.975482940673828,353550,0.0,0.0
2020-04-24 00:00:00-04:00,19.403366713362654,19.617308686924847,18.57136844925001,19.551937103271484,234300,0.0,0.0
2020-04-27 00:00:00-04:00,19.902562794927256,21.554670812298674,19.87284736204853,21.209985733032227,481050,0.0,0.0
2020-04-28 00:00:00-04:00,22.214323236874076,23.533632551521272,22.04198156522261,23.42666244506836,517200,0.0,0.0
2020-04-29 00:00:00-04:00,23.688157413901735,25.756265183458368,23.688157413901735,25.536380767822266,504600,0.0,0.0
2020-04-30 00:00:00-04:00,26.70711120396175,27.55693829071878,23.610894509841042,24.496376037597656,640500,0.0,0.0
2020-05-01 00:00:00-04:00,23.670323772936364,24.924261823557075,22.08358541053413,22.81455421447754,517800,0.0,0.0
2020-05-04 00:00:00-04:00,22.178675517537474,23.949642490246962,21.768620421998275,23.74758529663086,492000,0.0,0.0
2020-05-05 00:00:00-04:00,24.389404575972215,25.459114258969628,24.003119248584177,24.163576126098633,259500,0.0,0.0
2020-05-06 00:00:00-04:00,24.28243462654448,24.28243462654448,23.177067018904776,23.622779846191406,159000,0.0,0.0
2020-05-07 00:00:00-04:00,24.110093096697415,24.662777754634472,23.610895202607484,24.09226417541504,260250,0.0,0.0
2020-05-08 00:00:00-04:00,24.9718053027569,26.873515117307736,24.88266408979391,26.79625701904297,625800,0.0,0.0
2020-05-11 00:00:00-04:00,26.15442861797628,27.84219460024401,24.811346040355136,26.64768409729004,522450,0.0,0.0
2020-05-12 00:00:00-04:00,26.891341271606525,27.717393634966673,24.900488748786433,24.98963165283203,375150,0.0,0.0
2020-05-13 00:00:00-04:00,24.60929152658334,24.668718998472436,22.62438302076372,23.24243927001953,308550,0.0,0.0
2020-05-14 00:00:00-04:00,22.51741255725402,24.60929116154856,21.845871253207225,24.561748504638672,342900,0.0,0.0
2020-05-15 00:00:00-04:00,24.353753620166568,26.023691039170888,23.682213887756564,25.637407302856445,307350,0.0,0.0
2020-05-18 00:00:00-04:00,27.91351178400207,29.39922079917939,27.8243688690343,28.7692813873291,527550,0.0,0.0
2020-05-19 00:00:00-04:00,28.525621282083044,30.50458734669365,27.84813757260243,29.785503387451172,473400,0.0,0.0
2020-05-20 00:00:00-04:00,30.605611597096036,31.88926665688637,30.046987962431842,30.783897399902344,401700,0.0,0.0
2020-05-21 00:00:00-04:00,30.974071996959015,31.918984492911864,30.676931221105097,31.19395637512207,248250,0.0,0.0
2020-05-22 00:00:00-04:00,31.42573284221754,31.75258739589268,30.37979418983345,31.68721580505371,207150,0.0,0.0
2020-05-26 00:00:00-04:00,33.0184152990357,34.36743893138291,32.394416505053826,33.64241409301758,450150,0.0,0.0
2020-05-27 00:00:00-04:00,33.92765756529046,34.688339973786114,32.85200212157331,33.505714416503906,468150,0.0,0.0
2020-05-28 00:00:00-04:00,33.963316701886285,33.963316701886285,31.55647011081457,31.865495681762695,460200,0.0,0.0
2020-05-29 00:00:00-04:00,30.695246534167403,31.50725770028173,30.27132680481287,30.969898223876953,422100,0.166667,0.0
2020-06-01 00:00:00-04:00,31.26843282252471,33.28652208440699,31.166930139308374,31.1967830657959,418950,0.0,0.0
2020-06-02 00:00:00-04:00,31.602787970167675,32.480476924416394,31.334108235838176,31.8117618560791,237450,0.0,0.0
2020-06-03 00:00:00-04:00,32.76707256049304,33.28055111064585,32.31927181712243,32.41480255126953,614550,0.0,0.0
2020-06-04 00:00:00-04:00,32.289418718772446,34.629925109431106,31.66249699808368,33.489524841308594,552600,0.0,0.0
2020-06-05 00:00:00-04:00,36.307679210869374,36.8808635229005,35.23892886867201,35.85987854003906,495900,0.0,0.0
2020-06-08 00:00:00-04:00,36.77338835250191,37.585399373637394,35.973317815800634,37.23910140991211,505350,0.0,0.0
2020-06-09 00:00:00-04:00,36.08675808093773,36.60620845072242,35.34042483772804,35.84793472290039,263400,0.0,0.0
2020-06-10 00:00:00-04:00,35.30459995453333,36.259910468571704,34.31346798667106,34.761268615722656,310800,0.0,0.0
2020-06-11 00:00:00-04:00,33.43578101777135,33.6387863496021,31.178865312227963,31.429636001586914,457050,0.0,0.0
2020-06-12 00:00:00-04:00,33.95523307618072,34.09255720461988,31.650551900437417,32.874542236328125,262500,0.0,0.0
2020-06-15 00:00:00-04:00,31.28634528105734,35.37625770844966,31.154989671272237,35.23893356323242,346650,0.0,0.0
2020-06-16 00:00:00-04:00,37.083873066005836,37.083873066005836,35.047871216559805,36.164390563964844,398250,0.0,0.0
2020-06-17 00:00:00-04:00,36.277825350386614,36.39723703741508,35.12548480503285,35.64493179321289,296700,0.0,0.0
2020-06-18 00:00:00-04:00,35.167281945896654,35.824056543626355,34.7135092875367,35.23295974731445,236400,0.0,0.0
2020-06-19 00:00:00-04:00,36.074817680806014,36.2061732611923,34.89262429022482,35.83599090576172,518850,0.0,0.0
2020-06-22 00:00:00-04:00,35.429989678404546,35.96137715632367,34.70753735007826,35.937496185302734,263250,0.0,0.0
2020-06-23 00:00:00-04:00,36.755477265676646,36.898773333485515,35.70463943507826,36.409175872802734,305250,0.0,0.0
2020-06-24 00:00:00-04:00,35.662854352014854,36.36142248546538,33.2327889336044,33.674617767333984,277200,0.0,0.0
2020-06-25 00:00:00-04:00,33.29249587135078,34.223922357056686,33.017847537763515,33.99703598022461,363900,0.0,0.0
2020-06-26 00:00:00-04:00,33.764177621657076,34.516483026968295,32.86260415914605,33.45370101928711,513750,0.0,0.0
2020-06-29 00:00:00-04:00,34.0209094731203,35.68075651418303,33.77014219826848,34.820980072021484,251250,0.0,0.0
2020-06-30 00:00:00-04:00,34.75531229982706,36.8510201171898,33.805973402577656,36.570396423339844,332100,0.0,0.0
2020-07-01 00:00:00-04:00,37.14357230841534,37.54957958211556,35.17325203595175,35.226985931396484,240000,0.0,0.0
2020-07-02 00:00:00-04:00,36.21215762729139,36.77937013132592,34.52245377102426,34.69560623168945,225900,0.0,0.0
2020-07-06 00:00:00-04:00,35.877791958961936,35.94943829170307,34.22988530853879,34.5761833190918,311700,0.0,0.0
2020-07-07 00:00:00-04:00,34.092560930253434,35.818086025050754,33.35219947968865,33.40593338012695,373200,0.0,0.0
2020-07-08 00:00:00-04:00,33.3402598940809,34.480660268418355,32.70736957887356,33.979122161865234,601200,0.0,0.0
2020-07-09 00:00:00-04:00,34.170182828693974,34.170182828693974,32.64169098467487,32.940223693847656,258600,0.0,0.0
2020-07-10 00:00:00-04:00,33.26263771392066,36.0091513663013,33.011870398111604,35.23893356323242,297150,0.0,0.0
2020-07-13 00:00:00-04:00,36.0091418253884,36.68382530184746,34.82694506700351,34.92844772338867,255900,0.0,0.0
2020-07-14 00:00:00-04:00,34.78516152434647,36.81519131234261,34.432891518741755,36.80921936035156,235950,0.0,0.0
2020-07-15 00:00:00-04:00,37.74660908212808,39.042245637118086,37.74660908212808,38.928802490234375,492750,0.0,0.0
2020-07-16 00:00:00-04:00,39.40048488618448,39.77066725451956,38.09290782017905,38.36158752441406,376500,0.0,0.0
2020-07-17 00:00:00-04:00,38.27799529731593,38.952678729606994,37.88392859816928,37.94363784790039,254100,0.0,0.0
2020-07-20 00:00:00-04:00,37.63914253636972,38.684008540608076,37.406284263199055,38.29591369628906,160950,0.0,0.0
2020-07-21 00:00:00-04:00,38.67803727557477,39.233309138140555,38.47503194068895,39.09598159790039,183750,0.0,0.0
2020-07-22 00:00:00-04:00,38.78550574596835,40.24235077812549,38.78550574596835,40.146820068359375,315750,0.0,0.0
2020-07-23 00:00:00-04:00,40.05129144814298,40.30205872025012,38.11082081538907,38.76162338256836,318150,0.0,0.0
2020-07-24 00:00:00-04:00,38.50488524432513,38.70191863021576,37.91378850310119,38.021263122558594,167550,0.0,0.0
2020-07-27 00:00:00-04:00,38.02125672459617,39.85425248411256,37.91975407322701,39.776634216308594,274500,0.0,0.0
2020-07-28 00:00:00-04:00,39.621401164645725,40.51103047228674,39.442280229722336,40.146820068359375,448800,0.0,0.0
2020-07-29 00:00:00-04:00,40.31996711149475,41.699193802618126,40.31996711149475,41.57380676269531,359100,0.0,0.0
2020-07-30 00:00:00-04:00,41.18572314176493,41.18572314176493,37.95558757739628,39.370635986328125,568650,0.0,0.0
2020-07-31 00:00:00-04:00,41.149896037632864,41.53799086039273,36.46888744259968,38.18246841430664,527250,0.0,0.0
2020-08-03 00:00:00-04:00,38.892982566043756,40.8812187400325,38.892982566043756,40.55282974243164,640050,0.0,0.0
2020-08-04 00:00:00-04:00,40.14085137065259,40.55282716284755,37.63316832785758,38.67206573486328,358050,0.0,0.0
2020-08-05 00:00:00-04:00,39.20942687988281,40.08114727756193,39.02433738779308,39.20942687988281,188100,0.0,0.0
2020-08-06 00:00:00-04:00,39.07209921948892,39.699020805065324,37.9675240686489,38.188438415527344,161250,0.0,0.0
2020-08-07 00:00:00-04:00,37.51972846617338,38.6720691283948,37.22119580187785,38.44518280029297,192300,0.0,0.0
2020-08-10 00:00:00-04:00,38.71386861328616,40.49313122446467,38.64819080187684,39.090023040771484,351300,0.0,0.0
2020-08-11 00:00:00-04:00,39.49602427619926,40.33789186191481,38.95866474967965,39.22734451293945,254400,0.0,0.0
2020-08-12 00:00:00-04:00,39.848295364634595,40.290127585226706,38.83328213897031,38.964637756347656,175800,0.0,0.0
2020-08-13 00:00:00-04:00,38.809392288372855,39.91396755983298,38.421300859496284,39.30495834350586,124650,0.0,0.0
2020-08-14 00:00:00-04:00,38.9526914941063,39.048222225244004,38.164564670444484,38.55862808227539,125550,0.0,0.0
2020-08-17 00:00:00-04:00,38.648187276355046,40.475215091309174,38.648187276355046,39.794559478759766,209100,0.0,0.0
2020-08-18 00:00:00-04:00,40.20056192348355,40.475213622598154,38.27203491086634,38.35562515258789,171000,0.0,0.0
2020-08-19 00:00:00-04:00,38.32576403341153,39.25122169581104,37.949613117221936,38.37950134277344,135150,0.0,0.0
2020-08-20 00:00:00-04:00,37.85408296347327,38.61832870915442,37.633168604668306,37.88990783691406,115800,0.0,0.0
2020-08-21 00:00:00-04:00,37.68094018902148,37.69885262870118,36.97042821967025,37.274932861328125,149100,0.0,0.0
2020-08-24 00:00:00-04:00,37.710781879727676,38.20037589144486,36.91668331708526,37.32865905761719,173550,0.0,0.0
2020-08-25 00:00:00-04:00,37.62720061611698,37.7107908574657,36.32559529754425,36.39126968383789,352200,0.0,0.0
2020-08-26 00:00:00-04:00,37.119686956904616,37.119686956904616,35.66284192091056,35.83599090576172,275100,0.0,0.0
2020-08-27 00:00:00-04:00,36.23006215344478,36.35544579888308,34.76127303366547,35.107574462890625,291900,0.0,0.0
2020-08-28 00:00:00-04:00,35.651388006688535,36.096052611429705,35.48313792856074,35.74753189086914,233100,0.25,0.0
2020-08-31 00:00:00-04:00,35.54322506987346,35.54322506987346,33.349939822316266,33.77657699584961,420450,0.0,0.0
2020-09-01 00:00:00-04:00,33.65639859865011,35.59129672629269,33.410028621360624,35.53120422363281,322200,0.0,0.0
2020-09-02 00:00:00-04:00,35.65739413345136,36.00591481339653,34.53971903131944,35.87972640991211,303600,0.0,0.0
2020-09-03 00:00:00-04:00,35.68142521964156,35.68142521964156,32.42454751329377,32.6108283996582,408150,0.0,0.0
2020-09-04 00:00:00-04:00,33.307872847930206,33.4701126092136,31.685440851338416,32.80311584472656,217800,0.0,0.0
2020-09-08 00:00:00-04:00,32.23227056560419,33.2718294563086,31.7515510825408,32.34043502807617,210900,0.0,0.0
2020-09-09 00:00:00-04:00,32.95335099161566,33.18169015178778,31.685449572930395,32.124107360839844,233100,0.0,0.0
2020-09-10 00:00:00-04:00,32.19020525191416,32.39451014946673,31.41504388393688,31.775585174560547,204600,0.0,0.0
2020-09-11 00:00:00-04:00,31.90176864615664,32.35845375165531,31.246788956113363,31.354949951171875,198900,0.0,0.0
2020-09-14 00:00:00-04:00,31.721509113426386,32.628869360171365,31.613348080572578,32.544742584228516,147600,0.0,0.0
2020-09-15 00:00:00-04:00,32.875229769181566,33.20572652723751,31.53522564361393,31.70948600769043,168750,0.0,0.0
2020-09-16 00:00:00-04:00,32.0700292100161,32.2803409651863,31.50518298492219,31.679443359375,169950,0.0,0.0
2020-09-17 00:00:00-04:00,30.904288913023457,31.70949504977909,30.766079888106812,31.216754913330078,220350,0.0,0.0
2020-09-18 00:00:00-04:00,31.631372909955793,32.0640204444255,30.699978482341937,31.090560913085938,491550,0.0,0.0
2020-09-21 00:00:00-04:00,30.111093313923032,30.663922415808358,28.686962333946557,29.648401260375977,463950,0.0,0.0
2020-09-22 00:00:00-04:00,30.04498717172151,32.088046148110024,29.984898111986094,32.039974212646484,266700,0.0,0.0
2020-09-23 00:00:00-04:00,31.88975773731085,32.761063025667234,31.67944254914287,31.72150421142578,339000,0.0,0.0
2020-09-24 00:00:00-04:00,31.5833041297245,31.937835213607542,30.724015819140696,31.727519989013672,311700,0.0,0.0
2020-09-25 00:00:00-04:00,31.511187413065354,33.48214048631826,31.511187413065354,32.68294143676758,298200,0.0,0.0
2020-09-28 00:00:00-04:00,33.379993149445845,34.972377853810706,33.15165051713837,33.88475036621094,273600,0.0,0.0
2020-09-29 00:00:00-04:00,34.47361988907981,35.59129499770337,34.125099207110374,34.15514373779297,306750,0.0,0.0
2020-09-30 00:00:00-04:00,34.14913536374071,35.49515310678653,34.14913536374071,34.563758850097656,288300,0.0,0.0
2020-10-01 00:00:00-04:00,35.15865358967864,37.766559184840204,35.15865358967864,37.70646667480469,449700,0.0,0.0
2020-10-02 00:00:00-04:00,36.46260453831022,38.49965353428821,36.05399130732164,38.14512252807617,318900,0.0,0.0
2020-10-05 00:00:00-04:00,38.55373344995132,40.35643290734763,38.55373344995132,40.08602523803711,290250,0.0,0.0
2020-10-06 00:00:00-04:00,40.3504232169211,41.16163935999016,39.26279599539097,39.641361236572266,292950,0.0,0.0
2020-10-07 00:00:00-04:00,39.64135728073505,41.03544685130873,39.41902500841433,40.11606979370117,224700,0.0,0.0
2020-10-08 00:00:00-04:00,40.66289571314912,40.66289571314912,37.688438582665995,38.060997009277344,257550,0.0,0.0
2020-10-09 00:00:00-04:00,38.3794793767102,38.99239412918261,38.0970545358718,38.51768493652344,207750,0.0,0.0
2020-10-12 00:00:00-04:00,38.90827249658112,38.96235129094708,38.39750502301369,38.52369689941406,120150,0.0,0.0
2020-10-13 00:00:00-04:00,38.36145140572532,38.878222255543534,37.91678331861171,38.21723556518555,176850,0.0,0.0
2020-10-14 00:00:00-04:00,38.229251124740486,39.26279965875072,37.24377453560568,37.556243896484375,172350,0.0,0.0
2020-10-15 00:00:00-04:00,36.91327376735015,38.98036698055284,36.546722252941585,38.896240234375,252000,0.0,0.0
2020-10-16 00:00:00-04:00,38.86018930336132,39.539206685037996,38.187182203042795,38.331398010253906,146100,0.0,0.0
2020-10-19 00:00:00-04:00,38.830160892078275,39.004421301665126,37.02746083443403,37.3218994140625,119700,0.0,0.0
2020-10-20 00:00:00-04:00,37.65839656810523,39.30486334359186,37.65839656810523,38.115081787109375,170100,0.0,0.0
2020-10-21 00:00:00-04:00,38.37947474862007,38.46960835001489,35.18268546451163,35.28483963012695,286500,0.0,0.0
2020-10-22 00:00:00-04:00,35.32690834487975,35.543233845156614,34.16717122909838,34.732017517089844,236250,0.0,0.0
2020-10-23 00:00:00-04:00,35.07453046343195,35.17067436340648,34.05299894741975,34.31138610839844,300300,0.0,0.0
2020-10-26 00:00:00-04:00,33.806624584701844,34.1791795327154,33.367966852470545,33.87873077392578,129150,0.0,0.0
2020-10-27 00:00:00-04:00,33.770569011182126,34.27532607789961,33.10957900601389,33.29585647583008,224850,0.0,0.0
2020-10-28 00:00:00-04:00,32.34644337118001,34.3113864982194,32.02796712869322,34.1791877746582,276000,0.0,0.0
2020-10-29 00:00:00-04:00,36.6068140121203,36.6068140121203,34.11908711822168,34.623844146728516,437850,0.0,0.0
2020-10-30 00:00:00-04:00,34.095054679326275,35.45308603352602,33.049489194952955,33.50016403198242,435000,0.0,0.0
2020-11-02 00:00:00-05:00,34.227254986674104,35.92780386953945,34.004922676034475,35.91578674316406,259350,0.0,0.0
2020-11-03 00:00:00-05:00,36.37246389185409,37.17166286635748,36.090042546670446,36.83515930175781,317250,0.0,0.0
2020-11-04 00:00:00-05:00,36.09004562817617,37.28583733203637,35.5191891690747,36.3123779296875,235200,0.0,0.0
2020-11-05 00:00:00-05:00,36.919294849206835,38.44558023976147,36.919294849206835,38.00091552734375,186300,0.0,0.0
2020-11-06 00:00:00-05:00,38.067011707577876,38.32539886705415,36.96135686429972,37.33391189575195,89400,0.0,0.0
2020-11-09 00:00:00-05:00,38.992393483706365,40.73500413230846,32.86922539778747,32.88725280761719,804000,0.0,0.0
2020-11-10 00:00:00-05:00,33.66241697576633,34.726010173571055,33.16366661946605,33.18169403076172,631800,0.0,0.0
2020-11-11 00:00:00-05:00,33.361956243060526,34.245278542230416,32.64688744772121,34.04097366333008,765750,0.0,0.0
2020-11-12 00:00:00-05:00,33.66241266583846,34.443580904497864,32.86321357981481,33.2237548828125,459750,0.0,0.0
2020-11-13 00:00:00-05:00,33.80062121630709,34.68995398780943,33.51819980665285,34.26331329345703,228450,0.0,0.0
2020-11-16 00:00:00-05:00,35.0204448012199,35.77157195480301,34.55174247514356,35.39901351928711,349350,0.0,0.0
2020-11-17 00:00:00-05:00,35.302870124848404,36.594802383018965,34.25129415807999,36.576778411865234,282300,0.0,0.0
2020-11-18 00:00:00-05:00,36.78108042938851,37.41202595981946,36.28834044331792,36.71498107910156,342600,0.0,0.0
2020-11-19 00:00:00-05:00,36.79310097936253,37.1235977615538,36.42054253324547,36.817138671875,189150,0.0,0.0
2020-11-20 00:00:00-05:00,36.90125830748579,37.45408735781288,36.36646010352157,36.99740219116211,170850,0.0,0.0
2020-11-23 00:00:00-05:00,37.538218584073995,40.23024764746299,37.538218584073995,39.57526779174805,416400,0.0,0.0
2020-11-24 00:00:00-05:00,40.23024103383538,41.089529104203024,39.67741544695932,40.05598068237305,600300,0.0,0.0
2020-11-25 00:00:00-05:00,39.95983481717774,40.04396156699207,38.32538895004084,38.902252197265625,193350,0.0,0.0
2020-11-27 00:00:00-05:00,39.05917063826718,39.638539725809835,38.54618802366949,38.93243408203125,66300,0.186667,0.0
2020-11-30 00:00:00-05:00,38.733276604456194,38.93243603327264,37.828011496472094,38.0452766418457,269100,0.0,0.0
2020-12-01 00:00:00-05:00,38.73930992337771,38.73930992337771,37.38141224800191,38.05734634399414,236550,0.0,0.0
2020-12-02 00:00:00-05:00,37.90043391661189,38.322887969161485,37.27881698427766,38.1418342590332,276750,0.0,0.0
2020-12-03 00:00:00-05:00,38.38323015475868,39.40919511982974,38.14785936521821,39.119510650634766,184350,0.0,0.0
2020-12-04 00:00:00-05:00,39.5600818855234,41.21370032754021,39.34281676224996,40.94815444946289,301350,0.0,0.0
2020-12-07 00:00:00-05:00,41.04470829061648,41.30421773086672,39.861828292265,41.00246047973633,361050,0.0,0.0
2020-12-08 00:00:00-05:00,40.65846813623227,40.97229130202851,39.4092015021894,40.80331039428711,413850,0.0,0.0
2020-12-09 00:00:00-05:00,40.91798078489317,42.04050750849074,40.38689246419719,41.1352424621582,286200,0.0,0.0
2020-12-10 00:00:00-05:00,40.688649124410034,41.5939142329468,40.58001827831308,40.960227966308594,199800,0.0,0.0
2020-12-11 00:00:00-05:00,40.70675407671855,41.67840564332547,40.26015446748282,41.376651763916016,208200,0.0,0.0
2020-12-14 00:00:00-05:00,41.70857989295953,42.33622974592051,41.358545261367034,41.40682601928711,286200,0.0,0.0
2020-12-15 00:00:00-05:00,41.40078715636625,43.555318871490975,40.80331238113307,43.50703811645508,264450,0.0,0.0
2020-12-16 00:00:00-05:00,43.6217105286041,43.94157013708899,41.84135531662464,42.07068634033203,289350,0.0,0.0
2020-12-17 00:00:00-05:00,42.07671838943126,43.29581006326803,41.847383936071544,42.692298889160156,211500,0.0,0.0
2020-12-18 00:00:00-05:00,43.07854335678487,43.959669707757044,42.24570121315137,42.25777053833008,601050,0.0,0.0
2020-12-21 00:00:00-05:00,41.147318737881164,42.426760618575145,41.044720826763346,41.46717834472656,253650,0.0,0.0
2020-12-22 00:00:00-05:00,41.77497026907983,42.167252758816716,41.1352475768964,41.36458206176758,193350,0.0,0.0
2020-12-23 00:00:00-05:00,41.59391348449164,42.342266973720854,40.71882343487779,41.774967193603516,185250,0.0,0.0
2020-12-24 00:00:00-05:00,42.02843856858703,42.988020769702075,41.726684701476394,42.46900177001953,89100,0.0,0.0
2020-12-28 00:00:00-05:00,41.618050166566,43.205282197765264,41.618050166566,42.31812286376953,169050,0.0,0.0
2020-12-29 00:00:00-05:00,42.31812635135695,42.493143676753604,40.676580492028954,41.026615142822266,178050,0.0,0.0
2020-12-30 00:00:00-05:00,41.46717195619343,42.36640055085823,41.340435410992285,41.847381591796875,127050,0.0,0.0
2020-12-31 00:00:00-05:00,41.6844429517759,42.14311193549884,40.845564247318926,41.249916076660156,153900,0.0,0.0
2021-01-04 00:00:00-05:00,41.8413501474705,42.885421038627015,41.53355990387676,41.88359451293945,326850,0.0,0.0
2021-01-05 00:00:00-05:00,41.690470885845976,42.90956251707157,41.690470885845976,42.65608596801758,148650,0.0,0.0
2021-01-06 00:00:00-05:00,43.38634072685279,45.214976744511866,43.072517500751225,44.557151794433594,338850,0.0,0.0
2021-01-07 00:00:00-05:00,44.8890702062371,45.16668538571798,43.50099776214434,44.237281799316406,145200,0.0,0.0
2021-01-08 00:00:00-05:00,44.46058659044286,44.533006000736464,41.49735118527431,41.80514144897461,231900,0.0,0.0
2021-01-11 00:00:00-05:00,41.455100230179895,43.736368461640915,40.99643479082461,42.40864944458008,177000,0.0,0.0
2021-01-12 00:00:00-05:00,42.59574013621718,44.54507966270875,42.52331727117657,44.291603088378906,117150,0.0,0.0
2021-01-13 00:00:00-05:00,44.219179632760934,44.345916181679534,43.000087991458706,43.15096664428711,114450,0.0,0.0
2021-01-14 00:00:00-05:00,43.277706437814956,44.16486580006906,42.746618098414096,43.38633728027344,210750,0.0,0.0
2021-01-15 00:00:00-05:00,42.698331485107566,43.80275238083051,40.17565962890076,42.15517044067383,237150,0.0,0.0
2021-01-19 00:00:00-05:00,42.813002561248915,44.9977129833949,42.52331800272745,44.70199203491211,378150,0.0,0.0
2021-01-20 00:00:00-05:00,44.8347653856841,45.74606343913286,44.59939452147517,45.11237716674805,321750,0.0,0.0
2021-01-21 00:00:00-05:00,45.50465175729276,46.0900571681092,43.78465040534861,43.83292770385742,197700,0.0,0.0
2021-01-22 00:00:00-05:00,43.277705408105774,44.05623390937781,42.571599768957704,43.70619583129883,149400,0.0,0.0
2021-01-25 00:00:00-05:00,43.537216014786274,43.82690056401862,41.32233407379381,42.01033401489258,434100,0.0,0.0
2021-01-26 00:00:00-05:00,42.55952517806537,44.2071072348184,41.93187536406116,42.227596282958984,156750,0.0,0.0
2021-01-27 00:00:00-05:00,41.58184674245662,42.016373599344064,40.27826271848179,41.050758361816406,327450,0.0,0.0
2021-01-28 00:00:00-05:00,41.618051179341556,42.84317929258926,41.424928148283975,42.43882751464844,220800,0.0,0.0
2021-01-29 00:00:00-05:00,42.31812495481144,43.07251483544642,41.15335034954381,41.67840576171875,163950,0.0,0.0
2021-02-01 00:00:00-05:00,42.48710446478974,42.9095619206963,40.43517071703777,41.46113586425781,201450,0.0,0.0
2021-02-02 00:00:00-05:00,42.07672177858955,42.31812557701467,41.038683718705386,41.84135437011719,218100,0.0,0.0
2021-02-03 00:00:00-05:00,41.60598307832857,42.698338276560854,41.135244812936655,42.324161529541016,116100,0.0,0.0
2021-02-04 00:00:00-05:00,42.49314175156941,44.03209308328629,42.185351485226036,43.977779388427734,170850,0.0,0.0
2021-02-05 00:00:00-05:00,44.21314132925236,45.88486540335073,43.97777395620974,45.60725021362305,306300,0.0,0.0
2021-02-08 00:00:00-05:00,45.92710384502789,47.085841753640125,45.54689081044489,47.07377243041992,228600,0.0,0.0
2021-02-09 00:00:00-05:00,46.72375617494685,47.82817738145229,45.98143552666831,47.69540786743164,257700,0.0,0.0
2021-02-10 00:00:00-05:00,47.804030209944365,48.57048592426689,47.47209785074004,47.82213592529297,285750,0.0,0.0
2021-02-11 00:00:00-05:00,48.371334252530644,49.143826424925784,45.81245047815932,47.791961669921875,348000,0.0,0.0
2021-02-12 00:00:00-05:00,47.6833362516726,48.26874183772378,45.287403657044166,47.677303314208984,265050,0.0,0.0
2021-02-16 00:00:00-05:00,48.20233969538234,48.20233969538234,46.75995011317506,46.93497085571289,283500,0.0,0.0
2021-02-17 00:00:00-05:00,46.70564115087137,48.648944148662686,46.156447125696616,48.582557678222656,211500,0.0,0.0
2021-02-18 00:00:00-05:00,48.09974141308058,48.79981401758702,48.039391338662746,48.54634094238281,231450,0.0,0.0
2021-02-19 00:00:00-05:00,48.769641735718984,49.747329572420234,48.685149554773474,49.4576416015625,289050,0.0,0.0
2021-02-22 00:00:00-05:00,48.763607451387145,49.76543045687781,48.763607451387145,49.21623992919922,222450,0.0,0.0
2021-02-23 00:00:00-05:00,48.642903046311694,49.72318527702802,47.34535571035916,49.30072784423828,238650,0.0,0.0
2021-02-24 00:00:00-05:00,49.60852306064252,51.316458677100705,48.71532735427146,50.21806716918945,483000,0.0,0.0
2021-02-25 00:00:00-05:00,49.868031295453264,51.17764805467917,48.214412865837524,48.46185302734375,273900,0.0,0.0
2021-02-26 00:00:00-05:00,48.45582426206644,49.07140479751191,47.031540156785745,47.635047912597656,293100,0.0,0.0
2021-03-01 00:00:00-05:00,48.28080293692823,50.18789460631718,47.81610107242001,49.97666931152344,137550,0.0,0.0
2021-03-02 00:00:00-05:00,50.067189845548945,50.30255722443212,48.53427505493164,48.53427505493164,129150,0.0,0.0
2021-03-03 00:00:00-05:00,48.80586565133356,51.0509229633962,48.80586565133356,50.1275520324707,156150,0.0,0.0
2021-03-04 00:00:00-05:00,49.84389503715758,50.242210417091705,47.399678704582584,48.866207122802734,166650,0.0,0.0
2021-03-05 00:00:00-05:00,49.38097340165428,50.94948741958994,47.83668179909828,50.901039123535156,165450,0.186667,0.0
2021-03-08 00:00:00-05:00,50.93131910661383,52.8147487901033,50.93131910661383,52.263648986816406,303300,0.0,0.0
2021-03-09 00:00:00-05:00,52.63306644024563,54.56494440633721,51.6822690657453,53.444576263427734,304500,0.0,0.0
2021-03-10 00:00:00-05:00,54.231866865879205,55.51574851634902,54.14102413984616,55.29167556762695,282900,0.0,0.0
2021-03-11 00:00:00-05:00,56.16979865692033,56.829909758124785,54.63156430854162,54.69818115234375,238050,0.0,0.0
2021-03-12 00:00:00-05:00,54.53466650599345,54.97070118418334,54.01384644072052,54.334815979003906,241650,0.0,0.0
2021-03-15 00:00:00-04:00,54.504383158045385,55.70347931029875,54.116796802997456,55.691368103027344,164550,0.0,0.0
2021-03-16 00:00:00-04:00,55.709537801246185,55.7822085116762,53.953284494562745,54.78901672363281,139650,0.0,0.0
2021-03-17 00:00:00-04:00,55.35222729423605,55.35222729423605,53.55963702584245,54.44382095336914,134850,0.0,0.0
2021-03-18 00:00:00-04:00,54.24397380668468,54.595223078923304,52.293927335004206,52.56645202636719,160950,0.0,0.0
2021-03-19 00:00:00-04:00,52.790523379460645,52.790523379460645,50.386273781102915,51.17961502075195,371100,0.0,0.0
2021-03-22 00:00:00-04:00,51.4581921954324,52.68151070784538,49.24168195971424,50.38627243041992,163500,0.0,0.0
2021-03-23 00:00:00-04:00,49.913899322411645,50.09558127951899,47.92146206066625,48.15764617919922,239250,0.0,0.0
2021-03-24 00:00:00-04:00,48.6966340777507,50.30754232726648,46.64969121605747,46.95854949951172,282000,0.0,0.0
2021-03-25 00:00:00-04:00,46.23182573611926,49.74432855615113,45.52326991544673,49.1750602722168,277500,0.0,0.0
2021-03-26 00:00:00-04:00,49.56265486024756,51.712548408374005,48.95704943324365,51.567203521728516,328350,0.0,0.0
2021-03-29 00:00:00-04:00,51.197780211527764,52.33631676748281,49.617151706611274,49.83517074584961,255600,0.0,0.0
2021-03-30 00:00:00-04:00,49.60504253770669,51.83366745079653,48.981268607976396,51.57325744628906,178500,0.0,0.0
2021-03-31 00:00:00-04:00,52.027463929362376,52.808690527279275,51.003992389025534,51.47636413574219,261600,0.0,0.0
2021-04-01 00:00:00-04:00,51.93056847317589,54.54677648328376,51.70043819855548,53.626258850097656,247800,0.0,0.0
2021-04-05 00:00:00-04:00,54.1531287656794,54.41353875649695,52.79051931566991,53.462738037109375,105300,0.0,0.0
2021-04-06 00:00:00-04:00,53.55964412514187,54.50438767653951,53.16600386647256,53.66865539550781,92250,0.0,0.0
2021-04-07 00:00:00-04:00,53.57175422919486,53.97145528170672,52.59673440985357,52.972206115722656,89400,0.0,0.0
2021-04-08 00:00:00-04:00,53.26894753205101,53.959338295019776,51.754935801506434,52.84502410888672,157350,0.0,0.0
2021-04-09 00:00:00-04:00,52.92981086365975,53.6262555154648,52.38476842843678,53.29922866821289,101850,0.0,0.0
2021-04-12 00:00:00-04:00,53.535421647049205,54.80718861219577,52.78447129010453,54.35298538208008,158850,0.0,0.0
2021-04-13 00:00:00-04:00,54.67395623932901,55.10999090724681,52.197032319292404,53.62020492553711,135750,0.0,0.0
2021-04-14 00:00:00-04:00,53.41429454987018,54.437766063326656,53.26894966741279,53.989620208740234,137250,0.0,0.0
2021-04-15 00:00:00-04:00,54.12285656486543,54.12285656486543,53.21445013818662,53.71104431152344,81900,0.0,0.0
2021-04-16 00:00:00-04:00,54.03200484039045,54.03200484039045,52.9055829995548,53.680755615234375,162300,0.0,0.0
2021-04-19 00:00:00-04:00,54.87986359543323,54.87986359543323,52.645184502234066,53.94117736816406,159450,0.0,0.0
2021-04-20 00:00:00-04:00,53.517255065400576,54.32270762171962,52.0880284792375,53.032772064208984,283050,0.0,0.0
2021-04-21 00:00:00-04:00,53.014595515474525,54.26213992153882,52.687568672713894,54.12890625,114900,0.0,0.0
2021-04-22 00:00:00-04:00,54.39537365032583,54.60733536473469,53.11149215698242,53.11149215698242,97800,0.0,0.0
2021-04-23 00:00:00-04:00,53.53541590736977,54.904079322461634,52.68756904464163,54.47410202026367,132750,0.0,0.0
2021-04-26 00:00:00-04:00,54.58916922633524,58.356025028172844,54.58916922633524,58.16828918457031,409800,0.0,0.0
2021-04-27 00:00:00-04:00,58.16828600933743,58.99796778054159,56.97524724348196,58.01082992553711,279000,0.0,0.0
2021-04-28 00:00:00-04:00,57.59902298026948,58.65277430157125,57.59296910898161,58.63460922241211,189600,0.0,0.0
2021-04-29 00:00:00-04:00,59.57329119146936,59.85186627927965,54.510439338101484,55.75192642211914,276450,0.0,0.0
2021-04-30 00:00:00-04:00,56.31514306671636,56.31514306671636,53.910896700256245,54.26214599609375,291450,0.0,0.0
2021-05-03 00:00:00-04:00,55.497573073911205,56.848071400533605,54.976753060368075,56.5876579284668,313950,0.0,0.0
2021-05-04 00:00:00-04:00,56.07895769162441,56.920747288194185,54.922252430772275,56.69667434692383,335850,0.0,0.0
2021-05-05 00:00:00-04:00,56.92074485821212,57.75648054776672,56.23035751927171,56.811737060546875,234000,0.0,0.0
2021-05-06 00:00:00-04:00,57.16298672233049,58.27730098264493,56.84201719823151,58.26518630981445,269100,0.0,0.0
2021-05-07 00:00:00-04:00,58.01689260089687,59.57329543523079,57.938161086455786,59.05853271484375,261300,0.0,0.0
2021-05-10 00:00:00-04:00,59.34316419276414,59.603574217010454,56.9510256785317,57.005531311035156,147150,0.0,0.0
2021-05-11 00:00:00-04:00,55.842776365132025,56.39993357802451,54.88592152186638,55.394630432128906,158400,0.0,0.0
2021-05-12 00:00:00-04:00,55.1099887391723,56.01233779161885,52.25153589664744,52.475608825683594,187050,0.0,0.0
2021-05-13 00:00:00-04:00,52.88741989957015,55.55207604012359,52.88741989957015,55.1584358215332,185400,0.0,0.0
2021-05-14 00:00:00-04:00,55.63080779885466,56.1213446065762,54.770846254378526,56.09712219238281,172050,0.0,0.0
2021-05-17 00:00:00-04:00,55.588422700971336,55.897281058167195,53.87456359130766,55.715599060058594,173550,0.0,0.0
2021-05-18 00:00:00-04:00,55.85489539790242,56.072911044100174,53.9835765306746,54.04413604736328,261750,0.0,0.0
2021-05-19 00:00:00-04:00,52.863194004022105,53.89272283880162,52.43927057001262,53.63836669921875,160800,0.0,0.0
2021-05-20 00:00:00-04:00,53.72315947464844,53.72315947464844,52.863201281208376,53.456695556640625,93900,0.0,0.0
2021-05-21 00:00:00-04:00,54.019899306145604,54.23791835984277,52.760243673415,53.04487609863281,134250,0.0,0.0
2021-05-24 00:00:00-04:00,53.39007070036339,53.39007070036339,51.65804336464446,51.6701545715332,144750,0.0,0.0
2021-05-25 00:00:00-04:00,51.83972607254082,52.736021295684345,51.46425090614439,51.59748458862305,188850,0.0,0.0
2021-05-26 00:00:00-04:00,52.0335118334661,52.65122839561996,52.0214006273226,52.19097137451172,176850,0.0,0.0
2021-05-27 00:00:00-04:00,52.89347126748304,53.123601516873805,51.96084252874588,52.30603790283203,338700,0.0,0.0
2021-05-28 00:00:00-04:00,52.96830222957185,53.12019689382711,51.8442900578424,52.069091796875,133500,0.186667,0.0
2021-06-01 00:00:00-04:00,52.378946145491796,53.162717061795355,52.075160343086225,52.883235931396484,228000,0.0,0.0
2021-06-02 00:00:00-04:00,52.93184812656692,53.18702809203038,52.01441009596632,52.1784553527832,342750,0.0,0.0
2021-06-03 00:00:00-04:00,51.77137601598372,51.77137601598372,50.465091118253234,50.67166519165039,270300,0.0,0.0
2021-06-04 00:00:00-04:00,50.99368742026681,51.15165564126705,50.13093228958146,50.185611724853516,288450,0.0,0.0
2021-06-07 00:00:00-04:00,50.33749974011203,50.87824131947247,50.155226867943064,50.23421096801758,252600,0.0,0.0
2021-06-08 00:00:00-04:00,50.604836746496886,51.467588337831124,49.52943056123314,51.30354309082031,199500,0.0,0.0
2021-06-09 00:00:00-04:00,52.26351800073769,52.26351800073769,50.12485603940881,50.1734619140625,147600,0.0,0.0
2021-06-10 00:00:00-04:00,50.319276185209304,50.738501391593296,48.69705479216143,48.7821159362793,275250,0.0,0.0
2021-06-11 00:00:00-04:00,49.18918464346151,49.42614042778709,48.873248233115376,49.152732849121094,132600,0.0,0.0
2021-06-14 00:00:00-04:00,49.11627438058937,49.11627438058937,48.083397123736326,48.2778205871582,284850,0.0,0.0
2021-06-15 00:00:00-04:00,48.56946017617788,48.66667539324925,47.931510301965645,48.338584899902344,629100,0.0,0.0
2021-06-16 00:00:00-04:00,47.79784210857615,48.186689060989195,46.98976997016353,48.02872085571289,242550,0.0,0.0
2021-06-17 00:00:00-04:00,47.63379442992599,47.64594502742601,44.59592603127507,44.96046829223633,475800,0.0,0.0
2021-06-18 00:00:00-04:00,44.37719743563311,45.06375659750564,43.42330774868898,43.514442443847656,409650,0.0,0.0
2021-06-21 00:00:00-04:00,43.50229820673001,44.47441567014755,43.24711824172448,44.19493103027344,361200,0.0,0.0
2021-06-22 00:00:00-04:00,44.25568268201925,44.25568268201925,42.83395855089404,43.54481887817383,669600,0.0,0.0
2021-06-23 00:00:00-04:00,43.79392478567228,44.12808879393003,43.03445860212968,43.49013900756836,302850,0.0,0.0
2021-06-24 00:00:00-04:00,43.96405090566837,44.693138923058,42.95547480257201,44.54732131958008,199050,0.0,0.0
2021-06-25 00:00:00-04:00,44.73567472882203,45.84145926341694,44.4622671142423,45.021236419677734,563250,0.0,0.0
2021-06-28 00:00:00-04:00,44.899710305468446,44.96654380430072,43.67240960887736,43.93367004394531,238350,0.0,0.0
2021-06-29 00:00:00-04:00,43.99443736285963,44.887570785696056,43.93368088586075,44.073421478271484,162300,0.0,0.0
2021-06-30 00:00:00-04:00,43.787858923370436,44.69314640517941,43.61774009578272,44.3529052734375,437850,0.0,0.0
2021-07-01 00:00:00-04:00,44.65061347027485,46.27891203069182,44.21923763081003,45.87791442871094,332700,0.0,0.0
2021-07-02 00:00:00-04:00,45.94473637421859,45.94473637421859,44.729589797968714,44.75389099121094,183450,0.0,0.0
2021-07-06 00:00:00-04:00,44.97263054953709,44.97263054953709,43.6238166377616,43.70280075073242,206400,0.0,0.0
2021-07-07 00:00:00-04:00,43.5326710491714,44.279986691151635,42.985855912891274,43.96405029296875,206700,0.0,0.0
2021-07-08 00:00:00-04:00,43.01623554420274,44.3042928038116,41.84361765739667,43.27749252319336,292200,0.0,0.0
2021-07-09 00:00:00-04:00,44.18884626995981,44.89970655035589,44.103785144326714,44.65667724609375,186450,0.0,0.0
2021-07-12 00:00:00-04:00,44.57161857338877,45.66525224103747,44.358967485885806,45.410072326660156,172500,0.0,0.0
2021-07-13 00:00:00-04:00,45.06376193627923,45.54982065450787,44.00658335499039,44.152400970458984,140400,0.0,0.0
2021-07-14 00:00:00-04:00,44.41364493983162,45.07589931461228,43.477983050806856,43.714935302734375,101100,0.0,0.0
2021-07-15 00:00:00-04:00,43.44761055112743,44.292137939817984,43.29571938690921,44.21315383911133,160350,0.0,0.0
2021-07-16 00:00:00-04:00,44.60199959174218,45.33109106679631,44.10986736561619,44.96046829223633,494400,0.0,0.0
2021-07-19 00:00:00-04:00,43.75140424519239,44.79035521011717,43.204585569160336,43.80608367919922,180000,0.0,0.0
2021-07-20 00:00:00-04:00,44.01265331283488,46.02372500599806,43.520521073772706,45.47083282470703,216900,0.0,0.0
2021-07-21 00:00:00-04:00,45.94474250106488,47.129511005471045,45.71994078905148,47.026222229003906,256350,0.0,0.0
2021-07-22 00:00:00-04:00,46.78319109224075,47.34823734593337,45.908285474128526,47.05659866333008,212550,0.0,0.0
2021-07-23 00:00:00-04:00,47.0687564940353,47.876828674015435,46.77712126472369,47.390769958496094,138300,0.0,0.0
2021-07-26 00:00:00-04:00,47.56696437377537,48.56338644882298,47.56696437377537,47.943660736083984,186300,0.0,0.0
2021-07-27 00:00:00-04:00,47.372547899584816,48.156318974350754,46.98370088138774,47.49406433105469,118800,0.0,0.0
2021-07-28 00:00:00-04:00,47.69455076202513,48.508699893892526,46.22422417161673,48.13808059692383,272850,0.0,0.0
2021-07-29 00:00:00-04:00,48.338583443308394,50.659514547076974,48.14415996815639,50.14915466308594,395850,0.0,0.0
2021-07-30 00:00:00-04:00,50.08231779347261,50.89646691010349,48.611987754015125,50.20383071899414,192150,0.0,0.0
2021-08-02 00:00:00-04:00,50.41041177051902,51.649863251525396,50.41041177051902,50.74457931518555,251400,0.0,0.0
2021-08-03 00:00:00-04:00,50.99368906931097,51.83821659002736,49.82714458166573,51.27924728393555,249300,0.0,0.0
2021-08-04 00:00:00-04:00,50.59875388508932,51.19417485923448,50.246358758168924,50.282814025878906,119700,0.0,0.0
2021-08-05 00:00:00-04:00,50.44686382804251,51.352151183239584,50.42863619253481,50.604835510253906,125250,0.0,0.0
2021-08-06 00:00:00-04:00,50.951156254721454,52.03263958053931,50.276751043031446,51.94757843017578,135600,0.0,0.0
2021-08-09 00:00:00-04:00,51.91111779791132,51.91111779791132,50.14307884324902,50.25851821899414,193800,0.0,0.0
2021-08-10 00:00:00-04:00,50.44078678944208,52.68880721419375,49.95472465473727,52.579444885253906,151500,0.0,0.0
2021-08-11 00:00:00-04:00,52.58552134690677,53.08980763377986,52.14806855936737,52.85285186767578,136950,0.0,0.0
2021-08-12 00:00:00-04:00,53.059428952644126,53.50903233355034,52.44577686666521,52.86500549316406,135750,0.0,0.0
2021-08-13 00:00:00-04:00,53.26600745306286,53.36321919091305,52.1663001032034,52.59160232543945,100650,0.0,0.0
2021-08-16 00:00:00-04:00,52.354649615213155,52.87716360597515,51.692395046799874,52.269588470458984,176400,0.0,0.0
2021-08-17 00:00:00-04:00,51.95972240442038,51.95972240442038,50.48331870546742,51.07266616821289,197400,0.0,0.0
2021-08-18 00:00:00-04:00,51.01798797575014,51.692396640322734,49.93650468791171,50.00334167480469,131550,0.0,0.0
2021-08-19 00:00:00-04:00,49.28640026381129,49.66917018178159,48.79426453222146,49.47474670410156,169500,0.0,0.0
2021-08-20 00:00:00-04:00,49.23778967186285,50.34357396425078,48.97045567741053,50.282814025878906,108450,0.0,0.0
2021-08-23 00:00:00-04:00,50.78710833563032,51.15772767842674,50.185610229594765,50.939002990722656,123150,0.0,0.0
2021-08-24 00:00:00-04:00,51.20633141533974,52.069082949197885,51.07873797216904,51.892887115478516,123150,0.0,0.0
2021-08-25 00:00:00-04:00,52.00833122769953,52.61590636032575,51.990103591298464,52.409332275390625,85350,0.0,0.0
2021-08-26 00:00:00-04:00,52.415400197149225,52.53083956422517,50.981525402485765,51.24885940551758,84150,0.0,0.0
2021-08-27 00:00:00-04:00,51.31592073502037,52.98621904367007,51.24886463251336,52.626556396484375,205500,0.186667,0.0
2021-08-30 00:00:00-04:00,52.90697498853095,52.90697498853095,51.08427951064769,51.846275329589844,133050,0.0,0.0
2021-08-31 00:00:00-04:00,51.59633320505272,51.96818689789004,49.627334676898435,49.74925231933594,206100,0.0,0.0
2021-09-01 00:00:00-04:00,49.74315354079279,50.38322807567921,48.77389233516612,49.554176330566406,164100,0.0,0.0
2021-09-02 00:00:00-04:00,49.88336615308583,50.8404329325701,49.846789463896606,50.18816375732422,106650,0.0,0.0
2021-09-03 00:00:00-04:00,50.15158974183578,50.15158974183578,49.237193455825036,49.37739944458008,110400,0.0,0.0
2021-09-07 00:00:00-04:00,49.413978099507084,49.926037807636696,49.00554769566101,49.17013931274414,134700,0.0,0.0
2021-09-08 00:00:00-04:00,49.10918146083706,49.51760838462805,48.49348545993799,49.01164245605469,132450,0.0,0.0
2021-09-09 00:00:00-04:00,48.767799082271566,49.456644911852386,48.57272806732602,48.87752914428711,111900,0.0,0.0
2021-09-10 00:00:00-04:00,49.03602314062386,49.22499687702139,48.21916239902157,48.34108352661133,142500,0.0,0.0
2021-09-13 00:00:00-04:00,48.840952820969356,49.517604101050615,48.219163084159874,49.47493362426758,153750,0.0,0.0
2021-09-14 00:00:00-04:00,49.572472651483736,49.596858274337194,48.017998199112064,48.23135757446289,180000,0.0,0.0
2021-09-15 00:00:00-04:00,48.255741226195674,49.590758970934885,48.16429950441181,49.05431365966797,260250,0.0,0.0
2021-09-16 00:00:00-04:00,48.96287487666889,48.99945156757779,48.40204739802838,48.68855667114258,103050,0.0,0.0
2021-09-17 00:00:00-04:00,48.81047186282474,49.810209046096375,47.54250680829238,48.6519775390625,443400,0.0,0.0
2021-09-20 00:00:00-04:00,47.54251011858646,48.20697384551814,46.890240946750815,47.8534049987793,208200,0.0,0.0
2021-09-21 00:00:00-04:00,48.15820898354666,48.15820898354666,46.999973838120304,47.36573028564453,165300,0.0,0.0
2021-09-22 00:00:00-04:00,47.841208670289284,49.798015970588075,46.95119809413946,48.27402114868164,148200,0.0,0.0
2021-09-23 00:00:00-04:00,48.76169708001868,49.72486092611905,47.725379871562794,48.987247467041016,143850,0.0,0.0
2021-09-24 00:00:00-04:00,48.74951065521266,49.901651887390784,48.74951065521266,49.29205322265625,292350,0.0,0.0
2021-09-27 00:00:00-04:00,49.45055758560827,50.9928375630699,49.45055758560827,50.633174896240234,166350,0.0,0.0
2021-09-28 00:00:00-04:00,50.523442299426996,51.468317975205814,50.316180215644756,51.0111198425293,296100,0.0,0.0
2021-09-29 00:00:00-04:00,51.02331390573935,52.06572515136086,50.18816475607287,51.413455963134766,128550,0.0,0.0
2021-09-30 00:00:00-04:00,51.47440811397826,51.47440811397826,50.45638262300218,50.77946853637695,151200,0.0,0.0
2021-10-01 00:00:00-04:00,50.901388291698254,53.53484676702706,50.663643332585146,53.32148742675781,583050,0.0,0.0
2021-10-04 00:00:00-04:00,53.15080685069201,54.126161929697815,51.36468481013583,52.6875114440918,192600,0.0,0.0
2021-10-05 00:00:00-04:00,52.760668988614064,53.29101704668102,51.91942255038158,52.041343688964844,124800,0.0,0.0
2021-10-06 00:00:00-04:00,51.26715333915872,51.57804823109069,50.486869214512254,51.33420944213867,104700,0.0,0.0
2021-10-07 00:00:00-04:00,51.99867390030945,53.13252341229789,51.73044948474711,52.73019027709961,270750,0.0,0.0
2021-10-08 00:00:00-04:00,52.96183587668378,53.461708029797514,52.58998214493012,52.66313552856445,64650,0.0,0.0
2021-10-11 00:00:00-04:00,52.73017820068586,53.510462157225874,52.49853052905194,52.809425354003906,51000,0.0,0.0
2021-10-12 00:00:00-04:00,52.803336527731005,53.05936985805239,52.08401126814495,52.43758010864258,72900,0.0,0.0
2021-10-13 00:00:00-04:00,52.43148057187509,52.602169451400854,51.40126048197739,52.13887405395508,251700,0.0,0.0
2021-10-14 00:00:00-04:00,52.44367422566404,53.47999164387144,50.79166433163968,51.17571258544922,184200,0.0,0.0
2021-10-15 00:00:00-04:00,52.07181679626565,52.26688780386183,49.70657908508971,49.79192352294922,209850,0.0,0.0
2021-10-18 00:00:00-04:00,49.42616863128144,51.053792951307116,48.779996725397126,50.75509262084961,137100,0.0,0.0
2021-10-19 00:00:00-04:00,51.053787589018896,51.4317385367457,49.767537701860164,50.0235710144043,156750,0.0,0.0
2021-10-20 00:00:00-04:00,50.12720229050887,50.38323212504087,49.15184721786804,49.261573791503906,188550,0.0,0.0
2021-10-21 00:00:00-04:00,49.23719351565751,50.02966867002882,48.76780081711998,49.46883773803711,299700,0.0,0.0
2021-10-22 00:00:00-04:00,49.42006670134842,49.83459433940409,49.00554255143753,49.23719024658203,133350,0.0,0.0
2021-10-25 00:00:00-04:00,49.31643688835188,49.97479979249298,48.37156126276814,48.40813446044922,205650,0.0,0.0
2021-10-26 00:00:00-04:00,48.676360573511,48.706839983403704,47.13407731829694,47.81682586669922,289950,0.0,0.0
2021-10-27 00:00:00-04:00,47.859500822028664,48.316698956175614,46.89633679926769,47.152366638183594,230550,0.0,0.0
2021-10-28 00:00:00-04:00,51.407362198238005,51.407362198238005,48.133821700134796,48.847049713134766,381000,0.0,0.0
2021-10-29 00:00:00-04:00,48.377656923967216,48.968967244505684,47.091406986566085,47.49374008178711,233700,0.0,0.0
2021-11-01 00:00:00-04:00,47.71929591492876,49.87726822685261,47.55470430386283,49.05431365966797,224400,0.0,0.0
2021-11-02 00:00:00-04:00,49.01773915012142,49.474937314931196,47.57299476315803,47.90827178955078,193350,0.0,0.0
2021-11-03 00:00:00-04:00,47.8656003988381,49.359112515121964,47.57299385797893,48.158206939697266,362100,0.0,0.0
2021-11-04 00:00:00-04:00,48.59711675098602,49.133562075894496,47.85950312118245,48.158206939697266,191400,0.0,0.0
2021-11-05 00:00:00-04:00,48.61539540098099,49.40177663077517,48.097235036080185,48.74950408935547,291600,0.0,0.0
2021-11-08 00:00:00-05:00,48.90801026441403,49.633429318552615,47.99361397784883,48.22526168823242,198000,0.0,0.0
2021-11-09 00:00:00-05:00,48.31060459236581,48.67026723926942,47.26819334174742,47.31086730957031,142650,0.0,0.0
2021-11-10 00:00:00-05:00,47.24990132549359,48.60320736045866,47.24990132549359,48.10943603515625,207300,0.0,0.0
2021-11-11 00:00:00-05:00,48.200873608028864,49.2859587273689,47.975323186633695,49.27986145019531,268800,0.0,0.0
2021-11-12 00:00:00-05:00,49.779738462248545,50.06015396118164,49.43227034379347,50.06015396118164,197400,0.0,0.0
2021-11-15 00:00:00-05:00,50.37713561490797,50.63316543561103,50.28569390169638,50.48686218261719,196350,0.0,0.0
2021-11-16 00:00:00-05:00,50.73070305880054,51.01111851079989,49.85288350413334,49.986995697021484,222150,0.0,0.0
2021-11-17 00:00:00-05:00,50.066245358668496,50.066245358668496,49.01163959447616,49.46883773803711,164250,0.0,0.0
2021-11-18 00:00:00-05:00,49.40178442154441,49.83459693712203,48.66417082251161,49.45664596557617,122400,0.0,0.0
2021-11-19 00:00:00-05:00,49.02992649137914,49.55418071925461,48.55444001753523,48.767799377441406,180900,0.0,0.0
2021-11-22 00:00:00-05:00,48.92020055020682,50.99283186745452,48.77389728621798,50.45638656616211,166500,0.0,0.0
2021-11-23 00:00:00-05:00,50.68803894399386,50.712421079499784,49.73706589635719,50.05405807495117,159150,0.0,0.0
2021-11-24 00:00:00-05:00,49.50541491326703,50.80995325698116,49.493223846315644,50.35885238647461,145350,0.0,0.0
2021-11-26 00:00:00-05:00,48.63249236904697,49.58306390962026,47.57766332716156,48.60795974731445,126450,0.33,0.0
2021-11-29 00:00:00-05:00,49.509471889474725,49.69345427904684,48.60182800764523,49.09857940673828,200850,0.0,0.0
2021-11-30 00:00:00-05:00,48.79807069073366,49.77317481385339,48.5527620291268,48.92072677612305,351150,0.0,0.0
2021-12-01 00:00:00-05:00,50.012353875598365,51.62525703950525,50.012353875598365,50.717613220214844,316800,0.0,0.0
2021-12-02 00:00:00-05:00,51.11011324420573,52.312127525159276,50.913866301125324,52.023887634277344,225000,0.0,0.0
2021-12-03 00:00:00-05:00,52.08521421462641,52.256932045357104,50.93839569601412,51.1837043762207,164850,0.0,0.0
2021-12-06 00:00:00-05:00,51.778577623726676,52.90086699383602,50.594961962775,52.70461654663086,229050,0.0,0.0
2021-12-07 00:00:00-05:00,49.25802167540139,49.270289739565044,46.60868830186239,47.228092193603516,1699650,0.0,0.0
2021-12-08 00:00:00-05:00,47.393681303333345,47.780041147862,46.43697572282611,46.73748016357422,1590750,0.0,0.0
2021-12-09 00:00:00-05:00,46.02608337766629,47.01345210629304,45.8666336168856,46.10580825805664,673800,0.0,0.0
2021-12-10 00:00:00-05:00,46.57190006274001,46.60869724394734,44.676887340630735,45.30855941772461,364800,0.0,0.0
2021-12-13 00:00:00-05:00,45.498672774830645,46.49217562191827,44.615561472423224,45.89116668701172,427050,0.0,0.0
2021-12-14 00:00:00-05:00,45.480276577357365,46.98892951815863,45.480276577357365,46.17940902709961,286650,0.0,0.0
2021-12-15 00:00:00-05:00,46.18553275442354,47.0931730169786,45.2349577751401,46.7252082824707,596550,0.0,0.0
2021-12-16 00:00:00-05:00,47.20969529811656,47.50406568350191,46.49216792238623,47.33848190307617,429600,0.0,0.0
2021-12-17 00:00:00-05:00,47.33847945309297,47.55925898529153,45.79916728720204,46.43083572387695,1195200,0.0,0.0
2021-12-20 00:00:00-05:00,45.6949115316073,46.22846004097336,44.71367692722347,45.927955627441406,498900,0.0,0.0
2021-12-21 00:00:00-05:00,46.11807251067565,46.804940302409996,46.001553961837956,46.130340576171875,262800,0.0,0.0
2021-12-22 00:00:00-05:00,46.314320942205974,47.47340392994211,46.314320942205974,47.46726989746094,185550,0.0,0.0
2021-12-23 00:00:00-05:00,47.700308229772176,48.62021647697703,47.657380535115585,48.411705017089844,164400,0.0,0.0
2021-12-27 00:00:00-05:00,48.522099452621795,48.73061094013356,47.75551031478026,48.47303771972656,151950,0.0,0.0
2021-12-28 00:00:00-05:00,48.46690542735357,49.307085379286264,48.46077139502608,48.982051849365234,281550,0.0,0.0
2021-12-29 00:00:00-05:00,49.15989981007675,49.6382525619812,48.883928013370436,49.6259880065918,124350,0.0,0.0
2021-12-30 00:00:00-05:00,49.67505940703247,50.043024213716514,48.85940841352888,48.908470153808594,150450,0.0,0.0
2021-12-31 00:00:00-05:00,49.09244918905776,49.71798370282855,48.896198732230644,49.48493957519531,182100,0.0,0.0
2022-01-03 00:00:00-05:00,49.80384430537124,50.760549962155395,49.25803114779302,49.60759735107422,195000,0.0,0.0
2022-01-04 00:00:00-05:00,49.67505039245908,50.74827795955097,49.45427084667921,50.00621795654297,286800,0.0,0.0
2022-01-05 00:00:00-05:00,50.2453937235675,51.01811688760984,48.9513900904439,49.11083984375,254700,0.0,0.0
2022-01-06 00:00:00-05:00,49.11084095240491,49.944890423597585,48.94526067203185,49.68118667602539,322050,0.0,0.0
2022-01-07 00:00:00-05:00,49.66891570504059,50.57042544583951,49.33161762221549,49.6259880065918,516600,0.0,0.0
2022-01-10 00:00:00-05:00,49.42361085008489,50.09208005317651,48.33198813474707,49.61985778808594,720900,0.0,0.0
2022-01-11 00:00:00-05:00,49.258017593696465,49.319347381917716,46.516691511945,46.82332992553711,309000,0.0,0.0
2022-01-12 00:00:00-05:00,47.06864353600359,47.7861709025611,46.60255534384932,47.37527847290039,481350,0.0,0.0
2022-01-13 00:00:00-05:00,47.70645003529306,48.25839366988678,47.08091204452841,47.571529388427734,292050,0.0,0.0
2022-01-14 00:00:00-05:00,47.05637818847983,47.5286004401223,46.53509771290627,47.234230041503906,384750,0.0,0.0
2022-01-18 00:00:00-05:00,47.185165374609156,47.38754634206663,44.41317566589812,44.51129913330078,466200,0.0,0.0
2022-01-19 00:00:00-05:00,44.529697355085716,45.38827944236879,43.59139038984154,43.70791244506836,431100,0.0,0.0
2022-01-20 00:00:00-05:00,43.444212788722396,43.971627391207306,40.36558760856571,40.439178466796875,789000,0.0,0.0
2022-01-21 00:00:00-05:00,40.05894357997881,40.623155288560234,38.61775467188758,38.68521499633789,787350,0.0,0.0
2022-01-24 00:00:00-05:00,38.59935630984187,41.04018203339781,37.67331736974949,40.92979049682617,670350,0.0,0.0
2022-01-25 00:00:00-05:00,40.96045852650127,40.96045852650127,39.05931182875645,39.83816909790039,241800,0.0,0.0
2022-01-26 00:00:00-05:00,40.43304569226291,41.45107765687906,39.35368392183235,39.531532287597656,289500,0.0,0.0
2022-01-27 00:00:00-05:00,39.574458463614434,41.046310450648164,37.470934472246256,37.7530403137207,548100,0.0,0.0
2022-01-28 00:00:00-05:00,37.72850586161306,38.893722838756474,36.92511958570126,38.88759231567383,488700,0.0,0.0
2022-01-31 00:00:00-05:00,38.63615359108129,39.61125777834864,38.63615359108129,39.49473571777344,328800,0.0,0.0
2022-02-01 00:00:00-05:00,40.32878474337412,42.8370672594771,40.08961010135186,42.80640411376953,681300,0.0,0.0
2022-02-02 00:00:00-05:00,42.843196059101665,43.02717842004618,41.43267047381319,41.635047912597656,392100,0.0,0.0
2022-02-03 00:00:00-05:00,41.5737197345659,42.40776908912033,41.04017477222407,41.3222770690918,266100,0.0,0.0
2022-02-04 00:00:00-05:00,40.96044962580843,41.66570887234348,39.67257667582009,40.7274055480957,373500,0.0,0.0
2022-02-07 00:00:00-05:00,41.21803375497549,41.54306734004882,40.187737226957715,41.162837982177734,214200,0.0,0.0
2022-02-08 00:00:00-05:00,41.0831059883712,42.89839003328166,40.79486963501741,42.800270080566406,386250,0.0,0.0
2022-02-09 00:00:00-05:00,42.9045262289355,43.419676184403485,42.56109409501417,43.094642639160156,261300,0.0,0.0
2022-02-10 00:00:00-05:00,43.32154998706036,44.413172609499284,42.05820955389796,42.20539474487305,379950,0.0,0.0
2022-02-11 00:00:00-05:00,42.021411291491646,43.523926305169226,41.69024374307425,42.05820846557617,303450,0.0,0.0
2022-02-14 00:00:00-05:00,42.052074980641486,43.00878046425678,41.75770460247858,42.65308380126953,351150,0.0,0.0
2022-02-15 00:00:00-05:00,43.05170557272126,44.37024167217974,43.00264384597796,44.241455078125,304650,0.0,0.0
2022-02-16 00:00:00-05:00,43.799902781463175,44.20466117978088,43.29701741321962,43.65271759033203,203550,0.0,0.0
2022-02-17 00:00:00-05:00,43.48100227154254,43.55459662591206,42.1502014428508,42.48750305175781,282000,0.0,0.0
2022-02-18 00:00:00-05:00,42.22379290783237,42.99038199780642,41.76383875201359,42.43230438232422,288000,0.0,0.0
2022-02-22 00:00:00-05:00,42.70214454863974,42.93518865576841,41.493999822085435,41.88649368286133,217050,0.0,0.0
2022-02-23 00:00:00-05:00,42.18086650528722,42.75734277376192,40.80713791353517,40.94205856323242,370650,0.0,0.0
2022-02-24 00:00:00-05:00,39.40273935059506,42.84933211482565,39.30461588801343,42.7818717956543,337050,0.0,0.0
2022-02-25 00:00:00-05:00,42.6776200759765,43.85510178629622,42.56109800974624,43.2908935546875,258150,0.0,0.0
2022-02-28 00:00:00-05:00,42.812547294521096,43.928702880796266,42.57950312634154,43.7508544921875,200850,0.0,0.0
2022-03-01 00:00:00-05:00,43.3644794619988,43.86123081783331,42.18086385346989,42.732810974121094,291600,0.0,0.0
2022-03-02 00:00:00-05:00,43.03944904310846,44.787276454749176,42.92906101464686,44.6216926574707,289800,0.0,0.0
2022-03-03 00:00:00-05:00,44.20466240765954,45.0632444676927,42.659216103268605,43.579124450683594,223800,0.0,0.0
2022-03-04 00:00:00-05:00,43.20328286107913,43.64689858367567,42.131210650084725,42.932186126708984,323100,0.22,0.0
2022-03-07 00:00:00-05:00,42.88289234157758,42.88289234157758,39.64819151701379,39.73444747924805,367800,0.0,0.0
2022-03-08 00:00:00-05:00,40.09796912451782,41.33023854146666,39.77758175552483,40.307456970214844,205500,0.0,0.0
2022-03-09 00:00:00-05:00,41.324078658814955,42.35302295054645,41.28095067180517,41.564369201660156,224850,0.0,0.0
2022-03-10 00:00:00-05:00,40.76339494597236,41.07762319265304,40.233519725077706,40.68946075439453,171750,0.0,0.0
2022-03-11 00:00:00-05:00,41.077621499843495,41.077621499843495,39.506480331186836,39.752933502197266,202650,0.0,0.0
2022-03-14 00:00:00-04:00,40.11029757000275,40.76956031424667,38.77328765100266,39.33396911621094,248100,0.0,0.0
2022-03-15 00:00:00-04:00,39.51880381737756,40.89894516026568,39.51880381737756,40.88662338256836,191850,0.0,0.0
2022-03-16 00:00:00-04:00,41.13923969749075,42.00182768012337,40.31978322931662,41.37337112426758,232500,0.0,0.0
2022-03-17 00:00:00-04:00,41.02217387091094,41.9895057853653,40.726430024917754,41.97718048095703,183900,0.0,0.0
2022-03-18 00:00:00-04:00,42.426950968813486,42.81511689756257,40.62784114599479,42.802791595458984,624300,0.0,0.0
2022-03-21 00:00:00-04:00,42.716539605000435,43.110864695914366,41.49659547359936,41.68759536743164,173850,0.0,0.0
2022-03-22 00:00:00-04:00,42.1188856067932,43.06772939183602,41.6999134718318,41.989498138427734,143850,0.0,0.0
2022-03-23 00:00:00-04:00,41.63830467456721,41.99566090633695,38.3481502947881,38.44673156738281,421350,0.0,0.0
2022-03-24 00:00:00-04:00,38.95811971340742,39.38325450744595,38.32350413626474,39.001251220703125,352200,0.0,0.0
2022-03-25 00:00:00-04:00,38.8780274365327,38.93348072718518,38.089377216824026,38.45289611816406,235050,0.0,0.0
2022-03-28 00:00:00-04:00,38.69319068018686,39.0074189468129,37.571824227769824,38.92731857299805,399750,0.0,0.0
2022-03-29 00:00:00-04:00,39.44487361879357,41.09611186590557,39.44487361879357,40.86198043823242,681000,0.0,0.0
2022-03-30 00:00:00-04:00,40.80036017770379,41.34255712807366,38.42208454669606,38.53915023803711,697500,0.0,0.0
2022-03-31 00:00:00-04:00,38.606934482469114,38.6315780414859,37.035793014938804,37.15285873413086,498300,0.0,0.0
2022-04-01 00:00:00-04:00,37.33769086476112,38.00927528698457,36.67842821918682,37.713531494140625,300300,0.0,0.0
2022-04-04 00:00:00-04:00,36.6044989310451,36.71540199749479,34.7499353851593,35.64332962036133,477900,0.0,0.0
2022-04-05 00:00:00-04:00,35.5940336639631,36.03149026304041,34.688317784467614,35.12577438354492,558000,0.0,0.0
2022-04-06 00:00:00-04:00,34.8731591430466,35.803522119163205,34.7560934395696,34.98406219482422,607050,0.0,0.0
2022-04-07 00:00:00-04:00,35.03335611902585,35.31061906280264,33.764121216782506,34.31248092651367,614550,0.0,0.0
2022-04-08 00:00:00-04:00,34.28167550168781,35.495457137877395,33.81341263311292,34.87932586669922,627600,0.0,0.0
2022-04-11 00:00:00-04:00,34.70064532460753,35.92675230530074,34.28783573781265,35.51394271850586,414900,0.0,0.0
2022-04-12 00:00:00-04:00,36.3950039516036,37.18981666778377,35.62483478719726,35.79119110107422,470100,0.0,0.0
2022-04-13 00:00:00-04:00,35.56938580845851,37.17749217693905,35.40918861626026,36.672264099121094,316350,0.0,0.0
2022-04-14 00:00:00-04:00,36.83862529707132,37.57798484751656,36.000684473233385,36.11158752441406,208950,0.0,0.0
2022-04-18 00:00:00-04:00,35.939065097206814,36.351874580764644,35.26748067711975,36.191680908203125,223800,0.0,0.0
2022-04-19 00:00:00-04:00,36.21016800771736,38.033921525688804,36.21016800771736,37.97230911254883,361350,0.0,0.0
2022-04-20 00:00:00-04:00,38.40976231524952,38.76711851055709,37.08507439645486,37.645755767822266,345300,0.0,0.0
2022-04-21 00:00:00-04:00,38.22492584934108,38.39744131533603,37.42395035733521,37.818275451660156,317550,0.0,0.0
2022-04-22 00:00:00-04:00,37.43627899013557,37.90453831851948,37.128209838637346,37.44860076904297,280650,0.0,0.0
2022-04-25 00:00:00-04:00,37.10356784442939,38.68703108096434,36.69075826650466,38.56996536254883,434250,0.0,0.0
2022-04-26 00:00:00-04:00,38.13250300173244,38.40360326187531,36.850946468707356,36.949527740478516,343800,0.0,0.0
2022-04-27 00:00:00-04:00,37.15285712002717,37.565666682755754,36.290269132106026,37.02962875366211,410250,0.0,0.0
2022-04-28 00:00:00-04:00,38.78560041672838,39.66666907129266,37.35616867732984,38.89650344848633,449400,0.0,0.0
2022-04-29 00:00:00-04:00,38.74864184051326,39.88232658663975,37.781313448913636,38.35431671142578,333900,0.0,0.0
2022-05-02 00:00:00-04:00,38.6562181205935,39.87616220946387,38.169470900000746,39.833030700683594,469050,0.0,0.0
2022-05-03 00:00:00-04:00,39.96242518189802,41.699919323099756,39.494162349208416,41.57669448852539,477450,0.0,0.0
2022-05-04 00:00:00-04:00,41.58901570716495,42.62411911094636,40.966721839632285,42.61179733276367,340200,0.0,0.0
2022-05-05 00:00:00-04:00,42.74735028931741,42.8212844888353,40.47381460126709,41.46579360961914,281250,0.0,0.0
2022-05-06 00:00:00-04:00,41.317919904384844,41.53972601892427,40.110297476248654,40.8434944152832,220050,0.0,0.0
2022-05-09 00:00:00-04:00,40.47997603995372,42.00798940702144,40.47997603995372,41.52740478515625,349500,0.0,0.0
2022-05-10 00:00:00-04:00,42.06960168664665,42.06960168664665,40.523107419523626,41.133079528808594,223950,0.0,0.0
2022-05-11 00:00:00-04:00,40.88046071126701,41.87243608908441,39.1244787078728,39.26002883911133,305850,0.0,0.0
2022-05-12 00:00:00-04:00,39.272350376319395,40.21503511205431,38.93347857584254,40.17806625366211,258000,0.0,0.0
2022-05-13 00:00:00-04:00,40.603206669208944,42.16202280707848,40.18423444263312,41.79850387573242,347850,0.0,0.0
2022-05-16 00:00:00-04:00,41.47195353436599,41.9340537482653,39.457196319721405,39.81455612182617,284250,0.0,0.0
2022-05-17 00:00:00-04:00,40.43068199914655,41.61366078636611,39.84535701987599,41.50275421142578,224550,0.0,0.0
2022-05-18 00:00:00-04:00,40.83733336557231,41.00984883258444,38.03392265256679,38.422088623046875,477000,0.0,0.0
2022-05-19 00:00:00-04:00,37.959992897644334,38.452899326082786,36.20401066148059,36.271785736083984,483000,0.0,0.0
2022-05-20 00:00:00-04:00,36.62298062300105,36.912561809716394,34.34328588833193,35.279808044433594,619500,0.0,0.0
2022-05-23 00:00:00-04:00,35.501615532539105,35.79735935336644,34.977902957183765,35.495452880859375,351600,0.0,0.0
2022-05-24 00:00:00-04:00,35.24283493582038,35.24283493582038,33.28353135872046,33.690181732177734,476400,0.0,0.0
2022-05-25 00:00:00-04:00,33.69018338959685,36.34571862261124,33.58543946542411,36.12390899658203,418200,0.0,0.0
2022-05-26 00:00:00-04:00,36.35187468637665,37.269915794594255,35.73574354756044,35.7850341796875,296400,0.0,0.0
2022-05-27 00:00:00-04:00,36.09264693682338,36.93779072942871,36.03050134400891,36.58979034423828,170850,0.33,0.0
2022-05-31 00:00:00-04:00,36.71407450380014,37.484648565015625,35.92486067613199,37.354148864746094,288900,0.0,0.0
2022-06-01 00:00:00-04:00,37.410073147075714,37.901004457514084,36.28528669366049,36.98750305175781,279000,0.0,0.0
2022-06-02 00:00:00-04:00,37.01236556051895,37.944510377220546,36.95643559141075,37.782936096191406,227550,0.0,0.0
2022-06-03 00:00:00-04:00,37.478430111878716,37.565427526675144,36.42199788169092,36.58356857299805,190350,0.0,0.0
2022-06-06 00:00:00-04:00,37.180145003802636,38.18064739614295,36.732715958830255,38.08121871948242,189450,0.0,0.0
2022-06-07 00:00:00-04:00,37.484649862695214,38.16200733584606,37.14286509091185,37.19879150390625,192750,0.0,0.0
2022-06-08 00:00:00-04:00,37.27956983055015,37.44114408032499,36.40335515244839,37.13664245605469,218700,0.0,0.0
2022-06-09 00:00:00-04:00,37.03721275649378,38.25521566374869,36.888069761065594,37.44114303588867,248850,0.0,0.0
2022-06-10 00:00:00-04:00,36.832145075065384,37.335504090110405,35.32207158578032,35.44014358520508,263850,0.0,0.0
2022-06-13 00:00:00-04:00,34.43342741997094,35.27857478329359,34.17864364159518,34.35264205932617,311700,0.0,0.0
2022-06-14 00:00:00-04:00,34.42721010748652,34.80006583490734,33.93627883637539,34.25320816040039,267900,0.0,0.0
2022-06-15 00:00:00-04:00,34.67578334658461,35.0175680751715,33.793352988379574,34.607425689697266,233700,0.0,0.0
2022-06-16 00:00:00-04:00,33.76849895498528,34.06678501615241,31.568640142840323,31.649425506591797,465000,0.0,0.0
2022-06-17 00:00:00-04:00,32.30192162846032,32.34542389820191,31.257920492413156,31.500276565551758,727050,0.0,0.0
2022-06-21 00:00:00-04:00,32.30192321894405,32.40756752968956,31.121206701315828,31.34492301940918,347250,0.0,0.0
2022-06-22 00:00:00-04:00,30.94099196213376,32.66235413568899,30.94099196213376,31.947710037231445,323400,0.0,0.0
2022-06-23 00:00:00-04:00,32.28328116241659,33.05385527559114,31.947712005889336,32.277069091796875,390750,0.0,0.0
2022-06-24 00:00:00-04:00,32.46970692587435,33.35835294384521,32.277065198741134,32.89228057861328,1153800,0.0,0.0
2022-06-27 00:00:00-04:00,33.3086392511532,34.40857033888522,32.9482111810834,34.209712982177734,288150,0.0,0.0
2022-06-28 00:00:00-04:00,34.20972035004502,34.71929154739356,33.25271644788947,33.47643280029297,240900,0.0,0.0
2022-06-29 00:00:00-04:00,33.513716977992026,33.52614467558303,32.79907280667634,33.24650192260742,236850,0.0,0.0
2022-06-30 00:00:00-04:00,32.60020732120558,32.917136678621944,31.842064536088024,32.21492385864258,294900,0.0,0.0
2022-07-01 00:00:00-04:00,32.009851822191656,33.27756928934382,31.699138081441667,33.03520965576172,205800,0.0,0.0
2022-07-05 00:00:00-04:00,32.7493502685259,34.321569356363185,32.382710128465256,34.209712982177734,259650,0.0,0.0
2022-07-06 00:00:00-04:00,34.14135768772085,34.4023570975272,32.38892444338468,32.910926818847656,295200,0.0,0.0
2022-07-07 00:00:00-04:00,33.36456555669336,34.47071226683064,33.25270918285533,34.38992691040039,200850,0.0,0.0
2022-07-08 00:00:00-04:00,34.44585618334043,34.77521322826729,33.62556782802171,34.55771255493164,273450,0.0,0.0
2022-07-11 00:00:00-04:00,34.557708833215564,34.700636206197785,33.65041959510373,33.76227951049805,126000,0.0,0.0
2022-07-12 00:00:00-04:00,33.61935293713057,34.65092636263495,33.451566598151544,33.849281311035156,313050,0.0,0.0
2022-07-13 00:00:00-04:00,33.693929218838704,33.87414326965241,32.9668573891988,33.28378677368164,288300,0.0,0.0
2022-07-14 00:00:00-04:00,32.792855395309175,33.19678576976384,32.32678298043082,32.92335510253906,168000,0.0,0.0
2022-07-15 00:00:00-04:00,33.762279744469375,34.159994408584275,33.05384783212751,33.296207427978516,219000,0.0,0.0
2022-07-18 00:00:00-04:00,33.75606499565426,34.25942396393471,33.44535129521124,33.89278030395508,162000,0.0,0.0
2022-07-19 00:00:00-04:00,34.45828497221412,35.24749877994028,34.05435462951016,34.68821334838867,292200,0.0,0.0
2022-07-20 00:00:00-04:00,34.5017855459985,36.347431836642244,34.25321383459111,36.21072006225586,295050,0.0,0.0
2022-07-21 00:00:00-04:00,35.86271362090728,36.564929990330356,35.59550216106266,36.490360260009766,266400,0.0,0.0
2022-07-22 00:00:00-04:00,36.54008039818877,36.962650567389076,35.93729261075684,36.60222244262695,214800,0.0,0.0
2022-07-25 00:00:00-04:00,36.99371646021287,37.01235978033743,36.11128612413224,36.72650146484375,261900,0.0,0.0
2022-07-26 00:00:00-04:00,36.57736335656354,37.01236473544062,35.931073358554606,35.987003326416016,352500,0.0,0.0
2022-07-27 00:00:00-04:00,36.167213759503404,36.714071463652175,35.43392640361419,36.645713806152344,251400,0.0,0.0
2022-07-28 00:00:00-04:00,36.66435869753523,38.01907709864262,36.4530736462983,37.86993408203125,415500,0.0,0.0
2022-07-29 00:00:00-04:00,38.230366405469546,38.30493970000131,37.018578816131566,37.73322296142578,329250,0.0,0.0
2022-08-01 00:00:00-04:00,37.45357655532417,38.4167923284288,36.70164583630989,37.043434143066406,309000,0.0,0.0
2022-08-02 00:00:00-04:00,37.27957592778969,37.3106505024881,35.01135954921761,35.07350158691406,313650,0.0,0.0
2022-08-03 00:00:00-04:00,35.52092617302033,36.81349888429205,35.44635644837182,36.72650146484375,330750,0.0,0.0
2022-08-04 00:00:00-04:00,36.52765265945677,36.776224392780954,35.47122012594108,35.508506774902344,181950,0.0,0.0
2022-08-05 00:00:00-04:00,35.18536165075525,36.08022344421015,34.86843224712239,35.61415100097656,132000,0.0,0.0
2022-08-08 00:00:00-04:00,35.61414515539487,36.75135931224807,35.54578393979991,36.59600067138672,278250,0.0,0.0
2022-08-09 00:00:00-04:00,36.52764263892534,36.52764263892534,35.21021103578942,35.651424407958984,250200,0.0,0.0
2022-08-10 00:00:00-04:00,36.57736372729496,37.478437513266044,36.57736372729496,37.15529251098633,249750,0.0,0.0
2022-08-11 00:00:00-04:00,37.441149131805915,38.162005282482355,37.28579048616354,38.0315055847168,179250,0.0,0.0
2022-08-12 00:00:00-04:00,38.52865634741739,38.90773137300027,37.88858543227147,38.826942443847656,171150,0.0,0.0
2022-08-15 00:00:00-04:00,38.75858458127106,39.69072943154674,38.74615332823241,39.516727447509766,298500,0.0,0.0
2022-08-16 00:00:00-04:00,39.36136754925206,41.08272978837523,39.36136754925206,40.43644332885742,347400,0.0,0.0
2022-08-17 00:00:00-04:00,39.88958512095472,39.88958512095472,38.93258483151465,39.04444122314453,181200,0.0,0.0
2022-08-18 00:00:00-04:00,39.08794117685409,39.709368698634194,38.95122584195634,39.39865493774414,163050,0.0,0.0
2022-08-19 00:00:00-04:00,38.87665150616044,39.075505302698275,38.18064721695326,38.3670768737793,295200,0.0,0.0
2022-08-22 00:00:00-04:00,37.68350174410517,38.35464704908242,36.745141442209174,36.87564468383789,240750,0.0,0.0
2022-08-23 00:00:00-04:00,36.87564626825675,37.41007272920694,36.67678891836369,36.68921661376953,142800,0.0,0.0
2022-08-24 00:00:00-04:00,36.69543446381982,37.64000693307045,36.50278917202686,37.31064987182617,196800,0.0,0.0
2022-08-25 00:00:00-04:00,37.434930517590374,38.39814622081319,37.28578750978522,37.683502197265625,167100,0.0,0.0
2022-08-26 00:00:00-04:00,37.46735179246107,37.71796569329058,35.49373505739091,35.518795013427734,309450,0.33,0.0
2022-08-29 00:00:00-04:00,35.19925536293566,35.6440999866509,34.85465413283992,35.18672180175781,177000,0.0,0.0
2022-08-30 00:00:00-04:00,35.34336299119124,35.43108000364275,34.39727978320279,34.4849967956543,235950,0.0,0.0
2022-08-31 00:00:00-04:00,34.4160727866902,34.4160727866902,33.09406530333948,33.188045501708984,287700,0.0,0.0
2022-09-01 00:00:00-04:00,33.11912983088816,33.35095052855609,32.7056083414228,33.05647277832031,266550,0.0,0.0
2022-09-02 00:00:00-04:00,33.2820355171319,33.76447374563671,31.709410291879458,31.997617721557617,294900,0.0,0.0
2022-09-06 00:00:00-04:00,32.12919619154478,32.429937195527664,31.29588985603276,31.7971248626709,273300,0.0,0.0
2022-09-07 00:00:00-04:00,31.653014697267597,31.99134915413315,31.258289969219508,31.684341430664062,338550,0.0,0.0
2022-09-08 00:00:00-04:00,31.33348063905589,31.615424857506607,30.237026917175047,30.594158172607422,331800,0.0,0.0
2022-09-09 00:00:00-04:00,30.782122372404125,31.65928535539305,30.76332561304119,31.333480834960938,247500,0.0,0.0
2022-09-12 00:00:00-04:00,31.759527017436053,33.05021146522147,31.646750052573807,32.862247467041016,337500,0.0,0.0
2022-09-13 00:00:00-04:00,32.003880898872445,32.003880898872445,30.055327858978654,30.2432918548584,342900,0.0,0.0
2022-09-14 00:00:00-04:00,30.193171191146853,30.550302458274974,29.685669430246158,30.26835823059082,283650,0.0,0.0
2022-09-15 00:00:00-04:00,29.961348270989912,30.594158768298364,29.854836287454738,30.055330276489258,202500,0.0,0.0
2022-09-16 00:00:00-04:00,29.779651116094378,30.017738624947548,29.096717119818162,29.967615127563477,665250,0.0,0.0
2022-09-19 00:00:00-04:00,29.5979465826592,30.34979706533679,29.478902857607718,30.249553680419922,240900,0.0,0.0
2022-09-20 00:00:00-04:00,29.948814210485462,29.948814210485462,28.67066341206369,29.316003799438477,250350,0.0,0.0
2022-09-21 00:00:00-04:00,29.698198617893304,29.82350735180458,28.940079433311926,29.034061431884766,296700,0.0,0.0
2022-09-22 00:00:00-04:00,28.858628709249977,29.35359864784617,28.081712779772925,28.60801124572754,355200,0.0,0.0
2022-09-23 00:00:00-04:00,28.04412198229424,28.04412198229424,26.509088623127845,27.317331314086914,479850,0.0,0.0
2022-09-26 00:00:00-04:00,26.960202719780273,27.78097546864805,26.872485699759448,27.25467872619629,325050,0.0,0.0
2022-09-27 00:00:00-04:00,27.586744620266256,27.918814125267016,26.89128066600113,27.361188888549805,453750,0.0,0.0
2022-09-28 00:00:00-04:00,27.45516997321934,28.313536156846876,27.047917030492968,28.10677719116211,277500,0.0,0.0
2022-09-29 00:00:00-04:00,27.605542324387944,27.630604073214364,26.552947081120628,27.580480575561523,305250,0.0,0.0
2022-09-30 00:00:00-04:00,27.61180465571509,28.488967572767237,27.455169188766135,27.467700958251953,329700,0.0,0.0
2022-10-03 00:00:00-04:00,27.62433743590261,27.81856642585784,27.04165046603692,27.2672061920166,309150,0.0,0.0
2022-10-04 00:00:00-04:00,27.718315910973942,29.159367095498812,27.68698738637667,29.146835327148438,343950,0.0,0.0
2022-10-05 00:00:00-04:00,28.294738211325125,29.209492839479992,28.294738211325125,29.00899887084961,352350,0.0,0.0
2022-10-06 00:00:00-04:00,28.871160576586544,29.673138304928113,28.78971034374789,29.4162540435791,366750,0.0,0.0
2022-10-07 00:00:00-04:00,29.109244926826815,29.33480063434268,27.085506754807106,27.298532485961914,222750,0.0,0.0
2022-10-10 00:00:00-04:00,27.436375360699063,28.445112106007276,27.07924588429981,28.250883102416992,339300,0.0,0.0
2022-10-11 00:00:00-04:00,28.04412095151741,28.902485312728405,27.868688727708573,28.062917709350586,237900,0.0,0.0
2022-10-12 00:00:00-04:00,28.181964187406916,28.689464150255453,27.62433893461919,28.351131439208984,267150,0.0,0.0
2022-10-13 00:00:00-04:00,27.693258783267698,28.51403148892573,26.797299040088493,27.943876266479492,272100,0.0,0.0
2022-10-14 00:00:00-04:00,28.401251621961848,28.401251621961848,27.260941221364455,27.53035545349121,189150,0.0,0.0
2022-10-17 00:00:00-04:00,27.931342474063236,28.24461520167868,27.59927478098572,28.012794494628906,195600,0.0,0.0
2022-10-18 00:00:00-04:00,28.65813795361852,29.17816969690986,28.319803443626377,28.62054443359375,224250,0.0,0.0
2022-10-19 00:00:00-04:00,28.119306744510606,28.40125094733527,26.15822192416278,27.085508346557617,321300,0.0,0.0
2022-10-20 00:00:00-04:00,26.935136031391224,27.743378653520562,26.891277529422577,26.997791290283203,411000,0.0,0.0
2022-10-21 00:00:00-04:00,27.17949219709419,27.78724094167052,26.80356597019228,27.69952392578125,185100,0.0,0.0
2022-10-24 00:00:00-04:00,27.925077076991965,28.51402900756649,27.73084809626569,28.307270050048828,236850,0.0,0.0
2022-10-25 00:00:00-04:00,28.21955408390625,29.040326748434655,28.21955408390625,28.633073806762695,334650,0.0,0.0
2022-10-26 00:00:00-04:00,28.971406609791313,29.980141422583706,28.539090153545335,28.933813095092773,272100,0.0,0.0
2022-10-27 00:00:00-04:00,31.828452193583537,31.828452193583537,30.024002754308196,30.48764419555664,366000,0.0,0.0
2022-10-28 00:00:00-04:00,30.362333493676108,30.76958819231849,28.82103528756376,29.6104793548584,371850,0.0,0.0
2022-10-31 00:00:00-04:00,29.485173877860504,29.698199629041422,28.601745929289375,28.639339447021484,340500,0.0,0.0
2022-11-01 00:00:00-04:00,29.159370099875773,29.760853813847664,29.034061366247776,29.56035804748535,255450,0.0,0.0
2022-11-02 00:00:00-04:00,29.284678113177865,29.78591303536078,28.626805933394678,28.65813446044922,514650,0.0,0.0
2022-11-03 00:00:00-04:00,28.14436780385849,28.689461230548208,27.618071134913322,28.307270050048828,339900,0.0,0.0
2022-11-04 00:00:00-04:00,28.79597232322981,29.33480074505219,28.338595918291407,28.983936309814453,199500,0.0,0.0
2022-11-07 00:00:00-05:00,29.34106926197261,30.036533227884178,28.996469773495647,29.842304229736328,158850,0.0,0.0
2022-11-08 00:00:00-05:00,30.02399875298162,30.93875153586013,29.754584550022006,30.08038902282715,351000,0.0,0.0
2022-11-09 00:00:00-05:00,29.85483285252193,30.22449405041256,29.616745371657643,29.742055892944336,170400,0.0,0.0
2022-11-10 00:00:00-05:00,31.189378302080414,33.9336407404156,31.189378302080414,33.38228225708008,543750,0.0,0.0
2022-11-11 00:00:00-05:00,34.19678330106651,35.31203367106306,33.84591886204976,34.741878509521484,250200,0.0,0.0
2022-11-14 00:00:00-05:00,34.51005862697738,35.29323774874508,34.065210390573306,34.15292739868164,275700,0.0,0.0
2022-11-15 00:00:00-05:00,34.81080193421719,35.431080643639284,33.952435723175455,34.03388595581055,249750,0.0,0.0
2022-11-16 00:00:00-05:00,33.56397684747315,33.6892873763741,32.881044682541074,33.46372985839844,249750,0.0,0.0
2022-11-17 00:00:00-05:00,32.92490018858601,33.86471657297996,32.92490018858601,33.7331428527832,258300,0.0,0.0
2022-11-18 00:00:00-05:00,34.535120465485726,35.011295462534996,33.38854685698316,34.06521224975586,216900,0.0,0.0
2022-11-21 00:00:00-05:00,33.88351313709302,33.88351313709302,33.21311097793234,33.520118713378906,235950,0.0,0.0
2022-11-22 00:00:00-05:00,33.7018133817255,34.641629689815495,33.7018133817255,34.478729248046875,215550,0.0,0.0
2022-11-23 00:00:00-05:00,34.4536670001338,34.59777069091797,34.30329652861842,34.59777069091797,130050,0.0,0.0
2022-11-25 00:00:00-05:00,34.85466416015667,35.159130460626585,34.74049156590628,34.98152542114258,59700,0.45,0.0
2022-11-28 00:00:00-05:00,34.72780645512359,34.84832338248657,34.21402433786268,34.550201416015625,341400,0.0,0.0
2022-11-29 00:00:00-05:00,34.429684606635014,35.203526240797764,34.429684606635014,34.89271926879883,139500,0.0,0.0
2022-11-30 00:00:00-05:00,34.70877915735292,35.49530958412044,33.624130375792134,35.476280212402344,315750,0.0,0.0
2022-12-01 00:00:00-05:00,35.901260048767156,36.567273544931,35.660226178214735,36.421382904052734,295500,0.0,0.0
2022-12-02 00:00:00-05:00,35.46993620118628,36.77024878772115,35.431881086885596,36.637046813964844,208050,0.0,0.0
2022-12-05 00:00:00-05:00,36.35795438590975,36.592643924638345,35.59045331993336,36.54824447631836,301500,0.0,0.0
2022-12-06 00:00:00-05:00,36.38966683536702,36.94784840887061,36.09154849239221,36.48481369018555,340950,0.0,0.0
2022-12-07 00:00:00-05:00,36.288172211060726,36.65606726225906,35.10203614462699,35.74267578125,322950,0.0,0.0
2022-12-08 00:00:00-05:00,35.76805987007701,36.6053304957677,35.50165228055566,35.926631927490234,332250,0.0,0.0
2022-12-09 00:00:00-05:00,35.58410922310996,36.605325472962704,35.58410922310996,35.7680549621582,251400,0.0,0.0
2022-12-12 00:00:00-05:00,35.66657169131132,36.79561996459961,35.46359655770976,36.79561996459961,248850,0.0,0.0
2022-12-13 00:00:00-05:00,37.87392498228541,38.2989045871452,36.51018364665738,36.916133880615234,518400,0.0,0.0
2022-12-14 00:00:00-05:00,38.33696324501572,40.16374309625497,37.84855477830048,39.59287643432617,491700,0.0,0.0
2022-12-15 00:00:00-05:00,39.060059352420595,39.770472226864676,38.73022661831216,39.396236419677734,305700,0.0,0.0
2022-12-16 00:00:00-05:00,39.13617736515586,39.82122023882579,38.75560081382492,39.263038635253906,1698150,0.0,0.0
2022-12-19 00:00:00-05:00,39.053718555211134,39.123491708239335,37.00493792990857,37.37282943725586,374400,0.0,0.0
2022-12-20 00:00:00-05:00,37.34745060640964,38.19106531974955,36.52920596305194,36.954185485839844,335700,0.0,0.0
2022-12-21 00:00:00-05:00,37.12545364489755,38.29256057739258,37.12545364489755,38.29256057739258,209250,0.0,0.0
2022-12-22 00:00:00-05:00,37.766093531006014,38.53993889562877,36.57995722363489,38.46382141113281,346350,0.0,0.0
2022-12-23 00:00:00-05:00,38.4447852118958,39.002966690963284,38.14666691935823,38.799991607666016,240000,0.0,0.0
2022-12-27 00:00:00-05:00,38.679483325869775,39.8529346489799,38.229133620407154,39.263038635253906,280650,0.0,0.0
2022-12-28 00:00:00-05:00,39.4089232832079,39.542128879136676,37.975412431056284,38.038841247558594,272250,0.0,0.0
2022-12-29 00:00:00-05:00,38.60336953979799,39.523101953918605,38.552625757559916,39.00297546386719,249000,0.0,0.0
2022-12-30 00:00:00-05:00,38.69216874905852,38.945887638497894,38.24181545187782,38.43844985961914,157350,0.0,0.0
2023-01-03 00:00:00-05:00,38.65410164985583,39.745094453273644,38.41306784963834,38.66044235229492,226050,0.0,0.0
2023-01-04 00:00:00-05:00,38.869773329353485,39.4089255597309,38.05787281688273,38.444793701171875,229650,0.0,0.0
2023-01-05 00:00:00-05:00,38.133988894962286,39.542129701594185,37.70266494891622,39.45332717895508,437100,0.0,0.0
2023-01-06 00:00:00-05:00,39.90367186897842,40.8551185350631,39.554809785171834,40.328651428222656,235500,0.0,0.0
2023-01-09 00:00:00-05:00,40.569686980678476,42.12371829490881,40.449170059114756,40.956607818603516,310200,0.0,0.0
2023-01-10 00:00:00-05:00,40.98198356784056,41.68605213323494,40.84878160300818,41.495765686035156,160650,0.0,0.0
2023-01-11 00:00:00-05:00,41.69874847381585,42.09201373680133,41.12153743366345,41.83829116821289,217800,0.0,0.0
2023-01-12 00:00:00-05:00,42.01588542709215,42.650184426355636,41.330842653066824,41.831939697265625,228300,0.0,0.0
2023-01-13 00:00:00-05:00,41.60993421124862,42.21885949349678,41.324500938879915,42.01588439941406,172800,0.0,0.0
2023-01-17 00:00:00-05:00,41.71142614670554,42.269607714158724,41.16592961659686,41.53382110595703,234150,0.0,0.0
2023-01-18 00:00:00-05:00,41.9143981076986,42.0729737657554,40.01784906187688,40.36036682128906,443100,0.0,0.0
2023-01-19 00:00:00-05:00,39.97978837076631,40.65848678247235,39.58652322603817,40.341339111328125,238950,0.0,0.0
2023-01-20 00:00:00-05:00,40.544318322212554,41.368903802784885,39.47869536062078,41.28644561767578,217950,0.0,0.0
2023-01-23 00:00:00-05:00,41.6035898159974,42.61846528488625,41.57187541127975,42.491607666015625,175200,0.0,0.0
2023-01-24 00:00:00-05:00,42.14908833618856,43.227396296395554,41.94611323254694,42.941959381103516,192750,0.0,0.0
2023-01-25 00:00:00-05:00,42.459901335574116,43.25277249273268,41.990518619843364,43.13225555419922,142650,0.0,0.0
2023-01-26 00:00:00-05:00,43.22105008299123,43.290823225517656,42.14274216969673,43.26544952392578,280950,0.0,0.0
2023-01-27 00:00:00-05:00,43.2147139682544,43.92513056467221,43.2147139682544,43.51918029785156,229950,0.0,0.0
2023-01-30 00:00:00-05:00,43.17665173024885,43.88706457999228,42.64384027820074,43.72848892211914,243300,0.0,0.0
2023-01-31 00:00:00-05:00,43.804610710092305,45.36498285170342,43.804610710092305,45.016117095947266,356400,0.0,0.0
2023-02-01 00:00:00-05:00,44.984399195284674,46.3735141474469,44.81313849747675,46.005619049072266,331500,0.0,0.0
2023-02-02 00:00:00-05:00,46.373519109956945,48.48572855981731,46.373519109956945,47.889488220214844,636300,0.0,0.0
2023-02-03 00:00:00-05:00,47.25518958614435,49.449857079492034,47.25518958614435,48.961448669433594,428250,0.0,0.0
2023-02-06 00:00:00-05:00,48.20663952680861,48.89167876116037,46.69701112236394,47.502567291259766,259050,0.0,0.0
2023-02-07 00:00:00-05:00,47.18542053904723,47.743602146129106,46.63992397021045,47.57868576049805,220200,0.0,0.0
2023-02-08 00:00:00-05:00,47.10930522434204,47.55331424874241,46.2656902556704,46.5194091796875,254700,0.0,0.0
2023-02-09 00:00:00-05:00,45.35229739156796,47.97828888819624,45.30155361206539,46.70335006713867,396450,0.0,0.0
2023-02-10 00:00:00-05:00,46.931700422531144,47.883147226650955,46.665292849330164,47.20444869995117,366450,0.0,0.0
2023-02-13 00:00:00-05:00,47.09661768455522,48.24469893056298,46.79849932572168,48.09880828857422,198300,0.0,0.0
2023-02-14 00:00:00-05:00,47.65479246999545,47.95291441565962,46.938035289196414,47.57233428955078,159750,0.0,0.0
2023-02-15 00:00:00-05:00,47.04587325853141,47.96560565772048,46.88095687630544,47.502567291259766,177300,0.0,0.0
2023-02-16 00:00:00-05:00,47.134674743755234,48.1876090922476,47.02049851598031,47.6865119934082,161850,0.0,0.0
2023-02-17 00:00:00-05:00,47.756703601588335,47.756703601588335,46.75486075232655,47.26535415649414,241200,0.3,0.0
2023-02-21 00:00:00-05:00,46.550661575433644,46.90162808672766,45.344621316934635,45.567962646484375,272400,0.0,0.0
2023-02-22 00:00:00-05:00,45.69558516304557,46.95267469065548,45.69558516304557,46.31455612182617,269250,0.0,0.0
2023-02-23 00:00:00-05:00,46.63999873194518,46.837817215500465,45.49139035553167,46.44856643676758,167700,0.0,0.0
2023-02-24 00:00:00-05:00,45.62539248617519,46.46770477294922,45.37014578543505,46.46770477294922,247500,0.0,0.0
2023-02-27 00:00:00-05:00,46.76124137635985,47.2398294169778,46.346464100801086,46.44856643676758,114300,0.0,0.0
2023-02-28 00:00:00-05:00,46.582566714968195,46.908006702171065,45.989114963909806,46.486846923828125,243150,0.0,0.0
2023-03-01 00:00:00-05:00,46.38474824750317,46.95905604033354,46.027402880365834,46.486846923828125,168600,0.0,0.0
2023-03-02 00:00:00-05:00,46.289026618935424,46.729326651960704,46.084829290498405,46.6655158996582,197850,0.0,0.0
2023-03-03 00:00:00-05:00,47.13135315579625,47.92899869520311,46.665526524983626,47.23345184326172,225450,0.0,0.0
2023-03-06 00:00:00-05:00,47.431261595633195,47.49507235562337,46.08483484262226,46.64637756347656,294150,0.0,0.0
2023-03-07 00:00:00-05:00,45.8168240991765,46.18054833130788,44.22791216782084,45.87425231933594,286500,0.0,0.0
2023-03-08 00:00:00-05:00,45.88063938261008,46.397511671727955,45.28718760593829,46.18693542480469,179850,0.0,0.0
2023-03-09 00:00:00-05:00,46.167791062689425,46.167791062689425,45.21061502635355,45.47224426269531,186450,0.0,0.0
2023-03-10 00:00:00-05:00,45.178708216286324,45.331856231202416,43.768467050681075,44.24705505371094,423150,0.0,0.0
2023-03-13 00:00:00-04:00,43.328171864698355,43.69189981051352,42.43480651764514,42.958065032958984,220500,0.0,0.0
2023-03-14 00:00:00-04:00,44.18962435925135,44.52144321401354,42.81128865074226,43.51321792602539,318000,0.0,0.0
2023-03-15 00:00:00-04:00,42.434806441342026,43.63446785071284,42.42204501817947,43.55789566040039,256050,0.0,0.0
2023-03-16 00:00:00-04:00,42.91339072080702,44.93622399319417,42.91339072080702,44.47677993774414,226350,0.0,0.0
2023-03-17 00:00:00-04:00,43.736567313784455,44.40659133474371,43.021876485296126,43.27074432373047,776250,0.0,0.0
2023-03-20 00:00:00-04:00,43.74294304303674,44.56611497055435,43.066536589989816,43.21968460083008,283050,0.0,0.0
2023-03-21 00:00:00-04:00,44.03647783323453,44.955365902239045,43.93437915890069,44.13857650756836,357000,0.0,0.0
2023-03-22 00:00:00-04:00,44.31086657546408,44.585260881326036,43.309023750416706,43.36007308959961,249750,0.0,0.0
2023-03-23 00:00:00-04:00,43.717423043039815,43.717423043039815,41.93707487046891,42.594337463378906,317400,0.0,0.0
2023-03-24 00:00:00-04:00,42.24336821331782,42.587952179507205,41.40743479413172,42.22422790527344,199050,0.0,0.0
2023-03-27 00:00:00-04:00,42.77301110235373,43.29626596003355,41.91793003514718,42.243370056152344,204300,0.0,0.0
2023-03-28 00:00:00-04:00,42.13488688489331,42.945297386802885,42.13488688489331,42.86233901977539,219000,0.0,0.0
2023-03-29 00:00:00-04:00,43.30902257056193,43.3154051070372,42.179554602658676,42.61347579956055,159150,0.0,0.0
2023-03-30 00:00:00-04:00,43.06016410146696,43.455797434409064,42.39014008525874,42.594337463378906,118200,0.0,0.0
2023-03-31 00:00:00-04:00,42.855955802624976,44.100283714877385,42.855955802624976,43.90884780883789,189600,0.0,0.0
2023-04-03 00:00:00-04:00,43.96628541702413,44.374680122522584,43.315405442301795,43.76846694946289,179250,0.0,0.0
2023-04-04 00:00:00-04:00,43.39197851297033,43.45579292551447,41.547819763917744,42.1604118347168,300750,0.0,0.0
2023-04-05 00:00:00-04:00,41.84773553911871,41.84773553911871,40.903320968663245,41.375526428222656,275250,0.0,0.0
2023-04-06 00:00:00-04:00,41.52229899681278,41.5924922981865,40.87141897619918,40.979896545410156,185100,0.0,0.0
2023-04-10 00:00:00-04:00,40.9352276931187,42.76662502019716,40.9352276931187,42.1604118347168,252450,0.0,0.0
2023-04-11 00:00:00-04:00,42.54966195695203,44.164096691228686,42.18593408228767,43.96628189086914,269700,0.0,0.0
2023-04-12 00:00:00-04:00,44.34277174237187,44.48315467438625,43.33454646855421,43.67912673950195,145950,0.0,0.0
2023-04-13 00:00:00-04:00,43.90247540684748,44.01733550689622,43.09206486719916,43.80037307739258,214650,0.0,0.0
2023-04-14 00:00:00-04:00,43.79399102288858,44.52144313900325,43.41111918198412,43.95351791381836,205350,0.0,0.0
2023-04-17 00:00:00-04:00,44.030096242363655,44.33639227194273,43.53236428146349,44.208770751953125,83850,0.0,0.0
2023-04-18 00:00:00-04:00,43.9535193571779,44.521444601012504,43.9535193571779,44.25981903076172,128700,0.0,0.0
2023-04-19 00:00:00-04:00,44.53421788966657,45.18509796985361,44.00457681239963,45.051090240478516,207750,0.0,0.0
2023-04-20 00:00:00-04:00,44.6554501830872,45.33823919714192,44.349154150354074,44.96174621582031,181800,0.0,0.0
2023-04-21 00:00:00-04:00,44.78946010123787,44.795842638672845,44.068390378586116,44.34278106689453,144300,0.0,0.0
2023-04-24 00:00:00-04:00,44.30448508142931,44.917077115553695,44.06199982175427,44.22791290283203,117000,0.0,0.0
2023-04-25 00:00:00-04:00,43.959905892994044,43.959905892994044,42.70281631040257,43.25797653198242,243600,0.0,0.0
2023-04-26 00:00:00-04:00,42.95167896737754,43.08568302816017,40.96713359723893,41.19685745239258,327300,0.0,0.0
2023-04-27 00:00:00-04:00,41.86688102935559,44.40020404187215,41.41381585987895,43.7174186706543,513750,0.0,0.0
2023-04-28 00:00:00-04:00,43.57066117562156,44.47678802933235,43.57066117562156,43.794002532958984,239400,0.0,0.0
2023-05-01 00:00:00-04:00,43.647229229459974,44.48316269281899,43.49408119765383,44.19601058959961,211650,0.0,0.0
2023-05-02 00:00:00-04:00,43.86417997180761,43.86417997180761,41.75200982249071,43.23882293701172,196950,0.0,0.0
2023-05-03 00:00:00-04:00,43.37283292154277,44.46401661432913,42.28803541650821,42.53689956665039,350100,0.0,0.0
2023-05-04 00:00:00-04:00,42.115746130859776,42.115746130859776,40.947990183349056,41.19047546386719,186000,0.0,0.0
2023-05-05 00:00:00-04:00,41.815827946214725,42.68366663873231,41.624392027678205,42.479469299316406,172500,0.0,0.0
2023-05-08 00:00:00-04:00,42.530521401782295,42.766624134428916,41.66268265279136,41.93069076538086,140100,0.0,0.0
2023-05-09 00:00:00-04:00,41.80945005124219,41.9306926913962,41.34362344973855,41.471248626708984,152400,0.0,0.0
2023-05-10 00:00:00-04:00,42.14765179346389,42.68367169864099,41.06285421205438,41.70735168457031,150750,0.0,0.0
2023-05-11 00:00:00-04:00,41.381909254316845,42.65814270215125,40.565119847702825,41.57334518432617,128250,0.0,0.0
2023-05-12 00:00:00-04:00,41.809448252899315,41.924308351296446,40.83951082472384,41.209617614746094,170550,0.0,0.0
2023-05-15 00:00:00-04:00,41.40743805733763,41.9945073535061,41.12028594666244,41.9498405456543,163500,0.0,0.0
2023-05-16 00:00:00-04:00,41.62439901495501,41.73925912482333,40.89056424682693,41.44572448730469,177600,0.0,0.0
2023-05-17 00:00:00-04:00,41.76477825808653,43.97266490337471,41.76477825808653,43.883331298828125,240000,0.0,0.0
2023-05-18 00:00:00-04:00,43.77485480190591,44.43211374163226,43.309028165126556,44.272586822509766,163200,0.0,0.0
2023-05-19 00:00:00-04:00,44.77669606961593,44.795840029468565,43.264359754627776,43.889713287353516,181950,0.0,0.0
2023-05-22 00:00:00-04:00,43.92161847293083,44.202391681060384,43.56427307707129,43.85142517089844,159000,0.0,0.0
2023-05-23 00:00:00-04:00,43.736559008877244,44.37467752452712,43.37283112633653,44.036476135253906,209400,0.0,0.0
2023-05-24 00:00:00-04:00,43.857807081327664,44.03648160237316,43.47493519413698,43.69827651977539,199650,0.0,0.0
2023-05-25 00:00:00-04:00,43.43664817736456,44.30448692855573,43.13673103273512,44.24705505371094,162000,0.0,0.0
2023-05-26 00:00:00-04:00,44.22791294285494,45.31909296104351,44.22791294285494,45.14680099487305,173550,0.0,0.0
2023-05-30 00:00:00-04:00,45.51052686943365,45.51052686943365,42.21146020249008,42.37099075317383,184500,0.0,0.0
2023-05-31 00:00:00-04:00,42.10298229853725,42.10298229853725,41.01818113512267,41.81583023071289,212100,0.0,0.0
2023-06-01 00:00:00-04:00,41.76477623378703,43.41112007154108,41.452101330355596,43.385597229003906,180900,0.0,0.0
2023-06-02 00:00:00-04:00,44.04285768299504,46.397509780645855,44.030096261257945,46.365604400634766,243000,0.0,0.0
2023-06-05 00:00:00-04:00,45.98273584601687,46.31455471672537,44.01095197455037,44.291725158691406,365400,0.0,0.0
2023-06-06 00:00:00-04:00,44.610782507013965,48.43948649251386,44.27258110057996,48.050235748291016,396600,0.0,0.0
2023-06-07 00:00:00-04:00,48.06299522986058,50.13049515252325,47.92260864377375,49.549808502197266,318750,0.0,0.0
2023-06-08 00:00:00-04:00,49.29456918597571,49.75401327615057,48.14595713487003,49.473243713378906,317700,0.0,0.0
2023-06-09 00:00:00-04:00,49.47323507476418,50.14075453274795,48.81213908769172,49.6208610534668,176250,0.3,0.0
2023-06-12 00:00:00-04:00,49.948202834561485,50.80185240180501,49.57593164753848,49.92252731323242,170250,0.0,0.0
2023-06-13 00:00:00-04:00,49.620861881682536,51.88656591425953,49.620861881682536,51.706851959228516,262350,0.0,0.0
2023-06-14 00:00:00-04:00,51.79028939965934,52.30376678270334,50.140757400439,50.46167755126953,234450,0.0,0.0
2023-06-15 00:00:00-04:00,50.08298640259925,51.37309037858882,49.8262495670282,51.32174301147461,157350,0.0,0.0
2023-06-16 00:00:00-04:00,51.3217433364496,51.74535819966086,49.41547094301877,50.21135330200195,650850,0.0,0.0
2023-06-20 00:00:00-04:00,50.18568638980795,50.628557018442,49.4796590999237,49.890438079833984,150900,0.0,0.0
2023-06-21 00:00:00-04:00,48.09969140819892,50.0123835985873,48.09969140819892,49.691463470458984,144750,0.0,0.0
2023-06-22 00:00:00-04:00,49.691469859333885,50.057317603735356,48.600335407164074,48.79930877685547,157650,0.0,0.0
2023-06-23 00:00:00-04:00,47.86862892264254,48.68376698307946,47.18827356662276,47.85579299926758,554100,0.0,0.0
2023-06-26 00:00:00-04:00,47.804445583467896,49.26784746606892,47.804445583467896,48.28582763671875,249900,0.0,0.0
2023-06-27 00:00:00-04:00,48.24089581846395,50.609294430527974,47.86862833657441,50.3397216796875,121650,0.0,0.0
2023-06-28 00:00:00-04:00,50.35255826016839,50.87887151815488,49.90326788780072,50.699153900146484,175500,0.0,0.0
2023-06-29 00:00:00-04:00,50.80826922274284,51.533552158797505,50.44241785565578,50.97514724731445,84750,0.0,0.0
2023-06-30 00:00:00-04:00,51.66191993141723,51.83521775810498,50.73766730418484,51.347415924072266,120150,0.0,0.0
2023-07-03 00:00:00-04:00,51.122773997942026,52.18823654660966,50.84678141724844,51.3345832824707,65400,0.0,0.0
2023-07-05 00:00:00-04:00,51.270401444537946,51.270401444537946,50.12150351630194,50.160011291503906,154500,0.0,0.0
2023-07-06 00:00:00-04:00,49.39621513184924,49.845505514294665,48.73511548185438,49.518165588378906,151500,0.0,0.0
2023-07-07 00:00:00-04:00,49.73639484599716,50.85962088938631,49.73639484599716,50.2947998046875,110850,0.0,0.0
2023-07-10 00:00:00-04:00,50.33972199116865,51.424436471831136,50.33972199116865,51.12276840209961,108750,0.0,0.0
2023-07-11 00:00:00-04:00,51.61057612973187,52.40646222784092,51.37951479328326,52.29092788696289,114300,0.0,0.0
2023-07-12 00:00:00-04:00,53.478334043764974,53.504009564423434,52.59259285248451,52.90709686279297,146250,0.0,0.0
2023-07-13 00:00:00-04:00,53.073970860093226,53.79283396675997,52.50914984771221,53.677303314208984,138900,0.0,0.0
2023-07-14 00:00:00-04:00,53.88270077557249,54.036742892735575,53.15100163721127,53.60028839111328,150600,0.0,0.0
2023-07-17 00:00:00-04:00,53.75432152498038,54.26779883569998,52.78514141037489,54.1715202331543,123750,0.0,0.0
2023-07-18 00:00:00-04:00,54.12018019849391,55.5386545293188,54.113764072557416,54.42184829711914,144000,0.0,0.0
2023-07-19 00:00:00-04:00,54.32556862745177,55.17921819069641,53.48475498848474,54.91606521606445,124050,0.0,0.0
2023-07-20 00:00:00-04:00,54.813365663943586,55.15995762492969,54.06240723350721,54.98024368286133,358800,0.0,0.0
2023-07-21 00:00:00-04:00,55.429536171493744,55.45520801877891,52.49631644159299,53.13174057006836,269400,0.0,0.0
2023-07-24 00:00:00-04:00,53.45266187846756,54.34482286278019,53.25368853066949,53.50400924682617,159450,0.0,0.0
2023-07-25 00:00:00-04:00,53.31787549560788,54.10734174320328,52.91993247266524,53.50400924682617,92700,0.0,0.0
2023-07-26 00:00:00-04:00,53.41414403433061,54.13300710522215,53.19591866311609,53.87627029418945,167700,0.0,0.0
2023-07-27 00:00:00-04:00,54.33198948012522,56.07138396003849,53.837767822985505,54.42184829711914,189600,0.0,0.0
2023-07-28 00:00:00-04:00,55.512976568276734,55.93017531461676,54.83904097941673,55.05727005004883,180900,0.0,0.0
2023-07-31 00:00:00-04:00,55.4167005882855,56.007193478659225,54.90322691289382,55.55148696899414,182700,0.0,0.0
2023-08-01 00:00:00-04:00,55.30116439741689,55.83389377680525,55.012335923802155,55.166378021240234,288900,0.0,0.0
2023-08-02 00:00:00-04:00,54.39617474548558,55.12145776098743,54.39617474548558,54.64007568359375,129600,0.0,0.0
2023-08-03 00:00:00-04:00,54.49244563966753,54.800529852477034,53.940464179540626,54.376914978027344,246450,0.0,0.0
2023-08-04 00:00:00-04:00,54.357657968458156,54.755600985410545,53.95329882596595,54.6914176940918,167100,0.0,0.0
2023-08-07 00:00:00-04:00,54.87754902972799,55.19205301960764,54.075246905557904,54.29347229003906,153150,0.0,0.0
2023-08-08 00:00:00-04:00,53.349965054836815,54.055992260313175,52.4706400288474,53.88911056518555,183750,0.0,0.0
2023-08-09 00:00:00-04:00,53.844184169514534,53.844184169514534,52.91993155508509,53.31145477294922,93450,0.0,0.0
2023-08-10 00:00:00-04:00,53.51042811729728,53.96613462633343,52.50273281716011,53.31145477294922,136350,0.0,0.0
2023-08-11 00:00:00-04:00,53.06113642587528,53.375636748458085,52.316597779610426,52.59259033203125,214500,0.0,0.0
2023-08-14 00:00:00-04:00,52.156139290434346,53.04830029557323,51.65550151908779,53.01620864868164,127200,0.0,0.0
2023-08-15 00:00:00-04:00,52.605434151146525,52.797987721470754,52.1433077859607,52.25242233276367,158250,0.0,0.0
2023-08-16 00:00:00-04:00,52.21390852987111,53.067558123544806,51.777454034992616,51.85447692871094,127200,0.0,0.0
2023-08-17 00:00:00-04:00,51.873726916417105,52.88783831143698,50.67347810637723,50.866031646728516,130800,0.0,0.0
2023-08-18 00:00:00-04:00,50.28195566580368,51.69401008633819,50.095821920603406,51.572059631347656,104700,0.0,0.0
2023-08-21 00:00:00-04:00,51.69401620499268,51.93791714384256,50.5515380788881,51.10352325439453,143400,0.0,0.0
2023-08-22 00:00:00-04:00,51.29607303944077,51.50788232893983,50.63497699359047,51.360260009765625,159750,0.0,0.0
2023-08-23 00:00:00-04:00,51.28965165597132,52.48989682813081,51.03933094446649,52.188232421875,104250,0.0,0.0
2023-08-24 00:00:00-04:00,52.03419270836128,52.56050604005555,51.38593257844798,51.462955474853516,120900,0.0,0.0
2023-08-25 00:00:00-04:00,51.84161538665034,52.087587033325505,50.93540561630371,51.705684661865234,65550,0.45,0.0
2023-08-28 00:00:00-04:00,51.906339449631574,52.728401739122596,51.79630224036959,52.262351989746094,64650,0.0,0.0
2023-08-29 00:00:00-04:00,52.33355938506323,54.857996689228436,51.945182705729586,54.80621337890625,129000,0.0,0.0
2023-08-30 00:00:00-04:00,54.48256596148008,55.29167968287262,53.945313680077895,54.489036560058594,125100,0.0,0.0
2023-08-31 00:00:00-04:00,54.54729169492352,55.207529765368015,53.86116011983701,54.139495849609375,142800,0.0,0.0
2023-09-01 00:00:00-04:00,54.49551351697313,55.49234131471659,54.46314941100108,54.80621337890625,179550,0.0,0.0
2023-09-05 00:00:00-04:00,54.15891489997124,54.333684018352834,50.86419885912442,50.90951156616211,233100,0.0,0.0
2023-09-06 00:00:00-04:00,51.03250160400798,51.89339866298432,51.03250160400798,51.459712982177734,212100,0.0,0.0
2023-09-07 00:00:00-04:00,51.21373969807978,51.310835715355346,50.398151672136684,50.734745025634766,170100,0.0,0.0
2023-09-08 00:00:00-04:00,50.61176218582748,50.61176218582748,49.621404974320285,50.12629318237305,123450,0.0,0.0
2023-09-11 00:00:00-04:00,50.3916818096096,50.547031735685366,49.362486234461194,49.867374420166016,140700,0.0,0.0
2023-09-12 00:00:00-04:00,49.86737676951019,50.66354564113674,49.86737676951019,50.46288299560547,141000,0.0,0.0
2023-09-13 00:00:00-04:00,50.46288286518569,50.53408538078684,49.67318829842948,50.2492790222168,134400,0.0,0.0
2023-09-14 00:00:00-04:00,50.83183760901909,52.42417526245117,50.443464649357374,52.42417526245117,142950,0.0,0.0
2023-09-15 00:00:00-04:00,52.30119371029279,52.30119371029279,49.93210270432161,50.359317779541016,869550,0.0,0.0
2023-09-18 00:00:00-04:00,50.4499423527809,51.35615222600243,50.4499423527809,50.89010238647461,146850,0.0,0.0
2023-09-19 00:00:00-04:00,50.890090406899475,51.783351463094576,50.890090406899475,51.35614013671875,141900,0.0,0.0
2023-09-20 00:00:00-04:00,51.69921333640392,51.912820889843985,50.64412787906594,50.728275299072266,152700,0.0,0.0
2023-09-21 00:00:00-04:00,50.33990113637521,50.60528829241868,49.699082194784445,49.81559371948242,186900,0.0,0.0
2023-09-22 00:00:00-04:00,49.83501185852888,49.88679516882445,48.61810221466568,49.11651611328125,234450,0.0,0.0
2023-09-25 00:00:00-04:00,48.676354332448405,49.71202420407929,48.676354332448405,49.40779495239258,207000,0.0,0.0
2023-09-26 00:00:00-04:00,48.857597514404944,49.194190869138325,47.53712130528572,47.84135055541992,414000,0.0,0.0
2023-09-27 00:00:00-04:00,48.2815064509253,49.12298797936431,48.2815064509253,48.88996124267578,178500,0.0,0.0
2023-09-28 00:00:00-04:00,48.760508887698116,49.75733671853322,48.760508887698116,49.349544525146484,204000,0.0,0.0
2023-09-29 00:00:00-04:00,49.70555278157585,50.29458841161865,48.46275330821115,48.58573913574219,172650,0.0,0.0
2023-10-02 00:00:00-04:00,48.50159334938371,48.76698051428989,48.313875598423856,48.57279586791992,150300,0.0,0.0
2023-10-03 00:00:00-04:00,48.28151002100091,48.637522602844896,47.3688296178061,47.938446044921875,180300,0.0,0.0
2023-10-04 00:00:00-04:00,47.85429843675726,48.42391486161304,47.491815257303585,48.21678161621094,133500,0.0,0.0
2023-10-05 00:00:00-04:00,48.216777228660256,48.37212714857556,46.805683048721505,46.92866516113281,217500,0.0,0.0
2023-10-06 00:00:00-04:00,46.605024802060285,47.48534109767447,45.70528930165176,46.33963394165039,188400,0.0,0.0
2023-10-09 00:00:00-04:00,46.100133300142446,46.7733163017051,45.63408352982984,46.766845703125,249450,0.0,0.0
2023-10-10 00:00:00-04:00,47.08401695405504,48.21030484420338,46.9351413304851,47.74425506591797,149550,0.0,0.0
2023-10-11 00:00:00-04:00,47.71189138796168,48.22325388083114,47.129330085849844,47.679527282714844,82200,0.0,0.0
2023-10-12 00:00:00-04:00,47.78957228394051,47.78957228394051,45.67292702633355,46.41731262207031,184350,0.0,0.0
2023-10-13 00:00:00-04:00,46.553242285735074,46.9610381857127,46.24901301053991,46.702117919921875,190950,0.0,0.0
2023-10-16 00:00:00-04:00,47.17463397246205,48.417436961295955,47.15521477065467,47.90607452392578,238200,0.0,0.0
2023-10-17 00:00:00-04:00,47.440025718351464,49.3042246822511,47.440025718351464,49.12945556640625,165150,0.0,0.0
2023-10-18 00:00:00-04:00,48.40449472173966,49.28481099769156,46.72153528344377,48.624576568603516,220350,0.0,0.0
2023-10-19 00:00:00-04:00,48.33976948005445,48.5274835286286,47.388250630924645,47.5241813659668,110700,0.0,0.0
2023-10-20 00:00:00-04:00,47.60184852362724,48.501583876552694,47.41413080933049,47.724830627441406,126900,0.0,0.0
2023-10-23 00:00:00-04:00,47.53065663883375,48.177946219272584,47.10991581886413,47.23937225341797,132150,0.0,0.0
2023-10-24 00:00:00-04:00,47.52417989193656,47.75073234459155,46.87688664094594,46.88983154296875,127200,0.0,0.0
2023-10-25 00:00:00-04:00,46.60502503006208,46.766849268250226,46.00304449383081,46.43025588989258,246900,0.0,0.0
2023-10-26 00:00:00-04:00,45.63408472399217,47.25231591335514,45.40753228340466,46.94161605834961,227100,0.0,0.0
2023-10-27 00:00:00-04:00,46.682701083936855,47.556543066617124,46.22312188470771,46.436729431152344,189000,0.0,0.0
2023-10-30 00:00:00-04:00,46.91572371794148,47.8607682077805,46.47556743099409,47.60832595825195,142200,0.0,0.0
2023-10-31 00:00:00-04:00,47.42061681949262,48.747567527825716,47.42061681949262,48.64399719238281,136200,0.0,0.0
2023-11-01 00:00:00-04:00,48.61163013420391,50.11334990526058,48.36565847309681,49.99036407470703,135600,0.0,0.0
2023-11-02 00:00:00-04:00,50.702381893419876,51.60211734903216,50.13276179137177,51.43381881713867,203850,0.0,0.0
2023-11-03 00:00:00-04:00,51.88045423753087,52.81255381872627,51.47913265855755,52.624839782714844,288450,0.0,0.0
2023-11-06 00:00:00-05:00,52.57952489938534,52.57952489938534,51.14253717844753,51.34967041015625,195450,0.0,0.0
2023-11-07 00:00:00-05:00,51.03897261218364,51.336727570680566,50.55997792058066,51.27199935913086,181800,0.0,0.0
2023-11-08 00:00:00-05:00,51.58269975125718,51.58269975125718,50.09392864725009,50.19102096557617,143100,0.0,0.0
2023-11-09 00:00:00-05:00,50.76064165885641,50.76064165885641,49.129465387452825,49.51136779785156,123150,0.0,0.0
2023-11-10 00:00:00-05:00,49.62787631519817,50.780053989868556,48.55337175045077,50.488773345947266,174600,0.0,0.0
2023-11-13 00:00:00-05:00,50.113348661398895,50.728274095068926,49.576096342877854,50.676490783691406,174450,0.0,0.0
2023-11-14 00:00:00-05:00,51.78335625893091,54.02946141497609,50.94187842811688,53.80937957763672,225600,0.0,0.0
2023-11-15 00:00:00-05:00,53.89353035161928,54.890358100424685,53.82232784044256,54.366050720214844,205950,0.0,0.0
2023-11-16 00:00:00-05:00,54.44373385171349,54.56024538178034,53.498685597185776,54.100669860839844,120000,0.0,0.0
2023-11-17 00:00:00-05:00,54.57319230128584,55.181643441625276,54.346636143646975,54.974510192871094,144750,0.0,0.0
2023-11-20 00:00:00-05:00,54.78679498792592,55.82893551256958,54.78679498792592,55.291683197021484,191250,0.0,0.0
2023-11-21 00:00:00-05:00,54.91625347241439,54.91625347241439,54.120084625262734,54.320743560791016,129450,0.0,0.0
2023-11-22 00:00:00-05:00,54.961562064851655,55.11691199229914,54.13949971721221,54.50845718383789,138450,0.0,0.0
2023-11-24 00:00:00-05:00,54.48891616401964,55.26425552368164,54.097986186785576,55.26425552368164,42300,0.366667,0.0
2023-11-27 00:00:00-05:00,54.892874136172665,55.46623534778452,54.42376041758114,54.9710578918457,225900,0.0,0.0
2023-11-28 00:00:00-05:00,55.00363559723653,55.00363559723653,53.622358157969806,53.86343002319336,187200,0.0,0.0
2023-11-29 00:00:00-05:00,54.63225322668066,54.66483010092837,53.368249628037724,53.413856506347656,194550,0.0,0.0
2023-11-30 00:00:00-05:00,53.42689332899119,53.472500209939184,52.52775588937131,53.45295333862305,153450,0.0,0.0
2023-12-01 00:00:00-05:00,53.55719921003306,55.531388414905216,53.55719921003306,55.472747802734375,190200,0.0,0.0
2023-12-04 00:00:00-05:00,55.120916637443706,56.49568093374102,55.0622760238652,56.33930969238281,136800,0.0,0.0
2023-12-05 00:00:00-05:00,56.33279025748752,56.67810960038602,54.56709607420747,55.33592224121094,178350,0.0,0.0
2023-12-06 00:00:00-05:00,55.954895551078074,57.512094797435125,55.668213083158925,55.79200744628906,229050,0.0,0.0
2023-12-07 00:00:00-05:00,56.443553824181,57.04949188232422,53.90903350932439,57.04949188232422,190800,0.0,0.0
2023-12-08 00:00:00-05:00,57.01691892316896,57.66195076565741,56.50219458557116,57.24496078491211,157800,0.0,0.0
2023-12-11 00:00:00-05:00,57.21889617043223,58.28091797739585,56.84099993821728,57.62285614013672,194850,0.0,0.0
2023-12-12 00:00:00-05:00,57.805291602273684,57.805291602273684,56.34582295161294,56.7302360534668,196500,0.0,0.0
2023-12-13 00:00:00-05:00,56.86706104428842,58.196214661955096,55.59002744282016,58.09848403930664,442200,0.0,0.0
2023-12-14 00:00:00-05:00,58.63926991469467,61.28455467278327,58.61320617771718,60.887107849121094,373500,0.0,0.0
2023-12-15 00:00:00-05:00,61.043478249142545,61.36925072369433,60.02055021844828,60.730735778808594,1875000,0.0,0.0
2023-12-18 00:00:00-05:00,61.31061350602982,61.336673514323266,60.281168614752495,61.017417907714844,200250,0.0,0.0
2023-12-19 00:00:00-05:00,61.50607029068489,64.61395142097685,61.466976555266214,64.47712707519531,437700,0.0,0.0
2023-12-20 00:00:00-05:00,64.08621078753667,65.95614888125321,63.7539176940918,63.7539176940918,466650,0.0,0.0
2023-12-21 00:00:00-05:00,64.51623553089394,64.75730740733997,63.017676794310006,64.37289428710938,222000,0.0,0.0
2023-12-22 00:00:00-05:00,64.62699083256142,65.53915829410856,64.12530394816888,64.98534393310547,149850,0.0,0.0
2023-12-26 00:00:00-05:00,65.4609732232512,66.16463818054304,65.15474016652851,65.64991760253906,149550,0.0,0.0
2023-12-27 00:00:00-05:00,65.87797282675339,66.78362348458066,65.28506468120382,66.21025848388672,184200,0.0,0.0
2023-12-28 00:00:00-05:00,65.75417363994289,66.25586800729846,65.61083239212701,66.00176239013672,107250,0.0,0.0
2023-12-29 00:00:00-05:00,66.18419269560717,66.4187476952518,65.33066213613482,65.3827896118164,120750,0.0,0.0
2024-01-02 00:00:00-05:00,65.64340368180187,67.34394790990652,64.26864312339963,65.03095245361328,216750,0.0,0.0
2024-01-03 00:00:00-05:00,64.27515654106253,64.27515654106253,61.857909992782254,62.001251220703125,364950,0.0,0.0
2024-01-04 00:00:00-05:00,62.20323498653045,62.52249059803126,61.73412127640076,62.170658111572266,147150,0.0,0.0
2024-01-05 00:00:00-05:00,61.49956371647362,63.03069923747539,61.49956371647362,62.040348052978516,238500,0.0,0.0
2024-01-08 00:00:00-05:00,62.3661234926797,63.310867841787754,62.098991609053066,62.88084411621094,130800,0.0,0.0
2024-01-09 00:00:00-05:00,62.437791766109136,63.0632767308665,61.64290555544278,62.94600296020508,111150,0.0,0.0
2024-01-10 00:00:00-05:00,62.94599832200397,64.16439128584953,62.31399280917966,64.12529754638672,128100,0.0,0.0
2024-01-11 00:00:00-05:00,65.62385885558264,67.2787849763445,63.063274735857725,64.71820831298828,181500,0.0,0.0
2024-01-12 00:00:00-05:00,66.06039439398106,66.6207256098641,62.95902956353563,63.656185150146484,145050,0.0,0.0
2024-01-16 00:00:00-05:00,63.20009821522617,63.460720666826425,62.046862694225744,62.42475891113281,145050,0.0,0.0
2024-01-17 00:00:00-05:00,61.7667011073871,62.222784834997626,59.29733434862373,61.747154235839844,147900,0.0,0.0
2024-01-18 00:00:00-05:00,62.49642627299279,63.21312865712652,62.07943633723268,63.063270568847656,144150,0.0,0.0
2024-01-19 00:00:00-05:00,63.297830465187786,64.11225970664782,62.333535685082154,64.00149536132812,148200,0.0,0.0
2024-01-22 00:00:00-05:00,64.64002046481161,65.7085553756605,64.38591487724092,65.46748352050781,171300,0.0,0.0
2024-01-23 00:00:00-05:00,66.08646315558546,67.0572675026851,64.80942572859688,65.05701446533203,144750,0.0,0.0
2024-01-24 00:00:00-05:00,66.39269332127543,66.39269332127543,64.60093515476389,64.89413452148438,168750,0.0,0.0
2024-01-25 00:00:00-05:00,65.67598046486196,66.26888854934394,64.84851738442254,66.0994873046875,218700,0.0,0.0
2024-01-26 00:00:00-05:00,66.46435408081425,67.37652146813996,66.43829407281399,66.93346405029297,234900,0.0,0.0
2024-01-29 00:00:00-05:00,67.25272240474156,67.97593794673253,66.40571623427087,67.79351043701172,145200,0.0,0.0
2024-01-30 00:00:00-05:00,67.14846981644901,67.61758719984296,66.20372564052651,66.24933624267578,205050,0.0,0.0
2024-01-31 00:00:00-05:00,66.50996349299909,67.59804908542066,65.33718100250988,65.40885162353516,192300,0.0,0.0
2024-02-01 00:00:00-05:00,65.59780073053462,66.58814819365634,64.78336392289117,66.41874694824219,151050,0.0,0.0
2024-02-02 00:00:00-05:00,65.64991953275572,67.5785018609047,65.1612589484984,66.88786315917969,159000,0.0,0.0
2024-02-05 00:00:00-05:00,65.96917120774809,66.34706738988378,64.98533328726361,65.74764251708984,151500,0.0,0.0
2024-02-06 00:00:00-05:00,65.74113789886785,66.97907401526521,65.50005859397602,66.90088653564453,176100,0.0,0.0
2024-02-07 00:00:00-05:00,66.9530120879403,67.80653510416164,66.0538784671865,67.40909576416016,241800,0.0,0.0
2024-02-08 00:00:00-05:00,66.80967540199251,70.00225389597507,65.57824864693441,68.70568084716797,425100,0.0,0.0
2024-02-09 00:00:00-05:00,69.42237835649392,73.04498048636444,68.68612906268208,71.77446746826172,319350,0.0,0.0
2024-02-12 00:00:00-05:00,72.11978824026883,74.00927682396956,71.05776272408664,73.29908752441406,274800,0.0,0.0
2024-02-13 00:00:00-05:00,69.85892013141984,71.42263250361822,69.32464894144711,69.70254516601562,343350,0.0,0.0
2024-02-14 00:00:00-05:00,71.21413749844605,71.8331055808457,69.72860515304437,71.30535125732422,201450,0.0,0.0
2024-02-15 00:00:00-05:00,71.83310648422157,72.6214758180917,70.62123031295131,72.26313018798828,186600,0.0,0.0
2024-02-16 00:00:00-05:00,71.97100881475544,73.26418220072661,71.62966729257167,72.99504089355469,306600,0.55,0.0
2024-02-20 00:00:00-05:00,72.14169278972732,73.2838775944971,71.53120991212283,73.13289642333984,435000,0.0,0.0
2024-02-21 00:00:00-05:00,72.57492559845916,73.67116539936822,72.45677296331489,73.59239196777344,203850,0.0,0.0
2024-02-22 00:00:00-05:00,73.91405011517746,75.45666030470333,73.91405011517746,74.75428009033203,183300,0.0,0.0
2024-02-23 00:00:00-05:00,74.70834227064866,75.62733825903214,74.15693566291947,74.87901306152344,129900,0.0,0.0
2024-02-26 00:00:00-05:00,74.66894749962566,76.19842625904276,74.56391875408094,75.55512237548828,292500,0.0,0.0
2024-02-27 00:00:00-05:00,76.43474328556778,77.18307595605239,75.77174976216648,76.38223266601562,276900,0.0,0.0
2024-02-28 00:00:00-05:00,75.66671876893277,77.45221500128412,75.66671876893277,77.117431640625,284550,0.0,0.0
2024-02-29 00:00:00-05:00,77.45876255493124,79.09327738959776,77.29465750592266,78.73223876953125,306150,0.0,0.0
2024-03-01 00:00:00-05:00,78.62065197099277,80.62276381243626,77.55067492788929,80.27485656738281,352650,0.0,0.0
2024-03-04 00:00:00-05:00,80.18296271669277,81.12165574861015,79.1786201436932,79.36898803710938,255150,0.0,0.0
2024-03-05 00:00:00-05:00,78.48280243158315,79.32303238607936,77.27497562811904,77.66226959228516,294150,0.0,0.0
2024-03-06 00:00:00-05:00,77.6622719108269,77.6622719108269,72.50929006838525,73.9993896484375,616950,0.0,0.0
2024-03-07 00:00:00-05:00,74.91182080678001,76.22467627887832,73.74337327656923,73.90747833251953,520500,0.0,0.0
2024-03-08 00:00:00-05:00,74.485143239865,75.98180094408107,72.9359674082168,73.59896087646484,314400,0.0,0.0
2024-03-11 00:00:00-04:00,72.771866721377,73.56614428759453,71.46556930896249,73.43486022949219,237000,0.0,0.0
2024-03-12 00:00:00-04:00,73.73681176049016,73.73681176049016,71.3736612593277,71.64936828613281,432000,0.0,0.0
2024-03-13 00:00:00-04:00,71.54433250505213,73.49392603037572,70.98636031350995,72.8309326171875,414450,0.0,0.0
2024-03-14 00:00:00-04:00,73.15259775430046,73.26419221279284,71.2686383956325,72.49616241455078,287850,0.0,0.0
2024-03-15 00:00:00-04:00,72.50272618868993,74.5704801756441,72.50272618868993,74.01908111572266,1803300,0.0,0.0
2024-03-18 00:00:00-04:00,74.66237698133799,75.69953295963802,73.35607969525914,74.61642456054688,286350,0.0,0.0
2024-03-19 00:00:00-04:00,74.00595876822058,75.58139005262211,74.00595876822058,74.79367065429688,209250,0.0,0.0
2024-03-20 00:00:00-04:00,74.82648532265715,75.57481793636332,73.44798024864524,74.85930633544922,284700,0.0,0.0
2024-03-21 00:00:00-04:00,75.61420670520083,77.32748765861433,75.57481998633233,76.5003890991211,267000,0.0,0.0
2024-03-22 00:00:00-04:00,76.80233610919434,77.42594281792601,75.25972608641193,76.18529510498047,244500,0.0,0.0
2024-03-25 00:00:00-04:00,76.47412525244046,77.11086342648366,75.67984771728516,75.67984771728516,179400,0.0,0.0
2024-03-26 00:00:00-04:00,76.25750519334579,76.61197061356648,75.70609868047902,75.92272186279297,227100,0.0,0.0
2024-03-27 00:00:00-04:00,76.47412285316908,77.40625762939453,76.32314920189167,77.40625762939453,141450,0.0,0.0
2024-03-28 00:00:00-04:00,77.78041747682177,79.24426161483225,77.22245277630914,78.42372131347656,400800,0.0,0.0
2024-04-01 00:00:00-04:00,78.39090187738154,79.4083682656259,77.41938039821571,77.81324005126953,244500,0.0,0.0
2024-04-02 00:00:00-04:00,76.80890790240926,77.3274859167074,75.55512116879181,76.95332336425781,405000,0.0,0.0
2024-04-03 00:00:00-04:00,76.44130835031257,78.06269203331374,76.15247740845024,76.34941101074219,185700,0.0,0.0
2024-04-04 00:00:00-04:00,77.13056259536873,77.39313070829584,73.94687164038733,74.3144760131836,222600,0.0,0.0
2024-04-05 00:00:00-04:00,74.30134268503963,76.44787000671418,73.6580388053731,75.75862121582031,137400,0.0,0.0
2024-04-08 00:00:00-04:00,76.52007500929759,76.94018997395412,75.29911683229555,75.46978759765625,204600,0.0,0.0
2024-04-09 00:00:00-04:00,75.75862089095712,75.75862089095712,74.47857884221648,75.04967498779297,134100,0.0,0.0
2024-04-10 00:00:00-04:00,73.02787025288642,73.61209784245476,71.13078703765076,71.48526000976562,232950,0.0,0.0
2024-04-11 00:00:00-04:00,71.91193820071166,71.9316278041406,70.56625409486087,71.59028625488281,220800,0.0,0.0
2024-04-12 00:00:00-04:00,71.4392994299149,71.4392994299149,69.67350798858823,70.30368041992188,134850,0.0,0.0
2024-04-15 00:00:00-04:00,70.82226181447855,71.54433912193457,69.17462292962207,69.31903839111328,148500,0.0,0.0
2024-04-16 00:00:00-04:00,68.7413762860853,69.39781156534384,67.98648548086074,68.84640502929688,160500,0.0,0.0
2024-04-17 00:00:00-04:00,69.66037691214869,69.66037691214869,67.9996066891913,68.40003204345703,200700,0.0,0.0
2024-04-18 00:00:00-04:00,68.27530567449456,68.76762835462416,66.86398716873789,67.3759994506836,179100,0.0,0.0
2024-04-19 00:00:00-04:00,66.9690211885357,68.13090310576368,66.9690211885357,67.87489318847656,192900,0.0,0.0
2024-04-22 00:00:00-04:00,68.03899257555285,70.24459606886332,68.03899257555285,69.27964782714844,225900,0.0,0.0
2024-04-23 00:00:00-04:00,68.92518068550388,71.76095684358371,68.89892537691712,71.19642639160156,207300,0.0,0.0
2024-04-24 00:00:00-04:00,71.14391728138007,71.60998470184761,69.53566503458568,70.11331939697266,123150,0.0,0.0
2024-04-25 00:00:00-04:00,68.93831618307986,69.10242126178707,67.59919770653192,68.5444564819336,145500,0.0,0.0
2024-04-26 00:00:00-04:00,68.59696419508231,69.6669487947547,68.59040600201112,69.24683380126953,97350,0.0,0.0
2024-04-29 00:00:00-04:00,69.5356576679968,70.50717161359994,69.47000813372145,70.3496322631836,149700,0.0,0.0
2024-04-30 00:00:00-04:00,69.8507533483392,69.88357436380134,68.45911675109781,68.59040832519531,253950,0.0,0.0
2024-05-01 00:00:00-04:00,69.01051616137562,69.54221805905804,66.79833938297088,68.30813598632812,345150,0.0,0.0
2024-05-02 00:00:00-04:00,71.61654440541726,73.29701193423269,67.23159217162663,72.4305191040039,520800,0.0,0.0
2024-05-03 00:00:00-04:00,73.63835313680241,74.33416766997702,71.17017374341997,72.94910430908203,345750,0.0,0.0
2024-05-06 00:00:00-04:00,73.8221513209369,74.80679674265797,73.56614140785987,74.2947769165039,217950,0.0,0.0
2024-05-07 00:00:00-04:00,74.70833396275277,75.7126689910118,74.28821898201065,74.9249496459961,266700,0.0,0.0
2024-05-08 00:00:00-04:00,74.17662534718879,75.60764107704294,73.65803980843214,75.194091796875,244800,0.0,0.0
2024-05-09 00:00:00-04:00,75.19409632989753,75.69298478315075,74.61643443407824,75.50261688232422,245400,0.0,0.0
2024-05-10 00:00:00-04:00,75.88333878693278,76.13934869760747,74.47857839911258,75.41071319580078,143400,0.0,0.0
2024-05-13 00:00:00-04:00,76.08683522146686,76.1393533527193,73.86810005521355,74.17662811279297,201750,0.0,0.0
2024-05-14 00:00:00-04:00,75.09562798872236,77.29466593421334,74.38668208010485,76.3887939453125,269700,0.0,0.0
2024-05-15 00:00:00-04:00,77.30122608383161,77.41937871861082,75.04310446674424,75.73235321044922,189600,0.0,0.0
2024-05-16 00:00:00-04:00,75.79143610654249,75.88333343382193,73.40858866712429,73.84183502197266,180150,0.0,0.0
2024-05-17 00:00:00-04:00,74.02564588378878,74.02564588378878,72.48303566682877,73.1197738647461,180750,0.0,0.0
2024-05-20 00:00:00-04:00,73.10664148250116,74.45232559474178,73.10664148250116,74.07815551757812,156900,0.0,0.0
2024-05-21 00:00:00-04:00,73.27074138186221,73.97312154982251,73.18540975628882,73.57926940917969,90150,0.0,0.0
2024-05-22 00:00:00-04:00,73.2182372567388,73.7171256937964,72.01696858947473,72.60118865966797,171750,0.0,0.0
2024-05-23 00:00:00-04:00,72.8703231151896,73.25105135629231,71.54433621996185,72.79154968261719,162300,0.0,0.0
2024-05-24 00:00:00-04:00,73.48080289564247,74.19631451246947,72.94253526898216,74.17005920410156,157800,0.0,0.0
2024-05-28 00:00:00-04:00,74.26196091462958,74.74771795317227,73.6317884031825,74.08472442626953,136200,0.0,0.0
2024-05-29 00:00:00-04:00,73.3823419805272,73.83527799004854,72.74560378260986,73.1197738647461,123600,0.0,0.0
2024-05-30 00:00:00-04:00,73.73681921661723,74.67551230449085,73.17885442602282,74.5770492553711,149100,0.0,0.0
2024-05-31 00:00:00-04:00,74.7739698657506,75.364755570005,74.11753462791434,75.2269058227539,149550,0.0,0.0
2024-06-03 00:00:00-04:00,76.20310711520868,76.20310711520868,74.32985475419908,74.96307373046875,161400,0.366667,0.0
2024-06-04 00:00:00-04:00,74.24410748624739,75.0290281338197,72.60830761460558,72.73363494873047,191550,0.0,0.0
2024-06-05 00:00:00-04:00,72.74023448564465,73.42621736011795,71.85637585524363,73.20854949951172,150750,0.0,0.0
2024-06-06 00:00:00-04:00,72.72044849571141,72.72044849571141,70.67570219753357,71.28253173828125,176550,0.0,0.0
2024-06-07 00:00:00-04:00,70.68229526919612,70.95272695688928,70.09525031994426,70.33271026611328,152850,0.0,0.0
2024-06-10 00:00:00-04:00,69.44225939498452,70.27334662165741,68.78265845001513,69.19161224365234,286350,0.0,0.0
2024-06-11 00:00:00-04:00,68.60456940750696,68.9409672587381,67.50964025874374,68.92777252197266,303150,0.0,0.0
2024-06-12 00:00:00-04:00,70.97910952621025,72.27851168038713,69.8050271654797,70.4580307006836,343500,0.0,0.0
2024-06-13 00:00:00-04:00,70.1282323314655,70.39207421017832,68.51222441333667,69.35650634765625,198750,0.0,0.0
2024-06-14 00:00:00-04:00,68.34732653458765,68.73648820236913,67.00175034264913,68.26817321777344,230700,0.0,0.0
2024-06-17 00:00:00-04:00,68.32753317208532,70.26015428822875,67.5624045862489,69.96333312988281,1070100,0.0,0.0
2024-06-18 00:00:00-04:00,69.93695513829819,70.38547803639618,68.70351150717167,70.24696350097656,279600,0.0,0.0
2024-06-20 00:00:00-04:00,69.83141971228827,71.28253119484785,69.39608400297759,70.51739501953125,472050,0.0,0.0
2024-06-21 00:00:00-04:00,70.37228609194572,71.51338926088552,69.37630238072153,71.2165756225586,841500,0.0,0.0
2024-06-24 00:00:00-04:00,71.07804884061919,72.34447927869103,71.07804884061919,71.5463638305664,245100,0.0,0.0
2024-06-25 00:00:00-04:00,71.32210556022152,71.32210556022152,69.60055488249832,70.68229675292969,214050,0.0,0.0
2024-06-26 00:00:00-04:00,70.53059017392607,70.94613378156386,69.77205136215655,70.81421661376953,225300,0.0,0.0
2024-06-27 00:00:00-04:00,71.03188394548928,71.15060637623756,69.89078082645207,70.78783416748047,156150,0.0,0.0
2024-06-28 00:00:00-04:00,71.53976758907734,72.02787469037744,70.3129213390239,71.59913635253906,1542600,0.0,0.0
2024-07-01 00:00:00-04:00,72.54235757765561,72.81278928282396,71.21657342734727,72.68746948242188,765150,0.0,0.0
2024-07-02 00:00:00-04:00,72.76662112565033,73.19535946194529,70.55037349346489,70.66250610351562,407700,0.0,0.0
2024-07-03 00:00:00-04:00,71.1967778349824,72.76661923801764,71.09783996343685,71.96190643310547,217950,0.0,0.0
2024-07-05 00:00:00-04:00,71.35508485091357,71.35508485091357,70.22057913476523,70.68229675292969,166200,0.0,0.0
2024-07-08 00:00:00-04:00,71.24954969060526,71.79041307794942,71.05826376559705,71.51998138427734,128400,0.0,0.0
2024-07-09 00:00:00-04:00,71.23635029709303,71.23635029709303,69.1718121094667,69.26416015625,262800,0.0,0.0
2024-07-10 00:00:00-04:00,69.23119068250537,71.5793480653609,69.11905806607176,71.4144515991211,218550,0.0,0.0
2024-07-11 00:00:00-04:00,73.20195428077155,75.58969590085078,73.20195428077155,74.8905258178711,219000,0.0,0.0
2024-07-12 00:00:00-04:00,75.07520351837269,77.7729533984401,73.10301316283613,76.67802429199219,286200,0.0,0.0
2024-07-15 00:00:00-04:00,77.46294733901932,79.38236635515666,77.19250807706237,78.45893859863281,239850,0.0,0.0
2024-07-16 00:00:00-04:00,79.48790095137969,82.07351827449156,79.36258114815284,81.58541870117188,390900,0.0,0.0
2024-07-17 00:00:00-04:00,80.83347575064151,81.74372384327812,80.27941760175709,80.39814758300781,322050,0.0,0.0
2024-07-18 00:00:00-04:00,80.14750236866367,82.84524477404146,77.8718934048186,78.35999298095703,238800,0.0,0.0
2024-07-19 00:00:00-04:00,78.5578760718088,78.59085536478281,77.10016716723368,77.79273986816406,182550,0.0,0.0
2024-07-22 00:00:00-04:00,78.45893167607343,80.41792718083416,76.78355504794119,80.16068267822266,183150,0.0,0.0
2024-07-23 00:00:00-04:00,79.53407011896782,81.88223488014935,78.93383796717673,81.2490234375,243900,0.0,0.0
2024-07-24 00:00:00-04:00,80.4509039256901,81.42051314425564,78.17530277758803,78.28083801269531,348450,0.0,0.0
2024-07-25 00:00:00-04:00,77.36400804693253,82.62758315054066,77.36400804693253,82.09990692138672,417750,0.0,0.0
2024-07-26 00:00:00-04:00,83.41909345129775,83.9071930181332,81.69755023100879,83.10908508300781,313500,0.0,0.0
2024-07-29 00:00:00-04:00,83.34653327487351,83.86102228836839,82.56820993525882,83.36632537841797,200250,0.0,0.0
2024-07-30 00:00:00-04:00,83.59718131908727,84.86360421451893,83.04972055737448,84.42827606201172,219900,0.0,0.0
2024-07-31 00:00:00-04:00,84.7448787864565,87.0072928003486,83.43887927820694,84.46784973144531,367650,0.0,0.0
2024-08-01 00:00:00-04:00,86.57855237599153,89.70503276880434,81.38753375924637,82.98375701904297,487050,0.0,0.0
2024-08-02 00:00:00-04:00,78.73595953967852,80.77410832949144,77.83230888460581,80.37834930419922,398550,0.0,0.0
2024-08-05 00:00:00-04:00,74.47496535024689,80.14749372750113,74.47496535024689,79.24384307861328,391350,0.0,0.0
2024-08-06 00:00:00-04:00,79.27023999124967,81.16327705160992,79.07895405535827,79.88365936279297,299400,0.0,0.0
2024-08-07 00:00:00-04:00,81.18305745279804,81.84265836809674,76.94845309181315,77.9246597290039,216600,0.0,0.0
2024-08-08 00:00:00-04:00,79.34279467098443,80.61581497114926,78.59745059250895,78.8942642211914,167850,0.0,0.0
2024-08-09 00:00:00-04:00,78.68319145044033,79.92982979048304,78.26105048533235,78.68978881835938,126450,0.0,0.0
2024-08-12 00:00:00-04:00,79.21746792782619,79.7055674930602,77.8718916651142,78.920654296875,354300,0.0,0.0
2024-08-13 00:00:00-04:00,79.67258367719278,83.21461533082937,78.28084101332584,82.77268981933594,313500,0.0,0.0
2024-08-14 00:00:00-04:00,82.89800991430519,83.55101345495008,81.16327205553809,81.49307250976562,229950,0.0,0.0
2024-08-15 00:00:00-04:00,83.67632988280525,85.08126723081854,82.6077827948196,83.18163299560547,186300,0.0,0.0
2024-08-16 00:00:00-04:00,83.31355561830985,85.04169615310984,82.11309129457565,83.07610321044922,112050,0.0,0.0
2024-08-19 00:00:00-04:00,83.43888092041016,83.73569453584575,82.52863287370401,83.43888092041016,144750,0.0,0.0
2024-08-20 00:00:00-04:00,83.68293343982043,83.68293343982043,82.29118317548267,82.46267700195312,127500,0.0,0.0
2024-08-21 00:00:00-04:00,83.24759699333991,85.39128112792969,81.78329833905214,85.39128112792969,153600,0.0,0.0
2024-08-22 00:00:00-04:00,85.47043581399821,86.32131513286237,83.53782213281053,84.06549835205078,137250,0.0,0.0
2024-08-23 00:00:00-04:00,84.73828714555434,88.41883352167153,84.73828714555434,87.71306610107422,279000,0.0,0.0
2024-08-26 00:00:00-04:00,88.34690909386076,89.0769980546409,87.2517832482894,87.47080993652344,156300,0.55,0.0
2024-08-27 00:00:00-04:00,87.165494652101,87.23850354600687,85.73851713553826,87.02611541748047,134250,0.0,0.0
2024-08-28 00:00:00-04:00,86.51506110657465,87.7031038822626,85.78497216455533,85.79161071777344,117750,0.0,0.0
2024-08-29 00:00:00-04:00,86.90001501977767,86.90001501977767,85.00842988934575,85.32037353515625,244650,0.0,0.0
2024-08-30 00:00:00-04:00,86.03718033029564,86.03718033029564,84.33807536801393,85.76506042480469,159000,0.0,0.0
2024-09-03 00:00:00-04:00,84.77613392415533,85.13453984861135,82.5792436952259,83.72746276855469,186900,0.0,0.0
2024-09-04 00:00:00-04:00,83.34914722014815,84.2916166958472,82.78499172625246,84.0460433959961,198450,0.0,0.0
2024-09-05 00:00:00-04:00,84.65666005641074,86.12346887865925,82.38676100416656,82.71862030029297,248250,0.0,0.0
2024-09-06 00:00:00-04:00,82.73189289235177,83.42879668061396,81.01287975191588,83.05711364746094,181800,0.0,0.0
2024-09-09 00:00:00-04:00,83.64781336163006,86.1234696037632,82.76507567783618,83.74073791503906,346800,0.0,0.0
2024-09-10 00:00:00-04:00,83.85357434668072,84.497377314248,81.87570316516091,84.12569427490234,325950,0.0,0.0
2024-09-11 00:00:00-04:00,83.90666113742991,85.63895128040302,82.67879468241789,85.45311737060547,244050,0.0,0.0
2024-09-12 00:00:00-04:00,86.17656650415292,87.70974574463942,85.75842878281993,87.2584228515625,374550,0.0,0.0
2024-09-13 00:00:00-04:00,88.71194776717978,90.61680230270765,88.71194776717978,89.82035064697266,223950,0.0,0.0
2024-09-16 00:00:00-04:00,89.82035337047544,90.82256222018574,89.02389409499213,90.62344360351562,160650,0.0,0.0
2024-09-17 00:00:00-04:00,91.75176041426515,93.08582094014035,91.53937229096172,92.74069213867188,349800,0.0,0.0
2024-09-18 00:00:00-04:00,93.03935802975285,97.2141191708259,92.42874028052199,93.25838470458984,624900,0.0,0.0
2024-09-19 00:00:00-04:00,95.48183366335829,97.35350312863987,93.05927820774139,97.18093872070312,473850,0.0,0.0
2024-09-20 00:00:00-04:00,96.70306176869838,98.09686173646467,95.93979524066366,97.53934478759766,1210650,0.0,0.0
2024-09-23 00:00:00-04:00,98.04376705621002,98.04376705621002,93.64997908518261,94.7251968383789,358500,0.0,0.0
2024-09-24 00:00:00-04:00,95.11014660706178,95.57474657595702,93.74290091247175,94.89775848388672,274800,0.0,0.0
2024-09-25 00:00:00-04:00,94.64554847597796,94.91766839045547,92.44201975634938,92.57476043701172,281700,0.0,0.0
2024-09-26 00:00:00-04:00,94.17431086568514,96.09908113650256,93.67652571273575,93.7495346069336,144300,0.0,0.0
2024-09-27 00:00:00-04:00,95.09687437337107,96.50395145819725,93.90883157156466,94.30042266845703,155700,0.0,0.0
2024-09-30 00:00:00-04:00,93.90882586890729,95.16324653258016,93.48404962658819,94.49288940429688,201150,0.0,0.0
2024-10-01 00:00:00-04:00,94.57918142707635,96.39775767871286,92.70751193956663,95.78713989257812,289050,0.0,0.0
2024-10-02 00:00:00-04:00,95.28271128542009,96.60350230388931,94.2539558360674,94.84466552734375,261450,0.0,0.0
2024-10-03 00:00:00-04:00,93.95528854519267,96.238457059607,93.66325297845181,95.9796142578125,199350,0.0,0.0
2024-10-04 00:00:00-04:00,97.66544187365571,98.46190112712667,96.58359320277584,97.00836944580078,274650,0.0,0.0
2024-10-07 00:00:00-04:00,97.01501264265123,97.01501264265123,95.30926144033087,96.25837707519531,115350,0.0,0.0
2024-10-08 00:00:00-04:00,96.2583740053339,96.73624348857211,95.3291740599726,95.71412658691406,152550,0.0,0.0
2024-10-09 00:00:00-04:00,95.7141306450477,96.9486357239524,94.8513010026869,95.27607727050781,148200,0.0,0.0
2024-10-10 00:00:00-04:00,94.48626553925189,94.48626553925189,92.13008037075436,92.28936767578125,391500,0.0,0.0
2024-10-11 00:00:00-04:00,92.28273649393694,93.98184158662738,92.28273649393694,93.88228607177734,304650,0.0,0.0
2024-10-14 00:00:00-04:00,93.74290190613466,94.19422477376602,93.18537738019162,93.91546630859375,147000,0.0,0.0
2024-10-15 00:00:00-04:00,93.91546835148944,96.15218227021445,93.35794381341886,94.46634674072266,206550,0.0,0.0
2024-10-16 00:00:00-04:00,95.3092635174562,97.45969909427058,95.09687538114852,96.60350799560547,493200,0.0,0.0
2024-10-17 00:00:00-04:00,96.33802118544165,97.16101947048246,96.04598561560215,96.74288177490234,160200,0.0,0.0
2024-10-18 00:00:00-04:00,97.34686435115044,97.41323469285028,96.23846141532613,96.25837707519531,154950,0.0,0.0
2024-10-21 00:00:00-04:00,96.23182547178081,96.23182547178081,93.17873674258013,93.36457824707031,211350,0.0,0.0
2024-10-22 00:00:00-04:00,92.91989533973728,92.91989533973728,90.62344210425833,90.73627471923828,171150,0.0,0.0
2024-10-23 00:00:00-04:00,89.76725273115909,90.07920396533726,87.45089138890906,89.03053283691406,241500,0.0,0.0
2024-10-24 00:00:00-04:00,89.68761318317277,90.40441742033292,88.45973909301411,89.74734497070312,287550,0.0,0.0
2024-10-25 00:00:00-04:00,90.78274012153467,92.80042736777686,88.93761728242914,89.32920837402344,202050,0.0,0.0
2024-10-28 00:00:00-04:00,90.25840565937274,91.10131960573399,89.70088113491782,90.06592559814453,204300,0.0,0.0
2024-10-29 00:00:00-04:00,89.60132793399212,90.82919443884522,88.91106271261614,90.56371307373047,154200,0.0,0.0
2024-10-30 00:00:00-04:00,90.17875801759192,91.47299482756605,88.81150471953269,88.93761444091797,153450,0.0,0.0
2024-10-31 00:00:00-04:00,87.95531895324814,90.31150412236917,83.47525241254702,83.61463165283203,589800,0.0,0.0
2024-11-01 00:00:00-04:00,83.64118606073623,84.93542295147112,76.31378771618537,76.83811950683594,1307550,0.0,0.0
2024-11-04 00:00:00-05:00,76.1146635874651,78.09253462250432,76.1146635874651,76.41333770751953,481350,0.0,0.0
2024-11-05 00:00:00-05:00,76.32705499673014,79.04164602371416,76.32705499673014,78.65005493164062,578700,0.0,0.0
2024-11-06 00:00:00-05:00,84.29161750600177,88.24071359682631,84.00622047970221,86.40222930908203,897150,0.0,0.0
2024-11-07 00:00:00-05:00,86.52833312871363,86.52833312871363,83.5615377843992,84.13233184814453,353850,0.0,0.0
2024-11-08 00:00:00-05:00,84.29825689525919,84.29825689525919,82.51950437820811,83.52171325683594,283200,0.0,0.0
2024-11-11 00:00:00-05:00,84.53719116560781,88.47301776210811,84.53719116560781,87.68319702148438,723000,0.0,0.0
2024-11-12 00:00:00-05:00,87.48408093293327,88.06150591223931,84.23188119911644,86.17655944824219,498300,0.0,0.0
2024-11-13 00:00:00-05:00,87.39779700398694,88.61239396766234,86.11019114760543,87.90885925292969,653550,0.0,0.0
2024-11-14 00:00:00-05:00,87.81593988618641,89.1300924368937,86.86683182056417,87.05267333984375,686850,0.0,0.0
2024-11-15 00:00:00-05:00,87.49735292866677,87.70974105471095,83.90666284965823,85.28718566894531,463800,0.0,0.0
2024-11-18 00:00:00-05:00,86.71417055916343,88.34026667061497,86.48851292302476,87.08585357666016,414600,0.0,0.0
2024-11-19 00:00:00-05:00,85.68541338537693,87.46416580006388,85.08807274370412,86.07036590576172,537600,0.0,0.0
2024-11-20 00:00:00-05:00,86.20975109032189,87.211959980499,85.13454089928311,86.80046081542969,299250,0.0,0.0
2024-11-21 00:00:00-05:00,87.29160690460736,89.15663783863165,86.63452684042024,88.44646453857422,418200,0.0,0.0
2024-11-22 00:00:00-05:00,88.47965496336178,90.71636887166586,88.47965496336178,89.9000015258789,331050,0.0,0.0
2024-11-25 00:00:00-05:00,90.99333190917969,95.23332977294922,90.99333190917969,93.66000366210938,503850,0.4,0.0
2024-11-26 00:00:00-05:00,93.45333099365234,93.45333099365234,90.0,92.23332977294922,391950,0.0,0.0
2024-11-27 00:00:00-05:00,92.04000091552734,93.83333587646484,89.50666809082031,89.61333465576172,260850,0.0,0.0
2024-11-29 00:00:00-05:00,89.78666687011719,90.55999755859375,88.92666625976562,89.59333038330078,150150,0.0,0.0
2024-12-02 00:00:00-05:00,89.4000015258789,91.413330078125,88.94000244140625,90.00666809082031,334350,0.0,0.0
2024-12-03 00:00:00-05:00,89.78666687011719,90.95333099365234,87.6066665649414,89.42666625976562,297450,0.0,0.0
2024-12-04 00:00:00-05:00,89.43333435058594,92.08000183105469,88.31999969482422,92.0,431850,0.0,0.0
2024-12-05 00:00:00-05:00,91.72666931152344,92.47333526611328,90.21333312988281,90.83333587646484,506400,0.0,0.0
2024-12-06 00:00:00-05:00,92.1066665649414,92.25333404541016,90.586669921875,91.73332977294922,220050,0.0,0.0
2024-12-09 00:00:00-05:00,92.74666595458984,93.3133316040039,90.76000213623047,91.13333129882812,322350,0.0,0.0
2024-12-10 00:00:00-05:00,90.8066635131836,91.92666625976562,89.6066665649414,90.57333374023438,283500,0.0,0.0
2024-12-11 00:00:00-05:00,91.54666900634766,92.12666320800781,90.05999755859375,90.17333221435547,389100,0.0,0.0
2024-12-12 00:00:00-05:00,90.44000244140625,91.64666748046875,89.04666900634766,90.66000366210938,540900,0.0,0.0
2024-12-13 00:00:00-05:00,91.76667022705078,91.82666778564453,87.94000244140625,89.72666931152344,381300,0.0,0.0
2024-12-16 00:00:00-05:00,91.36000061035156,91.45999908447266,87.55999755859375,88.25,457800,0.0,1.5
2024-12-17 00:00:00-05:00,88.19999694824219,90.02999877929688,87.33000183105469,88.0,534400,0.0,0.0
2024-12-18 00:00:00-05:00,87.66000366210938,88.18000030517578,82.97000122070312,83.87999725341797,501900,0.0,0.0
2024-12-19 00:00:00-05:00,84.62000274658203,86.11000061035156,82.70999908447266,83.5199966430664,589300,0.0,0.0
2024-12-20 00:00:00-05:00,82.83000183105469,84.66999816894531,82.22000122070312,82.88999938964844,2451000,0.0,0.0
2024-12-23 00:00:00-05:00,82.91000366210938,83.02999877929688,81.47000122070312,83.0,349600,0.0,0.0
2024-12-24 00:00:00-05:00,83.0,83.69999694824219,82.47000122070312,83.5999984741211,128100,0.0,0.0
2024-12-26 00:00:00-05:00,83.06999969482422,84.94000244140625,82.76000213623047,84.55999755859375,282700,0.0,0.0
2024-12-27 00:00:00-05:00,83.94000244140625,84.87000274658203,82.38999938964844,83.5,166000,0.0,0.0
2024-12-30 00:00:00-05:00,83.05000305175781,83.2300033569336,81.41999816894531,82.70999908447266,226800,0.0,0.0
2024-12-31 00:00:00-05:00,83.44999694824219,84.31999969482422,82.62999725341797,83.08000183105469,263000,0.0,0.0
2025-01-02 00:00:00-05:00,83.08000183105469,84.04000091552734,81.58000183105469,82.12999725341797,179500,0.0,0.0
2025-01-03 00:00:00-05:00,82.69000244140625,83.66999816894531,81.73999786376953,83.4000015258789,295700,0.0,0.0
2025-01-06 00:00:00-05:00,83.9000015258789,85.8499984741211,83.48999786376953,83.93000030517578,251100,0.0,0.0
2025-01-07 00:00:00-05:00,84.12000274658203,85.01000213623047,82.37000274658203,82.81999969482422,301300,0.0,0.0
2025-01-08 00:00:00-05:00,82.30000305175781,84.05999755859375,81.9800033569336,83.47000122070312,238500,0.0,0.0
2025-01-10 00:00:00-05:00,81.52999877929688,83.51000213623047,81.47000122070312,83.33999633789062,386500,0.0,0.0
2025-01-13 00:00:00-05:00,82.27999877929688,83.81999969482422,81.63999938964844,83.44999694824219,244500,0.0,0.0
2025-01-14 00:00:00-05:00,83.0199966430664,85.81999969482422,83.0199966430664,85.7300033569336,260700,0.0,0.0
2025-01-15 00:00:00-05:00,88.12999725341797,90.41999816894531,87.80000305175781,90.0199966430664,614500,0.0,0.0
2025-01-16 00:00:00-05:00,90.0,92.62000274658203,89.43000030517578,92.20999908447266,335500,0.0,0.0
2025-01-17 00:00:00-05:00,93.20999908447266,93.5,92.12000274658203,92.72000122070312,599500,0.0,0.0
2025-01-21 00:00:00-05:00,93.73999786376953,95.22000122070312,93.47000122070312,95.06999969482422,322000,0.0,0.0
2025-01-22 00:00:00-05:00,94.54000091552734,95.5999984741211,93.2699966430664,94.37000274658203,334300,0.0,0.0
2025-01-23 00:00:00-05:00,93.80000305175781,96.58000183105469,93.05999755859375,95.31999969482422,539900,0.0,0.0
2025-01-24 00:00:00-05:00,95.18000030517578,95.95999908447266,94.4800033569336,94.58999633789062,282400,0.0,0.0
2025-01-27 00:00:00-05:00,94.08999633789062,97.5199966430664,91.9800033569336,97.5,417500,0.0,0.0
2025-01-28 00:00:00-05:00,96.6500015258789,97.45999908447266,95.16000366210938,96.01000213623047,380500,0.0,0.0
2025-01-29 00:00:00-05:00,95.88999938964844,96.6500015258789,93.0199966430664,94.47000122070312,355700,0.0,0.0
2025-01-30 00:00:00-05:00,95.86000061035156,98.37000274658203,95.37000274658203,97.91999816894531,301600,0.0,0.0
2025-01-31 00:00:00-05:00,97.26000213623047,98.29000091552734,94.9000015258789,97.13999938964844,530400,0.0,0.0
2025-02-03 00:00:00-05:00,94.5,98.16999816894531,93.52999877929688,95.7300033569336,547800,0.0,0.0
2025-02-04 00:00:00-05:00,95.5,97.30999755859375,95.37000274658203,96.58999633789062,470600,0.0,0.0
2025-02-05 00:00:00-05:00,96.44999694824219,98.5999984741211,96.2699966430664,97.69000244140625,443400,0.0,0.0
2025-02-06 00:00:00-05:00,96.6500015258789,96.6500015258789,92.18000030517578,95.01000213623047,562300,0.0,0.0
2025-02-07 00:00:00-05:00,95.11000061035156,96.25,93.61000061035156,94.75,350600,0.0,0.0
