Date,Open,High,Low,Close,Volume,Dividends,Stock Splits
2005-08-10 00:00:00-04:00,14.303032606258187,15.018184006158348,14.109748568670438,14.757250785827637,4659200,0.0,0.0
2005-08-11 00:00:00-04:00,14.737922191619873,15.356432044898611,14.737922191619873,14.979527473449707,337800,0.0,0.0
2005-08-12 00:00:00-04:00,14.786243862449602,15.80098625998408,14.786243862449602,15.511058807373047,171300,0.0,0.0
2005-08-15 00:00:00-04:00,15.462738486922243,15.78165739448293,14.254712042631443,15.511058807373047,300100,0.0,0.0
2005-08-16 00:00:00-04:00,15.221132767810401,15.559380531311035,15.221132767810401,15.559380531311035,98600,0.0,0.0
2005-08-17 00:00:00-04:00,14.747587074170818,15.414417266845703,14.55430302713832,15.414417266845703,183700,0.0,0.0
2005-08-18 00:00:00-04:00,15.172811989906755,15.462738521515377,15.172811989906755,15.2211332321167,53000,0.0,0.0
2005-08-19 00:00:00-04:00,15.172811508178711,15.366095549230788,14.979527467126633,15.172811508178711,53400,0.0,0.0
2005-08-22 00:00:00-04:00,14.979527473449707,15.076169954842044,14.931206232753539,14.979527473449707,29400,0.0,0.0
2005-08-23 00:00:00-04:00,14.931205681072298,15.69467830657959,14.882884442161512,15.69467830657959,123900,0.0,0.0
2005-08-24 00:00:00-04:00,15.221132856658999,15.685014558469453,15.221132856658999,15.472402572631836,33500,0.0,0.0
2005-08-25 00:00:00-04:00,15.462738043595108,15.462738043595108,15.027848720449198,15.269454002380371,34700,0.0,0.0
2005-08-26 00:00:00-04:00,14.979527473449707,15.462738037109375,14.979527473449707,15.462738037109375,49400,0.0,0.0
2005-08-29 00:00:00-04:00,14.989192375490218,15.288782418219997,14.979527942718022,15.2211332321167,93200,0.0,0.0
2005-08-30 00:00:00-04:00,15.25978955078557,15.366095542907715,15.027848701618518,15.366095542907715,59200,0.0,0.0
2005-08-31 00:00:00-04:00,14.969863053304273,15.646358580305542,14.631616211454647,15.559380531311035,100700,0.0,0.0
2005-09-01 00:00:00-04:00,15.317775701771518,15.945949084942157,15.317775701771518,15.704343795776367,77600,0.0,0.0
2005-09-02 00:00:00-04:00,15.945947655527203,15.945947655527203,15.462737120511227,15.656022071838379,20400,0.0,0.0
2005-09-06 00:00:00-04:00,15.559380990937308,15.704343795776367,15.462738506610577,15.704343795776367,44700,0.0,0.0
2005-09-07 00:00:00-04:00,15.858970143739059,15.858970143739059,15.462737639198748,15.520722389221191,53700,0.0,0.0
2005-09-08 00:00:00-04:00,15.511057521462982,15.945947742674882,15.30810998043204,15.56904411315918,107900,0.0,0.0
2005-09-09 00:00:00-04:00,15.907291353890637,15.907291353890637,15.462738506610577,15.704343795776367,27500,0.0,0.0
2005-09-12 00:00:00-04:00,15.627030014344887,15.945948918992658,15.46273834568985,15.491731643676758,26500,0.0,0.0
2005-09-13 00:00:00-04:00,15.269453379923654,15.97494125366211,15.269453379923654,15.97494125366211,39000,0.0,0.0
2005-09-14 00:00:00-04:00,15.800985800331546,16.11024026614541,15.704343318939209,15.945948600769043,32800,0.0,0.0
2005-09-15 00:00:00-04:00,15.945948131048857,16.42915868047458,15.26945354618304,16.18755340576172,63800,0.0,0.0
2005-09-16 00:00:00-04:00,16.071582612872888,16.42915924273832,15.945948676775426,16.24553871154785,55400,0.0,0.0
2005-09-19 00:00:00-04:00,16.42915898583233,16.8157270638974,16.13923338810903,16.60311508178711,233300,0.0,0.0
2005-09-20 00:00:00-04:00,16.661099552703256,17.08632535308046,16.61277923499533,16.767406463623047,72200,0.0,0.0
2005-09-21 00:00:00-04:00,16.767406992801654,16.767406992801654,15.94594866272799,16.63210678100586,54500,0.0,0.0
2005-09-22 00:00:00-04:00,16.429158296402655,16.496807476812478,16.16822416342027,16.342180252075195,91100,0.0,0.0
2005-09-23 00:00:00-04:00,16.235872316734888,16.477477570515475,16.235872316734888,16.429157257080078,41800,0.0,0.0
2005-09-26 00:00:00-04:00,16.719082774807635,16.719082774807635,15.762326193864714,16.235872268676758,53000,0.0,0.0
2005-09-27 00:00:00-04:00,16.38083694364468,16.477477570515475,15.9459467495189,16.429157257080078,83600,0.0,0.0
2005-09-28 00:00:00-04:00,16.235873895582017,16.419494422435832,16.042590779742937,16.400165557861328,16600,0.0,0.0
2005-09-29 00:00:00-04:00,16.226210790333823,16.535465240478516,16.226210790333823,16.535465240478516,149800,0.0,0.0
2005-09-30 00:00:00-04:00,16.429159665830124,16.52580215017189,15.221133219813202,15.414417266845703,602000,0.0,0.0
2005-10-03 00:00:00-04:00,15.443409570426178,16.16822543460728,15.124490663918577,15.984606742858887,115000,0.0,0.0
2005-10-04 00:00:00-04:00,16.245537466386395,16.56445634174585,15.675348894788906,16.313186645507812,94900,0.0,0.0
2005-10-05 00:00:00-04:00,16.815726810943257,16.815726810943257,15.9072904586792,15.9072904586792,28500,0.0,0.0
2005-10-06 00:00:00-04:00,15.829976702189233,16.090910839854924,15.356431509170227,15.88796329498291,37200,0.0,0.0
2005-10-07 00:00:00-04:00,15.926619991425547,16.641771415922587,15.462738285260231,16.071582794189453,66300,0.0,0.0
2005-10-10 00:00:00-04:00,17.395580102645997,17.656514246578165,16.42915898583233,16.60311508178711,637300,0.0,0.0
2005-10-11 00:00:00-04:00,16.757741787337114,16.757741787337114,16.042590404524926,16.168224334716797,210200,0.0,0.0
2005-10-12 00:00:00-04:00,16.37117332734941,16.40016477953329,15.849305068416836,15.936283111572266,71000,0.0,0.0
2005-10-13 00:00:00-04:00,16.013598270980246,16.28419685843468,15.656023475264039,15.704343795776367,88400,0.0,0.0
2005-10-14 00:00:00-04:00,15.936284813597519,16.090912052765674,15.656023633843521,15.916955947875977,25900,0.0,0.0
2005-10-17 00:00:00-04:00,16.00393279396636,16.342180545388334,15.665685042544386,15.88796329498291,80200,0.0,0.0
2005-10-18 00:00:00-04:00,15.704343383723739,16.052255580850574,15.569045015197535,15.665685653686523,69800,0.0,0.0
2005-10-19 00:00:00-04:00,15.665685653686523,15.743001113760952,15.2211328180707,15.665685653686523,119900,0.0,0.0
2005-10-20 00:00:00-04:00,15.559380995872223,15.829977740110406,14.573630973370655,15.124490737915039,162200,0.0,0.0
2005-10-21 00:00:00-04:00,15.01818428167644,15.462738037109375,15.01818428167644,15.462738037109375,168400,0.0,0.0
2005-10-24 00:00:00-04:00,15.4627379339919,15.4627379339919,15.36609545324405,15.453073501586914,31000,0.0,0.0
2005-10-25 00:00:00-04:00,15.201804354284434,15.462738509016587,15.201804354284434,15.414417266845703,70900,0.0,0.0
2005-10-26 00:00:00-04:00,15.317775236671878,15.317775236671878,14.747586624089308,14.979527473449707,73500,0.0,0.0
2005-10-27 00:00:00-04:00,14.979527486176918,15.201803903256737,14.873221493875832,15.076169967651367,29200,0.0,0.0
2005-10-28 00:00:00-04:00,15.172812083112715,15.366096131488785,14.998856900399772,15.1341552734375,31200,0.0,0.0
2005-10-31 00:00:00-05:00,15.192140567610805,15.462738228548112,15.06650570890573,15.095498085021973,75500,0.0,0.0
2005-11-01 00:00:00-05:00,14.979526988795545,15.26945350194114,14.235382302443556,14.737921714782715,197700,0.0,0.0
2005-11-02 00:00:00-05:00,14.554301446186079,14.766913414001465,14.254710514590311,14.766913414001465,245700,0.0,0.0
2005-11-03 00:00:00-05:00,14.776579475008493,15.308111296456488,14.737922665538695,15.027849197387695,108700,0.0,0.0
2005-11-04 00:00:00-05:00,15.027848714145875,15.027848714145875,14.737922191619873,14.979527473449707,41200,0.0,0.0
2005-11-07 00:00:00-05:00,14.979527852659896,15.12449065676716,14.844228559615694,15.018184661865234,75200,0.0,0.0
2005-11-08 00:00:00-05:00,14.902213182928099,14.979526795884457,14.380345834647196,14.815235137939453,179800,0.0,0.0
2005-11-09 00:00:00-05:00,14.737921829931553,15.230796813964844,14.737921829931553,15.230796813964844,22200,0.0,0.0
2005-11-10 00:00:00-05:00,15.027848328829297,15.472402072863797,14.902213474900961,15.327438354492188,31100,0.0,0.0
2005-11-11 00:00:00-05:00,15.095497898129906,15.49173133451768,15.095497898129906,15.462738037109375,28000,0.0,0.0
2005-11-14 00:00:00-05:00,15.269453462615198,15.501395225524902,15.221132223606887,15.501395225524902,74900,0.0,0.0
2005-11-15 00:00:00-05:00,14.728257961538073,15.211468531837754,13.723180012180775,14.998856544494629,262400,0.0,0.0
2005-11-16 00:00:00-05:00,14.689600766218936,14.950534909706695,14.67993633387102,14.863556861877441,39900,0.0,0.0
2005-11-17 00:00:00-05:00,14.786243256202695,15.221132573986393,14.786243256202695,15.153483390808105,82800,0.0,0.0
2005-11-18 00:00:00-05:00,15.308110906161213,15.50139587023325,15.03751324677178,15.472402572631836,89000,0.0,0.0
2005-11-21 00:00:00-05:00,15.617365374034849,15.656023104170067,15.375760090595817,15.472402572631836,121200,0.0,0.0
2005-11-22 00:00:00-05:00,15.462738037109375,15.549716086032277,15.424081228882642,15.462738037109375,42700,0.0,0.0
2005-11-23 00:00:00-05:00,15.337102892800418,15.46273774759777,15.047176375702762,15.143818855285645,39400,0.0,0.0
2005-11-25 00:00:00-05:00,15.008519937295294,15.443409262811254,15.008519937295294,15.375760078430176,5400,0.0,0.0
2005-11-28 00:00:00-05:00,15.114826750059827,15.114826750059827,14.786243419589894,14.882884979248047,58800,0.0,0.0
2005-11-29 00:00:00-05:00,15.066505903784666,15.066505903784666,14.660608946303089,15.018184661865234,74200,0.0,0.0
2005-11-30 00:00:00-05:00,14.815235890408543,15.366095641113628,14.815235890408543,15.085833549499512,41300,0.0,0.0
2005-12-01 00:00:00-05:00,14.892549523717754,15.55938062213405,14.892549523717754,15.472402572631836,188300,0.0,0.0
2005-12-02 00:00:00-05:00,15.46273824295811,15.559380725637007,15.201804092715703,15.482067108154297,35200,0.0,0.0
2005-12-05 00:00:00-05:00,15.298446097026739,15.462737759453006,15.143818866896368,15.433745384216309,27600,0.0,0.0
2005-12-06 00:00:00-05:00,15.4434091470548,15.84930609360089,15.366095530727069,15.752663612365723,85900,0.0,0.0
2005-12-07 00:00:00-05:00,15.636693851239393,15.887963560979568,15.569044668482805,15.627029418945312,229800,0.0,0.0
2005-12-08 00:00:00-05:00,15.501395760443755,15.675350014914113,15.085833459292525,15.172811508178711,23100,0.0,0.0
2005-12-09 00:00:00-05:00,15.11482705402359,15.462738334761351,15.11482705402359,15.395089149475098,18100,0.0,0.0
2005-12-12 00:00:00-05:00,15.095497982022657,15.414416882078338,15.037513230185812,15.085833549499512,19000,0.0,0.0
2005-12-13 00:00:00-05:00,14.989190735182376,15.182474761219515,14.49631577754947,14.766913414001465,105000,0.0,0.0
2005-12-14 00:00:00-05:00,14.68960037255554,14.979526883666374,14.641279133761905,14.728257179260254,19600,0.0,0.0
2005-12-15 00:00:00-05:00,14.650943859343455,14.699265099105077,14.54463786918868,14.660608291625977,31900,0.0,0.0
2005-12-16 00:00:00-05:00,14.728256704855527,14.8442271212342,14.419002261179067,14.583293914794922,65800,0.0,0.0
2005-12-19 00:00:00-05:00,14.438331048978778,14.69926519235629,14.264375875044767,14.380346298217773,26300,0.0,0.0
2005-12-20 00:00:00-05:00,14.312696719932559,14.476987456986594,14.25471104912157,14.43833065032959,19100,0.0,0.0
2005-12-21 00:00:00-05:00,14.332024780857937,14.641279236669261,14.332024780857937,14.544637680053711,34800,0.0,0.0
2005-12-22 00:00:00-05:00,14.496317167957027,15.269454267911607,14.496317167957027,15.201804161071777,50500,0.0,0.0
2005-12-23 00:00:00-05:00,15.11482761664336,15.829978148398876,14.960199453353157,15.743001937866211,40800,0.0,0.0
2005-12-27 00:00:00-05:00,15.752664527579304,15.820315558685785,15.646359451016217,15.743001937866211,14900,0.0,0.0
2005-12-28 00:00:00-05:00,15.791321163506952,16.042590874554545,15.656022797289783,15.926619529724121,30800,0.0,0.0
2005-12-29 00:00:00-05:00,15.897627312293578,15.897627312293578,15.704342361295335,15.849305152893066,42900,0.0,0.0
2005-12-30 00:00:00-05:00,15.752664116288697,15.945949084942157,15.685014930250608,15.704343795776367,34800,0.0,0.0
2006-01-03 00:00:00-05:00,15.945947923658867,15.945947923658867,15.704342652088277,15.781656265258789,26400,0.0,0.0
2006-01-04 00:00:00-05:00,15.714007495220004,15.84930586098227,15.70434306290813,15.820314407348633,18400,0.0,0.0
2006-01-05 00:00:00-05:00,15.820314400996814,16.22621134142263,15.733336353526854,16.20688247680664,32000,0.0,0.0
2006-01-06 00:00:00-05:00,16.187552847783415,16.284195322997725,15.916954285843724,16.129568099975586,25000,0.0,0.0
2006-01-09 00:00:00-05:00,16.332516708208182,16.62244415283203,16.042591106886352,16.62244415283203,20500,0.0,0.0
2006-01-10 00:00:00-05:00,16.380839313927908,16.670764923095703,16.380839313927908,16.670764923095703,15000,0.0,0.0
2006-01-11 00:00:00-05:00,16.670764026997983,16.670764026997983,15.91695490305806,16.390501022338867,22800,0.0,0.0
2006-01-12 00:00:00-05:00,16.41949434139395,16.41949434139395,15.704342945384962,15.714007377624512,23700,0.0,0.0
2006-01-13 00:00:00-05:00,15.945948131048857,16.18755340576172,15.704342856335996,16.18755340576172,85900,0.0,0.0
2006-01-17 00:00:00-05:00,16.187552847783415,16.23587316373962,15.878298401739139,16.129568099975586,136100,0.0,0.0
2006-01-18 00:00:00-05:00,16.042589377886852,16.322850516519043,16.023260515001372,16.25520133972168,20100,0.0,0.0
2006-01-19 00:00:00-05:00,16.37117440044343,16.81572723388672,16.11024025387349,16.81572723388672,90400,0.0,0.0
2006-01-20 00:00:00-05:00,16.912368552913122,16.912368552913122,16.438822454627783,16.506471633911133,67500,0.0,0.0
2006-01-23 00:00:00-05:00,16.661100470035876,16.661100470035876,16.42915961432402,16.477479934692383,34700,0.0,0.0
2006-01-24 00:00:00-05:00,16.467817669386083,16.699758529663086,16.41949550476456,16.699758529663086,76800,0.0,0.0
2006-01-25 00:00:00-05:00,16.67076553786857,17.163640566271376,16.62244521565937,17.124982833862305,73000,0.0,0.0
2006-01-26 00:00:00-05:00,17.240953595977192,18.65192760103687,17.15397554434452,18.613271713256836,137400,0.0,0.0
2006-01-27 00:00:00-05:00,18.535958099796957,18.65192760647294,17.840133686532774,18.033418655395508,34700,0.0,0.0
2006-01-30 00:00:00-05:00,17.93677617096414,18.506964801476926,17.482558890429413,18.033418655395508,24300,0.0,0.0
2006-01-31 00:00:00-05:00,18.130060021819673,18.13972445399705,17.84013258640422,17.917448043823242,12400,0.0,0.0
2006-02-01 00:00:00-05:00,17.78214801225415,18.159053497686273,17.550207167612374,17.743492126464844,35300,0.0,0.0
2006-02-02 00:00:00-05:00,17.8304699975288,18.352336431993482,17.395579766056603,17.917448043823242,43600,0.0,0.0
2006-02-03 00:00:00-05:00,17.859460779118837,18.555285123306515,17.501886018512963,18.429649353027344,32700,0.0,0.0
2006-02-06 00:00:00-05:00,18.52629171530774,19.222114211966037,18.487633988286895,19.18345832824707,29900,0.0,0.0
2006-02-07 00:00:00-05:00,19.27043597323845,19.280100404794304,18.671254119888214,18.95151710510254,76500,0.0,0.0
2006-02-08 00:00:00-05:00,18.97084417056431,19.724653244018555,18.526291377736158,19.724653244018555,40700,0.0,0.0
2006-02-09 00:00:00-05:00,19.83096155597987,19.83096155597987,18.70024878717482,18.903196334838867,104700,0.0,0.0
2006-02-10 00:00:00-05:00,18.690584016173023,20.091895333102272,18.45864317591682,20.02424430847168,126600,0.0,0.0
2006-02-13 00:00:00-05:00,19.859954215616707,21.222607911638764,19.859954215616707,21.154958724975586,64200,0.0,0.0
2006-02-14 00:00:00-05:00,21.067979624079047,21.493205431901583,19.830961773398204,20.275514602661133,402300,0.0,0.0
2006-02-15 00:00:00-05:00,20.227193551354645,20.43014109389172,19.763311874153956,20.00491714477539,105500,0.0,0.0
2006-02-16 00:00:00-05:00,19.975923103208956,20.053236713190387,19.483048148339137,19.550697326660156,162500,0.0,0.0
2006-02-17 00:00:00-05:00,19.65700559860275,19.666670030935244,18.95151862804876,19.10614585876465,215700,0.0,0.0
2006-02-21 00:00:00-05:00,19.193124400011893,19.376743089145076,18.941854682811602,18.961183547973633,109500,0.0,0.0
2006-02-22 00:00:00-05:00,18.941854672205775,20.27551503150454,18.516628855389367,19.92760467529297,108200,0.0,0.0
2006-02-23 00:00:00-05:00,19.821295883246094,19.830960314906505,19.106144530092394,19.550697326660156,109900,0.0,0.0
2006-02-24 00:00:00-05:00,19.52170531502362,19.70532398139897,19.347749236729662,19.492712020874023,35600,0.0,0.0
2006-02-27 00:00:00-05:00,19.425063775886446,19.570026566981483,19.299428005182687,19.39607048034668,20900,0.0,0.0
2006-02-28 00:00:00-05:00,19.28976412560446,19.32842185409759,18.874204604115,19.067487716674805,17100,0.0,0.0
2006-03-01 00:00:00-05:00,18.796891676393184,19.17379532644596,18.516628664496082,18.94185447692871,156100,0.0,0.0
2006-03-02 00:00:00-05:00,19.019167895380356,19.038496760131018,18.4489792883498,18.53595733642578,82300,0.0,0.0
2006-03-03 00:00:00-05:00,18.497299579191935,18.7872270201112,18.12039593362909,18.34267234802246,157500,0.0,0.0
2006-03-06 00:00:00-05:00,18.10106569930401,19.06748674264071,18.10106569930401,18.390993118286133,180300,0.0,0.0
2006-03-07 00:00:00-05:00,18.34267202654209,19.57002726532797,18.120395616044416,19.270437240600586,130500,0.0,0.0
2006-03-08 00:00:00-05:00,19.125473710845778,19.589355378433577,18.796890402145614,18.81621742248535,14000,0.0,0.0
2006-03-09 00:00:00-05:00,18.932189073574055,18.980509390173935,18.603605759449493,18.845211029052734,11600,0.0,0.0
2006-03-10 00:00:00-05:00,18.593942842624056,19.31875871049647,18.574613977088294,19.193124771118164,13300,0.0,0.0
2006-03-13 00:00:00-05:00,19.28010097251517,19.28010097251517,18.729239417421738,19.009502410888672,22000,0.0,0.0
2006-03-14 00:00:00-05:00,18.96118288530351,19.444393437654444,18.825882677199907,19.280101776123047,72400,0.0,0.0
2006-03-15 00:00:00-05:00,19.20278863608822,19.714990654526346,19.009503673049892,19.52170753479004,23800,0.0,0.0
2006-03-16 00:00:00-05:00,19.618346997674745,19.79230308532715,19.2511078018656,19.79230308532715,75100,0.0,0.0
2006-03-17 00:00:00-05:00,19.792304462536546,19.995253860020163,19.521707723627774,19.92760467529297,131700,0.0,0.0
2006-03-20 00:00:00-05:00,19.927605002074163,19.98558975517661,19.531370633184917,19.77297592163086,62300,0.0,0.0
2006-03-21 00:00:00-05:00,19.66666943164318,19.743983044645187,19.52170663767716,19.62801170349121,21000,0.0,0.0
2006-03-22 00:00:00-05:00,19.367079242744836,19.80196762084961,19.289763787115273,19.80196762084961,12000,0.0,0.0
2006-03-23 00:00:00-05:00,19.47338588008247,19.869618405669648,19.47338588008247,19.77297592163086,47100,0.0,0.0
2006-03-24 00:00:00-05:00,19.850291480714223,20.52678518569454,19.830962615151396,20.36249351501465,26700,0.0,0.0
2006-03-27 00:00:00-05:00,20.430142160515935,20.430142160515935,19.78263992771339,19.917940139770508,10700,0.0,0.0
2006-03-28 00:00:00-05:00,19.821296969056423,20.314171950925925,19.434728897973077,20.0435733795166,25000,0.0,0.0
2006-03-29 00:00:00-05:00,20.29484321728524,20.749060473321485,20.236858467074693,20.63309097290039,11600,0.0,0.0
2006-03-30 00:00:00-05:00,20.633092502812982,20.633092502812982,19.956596941421562,20.207866668701172,12600,0.0,0.0
2006-03-31 00:00:00-05:00,20.19820022003114,20.19820022003114,19.60868461418928,19.81163215637207,6600,0.0,0.0
2006-04-03 00:00:00-04:00,19.74398432526973,19.81163351062157,19.7149910272752,19.75364875793457,5800,0.0,0.0
2006-04-04 00:00:00-04:00,19.657005864367804,19.811633097174273,19.570027815501415,19.714990615844727,5700,0.0,0.0
2006-04-05 00:00:00-04:00,19.676335041387826,20.536449267929143,19.676335041387826,20.323837280273438,9200,0.0,0.0
2006-04-06 00:00:00-04:00,20.372157489703838,20.372157489703838,19.135137771029815,19.73431968688965,39400,0.0,0.0
2006-04-07 00:00:00-04:00,19.859953429091547,20.53644895553589,18.680920317350683,19.32842254638672,66000,0.0,0.0
2006-04-10 00:00:00-04:00,19.260772878102205,19.705325700706123,19.23177958142292,19.473384857177734,25400,0.0,0.0
2006-04-11 00:00:00-04:00,19.57002692033604,20.468798821976076,19.28010133291109,20.00491714477539,63700,0.0,0.0
2006-04-12 00:00:00-04:00,20.323836302776105,22.701231313017367,20.198200528106927,22.343656539916992,3141400,0.0,0.0
2006-04-13 00:00:00-04:00,22.227685197212434,23.445375998777696,22.131042718998945,23.116792678833008,496800,0.0,0.0
2006-04-17 00:00:00-04:00,22.855859369355922,23.33906993464168,22.44029798828185,23.010486602783203,160000,0.0,0.0
2006-04-18 00:00:00-04:00,22.81720217973117,23.339068601922865,22.614252795383013,23.261754989624023,325200,0.0,0.0
2006-04-19 00:00:00-04:00,23.387392372977587,23.90925883112394,22.353320202696732,23.8126163482666,263300,0.0,0.0
2006-04-20 00:00:00-04:00,23.812615987291792,24.305490983420896,23.754631235777197,24.1605281829834,117000,0.0,0.0
2006-04-21 00:00:00-04:00,24.208849495198084,24.24750722666176,23.686983023553086,23.870603561401367,172900,0.0,0.0
2006-04-24 00:00:00-04:00,23.70631094270003,23.95758065727454,22.73988981432207,23.387392044067383,163600,0.0,0.0
2006-04-25 00:00:00-04:00,23.348734599402583,23.773960417208503,22.720561226942817,23.223100662231445,524100,0.0,0.0
2006-04-26 00:00:00-04:00,23.319740224109573,23.64832354405426,23.09746381452992,23.116792678833008,132200,0.0,0.0
2006-04-27 00:00:00-04:00,22.904181378923223,23.677317540897015,21.125966363081492,23.377727508544922,274700,0.0,0.0
2006-04-28 00:00:00-04:00,23.223099307165146,23.464704578113714,22.68190217306296,22.894515991210938,134300,0.0,0.0
2006-05-01 00:00:00-04:00,22.90418025182185,23.667651943788222,22.45962559808669,23.068471908569336,98200,0.0,0.0
2006-05-02 00:00:00-04:00,23.174778395627236,24.991651163300773,23.029815593908037,24.75971031188965,216500,0.0,0.0
2006-05-03 00:00:00-04:00,24.7113881006322,24.943328951588263,24.25717083125599,24.373140335083008,173800,0.0,0.0
2006-05-04 00:00:00-04:00,24.20884850202856,24.595418427597906,23.368063153509866,24.1605281829834,67300,0.0,0.0
2006-05-05 00:00:00-04:00,24.41179688019127,24.86601412751816,24.35381213109255,24.4407901763916,94500,0.0,0.0
2006-05-08 00:00:00-04:00,24.402132282254264,25.320233046036087,24.24750505684077,25.001314163208008,147900,0.0,0.0
2006-05-09 00:00:00-04:00,25.030307034065917,25.368554800060462,24.65340338117881,25.146278381347656,111400,0.0,0.0
2006-05-10 00:00:00-04:00,25.194598192142138,25.281576240021963,24.60508072169045,24.711387634277344,233100,0.0,0.0
2006-05-11 00:00:00-04:00,24.672732587002322,25.24292121213253,24.49877648532842,24.60508155822754,87800,0.0,0.0
2006-05-12 00:00:00-04:00,24.344148609420856,25.271912002903633,22.913843946181892,24.150863647460938,273000,0.0,0.0
2006-05-15 00:00:00-04:00,24.00590190654871,24.924002751402973,23.300414897889212,24.257171630859375,334600,0.0,0.0
2006-05-16 00:00:00-04:00,24.42146349283231,24.759711272163642,24.02523095922484,24.083215713500977,272600,0.0,0.0
2006-05-17 00:00:00-04:00,23.957581401792652,24.58575478609936,23.754632000009273,24.431127548217773,87900,0.0,0.0
2006-05-18 00:00:00-04:00,24.605081186039072,25.0013155468038,24.16052834919879,24.373140335083008,88100,0.0,0.0
2006-05-19 00:00:00-04:00,24.257170249851523,25.010977536565708,24.11220745189126,24.121870040893555,101900,0.0,0.0
2006-05-22 00:00:00-04:00,23.967244361646596,24.392470194043188,23.686983179893506,24.083215713500977,209100,0.0,0.0
2006-05-23 00:00:00-04:00,24.24750602489265,24.566424920453173,23.783624330132255,24.141199111938477,115600,0.0,0.0
2006-05-24 00:00:00-04:00,24.11220766600343,25.262247470895424,24.005900753014323,25.107620239257812,106800,0.0,0.0
2006-05-25 00:00:00-04:00,25.12694822852241,26.27698983664471,23.918921871381908,24.24750518798828,182300,0.0,0.0
2006-05-26 00:00:00-04:00,24.392467602398874,25.41687342117968,24.160526766635403,24.402132034301758,95500,0.0,0.0
2006-05-30 00:00:00-04:00,24.392469032343797,25.194598494286765,24.03489424748477,24.1605281829834,212900,0.0,0.0
2006-05-31 00:00:00-04:00,24.76937104564166,24.76937104564166,24.08321297536402,24.18951988220215,236300,0.0,0.0
2006-06-01 00:00:00-04:00,24.257170072619243,24.62440928098886,23.822279838613934,24.295825958251953,131100,0.0,0.0
2006-06-02 00:00:00-04:00,24.479445818278666,24.711386655672353,23.996235279549673,24.22817611694336,99700,0.0,0.0
2006-06-05 00:00:00-04:00,24.083214553447622,24.508440365361707,23.290749524404568,23.58067512512207,126300,0.0,0.0
2006-06-06 00:00:00-04:00,23.744966305145688,24.063885196738166,22.304999076846187,23.339069366455078,178100,0.0,0.0
2006-06-07 00:00:00-04:00,23.30041288490697,23.522689291451112,22.227684893660644,22.701231002807617,192400,0.0,0.0
2006-06-08 00:00:00-04:00,22.53693976986985,22.53693976986985,20.565441683267306,21.396562576293945,197800,0.0,0.0
2006-06-09 00:00:00-04:00,21.367572188676387,22.614254512044322,20.81671242881832,22.08272361755371,87300,0.0,0.0
2006-06-12 00:00:00-04:00,22.227685521152168,22.536939981300748,21.396562777026364,21.802459716796875,188400,0.0,0.0
2006-06-13 00:00:00-04:00,21.570518981380424,22.02473808492278,21.019659241026666,21.425556182861328,340400,0.0,0.0
2006-06-14 00:00:00-04:00,21.261264889618047,22.285670772720533,21.174286840332723,21.65749740600586,167500,0.0,0.0
2006-06-15 00:00:00-04:00,21.812123557519197,21.879772738429224,21.05831629217665,21.551189422607422,111400,0.0,0.0
2006-06-16 00:00:00-04:00,21.493206086108064,21.493206086108064,19.898611562365055,20.3335018157959,237600,0.0,0.0
2006-06-19 00:00:00-04:00,20.46879900172406,20.613761796709536,20.05323763767761,20.217529296875,321800,0.0,0.0
2006-06-20 00:00:00-04:00,20.188537632189878,20.749061836523232,19.8406272647671,20.57510757446289,131100,0.0,0.0
2006-06-21 00:00:00-04:00,20.526785535061826,21.45455082154539,20.11122413489851,21.174287796020508,178200,0.0,0.0
2006-06-22 00:00:00-04:00,21.05831629217665,21.763803240669727,20.942344951115214,21.551189422607422,153900,0.0,0.0
2006-06-23 00:00:00-04:00,21.43522118695763,21.63816874163731,20.913352886406383,21.096973419189453,105000,0.0,0.0
2006-06-26 00:00:00-04:00,21.183950802165395,21.59951217433944,21.0099947074598,21.415891647338867,169400,0.0,0.0
2006-06-27 00:00:00-04:00,21.464211028500817,21.676824843104754,21.309583805135354,21.51253318786621,108000,0.0,0.0
2006-06-28 00:00:00-04:00,21.6478328704834,22.21802148272858,21.29992251829967,21.6478328704834,146700,0.0,0.0
2006-06-29 00:00:00-04:00,21.83145149844425,22.227683978421528,21.83145149844425,22.034399032592773,142900,0.0,0.0
2006-06-30 00:00:00-04:00,21.937759399414062,22.169700238962427,21.57051835431936,21.937759399414062,1350300,0.0,0.0
2006-07-03 00:00:00-04:00,21.74447534046575,23.35839869502351,21.74447534046575,23.000822067260742,106800,0.0,0.0
2006-07-05 00:00:00-04:00,22.87518784658773,22.88485227892586,21.72514620457816,21.812124252319336,122200,0.0,0.0
2006-07-06 00:00:00-04:00,21.78313268989113,23.06847269161563,21.65749691342446,22.189027786254883,85900,0.0,0.0
2006-07-07 00:00:00-04:00,22.073059002046268,22.85585960992395,21.986080951915188,22.25667953491211,61500,0.0,0.0
2006-07-10 00:00:00-04:00,22.38231341404339,22.91384430275147,22.140708129484803,22.836530685424805,36900,0.0,0.0
2006-07-11 00:00:00-04:00,22.739890092139007,23.31007871231225,22.614254311665828,23.223100662231445,174800,0.0,0.0
2006-07-12 00:00:00-04:00,23.126456456295724,23.435710903182613,21.812123213724544,21.89910125732422,94400,0.0,0.0
2006-07-13 00:00:00-04:00,21.986080980959436,22.082723463821864,20.285179549807648,20.323837280273438,117300,0.0,0.0
2006-07-14 00:00:00-04:00,20.61376234286938,21.609176756533085,19.376742650061257,19.695661544799805,148100,0.0,0.0
2006-07-17 00:00:00-04:00,19.599018969921193,19.95659371545043,19.328420420446292,19.685997009277344,84500,0.0,0.0
2006-07-18 00:00:00-04:00,19.724654008521966,20.26584929481547,19.328421514930053,19.80196762084961,68200,0.0,0.0
2006-07-19 00:00:00-04:00,19.734319163937045,21.783132730682105,19.405735838673195,21.609176635742188,81400,0.0,0.0
2006-07-20 00:00:00-04:00,21.70581601315677,22.04406375110831,20.45913381057202,20.526782989501953,95900,0.0,0.0
2006-07-21 00:00:00-04:00,20.517120461890393,20.7587257480925,19.850291199150053,19.946931838989258,81300,0.0,0.0
2006-07-24 00:00:00-04:00,20.043573592225325,21.966751379163558,19.811632747113887,21.802459716796875,90900,0.0,0.0
2006-07-25 00:00:00-04:00,21.734811392438054,22.39197806785866,20.874697160768054,21.309585571289062,78600,0.0,0.0
2006-07-26 00:00:00-04:00,21.183950495657268,21.638167747137214,20.739395833030507,21.000329971313477,54500,0.0,0.0
2006-07-27 00:00:00-04:00,21.154957403264685,21.589847637931506,21.154957403264685,21.406227111816406,62000,0.0,0.0
2006-07-28 00:00:00-04:00,21.522199201612853,22.276006510098554,21.473877038695797,21.87010955810547,164100,0.0,0.0
2006-07-31 00:00:00-04:00,21.647832107334533,21.957086562063292,20.78771792470743,21.570518493652344,107900,0.0,0.0
2006-08-01 00:00:00-04:00,21.425555155115934,22.160035388123244,21.425555155115934,21.89910125732422,48300,0.0,0.0
2006-08-02 00:00:00-04:00,22.034400108491397,23.184441721392982,21.802459268152766,22.52727508544922,100600,0.0,0.0
2006-08-03 00:00:00-04:00,22.324328321367858,22.933172818116088,21.850782192052122,22.797874450683594,50900,0.0,0.0
2006-08-04 00:00:00-04:00,23.039477675474522,23.329403249328415,21.647830865711796,22.401639938354492,71100,0.0,0.0
2006-08-07 00:00:00-04:00,22.14070684364177,22.4596257270055,21.647831870570197,22.31466293334961,73200,0.0,0.0
2006-08-08 00:00:00-04:00,21.483541870336936,24.48911225743105,20.08223229914959,22.48862075805664,157300,0.0,0.0
2006-08-09 00:00:00-04:00,22.73022487345082,23.097464082967768,20.903687728224,21.21294403076172,113500,0.0,0.0
2006-08-10 00:00:00-04:00,21.14529394501292,21.53186387954608,20.61376304998291,21.116302490234375,51600,0.0,0.0
2006-08-11 00:00:00-04:00,21.0389866612302,21.319247806684885,20.749059240795646,21.08730697631836,360200,0.0,0.0
2006-08-14 00:00:00-04:00,21.232272202550877,21.783133811630112,20.894026271496188,21.135631561279297,77800,0.0,0.0
2006-08-15 00:00:00-04:00,20.855368156663157,21.531863692930994,20.855368156663157,21.290258407592773,143600,0.0,0.0
2006-08-16 00:00:00-04:00,21.454549853208114,21.908767121352135,21.23227159208893,21.65749740600586,83600,0.0,0.0
2006-08-17 00:00:00-04:00,21.657497978210337,21.93776099849045,21.067980482657045,21.908767700195312,70900,0.0,0.0
2006-08-18 00:00:00-04:00,22.03440099187109,22.227685954886567,20.981001814371,21.45454978942871,81000,0.0,0.0
2006-08-21 00:00:00-04:00,21.270930093798487,21.59951343784079,20.884361995896395,21.348243713378906,69100,0.0,0.0
2006-08-22 00:00:00-04:00,21.203280753966556,21.203280753966556,20.091896789285208,20.55577850341797,138200,0.0,0.0
2006-08-23 00:00:00-04:00,20.488127898948612,20.981001034033,20.30450737524344,20.41081428527832,149100,0.0,0.0
2006-08-24 00:00:00-04:00,20.44947041673499,20.729733421728714,20.19820070845502,20.43980598449707,227000,0.0,0.0
2006-08-25 00:00:00-04:00,20.45913531300806,20.497791199534518,19.946931452592867,20.101558685302734,143100,0.0,0.0
2006-08-28 00:00:00-04:00,20.14021682566382,20.333501792142027,19.28976518512217,19.56036376953125,208700,0.0,0.0
2006-08-29 00:00:00-04:00,19.618347509967098,19.879281648259457,18.97084530196493,19.840625762939453,130000,0.0,0.0
2006-08-30 00:00:00-04:00,19.927603739013513,20.546112648375843,19.927603739013513,20.41081428527832,74500,0.0,0.0
2006-08-31 00:00:00-04:00,20.52678520504639,20.874697412297,20.43980715323374,20.55577850341797,61900,0.0,0.0
2006-09-01 00:00:00-04:00,20.749059824673555,21.454548610605435,20.39148505903455,21.338577270507812,142000,0.0,0.0
2006-09-05 00:00:00-04:00,21.406226666632644,22.44996136482456,21.17428582740132,22.13104248046875,98100,0.0,0.0
2006-09-06 00:00:00-04:00,22.02473782892485,22.546604266188236,21.45454923051543,21.783132553100586,192700,0.0,0.0
2006-09-07 00:00:00-04:00,21.74447461778072,22.227685164842516,21.628503275433033,21.763803482055664,57400,0.0,0.0
2006-09-08 00:00:00-04:00,21.84111736806397,22.63358238019366,21.696154570799116,22.372648239135742,162200,0.0,0.0
2006-09-11 00:00:00-04:00,22.30499814120693,22.565932271555777,21.42555511815139,21.7058162689209,160800,0.0,0.0
2006-09-12 00:00:00-04:00,21.812124990491302,22.42097134528429,21.744475805136982,22.2760066986084,125100,0.0,0.0
2006-09-13 00:00:00-04:00,22.54660354118112,23.097463257418717,22.362983021334617,23.058807373046875,159000,0.0,0.0
2006-09-14 00:00:00-04:00,23.16511345687674,23.24242707232435,22.449962053160817,22.778545379638672,101600,0.0,0.0
2006-09-15 00:00:00-04:00,22.95250166737449,23.039479715893965,22.20835696039766,22.218021392822266,201000,0.0,0.0
2006-09-18 00:00:00-04:00,22.140706747796248,23.07813452979475,22.140706747796248,22.691566467285156,67700,0.0,0.0
2006-09-19 00:00:00-04:00,22.817203327029354,22.817203327029354,21.638168376060214,22.411306381225586,74900,0.0,0.0
2006-09-20 00:00:00-04:00,22.681902380068102,23.773959246971316,22.362983493237472,23.686981201171875,90700,0.0,0.0
2006-09-21 00:00:00-04:00,23.841608427428394,24.7113870420808,23.213435085918434,23.300413131713867,98400,0.0,0.0
2006-09-22 00:00:00-04:00,23.522688833766587,23.928585754180958,22.546603338405795,23.039478302001953,124600,0.0,0.0
2006-09-25 00:00:00-04:00,23.252091730160426,23.79328888684409,23.087800065328242,23.377727508544922,78900,0.0,0.0
2006-09-26 00:00:00-04:00,23.45504103820569,23.957580463285556,23.16511359605869,23.94791603088379,53100,0.0,0.0
2006-09-27 00:00:00-04:00,23.99623658125797,24.40213352954083,23.78362459627248,24.363475799560547,81900,0.0,0.0
2006-09-28 00:00:00-04:00,24.44079078341667,24.44079078341667,23.60966803805101,23.735301971435547,131500,0.0,0.0
2006-09-29 00:00:00-04:00,23.822279919977138,23.918922399341945,23.290749048423663,23.339069366455078,203200,0.0,0.0
2006-10-02 00:00:00-04:00,23.416383537233468,23.571010770567497,23.25209187140331,23.39705467224121,136000,0.0,0.0
2006-10-03 00:00:00-04:00,23.397054399533275,23.435712129067213,23.145786530770685,23.17477798461914,268300,0.0,0.0
2006-10-04 00:00:00-04:00,23.184441860591864,23.25209104235072,22.9814943153153,23.116792678833008,209000,0.0,0.0
2006-10-05 00:00:00-04:00,23.194107055664062,24.4794470812667,23.08780014180229,24.1605281829834,126000,0.0,0.0
2006-10-06 00:00:00-04:00,24.12186955485245,26.10303389806345,23.793288079637488,25.610158920288086,237300,0.0,0.0
2006-10-09 00:00:00-04:00,25.639152181377966,25.639152181377966,24.914336363875442,25.030305862426758,57000,0.0,0.0
2006-10-10 00:00:00-04:00,25.155941152698787,25.56183807642803,24.991649496825,25.175268173217773,110300,0.0,0.0
2006-10-11 00:00:00-04:00,24.99165004705353,25.31056893391213,24.266834227529255,24.46011734008789,126900,0.0,0.0
2006-10-12 00:00:00-04:00,24.54709664140433,24.952993594830396,24.005901317936924,24.39246940612793,173700,0.0,0.0
2006-10-13 00:00:00-04:00,24.460116989984336,24.67273080704818,24.08321335908305,24.42146110534668,106500,0.0,0.0
2006-10-16 00:00:00-04:00,24.43112581887376,25.21392638565194,24.43112581887376,25.030305862426758,107400,0.0,0.0
2006-10-17 00:00:00-04:00,24.962658031370207,25.223592182178404,24.547096645261316,24.972322463989258,30300,0.0,0.0
2006-10-18 00:00:00-04:00,25.194598183937238,25.387883144341007,24.711387626229804,25.09795570373535,72700,0.0,0.0
2006-10-19 00:00:00-04:00,25.13661374277217,25.36855459213257,24.663067611581937,25.126949310302734,64300,0.0,0.0
2006-10-20 00:00:00-04:00,25.03030627981601,25.126948759088286,24.237841267726928,24.682395935058594,101800,0.0,0.0
2006-10-23 00:00:00-04:00,24.56642438447979,25.523181050287498,24.508439634725313,25.04963493347168,75700,0.0,0.0
2006-10-24 00:00:00-04:00,25.03030634394505,25.387882965177997,25.03030634394505,25.27191162109375,72800,0.0,0.0
2006-10-25 00:00:00-04:00,25.33956017593209,25.46519594918566,25.059299019900617,25.397546768188477,93500,0.0,0.0
2006-10-26 00:00:00-04:00,25.48452434249569,26.180346847001005,25.117283304863676,25.9290771484375,97200,0.0,0.0
2006-10-27 00:00:00-04:00,25.803444084104807,26.09336967652317,25.262246941414322,25.629487991333008,62600,0.0,0.0
2006-10-30 00:00:00-05:00,25.629486539349788,25.677806854248047,24.750043536428148,25.677806854248047,57200,0.0,0.0
2006-10-31 00:00:00-05:00,25.919414161679427,26.566916386266364,25.82277168095114,26.26732635498047,114000,0.0,0.0
2006-11-01 00:00:00-05:00,26.57658001161971,26.57658001161971,25.523180874604083,25.610158920288086,63000,0.0,0.0
2006-11-02 00:00:00-05:00,25.54251027698088,25.793779987217366,24.701723098754883,24.701723098754883,67700,0.0,0.0
2006-11-03 00:00:00-05:00,25.445867097340855,26.837513976030724,25.445867097340855,26.5572509765625,158700,0.0,0.0
2006-11-06 00:00:00-05:00,26.740871707088345,26.769865003456257,26.40262395600386,26.576580047607422,87300,0.0,0.0
2006-11-07 00:00:00-05:00,26.76019989802897,27.929568505916656,26.74087103427002,27.658971786499023,139600,0.0,0.0
2006-11-08 00:00:00-05:00,27.63964460999341,27.755614113022602,27.021133835063665,27.059791564941406,124100,0.0,0.0
2006-11-09 00:00:00-05:00,27.20475405423024,27.20475405423024,26.72154349609719,27.030797958374023,69000,0.0,0.0
2006-11-10 00:00:00-05:00,27.127440192074985,27.127440192074985,26.441282090548132,27.001806259155273,57500,0.0,0.0
2006-11-13 00:00:00-05:00,27.079120404955468,27.89091429862066,26.83751512334802,27.832927703857422,101400,0.0,0.0
2006-11-14 00:00:00-05:00,27.82326430920974,28.98296852137062,27.175762099515016,28.905654907226562,127700,0.0,0.0
2006-11-15 00:00:00-05:00,29.04095259943465,29.108603623135146,28.34513008823253,28.45143699645996,158800,0.0,0.0
2006-11-16 00:00:00-05:00,28.509422585644767,28.905655091065842,27.861920371831943,27.95856285095215,123800,0.0,0.0
2006-11-17 00:00:00-05:00,27.958563254218927,28.53841629400184,27.958563254218927,28.3837890625,56600,0.0,0.0
2006-11-20 00:00:00-05:00,28.499758508742612,28.509422941105328,27.649308737145567,27.99721908569336,88600,0.0,0.0
2006-11-21 00:00:00-05:00,28.10352533621094,28.13251863261595,27.63964365354245,27.929569244384766,52600,0.0,0.0
2006-11-22 00:00:00-05:00,28.103526570689958,28.161511322745078,27.658973732763993,27.668636322021484,35300,0.0,0.0
2006-11-24 00:00:00-05:00,27.591322563265596,27.968228057944902,27.156434160130736,27.649309158325195,14400,0.0,0.0
2006-11-27 00:00:00-05:00,27.562329444770093,27.61064976110006,27.05979004441002,27.291730880737305,70000,0.0,0.0
2006-11-28 00:00:00-05:00,27.27240290459042,28.364459784892055,27.27240290459042,28.345130920410156,182900,0.0,0.0
2006-11-29 00:00:00-05:00,28.499758363815967,28.67371445885626,27.890913874476922,27.97789192199707,121000,0.0,0.0
2006-11-30 00:00:00-05:00,28.13251825071729,28.49009301834861,27.93923329724495,28.084196090698242,142800,0.0,0.0
2006-12-01 00:00:00-05:00,28.171173575484037,28.171173575484037,27.4366933475108,28.02621078491211,75500,0.0,0.0
2006-12-04 00:00:00-05:00,28.190502439107462,28.393449977247784,27.939232741908576,28.02621078491211,65000,0.0,0.0
2006-12-05 00:00:00-05:00,28.07453168800184,28.13251828008523,27.73628578402504,27.890913009643555,75300,0.0,0.0
2006-12-06 00:00:00-05:00,27.803935792106323,28.432109145285136,27.765278062900496,28.171175003051758,101100,0.0,0.0
2006-12-07 00:00:00-05:00,28.171175285383146,28.18083971778146,27.813600503155556,28.00688362121582,210600,0.0,0.0
2006-12-08 00:00:00-05:00,27.987554097459103,28.480429078356458,27.330389299564587,27.939233779907227,93700,0.0,0.0
2006-12-11 00:00:00-05:00,28.07453290803959,28.10352620534125,27.84259205953234,28.01654815673828,76500,0.0,0.0
2006-12-12 00:00:00-05:00,28.093861498431682,28.093861498431682,27.765278172097815,27.79427146911621,59100,0.0,0.0
2006-12-13 00:00:00-05:00,27.79427167533879,27.929570042491186,27.475352778978134,27.813600540161133,135300,0.0,0.0
2006-12-14 00:00:00-05:00,27.919905374381244,27.919905374381244,27.591322048383304,27.60098648071289,116400,0.0,0.0
2006-12-15 00:00:00-05:00,27.591321900844175,28.064869865951696,27.591321900844175,27.96822738647461,158600,0.0,0.0
2006-12-18 00:00:00-05:00,27.929569243809198,28.035876153990102,27.48501642541988,27.543001174926758,69000,0.0,0.0
2006-12-19 00:00:00-05:00,27.456023411056957,27.514008161159484,26.953483994696484,26.992141723632812,108200,0.0,0.0
2006-12-20 00:00:00-05:00,27.11777462411626,27.639642885085426,26.895498221096908,27.465686798095703,217600,0.0,0.0
2006-12-21 00:00:00-05:00,27.330389405239902,27.620314998276093,26.943819490122358,27.175762176513672,103000,0.0,0.0
2006-12-22 00:00:00-05:00,27.253074864070673,27.79427014620784,27.05978991308502,27.658971786499023,90300,0.0,0.0
2006-12-26 00:00:00-05:00,27.56232911776119,28.02621078491211,27.030796427928276,28.02621078491211,92200,0.0,0.0
2006-12-27 00:00:00-05:00,27.97789126694933,28.731698536739035,27.95856240277474,28.683378219604492,137900,0.0,0.0
2006-12-28 00:00:00-05:00,28.731699606076297,28.731699606076297,27.75561404855468,27.823265075683594,77000,0.0,0.0
2006-12-29 00:00:00-05:00,27.948897723380746,28.461101559663554,27.610649976526133,27.697628021240234,93700,0.0,0.0
2007-01-03 00:00:00-05:00,28.00688410524562,28.267818254603682,27.117776585556776,27.282068252563477,89900,0.0,0.0
2007-01-04 00:00:00-05:00,27.108111948245085,27.552666626382827,26.972813579956306,27.262739181518555,75700,0.0,0.0
2007-01-05 00:00:00-05:00,27.079121087299924,27.475353611656317,26.17068468944041,26.547588348388672,136800,0.0,0.0
2007-01-08 00:00:00-05:00,26.63456385656721,26.63456385656721,25.281574743305654,25.52318000793457,309000,0.0,0.0
2007-01-09 00:00:00-05:00,25.474860351469726,25.62948757736893,24.943327649552028,25.590829849243164,487800,0.0,0.0
2007-01-10 00:00:00-05:00,25.513516645420196,26.499266608811237,25.349224984855024,26.402624130249023,179400,0.0,0.0
2007-01-11 00:00:00-05:00,26.499267135543285,27.4850171185283,26.38329579030305,27.417367935180664,172700,0.0,0.0
2007-01-12 00:00:00-05:00,27.311061557175208,28.238824964058306,27.311061557175208,27.861921310424805,231600,0.0,0.0
2007-01-16 00:00:00-05:00,27.977892490454835,28.219497773297096,27.504344513978218,27.649309158325195,69800,0.0,0.0
2007-01-17 00:00:00-05:00,27.687965227681563,28.016548561978404,27.417368488826774,27.475353240966797,82300,0.0,0.0
2007-01-18 00:00:00-05:00,27.610651981618336,27.987555640548976,27.059792220626765,27.12744140625,105300,0.0,0.0
2007-01-19 00:00:00-05:00,27.069455331582795,27.900578070490923,27.059790899351075,27.765277862548828,36800,0.0,0.0
2007-01-22 00:00:00-05:00,27.803935694874266,28.026212107124504,27.166097911624558,27.77494239807129,72500,0.0,0.0
2007-01-23 00:00:00-05:00,27.74594779227808,28.161509143672323,27.214416945747057,28.02621078491211,52500,0.0,0.0
2007-01-24 00:00:00-05:00,28.103526987224225,28.335467842184425,27.69763003021836,28.287147521972656,54200,0.0,0.0
2007-01-25 00:00:00-05:00,28.36445989335888,28.42244464372434,27.82326458890997,27.96822738647461,70500,0.0,0.0
2007-01-26 00:00:00-05:00,28.045541825985687,28.35479629476342,27.75561437903004,28.248489379882812,59000,0.0,0.0
2007-01-29 00:00:00-05:00,28.229158720272924,29.408193611666075,28.084195927661188,28.64472007751465,87300,0.0,0.0
2007-01-30 00:00:00-05:00,28.915319197888042,30.13300999717373,28.915319197888042,29.65946388244629,144800,0.0,0.0
2007-01-31 00:00:00-05:00,29.620806050624573,29.86241132321254,29.31155159664028,29.649799346923828,105000,0.0,0.0
2007-02-01 00:00:00-05:00,29.85274831712988,30.055697714315347,29.707785515312853,29.794763565063477,96900,0.0,0.0
2007-02-02 00:00:00-05:00,29.901070972837612,30.32629495273685,29.49517401507775,30.22965431213379,106000,0.0,0.0
2007-02-05 00:00:00-05:00,30.258645953253552,30.258645953253552,29.920398179154542,30.05569839477539,112200,0.0,0.0
2007-02-06 00:00:00-05:00,30.084689621654704,30.635551226136478,29.765770715534764,30.422937393188477,45300,0.0,0.0
2007-02-07 00:00:00-05:00,30.442266469693312,30.442266469693312,29.514503043020987,29.86241340637207,66400,0.0,0.0
2007-02-08 00:00:00-05:00,29.881741705868986,31.54398540215333,29.669129718776283,30.770849227905273,313200,0.0,0.0
2007-02-09 00:00:00-05:00,30.848163399220173,31.16708230723656,30.345623955284637,30.828834533691406,111600,0.0,0.0
2007-02-12 00:00:00-05:00,30.906145585357184,31.234728898844942,30.538906387324822,31.147750854492188,157600,0.0,0.0
2007-02-13 00:00:00-05:00,31.292715663726106,31.341035980499647,30.596891305054765,30.97379493713379,150900,0.0,0.0
2007-02-14 00:00:00-05:00,31.051110126864206,31.978873472730722,30.925474355047754,31.524654388427734,83100,0.0,0.0
2007-02-15 00:00:00-05:00,31.563315623404584,31.93055670442689,30.98346438945714,31.09943389892578,116400,0.0,0.0
2007-02-16 00:00:00-05:00,31.18640984476999,32.43309396875752,31.051111478434102,32.04652404785156,108000,0.0,0.0
2007-02-20 00:00:00-05:00,32.03686280858806,32.72302094483178,31.69861319189311,32.56839370727539,101100,0.0,0.0
2007-02-21 00:00:00-05:00,32.54905998790418,33.09025708194806,32.27846328418404,32.471744537353516,114600,0.0,0.0
2007-02-22 00:00:00-05:00,32.46208592991406,32.61671316337255,32.239809512230224,32.481414794921875,108300,0.0,0.0
2007-02-23 00:00:00-05:00,32.5200706186015,32.59738238749669,32.06585153405436,32.29779052734375,88500,0.0,0.0
2007-02-26 00:00:00-05:00,32.54906296646309,33.708769024622406,32.35577800900255,32.76167678833008,254700,0.0,0.0
2007-02-27 00:00:00-05:00,32.23014312145824,32.24947198639711,30.683870792388916,30.92547607421875,179200,0.0,0.0
2007-02-28 00:00:00-05:00,31.09943060854832,31.74693096172942,30.68386924976493,31.534320831298828,195300,0.0,0.0
2007-03-01 00:00:00-05:00,30.44226281754889,31.688946846290545,29.698118172949695,31.031780242919922,199500,0.0,0.0
2007-03-02 00:00:00-05:00,30.983462694542624,31.47633584777547,30.22965355102424,31.11876106262207,183900,0.0,0.0
2007-03-05 00:00:00-05:00,31.002790821028587,31.312045279730782,29.6981201171875,29.6981201171875,176300,0.0,0.0
2007-03-06 00:00:00-05:00,30.065361292381095,30.828833010013028,30.05569686009436,30.674205780029297,149300,0.0,0.0
2007-03-07 00:00:00-05:00,30.645212483169104,30.799841556454815,30.04603242780763,30.674205780029297,67500,0.0,0.0
2007-03-08 00:00:00-05:00,30.906147968721847,31.341038224022704,30.316632320016538,30.422937393188477,79700,0.0,0.0
2007-03-09 00:00:00-05:00,30.68387033011167,32.41376500673599,30.23931750302729,31.650291442871094,158800,0.0,0.0
2007-03-12 00:00:00-04:00,31.717938506277722,31.83390799981005,31.42801292914503,31.63096046447754,153300,0.0,0.0
2007-03-13 00:00:00-04:00,31.53432264258699,31.650292146446972,30.422936863566314,30.558237075805664,192900,0.0,0.0
2007-03-14 00:00:00-04:00,30.60655811496177,30.906148157497793,29.253568863864636,30.248981475830078,163900,0.0,0.0
2007-03-15 00:00:00-04:00,30.152338563901033,31.457005552909592,30.152338563901033,31.176742553710938,149600,0.0,0.0
2007-03-16 00:00:00-04:00,31.167082302386945,31.766262387268945,30.954468468207722,31.408687591552734,378400,0.0,0.0
2007-03-19 00:00:00-04:00,31.408685652521697,31.408685652521697,30.90614623968888,31.21540069580078,88500,0.0,0.0
2007-03-20 00:00:00-04:00,31.215401326102075,31.466672880894116,30.915811296107094,31.089765548706055,127000,0.0,0.0
2007-03-21 00:00:00-04:00,31.099431432312198,31.53432166658211,31.099431432312198,31.428014755249023,121400,0.0,0.0
2007-03-22 00:00:00-04:00,31.611635149667006,31.669621746244285,31.215402622899273,31.408687591552734,113800,0.0,0.0
2007-03-23 00:00:00-04:00,31.428015188339543,31.466672917830465,30.664541620611836,30.896482467651367,102600,0.0,0.0
2007-03-26 00:00:00-04:00,30.99312544010822,31.10909494381806,30.345623207271853,30.75152015686035,147700,0.0,0.0
2007-03-27 00:00:00-04:00,30.819168639791453,31.263721466064453,30.171666421692354,31.263721466064453,82400,0.0,0.0
2007-03-28 00:00:00-04:00,31.041445799624963,31.128423849170964,30.075026508684335,30.558237075805664,88800,0.0,0.0
2007-03-29 00:00:00-04:00,30.79017625335331,30.97379493170211,30.200658803649453,30.58722686767578,72700,0.0,0.0
2007-03-30 00:00:00-04:00,30.703198126324658,32.53939596470768,30.703198126324658,32.307456970214844,192200,0.0,0.0
2007-04-02 00:00:00-04:00,32.626374264997956,33.81507544585443,32.6070490874753,33.10958480834961,217600,0.0,0.0
2007-04-03 00:00:00-04:00,33.24488582432322,33.65078089855766,32.56839034732871,32.6167106628418,197300,0.0,0.0
2007-04-04 00:00:00-04:00,32.85831922864804,33.34152980553993,32.63604280567027,32.954959869384766,118700,0.0,0.0
2007-04-05 00:00:00-04:00,32.82932661024909,33.96970382622634,32.82932661024909,33.60246276855469,149000,0.0,0.0
2007-04-09 00:00:00-04:00,33.602461430742366,35.20672027783274,33.57346997802389,35.0037727355957,263700,0.0,0.0
2007-04-10 00:00:00-04:00,35.11974557694607,35.226052495840804,34.568885803222656,34.568885803222656,132600,0.0,0.0
2007-04-11 00:00:00-04:00,34.742840119914355,35.023103130455986,33.873059634303786,34.008358001708984,171300,0.0,0.0
2007-04-12 00:00:00-04:00,34.03735304389861,34.984445299601006,32.68436200055004,34.762168884277344,261100,0.0,0.0
2007-04-13 00:00:00-04:00,34.93612380067031,35.03276443481445,34.414255528442624,35.03276443481445,249700,0.0,0.0
2007-04-16 00:00:00-04:00,35.2743697779011,36.221462003518035,35.18739173235445,36.19247055053711,219000,0.0,0.0
2007-04-17 00:00:00-04:00,36.269784541465626,36.269784541465626,35.01343778511385,35.6416130065918,96900,0.0,0.0
2007-04-18 00:00:00-04:00,35.27437114715576,35.64161220778624,34.66552480469545,34.791160583496094,101500,0.0,0.0
2007-04-19 00:00:00-04:00,34.77182931903264,34.984443132084195,34.05667979866543,34.54955291748047,90800,0.0,0.0
2007-04-20 00:00:00-04:00,35.071425465951876,36.68534706509357,34.89746935882707,35.75758361816406,260600,0.0,0.0
2007-04-23 00:00:00-04:00,35.97985758684773,36.04750676981484,34.433585281022374,35.1294059753418,151900,0.0,0.0
2007-04-24 00:00:00-04:00,35.245381226842156,35.245381226842156,34.20164459434647,34.9457893371582,108200,0.0,0.0
2007-04-25 00:00:00-04:00,35.19705445793122,35.36134796087067,34.81048823246906,35.052093505859375,167500,0.0,0.0
2007-04-26 00:00:00-04:00,35.22605124909068,35.73825327297787,34.34660816018418,35.61261749267578,172700,0.0,0.0
2007-04-27 00:00:00-04:00,35.24537662851841,36.06683304067386,34.7814949701314,36.01851272583008,171900,0.0,0.0
2007-04-30 00:00:00-04:00,36.09582766906469,36.89795897516144,35.85422238697831,36.733665466308594,350100,0.0,0.0
2007-05-01 00:00:00-04:00,36.878626780307705,36.965604821469434,36.134482136280454,36.395416259765625,248000,0.0,0.0
2007-05-02 00:00:00-04:00,36.49205769634094,38.01900474459576,36.434074792019835,37.6324348449707,169500,0.0,0.0
2007-05-03 00:00:00-04:00,37.458479863101765,37.69042254703539,36.48239618334836,36.97526931762695,91100,0.0,0.0
2007-05-04 00:00:00-04:00,37.26519890513542,37.44881758677056,36.77232208014038,37.390830993652344,97800,0.0,0.0
2007-05-07 00:00:00-04:00,37.429490165377274,37.62277512995225,37.071915377206196,37.5261344909668,118900,0.0,0.0
2007-05-08 00:00:00-04:00,37.44881824590646,37.69042352491231,36.99459914166219,37.45848083496094,102500,0.0,0.0
2007-05-09 00:00:00-04:00,37.3231839409612,37.83538965955065,37.20721443471255,37.60344696044922,86100,0.0,0.0
2007-05-10 00:00:00-04:00,37.497136200107036,37.72907887543389,36.67567977792345,37.593780517578125,111700,0.0,0.0
2007-05-11 00:00:00-04:00,38.31859965454994,38.41524029385512,37.79673135445222,37.932029724121094,108000,0.0,0.0
2007-05-14 00:00:00-04:00,38.06733017548586,38.0866590417247,37.207215904180956,37.37150573730469,146200,0.0,0.0
2007-05-15 00:00:00-04:00,37.41016007981228,37.44881780878694,35.59329105725049,35.863887786865234,219800,0.0,0.0
2007-05-16 00:00:00-04:00,35.89287765705349,36.240789829271094,35.284031355672674,36.0958251953125,93700,0.0,0.0
2007-05-17 00:00:00-04:00,36.09582735573405,36.289112317046154,35.303362332298036,35.53530502319336,102100,0.0,0.0
2007-05-18 00:00:00-04:00,35.67060556460166,35.82523280575658,34.839482760917384,35.75758361816406,102200,0.0,0.0
2007-05-21 00:00:00-04:00,35.66093829748848,36.598364211144315,35.51597366503053,36.43407440185547,59200,0.0,0.0
2007-05-22 00:00:00-04:00,36.318108176058715,36.92695083932187,35.448327676248375,35.989524841308594,101800,0.0,0.0
2007-05-23 00:00:00-04:00,36.12482232700459,37.429489358192846,36.12482232700459,36.675682067871094,133200,0.0,0.0
2007-05-24 00:00:00-04:00,36.714340660637646,37.17822236455985,36.30844186557817,36.76266098022461,108100,0.0,0.0
2007-05-25 00:00:00-04:00,36.85929939379177,36.926948574449604,35.651273044039264,36.163475036621094,88000,0.0,0.0
2007-05-29 00:00:00-04:00,36.40508380980881,38.16397373598081,36.40508380980881,38.06732940673828,143100,0.0,0.0
2007-05-30 00:00:00-04:00,37.88371039371504,37.88371039371504,36.86896890809675,37.64210510253906,177200,0.0,0.0
2007-05-31 00:00:00-04:00,37.622772806139665,38.08665448050501,36.86896554612145,37.30385208129883,223800,0.0,0.0
2007-06-01 00:00:00-04:00,38.07699267094183,38.07699267094183,36.14415047823623,36.994598388671875,282700,0.0,0.0
2007-06-04 00:00:00-04:00,37.004265363393955,38.27994093975746,37.004265363393955,38.221954345703125,170200,0.0,0.0
2007-06-05 00:00:00-04:00,38.21229078876943,38.83079969659996,37.93202778784501,38.511878967285156,163800,0.0,0.0
2007-06-06 00:00:00-04:00,38.366915535993776,38.39590698711084,37.54545545050836,38.250946044921875,93400,0.0,0.0
2007-06-07 00:00:00-04:00,38.22195114560874,38.34758691223908,37.303850426270735,37.51646423339844,128300,0.0,0.0
2007-06-08 00:00:00-04:00,37.50680433535498,39.0144188966385,36.74333077918482,38.94676971435547,155600,0.0,0.0
2007-06-11 00:00:00-04:00,39.25602437971069,40.89894100084073,39.140054878985026,40.889278411865234,399900,0.0,0.0
2007-06-12 00:00:00-04:00,36.530719594522,40.483382338738465,34.48190774043501,38.06732940673828,1723700,0.0,0.0
2007-06-13 00:00:00-04:00,38.81147036160035,38.81147036160035,36.975268837974184,37.69042205810547,261800,0.0,0.0
2007-06-14 00:00:00-04:00,37.09124384910647,39.0047572362444,37.09124384910647,38.2702751159668,278800,0.0,0.0
2007-06-15 00:00:00-04:00,39.188375671789046,39.227033401367216,37.951357818119824,38.24128341674805,431700,0.0,0.0
2007-06-18 00:00:00-04:00,38.46356066006094,38.67617449071455,37.70975335007682,38.318599700927734,253800,0.0,0.0
2007-06-19 00:00:00-04:00,39.48796566723789,41.0052464582491,39.33333844288655,40.75397491455078,353800,0.0,0.0
2007-06-20 00:00:00-04:00,40.94725796707788,41.45946361934583,38.72449033766621,39.02408218383789,296300,0.0,0.0
2007-06-21 00:00:00-04:00,39.03374937364666,40.77330669362482,38.47322702777333,40.6573371887207,291700,0.0,0.0
2007-06-22 00:00:00-04:00,40.319090201621606,40.66700239377659,39.71024386535038,40.551029205322266,256400,0.0,0.0
2007-06-25 00:00:00-04:00,40.51237225105873,40.98592022979878,39.95184990921964,40.24177551269531,216900,0.0,0.0
2007-06-26 00:00:00-04:00,40.502709145337974,41.19853353409009,40.0774851781028,40.95692825317383,258700,0.0,0.0
2007-06-27 00:00:00-04:00,40.57035747806893,41.14054607653529,39.410651416675876,40.0968132019043,179700,0.0,0.0
2007-06-28 00:00:00-04:00,40.09681520751342,41.03424121780375,40.09681520751342,40.309425354003906,161700,0.0,0.0
2007-06-29 00:00:00-04:00,40.58002136050526,40.6863245788623,39.73923239578126,39.8648681640625,114500,0.0,0.0
2007-07-02 00:00:00-04:00,40.06781644096243,40.37707088660912,39.381658370096574,40.319087982177734,118000,0.0,0.0
2007-07-03 00:00:00-04:00,40.435062974880765,40.47372070749316,39.487970645503005,39.71990966796875,124400,0.0,0.0
2007-07-05 00:00:00-04:00,39.68125268727568,40.270766476296934,39.01441975214361,40.18379211425781,128700,0.0,0.0
2007-07-06 00:00:00-04:00,40.31909142884712,40.68632881031841,40.19345564749952,40.6670036315918,143000,0.0,0.0
2007-07-09 00:00:00-04:00,41.07289791107178,41.23718773314613,40.12580564869131,40.58968734741211,197100,0.0,0.0
2007-07-10 00:00:00-04:00,40.34808171309843,40.560695538964566,39.71024392210403,39.78755569458008,92700,0.0,0.0
2007-07-11 00:00:00-04:00,39.81655227511657,40.13546933884632,39.05307867880588,39.92285919189453,106400,0.0,0.0
2007-07-12 00:00:00-04:00,40.2321125238811,40.79263486015343,39.95184951244292,40.58002471923828,83000,0.0,0.0
2007-07-13 00:00:00-04:00,40.551030602933196,40.551030602933196,40.10647775834854,40.29976272583008,68600,0.0,0.0
2007-07-16 00:00:00-04:00,39.913192913948706,40.13546933692648,39.14971931767454,39.54595184326172,124300,0.0,0.0
2007-07-17 00:00:00-04:00,39.78755639906752,41.16953891845908,39.458976751971406,40.24177551269531,208800,0.0,0.0
2007-07-18 00:00:00-04:00,40.415731249566306,40.59934993657953,39.65225767419906,40.58968734741211,133500,0.0,0.0
2007-07-19 00:00:00-04:00,39.62326718294675,40.483381417305274,39.62326718294675,40.29976272583008,179700,0.0,0.0
2007-07-20 00:00:00-04:00,40.21278155166859,40.29975959594993,38.975763754426296,39.60393524169922,196100,0.0,0.0
2007-07-23 00:00:00-04:00,40.319092694319664,40.937601657898945,39.864873561301785,40.415733337402344,236200,0.0,0.0
2007-07-24 00:00:00-04:00,40.183790834208885,40.58968592387779,39.951848149681005,40.05815505981445,216200,0.0,0.0
2007-07-25 00:00:00-04:00,40.35774255893017,40.35774255893017,38.17363254671735,39.217369079589844,156300,0.0,0.0
2007-07-26 00:00:00-04:00,38.56020140483554,38.56020140483554,35.313026084015235,36.820640563964844,363400,0.0,0.0
2007-07-27 00:00:00-04:00,36.82064209053917,37.9320278197728,36.724001456085766,36.97526931762695,177700,0.0,0.0
2007-07-30 00:00:00-04:00,36.9656085006855,37.922367048691385,36.66601662095346,37.535797119140625,125600,0.0,0.0
2007-07-31 00:00:00-04:00,38.00934281030235,38.00934281030235,36.79165018614686,36.92694854736328,295300,0.0,0.0
2007-08-01 00:00:00-04:00,36.72400248054763,37.390831724727505,36.49205979014368,37.07191467285156,131600,0.0,0.0
2007-08-02 00:00:00-04:00,37.3618384052981,37.400496132869115,36.15381206823258,36.50172424316406,275100,0.0,0.0
2007-08-03 00:00:00-04:00,36.33743368199018,36.73366620511695,34.027687728646036,34.0953369140625,148100,0.0,0.0
2007-08-06 00:00:00-04:00,34.124328197517315,34.191977375285816,32.752008405777005,34.085670471191406,202500,0.0,0.0
2007-08-07 00:00:00-04:00,33.960037288776746,34.53989216798956,32.85831781085757,34.34660720825195,181500,0.0,0.0
2007-08-08 00:00:00-04:00,34.93612471967587,36.14415111127456,34.34660725071907,35.50631332397461,332600,0.0,0.0
2007-08-09 00:00:00-04:00,32.40409721474483,35.03276369815402,30.70319775798841,34.57854461669922,809500,0.0,0.0
2007-08-10 00:00:00-04:00,33.109582974679974,36.60802976915031,33.109582974679974,35.59328842163086,268000,0.0,0.0
2007-08-13 00:00:00-04:00,35.57396142137901,36.47273332422928,33.824737932547045,34.626869201660156,353800,0.0,0.0
2007-08-14 00:00:00-04:00,34.51089903925174,35.10041654184049,34.414258397052095,34.55921936035156,247400,0.0,0.0
2007-08-15 00:00:00-04:00,34.32727854979637,35.25504193818449,34.20164277222173,34.365936279296875,206000,0.0,0.0
2007-08-16 00:00:00-04:00,34.30794832095501,35.88321571272963,33.95037355380259,35.39033889770508,326700,0.0,0.0
2007-08-17 00:00:00-04:00,36.62736334115756,38.03833734621724,35.40000802883168,37.22654342651367,242400,0.0,0.0
2007-08-20 00:00:00-04:00,37.46814569319319,37.46814569319319,35.081084447205065,35.39033889770508,127100,0.0,0.0
2007-08-21 00:00:00-04:00,35.56429420232596,36.414745765740484,34.57854428062809,34.926456451416016,77900,0.0,0.0
2007-08-22 00:00:00-04:00,35.31303073010216,35.69959698935273,34.462579061184144,35.37101364135742,143700,0.0,0.0
2007-08-23 00:00:00-04:00,35.62228447410151,36.18280682871309,34.4625783471688,34.90713119506836,135800,0.0,0.0
2007-08-24 00:00:00-04:00,34.99410715464361,36.01851484806775,34.99410715464361,35.85422134399414,92200,0.0,0.0
2007-08-27 00:00:00-04:00,35.86388857126664,35.86388857126664,34.1050024170932,34.40459060668945,116200,0.0,0.0
2007-08-28 00:00:00-04:00,34.30794957268475,34.481905668263295,33.38984877637661,33.592796325683594,188200,0.0,0.0
2007-08-29 00:00:00-04:00,33.718430776167565,33.824737684461056,32.77133856339512,33.457496643066406,213900,0.0,0.0
2007-08-30 00:00:00-04:00,32.916306779796805,34.54955724988665,32.916306779796805,33.82474136352539,150200,0.0,0.0
2007-08-31 00:00:00-04:00,34.22097101965698,34.74283929868776,33.04193609738829,34.30794906616211,225800,0.0,0.0
2007-09-04 00:00:00-04:00,34.10500398969773,35.21638612374399,33.921381607886985,34.95545196533203,130400,0.0,0.0
2007-09-05 00:00:00-04:00,34.79115961638974,34.86847507399605,34.00835719784356,34.30794906616211,403100,0.0,0.0
2007-09-06 00:00:00-04:00,34.34660928230833,35.17773207874548,34.0760088476936,34.95545196533203,163500,0.0,0.0
2007-09-07 00:00:00-04:00,34.32727741666598,34.98444405006574,33.815075420805876,34.64619445800781,198900,0.0,0.0
2007-09-10 00:00:00-04:00,34.800822245116585,34.8104885206304,33.92137919015996,34.31761169433594,205700,0.0,0.0
2007-09-11 00:00:00-04:00,34.47223857338068,34.79115930323016,33.96970284987878,34.665523529052734,161900,0.0,0.0
2007-09-12 00:00:00-04:00,34.59787647720395,35.55463503904103,34.45291551647986,34.87813949584961,208700,0.0,0.0
2007-09-13 00:00:00-04:00,35.11974355347258,35.93153743954563,34.771831361354984,35.13907241821289,142000,0.0,0.0
2007-09-14 00:00:00-04:00,34.733173649739676,35.34201998625863,34.28862082029587,34.365936279296875,247600,0.0,0.0
2007-09-17 00:00:00-04:00,33.7764166107418,34.298284865244796,33.34152639865597,33.76675033569336,397300,0.0,0.0
2007-09-18 00:00:00-04:00,33.80540864371958,35.631943879270395,33.43816760424574,35.3516845703125,288800,0.0,0.0
2007-09-19 00:00:00-04:00,35.342019298863306,37.46814645418632,35.139071752838944,36.61769485473633,259700,0.0,0.0
2007-09-20 00:00:00-04:00,36.36642801463896,37.071914994440064,36.00884954355581,36.71434020996094,251100,0.0,0.0
2007-09-21 00:00:00-04:00,37.0235948328,37.0235948328,35.89288019319794,36.34709930419922,275400,0.0,0.0
2007-09-24 00:00:00-04:00,36.453407120768105,37.78706565937855,36.40508311376866,36.44374084472656,141100,0.0,0.0
2007-09-25 00:00:00-04:00,36.16347877435274,36.79165401579159,35.718925916481304,36.1441535949707,158000,0.0,0.0
2007-09-26 00:00:00-04:00,36.2407922744751,37.323182904823625,36.134485360613326,36.724002838134766,183300,0.0,0.0
2007-09-27 00:00:00-04:00,36.74332960308469,37.825720171571426,36.414746291111456,37.66143035888672,157600,0.0,0.0
2007-09-28 00:00:00-04:00,37.555125062388925,37.71941488212242,36.61769540253267,37.06224822998047,152400,0.0,0.0
2007-10-01 00:00:00-04:00,36.99460000119015,37.999678869991314,36.80131872277799,37.922367095947266,228000,0.0,0.0
2007-10-02 00:00:00-04:00,37.81606050445088,38.463560903201255,37.12989868844154,37.18788528442383,181500,0.0,0.0
2007-10-03 00:00:00-04:00,36.94628102274297,37.303855824710375,36.3277720615223,36.907623291015625,133000,0.0,0.0
2007-10-04 00:00:00-04:00,36.97527141382592,37.58411776788994,36.366428746366005,37.17822265625,201000,0.0,0.0
2007-10-05 00:00:00-04:00,37.313519383469725,38.53120835136535,37.25553279010177,38.17363357543945,126400,0.0,0.0
2007-10-08 00:00:00-04:00,38.009343952836964,39.130392290818776,37.85471303639427,38.96609878540039,132700,0.0,0.0
2007-10-09 00:00:00-04:00,39.01441742257802,39.951847036801574,38.589193480492966,39.94218444824219,280300,0.0,0.0
2007-10-10 00:00:00-04:00,39.748901061032726,39.884199425808475,39.00475636816218,39.33333969116211,129800,0.0,0.0
2007-10-11 00:00:00-04:00,39.429980016788114,39.93251942957609,38.4345674666795,38.91777801513672,106000,0.0,0.0
2007-10-12 00:00:00-04:00,38.87911923144347,39.951847209765354,38.87911923144347,39.5846061706543,66300,0.0,0.0
2007-10-15 00:00:00-04:00,39.623267587692375,39.96151351928711,38.80181107575993,39.96151351928711,91700,0.0,0.0
2007-10-16 00:00:00-04:00,39.623264559071934,39.719905193111046,38.724492653413456,39.65225601196289,198600,0.0,0.0
2007-10-17 00:00:00-04:00,40.06782035927783,40.90860942179333,38.4442325175568,39.56528091430664,202600,0.0,0.0
2007-10-18 00:00:00-04:00,39.24636292234069,40.29976210803207,39.24636292234069,40.24177551269531,98100,0.0,0.0
2007-10-19 00:00:00-04:00,40.17412555735113,40.17412555735113,37.78706421754331,37.84505081176758,133000,0.0,0.0
2007-10-22 00:00:00-04:00,37.42948764458378,38.956434706625146,36.25045275802545,38.82113265991211,86400,0.0,0.0
2007-10-23 00:00:00-04:00,39.20770421731215,39.8552082793598,38.6665070674368,39.7489013671875,85200,0.0,0.0
2007-10-24 00:00:00-04:00,39.50729589338552,39.584607664925116,37.61310772151203,38.95643615722656,103200,0.0,0.0
2007-10-25 00:00:00-04:00,38.975767639824255,39.69091724267002,38.685838338914905,39.22703552246094,122200,0.0,0.0
2007-10-26 00:00:00-04:00,39.710243844036384,40.203116991588736,39.275353604076074,39.76823043823242,161500,0.0,0.0
2007-10-29 00:00:00-04:00,39.81655320865904,40.05815850278123,39.507298727110964,40.0291633605957,173400,0.0,0.0
2007-10-30 00:00:00-04:00,39.768230477332736,40.12580525871657,39.47830119267148,39.77789306640625,96400,0.0,0.0
2007-10-31 00:00:00-04:00,39.855210724757846,39.855210724757846,37.33285087791956,38.8404655456543,197700,0.0,0.0
2007-11-01 00:00:00-04:00,37.97068430965249,39.27535126523677,37.08157501794614,37.236202239990234,179700,0.0,0.0
2007-11-02 00:00:00-04:00,36.03784289880423,37.94168991638715,33.92137837765338,37.69042205810547,413100,0.0,0.0
2007-11-05 00:00:00-05:00,36.965604489543445,37.448815005746624,36.54038056246196,36.74332809448242,232600,0.0,0.0
2007-11-06 00:00:00-05:00,36.72400438729741,37.3038556135078,36.057175108495045,37.265201568603516,85600,0.0,0.0
2007-11-07 00:00:00-05:00,36.559713791293674,36.94628003845596,35.23571416443643,35.255043029785156,101900,0.0,0.0
2007-11-08 00:00:00-05:00,35.5256376433661,37.2168745507267,34.76216778414799,36.965606689453125,136500,0.0,0.0
2007-11-09 00:00:00-05:00,36.54038391290753,36.91728756024832,35.342020100738154,35.54496765136719,162400,0.0,0.0
2007-11-12 00:00:00-05:00,35.46765665496688,36.08616559609915,34.955450942725896,35.235713958740234,135300,0.0,0.0
2007-11-13 00:00:00-05:00,35.51597801375864,35.51597801375864,34.414258469310965,34.95545196533203,124400,0.0,0.0
2007-11-14 00:00:00-05:00,35.11007989141287,35.573961571191745,34.7138437062518,35.03276443481445,95600,0.0,0.0
2007-11-15 00:00:00-05:00,34.800825104414066,34.86847797875746,32.85832015278194,33.43817138671875,167600,0.0,0.0
2007-11-16 00:00:00-05:00,33.52514474277124,34.259626801883364,33.13857853651556,34.114662170410156,217100,0.0,0.0
2007-11-19 00:00:00-05:00,36.144148362590904,36.30843816978454,34.153319693457,34.85880661010742,306100,0.0,0.0
2007-11-20 00:00:00-05:00,34.92645793737383,35.68026521508282,33.911716520472375,35.0714225769043,115500,0.0,0.0
2007-11-21 00:00:00-05:00,34.93612626813975,34.93612626813975,33.51548598893978,33.72809982299805,161000,0.0,0.0
2007-11-23 00:00:00-05:00,34.05668258666992,34.30795046089746,33.36085818634123,34.05668258666992,61300,0.0,0.0
2007-11-26 00:00:00-05:00,34.02768717032186,34.220972134027825,32.45242337963775,32.4910774230957,128800,0.0,0.0
2007-11-27 00:00:00-05:00,32.56839040623523,34.87813614601381,32.33644773010763,34.16298294067383,237100,0.0,0.0
2007-11-28 00:00:00-05:00,34.70417939561668,35.67060043552425,34.17264856098826,35.62228012084961,332400,0.0,0.0
2007-11-29 00:00:00-05:00,35.496649426750864,36.16347871241595,35.003776248060014,35.37101364135742,103300,0.0,0.0
2007-11-30 00:00:00-05:00,35.98952416885499,36.63702455036783,35.43866073819845,35.54496765136719,128700,0.0,0.0
2007-12-03 00:00:00-05:00,35.467653741497614,35.82522850247867,34.79115826022798,34.93612289428711,117500,0.0,0.0
2007-12-04 00:00:00-05:00,34.56888419263863,34.723511425662004,33.882726076510124,34.01802444458008,170200,0.0,0.0
2007-12-05 00:00:00-05:00,34.597872073913265,35.48698133693418,34.2982839145831,34.82014846801758,182500,0.0,0.0
2007-12-06 00:00:00-05:00,34.549554333321474,35.85422134399414,34.10500151199934,35.85422134399414,165000,0.0,0.0
2007-12-07 00:00:00-05:00,36.02817698158204,36.02817698158204,35.06175589356447,35.80590057373047,103400,0.0,0.0
2007-12-10 00:00:00-05:00,35.93153775799627,36.83030970006427,35.93153775799627,36.337432861328125,152500,0.0,0.0
2007-12-11 00:00:00-05:00,36.569377135962895,37.081579175168805,35.45799131838323,35.71892547607422,139000,0.0,0.0
2007-12-12 00:00:00-05:00,36.752991850428856,36.9076190730626,35.83489478975567,36.47273254394531,172100,0.0,0.0
2007-12-13 00:00:00-05:00,36.08616329765133,37.04292178956649,35.786571435483104,36.540382385253906,149600,0.0,0.0
2007-12-14 00:00:00-05:00,36.4340750632167,37.042921369346786,36.192469795803596,36.50172424316406,119200,0.0,0.0
2007-12-17 00:00:00-05:00,36.62736164945233,36.637024238474496,35.10041452167131,35.1294059753418,282800,0.0,0.0
2007-12-18 00:00:00-05:00,35.47731848882011,35.47731848882011,33.602462840111045,34.77183151245117,211200,0.0,0.0
2007-12-19 00:00:00-05:00,34.63653368042356,35.757582051325265,34.46257758092122,35.21638488769531,122800,0.0,0.0
2007-12-20 00:00:00-05:00,34.530225960963584,37.516467350699514,34.530225960963584,37.43915557861328,161500,0.0,0.0
2007-12-21 00:00:00-05:00,38.028671463540874,40.39640406105351,37.903039366130606,40.3770751953125,374600,0.0,0.0
2007-12-24 00:00:00-05:00,40.058157869983035,41.826706677985584,39.75856598282664,41.507789611816406,69300,0.0,0.0
2007-12-26 00:00:00-05:00,41.17920389077118,42.17461644961558,40.44472178617217,42.0393180847168,137300,0.0,0.0
2007-12-27 00:00:00-05:00,42.0199895911028,42.16495423283327,40.821629474332994,40.918270111083984,142700,0.0,0.0
2007-12-28 00:00:00-05:00,41.27584245908896,42.50319764385369,41.14054410096752,41.44013595581055,134100,0.0,0.0
2007-12-31 00:00:00-05:00,41.32416443818265,42.396892444478006,40.96658966495217,42.00065994262695,164300,0.0,0.0
2008-01-02 00:00:00-05:00,40.65733321163106,42.377561498085576,40.19345155078727,40.25143814086914,264000,0.0,0.0
2008-01-03 00:00:00-05:00,40.2611044589491,40.937599992825106,39.71990729452748,39.85520935058594,175200,0.0,0.0
2008-01-04 00:00:00-05:00,39.48796787882823,40.28043290883766,37.88370895385742,37.88370895385742,147200,0.0,0.0
2008-01-07 00:00:00-05:00,38.14464307500748,39.024086153403914,37.6904239654541,38.65684509277344,200300,0.0,0.0
2008-01-08 00:00:00-05:00,38.86945801247225,39.21737020003632,35.863887786865234,35.863887786865234,234100,0.0,0.0
2008-01-09 00:00:00-05:00,35.873551188003205,36.48239753002493,33.718432518026,35.56429672241211,216600,0.0,0.0
2008-01-10 00:00:00-05:00,34.96511647409017,35.40000671612692,34.23063435718278,34.77183151245117,188800,0.0,0.0
2008-01-11 00:00:00-05:00,34.43358635848326,34.98444611508324,32.96462577868196,33.30287170410156,112000,0.0,0.0
2008-01-14 00:00:00-05:00,33.52514609069939,33.78608022588017,32.52007096474111,33.09025955200195,84400,0.0,0.0
2008-01-15 00:00:00-05:00,32.54906171937827,33.138579158074386,31.031780944342607,31.109092712402344,187800,0.0,0.0
2008-01-16 00:00:00-05:00,31.07044091574598,31.94988399974076,30.326294357278517,30.364952087402344,218500,0.0,0.0
2008-01-17 00:00:00-05:00,30.587228434841336,30.635550597384164,28.45143861960296,28.61573028564453,140000,0.0,0.0
2008-01-18 00:00:00-05:00,28.50942237486876,28.751027649232054,27.146768774923935,27.939233779907227,375100,0.0,0.0
2008-01-22 00:00:00-05:00,26.769865165618082,29.253567093820603,26.55725134423604,28.519086837768555,224200,0.0,0.0
2008-01-23 00:00:00-05:00,27.716957526815865,29.18591804565426,27.02113315299664,29.108604431152344,198900,0.0,0.0
2008-01-24 00:00:00-05:00,29.214909153226984,29.89140465458791,27.890913290140357,28.499757766723633,182500,0.0,0.0
2008-01-25 00:00:00-05:00,28.973304542153926,29.60147789730791,28.702707810070233,28.953975677490234,144900,0.0,0.0
2008-01-28 00:00:00-05:00,28.838004727374415,29.24390164841086,28.27748058340046,29.185916900634766,151600,0.0,0.0
2008-01-29 00:00:00-05:00,29.427524377677564,29.456515832092695,28.934649376298005,29.02162742614746,207300,0.0,0.0
2008-01-30 00:00:00-05:00,28.751027227944125,29.543492221315454,28.37412359531677,28.85733413696289,173800,0.0,0.0
2008-01-31 00:00:00-05:00,28.39345136568483,29.939725508435775,28.39345136568483,28.934648513793945,379100,0.0,0.0
2008-02-01 00:00:00-05:00,29.118266021808793,30.85782505341725,29.118266021808793,30.741853713989258,176300,0.0,0.0
2008-02-04 00:00:00-05:00,30.6838711546187,30.828833956767514,29.553158348574687,30.577564239501953,135100,0.0,0.0
2008-02-05 00:00:00-05:00,29.843083678178516,30.461594454716767,29.0216271924624,29.775434494018555,166900,0.0,0.0
2008-02-06 00:00:00-05:00,30.017038687599786,30.490584802843504,29.59181473307601,30.239316940307617,186900,0.0,0.0
2008-02-07 00:00:00-05:00,29.50483692413903,30.828832802369913,29.50483692413903,30.654876708984375,162100,0.0,0.0
2008-02-08 00:00:00-05:00,29.678791174222603,30.751519187898783,27.678299786892836,30.654876708984375,865100,0.0,0.0
2008-02-11 00:00:00-05:00,30.606555791516644,30.606555791516644,29.611141411814334,29.630470275878906,257100,0.0,0.0
2008-02-12 00:00:00-05:00,29.756106561821984,31.118760165725877,29.475843557961344,30.838497161865234,216300,0.0,0.0
2008-02-13 00:00:00-05:00,31.10909602091294,31.89189849291658,30.73219235585332,31.833911895751953,205400,0.0,0.0
2008-02-14 00:00:00-05:00,31.872567400596928,32.046523493334156,31.28304994038786,31.601970672607422,131000,0.0,0.0
2008-02-15 00:00:00-05:00,31.389357680153367,31.53432232346437,29.727114009666387,30.52924346923828,255100,0.0,0.0
2008-02-19 00:00:00-05:00,30.82883252234048,30.83849695447433,29.89140472498025,30.432600021362305,188900,0.0,0.0
2008-02-20 00:00:00-05:00,30.26830919130944,31.756598601279784,29.862412247072257,31.679283142089844,221200,0.0,0.0
2008-02-21 00:00:00-05:00,31.775924844374423,31.949880926595377,30.88681557006692,31.418346405029297,169200,0.0,0.0
2008-02-22 00:00:00-05:00,31.379695183772128,32.07551588855131,30.92547607421875,31.891897201538086,482300,0.0,0.0
2008-02-25 00:00:00-05:00,31.833910518224084,32.500743453647225,31.650291831721315,32.46208572387695,209000,0.0,0.0
2008-02-26 00:00:00-05:00,32.13350113288497,33.50581730643381,31.62129913664546,33.10958480834961,222400,0.0,0.0
2008-02-27 00:00:00-05:00,32.394436076597,33.206229957137886,32.394436076597,33.1869010925293,316800,0.0,0.0
2008-02-28 00:00:00-05:00,32.98395282666429,33.65078205143962,31.988536597293493,33.50581741333008,187500,0.0,0.0
2008-02-29 00:00:00-05:00,32.993612768759725,33.71842852795604,32.23980555890871,32.471744537353516,222900,0.0,0.0
2008-03-03 00:00:00-05:00,32.43309391397921,32.94529592470112,30.886817919570966,32.80999755859375,266000,0.0,0.0
2008-03-04 00:00:00-05:00,32.40409837960343,32.867980066303474,31.408685823972338,31.8145809173584,238000,0.0,0.0
2008-03-05 00:00:00-05:00,32.03686216265056,32.80033205897708,31.85323978721425,32.5007438659668,192700,0.0,0.0
2008-03-06 00:00:00-05:00,32.2784670076322,32.83898934236861,31.20573897042168,31.302379608154297,232900,0.0,0.0
2008-03-07 00:00:00-05:00,30.896480937691976,31.901557891759655,30.04603120732702,30.741853713989258,253600,0.0,0.0
2008-03-10 00:00:00-04:00,30.790177911326854,31.33137138680369,30.538908195354015,30.944805145263672,213300,0.0,0.0
2008-03-11 00:00:00-04:00,31.84357493849787,32.32678547265837,30.94480305003103,31.882232666015625,366000,0.0,0.0
2008-03-12 00:00:00-04:00,31.930556259623632,33.196565629647274,31.64063064668867,32.220481872558594,138000,0.0,0.0
2008-03-13 00:00:00-04:00,31.785588984237013,34.29828602419093,31.447343078187387,34.25962829589844,264000,0.0,0.0
2008-03-14 00:00:00-04:00,34.38526468608117,34.41425613951842,32.046523694905545,32.39443588256836,231600,0.0,0.0
2008-03-17 00:00:00-04:00,31.785587602424755,32.80999523801858,31.65995183423784,32.19148635864258,148000,0.0,0.0
2008-03-18 00:00:00-04:00,33.19656152059463,34.84914431431604,32.384767692897626,34.5012321472168,248300,0.0,0.0
2008-03-19 00:00:00-04:00,34.675189028547685,34.91679429608042,32.57805338932953,32.66503143310547,212400,0.0,0.0
2008-03-20 00:00:00-04:00,33.003280225289195,33.003280225289195,31.37969257161747,32.201148986816406,473800,0.0,0.0
2008-03-24 00:00:00-04:00,32.375107938843016,34.10500265080796,32.307458754496146,33.65078353881836,182600,0.0,0.0
2008-03-25 00:00:00-04:00,33.69910062504499,35.04242528048919,32.74234586015616,34.85880661010742,146000,0.0,0.0
2008-03-26 00:00:00-04:00,34.47223791177082,36.29877683688175,34.143658286019665,36.134483337402344,200600,0.0,0.0
2008-03-27 00:00:00-04:00,36.05717040978399,36.50172320438798,34.96511359990575,35.24537658691406,207200,0.0,0.0
2008-03-28 00:00:00-04:00,35.22604876456143,36.48239541915872,34.64619391017543,34.97477722167969,112000,0.0,0.0
2008-03-31 00:00:00-04:00,35.100414431384884,36.163476178079875,34.018023820091294,35.883216857910156,160800,0.0,0.0
2008-04-01 00:00:00-04:00,36.36642740115015,36.6950107260107,35.651274157652246,36.65635299682617,175800,0.0,0.0
2008-04-02 00:00:00-04:00,36.59836783641977,36.724003617888016,35.931538571588234,36.41474914550781,122100,0.0,0.0
2008-04-03 00:00:00-04:00,35.95086747933672,36.14415244645333,35.51597722497539,35.6416130065918,162700,0.0,0.0
2008-04-04 00:00:00-04:00,35.660939131105735,36.182803709625325,35.21638263492439,35.74791717529297,143600,0.0,0.0
2008-04-07 00:00:00-04:00,35.921869408576434,36.25045271989772,35.17772842875839,35.738250732421875,69000,0.0,0.0
2008-04-08 00:00:00-04:00,35.380674166538,36.13448138315949,35.17772663692508,35.94119644165039,77000,0.0,0.0
2008-04-09 00:00:00-04:00,36.05717103649721,36.05717103649721,35.25503978800123,35.69959259033203,68200,0.0,0.0
2008-04-10 00:00:00-04:00,35.544966847899026,35.960528215472074,34.965115663036315,35.84455871582031,76400,0.0,0.0
2008-04-11 00:00:00-04:00,35.351685014500454,35.97985650699972,34.259628157571996,34.626869201660156,109000,0.0,0.0
2008-04-14 00:00:00-04:00,34.45291486756486,35.61261727793121,33.87305997577763,34.810489654541016,139600,0.0,0.0
2008-04-15 00:00:00-04:00,34.97477829418393,35.76724330153569,34.752501883497835,35.081085205078125,217500,0.0,0.0
2008-04-16 00:00:00-04:00,35.496647792720765,36.72400307471559,35.496647792720765,35.97019577026367,180000,0.0,0.0
2008-04-17 00:00:00-04:00,35.75758180252147,35.75758180252147,34.3272789728131,35.18739318847656,84400,0.0,0.0
2008-04-18 00:00:00-04:00,35.91220754970858,36.38575550581899,35.91220754970858,36.19247055053711,62200,0.0,0.0
2008-04-21 00:00:00-04:00,35.82522995206062,36.3470982318651,35.82522995206062,36.24079132080078,96500,0.0,0.0
2008-04-22 00:00:00-04:00,35.99918704507903,36.03784477501308,34.472239892120506,35.177730560302734,71300,0.0,0.0
2008-04-23 00:00:00-04:00,35.31302637871541,35.87354867587083,34.385263046911014,35.69959259033203,72000,0.0,0.0
2008-04-24 00:00:00-04:00,35.641608984040204,35.92186828379459,34.76216598518847,35.62228012084961,86700,0.0,0.0
2008-04-25 00:00:00-04:00,35.72858866550877,36.35676015832781,35.09075089734876,36.17314147949219,59700,0.0,0.0
2008-04-28 00:00:00-04:00,36.05717177542637,38.492553336274675,36.05717177542637,38.463558197021484,194500,0.0,0.0
2008-04-29 00:00:00-04:00,38.34758915153187,38.656843605447136,37.43915465398127,38.511878967285156,81800,0.0,0.0
2008-04-30 00:00:00-04:00,38.65684484747702,39.18837572680902,38.221954605622095,38.62785339355469,116500,0.0,0.0
2008-05-01 00:00:00-04:00,38.56020354486931,39.8165502434206,38.56020354486931,39.33333969116211,167200,0.0,0.0
2008-05-02 00:00:00-04:00,39.671583482435324,39.671583482435324,37.69042106140041,37.97068405151367,192400,0.0,0.0
2008-05-05 00:00:00-04:00,37.9513566520402,38.656843605447136,37.37150178599615,38.511878967285156,79700,0.0,0.0
2008-05-06 00:00:00-04:00,38.154302346835415,38.782477499617684,37.77739872980754,37.941688537597656,149700,0.0,0.0
2008-05-07 00:00:00-04:00,37.990018502784494,38.579532334989324,36.44374237881553,36.98493957519531,83900,0.0,0.0
2008-05-08 00:00:00-04:00,37.013928399685064,37.506805238592534,36.105493868147484,36.71434020996094,83500,0.0,0.0
2008-05-09 00:00:00-04:00,36.42440840260781,37.32318028280277,35.786570650850464,37.236202239990234,107400,0.0,0.0
2008-05-12 00:00:00-04:00,37.371504579307974,38.05766640641039,37.34251312415018,38.02867126464844,118000,0.0,0.0
2008-05-13 00:00:00-04:00,38.0576635618118,38.96609805936241,37.76773797209172,38.511878967285156,138100,0.0,0.0
2008-05-14 00:00:00-04:00,38.59885800647617,38.84046328522963,36.96560764928018,37.44881820678711,146300,0.0,0.0
2008-05-15 00:00:00-04:00,37.381168324847444,38.24128251127386,37.381168324847444,38.1446418762207,88700,0.0,0.0
2008-05-16 00:00:00-04:00,38.41523849992248,38.56986572755235,37.719414132286104,38.52154541015625,80700,0.0,0.0
2008-05-19 00:00:00-04:00,38.4345678638043,38.647181687035555,37.69042316909884,37.806392669677734,90400,0.0,0.0
2008-05-20 00:00:00-04:00,37.58411691119437,38.134976656780296,37.487476273465056,37.87404251098633,71900,0.0,0.0
2008-05-21 00:00:00-04:00,37.98035183431137,38.45389983708136,36.617698110884916,37.33285140991211,119500,0.0,0.0
2008-05-22 00:00:00-04:00,37.40049878853576,38.163972372557424,37.21687641283703,37.54545974731445,141000,0.0,0.0
2008-05-23 00:00:00-04:00,37.439157221029824,37.62277591356827,36.26012223050887,36.83997344970703,75500,0.0,0.0
2008-05-27 00:00:00-04:00,36.21180082036881,37.0525861688875,36.21180082036881,36.724002838134766,182900,0.0,0.0
2008-05-28 00:00:00-04:00,38.92744187004548,38.995091054101344,35.892880116897096,36.733665466308594,499000,0.0,0.0
2008-05-29 00:00:00-04:00,36.71434000372577,36.74333145763841,35.79623920158426,36.695011138916016,231900,0.0,0.0
2008-05-30 00:00:00-04:00,36.71434102851543,36.724003617888016,36.12482353847688,36.41474914550781,100700,0.0,0.0
2008-06-02 00:00:00-04:00,36.3181051648054,36.57903560650983,35.18739060880322,35.69959259033203,87600,0.0,0.0
2008-06-03 00:00:00-04:00,35.76724372244676,36.31810714779966,34.52056329015411,35.11974334716797,104500,0.0,0.0
2008-06-04 00:00:00-04:00,34.90712827328644,34.90712827328644,33.544474702012906,34.23063278198242,185100,0.0,0.0
2008-06-05 00:00:00-04:00,34.11466303961125,35.738250732421875,33.998693543440154,35.738250732421875,138500,0.0,0.0
2008-06-06 00:00:00-04:00,35.41933811017116,35.47732102218049,34.153325023306216,34.24996566772461,123600,0.0,0.0
2008-06-09 00:00:00-04:00,34.269293178808276,35.33235865839491,34.21131026909178,35.26470947265625,204900,0.0,0.0
2008-06-10 00:00:00-04:00,35.177728001302846,35.660938530515224,34.00835571879002,34.16298294067383,273400,0.0,0.0
2008-06-11 00:00:00-04:00,34.07600638414114,34.10500152404904,33.438168605226316,33.534812927246094,165900,0.0,0.0
2008-06-12 00:00:00-04:00,33.873057904745004,34.501233077456234,33.63145263625666,33.83440017700195,130100,0.0,0.0
2008-06-13 00:00:00-04:00,33.67977556763798,34.510898345625506,33.64112152349754,34.48190689086914,89400,0.0,0.0
2008-06-16 00:00:00-04:00,34.24030144336797,35.05209535218379,34.14366080356298,34.84914779663086,63500,0.0,0.0
2008-06-17 00:00:00-04:00,34.88779983104781,35.02310188022711,34.21130801817073,34.269290924072266,40500,0.0,0.0
2008-06-18 00:00:00-04:00,33.96003870941514,34.61720538805163,33.873060658224894,34.105003356933594,81500,0.0,0.0
2008-06-19 00:00:00-04:00,34.085670841003214,34.510894775390625,33.92137734563744,34.510894775390625,62100,0.0,0.0
2008-06-20 00:00:00-04:00,34.365935244914624,34.40458928664768,33.82473810800908,34.269290924072266,180100,0.0,0.0
2008-06-23 00:00:00-04:00,34.5495544029999,35.11974300075133,33.59279588973417,34.69451904296875,138200,0.0,0.0
2008-06-24 00:00:00-04:00,34.29828643798828,35.622282311846796,34.278957573608835,34.29828643798828,140400,0.0,0.0
2008-06-25 00:00:00-04:00,34.3466070508428,35.36134847655973,33.27387903148914,33.563804626464844,186200,0.0,0.0
2008-06-26 00:00:00-04:00,33.09025708194806,33.64111676400897,32.22047669627104,32.471744537353516,158700,0.0,0.0
2008-06-27 00:00:00-04:00,32.4717473039066,33.29320744627864,32.12383880659801,32.742347717285156,418000,0.0,0.0
2008-06-30 00:00:00-04:00,32.65536805855901,32.65536805855901,31.40868402331041,32.201148986816406,157100,0.0,0.0
2008-07-01 00:00:00-04:00,31.79525803924578,32.14316656448176,31.302381176937455,31.659955978393555,298100,0.0,0.0
2008-07-02 00:00:00-04:00,31.5826419023552,32.18182195323354,29.031290783411126,29.30188751220703,553900,0.0,0.0
2008-07-03 00:00:00-04:00,29.417858473466765,30.838496811103198,28.760691837835672,29.456514358520508,289300,0.0,0.0
2008-07-07 00:00:00-04:00,29.572486262886713,29.78509824298198,28.654385473294187,29.127931594848633,248700,0.0,0.0
2008-07-08 00:00:00-04:00,28.789685605575297,29.89140507552736,28.712370147597774,29.6981201171875,248200,0.0,0.0
2008-07-09 00:00:00-04:00,29.765769307683204,30.92547537143272,28.780021181128287,28.924983978271484,161600,0.0,0.0
2008-07-10 00:00:00-04:00,28.838005724020544,29.29222297668457,28.519086835277303,29.29222297668457,115100,0.0,0.0
2008-07-11 00:00:00-04:00,28.973302880641114,29.321215051428073,28.248487087036203,29.166587829589844,214200,0.0,0.0
2008-07-14 00:00:00-04:00,30.181330774656665,30.442264916331986,28.586736314366338,29.70778465270996,384000,0.0,0.0
2008-07-15 00:00:00-04:00,29.243901781537907,31.128421760905947,28.56740629563026,28.818675994873047,307100,0.0,0.0
2008-07-16 00:00:00-04:00,28.992633360903476,29.64980001201227,28.538416101838035,29.330881118774414,251800,0.0,0.0
2008-07-17 00:00:00-04:00,29.514502113117487,30.229653526137554,28.789686267627985,29.959054946899414,205700,0.0,0.0
2008-07-18 00:00:00-04:00,31.408685150146486,31.408685150146486,29.756105985492933,30.200658798217773,235800,0.0,0.0
2008-07-21 00:00:00-04:00,30.258643133006128,32.0561850666379,30.123344773297795,31.882232666015625,201800,0.0,0.0
2008-07-22 00:00:00-04:00,31.118760217113522,33.02260728088097,31.09943135268391,32.771339416503906,137200,0.0,0.0
2008-07-23 00:00:00-04:00,32.6457045398765,33.53481389509954,32.529735036709674,32.86798095703125,97400,0.0,0.0
2008-07-24 00:00:00-04:00,33.05160227791621,33.283541276860795,32.15283036214715,32.36544418334961,138600,0.0,0.0
2008-07-25 00:00:00-04:00,32.645702622086496,34.346605772764846,32.442755081815825,33.8150749206543,196900,0.0,0.0
2008-07-28 00:00:00-04:00,33.59279768534251,34.46257819843938,32.162494820053084,33.33186721801758,124700,0.0,0.0
2008-07-29 00:00:00-04:00,32.230140765529576,33.331863866888284,32.230140765529576,32.6167106628418,304700,0.0,0.0
2008-07-30 00:00:00-04:00,32.809998048749854,33.19656428817393,32.41376553354286,32.86798095703125,145100,0.0,0.0
2008-07-31 00:00:00-04:00,32.36544202356724,33.09025779845814,32.08517903915788,32.152828216552734,75700,0.0,0.0
2008-08-01 00:00:00-04:00,32.15283232457587,33.33186731541825,31.302380674463123,31.408687591552734,154600,0.0,0.0
2008-08-04 00:00:00-04:00,31.33137060963931,31.91122548747231,31.118760472377446,31.254058837890625,154600,0.0,0.0
2008-08-05 00:00:00-04:00,31.737269476808528,33.003282461155294,31.737269476808528,32.42342758178711,166100,0.0,0.0
2008-08-06 00:00:00-04:00,32.5683917290771,33.26421241251476,32.22047954405631,32.36544418334961,131900,0.0,0.0
2008-08-07 00:00:00-04:00,31.225066019242373,35.02310110958434,30.635548578189244,34.57854461669922,224600,0.0,0.0
2008-08-08 00:00:00-04:00,34.791160714733294,37.690424107627734,33.42850706753706,37.506805419921875,224500,0.0,0.0
2008-08-11 00:00:00-04:00,37.14922618641115,38.270274527910644,36.76265995390331,37.81605911254883,121900,0.0,0.0
2008-08-12 00:00:00-04:00,37.77740137088046,38.724493617128246,37.390831451895906,38.589195251464844,138200,0.0,0.0
2008-08-13 00:00:00-04:00,38.46356078860614,40.22244697551668,38.1736351827667,39.88420104980469,159100,0.0,0.0
2008-08-14 00:00:00-04:00,39.53628563177759,40.38673720144373,39.53628563177759,40.32875061035156,113700,0.0,0.0
2008-08-15 00:00:00-04:00,40.753980052422236,40.879615840110354,39.64259788934827,39.71990966796875,123400,0.0,0.0
2008-08-18 00:00:00-04:00,39.980840438429524,40.473717270876655,37.661431977691194,38.2122917175293,153100,0.0,0.0
2008-08-19 00:00:00-04:00,37.62277287754487,38.21229032523339,37.24586924682043,37.69042205810547,94000,0.0,0.0
2008-08-20 00:00:00-04:00,37.76773938709079,39.25602511984139,37.76773938709079,38.64718246459961,99700,0.0,0.0
2008-08-21 00:00:00-04:00,38.24128341674805,38.676173657992386,37.88370863466004,38.24128341674805,63300,0.0,0.0
2008-08-22 00:00:00-04:00,38.35725104242871,39.014417666692665,37.70008441816474,38.434566497802734,76500,0.0,0.0
2008-08-25 00:00:00-04:00,38.289605135934636,38.65684620715174,37.4101620321861,37.99001693725586,76000,0.0,0.0
2008-08-26 00:00:00-04:00,37.90303684626352,39.47830059008505,37.24587020117574,38.17363357543945,150400,0.0,0.0
2008-08-27 00:00:00-04:00,38.11564723504148,40.20311668429114,38.11564723504148,39.35266876220703,140500,0.0,0.0
2008-08-28 00:00:00-04:00,39.256024889727264,40.36741065314959,39.07240620397572,39.4009895324707,100800,0.0,0.0
2008-08-29 00:00:00-04:00,39.30434484888805,39.381660307405014,38.33792373704989,38.59885787963867,77900,0.0,0.0
2008-09-02 00:00:00-04:00,39.2463607385195,40.367409046422225,37.77740025116354,38.096317291259766,85200,0.0,0.0
2008-09-03 00:00:00-04:00,38.086655887929574,39.381660325863855,37.65176565007776,38.975765228271484,101400,0.0,0.0
2008-09-04 00:00:00-04:00,38.560203398189095,38.560203398189095,36.23112869262695,36.23112869262695,113100,0.0,0.0
2008-09-05 00:00:00-04:00,35.94119714698518,36.42440766693897,34.85880661453774,35.62228012084961,162400,0.0,0.0
2008-09-08 00:00:00-04:00,36.5500455303046,37.381168262141664,35.245378526255934,36.21179962158203,129400,0.0,0.0
2008-09-09 00:00:00-04:00,36.15381347949816,36.35676102726232,34.32727817641283,34.33694076538086,84100,0.0,0.0
2008-09-10 00:00:00-04:00,34.93612466311965,35.554633584760275,34.79116002172089,35.11974334716797,112300,0.0,0.0
2008-09-11 00:00:00-04:00,34.82982054455234,35.5063161143326,34.27896076162087,35.409671783447266,128300,0.0,0.0
2008-09-12 00:00:00-04:00,35.26470465074614,35.26470465074614,33.86339343407412,34.781494140625,146600,0.0,0.0
2008-09-15 00:00:00-04:00,34.33694419911678,34.33694419911678,32.57805790272875,33.1289176940918,179500,0.0,0.0
2008-09-16 00:00:00-04:00,32.3074563517499,34.55921550598109,31.514991376962563,34.54955291748047,178700,0.0,0.0
2008-09-17 00:00:00-04:00,33.94070501884819,34.70417850557972,32.239805654338426,32.858314514160156,222200,0.0,0.0
2008-09-18 00:00:00-04:00,33.650783358330955,34.791160583496094,31.862905747431796,34.791160583496094,296100,0.0,0.0
2008-09-19 00:00:00-04:00,37.38117096539346,37.90303927939385,35.4579912245124,36.482398986816406,452000,0.0,0.0
2008-09-22 00:00:00-04:00,36.047508119227736,38.096319922793136,33.24488899917973,36.80131912231445,89500,0.0,0.0
2008-09-23 00:00:00-04:00,36.385758823351246,38.4538995542446,36.385758823351246,36.91728973388672,194300,0.0,0.0
2008-09-24 00:00:00-04:00,36.90762161980349,37.85471388461293,35.06175740935371,35.18739318847656,109900,0.0,0.0
2008-09-25 00:00:00-04:00,35.4773205607977,36.23113158655413,35.21638640033635,35.37101364135742,122900,0.0,0.0
2008-09-26 00:00:00-04:00,34.71384127753271,35.19705178765385,34.10499868913469,34.781494140625,116900,0.0,0.0
2008-09-29 00:00:00-04:00,34.298286527007726,34.53989180247195,32.355778047777115,32.771339416503906,134600,0.0,0.0
2008-09-30 00:00:00-04:00,32.887310603353704,33.1289158912105,32.085182964703286,32.5587272644043,192500,0.0,0.0
2008-10-01 00:00:00-04:00,32.288126903399295,32.80032887654326,31.36036358678254,31.804916381835938,132900,0.0,0.0
2008-10-02 00:00:00-04:00,31.679282488909283,31.679282488909283,29.591814902975447,30.451929092407227,269500,0.0,0.0
2008-10-03 00:00:00-04:00,30.809502701011784,31.45700488745036,28.992631912231445,28.992631912231445,161200,0.0,0.0
2008-10-06 00:00:00-04:00,28.3258026100582,28.924984517604887,27.059791454558763,28.40311622619629,156800,0.0,0.0
2008-10-07 00:00:00-04:00,28.895990113063657,29.427522816534726,26.57657987449536,26.75053596496582,163000,0.0,0.0
2008-10-08 00:00:00-04:00,26.711879782773128,26.740873080630276,24.846686683243664,24.972322463989258,303400,0.0,0.0
2008-10-09 00:00:00-04:00,25.339561210791675,25.83243620528822,23.07813563289082,23.377727508544922,168200,0.0,0.0
2008-10-10 00:00:00-04:00,22.836530006282025,26.38329555185579,22.09238715288142,25.851764678955078,305700,0.0,0.0
2008-10-13 00:00:00-04:00,26.750536106203356,26.750536106203356,25.619823355477354,26.3832950592041,159800,0.0,0.0
2008-10-14 00:00:00-04:00,26.837515351224184,27.146769819379262,24.972322266449076,25.532846450805664,155300,0.0,0.0
2008-10-15 00:00:00-04:00,25.078628704861757,26.19967705228575,22.285670425358852,22.585262298583984,122400,0.0,0.0
2008-10-16 00:00:00-04:00,22.67223776110209,25.49418740201192,22.227684946948056,25.397546768188477,202000,0.0,0.0
2008-10-17 00:00:00-04:00,24.469782757472924,25.320234385540108,23.078135811827906,23.203771591186523,277800,0.0,0.0
2008-10-20 00:00:00-04:00,23.435710972950822,24.924000307151996,22.92350714170589,24.788700103759766,215100,0.0,0.0
2008-10-21 00:00:00-04:00,24.402132876530914,24.411797308767362,23.493696522626596,23.522689819335938,223300,0.0,0.0
2008-10-22 00:00:00-04:00,23.068472182655416,24.643737745113754,20.903687323331873,21.560853958129883,223000,0.0,0.0
2008-10-23 00:00:00-04:00,21.705817005099146,21.986080008676,18.990174232239976,20.43014144897461,289300,0.0,0.0
2008-10-24 00:00:00-04:00,19.41539899233272,19.792302611012648,18.97084435195216,19.35741424560547,190100,0.0,0.0
2008-10-27 00:00:00-04:00,19.057824187179712,20.188536992930004,18.69058496561131,18.961183547973633,145200,0.0,0.0
2008-10-28 00:00:00-04:00,19.26077267356271,19.908274879441553,18.023753011245855,19.454055786132812,236000,0.0,0.0
2008-10-29 00:00:00-04:00,19.637676106116412,20.961673800507413,18.835546681183768,20.3914852142334,135500,0.0,0.0
2008-10-30 00:00:00-04:00,21.029323889960683,22.218021430683102,20.21752999793025,22.024738311767578,224700,0.0,0.0
2008-10-31 00:00:00-04:00,21.889437513261463,23.628996596613913,21.647832238626563,22.93317222595215,182600,0.0,0.0
2008-11-03 00:00:00-05:00,22.65291193358036,24.53743204193527,22.65291193358036,24.17985725402832,115600,0.0,0.0
2008-11-04 00:00:00-05:00,24.89500753072002,25.416873961455448,23.735301483949375,24.83702278137207,156900,0.0,0.0
2008-11-05 00:00:00-05:00,24.112205975893122,24.885342079889323,21.84111613586421,22.053728103637695,162900,0.0,0.0
2008-11-06 00:00:00-05:00,21.3095856378981,21.928096427857792,19.782640293360526,20.14988136291504,298700,0.0,0.0
2008-11-07 00:00:00-05:00,20.111224012395695,21.116302913022174,19.724655913424776,20.57510757446289,283400,0.0,0.0
2008-11-10 00:00:00-05:00,21.01966076634256,21.01966076634256,20.1692109348952,20.42047882080078,196200,0.0,0.0
2008-11-11 00:00:00-05:00,20.19819897070601,20.526782265317742,19.61834598943226,19.685997009277344,213000,0.0,0.0
2008-11-12 00:00:00-05:00,19.57002734260604,19.956595415281072,18.506963760273216,18.70024871826172,242200,0.0,0.0
2008-11-13 00:00:00-05:00,18.777563404904228,20.58476993908095,17.94644061872336,20.36249351501465,318000,0.0,0.0
2008-11-14 00:00:00-05:00,19.97592517818922,20.43014245359878,18.98051073339144,19.173795700073242,360400,0.0,0.0
2008-11-17 00:00:00-05:00,19.04815859811255,19.04815859811255,18.014088337652716,18.081737518310547,272200,0.0,0.0
2008-11-18 00:00:00-05:00,18.101066519557037,18.400658383744812,17.395579568344424,18.284687042236328,229800,0.0,0.0
2008-11-19 00:00:00-05:00,18.28468740920129,18.526292685832754,16.63210635852505,16.777070999145508,255500,0.0,0.0
2008-11-20 00:00:00-05:00,16.661099986693067,17.20229530098718,15.49173130932339,15.752663612365723,260400,0.0,0.0
2008-11-21 00:00:00-05:00,15.98460630684159,17.414909130751635,15.7043432955514,17.202295303344727,354600,0.0,0.0
2008-11-24 00:00:00-05:00,17.395580857420942,18.53595811966909,17.08632638155068,18.226703643798828,186500,0.0,0.0
2008-11-25 00:00:00-05:00,18.41998479385933,19.299427806525575,17.782147044965175,18.796890258789062,257700,0.0,0.0
2008-11-26 00:00:00-05:00,18.40065864107439,21.251599781997303,18.40065864107439,21.009994506835938,163800,0.0,0.0
2008-11-28 00:00:00-05:00,20.66208215139546,22.044064608919708,20.08223097040236,21.95708656311035,73900,0.0,0.0
2008-12-01 00:00:00-05:00,21.29992207573502,22.160036270812398,19.077152424418752,19.289764404296875,249800,0.0,0.0
2008-12-02 00:00:00-05:00,19.62801275579739,20.13055218890378,19.03849711628992,20.120887756347656,167200,0.0,0.0
2008-12-03 00:00:00-05:00,19.579691718315054,21.50286948721094,19.270437261067748,21.396562576293945,191400,0.0,0.0
2008-12-04 00:00:00-05:00,21.154957376780434,22.362983756784836,20.34316350195332,20.826374053955078,168900,0.0,0.0
2008-12-05 00:00:00-05:00,20.449469484681916,21.734809420909873,19.869616479949343,21.68648910522461,145000,0.0,0.0
2008-12-08 00:00:00-05:00,21.88943834440883,24.28616231739876,21.69615522334308,23.600004196166992,134700,0.0,0.0
2008-12-09 00:00:00-05:00,22.498285242698763,24.634075119074986,21.870110014774394,23.271421432495117,169700,0.0,0.0
2008-12-10 00:00:00-05:00,23.600003124254975,24.141198419280833,22.952500919325093,23.880264282226562,157400,0.0,0.0
2008-12-11 00:00:00-05:00,23.6289964544331,24.112207000795316,21.038987631003312,21.95708656311035,251100,0.0,0.0
2008-12-12 00:00:00-05:00,21.52219864805648,22.198692321777344,20.894025292707827,22.198692321777344,248600,0.0,0.0
2008-12-15 00:00:00-05:00,22.35331825326342,22.7302237192069,20.855366351168257,21.10663604736328,189200,0.0,0.0
2008-12-16 00:00:00-05:00,21.541527877590806,21.628504083473562,20.59443376905679,21.46421241760254,421600,0.0,0.0
2008-12-17 00:00:00-05:00,20.749060226789542,21.870108548484154,20.749060226789542,21.377235412597656,329300,0.0,0.0
2008-12-18 00:00:00-05:00,21.628502847572577,21.83145223184075,20.517118979976516,20.952009201049805,127300,0.0,0.0
2008-12-19 00:00:00-05:00,21.48354027568615,21.966750818153052,21.261263868543836,21.744474411010742,388000,0.0,0.0
2008-12-22 00:00:00-05:00,21.754138364437583,21.995743630355413,19.946930164319387,20.739395141601562,158200,0.0,0.0
2008-12-23 00:00:00-05:00,20.923016653957234,20.923016653957234,19.52170715103332,19.676334381103516,135500,0.0,0.0
2008-12-24 00:00:00-05:00,19.64733982254359,19.64733982254359,19.231778477177585,19.35741424560547,111100,0.0,0.0
2008-12-26 00:00:00-05:00,19.42506527907465,19.9855894664391,19.096481944071144,19.937267303466797,69600,0.0,0.0
2008-12-29 00:00:00-05:00,19.763310753261884,19.763310753261884,19.00950168808721,19.125473022460938,218500,0.0,0.0
2008-12-30 00:00:00-05:00,19.289764610609243,19.888946514204427,18.217038424180473,19.309093475341797,674000,0.0,0.0
2008-12-31 00:00:00-05:00,19.425063916379507,20.159544152315362,19.25110782848655,19.59902000427246,415200,0.0,0.0
2009-01-02 00:00:00-05:00,19.647341002811203,20.845702952540382,19.19312374677496,20.63309097290039,259100,0.0,0.0
2009-01-05 00:00:00-05:00,20.720069561971858,21.16462239738697,20.265850450749785,21.07764434814453,157900,0.0,0.0
2009-01-06 00:00:00-05:00,21.212943924799156,21.899102022388224,21.038987831522498,21.589847564697266,113200,0.0,0.0
2009-01-07 00:00:00-05:00,21.04865185050957,21.435219915034143,20.507454716873244,20.778053283691406,108200,0.0,0.0
2009-01-08 00:00:00-05:00,20.439805359641575,20.778053104420433,20.188535659043055,20.565441131591797,167800,0.0,0.0
2009-01-09 00:00:00-05:00,20.507456326257206,21.0099957712284,19.599021764157833,19.78264045715332,108100,0.0,0.0
2009-01-12 00:00:00-05:00,19.685997361003945,19.956594072011743,19.48304798444625,19.724653244018555,202800,0.0,0.0
2009-01-13 00:00:00-05:00,19.695661663657027,20.720069380588765,19.695661663657027,20.285179138183594,193000,0.0,0.0
2009-01-14 00:00:00-05:00,19.95659519675859,20.29484294788371,19.309092990879748,19.454055786132812,120900,0.0,0.0
2009-01-15 00:00:00-05:00,19.59902115013175,20.845703447415517,19.34775143551829,20.488128662109375,179700,0.0,0.0
2009-01-16 00:00:00-05:00,20.61376064866978,20.65241837494065,19.08681548370542,19.338085174560547,413200,0.0,0.0
2009-01-20 00:00:00-05:00,19.106146102555293,19.59902109798942,18.130060544142843,18.168716430664062,314500,0.0,0.0
2009-01-21 00:00:00-05:00,18.390994428303173,18.999838917921352,18.31368081306115,18.912860870361328,331900,0.0,0.0
2009-01-22 00:00:00-05:00,18.574613987588258,18.75823452367765,17.791813365968128,18.033418655395508,213700,0.0,0.0
2009-01-23 00:00:00-05:00,17.61785567647101,18.5359564309569,17.61785567647101,18.255693435668945,186200,0.0,0.0
2009-01-26 00:00:00-05:00,18.342671516225767,19.144800932781003,18.217037587836018,18.448978424072266,168300,0.0,0.0
2009-01-27 00:00:00-05:00,18.458643796809753,18.864540741736743,18.265358835110426,18.352336883544922,203400,0.0,0.0
2009-01-28 00:00:00-05:00,18.622934623410217,18.990173822154294,18.622934623410217,18.845211029052734,419400,0.0,0.0
2009-01-29 00:00:00-05:00,18.555285999301123,18.555285999301123,17.68550552800421,18.13006019592285,169800,0.0,0.0
2009-01-30 00:00:00-05:00,18.236368294933584,18.371666668921286,17.598528626686473,17.666179656982422,137000,0.0,0.0
2009-02-02 00:00:00-05:00,17.414908703708786,18.01408875481241,17.115316834855008,17.347259521484375,222800,0.0,0.0
2009-02-03 00:00:00-05:00,17.45356619919436,17.6565156078896,16.98002003664165,17.318267822265625,203300,0.0,0.0
2009-02-04 00:00:00-05:00,17.29893771852159,17.569536296323214,16.97035438951319,16.999347686767578,273900,0.0,0.0
2009-02-05 00:00:00-05:00,16.912369633121134,18.719577942113247,16.57412187179831,18.352336883544922,454600,0.0,0.0
2009-02-06 00:00:00-05:00,18.458644097094364,19.41540080213632,17.71449937873883,19.34775161743164,198900,0.0,0.0
2009-02-09 00:00:00-05:00,19.202789163758347,19.83096254594134,18.458644431905196,18.806554794311523,154500,0.0,0.0
2009-02-10 00:00:00-05:00,18.622936594794087,18.90319777868469,17.38591681988856,17.492223739624023,185900,0.0,0.0
2009-02-11 00:00:00-05:00,17.64684878231208,17.99476095387743,17.22162299965464,17.656513214111328,182700,0.0,0.0
2009-02-12 00:00:00-05:00,17.34726028049021,17.50188751614065,16.709422472606644,17.42457389831543,238300,0.0,0.0
2009-02-13 00:00:00-05:00,17.38591699771711,17.530879807646844,16.883377536212038,17.124982833862305,218900,0.0,0.0
2009-02-17 00:00:00-05:00,16.46781653998555,17.13464577631097,16.438823243201064,16.777070999145508,162000,0.0,0.0
2009-02-18 00:00:00-05:00,16.864048944514426,16.864048944514426,16.29386034763799,16.38083839416504,88200,0.0,0.0
2009-02-19 00:00:00-05:00,16.5258015800028,16.661099947432,16.1682249532659,16.226211547851562,129300,0.0,0.0
2009-02-20 00:00:00-05:00,15.984606721972124,16.284196762650936,15.540052034004866,15.791321754455566,208600,0.0,0.0
2009-02-23 00:00:00-05:00,15.820315150646534,16.00393384329328,15.027849175208694,15.124490737915039,120300,0.0,0.0
2009-02-24 00:00:00-05:00,15.40475209029421,15.462737762429757,14.853892352435967,15.240461349487305,164000,0.0,0.0
2009-02-25 00:00:00-05:00,15.153483097291835,15.230796711326917,14.583294502544867,14.834564208984375,147400,0.0,0.0
2009-02-26 00:00:00-05:00,14.902212761933642,15.066504415237329,14.293367385864258,14.293367385864258,102300,0.0,0.0
2009-02-27 00:00:00-05:00,14.013105607157517,14.873220696908428,13.964784369009541,14.419002532958984,343500,0.0,0.0
2009-03-02 00:00:00-05:00,13.781165304761263,14.12907657395452,13.346275987856941,13.413925170898438,140200,0.0,0.0
2009-03-03 00:00:00-05:00,13.597544461742205,13.858478598825577,13.14332721235044,13.19164752960205,181100,0.0,0.0
2009-03-04 00:00:00-05:00,13.636201012833192,14.177397219422081,13.162654908099762,13.839149475097656,137700,0.0,0.0
2009-03-05 00:00:00-05:00,13.500903286215063,13.510566796947241,12.118920791554569,12.263883590698242,207200,0.0,0.0
2009-03-06 00:00:00-05:00,12.12858524223088,12.62146023470436,11.906307905337528,12.167242050170898,206600,0.0,0.0
2009-03-09 00:00:00-04:00,12.060934951188203,12.44750394628074,11.771009356932534,11.857987403869629,149400,0.0,0.0
2009-03-10 00:00:00-04:00,12.138250248284185,12.273548621642968,11.800002471585136,12.128585815429688,200700,0.0,0.0
2009-03-11 00:00:00-04:00,12.176906861670341,12.640788571392509,12.147913563574432,12.49582576751709,148800,0.0,0.0
2009-03-12 00:00:00-04:00,12.466831833577892,14.235382374581942,12.360525844267888,14.167733192443848,193200,0.0,0.0
2009-03-13 00:00:00-04:00,14.293367689748647,14.97952669117834,14.051762420536093,14.805570602416992,158200,0.0,0.0
2009-03-16 00:00:00-04:00,14.264375103027016,15.04717564749076,14.264375103027016,14.399673461914062,104300,0.0,0.0
2009-03-17 00:00:00-04:00,14.34168940836109,15.153483287574131,14.245046928778207,15.143818855285645,90700,0.0,0.0
2009-03-18 00:00:00-04:00,15.018184737679482,15.800986280103098,14.592959834274147,15.704343795776367,176000,0.0,0.0
2009-03-19 00:00:00-04:00,15.88796355522969,16.52580133999238,15.57870909513893,16.01359748840332,155600,0.0,0.0
2009-03-20 00:00:00-04:00,16.187553993890827,16.187553993890827,14.776579101437886,14.989192008972168,218400,0.0,0.0
2009-03-23 00:00:00-04:00,15.395088795257042,17.1926326751709,15.163147025117476,17.1926326751709,236900,0.0,0.0
2009-03-24 00:00:00-04:00,15.945946951503364,17.018674881733812,15.945946951503364,16.448486328125,180000,0.0,0.0
2009-03-25 00:00:00-04:00,16.496808869806056,16.748078592046884,14.902214327991269,15.897628784179688,198600,0.0,0.0
2009-03-26 00:00:00-04:00,16.197217279635034,16.34218007080555,15.887962833590759,16.129568099975586,194600,0.0,0.0
2009-03-27 00:00:00-04:00,15.810650154553517,16.332516602206177,15.520722711811368,15.646358489990234,160000,0.0,0.0
2009-03-30 00:00:00-04:00,15.211467740942275,15.211467740942275,14.390010367133765,14.824899673461914,103100,0.0,0.0
2009-03-31 00:00:00-04:00,14.979526303467786,15.172810329504925,14.35135298843435,14.766913414001465,163500,0.0,0.0
2009-04-01 00:00:00-04:00,14.515646405202606,15.829977941998308,14.264376679989669,15.723672866821289,150100,0.0,0.0
2009-04-02 00:00:00-04:00,16.02326289855941,17.646850756421987,15.75266430781495,17.27960968017578,156000,0.0,0.0
2009-04-03 00:00:00-04:00,17.1443103539989,17.240952834131647,16.40983008561279,16.796398162841797,171900,0.0,0.0
2009-04-06 00:00:00-04:00,16.506471748926593,16.951026398217763,16.042590079206864,16.9027042388916,156300,0.0,0.0
2009-04-07 00:00:00-04:00,16.65143462381081,17.202294339778376,16.119903771670646,16.139232635498047,193300,0.0,0.0
2009-04-08 00:00:00-04:00,16.32285199977255,16.84472028529165,15.907290626481853,16.78673553466797,131100,0.0,0.0
2009-04-09 00:00:00-04:00,17.153974393567932,18.41032107662114,16.93169798466346,18.29435157775879,139900,0.0,0.0
2009-04-13 00:00:00-04:00,17.994761522806545,18.139724317774675,17.347259318200408,18.10106658935547,127900,0.0,0.0
2009-04-14 00:00:00-04:00,17.772484697262783,18.197710527489196,17.21196049331519,17.27960968017578,113100,0.0,0.0
2009-04-15 00:00:00-04:00,17.095989200823695,17.85946088565958,16.951026409353783,17.28927230834961,96000,0.0,0.0
2009-04-16 00:00:00-04:00,17.424572548700716,18.04308144339606,17.337594504971445,17.48255729675293,169200,0.0,0.0
2009-04-17 00:00:00-04:00,17.540542426795675,17.84013244877534,17.260281269021654,17.327930450439453,106300,0.0,0.0
2009-04-20 00:00:00-04:00,17.134645938275426,17.17330366768682,15.916955111346443,16.02326202392578,115400,0.0,0.0
2009-04-21 00:00:00-04:00,16.003931494301735,16.65143364816579,15.878297573388624,16.429157257080078,102300,0.0,0.0
2009-04-22 00:00:00-04:00,16.10057535670082,17.47289339057181,16.10057535670082,16.960689544677734,133700,0.0,0.0
2009-04-23 00:00:00-04:00,16.922033587636065,16.922033587636065,15.965276925178648,16.371173858642578,139400,0.0,0.0
2009-04-24 00:00:00-04:00,16.496808877780456,17.25061804486732,16.177889969263337,16.87371253967285,144800,0.0,0.0
2009-04-27 00:00:00-04:00,16.554793573447345,17.04766858367425,16.226212076598145,16.670764923095703,143500,0.0,0.0
2009-04-28 00:00:00-04:00,16.43882339858829,16.670764245150668,15.974941705463534,16.02326202392578,169300,0.0,0.0
2009-04-29 00:00:00-04:00,16.226211551484223,17.23128856160132,16.148896092019363,17.1926326751709,181900,0.0,0.0
2009-04-30 00:00:00-04:00,17.279609867130137,18.410322720139302,17.038004572412813,17.87879180908203,155700,0.0,0.0
2009-05-01 00:00:00-04:00,17.87879035430622,17.97543283298989,17.2892728933076,17.92711067199707,99200,0.0,0.0
2009-05-04 00:00:00-04:00,18.062411201212434,18.92252540588379,17.385915681678604,18.92252540588379,140000,0.0,0.0
2009-05-05 00:00:00-04:00,18.73890505606256,18.990174770190155,18.32334367667084,18.74856948852539,124100,0.0,0.0
2009-05-06 00:00:00-04:00,18.86454030675793,19.41540003860668,18.545621417619078,18.883869171142578,94300,0.0,0.0
2009-05-07 00:00:00-04:00,19.08681707870568,19.08681707870568,18.072075642221872,18.53595733642578,126600,0.0,0.0
2009-05-08 00:00:00-04:00,18.90319602164737,20.091895364349256,18.21703793190173,19.830961227416992,111700,0.0,0.0
2009-05-11 00:00:00-04:00,19.44439184108142,19.44439184108142,18.767896386016158,18.932188034057617,54200,0.0,0.0
2009-05-12 00:00:00-04:00,18.999838849065572,19.33808660576185,18.14938908448537,18.70991325378418,80700,0.0,0.0
2009-05-13 00:00:00-04:00,18.362001249425028,18.545621778043838,17.811141506870598,18.149389266967773,189000,0.0,0.0
2009-05-14 00:00:00-04:00,18.188045256493346,18.961183261578554,17.87879079178007,18.159053802490234,112100,0.0,0.0
2009-05-15 00:00:00-04:00,18.072076801107272,18.226704042424164,17.057333456250294,17.298938751220703,95200,0.0,0.0
2009-05-18 00:00:00-04:00,17.598527553095465,18.033417790528624,17.366586707565105,17.946439743041992,108000,0.0,0.0
2009-05-19 00:00:00-04:00,17.888454061265197,18.44897820294317,17.61785550058201,18.043081283569336,81200,0.0,0.0
2009-05-20 00:00:00-04:00,18.255692832759365,18.55528468195951,17.753155293501468,18.004423141479492,97800,0.0,0.0
2009-05-21 00:00:00-04:00,17.704835541054518,17.90778494528975,16.738414370968115,16.893041610717773,123100,0.0,0.0
2009-05-22 00:00:00-04:00,17.009012130199444,17.69517024261293,16.57412188761202,16.61277961730957,132500,0.0,0.0
2009-05-26 00:00:00-04:00,16.48714348709722,17.366586542618514,16.48714348709722,17.347259521484375,253100,0.0,0.0
2009-05-27 00:00:00-04:00,17.637184040894834,18.874203639954484,17.59852631437648,18.390993118286133,680100,0.0,0.0
2009-05-28 00:00:00-04:00,18.642263655527373,19.05782317461975,17.501886477785373,18.284687042236328,335800,0.0,0.0
2009-05-29 00:00:00-04:00,18.284686361932547,18.48763389789406,16.844719216880424,17.830469131469727,835700,0.0,0.0
2009-06-01 00:00:00-04:00,18.12039535608519,19.521706667609887,17.656513677361875,19.434728622436523,249800,0.0,0.0
2009-06-02 00:00:00-04:00,19.415398806694302,19.917938188997134,19.289763039467672,19.724653244018555,97500,0.0,0.0
2009-06-03 00:00:00-04:00,19.58935537818792,20.014579318487126,19.58935537818792,19.966259002685547,87100,0.0,0.0
2009-06-04 00:00:00-04:00,19.888946551125407,20.51711990968354,19.734319319581928,20.468799591064453,76900,0.0,0.0
2009-06-05 00:00:00-04:00,20.43014165005191,21.106637163528617,20.207865237421732,20.83603858947754,155600,0.0,0.0
2009-06-08 00:00:00-04:00,20.845701939514218,20.845701939514218,19.328421172408454,19.7633113861084,132700,0.0,0.0
2009-06-09 00:00:00-04:00,19.937265799393938,19.966259094990058,19.32842133829062,19.58935546875,129100,0.0,0.0
2009-06-10 00:00:00-04:00,19.71498881243944,19.87928046268068,19.328420765784127,19.724653244018555,108700,0.0,0.0
2009-06-11 00:00:00-04:00,19.840625661252382,20.517119318951902,19.58935595640332,20.217529296875,129800,0.0,0.0
2009-06-12 00:00:00-04:00,19.9759241265124,19.9759241265124,19.463720282083173,19.840625762939453,109400,0.0,0.0
2009-06-15 00:00:00-04:00,19.357414802994704,19.60868450378382,19.30909264324569,19.4153995513916,144100,0.0,0.0
2009-06-16 00:00:00-04:00,19.492713238741416,19.743982940498007,19.386406330186187,19.61834716796875,168300,0.0,0.0
2009-06-17 00:00:00-04:00,19.550698124268997,20.28517837070807,19.473384511133407,19.82129669189453,160800,0.0,0.0
2009-06-18 00:00:00-04:00,19.69566167439189,20.130551917034094,19.521707420637014,19.898611068725586,83900,0.0,0.0
2009-06-19 00:00:00-04:00,20.246524592060563,20.275516047938712,19.78264102168674,20.033910751342773,169100,0.0,0.0
2009-06-22 00:00:00-04:00,19.888946726499853,19.888946726499853,19.318758113917283,19.32842254638672,129900,0.0,0.0
2009-06-23 00:00:00-04:00,19.425064007893578,19.589355664644046,18.603605724141243,18.651926040649414,196800,0.0,0.0
2009-06-24 00:00:00-04:00,18.816219063571182,19.37674325495224,18.448979838860307,18.593942642211914,116700,0.0,0.0
2009-06-25 00:00:00-04:00,18.410321377758933,19.16413050590209,17.78214802595729,19.096481323242188,66700,0.0,0.0
2009-06-26 00:00:00-04:00,18.92252417718407,19.53136863058871,18.57461200763749,19.376741409301758,308000,0.0,0.0
2009-06-29 00:00:00-04:00,19.42506342400424,19.570026212473298,18.680918775014042,19.35741424560547,60000,0.0,0.0
2009-06-30 00:00:00-04:00,19.318756740626025,20.033908102808912,18.84521064309824,19.7633113861084,96800,0.0,0.0
2009-07-01 00:00:00-04:00,19.859953630589125,20.5751068941671,19.628012778875473,20.314172744750977,66200,0.0,0.0
2009-07-02 00:00:00-04:00,19.84062417746194,19.995251392989502,19.328420373963265,19.492712020874023,118500,0.0,0.0
2009-07-06 00:00:00-04:00,19.40573474433795,19.637675576744154,19.19312277545773,19.570026397705078,115600,0.0,0.0
2009-07-07 00:00:00-04:00,19.570026730282795,19.570026730282795,18.78722617719602,18.835546493530273,50700,0.0,0.0
2009-07-08 00:00:00-04:00,19.289763686176187,20.36249166449807,19.193123053748767,19.79230308532715,168500,0.0,0.0
2009-07-09 00:00:00-04:00,19.946930517827262,20.362491877498986,19.637676066900006,19.81163215637207,77600,0.0,0.0
2009-07-10 00:00:00-04:00,19.695661123909062,19.93726639789044,19.28976418988827,19.840625762939453,54600,0.0,0.0
2009-07-13 00:00:00-04:00,19.99525370340229,20.594433771980235,19.42506508902204,20.497791290283203,83900,0.0,0.0
2009-07-14 00:00:00-04:00,20.47846289283593,21.14529210081339,20.44946959728399,20.932680130004883,51800,0.0,0.0
2009-07-15 00:00:00-04:00,21.183951296898446,21.99574519561533,20.836039099362058,21.85078239440918,81100,0.0,0.0
2009-07-16 00:00:00-04:00,21.657495164239243,23.252089497243784,21.657495164239243,22.9621639251709,69800,0.0,0.0
2009-07-17 00:00:00-04:00,23.049143497169464,23.57100993024133,22.585261813705145,22.730224609375,125500,0.0,0.0
2009-07-20 00:00:00-04:00,22.788207844606433,22.98149278818958,22.22768372017751,22.9621639251709,98900,0.0,0.0
2009-07-21 00:00:00-04:00,21.609177475863405,22.37264922485731,21.55119087976104,22.08272361755371,112800,0.0,0.0
2009-07-22 00:00:00-04:00,21.899101813671432,22.517610723158445,21.763803450546636,21.95708656311035,75500,0.0,0.0
2009-07-23 00:00:00-04:00,21.8797741208595,23.300414382938218,21.638168834742938,23.232765197753906,114100,0.0,0.0
2009-07-24 00:00:00-04:00,23.184442444125448,23.686981868842537,22.894516845489747,23.36806297302246,146500,0.0,0.0
2009-07-27 00:00:00-04:00,23.377727471067026,23.725637821746478,22.788209996443335,23.57101058959961,161500,0.0,0.0
2009-07-28 00:00:00-04:00,23.32940591872239,23.474370565538305,22.131043916611347,22.46929168701172,167500,0.0,0.0
2009-07-29 00:00:00-04:00,22.208356474804525,22.84619425446613,22.053729245995772,22.36298370361328,86600,0.0,0.0
2009-07-30 00:00:00-04:00,22.64324601706359,23.62899595312135,22.24701352491718,23.058807373046875,85700,0.0,0.0
2009-07-31 00:00:00-04:00,22.884851662577717,23.802950590349376,22.85585836634419,22.9041805267334,183900,0.0,0.0
2009-08-03 00:00:00-04:00,23.174777221006465,23.174777221006465,22.62391749641278,23.097463607788086,191900,0.0,0.0
2009-08-04 00:00:00-04:00,22.85585881293302,23.841608784510495,22.61425353617199,23.339069366455078,108500,0.0,0.0
2009-08-05 00:00:00-04:00,23.252091711062526,23.252091711062526,21.135630778159353,21.831453323364258,150700,0.0,0.0
2009-08-06 00:00:00-04:00,21.98607873940124,22.836528446619766,21.64783100551931,21.841115951538086,164300,0.0,0.0
2009-08-07 00:00:00-04:00,22.276005973329646,22.46929093373635,21.831453145017026,22.005409240722656,122600,0.0,0.0
2009-08-10 00:00:00-04:00,21.792795395329836,21.792795395329836,21.309584838064858,21.425556182861328,133300,0.0,0.0
2009-08-11 00:00:00-04:00,21.18395165438672,21.425556941574843,20.613763029158587,20.923017501831055,112700,0.0,0.0
2009-08-12 00:00:00-04:00,21.009995188514978,21.93776043375341,21.009995188514978,21.27092933654785,107600,0.0,0.0
2009-08-13 00:00:00-04:00,21.46421322109849,21.67682705742121,20.971340048337126,21.348243713378906,45400,0.0,0.0
2009-08-14 00:00:00-04:00,21.319250414797963,21.483542086819117,20.971340048337126,21.348243713378906,100900,0.0,0.0
2009-08-17 00:00:00-04:00,20.90368678316553,21.009993689959906,19.90827426791596,20.352827072143555,117300,0.0,0.0
2009-08-18 00:00:00-04:00,20.42047666700202,20.652419348962578,20.072566330665044,20.3914852142334,51300,0.0,0.0
2009-08-19 00:00:00-04:00,20.178871227100583,20.662081764412683,20.07256616233722,20.565441131591797,45800,0.0,0.0
2009-08-20 00:00:00-04:00,20.41081463417459,20.6717469327084,20.207865242757197,20.44947052001953,82200,0.0,0.0
2009-08-21 00:00:00-04:00,20.72007035199148,21.125967316164985,20.314173387817974,20.9616756439209,185300,0.0,0.0
2009-08-24 00:00:00-04:00,21.019659801696903,21.232271788975908,20.749061218821957,21.096973419189453,84000,0.0,0.0
2009-08-25 00:00:00-04:00,21.280594137872328,21.90876751589956,21.24193640713733,21.502870559692383,89400,0.0,0.0
2009-08-26 00:00:00-04:00,21.541527520059667,21.850781981671854,21.261264512159876,21.812124252319336,69400,0.0,0.0
2009-08-27 00:00:00-04:00,21.87977399068888,22.13104370795146,21.06798008670271,21.87010955810547,78500,0.0,0.0
2009-08-28 00:00:00-04:00,22.005409603147164,22.073058787413082,21.609177086759356,21.65749740600586,55000,0.0,0.0
2009-08-31 00:00:00-04:00,21.386898632814905,21.831453307743118,20.97133909845641,21.25160026550293,93300,0.0,0.0
2009-09-01 00:00:00-04:00,21.106638036218605,22.073059184971097,20.84570388366294,20.923017501831055,101000,0.0,0.0
2009-09-02 00:00:00-04:00,20.923017233175493,21.164622517261357,20.66208308397027,20.700740814208984,74500,0.0,0.0
2009-09-03 00:00:00-04:00,20.749060296420815,21.193614959716797,20.68141111453494,21.193614959716797,65000,0.0,0.0
2009-09-04 00:00:00-04:00,21.444885435236433,21.957087455483897,21.077644372826754,21.27092933654785,144400,0.0,0.0
2009-09-08 00:00:00-04:00,21.493205188641774,21.667161282750435,21.34824239131855,21.599512100219727,88500,0.0,0.0
2009-09-09 00:00:00-04:00,21.502869783386803,22.57559780962813,21.415891735675235,22.198692321777344,63700,0.0,0.0
2009-09-10 00:00:00-04:00,22.247013786789346,22.672237736394518,22.247013786789346,22.50794792175293,88300,0.0,0.0
2009-09-11 00:00:00-04:00,22.604588205702328,22.701230681227006,22.15037096702882,22.285669326782227,63100,0.0,0.0
2009-09-14 00:00:00-04:00,22.169699316188517,22.614252112660353,21.261263016626323,22.420969009399414,130300,0.0,0.0
2009-09-15 00:00:00-04:00,22.391975629385414,22.546602848727677,21.957085422921644,22.034399032592773,119700,0.0,0.0
2009-09-16 00:00:00-04:00,22.227686608233537,22.39197827863517,21.812125215846926,21.908767700195312,186500,0.0,0.0
2009-09-17 00:00:00-04:00,21.986080951915188,22.469291522286948,21.947423221500465,22.25667953491211,89500,0.0,0.0
2009-09-18 00:00:00-04:00,22.3339933166606,23.049144744873047,22.29533558596163,23.049144744873047,193900,0.0,0.0
2009-09-21 00:00:00-04:00,22.83652953923406,23.049143358687598,21.705816790519517,22.52727508544922,50200,0.0,0.0
2009-09-22 00:00:00-04:00,22.63358213106752,23.580674362295408,22.565932949308664,23.116792678833008,104500,0.0,0.0
2009-09-23 00:00:00-04:00,23.22309861098685,23.493695326624106,22.904179736627313,23.02014923095703,91800,0.0,0.0
2009-09-24 00:00:00-04:00,23.19410491760262,23.310076253243444,22.12137697530691,22.7882080078125,191500,0.0,0.0
2009-09-25 00:00:00-04:00,22.691567126103212,23.049143746370024,22.285670187858006,22.75921630859375,91300,0.0,0.0
2009-09-28 00:00:00-04:00,22.9525003910634,23.174776794563343,22.57559676397202,22.672237396240234,90300,0.0,0.0
2009-09-29 00:00:00-04:00,22.846193313598633,23.165112190295503,22.40164050990683,22.846193313598633,63400,0.0,0.0
2009-09-30 00:00:00-04:00,22.79787386332513,23.145786048676033,21.986079993041,22.54660415649414,68800,0.0,0.0
2009-10-01 00:00:00-04:00,22.353318783092686,22.56593260053666,22.044064332230825,22.12137794494629,137400,0.0,0.0
2009-10-02 00:00:00-04:00,21.831451704151522,22.401640272086922,21.831451704151522,22.053728103637695,78600,0.0,0.0
2009-10-05 00:00:00-04:00,22.102052070484167,22.247014871430878,21.947422993732054,22.044065475463867,90400,0.0,0.0
2009-10-06 00:00:00-04:00,22.256677706045984,22.565932150743663,22.150370799442946,22.459625244140625,74100,0.0,0.0
2009-10-07 00:00:00-04:00,22.295333871017856,23.02014967615265,22.295333871017856,22.681901931762695,80200,0.0,0.0
2009-10-08 00:00:00-04:00,22.923507448541553,23.580674080579833,22.923507448541553,23.281084060668945,123400,0.0,0.0
2009-10-09 00:00:00-04:00,23.339069485027164,24.34414832624421,23.339069485027164,24.315155029296875,76500,0.0,0.0
2009-10-12 00:00:00-04:00,24.247507152258773,25.01097891330278,24.19918683137954,24.450454711914062,121700,0.0,0.0
2009-10-13 00:00:00-04:00,24.489112095462865,24.88534461961194,24.228177942495797,24.41179847717285,129300,0.0,0.0
2009-10-14 00:00:00-04:00,24.66306669002628,25.04963475784918,24.41179698511591,24.83702278137207,108200,0.0,0.0
2009-10-15 00:00:00-04:00,24.721051302638095,24.93366327793921,24.547095212254483,24.63407325744629,68300,0.0,0.0
2009-10-16 00:00:00-04:00,24.5084402892424,24.837023618796117,24.160528094820343,24.730716705322266,81900,0.0,0.0
2009-10-19 00:00:00-04:00,24.895007021022437,25.407210852464694,24.643737321256534,25.175268173217773,48400,0.0,0.0
2009-10-20 00:00:00-04:00,25.136614505890343,25.136614505890343,24.382805340107772,24.62441062927246,30200,0.0,0.0
2009-10-21 00:00:00-04:00,24.624408999578804,25.387882547595975,24.353812273336324,24.46011734008789,54600,0.0,0.0
2009-10-22 00:00:00-04:00,24.344148252199574,24.962657172112213,24.09287854265957,24.498775482177734,138000,0.0,0.0
2009-10-23 00:00:00-04:00,24.547097015366383,24.624410634182414,23.793289692735577,24.044557571411133,80300,0.0,0.0
2009-10-26 00:00:00-04:00,23.996235063746752,24.595416937434987,23.82227897644043,23.82227897644043,96100,0.0,0.0
2009-10-27 00:00:00-04:00,23.83194474629954,24.421462221200624,23.116793336458265,23.1844425201416,89400,0.0,0.0
2009-10-28 00:00:00-04:00,23.17477620210696,23.43571032648501,22.160034842817012,22.227684020996094,83600,0.0,0.0
2009-10-29 00:00:00-04:00,22.401642479953896,22.77854613738628,22.160037193230153,22.2760066986084,243300,0.0,0.0
2009-10-30 00:00:00-04:00,21.435221988513803,21.58984922928109,20.285180272417765,20.7877197265625,151200,0.0,0.0
2009-11-02 00:00:00-05:00,20.874696515881023,20.91335240208106,19.66667011847242,19.888946533203125,146700,0.0,0.0
2009-11-03 00:00:00-05:00,19.08681751147668,19.937267303466797,18.584278076376958,19.937267303466797,204000,0.0,0.0
2009-11-04 00:00:00-05:00,19.985588315689203,20.23685801877121,19.3767420004092,19.62801170349121,179400,0.0,0.0
2009-11-05 00:00:00-05:00,19.792302966351727,20.652418967540292,19.58935542751182,20.546112060546875,79100,0.0,0.0
2009-11-06 00:00:00-05:00,20.23685847118833,20.671746862808803,20.101558262933583,20.246522903442383,62500,0.0,0.0
2009-11-09 00:00:00-05:00,20.401149231278225,20.439805115284067,20.159543965510558,20.352827072143555,66000,0.0,0.0
2009-11-10 00:00:00-05:00,20.178873182207962,20.623427878124474,19.99525448741614,20.38182258605957,95800,0.0,0.0
2009-11-11 00:00:00-05:00,20.642755270530007,20.83603838440532,20.294843084931692,20.43014144897461,36600,0.0,0.0
2009-11-12 00:00:00-05:00,20.449470906612987,20.865032286288624,20.294843673706055,20.294843673706055,97700,0.0,0.0
2009-11-13 00:00:00-05:00,20.34316391582844,21.096973055875903,20.236858845670653,20.478464126586914,109100,0.0,0.0
2009-11-16 00:00:00-05:00,20.720068841667093,22.266342965964988,20.720068841667093,21.966751098632812,121300,0.0,0.0
2009-11-17 00:00:00-05:00,21.792795582649504,22.372648625011998,21.628503918035165,22.218021392822266,51000,0.0,0.0
2009-11-18 00:00:00-05:00,22.160035806901835,22.160035806901835,21.4642114449548,21.937759399414062,83300,0.0,0.0
2009-11-19 00:00:00-05:00,21.686491115402454,21.80246062111735,21.145293944392723,21.696155548095703,100900,0.0,0.0
2009-11-20 00:00:00-05:00,21.57051835431936,22.09238662577964,21.493204741136573,21.937759399414062,104300,0.0,0.0
2009-11-23 00:00:00-05:00,22.314662938534774,23.600002904305683,22.314662938534774,22.701231002807617,116200,0.0,0.0
2009-11-24 00:00:00-05:00,22.66257560320574,22.66257560320574,22.10205143718459,22.5562686920166,105200,0.0,0.0
2009-11-25 00:00:00-05:00,22.594923039823136,22.7108943753458,22.362982212079658,22.401639938354492,43000,0.0,0.0
2009-11-27 00:00:00-05:00,21.696154473144947,22.304998956237704,21.46421178660279,21.976415634155273,52000,0.0,0.0
2009-11-30 00:00:00-05:00,21.879773354739662,22.420970503868237,21.40622723172865,22.382312774658203,560100,0.0,0.0
2009-12-01 00:00:00-05:00,22.662574625537157,23.16511217651994,22.169699663062026,22.459625244140625,123800,0.0,0.0
2009-12-02 00:00:00-05:00,22.52727407103728,22.913842120861023,22.20835519951996,22.420969009399414,133000,0.0,0.0
2009-12-03 00:00:00-05:00,22.575597952089012,22.575597952089012,21.947422749474338,22.015073776245117,71500,0.0,0.0
2009-12-04 00:00:00-05:00,22.314662104459686,22.5949232493437,21.95708550630906,22.420969009399414,247300,0.0,0.0
2009-12-07 00:00:00-05:00,22.324327714886895,22.623917738906513,22.12137832594964,22.35331916809082,95900,0.0,0.0
2009-12-08 00:00:00-05:00,22.304999796716725,22.84619511800339,22.10205224247249,22.836530685424805,197300,0.0,0.0
2009-12-09 00:00:00-05:00,22.788209327100706,23.14578594300124,22.227685166206705,22.923507690429688,79100,0.0,0.0
2009-12-10 00:00:00-05:00,22.952500076108215,23.145785024596194,22.65291006492354,22.826866149902344,82000,0.0,0.0
2009-12-11 00:00:00-05:00,22.884851766980553,23.493696244246653,22.662575358081973,23.300413131713867,56300,0.0,0.0
2009-12-14 00:00:00-05:00,23.377726546521963,24.092877927743842,23.15544829621227,24.05422019958496,55300,0.0,0.0
2009-12-15 00:00:00-05:00,23.928588287014822,24.402134437072657,23.57101164460678,24.257171630859375,138300,0.0,0.0
2009-12-16 00:00:00-05:00,24.40213294803077,24.40213294803077,23.46470513797236,23.725637435913086,142200,0.0,0.0
2009-12-17 00:00:00-05:00,23.493696209442227,23.76429477854959,22.652910892401184,22.72056007385254,288900,0.0,0.0
2009-12-18 00:00:00-05:00,22.95250112329294,23.01048587316408,22.507948302110947,22.73988914489746,150200,0.0,0.0
2009-12-21 00:00:00-05:00,22.7978733435435,23.12645665703847,22.36298312177018,23.068471908569336,83600,0.0,0.0
2009-12-22 00:00:00-05:00,23.174778303621537,24.073550251335224,23.145786849374012,23.78362464904785,98200,0.0,0.0
2009-12-23 00:00:00-05:00,23.88993053780881,24.16052912762698,23.802952485485182,24.063886642456055,27100,0.0,0.0
2009-12-24 00:00:00-05:00,24.160528572066987,24.160528572066987,23.96724360616963,24.005901336669922,9200,0.0,0.0
2009-12-28 00:00:00-05:00,24.025228746767734,24.05422019958496,23.831943792577203,24.05422019958496,17200,0.0,0.0
2009-12-29 00:00:00-05:00,24.034893975660683,24.160527909738445,23.889929333560655,23.938251495361328,31700,0.0,0.0
2009-12-30 00:00:00-05:00,23.764296783701987,23.96724434518009,23.522691490531614,23.889930725097656,41200,0.0,0.0
2009-12-31 00:00:00-05:00,23.802950876425435,23.918922219451396,23.464704966145472,23.513025283813477,51300,0.0,0.0
2010-01-04 00:00:00-05:00,23.870602135411122,24.24750577815591,23.638659447089115,24.112207412719727,70700,0.0,0.0
2010-01-05 00:00:00-05:00,24.112208600764475,24.23784254010225,23.783625259970815,24.044557571411133,59300,0.0,0.0
2010-01-06 00:00:00-05:00,24.073549644190656,24.875679089811186,24.06388521191788,24.692058563232422,76800,0.0,0.0
2010-01-07 00:00:00-05:00,24.740380863644432,24.808030046632087,24.208848145466316,24.508440017700195,65400,0.0,0.0
2010-01-08 00:00:00-05:00,24.537431191800444,24.76937203510195,24.421461691800673,24.672731399536133,61700,0.0,0.0
2010-01-11 00:00:00-05:00,24.769371411375314,24.81769357124337,24.38280334894045,24.614744186401367,127500,0.0,0.0
2010-01-12 00:00:00-05:00,24.35381154933974,24.672730426717436,24.276497937954293,24.576087951660156,53200,0.0,0.0
2010-01-13 00:00:00-05:00,24.64373789687538,25.09795514746438,24.58575314736022,25.03997039794922,35100,0.0,0.0
2010-01-14 00:00:00-05:00,24.875679089811186,25.242920142968718,24.38280410371154,24.692058563232422,57600,0.0,0.0
2010-01-15 00:00:00-05:00,24.817695015225322,24.817695015225322,23.744966966664247,24.373140335083008,96300,0.0,0.0
2010-01-19 00:00:00-05:00,24.48911114604631,25.165606662333463,24.48911114604631,24.895008087158203,86100,0.0,0.0
2010-01-20 00:00:00-05:00,24.65340257768987,24.856350124691033,23.957580046583345,24.295825958251953,36600,0.0,0.0
2010-01-21 00:00:00-05:00,24.402134282210447,24.48911233404685,23.348735070682544,23.464706420898438,64400,0.0,0.0
2010-01-22 00:00:00-05:00,23.48403089487965,23.667651411420557,22.971828915536626,23.02014923095703,51400,0.0,0.0
2010-01-25 00:00:00-05:00,23.155448278192885,23.155448278192885,22.411305444732868,22.50794792175293,64400,0.0,0.0
2010-01-26 00:00:00-05:00,22.362985189930733,22.469292108040495,21.90876790552899,21.928096771240234,62200,0.0,0.0
2010-01-27 00:00:00-05:00,21.792793771957758,22.343655314579152,21.599510669430856,22.034399032592773,95900,0.0,0.0
2010-01-28 00:00:00-05:00,22.121377833550017,22.24701360564369,21.4835400710339,21.72514533996582,88700,0.0,0.0
2010-01-29 00:00:00-05:00,21.783131607189926,23.194105471948557,21.45454829887317,22.459625244140625,194800,0.0,0.0
2010-02-01 00:00:00-05:00,22.488620137229297,23.51302601889274,22.362984358081636,23.39705467224121,72500,0.0,0.0
2010-02-02 00:00:00-05:00,23.339070951597545,24.3731413114384,23.19410814435574,23.889930725097656,152000,0.0,0.0
2010-02-03 00:00:00-05:00,23.725638014991787,24.286162196915154,23.725638014991787,23.97690773010254,77300,0.0,0.0
2010-02-04 00:00:00-05:00,23.88992814550845,24.015563916640307,23.21343450365917,23.435710906982422,115900,0.0,0.0
2010-02-05 00:00:00-05:00,23.426047892299135,23.841609271749032,22.65291172818445,23.58067512512207,150500,0.0,0.0
2010-02-08 00:00:00-05:00,23.62899730027857,24.170192615452834,23.165113758255757,23.194107055664062,117400,0.0,0.0
2010-02-09 00:00:00-05:00,23.40671782543864,23.98657084040028,23.40671782543864,23.84160804748535,37600,0.0,0.0
2010-02-10 00:00:00-05:00,23.66765264649533,24.0252292664925,23.281084573053782,23.715974807739258,72900,0.0,0.0
2010-02-11 00:00:00-05:00,23.571009686881972,24.03489320885887,23.435711324760593,23.860937118530273,133300,0.0,0.0
2010-02-12 00:00:00-05:00,23.54202037255211,24.170193766566236,23.532355939622402,24.083215713500977,159600,0.0,0.0
2010-02-16 00:00:00-05:00,24.21851264405901,24.74038093133795,23.98657179748015,24.711387634277344,37000,0.0,0.0
2010-02-17 00:00:00-05:00,24.740380445706304,25.117284083585925,24.663066831697613,24.85634994506836,129100,0.0,0.0
2010-02-18 00:00:00-05:00,24.624409064107564,25.300904568090434,24.624409064107564,25.23325538635254,62300,0.0,0.0
2010-02-19 00:00:00-05:00,25.23325424544421,25.378217034514137,24.93366239229091,25.31056785583496,68800,0.0,0.0
2010-02-22 00:00:00-05:00,25.339560700210832,25.513516793975302,25.088290991806822,25.26224708557129,70900,0.0,0.0
2010-02-23 00:00:00-05:00,25.17526840932175,25.329895634735244,24.837022505793428,25.001314163208008,68000,0.0,0.0
2010-02-24 00:00:00-05:00,25.107620834051858,25.252583636733505,24.866015548481762,24.972322463989258,55900,0.0,0.0
2010-02-25 00:00:00-05:00,24.56642332792608,24.98198467711494,24.199184137539344,24.943326950073242,36600,0.0,0.0
2010-02-26 00:00:00-05:00,24.885343347227437,24.885343347227437,24.392468364590968,24.479446411132812,53800,0.0,0.0
2010-03-01 00:00:00-05:00,24.66306652265831,25.532845130182846,24.556759613490197,25.397546768188477,50000,0.0,0.0
2010-03-02 00:00:00-05:00,25.397548081813326,25.774451734464574,25.126949500526614,25.532846450805664,66200,0.0,0.0
2010-03-03 00:00:00-05:00,25.658479309283937,26.219003470091625,25.513516513839217,25.813106536865234,146700,0.0,0.0
2010-03-04 00:00:00-05:00,25.871094402065005,26.112699687456043,24.97232244548201,25.358890533447266,100700,0.0,0.0
2010-03-05 00:00:00-05:00,25.503851775206687,26.421952540826442,25.213926187801466,26.35430335998535,83200,0.0,0.0
2010-03-08 00:00:00-05:00,26.2673275795191,26.673224542858545,26.199678392846206,26.586246490478516,56200,0.0,0.0
2010-03-09 00:00:00-05:00,26.383296038497065,27.330390144179546,26.32531128698247,27.059791564941406,79200,0.0,0.0
2010-03-10 00:00:00-05:00,27.146769613864308,27.407703760633012,26.89549989956504,27.059791564941406,47100,0.0,0.0
2010-03-11 00:00:00-05:00,26.866505219358384,27.01146985563668,26.190011571034667,26.537921905517578,140700,0.0,0.0
2010-03-12 00:00:00-05:00,26.818186687026547,26.818186687026547,26.30598281824415,26.518596649169922,189200,0.0,0.0
2010-03-15 00:00:00-04:00,26.55725231462446,27.16609866117202,26.499267562720608,26.885835647583008,62000,0.0,0.0
2010-03-16 00:00:00-04:00,26.663559127026453,27.050127210407545,26.65389469452917,26.876171112060547,50800,0.0,0.0
2010-03-17 00:00:00-04:00,26.85684409036801,27.059791642904827,26.82785079287617,26.876171112060547,76300,0.0,0.0
2010-03-18 00:00:00-04:00,26.914828699739328,27.059791499828002,26.682887850937043,26.856843948364258,108700,0.0,0.0
2010-03-19 00:00:00-04:00,26.644229888916016,27.35938129398183,26.334975426541828,26.644229888916016,92400,0.0,0.0
2010-03-22 00:00:00-04:00,26.50893179202003,27.059791539138452,26.421953743180065,26.866506576538086,37400,0.0,0.0
2010-03-23 00:00:00-04:00,26.653895622255806,27.58166089796464,26.653895622255806,27.35938262939453,57500,0.0,0.0
2010-03-24 00:00:00-04:00,27.21441748667657,28.084196090698242,27.21441748667657,28.084196090698242,111200,0.0,0.0
2010-03-25 00:00:00-04:00,28.12285336046295,29.330879691725947,27.76527675535627,29.185916900634766,208400,0.0,0.0
2010-03-26 00:00:00-04:00,29.205245511044804,29.5724865679915,29.021626825873454,29.543493270874023,361600,0.0,0.0
2010-03-29 00:00:00-04:00,28.80901189128612,30.123345150518062,28.18083855767153,30.007373809814453,177200,0.0,0.0
2010-03-30 00:00:00-04:00,30.104017178226037,31.002790947872203,29.939725515955573,30.674205780029297,407100,0.0,0.0
2010-03-31 00:00:00-04:00,30.413271016761463,31.138088677040294,30.364950699617115,30.799840927124023,258700,0.0,0.0
2010-04-01 00:00:00-04:00,31.070440025975106,31.186409526421492,30.3746156500889,30.664541244506836,88900,0.0,0.0
2010-04-05 00:00:00-04:00,30.915811012795956,31.37969454538149,30.683870168154176,31.051111221313477,114600,0.0,0.0
2010-04-06 00:00:00-04:00,30.98346186312642,31.457006138697306,30.944804134254202,31.225067138671875,206700,0.0,0.0
2010-04-07 00:00:00-04:00,31.167081484620958,31.495664816729185,31.118761165376462,31.331371307373047,100600,0.0,0.0
2010-04-08 00:00:00-04:00,31.12842257834915,31.36036526320408,30.915810601084406,31.012453079223633,81900,0.0,0.0
2010-04-09 00:00:00-04:00,31.04144476983081,31.292716320896286,30.915810837600038,31.225067138671875,48000,0.0,0.0
2010-04-12 00:00:00-04:00,31.33136919095081,31.92088663108248,31.23472855898986,31.495662689208984,79700,0.0,0.0
2010-04-13 00:00:00-04:00,31.495661693482013,31.79525354165552,31.254056434614125,31.592302322387695,42500,0.0,0.0
2010-04-14 00:00:00-04:00,31.746931381218282,32.34611511230469,31.621299293677747,32.34611511230469,57800,0.0,0.0
2010-04-15 00:00:00-04:00,32.22048174253919,32.89697729439369,32.12384110081891,32.59738540649414,113800,0.0,0.0
2010-04-16 00:00:00-04:00,32.63603961576495,32.71335138347691,31.766259187731816,32.23980712890625,68400,0.0,0.0
2010-04-19 00:00:00-04:00,32.20115086372267,32.27846632154863,31.457006171865572,32.00786590576172,186300,0.0,0.0
2010-04-20 00:00:00-04:00,32.056186079332576,32.6940275437143,32.02719462608029,32.37510681152344,270700,0.0,0.0
2010-04-21 00:00:00-04:00,32.47174930061619,32.47174930061619,32.00786758907643,32.17216110229492,73700,0.0,0.0
2010-04-22 00:00:00-04:00,31.84357729358217,32.00786711777745,31.61163459792546,31.93055534362793,89800,0.0,0.0
2010-04-23 00:00:00-04:00,31.804916381835938,31.940214738017083,31.485999354638054,31.804916381835938,131700,0.0,0.0
2010-04-26 00:00:00-04:00,31.65029033269359,31.949882194317848,31.302378154447062,31.350698471069336,81000,0.0,0.0
2010-04-27 00:00:00-04:00,31.215402253638008,31.370029489410793,30.509915260011926,30.596893310546875,78900,0.0,0.0
2010-04-28 00:00:00-04:00,30.703199489702467,30.848162289348537,30.277973679878933,30.71286392211914,71700,0.0,0.0
2010-04-29 00:00:00-04:00,30.886818230016818,31.302379608154297,30.770848727416872,31.302379608154297,112600,0.0,0.0
2010-04-30 00:00:00-04:00,31.321708178795685,31.350699632522332,30.442265111915617,30.5002498626709,104700,0.0,0.0
2010-05-03 00:00:00-04:00,30.616219999715945,31.283049215351173,30.37461473058094,31.147750854492188,93400,0.0,0.0
2010-05-04 00:00:00-04:00,30.712863233941732,30.722527666141854,29.920396383249344,30.06536102294922,86900,0.0,0.0
2010-05-05 00:00:00-04:00,29.86241118097952,29.88174004508696,28.915318959338098,29.06028175354004,71900,0.0,0.0
2010-05-06 00:00:00-04:00,28.915318235268984,29.253565975471403,27.543000254137763,28.02621078491211,146300,0.0,0.0
2010-05-07 00:00:00-04:00,28.00688327751198,28.11319018928682,26.895499371572996,27.5816593170166,231700,0.0,0.0
2010-05-10 00:00:00-04:00,28.760692663226873,29.156925173734237,28.374124585085784,28.963640213012695,111100,0.0,0.0
2010-05-11 00:00:00-04:00,28.664051606404758,30.732192309645846,26.818187328720924,30.075027465820312,104300,0.0,0.0
2010-05-12 00:00:00-04:00,30.142675924509426,32.15283182543077,30.142675924509426,32.13350296020508,87700,0.0,0.0
2010-05-13 00:00:00-04:00,31.94021585734055,32.68436052901861,31.67928172415963,31.920886993408203,55300,0.0,0.0
2010-05-14 00:00:00-04:00,31.592305152412216,31.592305152412216,30.287638112295603,30.71286392211914,121300,0.0,0.0
2010-05-17 00:00:00-04:00,30.780513051587022,31.022116488370784,30.00737504933137,30.3262939453125,273700,0.0,0.0
2010-05-18 00:00:00-04:00,30.654876108376143,30.993123856298435,29.417858301074403,29.630470275878906,72400,0.0,0.0
2010-05-19 00:00:00-04:00,29.456514639719504,29.775433528490606,28.325801880748873,28.519086837768555,57800,0.0,0.0
2010-05-20 00:00:00-04:00,27.726620934547658,28.02621094926004,26.28665376559225,26.315645217895508,119800,0.0,0.0
2010-05-21 00:00:00-04:00,26.093371091529367,26.76020220221525,25.94840828745906,26.740873336791992,113300,0.0,0.0
2010-05-24 00:00:00-04:00,26.58624419329684,26.61523748935238,25.890421677681157,25.967735290527344,72700,0.0,0.0
2010-05-25 00:00:00-04:00,25.67780941797274,25.9194147031901,24.750046007523054,25.745458602905273,74200,0.0,0.0
2010-05-26 00:00:00-04:00,25.87109361142404,26.47027366863326,25.78411556387722,26.054712295532227,118500,0.0,0.0
2010-05-27 00:00:00-04:00,26.721543789248187,27.68796491611649,25.436203764245423,27.446359634399414,193000,0.0,0.0
2010-05-28 00:00:00-04:00,27.36904603075527,27.581659858478815,26.702214936780365,27.059791564941406,121300,0.0,0.0
2010-06-01 00:00:00-04:00,26.866505046831406,27.29173083435979,26.48960141885279,26.711877822875977,240600,0.0,0.0
2010-06-02 00:00:00-04:00,26.96314887566142,28.99263359604497,26.615238525954243,28.393451690673828,159100,0.0,0.0
2010-06-03 00:00:00-04:00,28.267817578876386,29.417859220432153,27.92956982038328,28.567407608032227,131800,0.0,0.0
2010-06-04 00:00:00-04:00,27.73628795353005,28.026213563416984,26.72154463232164,26.9534854888916,155800,0.0,0.0
2010-06-07 00:00:00-04:00,27.02113366629913,27.41736802186317,26.653894451264314,26.847179412841797,161300,0.0,0.0
2010-06-08 00:00:00-04:00,26.895501176159748,27.340055874344475,26.025722488948713,26.605575561523438,46100,0.0,0.0
2010-06-09 00:00:00-04:00,26.953484275545083,27.398038946435186,26.489602583287407,26.827850341796875,82800,0.0,0.0
2010-06-10 00:00:00-04:00,27.36904494616856,28.345130467276796,27.36904494616856,28.296810150146484,112200,0.0,0.0
2010-06-11 00:00:00-04:00,27.85225665817715,28.577072505325972,27.76527860905513,28.22916030883789,87000,0.0,0.0
2010-06-14 00:00:00-04:00,28.606066222858338,29.41786013104974,28.33546763902719,28.847671508789062,84900,0.0,0.0
2010-06-15 00:00:00-04:00,29.176253405914064,29.562821475674205,28.432108719562077,29.47584342956543,72600,0.0,0.0
2010-06-16 00:00:00-04:00,29.176254627549735,30.065362146876755,29.176254627549735,29.794763565063477,63300,0.0,0.0
2010-06-17 00:00:00-04:00,29.794763345361257,30.2393180233977,29.205245866576718,30.162002563476562,108300,0.0,0.0
2010-06-18 00:00:00-04:00,30.374616012823996,30.374616012823996,29.57248655916653,29.93006134033203,117800,0.0,0.0
2010-06-21 00:00:00-04:00,30.38427995729656,30.442264707281115,29.002297486767862,29.30188751220703,39200,0.0,0.0
2010-06-22 00:00:00-04:00,29.50483745316382,29.717449435946094,28.316138074816454,28.393451690673828,22700,0.0,0.0
2010-06-23 00:00:00-04:00,28.383789802194563,29.002298744320566,28.006884302697237,28.847671508789062,40200,0.0,0.0
2010-06-24 00:00:00-04:00,28.673713230013405,29.466178212744374,28.577070754321404,28.62539291381836,86700,0.0,0.0
2010-06-25 00:00:00-04:00,28.828342421352538,29.52416497588184,28.45143876806192,29.21491050720215,142600,0.0,0.0
2010-06-28 00:00:00-04:00,29.22457344907176,30.509913421022762,29.22457344907176,29.640134811401367,92400,0.0,0.0
2010-06-29 00:00:00-04:00,29.301888204961934,29.301888204961934,27.84259208551918,28.2098331451416,104800,0.0,0.0
2010-06-30 00:00:00-04:00,28.13251950264291,29.31155261004695,27.89091422170177,28.01654815673828,117200,0.0,0.0
2010-07-01 00:00:00-04:00,28.02621280970248,28.29681139007454,27.243412209418114,27.649309158325195,51800,0.0,0.0
2010-07-02 00:00:00-04:00,27.919904594658686,27.919904594658686,26.75053596496582,26.75053596496582,64200,0.0,0.0
2010-07-06 00:00:00-04:00,27.098449125571726,27.533337524168054,26.537923105657423,26.847179412841797,171200,0.0,0.0
2010-07-07 00:00:00-04:00,27.040462637195695,27.842592097275556,26.798857355927037,27.823265075683594,147900,0.0,0.0
2010-07-08 00:00:00-04:00,28.055205152883673,28.760692112392178,27.83292689932045,28.519086837768555,91200,0.0,0.0
2010-07-09 00:00:00-04:00,28.509423759229268,28.625395107607847,27.997219889118785,28.461103439331055,30200,0.0,0.0
2010-07-12 00:00:00-04:00,28.432109652643526,28.54808099902848,27.48501738982414,27.639644622802734,36100,0.0,0.0
2010-07-13 00:00:00-04:00,28.142183128659923,28.799347925615017,28.142183128659923,28.702707290649414,77900,0.0,0.0
2010-07-14 00:00:00-04:00,28.490095035715488,28.67371557018608,28.093862512011935,28.480430603027344,71300,0.0,0.0
2010-07-15 00:00:00-04:00,28.43210907600225,28.43210907600225,27.687964380321258,27.96822738647461,35100,0.0,0.0
2010-07-16 00:00:00-04:00,27.658972448288832,27.745948650681342,26.344639174063204,26.3832950592041,90000,0.0,0.0
2010-07-19 00:00:00-04:00,26.557251110953885,26.692551316999953,25.89042188602761,26.373632431030273,99200,0.0,0.0
2010-07-20 00:00:00-04:00,25.96773679848821,27.146769923685152,25.63915346398542,27.08878517150879,58700,0.0,0.0
2010-07-21 00:00:00-04:00,27.369045081927272,27.6589725160531,26.760200603876353,26.769865036010742,51600,0.0,0.0
2010-07-22 00:00:00-04:00,27.253074685941844,28.480428033782363,27.166096642896985,28.412778854370117,84800,0.0,0.0
2010-07-23 00:00:00-04:00,28.19050267841172,29.32121540375419,27.968226274761108,29.205244064331055,57300,0.0,0.0
2010-07-26 00:00:00-04:00,29.388865513390375,30.500249410102644,29.060282191816036,30.451929092407227,73500,0.0,0.0
2010-07-27 00:00:00-04:00,30.790177588653535,31.3313710584588,30.2683092971093,30.33595848083496,55200,0.0,0.0
2010-07-28 00:00:00-04:00,30.181330209296583,30.326293004188972,29.524163572928995,29.649799346923828,63700,0.0,0.0
2010-07-29 00:00:00-04:00,30.017039984069722,30.19099608357097,29.243903812177546,29.794763565063477,32000,0.0,0.0
2010-07-30 00:00:00-04:00,29.330880358496152,30.104016490759186,29.27289560940191,29.640134811401367,56500,0.0,0.0
2010-08-02 00:00:00-04:00,30.075025453137474,30.625885185393873,29.80442688145803,30.451929092407227,63100,0.0,0.0
2010-08-03 00:00:00-04:00,30.31663254415889,31.13809089729938,29.756108346128094,30.63555145263672,98100,0.0,0.0
2010-08-04 00:00:00-04:00,30.90614623968888,31.34103647065996,30.674205397604954,31.21540069580078,67800,0.0,0.0
2010-08-05 00:00:00-04:00,31.041446620811936,33.32220114781755,30.616222637673527,32.97428894042969,107400,0.0,0.0
2010-08-06 00:00:00-04:00,32.39443465251254,33.12891304233083,31.11875913725712,31.882232666015625,78200,0.0,0.0
2010-08-09 00:00:00-04:00,32.162495181347246,33.06126715944224,31.862906979718367,32.98395538330078,85500,0.0,0.0
2010-08-10 00:00:00-04:00,32.46208418640088,32.471746775083794,31.041444020762164,31.350698471069336,117200,0.0,0.0
2010-08-11 00:00:00-04:00,30.799842204711815,31.350700110233763,30.036368627708754,30.162002563476562,125600,0.0,0.0
2010-08-12 00:00:00-04:00,29.91073442194778,30.10401754009987,29.504837477535787,29.939725875854492,75800,0.0,0.0
2010-08-13 00:00:00-04:00,29.73677715022096,29.95905355679829,29.050617223145025,29.437185287475586,110000,0.0,0.0
2010-08-16 00:00:00-04:00,29.185919083254348,30.268309724761682,29.08927660086568,29.988048553466797,57500,0.0,0.0
2010-08-17 00:00:00-04:00,30.37461599722137,32.32678709563141,30.326293835398154,32.05618667602539,110800,0.0,0.0
2010-08-18 00:00:00-04:00,32.10450926180387,32.88730797241033,31.698610493641702,32.29779052734375,134500,0.0,0.0
2010-08-19 00:00:00-04:00,32.06585329938389,32.06585329938389,29.939726081960544,29.959054946899414,110200,0.0,0.0
2010-08-20 00:00:00-04:00,29.910733205556618,30.075024863120685,29.417858232864415,29.814090728759766,76900,0.0,0.0
2010-08-23 00:00:00-04:00,30.065359869574756,30.065359869574756,28.577070547285317,28.606063842773438,42100,0.0,0.0
2010-08-24 00:00:00-04:00,28.074533873549235,28.49009526598786,27.73628794324065,28.113191604614258,81000,0.0,0.0
2010-08-25 00:00:00-04:00,27.92956917675633,28.98296831399572,27.591321426058023,28.88632583618164,62700,0.0,0.0
2010-08-26 00:00:00-04:00,28.924984622096645,28.924984622096645,27.427030769469564,27.446359634399414,73300,0.0,0.0
2010-08-27 00:00:00-04:00,27.88124949488334,29.040953725174848,27.649308648825034,28.953975677490234,77100,0.0,0.0
2010-08-30 00:00:00-04:00,28.73169909819264,28.94431292166402,28.306475137853838,28.354795455932617,55000,0.0,0.0
2010-08-31 00:00:00-04:00,28.24848809293835,28.63505616129925,27.98755395555651,28.306474685668945,56000,0.0,0.0
2010-09-01 00:00:00-04:00,28.85733481702709,30.065361199611253,28.354795399479606,29.89140510559082,91000,0.0,0.0
2010-09-02 00:00:00-04:00,29.707784851217514,30.239317570400647,29.398530389373796,30.11368179321289,42500,0.0,0.0
2010-09-03 00:00:00-04:00,30.471257199463654,30.867489693284266,29.901068616979956,30.76118278503418,40300,0.0,0.0
2010-09-07 00:00:00-04:00,30.71286407683288,30.799842125719067,30.152339896956352,30.345623016357422,95600,0.0,0.0
2010-09-08 00:00:00-04:00,30.355287166788354,30.925475773832552,30.32629386966167,30.50991439819336,37800,0.0,0.0
2010-09-09 00:00:00-04:00,30.925475982803793,30.925475982803793,29.997712588104644,30.52924346923828,72800,0.0,0.0
2010-09-10 00:00:00-04:00,30.52924280696544,31.03178222317686,30.48092248911133,30.848161697387695,57000,0.0,0.0
2010-09-13 00:00:00-04:00,31.283049806450794,32.02719449183983,30.915810601479375,31.78558921813965,65400,0.0,0.0
2010-09-14 00:00:00-04:00,31.746933089107735,31.90156032460247,31.447344894051483,31.553651809692383,37400,0.0,0.0
2010-09-15 00:00:00-04:00,31.312047453157575,31.87256981598571,31.312047453157575,31.659955978393555,40600,0.0,0.0
2010-09-16 00:00:00-04:00,31.505325620562918,31.669619120608715,30.30696555015145,31.147750854492188,55700,0.0,0.0
2010-09-17 00:00:00-04:00,31.60197204474079,31.775928145031063,30.683871223565266,31.157419204711914,96900,0.0,0.0
2010-09-20 00:00:00-04:00,31.205738204558703,32.394435715195705,31.205738204558703,32.384769439697266,68500,0.0,0.0
2010-09-21 00:00:00-04:00,32.23014162272353,33.10958466022496,31.74693108153365,32.70368957519531,59100,0.0,0.0
2010-09-22 00:00:00-04:00,32.46208368707874,33.04193485083462,32.16249183006271,32.64570236206055,68100,0.0,0.0
2010-09-23 00:00:00-04:00,32.28812765220414,33.331864172556415,31.930552890203657,32.25913619995117,71400,0.0,0.0
2010-09-24 00:00:00-04:00,32.82932777374785,33.34152980553993,32.500744433997205,32.954959869384766,71700,0.0,0.0
2010-09-27 00:00:00-04:00,33.06126603839608,33.38018678150153,32.29779245938974,32.4910774230957,40300,0.0,0.0
2010-09-28 00:00:00-04:00,32.674695848464204,33.04193317985611,31.862902048297283,32.858314514160156,35400,0.0,0.0
2010-09-29 00:00:00-04:00,32.60704667233393,32.887305964900676,32.46208204542413,32.858314514160156,52100,0.0,0.0
2010-09-30 00:00:00-04:00,32.95495876011383,33.43816932074075,32.355778697185585,32.8389892578125,72200,0.0,0.0
2010-10-01 00:00:00-04:00,32.858318573753806,33.15791045263314,32.2108181831939,32.88731002807617,70500,0.0,0.0
2010-10-04 00:00:00-04:00,32.858317793161625,32.858317793161625,31.53432190256864,31.640628814697266,58000,0.0,0.0
2010-10-05 00:00:00-04:00,32.12383910733643,33.29320775796452,31.9982033316132,33.15790939331055,86800,0.0,0.0
2010-10-06 00:00:00-04:00,33.15791070591777,33.57347209186499,32.848656235436685,33.293209075927734,55300,0.0,0.0
2010-10-07 00:00:00-04:00,33.64112235813941,33.64112235813941,32.81966214915541,33.02260971069336,37800,0.0,0.0
2010-10-08 00:00:00-04:00,33.128916051852784,33.82474046396773,32.87764817336913,33.72809982299805,59900,0.0,0.0
2010-10-11 00:00:00-04:00,33.592797598204605,34.11466590470903,33.55414355397044,33.71843338012695,23600,0.0,0.0
2010-10-12 00:00:00-04:00,33.58313287008287,33.737760096984566,33.09992232518959,33.50581741333008,22000,0.0,0.0
2010-10-13 00:00:00-04:00,33.612125284720555,34.153322437662304,33.26421309258685,33.98902893066406,55000,0.0,0.0
2010-10-14 00:00:00-04:00,34.04701717064584,34.530227752721316,33.86339847663466,34.14366149902344,42800,0.0,0.0
2010-10-15 00:00:00-04:00,34.617203953770165,34.704182001356685,33.322199515595344,33.57347106933594,78500,0.0,0.0
2010-10-18 00:00:00-04:00,33.76675476543896,33.82474136352539,33.3801885046755,33.82474136352539,25600,0.0,0.0
2010-10-19 00:00:00-04:00,33.148241169280794,33.82473663938932,32.68435950919019,32.964622497558594,41200,0.0,0.0
2010-10-20 00:00:00-04:00,33.27388062160974,33.82474038436972,33.23522289067119,33.33186721801758,29400,0.0,0.0
2010-10-21 00:00:00-04:00,33.41884460134661,33.82473970827598,32.326787687087425,32.88731002807617,57500,0.0,0.0
2010-10-22 00:00:00-04:00,32.954955806794956,33.138578162804095,32.53939446696879,32.92596435546875,26800,0.0,0.0
2010-10-25 00:00:00-04:00,33.10958628970498,33.7474240880025,33.10958628970498,33.25455093383789,32700,0.0,0.0
2010-10-26 00:00:00-04:00,32.93562996493968,33.157906356025386,32.62637184842521,32.858314514160156,27200,0.0,0.0
2010-10-27 00:00:00-04:00,32.58772063298401,32.58772063298401,31.862904808845425,32.37510681152344,81100,0.0,0.0
2010-10-28 00:00:00-04:00,32.771339980583306,32.8583180287117,32.191488784129994,32.44275665283203,59000,0.0,0.0
2010-10-29 00:00:00-04:00,32.40409652187444,32.40409652187444,32.133499808463725,32.201148986816406,35500,0.0,0.0
2010-11-01 00:00:00-04:00,31.85323811908151,33.03227302405922,31.302378394828878,31.563312530517578,33600,0.0,0.0
2010-11-02 00:00:00-04:00,31.8918952756686,32.80999602850103,31.8918952756686,32.65536880493164,65500,0.0,0.0
2010-11-03 00:00:00-04:00,32.645703022449275,32.752009931495884,32.29779084251632,32.71335220336914,34300,0.0,0.0
2010-11-04 00:00:00-04:00,33.43817174518309,34.781500297871624,33.43817174518309,34.63653564453125,74100,0.0,0.0
2010-11-05 00:00:00-04:00,34.63653213929746,35.274369913557905,33.96003663651118,34.27895736694336,68300,0.0,0.0
2010-11-08 00:00:00-05:00,34.027687812673584,35.03276669363457,33.94070976169419,34.86847686767578,52600,0.0,0.0
2010-11-09 00:00:00-05:00,34.94578503139502,35.03276307338619,33.91171480250198,34.12432861328125,33900,0.0,0.0
2010-11-10 00:00:00-05:00,34.27895644518972,34.91679420229885,33.73775932019259,34.57854461669922,48000,0.0,0.0
2010-11-11 00:00:00-05:00,34.133996260086576,34.39493042472864,33.82474177308953,33.863399505615234,95000,0.0,0.0
2010-11-12 00:00:00-05:00,33.65078374470248,34.008358533667106,33.399515870820224,33.67011260986328,40000,0.0,0.0
2010-11-15 00:00:00-05:00,33.82473959842998,34.13399406554444,33.57347172637599,33.64112091064453,36000,0.0,0.0
2010-11-16 00:00:00-05:00,33.24488576779412,33.86339465315896,32.91630246161858,33.76675033569336,89800,0.0,0.0
2010-11-17 00:00:00-05:00,33.824736926172726,33.83439951461741,33.39951298913533,33.76675033569336,44200,0.0,0.0
2010-11-18 00:00:00-05:00,34.30794855255376,35.02310177829017,34.18231277912631,34.64619445800781,70800,0.0,0.0
2010-11-19 00:00:00-05:00,34.64619387096393,35.27436904085353,33.892386616379454,34.96511459350586,149600,0.0,0.0
2010-11-22 00:00:00-05:00,34.79116002172089,35.26470798856673,34.356269784128585,35.11974334716797,43200,0.0,0.0
2010-11-23 00:00:00-05:00,34.762169540801274,34.97477968443704,34.11466546079999,34.82981872558594,77800,0.0,0.0
2010-11-24 00:00:00-05:00,34.926457234187765,36.2214616285866,34.926457234187765,36.163475036621094,118700,0.0,0.0
2010-11-26 00:00:00-05:00,36.066833794444634,36.066833794444634,35.612614714892054,35.709259033203125,8800,0.0,0.0
2010-11-29 00:00:00-05:00,35.36134961867567,35.709261818525114,34.79116099927888,35.61261749267578,72400,0.0,0.0
2010-11-30 00:00:00-05:00,35.14873619435731,35.66094191076424,35.09075328478212,35.651275634765625,141700,0.0,0.0
2010-12-01 00:00:00-05:00,36.38575673544562,37.303853852504076,35.73825266636004,35.93153762817383,186300,0.0,0.0
2010-12-02 00:00:00-05:00,35.931536247585306,36.26978215281008,35.728588704450445,36.182804107666016,72300,0.0,0.0
2010-12-03 00:00:00-05:00,35.83489512490418,36.22146134180202,35.6319438979337,36.124820709228516,73500,0.0,0.0
2010-12-06 00:00:00-05:00,35.97019397578353,36.33743133385504,35.873549655287974,36.182804107666016,30200,0.0,0.0
2010-12-07 00:00:00-05:00,36.72400476098176,37.651768207000494,36.443741734599776,36.91728973388672,105500,0.0,0.0
2010-12-08 00:00:00-05:00,37.100905259712164,37.16855444145668,36.02817725404357,36.21179962158203,78600,0.0,0.0
2010-12-09 00:00:00-05:00,36.69501376182874,36.69501376182874,35.30336488888486,35.796241760253906,125700,0.0,0.0
2010-12-10 00:00:00-05:00,35.78657404777214,36.260122033946764,35.19705655570738,36.037845611572266,79300,0.0,0.0
2010-12-13 00:00:00-05:00,36.0861663054701,36.31810900625621,35.68993377685547,35.68993377685547,44500,0.0,0.0
2010-12-14 00:00:00-05:00,35.95086537970013,35.95086537970013,35.660939789259785,35.81556701660156,71300,0.0,0.0
2010-12-15 00:00:00-05:00,35.70926288650234,36.3471007097678,35.496649049879125,35.71892547607422,71700,0.0,0.0
2010-12-16 00:00:00-05:00,35.71892385381997,36.40508196698981,35.361349070233494,36.31810760498047,65600,0.0,0.0
2010-12-17 00:00:00-05:00,36.39541982960711,36.71434057401597,35.94120071603232,36.36642837524414,139800,0.0,0.0
2010-12-20 00:00:00-05:00,36.64668641402386,36.656352689540945,35.87355026983423,36.24079132080078,56600,0.0,0.0
2010-12-21 00:00:00-05:00,36.5307170739691,37.45848045105818,36.5307170739691,37.02359390258789,53200,0.0,0.0
2010-12-22 00:00:00-05:00,36.51138849018559,37.53579619772546,36.51138849018559,37.06224822998047,36800,0.0,0.0
2010-12-23 00:00:00-05:00,37.197553314363674,37.81606228758948,37.197553314363674,37.37150573730469,47000,0.0,0.0
2010-12-27 00:00:00-05:00,36.453405966024526,38.07699374878431,36.43407710115786,37.87404251098633,48300,0.0,0.0
2010-12-28 00:00:00-05:00,37.93202813627728,38.038335047025384,37.197549723132795,37.390830993652344,63700,0.0,0.0
2010-12-29 00:00:00-05:00,37.59378412658026,37.806394272219705,37.46814834510869,37.57445526123047,22800,0.0,0.0
2010-12-30 00:00:00-05:00,37.53579590911758,37.72908086766213,36.98493617355819,37.02359390258789,26000,0.0,0.0
2010-12-31 00:00:00-05:00,37.02359365319384,38.04799765935275,36.72400178513767,37.767738342285156,59700,0.0,0.0
2011-01-03 00:00:00-05:00,38.29927033381408,38.656845118914916,37.74841058579786,37.88370895385742,50700,0.0,0.0
2011-01-04 00:00:00-05:00,38.1253126940519,38.1253126940519,36.231128244611405,36.9559440612793,62000,0.0,0.0
2011-01-05 00:00:00-05:00,36.88829178356201,37.63243647630585,36.72400196539199,37.410160064697266,39900,0.0,0.0
2011-01-06 00:00:00-05:00,37.323182904823625,37.323182904823625,36.25045486364252,36.724002838134766,46200,0.0,0.0
2011-01-07 00:00:00-05:00,36.90762090275552,36.90762090275552,35.9991863855722,36.666015625,68100,0.0,0.0
2011-01-10 00:00:00-05:00,36.39541926427076,36.73366518193153,36.29877862682597,36.695011138916016,68000,0.0,0.0
2011-01-11 00:00:00-05:00,36.81097977236905,36.83030863672262,35.96052817383179,36.6080322265625,49400,0.0,0.0
2011-01-12 00:00:00-05:00,37.06224864231329,37.21687587473734,36.80131818296348,37.10090637207031,45900,0.0,0.0
2011-01-13 00:00:00-05:00,37.100906071051135,37.11057234671397,36.20213413781481,36.68534469604492,40400,0.0,0.0
2011-01-14 00:00:00-05:00,36.579038524604165,37.149227142333984,36.240792601630574,37.149227142333984,91500,0.0,0.0
2011-01-18 00:00:00-05:00,36.88828982370936,37.28452599458185,36.482394751016194,37.207210540771484,50800,0.0,0.0
2011-01-19 00:00:00-05:00,37.09124313406188,37.35217727545095,35.86388788527799,36.2601203918457,103000,0.0,0.0
2011-01-20 00:00:00-05:00,35.970195055603476,36.26978324162362,35.13907230741085,35.51597595214844,37000,0.0,0.0
2011-01-21 00:00:00-05:00,35.863887518784,35.96052815389432,34.1629843226525,34.684852600097656,63800,0.0,0.0
2011-01-24 00:00:00-05:00,34.62686965442344,35.09075133831424,34.42391842235553,34.67518997192383,89900,0.0,0.0
2011-01-25 00:00:00-05:00,34.38526427847951,35.052093505859375,34.10500127656181,35.052093505859375,54400,0.0,0.0
2011-01-26 00:00:00-05:00,35.08108805563471,35.93153972528888,34.98444741238947,35.75758361816406,74700,0.0,0.0
2011-01-27 00:00:00-05:00,35.74791909589709,35.75758168505755,34.80082314759483,35.56429672241211,23700,0.0,0.0
2011-01-28 00:00:00-05:00,35.45798867587413,35.45798867587413,33.20622943981168,33.525146484375,97000,0.0,0.0
2011-01-31 00:00:00-05:00,33.795747729782086,34.02768673397176,32.858318064121804,33.60246276855469,92000,0.0,0.0
2011-02-01 00:00:00-05:00,33.795744945280894,35.680263023817695,33.38018360319234,35.62228012084961,68500,0.0,0.0
2011-02-02 00:00:00-05:00,36.23112972378046,37.40049840429361,35.941200435993565,36.733665466308594,78200,0.0,0.0
2011-02-03 00:00:00-05:00,36.965607965620414,37.632437213509064,36.26978357714251,37.091243743896484,76800,0.0,0.0
2011-02-04 00:00:00-05:00,36.93661523207982,36.93661523207982,36.1151550937828,36.19247055053711,29800,0.0,0.0
2011-02-07 00:00:00-05:00,36.12482206571599,36.83997162146297,36.12482206571599,36.26978302001953,51800,0.0,0.0
2011-02-08 00:00:00-05:00,36.153811773354974,36.86896498117051,35.80589960126114,36.85929870605469,66400,0.0,0.0
2011-02-09 00:00:00-05:00,36.57903619633264,37.506803229700694,36.47273297488152,37.28452682495117,82400,0.0,0.0
2011-02-10 00:00:00-05:00,36.482395495383635,36.936614579277794,34.38526353713936,35.36134719848633,267300,0.0,0.0
2011-02-11 00:00:00-05:00,35.052093468712336,35.87354992272729,34.82015078439772,35.81556701660156,77200,0.0,0.0
2011-02-14 00:00:00-05:00,35.67060039402632,36.0281751461271,35.55463090162136,36.008846282958984,106600,0.0,0.0
2011-02-15 00:00:00-05:00,35.71892297981818,36.13448434784659,35.52563802245084,35.85422134399414,61000,0.0,0.0
2011-02-16 00:00:00-05:00,36.15381425131547,36.2214634353477,35.651274822358815,35.95086669921875,43800,0.0,0.0
2011-02-17 00:00:00-05:00,35.95086739400051,36.19247268067175,35.74791983798166,36.02817916870117,37200,0.0,0.0
2011-02-18 00:00:00-05:00,36.22146458739289,37.04292478428914,36.0185170288413,36.453407287597656,142900,0.0,0.0
2011-02-22 00:00:00-05:00,35.9798600469115,36.71434220735053,35.400008814231605,35.75758361816406,121200,0.0,0.0
2011-02-23 00:00:00-05:00,35.883217354735336,36.04750717619214,34.288621026010716,34.3852653503418,148600,0.0,0.0
2011-02-24 00:00:00-05:00,34.58821182334244,35.49664632411262,34.423918320403,35.052093505859375,112400,0.0,0.0
2011-02-25 00:00:00-05:00,35.07142392917941,35.40966985232059,34.742840595297665,35.21638488769531,46300,0.0,0.0
2011-02-28 00:00:00-05:00,35.29369794458256,36.124820655246495,34.713843090196555,34.97477722167969,80500,0.0,0.0
2011-03-01 00:00:00-05:00,35.02310184604159,35.544966431665394,34.47223843428756,35.03276443481445,242000,0.0,0.0
2011-03-02 00:00:00-05:00,34.96511758823923,35.496648484730486,34.70418343470262,35.26470947265625,108400,0.0,0.0
2011-03-03 00:00:00-05:00,35.68026510860825,36.44373865952972,35.68026510860825,36.22146224975586,52500,0.0,0.0
2011-03-04 00:00:00-05:00,36.15381254625819,36.34709750006505,35.37101014231215,35.78657150268555,49100,0.0,0.0
2011-03-07 00:00:00-05:00,35.902544928895324,36.28911115251042,34.18231288368512,35.04242706298828,80700,0.0,0.0
2011-03-08 00:00:00-05:00,35.13907155310525,36.42440969055749,34.55921668498369,35.82522964477539,45500,0.0,0.0
2011-03-09 00:00:00-05:00,35.8155688560048,36.15381478112273,35.08108672345717,35.235713958740234,74400,0.0,0.0
2011-03-10 00:00:00-05:00,34.742838915147516,34.742838915147516,33.14824264235814,33.50581741333008,171100,0.0,0.0
2011-03-11 00:00:00-05:00,33.53481400617055,34.530226592074406,33.53481400617055,34.423919677734375,106700,0.0,0.0
2011-03-14 00:00:00-04:00,33.84406879484152,34.80082365978139,33.650783829351376,34.06634521484375,78300,0.0,0.0
2011-03-15 00:00:00-04:00,32.99361784383883,34.08567478792384,32.99361784383883,33.36085891723633,227500,0.0,0.0
2011-03-16 00:00:00-04:00,33.26421371318786,33.341529173595134,31.872568605293523,32.114173889160156,82000,0.0,0.0
2011-03-17 00:00:00-04:00,32.829325697996616,32.829325697996616,32.201150513114136,32.355777740478516,47900,0.0,0.0
2011-03-18 00:00:00-04:00,32.6167130857358,32.89697609777598,32.13350252150268,32.86798095703125,131500,0.0,0.0
2011-03-21 00:00:00-04:00,33.16757293416073,33.74742413834934,33.157910344952676,33.64112091064453,180000,0.0,0.0
2011-03-22 00:00:00-04:00,33.50581873982435,34.02768703375477,32.81966062369585,34.01802444458008,94000,0.0,0.0
2011-03-23 00:00:00-04:00,34.11466299949748,34.4432463104324,33.38984719772372,34.191978454589844,49000,0.0,0.0
2011-03-24 00:00:00-04:00,34.4819045734189,35.53530370248493,33.94070743918,35.40000534057617,78000,0.0,0.0
2011-03-25 00:00:00-04:00,35.689930829724744,36.202132823134775,35.10041338023569,35.77690887451172,60400,0.0,0.0
2011-03-28 00:00:00-04:00,35.776909262072856,36.2311283549479,35.33235644461433,35.43865966796875,48700,0.0,0.0
2011-03-29 00:00:00-04:00,35.438661843497584,36.066837066393774,35.17773137689579,36.037845611572266,34400,0.0,0.0
2011-03-30 00:00:00-04:00,36.018517712930134,36.646689266082966,35.72859209712082,36.53071975708008,26900,0.0,0.0
2011-03-31 00:00:00-04:00,36.49206229677469,37.19755300551987,36.49206229677469,36.94628143310547,66000,0.0,0.0
2011-04-01 00:00:00-04:00,37.24586793620654,37.970683719511314,36.42440783649889,37.55512237548828,68300,0.0,0.0
2011-04-04 00:00:00-04:00,37.806395005427945,38.51188201465876,37.806395005427945,38.03833770751953,75700,0.0,0.0
2011-04-05 00:00:00-04:00,37.82571912838675,38.90810966702254,37.61310531867832,38.3282585144043,80300,0.0,0.0
2011-04-06 00:00:00-04:00,38.811474599298556,38.9854307073349,38.42490465108352,38.492557525634766,52400,0.0,0.0
2011-04-07 00:00:00-04:00,38.45389864795305,38.54087669938015,37.506806358304715,37.61310958862305,62800,0.0,0.0
2011-04-08 00:00:00-04:00,37.88370840370433,37.88370840370433,36.14415113593609,36.28911209106445,107300,0.0,0.0
2011-04-11 00:00:00-04:00,36.39541915521284,36.414748019964684,35.670603316736795,35.921871185302734,51000,0.0,0.0
2011-04-12 00:00:00-04:00,35.448327424802706,36.32777050765986,35.35168678622221,35.58362579345703,232900,0.0,0.0
2011-04-13 00:00:00-04:00,36.00884632027393,36.09582436131871,34.82981515862706,34.85880661010742,100900,0.0,0.0
2011-04-14 00:00:00-04:00,34.56888242892817,34.85880801522945,33.747422300036725,33.84406661987305,119000,0.0,0.0
2011-04-15 00:00:00-04:00,33.670112656130854,34.201643545669015,33.670112656130854,34.05668258666992,129400,0.0,0.0
2011-04-18 00:00:00-04:00,33.91171692563351,33.91171692563351,32.80033117356546,33.1869010925293,55700,0.0,0.0
2011-04-19 00:00:00-04:00,33.399514647354245,33.74742314769211,32.645703680112355,32.781002044677734,105000,0.0,0.0
2011-04-20 00:00:00-04:00,33.34152705139142,33.84406645223963,33.080592919031545,33.83440017700195,175200,0.0,0.0
2011-04-21 00:00:00-04:00,33.82473841493622,34.01802337177092,33.496155094298395,33.91171646118164,66700,0.0,0.0
2011-04-25 00:00:00-04:00,33.73776147132829,34.50123504814551,33.60246310310327,34.027687072753906,111000,0.0,0.0
2011-04-26 00:00:00-04:00,34.249960647084215,35.54496500012146,34.03735052320902,35.27436828613281,118800,0.0,0.0
2011-04-27 00:00:00-04:00,35.38067736982513,36.327769613703325,35.090751774614084,36.26978302001953,98600,0.0,0.0
2011-04-28 00:00:00-04:00,36.18280427944025,37.15889164475797,36.18280427944025,36.965606689453125,107300,0.0,0.0
2011-04-29 00:00:00-04:00,37.13956098869797,38.23161779986868,37.06224553566471,37.941688537597656,139000,0.0,0.0
2011-05-02 00:00:00-04:00,37.758073213832446,38.07699395596166,37.5357967965624,37.89337158203125,127600,0.0,0.0
2011-05-03 00:00:00-04:00,37.874041605878794,38.31859811398015,37.72908065274908,37.777400970458984,197900,0.0,0.0
2011-05-04 00:00:00-04:00,37.83538997389712,37.95135948110928,36.07650375366211,36.07650375366211,67000,0.0,0.0
2011-05-05 00:00:00-04:00,35.844557752760615,36.704671918059404,35.844557752760615,36.134483337402344,141500,0.0,0.0
2011-05-06 00:00:00-04:00,36.80131614183098,37.013926270494416,36.35675964749002,36.51138687133789,37000,0.0,0.0
2011-05-09 00:00:00-04:00,36.559712360468815,36.90762086331767,36.240791624602416,36.65635299682617,35600,0.0,0.0
2011-05-10 00:00:00-04:00,36.86896822303152,37.20721414975126,36.41474910434722,37.18788528442383,53900,0.0,0.0
2011-05-11 00:00:00-04:00,36.99459771470776,36.99459771470776,35.84455795817665,36.153812408447266,61600,0.0,0.0
2011-05-12 00:00:00-04:00,36.144150199147106,37.28452737896623,35.78657174190281,36.9559440612793,90800,0.0,0.0
2011-05-13 00:00:00-04:00,37.01392750507796,37.01392750507796,35.99918608431732,36.25045394897461,36300,0.0,0.0
2011-05-16 00:00:00-04:00,35.98952300646289,36.41474695879991,35.950865278085736,36.19247055053711,76000,0.0,0.0
2011-05-17 00:00:00-04:00,36.095825155643524,36.54038164554623,35.91220648122104,36.08616256713867,83200,0.0,0.0
2011-05-18 00:00:00-04:00,36.17314209939909,36.5210542855584,36.037843735138004,36.23112869262695,26400,0.0,0.0
2011-05-19 00:00:00-04:00,36.608034770543355,36.81098233045322,36.19247337457313,36.482398986816406,62300,0.0,0.0
2011-05-20 00:00:00-04:00,36.202133139329455,36.61769450287414,35.97019414227431,36.19247055053711,59700,0.0,0.0
2011-05-23 00:00:00-04:00,35.40966709938552,35.612614637492015,35.148732970418415,35.322689056396484,44300,0.0,0.0
2011-05-24 00:00:00-04:00,35.51597660912987,35.73825302714827,35.12940668159976,35.58362579345703,85000,0.0,0.0
2011-05-25 00:00:00-04:00,35.43866091926012,36.820643424306446,35.30336255148284,36.337432861328125,63900,0.0,0.0
2011-05-26 00:00:00-04:00,38.434564676198846,39.410648291109695,35.97985438347159,38.63751220703125,177100,0.0,0.0
2011-05-27 00:00:00-04:00,38.9274389033768,39.38165797879637,38.65684218777558,38.753482818603516,106200,0.0,0.0
2011-05-31 00:00:00-04:00,39.159384521371976,39.159384521371976,38.13497679923603,38.65684509277344,132600,0.0,0.0
2011-06-01 00:00:00-04:00,38.482888040013535,38.850129091531294,37.255532796381075,37.40049743652344,174900,0.0,0.0
2011-06-02 00:00:00-04:00,37.43915571200968,38.20262559297392,37.43915571200968,37.84505081176758,68900,0.0,0.0
2011-06-03 00:00:00-04:00,37.04292146260858,37.83538644679042,35.96052720751803,37.66143035888672,97900,0.0,0.0
2011-06-06 00:00:00-04:00,37.76773765185592,37.92236487750245,37.120233609920895,37.32318115234375,134200,0.0,0.0
2011-06-07 00:00:00-04:00,37.69042261339918,37.69042261339918,37.3521767056128,37.361839294433594,102400,0.0,0.0
2011-06-08 00:00:00-04:00,37.14922861701957,37.680763212226665,37.05258797422057,37.294193267822266,68700,0.0,0.0
2011-06-09 00:00:00-04:00,37.41015985802508,37.787063496783695,37.11057167675743,37.390830993652344,53700,0.0,0.0
2011-06-10 00:00:00-04:00,37.04292036066562,37.487473155815614,36.675679331948636,36.781986236572266,60200,0.0,0.0
2011-06-13 00:00:00-04:00,37.00426435086839,37.26519848706714,36.55004525971459,36.579036712646484,80200,0.0,0.0
2011-06-14 00:00:00-04:00,37.091244146133555,37.27486283437136,36.57903843834757,36.752994537353516,111800,0.0,0.0
2011-06-15 00:00:00-04:00,36.29877816016341,37.168554945796544,35.96052856024722,36.26978302001953,98900,0.0,0.0
2011-06-16 00:00:00-04:00,36.250456692712554,36.975272574773705,35.960531077208934,36.52105712890625,94400,0.0,0.0
2011-06-17 00:00:00-04:00,36.71433872218374,37.46814599043209,36.3954179938609,36.569374084472656,131900,0.0,0.0
2011-06-20 00:00:00-04:00,36.41474479600011,37.1685520215639,36.41474479600011,36.74332809448242,64000,0.0,0.0
2011-06-21 00:00:00-04:00,37.091241705922435,37.49713678583001,36.79164984698793,37.27486038208008,116500,0.0,0.0
2011-06-22 00:00:00-04:00,36.91728595867804,37.35217618159072,36.68534327759,36.92694854736328,98000,0.0,0.0
2011-06-23 00:00:00-04:00,36.51138835568617,36.685344450412586,35.42899774474716,36.65635299682617,159500,0.0,0.0
2011-06-24 00:00:00-04:00,36.71434031494709,36.75299435829026,35.85422241333976,35.96052932739258,214800,0.0,0.0
2011-06-27 00:00:00-04:00,36.02817811389541,36.52105494877295,35.49664723610127,36.29877853393555,88800,0.0,0.0
2011-06-28 00:00:00-04:00,36.405081277560534,36.9366158349117,36.33743209509837,36.64668655395508,63400,0.0,0.0
2011-06-29 00:00:00-04:00,36.90762040753296,36.90762040753296,36.356760676570076,36.6080322265625,53900,0.0,0.0
2011-06-30 00:00:00-04:00,36.598368533132934,36.67568399600187,36.33743437585654,36.492061614990234,175000,0.0,0.0
2011-07-01 00:00:00-04:00,36.26978361531455,37.45848115581266,36.03784460998049,37.10090637207031,157400,0.0,0.0
2011-07-05 00:00:00-04:00,36.99459865608719,37.932028306038866,36.98493606715954,37.40049743652344,101100,0.0,0.0
2011-07-06 00:00:00-04:00,37.30385208129883,37.468145581351216,36.97526876779789,37.30385208129883,95900,0.0,0.0
2011-07-07 00:00:00-04:00,37.69042358044019,38.13497640968093,37.49713861962995,37.84505081176758,76800,0.0,0.0
2011-07-08 00:00:00-04:00,37.19754933855411,37.845049698628834,37.19754933855411,37.72908020019531,58400,0.0,0.0
2011-07-11 00:00:00-04:00,37.168554688532694,37.34251078177607,36.695010413173236,37.0139274597168,69000,0.0,0.0
2011-07-12 00:00:00-04:00,36.83031013132395,37.825722723001654,36.83031013132395,37.535797119140625,75100,0.0,0.0
2011-07-13 00:00:00-04:00,37.70008585538049,38.49255455675978,37.70008585538049,38.2026252746582,77700,0.0,0.0
2011-07-14 00:00:00-04:00,38.46355870967546,38.46355870967546,37.21687461668386,37.352176666259766,75900,0.0,0.0
2011-07-15 00:00:00-04:00,37.51646793159057,38.1059854101174,37.00426591295108,37.89337158203125,207700,0.0,0.0
2011-07-18 00:00:00-04:00,37.77740153335598,37.79673039804874,37.371502748016084,37.44881820678711,52500,0.0,0.0
2011-07-19 00:00:00-04:00,37.835389084815915,38.43456915903697,37.265200465065604,37.932029724121094,70900,0.0,0.0
2011-07-20 00:00:00-04:00,37.90303925940162,37.90303925940162,37.08157905744078,37.64210510253906,68500,0.0,0.0
2011-07-21 00:00:00-04:00,37.84505160151352,38.72449468927841,37.13956461344753,38.69550323486328,107900,0.0,0.0
2011-07-22 00:00:00-04:00,38.76314905389621,39.16904412688179,38.61818442119921,38.74382019042969,38100,0.0,0.0
2011-07-25 00:00:00-04:00,38.32825949663865,39.20770252305583,38.31859690804234,38.81147003173828,58800,0.0,0.0
2011-07-26 00:00:00-04:00,38.81147007130595,38.975763570441295,38.589193667325965,38.82113265991211,96000,0.0,0.0
2011-07-27 00:00:00-04:00,38.60852593548845,38.60852593548845,36.59836816060711,36.83997344970703,99100,0.0,0.0
2011-07-28 00:00:00-04:00,36.94627880047808,37.49713854134459,36.56937515531721,36.675682067871094,51500,0.0,0.0
2011-07-29 00:00:00-04:00,36.26978348630933,37.06224851048942,36.02817820609335,36.695011138916016,68300,0.0,0.0
2011-08-01 00:00:00-04:00,37.09124134306334,37.09124134306334,36.066833691512265,36.84963607788086,94600,0.0,0.0
2011-08-02 00:00:00-04:00,36.48239777231002,37.14922702693107,34.810489654541016,34.810489654541016,63600,0.0,0.0
2011-08-03 00:00:00-04:00,34.829819829082304,35.12940803216206,33.873061249294594,34.9457893371582,88500,0.0,0.0
2011-08-04 00:00:00-04:00,34.38526406329824,36.01851437401856,33.25454947387349,33.48649215698242,109200,0.0,0.0
2011-08-05 00:00:00-04:00,33.93104560527959,34.64619515887916,31.07044001767343,31.43767738342285,138900,0.0,0.0
2011-08-08 00:00:00-04:00,30.364951770240523,31.14775236405141,28.40311622619629,28.40311622619629,258200,0.0,0.0
2011-08-09 00:00:00-04:00,29.68845652689657,33.72809899898852,29.253568123251533,33.65078353881836,252100,0.0,0.0
2011-08-10 00:00:00-04:00,32.500743570754764,33.3705203740958,30.76118443416665,31.11876106262207,199000,0.0,0.0
2011-08-11 00:00:00-04:00,31.26372356193795,33.283543966788564,31.244398382634003,32.636043548583984,172800,0.0,0.0
2011-08-12 00:00:00-04:00,32.91630218253735,33.79574518769733,32.597381467510466,32.964622497558594,91900,0.0,0.0
2011-08-15 00:00:00-04:00,33.2932077514092,33.99869471454023,32.867980106461665,33.93104553222656,48900,0.0,0.0
2011-08-16 00:00:00-04:00,33.457499352537695,33.53481481450465,32.66503430039713,33.341529846191406,84800,0.0,0.0
2011-08-17 00:00:00-04:00,33.49615375763512,33.58313180040969,32.7230176477522,33.00328063964844,63200,0.0,0.0
2011-08-18 00:00:00-04:00,31.87256812404832,32.3364498196756,30.587228107017324,30.906147003173828,124000,0.0,0.0
2011-08-19 00:00:00-04:00,30.06536078360719,31.57297532878535,29.292222803469784,29.852746963500977,117400,0.0,0.0
2011-08-22 00:00:00-04:00,30.906146135478092,30.906146135478092,29.485507791265988,30.046031951904297,58700,0.0,0.0
2011-08-23 00:00:00-04:00,30.12334448290531,33.39951312637617,29.601476226257923,33.00328063964844,148900,0.0,0.0
2011-08-24 00:00:00-04:00,32.829324874078544,33.96003575456486,31.920886710333487,33.41884231567383,102500,0.0,0.0
2011-08-25 00:00:00-04:00,33.80541059123789,33.80541059123789,31.891897201538086,31.891897201538086,76800,0.0,0.0
2011-08-26 00:00:00-04:00,31.572976892883997,33.27388016478721,31.18641064861805,32.906639099121094,51400,0.0,0.0
2011-08-29 00:00:00-04:00,33.34152745923634,34.28861968090334,32.77133887116495,33.8730583190918,146600,0.0,0.0
2011-08-30 00:00:00-04:00,33.68943876337742,34.85880736195339,33.554140404745986,34.54955291748047,63500,0.0,0.0
2011-08-31 00:00:00-04:00,34.849144744838235,35.11974146187892,32.98395180442781,33.77641677856445,159400,0.0,0.0
2011-09-01 00:00:00-04:00,33.77641892514199,34.57854653874858,32.674699436769274,32.8389892578125,93500,0.0,0.0
2011-09-02 00:00:00-04:00,31.86290648481348,32.81966135850289,31.002792251450874,31.196073532104492,94000,0.0,0.0
2011-09-06 00:00:00-04:00,29.775434429073265,31.002791546978127,29.746442974954814,30.538908004760742,136000,0.0,0.0
2011-09-07 00:00:00-04:00,31.19607333224498,31.61163471887535,30.915812159149034,31.553651809692383,228300,0.0,0.0
2011-09-08 00:00:00-04:00,31.25405979763582,31.81458214148913,30.43260146043348,30.770849227905273,61400,0.0,0.0
2011-09-09 00:00:00-04:00,30.316630346739426,30.770847594587536,29.862411255589375,30.219987869262695,123800,0.0,0.0
2011-09-12 00:00:00-04:00,29.543492710136537,30.732190219861494,29.35020959626122,30.645212173461914,125300,0.0,0.0
2011-09-13 00:00:00-04:00,30.80950253231672,31.447342126731115,30.219986940107816,31.283048629760742,45300,0.0,0.0
2011-09-14 00:00:00-04:00,31.708278277782448,33.39951523796406,31.128423393757778,32.82932662963867,129300,0.0,0.0
2011-09-15 00:00:00-04:00,33.57347028129072,33.863395870905904,32.723018690029456,33.50581741333008,102400,0.0,0.0
2011-09-16 00:00:00-04:00,33.75709003946863,34.01802418443843,33.53481362411006,33.612125396728516,129800,0.0,0.0
2011-09-19 00:00:00-04:00,32.83899020064621,33.82474021501927,31.746933270026435,33.322200775146484,82700,0.0,0.0
2011-09-20 00:00:00-04:00,33.834401415796144,35.09075180721792,33.56380468489495,33.950374603271484,197000,0.0,0.0
2011-09-21 00:00:00-04:00,33.95037358353902,34.404588984394096,32.239807828997876,32.31711959838867,158000,0.0,0.0
2011-09-22 00:00:00-04:00,31.070441661362285,32.133503459050104,30.848163394420183,31.408687591552734,173800,0.0,0.0
2011-09-23 00:00:00-04:00,31.524656953867563,32.66503420844082,31.041446377746826,31.969213485717773,123300,0.0,0.0
2011-09-26 00:00:00-04:00,32.25913765405243,32.8486551204609,31.73726937035275,32.800331115722656,78600,0.0,0.0
2011-09-27 00:00:00-04:00,33.83440348404164,35.293701512843974,32.800333128767804,34.55921936035156,101600,0.0,0.0
2011-09-28 00:00:00-04:00,34.53022787307312,35.15840310660236,32.09484608853191,32.220481872558594,119400,0.0,0.0
2011-09-29 00:00:00-04:00,33.090263647750284,33.94071165293276,31.95954892201265,33.1289176940918,96600,0.0,0.0
2011-09-30 00:00:00-04:00,32.35577886183774,34.07600728671017,32.35577886183774,32.848655700683594,236000,0.0,0.0
2011-10-03 00:00:00-04:00,32.46208320272852,33.35118879876883,31.244394302368164,31.244394302368164,210700,0.0,0.0
2011-10-04 00:00:00-04:00,30.944804755735834,34.781497788165325,30.92547589091153,34.77183151245117,264000,0.0,0.0
2011-10-05 00:00:00-04:00,34.7718325763741,36.24079316853105,34.191981360319254,36.037845611572266,175100,0.0,0.0
2011-10-06 00:00:00-04:00,36.028175231904605,36.579034930394286,35.535302123057306,36.395416259765625,98000,0.0,0.0
2011-10-07 00:00:00-04:00,36.56937479968287,36.56937479968287,34.858808999615256,35.10041427612305,93400,0.0,0.0
2011-10-10 00:00:00-04:00,35.883215861779426,36.96560644302547,35.63194431557704,36.936614990234375,91800,0.0,0.0
2011-10-11 00:00:00-04:00,36.47273351683403,37.17822046933165,36.47273351683403,36.9559440612793,110400,0.0,0.0
2011-10-12 00:00:00-04:00,37.2748632946786,38.20262670976457,37.09124460417328,37.961021423339844,91100,0.0,0.0
2011-10-13 00:00:00-04:00,37.758069165470225,38.32825771789048,37.11056884805592,37.864376068115234,50300,0.0,0.0
2011-10-14 00:00:00-04:00,38.2509481242782,38.45389566633736,37.690422128186604,38.07699203491211,105000,0.0,0.0
2011-10-17 00:00:00-04:00,37.700087440580965,37.700087440580965,35.467656943437326,35.651275634765625,98200,0.0,0.0
2011-10-18 00:00:00-04:00,35.89287859243971,37.68075981590576,35.245378233519034,37.34251022338867,101300,0.0,0.0
2011-10-19 00:00:00-04:00,37.15889014373581,37.700083572803365,36.62735930307143,36.820640563964844,145300,0.0,0.0
2011-10-20 00:00:00-04:00,36.752995115582706,36.878630897197844,35.59329268610304,36.80131912231445,46700,0.0,0.0
2011-10-21 00:00:00-04:00,37.59378088060957,38.096316589897036,36.98493457777542,38.019004821777344,68900,0.0,0.0
2011-10-24 00:00:00-04:00,38.14464227973905,39.24636175205697,38.14464227973905,38.95643615722656,90800,0.0,0.0
2011-10-25 00:00:00-04:00,38.47322415152814,38.90811068405765,37.9030355723542,38.047996520996094,104100,0.0,0.0
2011-10-26 00:00:00-04:00,38.811471966494345,39.0724061108482,37.255533376053215,39.004756927490234,98800,0.0,0.0
2011-10-27 00:00:00-04:00,40.77330337550667,40.94725946200841,39.507294140704225,40.319087982177734,218700,0.0,0.0
2011-10-28 00:00:00-04:00,40.15479676752215,40.937599201292194,39.874533758154655,40.16446304321289,108500,0.0,0.0
2011-10-31 00:00:00-04:00,39.410649511566454,40.299758800743064,38.98542557380602,39.140052795410156,85700,0.0,0.0
2011-11-01 00:00:00-04:00,37.284530678184055,39.74890393560053,36.83997413613773,37.294193267822266,81600,0.0,0.0
2011-11-02 00:00:00-04:00,37.99967843126797,38.77281459580263,37.45848127279169,38.65684509277344,75300,0.0,0.0
2011-11-03 00:00:00-04:00,39.23669478062634,40.55102805292543,38.27027369059511,40.42539596557617,99000,0.0,0.0
2011-11-04 00:00:00-04:00,39.80688461346524,40.48338013491933,39.024085865537586,40.17412567138672,54900,0.0,0.0
2011-11-07 00:00:00-05:00,39.922854669477935,40.048486750889396,38.44422796472442,39.47829818725586,38500,0.0,0.0
2011-11-08 00:00:00-05:00,39.96151149178089,40.667002147491495,38.57952900720362,40.522037506103516,73500,0.0,0.0
2011-11-09 00:00:00-05:00,39.1013975675211,39.835879682037934,37.767739078421144,37.854713439941406,102000,0.0,0.0
2011-11-10 00:00:00-05:00,38.60852070002666,38.60852070002666,37.21687206409729,37.864376068115234,59700,0.0,0.0
2011-11-11 00:00:00-05:00,38.511878788824845,39.2173694255665,38.48288733596835,38.86945724487305,80200,0.0,0.0
2011-11-14 00:00:00-05:00,38.75348721076715,39.00475877796389,38.28960549433181,38.80181121826172,62800,0.0,0.0
2011-11-15 00:00:00-05:00,38.647180071660664,40.07748280769635,38.20262357924925,39.94218444824219,71200,0.0,0.0
2011-11-16 00:00:00-05:00,39.50729701671182,40.64767425052629,39.00475758430171,39.07240676879883,51400,0.0,0.0
2011-11-17 00:00:00-05:00,39.130393856235926,39.835880851011005,38.057665793425834,38.347591400146484,67900,0.0,0.0
2011-11-18 00:00:00-05:00,38.33792176480821,39.169044468089695,38.28960144902287,38.39590835571289,50300,0.0,0.0
2011-11-21 00:00:00-05:00,37.55512279058969,37.96101786415699,37.15889030546762,37.593780517578125,49000,0.0,0.0
2011-11-22 00:00:00-05:00,37.593781872542905,38.01900582493045,36.733664005766535,36.965606689453125,51100,0.0,0.0
2011-11-23 00:00:00-05:00,36.61769599007905,36.685345174184654,35.45798989789092,35.96052932739258,127200,0.0,0.0
2011-11-25 00:00:00-05:00,35.68993443057155,36.05717551079107,35.60295637700914,35.75758361816406,53500,0.0,0.0
2011-11-28 00:00:00-05:00,37.120236101311775,38.821135697582584,37.120236101311775,38.347591400146484,86300,0.0,0.0
2011-11-29 00:00:00-05:00,38.26061367960348,38.521547833884775,37.37150429983712,37.61310958862305,88400,0.0,0.0
2011-11-30 00:00:00-05:00,39.507295332937886,41.29517288119932,39.120725420911896,40.83129119873047,197700,0.0,0.0
2011-12-01 00:00:00-05:00,40.53169922467097,41.0825589515489,39.60393586220329,39.661922454833984,114100,0.0,0.0
2011-12-02 00:00:00-05:00,40.44472108178196,41.459466174057766,40.415729628838264,40.81196212768555,104000,0.0,0.0
2011-12-05 00:00:00-05:00,41.7300633218125,41.7300633218125,40.251440221045605,40.85062026977539,76200,0.0,0.0
2011-12-06 00:00:00-05:00,41.00525040656015,42.532193933230396,40.74431624910424,41.536781311035156,96700,0.0,0.0
2011-12-07 00:00:00-05:00,41.16953950508032,41.57543830501313,40.29009640626404,41.072898864746094,39000,0.0,0.0
2011-12-08 00:00:00-05:00,40.59934837010621,41.37248819141431,40.415729690177685,40.42539596557617,101000,0.0,0.0
2011-12-09 00:00:00-05:00,40.67666437664345,42.155287484662296,40.67666437664345,41.64308547973633,101700,0.0,0.0
2011-12-12 00:00:00-05:00,40.927931977065526,40.927931977065526,39.60393610662658,40.46405029296875,102700,0.0,0.0
2011-12-13 00:00:00-05:00,40.90860475108335,41.55610508398495,39.24635936801076,39.48796463012695,84500,0.0,0.0
2011-12-14 00:00:00-05:00,39.04341563558321,39.68125344223344,38.30893350271077,38.33792495727539,88900,0.0,0.0
2011-12-15 00:00:00-05:00,39.062740247940276,39.40098985490835,38.51188049957368,39.04341506958008,61200,0.0,0.0
2011-12-16 00:00:00-05:00,39.497629716683115,40.222445548875406,38.995090297303975,39.35266876220703,102700,0.0,0.0
2011-12-19 00:00:00-05:00,39.632927922031726,39.72957224456258,38.38624749751722,38.56986618041992,54600,0.0,0.0
2011-12-20 00:00:00-05:00,39.41064876731561,40.66699906655289,39.41064876731561,40.2127799987793,117300,0.0,0.0
2011-12-21 00:00:00-05:00,40.087147025422496,40.802300265806515,39.63292792599194,40.493045806884766,35300,0.0,0.0
2011-12-22 00:00:00-05:00,40.5896871199124,41.98133220827481,40.5896871199124,41.3434944152832,95700,0.0,0.0
2011-12-23 00:00:00-05:00,41.38215099236299,42.16495340647888,41.17920344720091,41.990997314453125,91900,0.0,0.0
2011-12-27 00:00:00-05:00,41.85569621436815,41.99099456896335,40.94725808505127,41.33382797241211,87500,0.0,0.0
2011-12-28 00:00:00-05:00,41.33383191093244,41.64308637564715,39.68125267387491,39.806884765625,118700,0.0,0.0
2011-12-29 00:00:00-05:00,39.85520839852161,41.37248925390786,39.85520839852161,40.92793273925781,58300,0.0,0.0
2011-12-30 00:00:00-05:00,40.97625826871341,41.3434956516638,40.26110499501295,40.29976272583008,61700,0.0,0.0
2012-01-03 00:00:00-05:00,41.517448729907365,42.367900312922956,40.65733455819331,41.159873962402344,121200,0.0,0.0
2012-01-04 00:00:00-05:00,40.782971688045436,41.21786192602562,40.145133901209164,40.531700134277344,80000,0.0,0.0
2012-01-05 00:00:00-05:00,40.35774314028982,41.333830506752065,39.71024277885382,41.208194732666016,42100,0.0,0.0
2012-01-06 00:00:00-05:00,41.00524836551643,41.575436973071255,40.70565649151169,40.937599182128906,47500,0.0,0.0
2012-01-09 00:00:00-05:00,40.6766633523615,40.97625521395367,40.26110199356753,40.7733039855957,119000,0.0,0.0
2012-01-10 00:00:00-05:00,41.54644219738037,42.61916645672898,41.3144995253081,42.532188415527344,76900,0.0,0.0
2012-01-11 00:00:00-05:00,42.16495326454752,42.522528036239535,42.13595812490489,42.358238220214844,57500,0.0,0.0
2012-01-12 00:00:00-05:00,42.52252793476333,42.74480434293895,42.155286888532196,42.73514175415039,83100,0.0,0.0
2012-01-13 00:00:00-05:00,42.03931752943012,42.532190664566,41.71073421047157,42.36790084838867,47100,0.0,0.0
2012-01-17 00:00:00-05:00,42.83178510037503,43.45996032291711,41.73006557852939,42.24226760864258,102200,0.0,0.0
2012-01-18 00:00:00-05:00,41.971665433284656,42.79312183033565,41.971665433284656,42.45487594604492,122900,0.0,0.0
2012-01-19 00:00:00-05:00,42.77379417496482,43.03472830161414,42.52252632334163,42.95741653442383,26100,0.0,0.0
2012-01-20 00:00:00-05:00,42.84145088351512,43.266674857716765,42.26159598785389,42.96708297729492,108400,0.0,0.0
2012-01-23 00:00:00-05:00,42.822118760889005,43.30532929388056,42.309913089027376,42.63849639892578,49200,0.0,0.0
2012-01-24 00:00:00-05:00,42.2132735199707,42.90909788471212,42.164953202775635,42.74480438232422,60900,0.0,0.0
2012-01-25 00:00:00-05:00,42.73514169300462,43.47928637319072,42.30991405483892,43.121707916259766,86000,0.0,0.0
2012-01-26 00:00:00-05:00,43.47928536448764,43.47928536448764,42.82211874493564,43.40196990966797,67000,0.0,0.0
2012-01-27 00:00:00-05:00,43.121708530890054,44.165445090423866,43.121708530890054,43.95283126831055,51300,0.0,0.0
2012-01-30 00:00:00-05:00,43.43096257985849,44.20410240332115,43.07338780779954,43.9141731262207,73500,0.0,0.0
2012-01-31 00:00:00-05:00,44.24275490206689,44.24275490206689,42.66749123022455,43.759544372558594,99700,0.0,0.0
2012-02-01 00:00:00-05:00,44.155778915167666,44.60999801376695,43.72089236764506,44.349063873291016,127800,0.0,0.0
2012-02-02 00:00:00-05:00,44.34906188733496,44.571338288911875,43.962495675002685,44.146114349365234,141800,0.0,0.0
2012-02-03 00:00:00-05:00,45.12220239102786,45.87601339867258,44.45537312138458,45.74071502685547,129000,0.0,0.0
2012-02-06 00:00:00-05:00,45.431453625992894,45.537760535298375,45.08354513181661,45.41212844848633,47000,0.0,0.0
2012-02-07 00:00:00-05:00,45.460451554378665,45.5087718743172,44.880596655304046,45.315486907958984,76600,0.0,0.0
2012-02-08 00:00:00-05:00,45.615076948464534,45.93399399646602,44.09779610670862,44.745296478271484,85300,0.0,0.0
2012-02-09 00:00:00-05:00,45.180186152158,45.9243308370566,44.590668694861456,45.07387924194336,60200,0.0,0.0
2012-02-10 00:00:00-05:00,44.436041880791365,44.92891870789992,43.92383987583113,44.33940124511719,85600,0.0,0.0
2012-02-13 00:00:00-05:00,44.9675728508765,45.257502131755984,44.42637939132322,44.735633850097656,80100,0.0,0.0
2012-02-14 00:00:00-05:00,44.542347615148934,44.880593517675756,44.02047934844712,44.6099967956543,65100,0.0,0.0
2012-02-15 00:00:00-05:00,44.90958858467612,45.24783448665901,43.75954514472662,44.223426818847656,91500,0.0,0.0
2012-02-16 00:00:00-05:00,44.12678601014136,46.136943609930626,44.12678601014136,46.11761474609375,272000,0.0,0.0
2012-02-17 00:00:00-05:00,46.417206885941056,46.417206885941056,45.20918044242517,45.74071502685547,49000,0.0,0.0
2012-02-21 00:00:00-05:00,45.77936685689519,46.330226593565186,45.276827438307755,45.91466522216797,106100,0.0,0.0
2012-02-22 00:00:00-05:00,45.67305918464073,45.8276864118926,45.363804730136984,45.450782775878906,66700,0.0,0.0
2012-02-23 00:00:00-05:00,45.47011381660537,46.02097357047062,44.89992519758294,45.67306137084961,77300,0.0,0.0
2012-02-24 00:00:00-05:00,45.77936944525963,45.808364587031726,45.354145460845324,45.39280319213867,160200,0.0,0.0
2012-02-27 00:00:00-05:00,44.92892175600732,45.80836487208048,44.50369408234281,45.43145751953125,75500,0.0,0.0
2012-02-28 00:00:00-05:00,45.27682678693282,45.59574751757675,44.494028060086634,45.07387924194336,92600,0.0,0.0
2012-02-29 00:00:00-05:00,45.209178216092646,45.827687134857555,43.962497789596355,43.9818229675293,116100,0.0,0.0
2012-03-01 00:00:00-05:00,44.53268349511326,45.52809599112294,44.42637659037364,44.45536804199219,97700,0.0,0.0
2012-03-02 00:00:00-05:00,44.648655178323196,44.65831776713544,42.78346217622747,43.13137435913086,132100,0.0,0.0
2012-03-05 00:00:00-05:00,43.06372634048875,43.79820476798166,42.53219177636441,43.633914947509766,74800,0.0,0.0
2012-03-06 00:00:00-05:00,42.938091072010764,43.84652560642362,42.53219228064908,42.91876220703125,118000,0.0,0.0
2012-03-07 00:00:00-05:00,43.24734640657232,43.24734640657232,42.76413583219721,43.005741119384766,58600,0.0,0.0
2012-03-08 00:00:00-05:00,43.48895202012164,43.62425039210535,42.522530864118934,43.430965423583984,81400,0.0,0.0
2012-03-09 00:00:00-05:00,43.546937411805374,45.18985038227065,43.08305571215123,44.85160446166992,128500,0.0,0.0
2012-03-12 00:00:00-04:00,44.88059485215594,45.180186722304796,43.85619083884144,43.97216033935547,87000,0.0,0.0
2012-03-13 00:00:00-04:00,44.50369146413833,45.32515162118736,43.77887563023834,45.15119552612305,73800,0.0,0.0
2012-03-14 00:00:00-04:00,44.938581397430134,45.44112081458957,44.59066920965792,44.735633850097656,46500,0.0,0.0
2012-03-15 00:00:00-04:00,44.89992136936195,45.65373229980469,44.45536856846223,45.65373229980469,58200,0.0,0.0
2012-03-16 00:00:00-04:00,45.827685745630866,46.14660647091594,45.25750084879484,45.38313293457031,98200,0.0,0.0
2012-03-19 00:00:00-04:00,45.33481299204457,46.43653244011249,45.26716381095997,45.41212844848633,52900,0.0,0.0
2012-03-20 00:00:00-04:00,44.98689879291935,44.98689879291935,43.93349970908653,44.06879806518555,47600,0.0,0.0
2012-03-21 00:00:00-04:00,44.22342754132606,44.5810059996684,43.51794058666203,43.904510498046875,62100,0.0,0.0
2012-03-22 00:00:00-04:00,43.48895009948389,43.943169202458435,42.46454239218528,43.614585876464844,111700,0.0,0.0
2012-03-23 00:00:00-04:00,43.77887558628989,44.30074387095895,43.33432276006246,43.99148941040039,96200,0.0,0.0
2012-03-26 00:00:00-04:00,44.754964683113506,45.81802647108317,44.64865776699572,44.93858337402344,77800,0.0,0.0
2012-03-27 00:00:00-04:00,45.1222012873486,45.518433803665886,44.77429277687327,45.24783706665039,127600,0.0,0.0
2012-03-28 00:00:00-04:00,45.518432517326886,45.66339715754798,44.47469964218841,45.12220001220703,111200,0.0,0.0
2012-03-29 00:00:00-04:00,44.72596909324245,45.03522356251779,44.21376706974342,44.890262603759766,53100,0.0,0.0
2012-03-30 00:00:00-04:00,45.27682963582223,45.441123149201715,44.513359725213064,44.58100891113281,64400,0.0,0.0
2012-04-02 00:00:00-04:00,44.542348579154144,46.00164281584321,44.503690850427624,45.8663444519043,83300,0.0,0.0
2012-04-03 00:00:00-04:00,45.89534102350938,45.89534102350938,45.083547127947114,45.62474060058594,91000,0.0,0.0
2012-04-04 00:00:00-04:00,44.90958744971152,45.180184164459256,43.83685949252766,44.10745620727539,64300,0.0,0.0
2012-04-05 00:00:00-04:00,44.24275682200625,44.53268610157589,43.94316864013672,43.94316864013672,113200,0.0,0.0
2012-04-09 00:00:00-04:00,43.179693430761276,43.74988200593674,42.570847128244196,43.01539993286133,156200,0.0,0.0
2012-04-10 00:00:00-04:00,42.94775494517851,43.13137732467149,41.662416721748365,41.88469314575195,77300,0.0,0.0
2012-04-11 00:00:00-04:00,42.48387110526654,43.102380025729126,42.03931827950955,42.831783294677734,83300,0.0,0.0
2012-04-12 00:00:00-04:00,42.831782150495194,43.64357600856756,42.831782150495194,43.479286193847656,115300,0.0,0.0
2012-04-13 00:00:00-04:00,43.141036533846254,43.31499262362821,42.96708044406431,43.092716217041016,86500,0.0,0.0
2012-04-16 00:00:00-04:00,43.42130040487834,43.604919087068616,42.9864101716867,43.17969512939453,70600,0.0,0.0
2012-04-17 00:00:00-04:00,43.566266009037676,44.30074444065851,43.30533186334758,43.662906646728516,57400,0.0,0.0
2012-04-18 00:00:00-04:00,43.47928807528907,43.66290676202816,42.7931262740977,43.28600311279297,115100,0.0,0.0
2012-04-19 00:00:00-04:00,43.23768105501932,43.48894891553672,42.04897987378324,42.33890914916992,40600,0.0,0.0
2012-04-20 00:00:00-04:00,43.1313728670387,43.59525453266101,42.309912755466954,42.98640823364258,62100,0.0,0.0
2012-04-23 00:00:00-04:00,42.29058352853592,42.725473738383826,41.68174092135258,42.56118392944336,84300,0.0,0.0
2012-04-24 00:00:00-04:00,42.56118542667237,43.604918280420335,42.25193097470231,43.479286193847656,159600,0.0,0.0
2012-04-25 00:00:00-04:00,44.27175329722789,44.96757400401181,43.4213016704875,44.86126708984375,151000,0.0,0.0
2012-04-26 00:00:00-04:00,44.619658378384564,45.71171520372845,44.32007021050177,45.65373229980469,118000,0.0,0.0
2012-04-27 00:00:00-04:00,45.58608260345659,46.407542769989114,45.31548586872324,46.3688850402832,78000,0.0,0.0
2012-04-30 00:00:00-04:00,46.233583800770674,46.233583800770674,45.17052210612629,45.30582046508789,86200,0.0,0.0
2012-05-01 00:00:00-04:00,45.44111973369348,46.233584726278295,45.170523010353456,45.402462005615234,79000,0.0,0.0
2012-05-02 00:00:00-04:00,45.18018604983911,45.49910677976078,44.67764663961955,45.450782775878906,68000,0.0,0.0
2012-05-03 00:00:00-04:00,45.2768303738979,45.557093398193615,44.832277520148686,45.044891357421875,62600,0.0,0.0
2012-05-04 00:00:00-04:00,44.92891807438984,44.92891807438984,43.372979530388726,43.508277893066406,82000,0.0,0.0
2012-05-07 00:00:00-04:00,43.237682679643186,44.097796889545336,43.01540257706702,43.662906646728516,34400,0.0,0.0
2012-05-08 00:00:00-04:00,43.179695972994324,44.09779677509047,42.90909923887908,44.03981018066406,65500,0.0,0.0
2012-05-09 00:00:00-04:00,43.314993493808835,43.48894958708549,42.918760989479544,43.17969512939453,122900,0.0,0.0
2012-05-10 00:00:00-04:00,43.64357697679761,44.03980948258738,43.17002901299816,43.96249771118164,56000,0.0,0.0
2012-05-11 00:00:00-04:00,43.566266869202494,44.14611808000406,43.17969693759872,43.74988555908203,50400,0.0,0.0
2012-05-14 00:00:00-04:00,43.06372552464788,43.798203938226116,43.06372552464788,43.55659866333008,50000,0.0,0.0
2012-05-15 00:00:00-04:00,43.392309950706725,44.194437566749116,43.392309950706725,43.672569274902344,39900,0.0,0.0
2012-05-16 00:00:00-04:00,43.95282998568641,44.503689702719505,43.6725669895527,43.82719421386719,57000,0.0,0.0
2012-05-17 00:00:00-04:00,43.85618900656263,44.06879913418833,42.54185576696899,42.63849639892578,91300,0.0,0.0
2012-05-18 00:00:00-04:00,42.57084992109594,43.20868771766254,42.30025318515982,42.52252960205078,88000,0.0,0.0
2012-05-21 00:00:00-04:00,42.59984503659934,43.749884850251405,42.43555152801817,43.2956657409668,106900,0.0,0.0
2012-05-22 00:00:00-04:00,43.29566660271768,43.70156540106467,42.89943408032881,43.38264465332031,73900,0.0,0.0
2012-05-23 00:00:00-04:00,42.7448079646257,44.049478757856015,42.38723316349037,43.88518524169922,163800,0.0,0.0
2012-05-24 00:00:00-04:00,44.03980972862442,44.14611664067967,42.899432522838254,43.99148941040039,37300,0.0,0.0
2012-05-25 00:00:00-04:00,43.885184507485306,44.31040848856982,43.247346692556455,43.421302795410156,41900,0.0,0.0
2012-05-29 00:00:00-04:00,43.74021839748874,44.89992448221373,43.55659971132719,44.43604278564453,43600,0.0,0.0
2012-05-30 00:00:00-04:00,45.421793947937665,47.808855362787284,44.841942733882235,44.93858337402344,142400,0.0,0.0
2012-05-31 00:00:00-04:00,45.86634196835535,45.86634196835535,43.89484214930147,44.84193801879883,140300,0.0,0.0
2012-06-01 00:00:00-04:00,43.75954698282164,44.00115226198758,42.5708494517177,43.247344970703125,58500,0.0,0.0
2012-06-04 00:00:00-04:00,43.35365039139827,44.049474751163,42.667492306965755,43.102378845214844,91700,0.0,0.0
2012-06-05 00:00:00-04:00,42.9477536611985,43.21835408430764,42.34857359324977,42.91876220703125,58900,0.0,0.0
2012-06-06 00:00:00-04:00,43.170031308247054,44.16544760672399,42.957421160624335,43.817535400390625,68800,0.0,0.0
2012-06-07 00:00:00-04:00,44.542348271209136,44.79361613298656,43.76921213504335,43.904510498046875,52400,0.0,0.0
2012-06-08 00:00:00-04:00,43.75954476955983,44.66798293270351,43.42129887047685,44.561676025390625,37100,0.0,0.0
2012-06-11 00:00:00-04:00,45.07387839803814,45.07387839803814,44.223426818847656,44.223426818847656,115500,0.0,0.0
2012-06-12 00:00:00-04:00,44.65831844271664,46.011309466341174,43.102379871529614,45.89533996582031,155000,0.0,0.0
2012-06-13 00:00:00-04:00,45.702056459084965,45.78903450888973,44.242758477538835,44.503692626953125,78600,0.0,0.0
2012-06-14 00:00:00-04:00,44.59067072375999,45.35414430767278,44.30074511963987,44.890262603759766,49500,0.0,0.0
2012-06-15 00:00:00-04:00,44.85160303833948,45.21884408805476,44.54234858171733,45.09320831298828,99000,0.0,0.0
2012-06-18 00:00:00-04:00,44.79361706037753,45.40246339310263,44.291081326418364,45.15119552612305,75700,0.0,0.0
2012-06-19 00:00:00-04:00,45.286493577221464,46.33022645375024,44.96757284295182,45.50876998901367,75000,0.0,0.0
2012-06-20 00:00:00-04:00,45.35414443002194,45.35414443002194,44.38772328927842,44.51335906982422,45900,0.0,0.0
2012-06-21 00:00:00-04:00,44.55201310657358,44.55201310657358,43.82719725113082,44.136451721191406,92500,0.0,0.0
2012-06-22 00:00:00-04:00,44.40704906999939,44.44570679772897,43.51793976523821,43.82719421386719,296400,0.0,0.0
2012-06-25 00:00:00-04:00,43.04439533294398,43.5372684564279,42.35823725818258,42.648162841796875,79600,0.0,0.0
2012-06-26 00:00:00-04:00,42.79312764692063,44.0108203690874,42.70614959533729,43.817535400390625,122700,0.0,0.0
2012-06-27 00:00:00-04:00,43.817532517037804,44.60033492977663,43.817532517037804,44.291080474853516,45100,0.0,0.0
2012-06-28 00:00:00-04:00,43.74988717957575,44.43604533131382,43.498615608744984,44.31040954589844,49800,0.0,0.0
2012-06-29 00:00:00-04:00,45.441122771509576,45.93399593434315,44.957912198039594,45.71171951293945,72900,0.0,0.0
2012-07-02 00:00:00-04:00,45.98231597229249,46.175597235715315,44.97723718143714,46.078956604003906,73500,0.0,0.0
2012-07-03 00:00:00-04:00,46.175597221687056,46.958399610085316,45.47011028791747,46.842430114746094,52600,0.0,0.0
2012-07-05 00:00:00-04:00,46.89075404310841,47.24832883180455,46.32056542440718,46.82310485839844,61600,0.0,0.0
2012-07-06 00:00:00-04:00,46.21425701390367,46.21425701390367,45.44112086609134,45.89533996582031,52300,0.0,0.0
2012-07-09 00:00:00-04:00,45.67306215434277,45.808364212764026,45.286495904380175,45.74071502685547,63600,0.0,0.0
2012-07-10 00:00:00-04:00,45.962991078204695,46.446201651701614,44.851605284520126,44.92892074584961,50500,0.0,0.0
2012-07-11 00:00:00-04:00,45.07388055728597,45.49910821055351,44.648656590622444,45.20917892456055,54200,0.0,0.0
2012-07-12 00:00:00-04:00,44.938581428238905,45.827687076173945,44.25242332777547,45.5184326171875,55400,0.0,0.0
2012-07-13 00:00:00-04:00,45.5957452495792,46.90041218716278,45.47010948133811,46.765113830566406,56000,0.0,0.0
2012-07-16 00:00:00-04:00,46.726460854681854,46.726460854681854,45.91466694596367,46.088623046875,43200,0.0,0.0
2012-07-17 00:00:00-04:00,46.47519216025103,47.055043362001015,45.71171858488378,46.388214111328125,42800,0.0,0.0
2012-07-18 00:00:00-04:00,46.34955427338362,47.57690949164919,45.81802341485383,47.32564163208008,53000,0.0,0.0
2012-07-19 00:00:00-04:00,47.48027145430075,48.08911411575882,47.03571492982455,47.586578369140625,45100,0.0,0.0
2012-07-20 00:00:00-04:00,46.948738897201565,47.518923808150355,46.388212888561554,47.42228317260742,76200,0.0,0.0
2012-07-23 00:00:00-04:00,46.407541307593,47.05504167004488,46.25291408024599,46.600826263427734,82200,0.0,0.0
2012-07-24 00:00:00-04:00,46.610487933142146,46.610487933142146,45.17052259810584,45.36380386352539,144800,0.0,0.0
2012-07-25 00:00:00-04:00,45.8373527511049,45.94365966122675,44.764624747662864,45.06421661376953,107600,0.0,0.0
2012-07-26 00:00:00-04:00,45.78903497213316,45.78903497213316,44.13645200912363,44.5520133972168,178400,0.0,0.0
2012-07-27 00:00:00-04:00,44.88059394090978,45.58608089183566,44.66798380871818,45.421791076660156,194200,0.0,0.0
2012-07-30 00:00:00-04:00,45.56675442574168,45.56675442574168,44.474697596361274,45.2961540222168,91200,0.0,0.0
2012-07-31 00:00:00-04:00,45.05454851137585,45.55708790191684,45.015894471029426,45.26716232299805,88400,0.0,0.0
2012-08-01 00:00:00-04:00,45.421791212675785,45.75037453061462,44.17510712226635,44.28141403198242,107100,0.0,0.0
2012-08-02 00:00:00-04:00,44.03014596500812,44.63898859427566,43.59525573938568,44.2620849609375,128400,0.0,0.0
2012-08-03 00:00:00-04:00,45.441120144321175,46.25291400828087,43.49861168678011,44.66798400878906,139400,0.0,0.0
2012-08-06 00:00:00-04:00,44.86126598763628,44.88059485215594,43.70156360928809,43.97216033935547,94900,0.0,0.0
2012-08-07 00:00:00-04:00,44.35873031616211,44.63898963556404,43.93350266936588,44.35873031616211,70800,0.0,0.0
2012-08-08 00:00:00-04:00,44.1751077796404,44.52301996694164,44.088129732815084,44.349063873291016,62600,0.0,0.0
2012-08-09 00:00:00-04:00,44.35872889828849,44.73563252837136,43.914172401156335,44.60033416748047,91200,0.0,0.0
2012-08-10 00:00:00-04:00,44.60033455269001,44.60033455269001,43.75954555428534,44.2620849609375,44600,0.0,0.0
2012-08-13 00:00:00-04:00,44.2717503671605,44.34906213541792,43.730553242943394,44.175106048583984,33000,0.0,0.0
2012-08-14 00:00:00-04:00,44.5616793039469,44.590670758400215,43.84652603906456,44.11712646484375,34200,0.0,0.0
2012-08-15 00:00:00-04:00,43.94316999328304,44.358731374418426,43.66290698059099,44.088130950927734,31400,0.0,0.0
2012-08-16 00:00:00-04:00,44.20410346456756,44.95791075527668,43.70156404189349,44.793617248535156,67600,0.0,0.0
2012-08-17 00:00:00-04:00,44.619658299695786,45.383131817244816,44.3587278592915,45.26716232299805,60300,0.0,0.0
2012-08-20 00:00:00-04:00,45.199516865637705,45.199516865637705,44.513358745494216,44.870933532714844,45400,0.0,0.0
2012-08-21 00:00:00-04:00,45.025560145776055,45.39280120376801,44.53268699649012,44.81294631958008,60700,0.0,0.0
2012-08-22 00:00:00-04:00,44.67764688297772,44.82261152220517,44.04947538173456,44.70663833618164,55600,0.0,0.0
2012-08-23 00:00:00-04:00,44.66798481515218,44.74529658679911,44.01081816643549,44.36839294433594,43800,0.0,0.0
2012-08-24 00:00:00-04:00,44.03980821239205,45.151193926301055,44.03980821239205,44.6099967956543,95300,0.0,0.0
2012-08-27 00:00:00-04:00,44.89026189309112,45.093209444101895,44.184774915812724,44.43604278564453,66800,0.0,0.0
2012-08-28 00:00:00-04:00,44.41671371459961,44.78395477182188,44.097796662578055,44.41671371459961,57700,0.0,0.0
2012-08-29 00:00:00-04:00,44.57134148813345,45.17052524315265,44.10745978807616,44.86126708984375,40900,0.0,0.0
2012-08-30 00:00:00-04:00,44.60033300811304,44.89992117469696,44.10745620727539,44.10745620727539,22000,0.0,0.0
2012-08-31 00:00:00-04:00,44.61966163960473,44.61966163960473,43.73055597282117,44.445709228515625,55200,0.0,0.0
2012-09-04 00:00:00-04:00,44.31040624317496,45.19951557788385,43.57592782459279,44.745296478271484,41700,0.0,0.0
2012-09-05 00:00:00-04:00,44.54234879199532,45.13186625477806,44.146116287164894,44.33940124511719,75800,0.0,0.0
2012-09-06 00:00:00-04:00,44.696974854028525,45.40246179852127,44.54234762902469,45.38313293457031,75200,0.0,0.0
2012-09-07 00:00:00-04:00,45.42179086965436,45.42179086965436,45.08354496547933,45.402462005615234,57700,0.0,0.0
2012-09-10 00:00:00-04:00,45.421791942085946,45.58608176039168,45.24783584823049,45.50876998901367,149900,0.0,0.0
2012-09-11 00:00:00-04:00,45.528098503044404,45.91466473016665,45.35414241052803,45.85668182373047,82300,0.0,0.0
2012-09-12 00:00:00-04:00,46.07895910245751,46.08862169151105,45.547428226016955,45.943660736083984,40500,0.0,0.0
2012-09-13 00:00:00-04:00,45.92433181667796,47.08403789173324,45.566757036458945,46.70713424682617,171000,0.0,0.0
2012-09-14 00:00:00-04:00,47.01638897481616,48.881582031827456,47.006722699115414,47.518924713134766,134900,0.0,0.0
2012-09-17 00:00:00-04:00,47.36429529853559,47.67355343443894,46.649145767006914,47.29664611816406,76300,0.0,0.0
2012-09-18 00:00:00-04:00,47.08403890404974,48.408034827513674,47.08403890404974,48.35971450805664,92300,0.0,0.0
2012-09-19 00:00:00-04:00,48.340383081519334,48.726949303296536,47.779857083027174,48.10844039916992,80000,0.0,0.0
2012-09-20 00:00:00-04:00,47.76052636787533,48.42735924965779,47.31597357108951,47.53824996948242,87100,0.0,0.0
2012-09-21 00:00:00-04:00,48.11810896941406,48.36937684122279,47.65422726919513,47.95381546020508,125800,0.0,0.0
2012-09-24 00:00:00-04:00,47.876503236014464,48.39837152632352,47.23866544339361,47.905494689941406,67200,0.0,0.0
2012-09-25 00:00:00-04:00,48.15676337654297,49.05553157416078,47.364294712587366,47.61556625366211,166000,0.0,0.0
2012-09-26 00:00:00-04:00,47.857171821835315,47.857171821835315,47.07436942807174,47.257991790771484,82400,0.0,0.0
2012-09-27 00:00:00-04:00,47.20000843125329,47.6445612690429,46.958403147245356,47.20967102050781,50400,0.0,0.0
2012-09-28 00:00:00-04:00,46.774781106473256,47.04537782545659,46.4848518371582,46.4848518371582,73200,0.0,0.0
2012-10-01 00:00:00-04:00,46.871424258134425,46.97773117105075,45.95332345802542,46.34955596923828,106300,0.0,0.0
2012-10-02 00:00:00-04:00,46.687802736286734,46.687802736286734,45.885671486908166,46.06929016113281,71600,0.0,0.0
2012-10-03 00:00:00-04:00,46.011306307113905,46.57182859331479,45.61507382815345,45.96298599243164,55600,0.0,0.0
2012-10-04 00:00:00-04:00,46.069294836491494,46.36888672267631,45.644070854110204,46.156272888183594,63000,0.0,0.0
2012-10-05 00:00:00-04:00,46.494519743151606,46.87142338255677,46.059629510528744,46.262577056884766,33700,0.0,0.0
2012-10-08 00:00:00-04:00,45.953322110449186,46.65880906403721,45.73104570205328,46.204593658447266,99300,0.0,0.0
2012-10-09 00:00:00-04:00,46.16593621602403,46.23358539784167,45.160857391013494,45.47011184692383,50600,0.0,0.0
2012-10-10 00:00:00-04:00,45.537759817831876,45.75037363309301,45.2575005091558,45.73104476928711,42500,0.0,0.0
2012-10-11 00:00:00-04:00,45.905003006661836,46.50418306628915,45.76003836463079,45.943660736083984,77600,0.0,0.0
2012-10-12 00:00:00-04:00,45.84701747066011,46.13694676141368,45.53776300135345,45.67306137084961,35200,0.0,0.0
2012-10-15 00:00:00-04:00,45.740711117784215,46.24324683112771,45.31548348658058,46.11761474609375,69900,0.0,0.0
2012-10-16 00:00:00-04:00,46.33022870072412,47.19034662277055,46.24325064957804,46.90041732788086,44100,0.0,0.0
2012-10-17 00:00:00-04:00,47.10336419312581,47.23866255197546,46.678136566336875,47.22899627685547,27700,0.0,0.0
2012-10-18 00:00:00-04:00,47.07437043176823,47.3739622969898,46.794107430748426,46.97772979736328,34800,0.0,0.0
2012-10-19 00:00:00-04:00,46.484854749418446,46.968065313078114,46.17560028360458,46.388214111328125,66600,0.0,0.0
2012-10-22 00:00:00-04:00,46.40754006885031,46.61048760808781,45.93399212402568,46.4848518371582,34000,0.0,0.0
2012-10-23 00:00:00-04:00,46.11761416341636,46.214254794775904,45.62473735831287,46.06929016113281,30900,0.0,0.0
2012-10-24 00:00:00-04:00,46.44619872302994,46.44619872302994,45.85668127067914,46.185264587402344,32200,0.0,0.0
2012-10-25 00:00:00-04:00,46.48485159007534,46.600824771826446,46.03063619799674,46.45586013793945,43700,0.0,0.0
2012-10-26 00:00:00-04:00,46.51384680578182,47.07436910542453,45.85668018785326,46.842430114746094,30900,0.0,0.0
2012-10-31 00:00:00-04:00,47.01638613716179,48.00213237611121,46.91007923049373,47.992469787597656,37600,0.0,0.0
2012-11-01 00:00:00-04:00,48.089113543585036,48.697959884403,44.81294652066652,47.9151611328125,117700,0.0,0.0
2012-11-02 00:00:00-04:00,47.982809551257844,47.982809551257844,45.30582263611155,46.30123519897461,146300,0.0,0.0
2012-11-05 00:00:00-05:00,46.156272684501836,47.84750970369286,46.12728122960045,46.513851165771484,81000,0.0,0.0
2012-11-06 00:00:00-05:00,46.552500769461595,47.85717141463317,45.982315882235675,46.45586013793945,81200,0.0,0.0
2012-11-07 00:00:00-05:00,46.01131143796969,46.43653541583673,44.78395613783505,44.93858337402344,114000,0.0,0.0
2012-11-08 00:00:00-05:00,44.87093381300908,45.01589845861156,44.03981104297691,44.12678909301758,77800,0.0,0.0
2012-11-09 00:00:00-05:00,43.76921063716161,44.87093005432001,43.740215498507496,44.52301788330078,54800,0.0,0.0
2012-11-12 00:00:00-05:00,44.57133927459532,45.015895774184166,44.233093370498885,44.62932586669922,52400,0.0,0.0
2012-11-13 00:00:00-05:00,44.27175220950433,44.81294566963909,43.88518229231896,43.97216033935547,37500,0.0,0.0
2012-11-14 00:00:00-05:00,44.08812978758618,44.08812978758618,42.43555058245622,42.81245422363281,62800,0.0,0.0
2012-11-15 00:00:00-05:00,42.94775198942453,43.179694673546095,41.884690263160095,42.358238220214844,69000,0.0,0.0
2012-11-16 00:00:00-05:00,42.22293401978429,43.22801278877243,41.42080647154062,42.14562225341797,94100,0.0,0.0
2012-11-19 00:00:00-05:00,42.47420942177129,43.53727119065403,42.42588910256826,43.30533218383789,102200,0.0,0.0
2012-11-20 00:00:00-05:00,43.083056457492205,43.943170687560425,40.72498650186706,43.38264465332031,135800,0.0,0.0
2012-11-21 00:00:00-05:00,43.45029171332266,43.57592748840437,43.28600189611144,43.54693603515625,39100,0.0,0.0
2012-11-23 00:00:00-05:00,43.89484484212119,44.1944367120028,43.653239565746844,43.96249771118164,16500,0.0,0.0
2012-11-26 00:00:00-05:00,43.80787021372016,44.12678725954889,43.25700679528157,43.55659866333008,47600,0.0,0.0
2012-11-27 00:00:00-05:00,43.595257145629645,44.068801428112764,43.54693682713602,44.02048110961914,55900,0.0,0.0
2012-11-28 00:00:00-05:00,43.95283287372431,44.53268776795743,43.1796967013509,44.503692626953125,51900,0.0,0.0
2012-11-29 00:00:00-05:00,44.98690288008943,45.769705322843734,44.667985824110744,45.23817443847656,53200,0.0,0.0
2012-11-30 00:00:00-05:00,45.44111983291864,45.4797775610813,44.841939792812845,45.02555847167969,68900,0.0,0.0
2012-12-03 00:00:00-05:00,45.42179188158212,45.895339844580946,44.74529637155692,45.12220001220703,48900,0.0,0.0
2012-12-04 00:00:00-05:00,45.257502477529734,45.653734986274486,44.619661004004826,45.160858154296875,60800,0.0,0.0
2012-12-05 00:00:00-05:00,45.24783353931956,45.895337563763725,45.00622827536052,45.65373229980469,36600,0.0,0.0
2012-12-06 00:00:00-05:00,45.52810147454916,46.291575076356175,45.52810147454916,45.77936935424805,52900,0.0,0.0
2012-12-07 00:00:00-05:00,46.12728053247317,46.37855209316808,45.71171914768119,46.05963134765625,57000,0.0,0.0
2012-12-10 00:00:00-05:00,46.25291391401442,46.736124458562664,45.75037450529178,46.59115982055664,117500,0.0,0.0
2012-12-11 00:00:00-05:00,46.871425177962124,47.151688192677184,46.52351297853709,46.82310485839844,71600,0.0,0.0
2012-12-12 00:00:00-05:00,47.05504465248597,47.2193381656701,46.368886518056314,46.513851165771484,45000,0.0,0.0
2012-12-13 00:00:00-05:00,46.43653356441961,46.91008153008109,46.14660796895119,46.30123519897461,51300,0.0,0.0
2012-12-14 00:00:00-05:00,45.87601034025247,47.32564197582881,45.87601034025247,46.204593658447266,81500,0.0,0.0
2012-12-17 00:00:00-05:00,46.55250331404013,47.52859070414446,46.14660821553621,47.48027038574219,127400,0.0,0.0
2012-12-18 00:00:00-05:00,47.48993375998616,48.02146464440759,46.82310450715972,47.95381546020508,80300,0.0,0.0
2012-12-19 00:00:00-05:00,47.88616726080308,48.47568475235208,47.46094328184182,47.66389083862305,80100,0.0,0.0
2012-12-20 00:00:00-05:00,47.61556974370039,48.263070134306545,47.36429818420841,47.97314453125,97000,0.0,0.0
2012-12-21 00:00:00-05:00,47.55758193927878,48.6206473722627,47.16134943163491,48.23407745361328,197800,0.0,0.0
2012-12-24 00:00:00-05:00,48.22441609074198,48.263070134306545,47.654227473869014,47.97314453125,19300,0.0,0.0
2012-12-26 00:00:00-05:00,47.97314572542095,48.46602258082966,47.431952236004825,47.70254898071289,57800,0.0,0.0
2012-12-27 00:00:00-05:00,47.82818430774864,48.5723253486036,47.26765827150514,48.43702697753906,93700,0.0,0.0
2012-12-28 00:00:00-05:00,48.07944971024188,48.32105498516772,47.32564243218652,47.79918670654297,59800,0.0,0.0
2012-12-31 00:00:00-05:00,47.70254432173832,48.61097879496551,47.596237414813096,48.388702392578125,97200,0.0,0.0
2013-01-02 00:00:00-05:00,49.62571982114007,49.77068445438659,48.81392598548787,49.50008773803711,140500,0.0,0.0
2013-01-03 00:00:00-05:00,49.43244395697761,50.13793096350212,49.43244395697761,50.05095291137695,85500,0.0,0.0
2013-01-04 00:00:00-05:00,50.350541809008895,50.65979629048686,49.91565522897091,50.128265380859375,93900,0.0,0.0
2013-01-07 00:00:00-05:00,49.944644154791604,50.88207382800465,49.7706880569458,50.25389862060547,104200,0.0,0.0
2013-01-08 00:00:00-05:00,50.360204707026035,50.40852502527727,49.59673114420301,50.17658233642578,59700,0.0,0.0
2013-01-09 00:00:00-05:00,50.505166452393745,50.70811769079231,49.94464411601778,50.24423599243164,62000,0.0,0.0
2013-01-10 00:00:00-05:00,50.572819362190785,50.572819362190785,49.84800351670128,50.25389862060547,40100,0.0,0.0
2013-01-11 00:00:00-05:00,50.31188372767193,50.31188372767193,49.712699992097235,50.10893249511719,44300,0.0,0.0
2013-01-14 00:00:00-05:00,50.10893220963508,50.215239119747636,49.819006618985114,50.07027816772461,32800,0.0,0.0
2013-01-15 00:00:00-05:00,49.64505185184937,51.10434980606902,49.480762031185755,50.98837661743164,73800,0.0,0.0
2013-01-16 00:00:00-05:00,50.80475582101946,51.268637496482334,50.37953187349612,51.15266799926758,47300,0.0,0.0
2013-01-17 00:00:00-05:00,50.128262711828036,50.157257852463175,48.73661761927402,49.84800338745117,183600,0.0,0.0
2013-01-18 00:00:00-05:00,49.90598724237285,50.77576774584885,49.47109699063485,50.331214904785156,88500,0.0,0.0
2013-01-22 00:00:00-05:00,50.19591354012977,51.01737373509594,49.82867615502428,50.40852737426758,123800,0.0,0.0
2013-01-23 00:00:00-05:00,50.47617260313429,51.143001821647374,50.437514875120925,50.77576446533203,82500,0.0,0.0
2013-01-24 00:00:00-05:00,50.93039400687217,51.4232671583427,50.6308021310503,51.40393829345703,70100,0.0,0.0
2013-01-25 00:00:00-05:00,51.75184997793671,52.370358901763815,51.48125324541334,52.11909103393555,74500,0.0,0.0
2013-01-28 00:00:00-05:00,52.3027103120201,52.573310734217486,50.814424579652645,51.017372131347656,170100,0.0,0.0
2013-01-29 00:00:00-05:00,51.14300242299916,51.64554183327024,50.94972115386743,51.22998046875,77400,0.0,0.0
2013-01-30 00:00:00-05:00,51.04636340095759,51.18166176826536,50.137928872888295,50.22490692138672,66400,0.0,0.0
2013-01-31 00:00:00-05:00,50.30221826551458,51.65520930027086,49.954306074485594,50.95938491821289,87800,0.0,0.0
2013-02-01 00:00:00-05:00,51.05602894541817,52.36069596760405,50.69845048082171,51.69386672973633,88600,0.0,0.0
2013-02-04 00:00:00-05:00,51.519910586408315,51.693866680748776,50.44718256684344,50.53416061401367,42700,0.0,0.0
2013-02-05 00:00:00-05:00,50.94005773555739,52.21573335371674,50.31188620243879,51.90647888183594,69700,0.0,0.0
2013-02-06 00:00:00-05:00,51.73252278057747,52.4476760509294,51.09468497149779,51.90647888183594,56300,0.0,0.0
2013-02-07 00:00:00-05:00,47.383626288214934,51.22031931063013,47.383626288214934,48.28239822387695,267900,0.0,0.0
2013-02-08 00:00:00-05:00,48.27273542847964,48.35004720064062,47.44161267977623,48.26306915283203,108100,0.0,0.0
2013-02-11 00:00:00-05:00,48.3887038144241,48.58198877027634,48.03112904238998,48.147098541259766,74000,0.0,0.0
2013-02-12 00:00:00-05:00,48.14709976292728,48.16642862766334,47.70254693380992,47.886165618896484,76400,0.0,0.0
2013-02-13 00:00:00-05:00,47.98281273124383,48.36937898861949,47.74120743790746,48.16643142700195,50900,0.0,0.0
2013-02-14 00:00:00-05:00,48.127768186174244,48.47568035861033,47.828180016157226,48.002132415771484,93100,0.0,0.0
2013-02-15 00:00:00-05:00,48.321054736390764,48.321054736390764,47.66388809704753,47.77019500732422,89400,0.0,0.0
2013-02-19 00:00:00-05:00,47.71221079186874,48.137438454163735,47.47060550614807,48.011802673339844,65800,0.0,0.0
2013-02-20 00:00:00-05:00,47.98280938165503,49.58706826995406,47.98280938165503,48.21474838256836,88100,0.0,0.0
2013-02-21 00:00:00-05:00,48.340384227594114,48.485345181720916,47.5865769436437,47.828182220458984,31900,0.0,0.0
2013-02-22 00:00:00-05:00,48.66896722932745,49.03620827990457,48.32105504316007,48.958892822265625,61600,0.0,0.0
2013-02-25 00:00:00-05:00,49.287476861843864,49.33579718026997,48.26306915283203,48.26306915283203,152900,0.0,0.0
2013-02-26 00:00:00-05:00,48.5916518834878,48.71728765913818,47.79918687388499,47.80885314941406,76800,0.0,0.0
2013-02-27 00:00:00-05:00,47.86683806599151,48.388706368355344,47.683219375872724,48.02146530151367,74700,0.0,0.0
2013-02-28 00:00:00-05:00,48.09878223979611,48.94923390458929,47.75087002753507,48.16643142700195,38400,0.0,0.0
2013-03-01 00:00:00-05:00,47.70254547939589,48.24373892908898,46.83276502581217,48.118106842041016,70600,0.0,0.0
2013-03-04 00:00:00-05:00,48.021464554575765,48.040793419540904,47.084038566692904,47.55758285522461,47400,0.0,0.0
2013-03-05 00:00:00-05:00,47.86683377072225,48.282395120136464,47.132355389550476,47.963478088378906,143400,0.0,0.0
2013-03-06 00:00:00-05:00,47.973142104906934,48.59165100990625,47.89583033508396,48.49501037597656,46000,0.0,0.0
2013-03-07 00:00:00-05:00,48.38870530434785,48.52400367162919,47.76053010013705,48.29206466674805,47600,0.0,0.0
2013-03-08 00:00:00-05:00,48.79460345526679,49.065200186293964,48.1374368056831,49.0072135925293,67100,0.0,0.0
2013-03-11 00:00:00-04:00,48.71728503040559,49.277811009520406,48.56265780971939,49.08452606201172,36000,0.0,0.0
2013-03-12 00:00:00-04:00,48.92989880538621,49.200495519737366,47.95381148015597,48.3113899230957,45500,0.0,0.0
2013-03-13 00:00:00-04:00,48.398371056223034,48.9299019304769,47.934485678273646,48.63031005859375,54200,0.0,0.0
2013-03-14 00:00:00-04:00,48.87191532339927,49.50009052064147,48.83325759414659,49.403446197509766,45800,0.0,0.0
2013-03-15 00:00:00-04:00,49.509753012011174,49.703037971289426,48.73661686150212,49.0072135925293,122000,0.0,0.0
2013-03-18 00:00:00-04:00,48.4370251942648,49.75135849896699,48.4370251942648,49.02654266357422,109400,0.0,0.0
2013-03-19 00:00:00-04:00,49.239154062033634,49.84800036601124,49.01687765919186,49.54840850830078,98900,0.0,0.0
2013-03-20 00:00:00-04:00,49.973636505227304,50.205579202049854,49.16184259625453,49.56774139404297,123900,0.0,0.0
2013-03-21 00:00:00-04:00,49.12318883810881,49.596733137245835,48.726952627355615,48.8235969543457,40500,0.0,0.0
2013-03-22 00:00:00-04:00,48.862249662688036,49.23915328269792,48.46601717926691,49.08452606201172,64500,0.0,0.0
2013-03-25 00:00:00-04:00,49.31646897292601,49.558074254880935,48.54333280799106,49.48076248168945,88700,0.0,0.0
2013-03-26 00:00:00-04:00,49.90598597949266,49.90598597949266,48.76560876450562,49.05553436279297,53600,0.0,0.0
2013-03-27 00:00:00-04:00,48.85258566579649,49.21016043906972,48.601317802940585,48.929901123046875,49000,0.0,0.0
2013-03-28 00:00:00-04:00,49.08453152047757,49.16184329611629,48.34038678610863,48.86225509643555,76900,0.0,0.0
2013-04-01 00:00:00-04:00,48.69795691455293,49.316465806792415,47.85717161957762,48.775272369384766,98900,0.0,0.0
2013-04-02 00:00:00-04:00,49.09419336068396,49.09419336068396,47.1226933428295,47.23866653442383,85500,0.0,0.0
2013-04-03 00:00:00-04:00,47.441613107413254,48.15676636101958,46.88108708612667,47.52859115600586,334000,0.0,0.0
2013-04-04 00:00:00-04:00,47.53825444884257,48.06978902400123,47.21933739035145,47.982810974121094,51500,0.0,0.0
2013-04-05 00:00:00-04:00,47.12269305659269,48.55299958473523,47.12269305659269,47.60590362548828,46100,0.0,0.0
2013-04-08 00:00:00-04:00,47.837845506375864,47.97314387350695,47.3546349457054,47.905494689941406,50200,0.0,0.0
2013-04-09 00:00:00-04:00,47.9151598928622,48.15676516778804,47.62523061366805,47.79918670654297,41400,0.0,0.0
2013-04-10 00:00:00-04:00,48.06978939605059,48.94923249093242,47.8281841096918,48.79460525512695,66600,0.0,0.0
2013-04-11 00:00:00-04:00,48.881581095577815,48.881581095577815,47.99247176494299,48.19541931152344,82400,0.0,0.0
2013-04-12 00:00:00-04:00,47.88616840194676,48.446694452057145,47.567251331776944,48.16643142700195,59600,0.0,0.0
2013-04-15 00:00:00-04:00,48.00213689331042,48.06978976568687,47.22900070833802,47.2869873046875,106000,0.0,0.0
2013-04-16 00:00:00-04:00,47.69287969353152,48.07944960722616,47.19034396697397,47.4029541015625,183300,0.0,0.0
2013-04-17 00:00:00-04:00,46.890752970734205,47.42228384698694,46.562169643970044,46.716796875,126400,0.0,0.0
2013-04-18 00:00:00-04:00,46.658810898374504,47.20967064662162,46.59116171431637,46.774784088134766,111000,0.0,0.0
2013-04-19 00:00:00-04:00,46.7747841660942,47.277319909476766,46.57183292697751,46.79410934448242,48600,0.0,0.0
2013-04-22 00:00:00-04:00,46.83276557122262,47.30631353182285,46.16593634011185,47.016387939453125,61800,0.0,0.0
2013-04-23 00:00:00-04:00,47.499599671254984,47.499599671254984,46.23358667291653,46.3688850402832,297000,0.0,0.0
2013-04-24 00:00:00-04:00,46.38821449127255,47.335306761410216,46.30123644163726,47.200008392333984,118900,0.0,0.0
2013-04-25 00:00:00-04:00,47.48993231548313,47.86683595503396,47.27731849354003,47.412620544433594,68000,0.0,0.0
2013-04-26 00:00:00-04:00,47.3642938468948,47.3642938468948,46.610486610655734,46.765113830566406,74800,0.0,0.0
2013-04-29 00:00:00-04:00,46.98739509513703,47.03571541512533,46.38821501675312,46.86176300048828,35200,0.0,0.0
2013-04-30 00:00:00-04:00,46.79410628359738,46.79410628359738,46.281904297920704,46.4848518371582,136400,0.0,0.0
2013-05-01 00:00:00-04:00,46.44620160648052,46.44620160648052,44.484364173102314,44.54235076904297,103100,0.0,0.0
2013-05-02 00:00:00-04:00,44.648657357906224,45.47011385139224,44.648657357906224,44.899925231933594,77500,0.0,0.0
2013-05-03 00:00:00-04:00,45.36380407061935,46.0789572903895,45.2671634374684,45.38313293457031,104900,0.0,0.0
2013-05-06 00:00:00-04:00,45.479781527250715,45.818027461661856,45.10287417470148,45.43145751953125,34100,0.0,0.0
2013-05-07 00:00:00-04:00,45.63440633010129,45.85668274464632,45.064217723536565,45.1801872253418,110300,0.0,0.0
2013-05-08 00:00:00-04:00,45.04488870947479,45.6537350434909,44.977239526429,45.547428131103516,115600,0.0,0.0
2013-05-09 00:00:00-04:00,45.615076793852545,46.44619953219683,45.52809874712805,45.88567352294922,109000,0.0,0.0
2013-05-10 00:00:00-04:00,45.81802494257461,46.91008183543845,45.50877048051469,46.716796875,89300,0.0,0.0
2013-05-13 00:00:00-04:00,46.78444494383859,47.045379081224894,46.25291408024599,46.600826263427734,55900,0.0,0.0
2013-05-14 00:00:00-04:00,46.88108596717167,47.68321725022538,46.87142337827157,47.03571319580078,93300,0.0,0.0
2013-05-15 00:00:00-04:00,46.813438054741525,47.45127585096164,46.78444660065098,47.16135025024414,93400,0.0,0.0
2013-05-16 00:00:00-04:00,46.9197421696894,47.373961251900965,46.66847431381727,46.88108444213867,71700,0.0,0.0
2013-05-17 00:00:00-04:00,47.24832809253844,47.5962402865199,47.01638908762015,47.14202117919922,112200,0.0,0.0
2013-05-20 00:00:00-04:00,47.08403595615013,47.267654633232254,45.52809743546298,45.75037384033203,227100,0.0,0.0
2013-05-21 00:00:00-04:00,45.895340417608296,46.14660828564427,45.7407131865237,45.943660736083984,147900,0.0,0.0
2013-05-22 00:00:00-04:00,46.05962947511023,46.55250261396784,45.01589660422189,45.47977828979492,98300,0.0,0.0
2013-05-23 00:00:00-04:00,45.20918081179736,45.547430430707884,45.11254017016816,45.39280319213867,128600,0.0,0.0
2013-05-24 00:00:00-04:00,45.24783646354189,45.576419791225604,45.03522263780418,45.56675720214844,217600,0.0,0.0
2013-05-28 00:00:00-04:00,46.24324487364087,46.75545052712676,45.576415689212865,45.9243278503418,99400,0.0,0.0
2013-05-29 00:00:00-04:00,47.1806766627908,47.1806766627908,45.421790598377676,46.13694381713867,58100,0.0,0.0
2013-05-30 00:00:00-04:00,46.38821472887433,46.66847774431292,45.48944277357406,46.44620132446289,114800,0.0,0.0
2013-05-31 00:00:00-04:00,46.29157493600421,47.50926397279853,46.24325092882803,47.31597900390625,102300,0.0,0.0
2013-06-03 00:00:00-04:00,47.59624278726396,48.30172980141364,47.28698830672175,48.16643142700195,169000,0.0,0.0
2013-06-04 00:00:00-04:00,48.25340569785601,48.81392801742718,47.73153742036967,48.176090240478516,121000,0.0,0.0
2013-06-05 00:00:00-04:00,48.06012353101087,48.16643044777432,47.64456213999239,47.67355728149414,109400,0.0,0.0
2013-06-06 00:00:00-04:00,47.77019562684589,48.1664281333588,47.35463425579529,47.828182220458984,71600,0.0,0.0
2013-06-07 00:00:00-04:00,48.30172398366779,48.32105284719913,47.78952200320069,47.963478088378906,45400,0.0,0.0
2013-06-10 00:00:00-04:00,48.32105747185576,48.53367130444524,48.03113186434545,48.43702697753906,74100,0.0,0.0
2013-06-11 00:00:00-04:00,48.99755203358583,49.674047561979336,48.68829756688093,49.103858947753906,79900,0.0,0.0
2013-06-12 00:00:00-04:00,49.61606091594745,49.61606091594745,48.43702595872053,48.717288970947266,126500,0.0,0.0
2013-06-13 00:00:00-04:00,48.5916522276345,50.25389771642968,48.263068902793684,50.157257080078125,96000,0.0,0.0
2013-06-14 00:00:00-04:00,50.06061255963202,50.28288897164687,48.997550817542944,49.36479187011719,52600,0.0,0.0
2013-06-17 00:00:00-04:00,49.857667941476116,50.11860209785162,49.316470763074605,50.05095291137695,99200,0.0,0.0
2013-06-18 00:00:00-04:00,50.24423559999715,51.17199898947215,50.137928687048216,50.98837661743164,79000,0.0,0.0
2013-06-19 00:00:00-04:00,51.04636154300696,51.59722126791248,50.8820717277141,51.20098876953125,89400,0.0,0.0
2013-06-20 00:00:00-04:00,50.611472414368045,51.49091547554283,50.611472414368045,51.316959381103516,144700,0.0,0.0
2013-06-21 00:00:00-04:00,51.56823208657089,52.25439020408478,50.8530788282663,51.03670120239258,209200,0.0,0.0
2013-06-24 00:00:00-04:00,50.71777667882524,51.1140091651206,50.273223876953125,50.273223876953125,87400,0.0,0.0
2013-06-25 00:00:00-04:00,50.75643991790147,50.75643991790147,50.01229518007595,50.05095291137695,61600,0.0,0.0
2013-06-26 00:00:00-04:00,50.40852591933632,50.40852591933632,49.432442201574986,49.49042510986328,47300,0.0,0.0
2013-06-27 00:00:00-04:00,49.70303736423417,50.19591050210017,49.45176581426019,50.09926986694336,95100,0.0,0.0
2013-06-28 00:00:00-04:00,50.09927093743545,50.76610018211527,49.81900792824671,50.2055778503418,99900,0.0,0.0
2013-07-01 00:00:00-04:00,50.94005559313528,51.75184946933123,50.82408609270841,51.684200286865234,65700,0.0,0.0
2013-07-02 00:00:00-04:00,51.70352941584459,52.09976192371681,51.316959496972395,52.0900993347168,89200,0.0,0.0
2013-07-03 00:00:00-04:00,52.06110575133666,52.51532486660381,51.906478516484626,52.254390716552734,22300,0.0,0.0
2013-07-05 00:00:00-04:00,52.93088344104285,53.22080903017077,52.27371680616416,53.124168395996094,47200,0.0,0.0
2013-07-08 00:00:00-04:00,53.162822995323026,53.414094545378966,52.5056600401553,52.79558563232422,67500,0.0,0.0
2013-07-09 00:00:00-04:00,52.9405501879197,54.20656324002599,52.71827376257661,53.559059143066406,143400,0.0,0.0
2013-07-10 00:00:00-04:00,53.58805362894414,54.10025565991721,53.19182110399053,53.49140930175781,97400,0.0,0.0
2013-07-11 00:00:00-04:00,53.5493937003949,55.24063064740363,53.5493937003949,54.042266845703125,145100,0.0,0.0
2013-07-12 00:00:00-04:00,54.129244907346695,54.274209548912374,53.037191704206805,53.26913070678711,93300,0.0,0.0
2013-07-15 00:00:00-04:00,53.46241566667335,53.955292498713455,52.88256447361861,53.26913070678711,77600,0.0,0.0
2013-07-16 00:00:00-04:00,53.481744421449456,53.8199903356025,53.15316109629908,53.646034240722656,68100,0.0,0.0
2013-07-17 00:00:00-04:00,53.92629844062332,54.32253095736986,53.249802910747654,53.37543869018555,80800,0.0,0.0
2013-07-18 00:00:00-04:00,53.53973107257823,54.216222901608326,53.1628237421992,54.0326042175293,53400,0.0,0.0
2013-07-19 00:00:00-04:00,54.03260508095991,54.883056705250056,53.39476728439331,54.11958312988281,58700,0.0,0.0
2013-07-22 00:00:00-04:00,53.94562682652005,55.06667518247545,53.7909995942022,54.10025405883789,82000,0.0,0.0
2013-07-23 00:00:00-04:00,54.07126179042373,54.34185852125325,52.64095899137577,53.24980163574219,144000,0.0,0.0
2013-07-24 00:00:00-04:00,53.53973102787087,53.87797694210347,52.67961314227202,52.87289810180664,63700,0.0,0.0
2013-07-25 00:00:00-04:00,52.95987670900996,53.75234173353403,52.795586887961704,53.694358825683594,52600,0.0,0.0
2013-07-26 00:00:00-04:00,53.31745262766444,53.31745262766444,52.64096077763533,53.037193298339844,90900,0.0,0.0
2013-07-29 00:00:00-04:00,53.1241701834317,53.36577546360142,52.438008385930644,52.53465270996094,72300,0.0,0.0
2013-07-30 00:00:00-04:00,52.843906854430315,53.16282390529375,52.476665798541646,52.89222717285156,36500,0.0,0.0
2013-07-31 00:00:00-04:00,53.13383373162056,53.636373165837114,52.44767560833807,53.01786422729492,44900,0.0,0.0
2013-08-01 00:00:00-04:00,53.452755540715195,54.22589172928173,53.346448623549016,53.9069709777832,51100,0.0,0.0
2013-08-02 00:00:00-04:00,53.60738135477951,54.31286833852365,53.21114883824914,54.14857482910156,52400,0.0,0.0
2013-08-05 00:00:00-04:00,53.974616551443994,54.30319987041879,53.83931818832565,53.92629623413086,60200,0.0,0.0
2013-08-06 00:00:00-04:00,54.11958269791448,55.13432413617958,53.01786321142072,54.854061126708984,117400,0.0,0.0
2013-08-07 00:00:00-04:00,55.26962065606524,57.434405513744714,55.047344248376476,56.970523834228516,107000,0.0,0.0
2013-08-08 00:00:00-04:00,57.366756788297174,57.366756788297174,56.1490641441151,56.24570846557617,112100,0.0,0.0
2013-08-09 00:00:00-04:00,56.09108405444028,56.09108405444028,54.825071029257145,55.37593078613281,85300,0.0,0.0
2013-08-12 00:00:00-04:00,55.38559428089418,56.4583185995827,55.057010961134374,56.24570846557617,56700,0.0,0.0
2013-08-13 00:00:00-04:00,56.43899391524187,56.52597196201518,54.883055348854995,56.30369186401367,37400,0.0,0.0
2013-08-14 00:00:00-04:00,56.361680303652555,56.73858395648189,55.93645633138942,56.100746154785156,32900,0.0,0.0
2013-08-15 00:00:00-04:00,55.65619146146832,55.93645446608416,55.1053317277635,55.52089309692383,85900,0.0,0.0
2013-08-16 00:00:00-04:00,55.30828017443115,55.88813505754669,55.2502935801384,55.61753463745117,77800,0.0,0.0
2013-08-19 00:00:00-04:00,55.73350271431643,56.0330945805957,54.32252880204096,55.85913848876953,62600,0.0,0.0
2013-08-20 00:00:00-04:00,55.97510891293041,57.105823528488735,55.02801666767009,56.33268737792969,62700,0.0,0.0
2013-08-21 00:00:00-04:00,56.05242461557702,56.883547363526695,55.83014820173531,56.36167907714844,61500,0.0,0.0
2013-08-22 00:00:00-04:00,56.56462516568086,58.16888402613323,56.506642259760966,57.366756439208984,62200,0.0,0.0
2013-08-23 00:00:00-04:00,57.6373556482697,58.28485972290851,57.173473947900604,58.00459671020508,42700,0.0,0.0
2013-08-26 00:00:00-04:00,58.159221173312396,59.89877838848567,57.8692955852175,59.64751052856445,79600,0.0,0.0
2013-08-27 00:00:00-04:00,59.14497125375667,59.89877852180193,58.08190584623749,58.50713348388672,97100,0.0,0.0
2013-08-28 00:00:00-04:00,58.46847833224108,58.72941247958737,58.11090354659055,58.39116287231445,39500,0.0,0.0
2013-08-29 00:00:00-04:00,58.46847944402212,59.009676613987246,58.30418961846013,58.88404083251953,85300,0.0,0.0
2013-08-30 00:00:00-04:00,58.67142699926635,58.797062780731885,57.42474283379571,57.724334716796875,74000,0.0,0.0
2013-09-03 00:00:00-04:00,58.362171379171876,58.652096980495024,57.076833194884436,58.381500244140625,71200,0.0,0.0
2013-09-04 00:00:00-04:00,58.32351015858624,58.91302760173645,58.0045931221991,58.79705810546875,50000,0.0,0.0
2013-09-05 00:00:00-04:00,59.009672682690216,59.27060681761443,58.30418573416351,58.4878044128418,60500,0.0,0.0
2013-09-06 00:00:00-04:00,58.97101854766976,59.1932949680143,57.23146122878771,58.0819091796875,57900,0.0,0.0
2013-09-09 00:00:00-04:00,58.3235116726617,58.98067831291174,57.66634503241166,58.178550720214844,160200,0.0,0.0
2013-09-10 00:00:00-04:00,58.42015520237995,59.36724742129035,58.42015520237995,59.251277923583984,47700,0.0,0.0
2013-09-11 00:00:00-04:00,59.057994077734364,60.14038467871097,58.642432709335466,59.36724853515625,36300,0.0,0.0
2013-09-12 00:00:00-04:00,59.502547462002845,59.94710028792422,58.874372265711024,59.038665771484375,25400,0.0,0.0
2013-09-13 00:00:00-04:00,59.30926169613415,59.76348079147947,58.71974423705292,59.3382568359375,40100,0.0,0.0
2013-09-16 00:00:00-04:00,59.947102171665286,60.63326398330994,59.70549688651544,59.995426177978516,58700,0.0,0.0
2013-09-17 00:00:00-04:00,59.91810872277664,61.49337616176971,59.91810872277664,61.338748931884766,34500,0.0,0.0
2013-09-18 00:00:00-04:00,61.445052343524274,62.4984477525698,60.41097842473131,62.150535583496094,56700,0.0,0.0
2013-09-19 00:00:00-04:00,62.15054148925034,62.69174234435145,61.38707158635083,61.976585388183594,52100,0.0,0.0
2013-09-20 00:00:00-04:00,61.91860067252385,63.33924089425609,61.49337670821262,62.933345794677734,144600,0.0,0.0
2013-09-23 00:00:00-04:00,62.74971960992904,65.05946534939405,62.23751762874666,63.32957077026367,129500,0.0,0.0
2013-09-24 00:00:00-04:00,63.22326435369862,64.11236996464557,62.79804409853698,63.754798889160156,101700,0.0,0.0
2013-09-25 00:00:00-04:00,63.648495737447675,64.31532867160607,62.80770670625701,63.36823272705078,118300,0.0,0.0
2013-09-26 00:00:00-04:00,63.64849870185089,64.22834992789547,63.35856940222442,63.658164978027344,106300,0.0,0.0
2013-09-27 00:00:00-04:00,63.41655300689526,63.69681600082734,62.45979084282135,62.99132537841797,73000,0.0,0.0
2013-09-30 00:00:00-04:00,62.38248193284246,63.85143868948337,62.353483107752396,63.67748260498047,45700,0.0,0.0
2013-10-01 00:00:00-04:00,63.47453689575195,64.07372062033375,62.2665105444878,63.47453689575195,75300,0.0,0.0
2013-10-02 00:00:00-04:00,63.04930963712286,63.33923891244039,62.05389709745122,62.36315155029297,91000,0.0,0.0
2013-10-03 00:00:00-04:00,62.45979368273563,62.45979368273563,60.88452992784621,61.734981536865234,92200,0.0,0.0
2013-10-04 00:00:00-04:00,61.56102793762684,63.10730398821552,61.56102793762684,62.75939178466797,32700,0.0,0.0
2013-10-07 00:00:00-04:00,62.49845260028926,62.65308351996381,61.02949572942139,61.08747863769531,34300,0.0,0.0
2013-10-08 00:00:00-04:00,60.23703154771013,60.63326406844807,59.11597948390082,60.391658782958984,76000,0.0,0.0
2013-10-09 00:00:00-04:00,60.72023874453782,61.73498014988323,60.37232656290994,61.213111877441406,78000,0.0,0.0
2013-10-10 00:00:00-04:00,61.89927690428148,62.86569804331346,61.73498339361193,62.691741943359375,30100,0.0,0.0
2013-10-11 00:00:00-04:00,62.40181289671415,64.08338362071606,62.0442344195172,63.50353240966797,53800,0.0,0.0
2013-10-14 00:00:00-04:00,63.41655472813617,63.66781890341289,62.52744171962353,63.5615119934082,57300,0.0,0.0
2013-10-15 00:00:00-04:00,63.2522597308998,63.34890774204101,62.70139998415197,63.01065444946289,35900,0.0,0.0
2013-10-16 00:00:00-04:00,63.484203369045744,63.890098454766495,62.70139727720402,62.72072982788086,54400,0.0,0.0
2013-10-17 00:00:00-04:00,62.64341899346567,63.880436892572845,61.86062021707623,63.580848693847656,105300,0.0,0.0
2013-10-18 00:00:00-04:00,64.22834262013336,65.33006203622931,64.01572880769247,65.25274658203125,63900,0.0,0.0
2013-10-21 00:00:00-04:00,65.10779318411029,66.40279393931324,64.83718907836487,65.63932037353516,80300,0.0,0.0
2013-10-22 00:00:00-04:00,65.8422689953842,66.54775966516908,65.21410115885115,65.7456283569336,125400,0.0,0.0
2013-10-23 00:00:00-04:00,65.57166975556403,66.52842457415949,65.27208157583999,66.2481689453125,66400,0.0,0.0
2013-10-24 00:00:00-04:00,66.54775757539717,67.31123112963574,66.22883684263779,67.06962585449219,44300,0.0,0.0
2013-10-25 00:00:00-04:00,67.34989223327499,67.4078751427884,66.01622632880097,66.64440155029297,96200,0.0,0.0
2013-10-28 00:00:00-04:00,66.62507147525758,67.14693974215085,65.91958084412197,66.90533447265625,67400,0.0,0.0
2013-10-29 00:00:00-04:00,67.22424490735446,67.9683932340996,66.8570075680148,67.39820098876953,61000,0.0,0.0
2013-10-30 00:00:00-04:00,67.57215782440183,68.11335862440464,66.64439450423517,66.69271850585938,80900,0.0,0.0
2013-10-31 00:00:00-04:00,66.91498904674175,67.3498829276282,66.1901732851382,66.4801025390625,65900,0.0,0.0
2013-11-01 00:00:00-04:00,66.27715945722895,66.7700288994775,64.21867783731574,64.63423919677734,132200,0.0,0.0
2013-11-04 00:00:00-05:00,64.78887318333916,65.74562803375095,64.39263698246887,65.69731140136719,69600,0.0,0.0
2013-11-05 00:00:00-05:00,65.29140687013746,65.79394996892918,64.27666914351387,65.50402069091797,26000,0.0,0.0
2013-11-06 00:00:00-05:00,65.97756579528756,66.26749507695463,64.55693296010104,65.58133697509766,40800,0.0,0.0
2013-11-07 00:00:00-05:00,64.92416979453814,65.12711734075823,62.78838004827013,64.76953887939453,70900,0.0,0.0
2013-11-08 00:00:00-05:00,64.79854124137937,66.77003390457244,64.54726967716525,65.10779571533203,71800,0.0,0.0
2013-11-11 00:00:00-05:00,65.05947064072058,65.60066411795415,64.11237468235369,65.0014877319336,46500,0.0,0.0
2013-11-12 00:00:00-05:00,64.87584338635267,65.00148284355338,63.696815881505565,64.5279312133789,55800,0.0,0.0
2013-11-13 00:00:00-05:00,64.083381191844,64.93383648414176,64.083381191844,64.80819702148438,54000,0.0,0.0
2013-11-14 00:00:00-05:00,64.6245845650393,64.91450648436555,63.62916459304876,64.27667236328125,90500,0.0,0.0
2013-11-15 00:00:00-05:00,64.1800323779755,64.61491894800366,63.65816407001671,64.34432220458984,172300,0.0,0.0
2013-11-18 00:00:00-05:00,64.62458214272897,65.69731016240607,64.1703630422809,65.58133697509766,97600,0.0,0.0
2013-11-19 00:00:00-05:00,65.75528806455893,65.94856932215362,63.793454544464026,64.32498168945312,45300,0.0,0.0
2013-11-20 00:00:00-05:00,64.69223345733663,65.1947692058187,63.57118139603395,63.86111068725586,76000,0.0,0.0
2013-11-21 00:00:00-05:00,63.957747285715854,65.81327398732026,63.957747285715854,65.37838745117188,40700,0.0,0.0
2013-11-22 00:00:00-05:00,65.60066190717038,66.01622327695809,64.22834570859995,65.5523452758789,55000,0.0,0.0
2013-11-25 00:00:00-05:00,65.86159740406602,66.48977257429266,65.23342223383936,65.33006286621094,90500,0.0,0.0
2013-11-26 00:00:00-05:00,65.58133135524018,66.86667308823404,65.13677856846483,66.5477523803711,58100,0.0,0.0
2013-11-27 00:00:00-05:00,66.78935987858945,67.44652649266604,65.85193027303235,66.77969360351562,85500,0.0,0.0
2013-11-29 00:00:00-05:00,67.23391353430043,67.35954561902575,65.87126365988468,66.09353637695312,41500,0.0,0.0
2013-12-02 00:00:00-05:00,66.11286905736169,66.77969458308603,63.9190890954994,64.55693054199219,54300,0.0,0.0
2013-12-03 00:00:00-05:00,64.34431631317698,65.58133409735407,64.06405331938566,64.51827239990234,97600,0.0,0.0
2013-12-04 00:00:00-05:00,64.4312953319833,65.03047909032747,63.76446976229293,64.22834777832031,37700,0.0,0.0
2013-12-05 00:00:00-05:00,64.24767920152782,65.2430917738608,63.561513718975796,64.88551330566406,45400,0.0,0.0
2013-12-06 00:00:00-05:00,65.4460346383469,66.43178086442218,64.93383266193081,65.93891143798828,45800,0.0,0.0
2013-12-09 00:00:00-05:00,65.99689755303406,66.55742355847427,65.55234473350806,66.28681945800781,61400,0.0,0.0
2013-12-10 00:00:00-05:00,66.26749369710912,66.47044124076706,64.3443177968391,64.66323852539062,68800,0.0,0.0
2013-12-11 00:00:00-05:00,64.87584434264714,65.00148380169983,62.75938719460156,63.46487045288086,72500,0.0,0.0
2013-12-12 00:00:00-05:00,63.40688941424942,64.44095970371527,62.827038224744754,64.04472351074219,67300,0.0,0.0
2013-12-13 00:00:00-05:00,64.34432138131294,64.83719085484981,63.59051407053121,64.26700592041016,63500,0.0,0.0
2013-12-16 00:00:00-05:00,64.27666655286262,65.136780703566,63.967412109612056,64.4699478149414,66100,0.0,0.0
2013-12-17 00:00:00-05:00,64.63423612552906,64.67289385168948,63.48420010838809,64.32498168945312,57500,0.0,0.0
2013-12-18 00:00:00-05:00,64.35397389229549,65.41704294110289,63.087964681888856,65.14644622802734,78400,0.0,0.0
2013-12-19 00:00:00-05:00,65.07879109419014,65.48469354585283,64.07371967321777,64.53759765625,65500,0.0,0.0
2013-12-20 00:00:00-05:00,64.82752859350327,66.55742323223635,63.049309950907535,66.2385025024414,203500,0.0,0.0
2013-12-23 00:00:00-05:00,66.66372906007327,67.17593105058918,65.61999252852705,66.13219451904297,122200,0.0,0.0
2013-12-24 00:00:00-05:00,65.98723253360826,67.71712721374831,65.53301342997493,67.18559265136719,61500,0.0,0.0
2013-12-26 00:00:00-05:00,67.60115331568929,68.67388133162339,67.16626676791401,67.88141632080078,179200,0.0,0.0
2013-12-27 00:00:00-05:00,68.18101516971716,68.56757773164911,67.88141959904915,68.21966552734375,79300,0.0,0.0
2013-12-30 00:00:00-05:00,68.39361564343048,68.615895732974,67.92973766042917,68.3742904663086,104500,0.0,0.0
2013-12-31 00:00:00-05:00,68.49026364866272,68.8575009996394,68.21000065454594,68.3742904663086,76000,0.0,0.0
2014-01-02 00:00:00-05:00,68.30664577065775,68.52892587479316,67.21459254799548,67.29190063476562,113700,0.0,0.0
2014-01-03 00:00:00-05:00,67.11794971107187,67.54317740052825,66.28682688524822,67.03097534179688,127700,0.0,0.0
2014-01-06 00:00:00-05:00,67.1566054143623,67.57216681471458,66.03556068496142,66.05488586425781,96300,0.0,0.0
2014-01-07 00:00:00-05:00,66.43178487570484,67.52384544620803,65.82294223223705,67.12760925292969,74900,0.0,0.0
2014-01-08 00:00:00-05:00,67.2242498890536,67.52384544620803,66.47044260479599,67.12760925292969,78700,0.0,0.0
2014-01-09 00:00:00-05:00,67.07929475656594,67.52384759545214,66.62507564179731,67.34022521972656,83400,0.0,0.0
2014-01-10 00:00:00-05:00,67.50451445180268,67.85242664843842,66.12253194105739,66.50910186767578,90900,0.0,0.0
2014-01-13 00:00:00-05:00,66.29648216878265,66.65406060955229,64.711552245881,65.1561050415039,83500,0.0,0.0
2014-01-14 00:00:00-05:00,65.233421970915,66.31581621945381,64.79853544039193,66.06454467773438,44100,0.0,0.0
2014-01-15 00:00:00-05:00,66.4221269549207,67.22425088249005,66.22883830660854,67.21459197998047,71100,0.0,0.0
2014-01-16 00:00:00-05:00,67.30156427105462,67.47552036257919,66.69272163732248,67.02130126953125,38200,0.0,0.0
2014-01-17 00:00:00-05:00,67.05996252514153,67.63015483359872,65.94857673601297,66.60574340820312,81800,0.0,0.0
2014-01-21 00:00:00-05:00,67.24357596184495,67.52383894084885,66.33513784874319,67.25323486328125,59300,0.0,0.0
2014-01-22 00:00:00-05:00,67.24358918652506,67.36922128876961,66.72172085124915,67.03097534179688,45700,0.0,0.0
2014-01-23 00:00:00-05:00,66.86668124514745,66.86668124514745,65.73596290417301,65.82294464111328,45500,0.0,0.0
2014-01-24 00:00:00-05:00,65.40737909999882,65.46536200547047,63.909423474181175,64.62458038330078,51400,0.0,0.0
2014-01-27 00:00:00-05:00,64.69223184176776,65.21410012900961,63.358565983302604,64.09304809570312,52100,0.0,0.0
2014-01-28 00:00:00-05:00,64.01573370463669,64.42163618362262,63.32957558585757,64.19935607910156,72900,0.0,0.0
2014-01-29 00:00:00-05:00,63.54218677347662,64.45062495901821,62.682072591798736,62.77871322631836,57300,0.0,0.0
2014-01-30 00:00:00-05:00,63.51319717855071,64.73088985410396,62.633750420315586,63.72581100463867,83400,0.0,0.0
2014-01-31 00:00:00-05:00,62.711066620594636,63.68715402771204,61.45471988721755,62.662742614746094,80400,0.0,0.0
2014-02-03 00:00:00-05:00,62.63375074123795,62.71106620079481,59.66684186952172,60.28535079956055,100600,0.0,0.0
2014-02-04 00:00:00-05:00,60.35299688179902,61.73497931422299,59.309260351043655,61.13579559326172,104400,0.0,0.0
2014-02-05 00:00:00-05:00,61.0488211824694,61.126136642654565,60.053408595511804,60.34333419799805,68800,0.0,0.0
2014-02-06 00:00:00-05:00,59.289933845297334,59.618517171388696,55.20197297712189,59.0579948425293,225000,0.0,0.0
2014-02-07 00:00:00-05:00,59.20295392015279,59.57986123925525,57.95627352495061,59.251277923583984,138700,0.0,0.0
2014-02-10 00:00:00-05:00,59.34792027120606,59.43489831864872,57.8016479684519,59.0483283996582,156100,0.0,0.0
2014-02-11 00:00:00-05:00,59.164299124709906,60.70090877450246,58.787395497014266,59.56053161621094,113500,0.0,0.0
2014-02-12 00:00:00-05:00,61.89927291135392,63.078300431422726,60.19836975187928,60.75889205932617,115800,0.0,0.0
2014-02-13 00:00:00-05:00,60.41098111422162,61.87994162315093,60.053406340800564,61.64800262451172,79800,0.0,0.0
2014-02-14 00:00:00-05:00,61.64800245584906,62.169870731265355,60.68158136208728,60.86520004272461,279200,0.0,0.0
2014-02-18 00:00:00-05:00,61.23244374247822,61.84129009016536,61.0488213672846,61.5127067565918,63600,0.0,0.0
2014-02-19 00:00:00-05:00,61.5127060704956,61.5127060704956,59.908447150730886,60.28535079956055,79800,0.0,0.0
2014-02-20 00:00:00-05:00,60.401319120613046,60.78788903762655,60.25635448008199,60.555946350097656,95700,0.0,0.0
2014-02-21 00:00:00-05:00,60.86520086878416,61.464380922799414,60.439976908935265,60.9425163269043,229300,0.0,0.0
2014-02-24 00:00:00-05:00,61.26143007105301,62.9140091898989,61.08747398626884,62.14087677001953,117500,0.0,0.0
2014-02-25 00:00:00-05:00,62.19885785064267,62.66273581433113,61.696318474508644,62.34382247924805,75800,0.0,0.0
2014-02-26 00:00:00-05:00,62.60475581606613,63.7837907027082,62.237518463344685,62.64341354370117,59500,0.0,0.0
2014-02-27 00:00:00-05:00,62.76904952904641,63.909426758915906,62.256847509167486,62.662742614746094,98800,0.0,0.0
2014-02-28 00:00:00-05:00,62.86569583308267,63.300582381074065,61.75431008762834,62.09255599975586,152800,0.0,0.0
2014-03-03 00:00:00-05:00,61.53203024360054,62.36315298723959,60.52695509200825,61.348411560058594,112500,0.0,0.0
2014-03-04 00:00:00-05:00,62.18919611735139,63.72580949565053,61.377402248406675,62.43080139160156,139100,0.0,0.0
2014-03-05 00:00:00-05:00,62.508115814740634,63.49386207316079,61.95725609349249,63.47453689575195,78600,0.0,0.0
2014-03-06 00:00:00-05:00,63.5421844851897,64.75021080620091,63.107297958908674,64.4699478149414,83800,0.0,0.0
2014-03-07 00:00:00-05:00,64.99182005106796,65.78428507126047,63.9577497518752,64.87584686279297,81600,0.0,0.0
2014-03-10 00:00:00-04:00,64.77920159205594,64.9144999487613,63.81278054518485,64.40229797363281,84900,0.0,0.0
2014-03-11 00:00:00-04:00,64.56659229709135,64.56659229709135,62.16020578660485,62.92367935180664,98700,0.0,0.0
2014-03-12 00:00:00-04:00,62.42113730390234,63.14595315205657,62.10222393435263,63.02998733520508,54000,0.0,0.0
2014-03-13 00:00:00-04:00,63.455215358937515,63.455215358937515,62.29550557126367,62.68207550048828,98900,0.0,0.0
2014-03-14 00:00:00-04:00,62.624092957686244,63.097637252819396,62.06356692569539,62.334163665771484,50800,0.0,0.0
2014-03-17 00:00:00-04:00,62.69173964654465,63.89976602607659,62.69173964654465,63.619503021240234,58500,0.0,0.0
2014-03-18 00:00:00-04:00,63.822453034571815,64.20902296560223,63.29091845775398,63.880435943603516,54900,0.0,0.0
2014-03-19 00:00:00-04:00,64.02539763508602,64.02539763508602,62.97200217917304,63.19427490234375,54300,0.0,0.0
2014-03-20 00:00:00-04:00,63.020316493483236,63.7741237412359,62.95266731415178,63.339237213134766,43400,0.0,0.0
2014-03-21 00:00:00-04:00,63.79345678436766,64.99181684458758,63.09763243546332,63.76446533203125,96700,0.0,0.0
2014-03-24 00:00:00-04:00,63.967416763100296,64.42163587255715,62.179531779373,63.00099563598633,70900,0.0,0.0
2014-03-25 00:00:00-04:00,63.38755571308504,64.0350634466054,62.26651108347599,62.37281799316406,96000,0.0,0.0
2014-03-26 00:00:00-04:00,63.010655719772934,63.010655719772934,61.09714598121229,61.19378662109375,88200,0.0,0.0
2014-03-27 00:00:00-04:00,61.30009169334725,61.6673327497395,59.956766931732936,61.396732330322266,95100,0.0,0.0
2014-03-28 00:00:00-04:00,61.358076825374496,62.798045876254356,60.69124391168346,60.85553741455078,90800,0.0,0.0
2014-03-31 00:00:00-04:00,61.387067622324544,61.870274477124426,60.855536764101196,61.5610237121582,107700,0.0,0.0
2014-04-01 00:00:00-04:00,61.4160615685196,62.17953145311462,61.05848678561277,61.42572784423828,136500,0.0,0.0
2014-04-02 00:00:00-04:00,61.75430661480716,62.98165810499353,61.01982455177188,62.90434265136719,69800,0.0,0.0
2014-04-03 00:00:00-04:00,62.75938473045504,62.97199853908147,62.102218127976705,62.836692810058594,61300,0.0,0.0
2014-04-04 00:00:00-04:00,63.46486928083913,63.609833914572484,61.222772715146924,61.80262756347656,92200,0.0,0.0
2014-04-07 00:00:00-04:00,61.599683543749734,62.353487147763225,60.19837218850638,60.61393356323242,87100,0.0,0.0
2014-04-08 00:00:00-04:00,60.86520070889235,61.232441760790365,59.90844588009472,60.15971374511719,83000,0.0,0.0
2014-04-09 00:00:00-04:00,60.32400265899364,60.923186389056696,59.918107570825654,60.83620834350586,79500,0.0,0.0
2014-04-10 00:00:00-04:00,60.401318253638145,60.401318253638145,59.15463416009812,59.695831298828125,87400,0.0,0.0
2014-04-11 00:00:00-04:00,59.4638887169885,60.21769967698215,58.9613493058607,59.31892776489258,65500,0.0,0.0
2014-04-14 00:00:00-04:00,60.06307531661693,60.401321240924474,59.25128141167474,59.608856201171875,67400,0.0,0.0
2014-04-15 00:00:00-04:00,59.63784398812054,60.17904112033482,58.47813795429212,60.014747619628906,75400,0.0,0.0
2014-04-16 00:00:00-04:00,60.372327427445605,60.372327427445605,59.43489777870241,59.75381851196289,70600,0.0,0.0
2014-04-17 00:00:00-04:00,59.59918989009017,60.60426875973078,59.45422893115998,60.38199234008789,90300,0.0,0.0
2014-04-21 00:00:00-04:00,60.31433955163253,60.77822122838069,59.541203423718926,60.40131759643555,45900,0.0,0.0
2014-04-22 00:00:00-04:00,60.40131700855857,60.90385640846224,60.07273369656786,60.720237731933594,48700,0.0,0.0
2014-04-23 00:00:00-04:00,60.39165832270922,60.468970096442405,59.71516279117457,59.9664306640625,105600,0.0,0.0
2014-04-24 00:00:00-04:00,60.53661688988638,61.57068716812737,59.3285905193615,60.8748664855957,73400,0.0,0.0
2014-04-25 00:00:00-04:00,60.51728954388469,60.72024078104369,59.270609100044,59.879451751708984,96200,0.0,0.0
2014-04-28 00:00:00-04:00,60.285347438899585,60.807212015400516,59.14497028023534,60.33366775512695,74000,0.0,0.0
2014-04-29 00:00:00-04:00,60.362661151926474,61.097143254015144,59.5315384142701,59.75381851196289,75000,0.0,0.0
2014-04-30 00:00:00-04:00,59.75381868982979,60.401319060589415,58.85504676727991,60.169376373291016,83100,0.0,0.0
2014-05-01 00:00:00-04:00,59.88911838814748,60.381991540550366,58.83571921281188,59.53153991699219,96200,0.0,0.0
2014-05-02 00:00:00-04:00,59.947099716547505,60.826542771011404,59.54120462368906,60.140384674072266,91200,0.0,0.0
2014-05-05 00:00:00-04:00,59.91810964856771,60.23703038884776,59.07732430349016,59.88911819458008,118100,0.0,0.0
2014-05-06 00:00:00-04:00,59.86012182162433,59.908445826080886,58.99034504046559,59.00000762939453,102900,0.0,0.0
2014-05-07 00:00:00-04:00,59.01933552615561,59.367247707556196,57.98526525732823,59.28993225097656,82300,0.0,0.0
2014-05-08 00:00:00-04:00,59.202954512172134,59.8118008327757,58.08190619218996,58.15922164916992,104500,0.0,0.0
2014-05-09 00:00:00-04:00,57.89828932333746,58.74874094370719,57.21213121088875,58.72941207885742,133200,0.0,0.0
2014-05-12 00:00:00-04:00,58.74874077175785,60.0630740848631,58.555455810429905,59.869789123535156,138900,0.0,0.0
2014-05-13 00:00:00-04:00,59.927773460442985,59.927773460442985,58.43948770191498,58.46847915649414,89800,0.0,0.0
2014-05-14 00:00:00-04:00,58.53612528102063,58.53612528102063,56.400335551262934,56.61294937133789,135100,0.0,0.0
2014-05-15 00:00:00-04:00,56.37134514630987,56.5742926947345,54.77674883930722,56.342350006103516,151800,0.0,0.0
2014-05-16 00:00:00-04:00,56.15873106867444,57.10582331031641,55.85913919858817,57.08649444580078,91600,0.0,0.0
2014-05-19 00:00:00-04:00,57.16381241043261,58.29452338464751,57.16381241043261,58.110904693603516,65900,0.0,0.0
2014-05-20 00:00:00-04:00,57.791983205777846,58.6714262922304,56.83522834546562,57.64702224731445,129000,0.0,0.0
2014-05-21 00:00:00-04:00,57.76299099439513,58.971017398778656,57.560043443243664,58.73907470703125,98400,0.0,0.0
2014-05-22 00:00:00-04:00,58.70042143945208,59.33825924192944,58.33318037541842,58.4298210144043,56000,0.0,0.0
2014-05-23 00:00:00-04:00,58.613444090839025,59.07732579940737,58.130233516921486,58.88404083251953,88000,0.0,0.0
2014-05-27 00:00:00-04:00,59.628181468521944,60.613931414088235,58.71008070373536,60.40131759643555,168600,0.0,0.0
2014-05-28 00:00:00-04:00,62.467943238060194,63.29659127262458,57.286409896200745,59.37300109863281,181900,2.0,0.0
2014-05-29 00:00:00-04:00,59.303114524271166,59.41293190478331,58.434530834176364,59.363014221191406,105100,0.0,0.0
2014-05-30 00:00:00-04:00,59.08347240045751,59.962038107659986,58.953683375780116,59.87218475341797,89100,0.0,0.0
2014-06-02 00:00:00-04:00,60.051893424997424,60.30148566066495,59.20327753864266,60.07185745239258,89500,0.0,0.0
2014-06-03 00:00:00-04:00,59.87218369741761,60.1617077817797,59.293127911743284,59.572669982910156,83600,0.0,0.0
2014-06-04 00:00:00-04:00,59.49280411410513,61.16007838296856,59.18330837775539,61.00033950805664,164600,0.0,0.0
2014-06-05 00:00:00-04:00,61.28986814951563,62.787421548087174,60.940440546572354,62.238319396972656,181500,0.0,0.0
2014-06-06 00:00:00-04:00,62.66761829151371,63.84569393544147,62.058612633901454,63.396427154541016,99400,0.0,0.0
2014-06-09 00:00:00-04:00,63.13684886270648,64.3348922655206,63.13684886270648,64.04536437988281,122500,0.0,0.0
2014-06-10 00:00:00-04:00,63.76582309707973,64.16516838777946,63.40640966951728,63.83570861816406,109800,0.0,0.0
2014-06-11 00:00:00-04:00,63.5561665670286,63.87564432314539,63.23668881091181,63.256656646728516,90700,0.0,0.0
2014-06-12 00:00:00-04:00,63.156817801293265,63.156817801293265,61.69920005525062,62.028663635253906,63400,0.0,0.0
2014-06-13 00:00:00-04:00,61.98872703650247,62.22833725551067,61.21998250313167,62.12849807739258,67700,0.0,0.0
2014-06-16 00:00:00-04:00,61.92882208551552,62.42800653903984,61.888890223674686,62.368106842041016,55900,0.0,0.0
2014-06-17 00:00:00-04:00,62.178414699981616,62.897241536250824,61.66924822994104,62.40803909301758,73900,0.0,0.0
2014-06-18 00:00:00-04:00,62.3780900331603,62.72752144231011,62.06859429508049,62.487911224365234,42000,0.0,0.0
2014-06-19 00:00:00-04:00,62.72752116712862,62.97711339750846,62.20836887092154,62.84732437133789,60000,0.0,0.0
2014-06-20 00:00:00-04:00,63.276624355458736,63.62605196036115,62.457962130994275,63.14683532714844,151100,0.0,0.0
2014-06-23 00:00:00-04:00,63.376459296856424,64.48464561139193,62.95714617381196,63.97548294067383,98100,0.0,0.0
2014-06-24 00:00:00-04:00,63.7758077502656,64.76419465794606,63.176784112482686,63.42637634277344,108300,0.0,0.0
2014-06-25 00:00:00-04:00,62.9072249429069,64.27498931801188,62.9072249429069,63.90559768676758,80400,0.0,0.0
2014-06-26 00:00:00-04:00,64.07531714092055,64.07531714092055,62.96712703813621,63.2766227722168,61600,0.0,0.0
2014-06-27 00:00:00-04:00,62.74748463564143,64.48464441087808,62.74748463564143,64.14520263671875,131700,0.0,0.0
2014-06-30 00:00:00-04:00,64.1951259878265,64.34487523549713,63.2866065948885,63.945533752441406,64300,0.0,0.0
2014-07-01 00:00:00-04:00,64.08530004862078,65.50298201254374,63.61606546213713,64.04536437988281,103100,0.0,0.0
2014-07-02 00:00:00-04:00,63.85567487325411,64.53456603996082,63.48627944117036,63.96549606323242,74300,0.0,0.0
2014-07-03 00:00:00-04:00,63.99544420162344,65.14356994628906,63.48627774443895,65.14356994628906,53400,0.0,0.0
2014-07-07 00:00:00-04:00,64.70428813576066,65.25339409590687,63.6759693530782,63.7957763671875,71300,0.0,0.0
2014-07-08 00:00:00-04:00,63.58611389849273,64.41475810545765,63.037011764941255,63.77580642700195,116600,0.0,0.0
2014-07-09 00:00:00-04:00,64.06533038169329,64.50461513440946,63.206736328195966,63.665985107421875,80200,0.0,0.0
2014-07-10 00:00:00-04:00,62.69756686756727,62.94715909539077,62.12849689280771,62.298221588134766,56300,0.0,0.0
2014-07-11 00:00:00-04:00,62.068595744181366,62.54781619125938,60.93045575144051,62.2483024597168,57900,0.0,0.0
2014-07-14 00:00:00-04:00,62.817371795104734,62.817371795104734,61.948791884806475,62.278255462646484,50200,0.0,0.0
2014-07-15 00:00:00-04:00,62.168434187712585,62.487911942996384,61.060244057863976,61.29985427856445,53500,0.0,0.0
2014-07-16 00:00:00-04:00,61.519493370645456,61.91884247233495,60.92047352658651,61.449607849121094,36900,0.0,0.0
2014-07-17 00:00:00-04:00,60.86056650195,61.62931100277126,59.991986635713005,60.22161102294922,73400,0.0,0.0
2014-07-18 00:00:00-04:00,59.94206934008952,61.080209270468735,59.39296720980701,60.840599060058594,187800,0.0,0.0
2014-07-21 00:00:00-04:00,60.42128857278613,60.89052319226509,60.06187514582142,60.72079849243164,42200,0.0,0.0
2014-07-22 00:00:00-04:00,60.90050453333786,61.36973914763466,60.68086215073507,61.04027557373047,36800,0.0,0.0
2014-07-23 00:00:00-04:00,61.10017697325275,61.42963672731979,60.63094237513824,61.30983352661133,68800,0.0,0.0
2014-07-24 00:00:00-04:00,61.12014814551513,61.5494470973432,59.99199016918963,60.291500091552734,51300,0.0,0.0
2014-07-25 00:00:00-04:00,59.81228296955655,60.441256467356666,59.32308051382862,59.56269073486328,90200,0.0,0.0
2014-07-28 00:00:00-04:00,59.53273997405213,59.70246086297725,58.574302913061054,59.37300109863281,70300,0.0,0.0
2014-07-29 00:00:00-04:00,58.67413987159512,58.883796423565215,56.4178240570906,56.63746643066406,153600,0.0,0.0
2014-07-30 00:00:00-04:00,56.976915430211896,57.10670445953461,56.09834969156436,56.887062072753906,57400,0.0,0.0
2014-07-31 00:00:00-04:00,56.188201669002794,57.26644193201638,55.30963976040861,55.38950729370117,176400,0.0,0.0
2014-08-01 00:00:00-04:00,55.56921570328082,56.198189209270154,55.01012771923749,55.6590690612793,79800,0.0,0.0
2014-08-04 00:00:00-04:00,55.7289545495698,56.31799238309846,55.11994888000073,56.23812484741211,53100,0.0,0.0
2014-08-05 00:00:00-04:00,56.09834933553425,57.17658961818704,55.679036209041676,56.26807403564453,138300,0.0,0.0
2014-08-06 00:00:00-04:00,55.7089843703711,56.617499925382994,55.64908467324458,55.998512268066406,99600,0.0,0.0
2014-08-07 00:00:00-04:00,53.432706483980304,56.78722675422194,49.91844733460694,56.01848220825195,99300,0.0,0.0
2014-08-08 00:00:00-04:00,55.83877539117636,57.96530231011947,54.55087853826186,57.75564193725586,134300,0.0,0.0
2014-08-11 00:00:00-04:00,58.00523192070909,59.06350433222047,57.24647322780622,58.20490646362305,57900,0.0,0.0
2014-08-12 00:00:00-04:00,57.85547991899697,58.48445340761507,57.85547991899697,58.21489334106445,63700,0.0,0.0
2014-08-13 00:00:00-04:00,58.55433733425311,58.873815076625,58.12503840385182,58.34467697143555,29400,0.0,0.0
2014-08-14 00:00:00-04:00,58.17495569833907,58.55433694304918,58.11505219386639,58.304744720458984,38700,0.0,0.0
2014-08-15 00:00:00-04:00,58.96366907770752,60.1018090234749,58.43453096670284,59.18330764770508,146300,0.0,0.0
2014-08-18 00:00:00-04:00,59.95205162156504,60.840599332293976,59.78233073680788,60.4811897277832,62300,0.0,0.0
2014-08-19 00:00:00-04:00,60.4911734256987,61.47956033893606,60.4911734256987,61.04027557373047,79700,0.0,0.0
2014-08-20 00:00:00-04:00,60.60099305442241,61.389705400272824,60.23159762741309,60.591007232666016,47500,0.0,0.0
2014-08-21 00:00:00-04:00,60.67088055239202,60.8605692787265,59.5227547553524,60.501155853271484,113300,0.0,0.0
2014-08-22 00:00:00-04:00,60.27153158237154,61.17006514789962,60.07185703353471,60.61097717285156,68800,0.0,0.0
2014-08-25 00:00:00-04:00,61.04027320474473,61.459590118124,60.56105659550776,61.09019088745117,48200,0.0,0.0
2014-08-26 00:00:00-04:00,61.130130232263404,61.54944717085279,61.00034120264344,61.269901275634766,90200,0.0,0.0
2014-08-27 00:00:00-04:00,61.279885772527656,61.77907023575798,61.12014689663296,61.61933135986328,44200,0.0,0.0
2014-08-28 00:00:00-04:00,61.13012879167051,61.94879100510328,60.750747533977815,61.2199821472168,95200,0.0,0.0
2014-08-29 00:00:00-04:00,61.14011381376014,61.87890467549712,60.790682409662786,61.71916580200195,62500,0.0,0.0
2014-09-02 00:00:00-04:00,62.07858039257114,62.597732693359546,61.46957473571406,62.12849807739258,54500,0.0,0.0
2014-09-03 00:00:00-04:00,61.799038576214876,62.40804042721236,61.53946052046818,62.05861282348633,76400,0.0,0.0
2014-09-04 00:00:00-04:00,62.108529975615205,62.697567794324456,61.888891401647065,62.19838333129883,46800,0.0,0.0
2014-09-05 00:00:00-04:00,61.91884256771888,62.737504799815696,61.549447123596,62.138484954833984,69100,0.0,0.0
2014-09-08 00:00:00-04:00,61.908854254358296,62.288235505434336,61.46957330627956,62.07857894897461,40300,0.0,0.0
2014-09-09 00:00:00-04:00,61.9887260013567,61.99870801476421,61.160077974952586,61.539459228515625,66400,0.0,0.0
2014-09-10 00:00:00-04:00,61.36974031386837,61.858938964538936,60.94044136251852,61.449607849121094,61100,0.0,0.0
2014-09-11 00:00:00-04:00,60.940439922155974,61.908855186879705,60.790683060443186,61.68921661376953,40700,0.0,0.0
2014-09-12 00:00:00-04:00,61.878903223028196,61.878903223028196,60.71081345210215,61.09019088745117,47900,0.0,0.0
2014-09-15 00:00:00-04:00,61.04027520107016,61.04027520107016,60.301484332512445,60.421287536621094,30600,0.0,0.0
2014-09-16 00:00:00-04:00,60.28151505619518,60.41130027067934,59.58265606672813,60.08184051513672,56000,0.0,0.0
2014-09-17 00:00:00-04:00,60.001970359219975,60.69084734904011,59.472836052178565,59.91211700439453,49400,0.0,0.0
2014-09-18 00:00:00-04:00,60.04190588779629,60.51114049616019,59.79231365925808,60.381351470947266,38400,0.0,0.0
2014-09-19 00:00:00-04:00,60.49117147819456,60.49117147819456,58.48445167570988,59.682491302490234,193600,0.0,0.0
2014-09-22 00:00:00-04:00,59.17332680153168,60.10181020896655,59.17332680153168,59.5926399230957,118800,0.0,0.0
2014-09-23 00:00:00-04:00,59.32308062636367,60.17169651101576,59.053524363841824,59.962039947509766,125200,0.0,0.0
2014-09-24 00:00:00-04:00,60.051891715751836,60.40131931235057,59.61260695605609,60.09182357788086,106300,0.0,0.0
2014-09-25 00:00:00-04:00,60.18167562211091,60.18167562211091,58.12503814095342,58.4145622253418,122800,0.0,0.0
2014-09-26 00:00:00-04:00,58.51440113888861,58.52438315204024,57.87544565988255,57.9053955078125,92900,0.0,0.0
2014-09-29 00:00:00-04:00,57.316360972564794,58.085105517130614,57.316360972564794,57.75564193725586,71900,0.0,0.0
2014-09-30 00:00:00-04:00,57.68575367118147,57.75563918931919,56.58754940746728,56.60751724243164,121800,0.0,0.0
2014-10-01 00:00:00-04:00,56.62748495470786,56.757270168982366,54.940239084388296,55.0500602722168,133600,0.0,0.0
2014-10-02 00:00:00-04:00,54.870353696206806,55.828786923836375,54.56086177538534,55.44940948486328,110700,0.0,0.0
2014-10-03 00:00:00-04:00,55.90865932854008,55.92862716388873,55.06004727283624,55.169864654541016,60600,0.0,0.0
2014-10-06 00:00:00-04:00,55.22976803702921,55.56921362024639,54.7505514151594,55.0600471496582,37800,0.0,0.0
2014-10-07 00:00:00-04:00,54.52092598447318,54.75055037338689,53.991791688649194,54.181480407714844,117000,0.0,0.0
2014-10-08 00:00:00-04:00,53.981805986728865,55.559230672951585,53.50258937291408,55.44940948486328,105000,0.0,0.0
2014-10-09 00:00:00-04:00,55.48934611914664,55.48934611914664,53.82206805082841,53.901939392089844,74800,0.0,0.0
2014-10-10 00:00:00-04:00,53.58245967710542,54.66069997034195,53.58245967710542,53.702266693115234,71900,0.0,0.0
2014-10-13 00:00:00-04:00,53.83204861419712,54.910288841331294,53.05332210025026,53.85201644897461,81600,0.0,0.0
2014-10-14 00:00:00-04:00,54.171496984006424,54.96020936028138,53.492609608912765,53.55250930786133,122800,0.0,0.0
2014-10-15 00:00:00-04:00,52.823698101902295,53.86200266712534,51.875246889601925,53.60242462158203,182900,0.0,0.0
2014-10-16 00:00:00-04:00,52.673943946776866,54.74057117003182,52.41436969639054,53.88197326660156,233800,0.0,0.0
2014-10-17 00:00:00-04:00,54.68066793418299,54.89032449997738,53.57247778859079,53.81208801269531,102500,0.0,0.0
2014-10-20 00:00:00-04:00,53.43270674472787,53.87198771236496,52.88360458306267,53.81208801269531,81600,0.0,0.0
2014-10-21 00:00:00-04:00,53.91192200641098,55.35955771087076,53.312902174174276,55.31962203979492,107500,0.0,0.0
2014-10-22 00:00:00-04:00,55.489344756861,55.968561367239104,54.191462152552496,54.83041763305664,64700,0.0,0.0
2014-10-23 00:00:00-04:00,55.359556254664874,56.26807180112844,54.96020717136161,55.8487548828125,100400,0.0,0.0
2014-10-24 00:00:00-04:00,55.858740571807104,56.17821831430043,55.18983143013508,56.02846145629883,96800,0.0,0.0
2014-10-27 00:00:00-04:00,55.51929447666971,56.00849309909331,55.050059880550066,55.87870788574219,70800,0.0,0.0
2014-10-28 00:00:00-04:00,56.19818600695882,58.43453019874912,55.91864012662871,58.234859466552734,105000,0.0,0.0
2014-10-29 00:00:00-04:00,58.33469535669629,58.86382965702531,57.665786210709,58.09508514404297,127300,0.0,0.0
2014-10-30 00:00:00-04:00,58.13502253579062,61.04027597969187,58.13502253579062,60.79068374633789,84200,0.0,0.0
2014-10-31 00:00:00-04:00,62.16843448768331,63.28660663657193,60.421288838836894,60.65091323852539,96300,0.0,0.0
2014-11-03 00:00:00-05:00,60.630943730720624,60.630943730720624,59.12340834530226,59.223243713378906,104700,0.0,0.0
2014-11-04 00:00:00-05:00,59.08347110164686,59.80229791978128,59.08347110164686,59.353031158447266,46000,0.0,0.0
2014-11-05 00:00:00-05:00,59.73241586707607,61.31981883507522,59.223245571871374,61.16007995605469,157600,0.0,0.0
2014-11-06 00:00:00-05:00,60.840600489916504,61.5694093430161,60.15172730756968,61.469573974609375,80200,0.0,0.0
2014-11-07 00:00:00-05:00,61.170063528729386,61.96875789446001,60.47120453053691,61.89887237548828,62200,0.0,0.0
2014-11-10 00:00:00-05:00,62.028660857422544,62.93717640458225,61.89887183397827,62.907222747802734,74000,0.0,0.0
2014-11-11 00:00:00-05:00,62.93717905930384,63.196753308666246,62.19838436600651,62.497894287109375,110500,0.0,0.0
2014-11-12 00:00:00-05:00,62.288237431130774,63.98546157891424,61.96875967565563,63.14683532714844,102200,0.0,0.0
2014-11-13 00:00:00-05:00,63.30657479509092,63.96549814796092,62.09854928290846,62.138484954833984,48000,0.0,0.0
2014-11-14 00:00:00-05:00,62.278253876394096,63.02703056134947,62.15844686469912,62.40803909301758,86000,0.0,0.0
2014-11-17 00:00:00-05:00,62.457960445006336,63.18676929304027,62.19838239539279,62.87727355957031,71300,0.0,0.0
2014-11-18 00:00:00-05:00,63.03701376973179,63.84569397586462,62.3481405775651,62.52784729003906,67000,0.0,0.0
2014-11-19 00:00:00-05:00,62.31818652655527,62.93717800271488,61.32980342266126,62.487911224365234,114700,0.0,0.0
2014-11-20 00:00:00-05:00,62.00869588815504,62.86729379166287,61.8988746946633,62.71753692626953,44800,0.0,0.0
2014-11-21 00:00:00-05:00,63.52621697139228,64.41476091369717,62.87727563441954,63.47629928588867,192100,0.0,0.0
2014-11-24 00:00:00-05:00,63.566150741565444,64.28497762150164,63.34651215706581,64.2550277709961,53900,0.0,0.0
2014-11-25 00:00:00-05:00,64.29495764965615,64.72425657443189,63.92555842049327,64.6343994140625,49900,0.0,0.0
2014-11-26 00:00:00-05:00,64.71427444537754,64.86403130990477,64.19512594756043,64.52458190917969,58800,0.0,0.0
2014-11-28 00:00:00-05:00,64.33489718706173,64.33489718706173,63.18677137810236,63.47629928588867,61600,0.0,0.0
2014-12-01 00:00:00-05:00,63.39642452706309,63.606081079968966,62.677597707414286,63.22670364379883,96200,0.0,0.0
2014-12-02 00:00:00-05:00,63.20673412877959,64.5245769156456,63.20673412877959,64.40477752685547,93700,0.0,0.0
2014-12-03 00:00:00-05:00,64.25502120369333,65.77253853749625,63.85567213155046,65.13358306884766,126000,0.0,0.0
2014-12-04 00:00:00-05:00,64.87401213310393,66.25175842329914,64.87401213310393,65.56288146972656,127600,0.0,0.0
2014-12-05 00:00:00-05:00,65.45306265918884,66.26174664787082,64.84405702071547,65.22344207763672,204000,0.0,0.0
2014-12-08 00:00:00-05:00,64.87401738601511,65.88236453608128,64.51460395652302,64.74422454833984,98200,0.0,0.0
2014-12-09 00:00:00-05:00,64.05535531538631,66.57124171114299,63.55616703325726,66.4114990234375,131700,0.0,0.0
2014-12-10 00:00:00-05:00,65.94227265357797,66.44145713205488,64.21509100658963,64.8240966796875,170300,0.0,0.0
2014-12-11 00:00:00-05:00,65.09364792947679,65.66271788640104,64.70428467563126,65.28334045410156,102100,0.0,0.0
2014-12-12 00:00:00-05:00,64.51460502756497,64.91394651856314,63.915577557166316,64.46468353271484,109200,0.0,0.0
2014-12-15 00:00:00-05:00,64.88399499042619,65.05372349835672,63.58611613587068,63.61606979370117,94400,0.0,0.0
2014-12-16 00:00:00-05:00,63.58611597404875,64.07531842696578,61.31981803903869,61.3697395324707,156300,0.0,0.0
2014-12-17 00:00:00-05:00,61.29985279271541,62.81737018929268,60.011955980677634,62.697566986083984,165700,0.0,0.0
2014-12-18 00:00:00-05:00,62.62768314816566,63.416395524786914,61.93880995062794,63.256656646728516,78200,0.0,0.0
2014-12-19 00:00:00-05:00,63.106897418237594,63.396425314020696,62.388074398140915,63.30657196044922,139800,0.0,0.0
2014-12-22 00:00:00-05:00,63.4862805107211,63.4862805107211,62.697568140748665,63.396427154541016,56100,0.0,0.0
2014-12-23 00:00:00-05:00,63.62605269181962,65.04373858045443,63.20673956111621,64.09528350830078,83200,0.0,0.0
2014-12-24 00:00:00-05:00,64.29495633390016,64.55453437116063,63.75583623356686,64.11524963378906,40600,0.0,0.0
2014-12-26 00:00:00-05:00,64.40478170321107,65.35322913840179,63.925561266125484,65.02376556396484,28400,0.0,0.0
2014-12-29 00:00:00-05:00,64.96386482351913,65.6128061399525,64.7641940878244,65.01378631591797,38500,0.0,0.0
2014-12-30 00:00:00-05:00,64.98383175198576,65.04373906892944,64.45469742351236,64.8240966796875,23200,0.0,0.0
2014-12-31 00:00:00-05:00,64.89397825226446,65.11362062813801,64.36484395599649,64.42474365234375,48400,0.0,0.0
2015-01-02 00:00:00-05:00,64.62442572013495,64.84406049169573,63.04700094532635,64.02539825439453,73000,0.0,0.0
2015-01-05 00:00:00-05:00,63.416394872783734,63.795776132450115,62.74748570946472,62.99707794189453,97500,0.0,0.0
2015-01-06 00:00:00-05:00,63.03701231799081,63.5561646077956,61.6093444731464,62.18840026855469,68100,0.0,0.0
2015-01-07 00:00:00-05:00,62.50787852846146,62.627681732177734,61.329802901238416,62.627681732177734,112700,0.0,0.0
2015-01-08 00:00:00-05:00,62.897241918935904,63.31655503699405,62.68758535990683,63.02703094482422,111300,0.0,0.0
2015-01-09 00:00:00-05:00,62.88725938142669,63.21671914165908,62.42800678791237,62.87727355957031,55000,0.0,0.0
2015-01-12 00:00:00-05:00,63.03701350119073,63.16680252819685,62.05861240882011,62.59773254394531,93500,0.0,0.0
2015-01-13 00:00:00-05:00,63.07694876627031,64.28497424727468,62.10852969368449,62.84732437133789,92000,0.0,0.0
2015-01-14 00:00:00-05:00,62.06859532291284,63.12686777294158,61.94879211619411,62.78742218017578,62200,0.0,0.0
2015-01-15 00:00:00-05:00,62.82735696076297,63.4263767943354,61.81900221046328,62.0186767578125,79400,0.0,0.0
2015-01-16 00:00:00-05:00,61.74911459403187,62.358120228959876,60.910484570413416,61.99870681762695,118900,0.0,0.0
2015-01-20 00:00:00-05:00,61.908854934728076,62.78742064901601,60.52112274794581,61.18004608154297,91600,0.0,0.0
2015-01-21 00:00:00-05:00,60.8505879900467,61.85893894927467,60.55107806809113,61.7391357421875,61100,0.0,0.0
2015-01-22 00:00:00-05:00,62.298221694495304,63.50624716518943,61.62931254237924,63.2766227722168,62900,0.0,0.0
2015-01-23 00:00:00-05:00,63.11688419804272,63.11688419804272,61.66924850562909,62.04862976074219,46000,0.0,0.0
2015-01-26 00:00:00-05:00,61.89887250546071,62.42800680977921,61.4196558850161,62.00869369506836,81300,0.0,0.0
2015-01-27 00:00:00-05:00,61.45959316910872,61.65926390984657,60.521123930349695,61.01032638549805,69800,0.0,0.0
2015-01-28 00:00:00-05:00,61.51949320212083,61.878906630961744,59.6325765091813,59.78233337402344,97000,0.0,0.0
2015-01-29 00:00:00-05:00,59.75237867667983,60.25156313950414,59.01358780444597,59.48282241821289,138600,0.0,0.0
2015-01-30 00:00:00-05:00,58.92373263346214,59.42291708090745,57.80556053755765,57.94533157348633,124100,0.0,0.0
2015-02-02 00:00:00-05:00,58.25482647554207,61.39969017882313,58.234862448080385,61.16007995605469,137700,0.0,0.0
2015-02-03 00:00:00-05:00,60.271529484545326,61.84895417612922,60.15172628280323,61.17006301879883,87900,0.0,0.0
2015-02-04 00:00:00-05:00,60.68085993358142,61.06024117826756,58.963668032032444,59.17332458496094,61000,0.0,0.0
2015-02-05 00:00:00-05:00,59.46285427900018,61.13012854825034,59.442886443572164,60.7108154296875,84300,0.0,0.0
2015-02-06 00:00:00-05:00,60.511139831691075,61.75910096067835,60.421286478064985,60.700828552246094,67800,0.0,0.0
2015-02-09 00:00:00-05:00,60.71081687258663,61.90885655893982,60.2715320996802,60.76073455810547,89000,0.0,0.0
2015-02-10 00:00:00-05:00,61.27988446902831,61.76908309984205,60.04190535082137,61.389705657958984,43200,0.0,0.0
2015-02-11 00:00:00-05:00,61.269900887886386,61.85893871584888,60.70083089577562,61.2299690246582,42300,0.0,0.0
2015-02-12 00:00:00-05:00,61.639296952572856,62.70755136033772,61.3797189083921,62.0685920715332,50400,0.0,0.0
2015-02-13 00:00:00-05:00,62.008693303068306,62.33815306133335,60.92047104420625,61.679229736328125,94500,0.0,0.0
2015-02-17 00:00:00-05:00,61.65926256809376,61.91884061896476,60.63094380346486,61.3597526550293,104800,0.0,0.0
2015-02-18 00:00:00-05:00,61.130129986287585,61.39969005819425,60.610977678371995,61.050262451171875,67500,0.0,0.0
2015-02-19 00:00:00-05:00,60.73078481307319,61.4695757003649,60.47120675436778,61.16007995605469,66700,0.0,0.0
2015-02-20 00:00:00-05:00,61.279883684322606,61.65926112134763,60.24157912215128,60.73078155517578,155100,0.0,0.0
2015-02-23 00:00:00-05:00,60.720795733505334,60.97038795661526,59.90213354638278,60.73078155517578,119700,0.0,0.0
2015-02-24 00:00:00-05:00,60.8905210783883,61.38970552995954,60.72079638444702,60.9903564453125,174400,0.0,0.0
2015-02-25 00:00:00-05:00,60.770715633966745,61.589377850962435,60.770715633966745,61.15009689331055,133900,0.0,0.0
2015-02-26 00:00:00-05:00,61.190033193286695,61.908856239696824,61.03029431536497,61.69919967651367,111600,0.0,0.0
2015-02-27 00:00:00-05:00,61.809020462703316,62.3880762716586,61.619331736567226,61.94879150390625,90000,0.0,0.0
2015-03-02 00:00:00-05:00,62.06859518409306,63.13685345390305,61.629314221456674,62.96712875366211,57500,0.0,0.0
2015-03-03 00:00:00-05:00,62.607714685441564,62.96712810959287,62.228337234148725,62.70755386352539,45000,0.0,0.0
2015-03-04 00:00:00-05:00,62.33815239405526,62.69756580538818,61.469572522317414,61.99870681762695,87600,0.0,0.0
2015-03-05 00:00:00-05:00,61.888890352893526,62.71753456706697,61.569408798173775,62.477928161621094,91100,0.0,0.0
2015-03-06 00:00:00-05:00,61.91884204853404,62.2582876401042,61.59936429275922,61.98872756958008,83500,0.0,0.0
2015-03-09 00:00:00-04:00,62.168431502623385,63.30657143272443,62.168431502623385,63.15681457519531,102800,0.0,0.0
2015-03-10 00:00:00-04:00,62.847322804647035,62.857304817884305,61.43962281273564,61.529476165771484,126500,0.0,0.0
2015-03-11 00:00:00-04:00,61.419655241794295,62.07857856406441,60.68086057938229,61.459590911865234,122400,0.0,0.0
2015-03-12 00:00:00-04:00,62.04863128148227,63.24667096534905,61.239951067244455,63.07695007324219,88100,0.0,0.0
2015-03-13 00:00:00-04:00,63.19675262891129,63.19675262891129,61.96875929966535,62.8173713684082,44500,0.0,0.0
2015-03-16 00:00:00-04:00,63.07694783380031,63.72588914658463,62.77743792346722,63.23668670654297,98900,0.0,0.0
2015-03-17 00:00:00-04:00,62.937176008221044,63.52621380817379,62.57776259693122,63.15681457519531,46400,0.0,0.0
2015-03-18 00:00:00-04:00,63.19675154185937,64.82409393927182,62.91720946444196,63.96549606323242,58900,0.0,0.0
2015-03-19 00:00:00-04:00,63.5761333333151,63.86566123507379,62.90722417437177,63.536197662353516,70100,0.0,0.0
2015-03-20 00:00:00-04:00,64.02539378282401,64.57449971575265,63.03701072050257,64.3448715209961,152500,0.0,0.0
2015-03-23 00:00:00-04:00,64.10526552057537,64.6244216089299,63.75583793242338,63.805755615234375,43700,0.0,0.0
2015-03-24 00:00:00-04:00,63.66598615050303,64.23505231875626,63.51622928990075,63.96549606323242,32100,0.0,0.0
2015-03-25 00:00:00-04:00,63.9555086663542,64.18513686254953,62.577762340032685,62.647647857666016,62900,0.0,0.0
2015-03-26 00:00:00-04:00,62.38807665525982,63.017046344540326,61.99870957004656,62.278255462646484,65200,0.0,0.0
2015-03-27 00:00:00-04:00,65.89234983125088,75.85607517234371,65.89234983125088,75.45672607421875,790000,0.0,0.0
2015-03-30 00:00:00-04:00,74.56818066868955,75.71629888850363,73.38011915916455,75.40680694580078,261600,0.0,0.0
2015-03-31 00:00:00-04:00,75.34690665000565,77.53333711041294,75.00745724270077,76.4151611328125,313900,0.0,0.0
2015-04-01 00:00:00-04:00,76.5649124607014,76.78455483478075,75.4667005903046,76.72464752197266,104400,0.0,0.0
2015-04-02 00:00:00-04:00,76.82448236601003,77.68308021324778,75.6464067814478,76.28536987304688,218400,0.0,0.0
2015-04-06 00:00:00-04:00,75.79616467218786,77.38357517588139,74.92758860847931,77.16393280029297,70800,0.0,0.0
2015-04-07 00:00:00-04:00,76.91434378237372,76.91434378237372,75.69633246112562,76.03578186035156,120000,0.0,0.0
2015-04-08 00:00:00-04:00,75.77620353829879,76.205502484168,74.74788475601804,76.10566711425781,86500,0.0,0.0
2015-04-09 00:00:00-04:00,75.96588635215049,76.2554142487368,75.08732445754221,75.7961654663086,84500,0.0,0.0
2015-04-10 00:00:00-04:00,76.30533467893648,76.58487674983314,75.51662234064936,76.365234375,96500,0.0,0.0
2015-04-13 00:00:00-04:00,76.1455956506931,77.15395041215528,76.1455956506931,76.83447265625,95100,0.0,0.0
2015-04-14 00:00:00-04:00,76.69470188102595,77.4734284376959,76.58488068796217,76.76458740234375,161000,0.0,0.0
2015-04-15 00:00:00-04:00,76.91434293355775,77.73300514777914,76.51499383997285,77.114013671875,148600,0.0,0.0
2015-04-16 00:00:00-04:00,77.05411426088236,77.41352768475295,76.17555234528227,76.46507263183594,86900,0.0,0.0
2015-04-17 00:00:00-04:00,75.86605285229902,76.41515881053829,75.02742660729776,75.30696868896484,93800,0.0,0.0
2015-04-20 00:00:00-04:00,75.61645719229988,76.8444542719043,75.34690094489652,75.92595672607422,79600,0.0,0.0
2015-04-21 00:00:00-04:00,76.07571022349752,76.6248161875829,74.72791367713862,75.0973129272461,68100,0.0,0.0
2015-04-22 00:00:00-04:00,74.95753742256642,76.16556285468775,74.2686604571695,75.41678619384766,36200,0.0,0.0
2015-04-23 00:00:00-04:00,75.14722520090517,76.4451078427175,75.08732550317396,75.80615234375,56400,0.0,0.0
2015-04-24 00:00:00-04:00,75.94592339833754,75.94592339833754,74.8377332883854,75.22709655761719,50900,0.0,0.0
2015-04-27 00:00:00-04:00,75.21711259319457,76.55493093911775,74.74788558770082,75.02742767333984,54000,0.0,0.0
2015-04-28 00:00:00-04:00,75.19714747621815,76.29535177543806,74.95754106584936,75.88602447509766,65000,0.0,0.0
2015-04-29 00:00:00-04:00,75.39681428342358,76.06572722028457,74.61808777762278,75.1971435546875,48600,0.0,0.0
2015-04-30 00:00:00-04:00,74.68798000733739,75.55656375100284,72.27192893450564,72.8709487915039,130900,0.0,0.0
2015-05-01 00:00:00-04:00,73.02070171328445,73.24034409293417,71.88256176141803,72.47159576416016,83000,0.0,0.0
2015-05-04 00:00:00-04:00,72.41169476109475,73.46996335274272,72.09221701926045,72.24197387695312,35500,0.0,0.0
2015-05-05 00:00:00-04:00,72.1621054576852,72.49156903455258,70.93411593219838,71.47322845458984,75400,0.0,0.0
2015-05-06 00:00:00-04:00,71.53313442730168,72.53150334431369,71.13378533710679,72.4017105102539,75900,0.0,0.0
2015-05-07 00:00:00-04:00,72.40171342576234,72.88093387668376,71.77274372481922,72.21202850341797,73400,0.0,0.0
2015-05-08 00:00:00-04:00,72.82103073328963,72.82103073328963,71.5630837739355,71.96243286132812,63200,0.0,0.0
2015-05-11 00:00:00-04:00,71.75277341380863,72.79107795242277,71.60301655995033,72.15211486816406,56900,0.0,0.0
2015-05-12 00:00:00-04:00,71.98240080736451,72.5614566347647,70.84426079734386,72.36178588867188,74400,0.0,0.0
2015-05-13 00:00:00-04:00,72.76112075863351,72.84099209658159,71.8126733755878,72.37175750732422,74100,0.0,0.0
2015-05-14 00:00:00-04:00,72.57143665446783,73.51988404799859,72.41169397680575,73.3202133178711,65800,0.0,0.0
2015-05-15 00:00:00-04:00,73.19042525639635,73.19042525639635,72.25196362331614,72.64132690429688,52300,0.0,0.0
2015-05-18 00:00:00-04:00,72.60138572780166,73.82937517719111,72.3218436618252,73.81939697265625,95100,0.0,0.0
2015-05-19 00:00:00-04:00,73.56981055611247,74.34853712044524,72.31186354306304,73.1504898071289,60500,0.0,0.0
2015-05-20 00:00:00-04:00,73.44999852822804,73.65965507993971,72.56145083037613,73.03068542480469,42700,0.0,0.0
2015-05-21 00:00:00-04:00,72.82103072351315,73.25032965943628,72.20203925729018,72.54148864746094,55800,0.0,0.0
2015-05-22 00:00:00-04:00,72.36177982885842,73.12053469403108,71.82265971921464,72.23198699951172,67400,0.0,0.0
2015-05-26 00:00:00-04:00,71.73280361007829,71.91251031592574,70.56471383054497,71.0838623046875,176300,0.0,0.0
2015-05-27 00:00:00-04:00,71.18370714361458,73.27029453323412,70.20530224917046,70.88419342041016,181200,0.0,0.0
2015-05-28 00:00:00-04:00,70.8242934571211,72.88093099010261,69.2868044098712,70.9540786743164,89600,0.0,0.0
2015-05-29 00:00:00-04:00,71.0539167477434,71.71284391462912,69.53639928656668,69.9656982421875,79900,0.0,0.0
2015-06-01 00:00:00-04:00,70.61463822689583,71.40334298377857,69.41659093297996,70.60465240478516,52600,0.0,0.0
2015-06-02 00:00:00-04:00,70.18533876014155,71.31349290788431,69.99564622619481,70.45489501953125,78900,0.0,0.0
2015-06-03 00:00:00-04:00,70.2851720199314,71.1437698825122,70.01560815168266,71.01397705078125,67300,0.0,0.0
2015-06-04 00:00:00-04:00,70.53476240269814,70.94408967982491,69.45652219176172,70.0555419921875,116800,0.0,0.0
2015-06-05 00:00:00-04:00,69.99564232588662,71.77273770188899,69.57632922711191,71.50318145751953,54500,0.0,0.0
2015-06-08 00:00:00-04:00,71.4233095960742,72.10220072971205,71.0838602207803,71.64295196533203,50600,0.0,0.0
2015-06-09 00:00:00-04:00,71.42331248062047,71.82266156658578,71.19368428068157,71.45326232910156,52300,0.0,0.0
2015-06-10 00:00:00-04:00,71.89254967697636,72.97078234591604,71.78272848395325,72.49156951904297,65200,0.0,0.0
2015-06-11 00:00:00-04:00,72.32184442579754,72.98076392870969,71.45326075423823,72.45162963867188,62100,0.0,0.0
2015-06-12 00:00:00-04:00,72.21202823525672,72.87094778375727,71.87257883024989,72.28191375732422,71700,0.0,0.0
2015-06-15 00:00:00-04:00,71.97241423731158,72.69124110289957,71.37339438830514,71.7028579711914,71300,0.0,0.0
2015-06-16 00:00:00-04:00,71.48321138374033,72.31185939494969,71.26356900805108,72.24197387695312,71200,0.0,0.0
2015-06-17 00:00:00-04:00,72.66129093183024,73.30024645020636,72.25196362331614,72.64132690429688,68500,0.0,0.0
2015-06-18 00:00:00-04:00,72.88093299320931,74.47832178199914,72.52151956361278,73.57978820800781,85800,0.0,0.0
2015-06-19 00:00:00-04:00,73.69959048386502,74.43838132299007,72.6912357814031,73.10057067871094,123000,0.0,0.0
2015-06-22 00:00:00-04:00,73.55982341675926,74.05900788413224,72.880932236454,73.21039581298828,53600,0.0,0.0
2015-06-23 00:00:00-04:00,73.21039739238802,73.46996783681743,72.2020426137948,73.08060455322266,88500,0.0,0.0
2015-06-24 00:00:00-04:00,72.6113786352234,73.17046282173575,72.10220832710635,72.51153564453125,62200,0.0,0.0
2015-06-25 00:00:00-04:00,72.63134113168044,72.63134113168044,71.24360890017002,71.77274322509766,76300,0.0,0.0
2015-06-26 00:00:00-04:00,71.80268755410678,73.12053416244979,71.60301682618665,72.37175750732422,144600,0.0,0.0
2015-06-29 00:00:00-04:00,71.88256418209691,72.16210626853741,71.05391612804071,71.2635726928711,83400,0.0,0.0
2015-06-30 00:00:00-04:00,71.74278732855377,72.24197176161249,71.20366722681638,71.64295196533203,66600,0.0,0.0
2015-07-01 00:00:00-04:00,72.0622708199759,72.81104752940334,71.66292171822447,72.71121215820312,77000,0.0,0.0
2015-07-02 00:00:00-04:00,72.79108061296412,73.20040790372452,71.33345530688003,72.32184600830078,56700,0.0,0.0
2015-07-06 00:00:00-04:00,71.74279360839616,73.13052584441536,71.45326569784494,72.28191375732422,78500,0.0,0.0
2015-07-07 00:00:00-04:00,72.56145108779242,72.56145108779242,71.21365461232162,72.09221649169922,79500,0.0,0.0
2015-07-08 00:00:00-04:00,71.65293676377269,71.71284408077878,70.6945034781325,71.34344482421875,72800,0.0,0.0
2015-07-09 00:00:00-04:00,71.98240114077647,73.01071996012388,71.06390351737402,71.4233169555664,63900,0.0,0.0
2015-07-10 00:00:00-04:00,71.50318588431985,72.61137601179738,71.43330036353075,72.34181213378906,93100,0.0,0.0
2015-07-13 00:00:00-04:00,72.63134261817771,73.81940413073092,72.0323227591499,73.09059143066406,62000,0.0,0.0
2015-07-14 00:00:00-04:00,72.93085618697106,73.18044842906616,71.30350989366246,72.00237274169922,167700,0.0,0.0
2015-07-15 00:00:00-04:00,71.6429535358549,72.26193737156879,71.11381924392524,71.5131607055664,75200,0.0,0.0
2015-07-16 00:00:00-04:00,72.09222125389313,72.28191379257625,71.22363752181587,71.7028579711914,90200,0.0,0.0
2015-07-17 00:00:00-04:00,71.99238138886778,71.99238138886778,71.2835403898044,71.44327545166016,83600,0.0,0.0
2015-07-20 00:00:00-04:00,71.4033445813745,71.4033445813745,70.26520457770721,70.47486114501953,80600,0.0,0.0
2015-07-21 00:00:00-04:00,70.20530043669581,70.40497116904365,68.5779618789054,68.76764678955078,131800,0.0,0.0
2015-07-22 00:00:00-04:00,68.55799290766085,68.64785007258483,67.38990308230238,67.77926635742188,157800,0.0,0.0
2015-07-23 00:00:00-04:00,68.08875431823118,68.52803906123592,67.28007796583616,67.37991333007812,96400,0.0,0.0
2015-07-24 00:00:00-04:00,67.08040936042426,67.16027308417547,65.45306316566999,65.9522476196289,110700,0.0,0.0
2015-07-27 00:00:00-04:00,65.71264095074682,66.42148195848962,65.42311305457858,66.02213287353516,61600,0.0,0.0
2015-07-28 00:00:00-04:00,66.31166025415699,66.31166025415699,64.93391391957327,65.29332733154297,87400,0.0,0.0
2015-07-29 00:00:00-04:00,65.01378678907506,66.87075358896195,65.01378678907506,66.61117553710938,87600,0.0,0.0
2015-07-30 00:00:00-04:00,66.16190181891236,67.18024233419729,65.76256036353395,66.58122253417969,147800,0.0,0.0
2015-07-31 00:00:00-04:00,66.94064063668884,67.75930286480313,66.03212124294159,67.63949584960938,136700,0.0,0.0
2015-08-03 00:00:00-04:00,67.7093784795798,68.35831978783813,66.69104555324458,67.25012969970703,91400,0.0,0.0
2015-08-04 00:00:00-04:00,67.19022813080464,67.19022813080464,65.37319708848524,65.42311096191406,98800,0.0,0.0
2015-08-05 00:00:00-04:00,65.39316480957145,66.13195568383422,64.76419512678765,65.02376556396484,91000,0.0,0.0
2015-08-06 00:00:00-04:00,68.80758245941038,69.09711035317989,65.51296967396996,68.76764678955078,191600,0.0,0.0
2015-08-07 00:00:00-04:00,67.88908336076466,69.43655816062092,67.75929814938284,69.18696594238281,160400,0.0,0.0
2015-08-10 00:00:00-04:00,69.57633024721926,70.58467733996872,69.38663772106138,70.0655288696289,139100,0.0,0.0
2015-08-11 00:00:00-04:00,69.21691873081822,70.35505868498643,67.33998029507039,67.54964447021484,140200,0.0,0.0
2015-08-12 00:00:00-04:00,67.19023159808425,68.59792781939989,66.1918626745879,66.83081817626953,131900,0.0,0.0
2015-08-13 00:00:00-04:00,66.68106338975615,67.60954682218416,66.53130652318055,67.14031219482422,123000,0.0,0.0
2015-08-14 00:00:00-04:00,66.94064169957419,67.61953289588384,66.75094916007643,67.35995483398438,137300,0.0,0.0
2015-08-17 00:00:00-04:00,67.05046081542969,67.50970960796614,66.40151948927694,67.05046081542969,55700,0.0,0.0
2015-08-18 00:00:00-04:00,66.86076617787367,67.25012943792296,66.3815457563783,66.45143127441406,88400,0.0,0.0
2015-08-19 00:00:00-04:00,66.22181202349493,66.35159724046723,65.17352161495997,65.8124771118164,91300,0.0,0.0
2015-08-20 00:00:00-04:00,65.49299672606605,65.67270342837975,64.45469218124798,64.4846420288086,79300,0.0,0.0
2015-08-21 00:00:00-04:00,63.53619517212178,64.2150863179595,63.25665310329744,64.05535125732422,158900,0.0,0.0
2015-08-24 00:00:00-04:00,63.08693186557149,64.05535476330044,59.94207199374319,62.278255462646484,163900,0.0,0.0
2015-08-25 00:00:00-04:00,63.9255624487691,63.9255624487691,60.21163255621104,60.291500091552734,152200,0.0,0.0
2015-08-26 00:00:00-04:00,61.53945949418912,62.38807535954699,60.011956268410195,61.469573974609375,127700,0.0,0.0
2015-08-27 00:00:00-04:00,61.65926322248055,61.88889142702468,60.4412557219617,61.61933135986328,106500,0.0,0.0
2015-08-28 00:00:00-04:00,61.21998264015149,62.21835157271558,59.363015816226266,61.94879150390625,85300,0.0,0.0
2015-08-31 00:00:00-04:00,61.629312841981985,62.29822199734986,61.2199817380017,61.75910186767578,82300,0.0,0.0
2015-09-01 00:00:00-04:00,60.610977473858135,61.07022627253088,59.902136440018644,59.962039947509766,163800,0.0,0.0
2015-09-02 00:00:00-04:00,60.361384573344154,60.361384573344154,59.22324460288525,59.99198913574219,142300,0.0,0.0
2015-09-03 00:00:00-04:00,60.051893746566456,60.4612248629141,59.06350681230126,59.133392333984375,122700,0.0,0.0
2015-09-04 00:00:00-04:00,58.37463273369765,59.2332306254701,57.49606700624732,58.364646911621094,96500,0.0,0.0
2015-09-08 00:00:00-04:00,59.39296734946924,59.65254158692178,58.84386140942043,59.502784729003906,89900,0.0,0.0
2015-09-09 00:00:00-04:00,59.86219997069468,60.610976666217475,59.363015507012825,60.171695709228516,145600,0.0,0.0
2015-09-10 00:00:00-04:00,60.12177894630631,60.75074863808628,59.71244783215057,60.07185745239258,101100,0.0,0.0
2015-09-11 00:00:00-04:00,59.53273967928698,60.58102628206553,58.6641559780496,60.311466217041016,139900,0.0,0.0
2015-09-14 00:00:00-04:00,60.3314354811843,60.3314354811843,58.18494073208695,58.224876403808594,72800,0.0,0.0
2015-09-15 00:00:00-04:00,58.27479209376136,59.34304652064655,58.27479209376136,59.18330764770508,148900,0.0,0.0
2015-09-16 00:00:00-04:00,59.3730000358001,60.55107564910707,59.3730000358001,59.94207000732422,72800,0.0,0.0
2015-09-17 00:00:00-04:00,59.802301083133074,60.930455244244726,59.52275518991867,59.67251205444336,90000,0.0,0.0
2015-09-18 00:00:00-04:00,58.704091063335774,59.253193201364674,57.42618007905395,57.73567581176758,113900,0.0,0.0
2015-09-21 00:00:00-04:00,58.115053220819895,59.36301435582363,57.75563980458279,59.18330764770508,115300,0.0,0.0
2015-09-22 00:00:00-04:00,58.55433786210236,59.163339695662096,58.05515340908691,58.49443435668945,100400,0.0,0.0
2015-09-23 00:00:00-04:00,58.72405875559651,59.2132611953435,57.765625519717865,57.91537857055664,106100,0.0,0.0
2015-09-24 00:00:00-04:00,57.53600190524052,58.56432067375791,57.36627720849458,58.2847785949707,97200,0.0,0.0
2015-09-25 00:00:00-04:00,58.783964240785465,58.81391409026686,58.22487626345599,58.40458297729492,134100,0.0,0.0
2015-09-28 00:00:00-04:00,59.223244651707034,59.86220015786156,58.08510468030989,58.83388137817383,165300,0.0,0.0
2015-09-29 00:00:00-04:00,58.99361945573942,59.60262510444346,58.883798265517356,59.04353713989258,142800,0.0,0.0
2015-09-30 00:00:00-04:00,59.38298375519433,60.07185694881079,58.474468177319615,59.63257598876953,149200,0.0,0.0
2015-10-01 00:00:00-04:00,59.72243032622527,59.98200838615357,57.76562809688638,58.66415786743164,148200,0.0,0.0
2015-10-02 00:00:00-04:00,57.755639673596015,59.422917726586775,57.236491194069984,59.363014221191406,142400,0.0,0.0
2015-10-05 00:00:00-04:00,59.77234425993073,61.389704600639966,59.12340676779684,61.09019088745117,122100,0.0,0.0
2015-10-06 00:00:00-04:00,61.020305765004395,61.66924706981451,60.33143259885565,61.419654846191406,72100,0.0,0.0
2015-10-07 00:00:00-04:00,61.669250031025314,62.897243373199316,60.84060198073884,62.78742218017578,108100,0.0,0.0
2015-10-08 00:00:00-04:00,62.51785845416007,65.59283263669207,62.238316385332176,65.50298309326172,113700,0.0,0.0
2015-10-09 00:00:00-04:00,65.82246614075962,66.05209435407593,64.91394672683721,65.26338195800781,85600,0.0,0.0
2015-10-12 00:00:00-04:00,65.24340927442506,66.04210748016861,64.49463256289697,64.9638671875,65900,0.0,0.0
2015-10-13 00:00:00-04:00,64.63440208514221,65.33326490295723,63.55616562632597,63.646018981933594,72500,0.0,0.0
2015-10-14 00:00:00-04:00,63.725890509199324,64.1252396038326,62.28823681529972,62.308204650878906,54200,0.0,0.0
2015-10-15 00:00:00-04:00,62.487909108226155,64.03538012927,61.78905012206843,63.91557312011719,85500,0.0,0.0
2015-10-16 00:00:00-04:00,63.795776660224654,63.955511729486965,62.21835191015029,63.14683532714844,155800,0.0,0.0
2015-10-19 00:00:00-04:00,62.79740642154123,63.126866183843035,62.25828629216535,62.91720962524414,51800,0.0,0.0
2015-10-20 00:00:00-04:00,63.02703159954926,64.61443835014188,62.637668326314795,62.99707794189453,63400,0.0,0.0
2015-10-21 00:00:00-04:00,63.366474811161254,63.94553059674656,62.78741902557596,63.0469970703125,63100,0.0,0.0
2015-10-22 00:00:00-04:00,63.296591563657174,65.9023350753018,63.296591563657174,65.60282135009766,106200,0.0,0.0
2015-10-23 00:00:00-04:00,66.22180860974676,67.12034211117852,65.81247371916953,66.72099304199219,82500,0.0,0.0
2015-10-26 00:00:00-04:00,66.57124224901747,66.9905553822064,65.78252986023791,66.271728515625,78600,0.0,0.0
2015-10-27 00:00:00-04:00,66.15192996534665,66.27172936668157,64.9938183061041,65.48301696777344,124700,0.0,0.0
2015-10-28 00:00:00-04:00,65.46304995494897,68.31838568314798,65.46304995494897,68.27845001220703,110200,0.0,0.0
2015-10-29 00:00:00-04:00,67.869120107138,68.98728838272186,67.869120107138,68.68778228759766,95700,0.0,0.0
2015-10-30 00:00:00-04:00,68.83753417147943,70.37502322642892,67.73932987992991,68.27845001220703,122800,0.0,0.0
2015-11-02 00:00:00-05:00,68.55799541441954,70.12543439430108,68.07878257380459,69.6861572265625,114900,0.0,0.0
2015-11-03 00:00:00-05:00,69.31675483748579,70.89417956864817,68.98729126383469,69.3666763305664,230500,0.0,0.0
2015-11-04 00:00:00-05:00,69.27682022180258,69.35669156516819,68.14866606032776,69.08712768554688,113600,0.0,0.0
2015-11-05 00:00:00-05:00,69.16699508703198,70.96406212558944,68.92738868754103,70.13541412353516,116100,0.0,0.0
2015-11-06 00:00:00-05:00,69.0372106381039,72.06226717235765,68.75766856611283,71.66291809082031,227800,0.0,0.0
2015-11-09 00:00:00-05:00,71.47323010381194,72.08223577803136,70.07551965506312,70.47486114501953,107700,0.0,0.0
2015-11-10 00:00:00-05:00,70.44490604283067,71.20366852768828,69.39662328442552,70.42494201660156,160100,0.0,0.0
2015-11-11 00:00:00-05:00,70.53476797202178,70.59466767170895,69.26683513767222,70.03558349609375,70500,0.0,0.0
2015-11-12 00:00:00-05:00,69.40660733522382,69.9057918194491,68.40823836677328,68.59793090820312,111700,0.0,0.0
2015-11-13 00:00:00-05:00,68.02885542294105,68.79760373223806,67.22017906103781,67.45978546142578,101400,0.0,0.0
2015-11-16 00:00:00-05:00,67.37991905885644,68.15864562988281,66.94064189545351,68.15864562988281,87900,0.0,0.0
2015-11-17 00:00:00-05:00,68.36830693252163,68.92739108980248,67.09038831781486,67.47975158691406,76500,0.0,0.0
2015-11-18 00:00:00-05:00,67.67942705910718,68.61789624054019,66.73097205616213,68.53802490234375,77100,0.0,0.0
2015-11-19 00:00:00-05:00,68.6678143571711,69.017241962184,66.79088349527997,67.99890899658203,96600,0.0,0.0
2015-11-20 00:00:00-05:00,68.43819215754327,69.4665109210936,66.66108909092922,68.70774841308594,64200,0.0,0.0
2015-11-23 00:00:00-05:00,68.44817377119922,69.24687198960872,68.26846705290463,68.66781616210938,62400,0.0,0.0
2015-11-24 00:00:00-05:00,68.24849909208956,69.63623126346788,67.93900716834267,69.42657470703125,70000,0.0,0.0
2015-11-25 00:00:00-05:00,69.4565255906944,70.36504496574375,69.19694753825881,69.72608184814453,44900,0.0,0.0
2015-11-27 00:00:00-05:00,69.74605007312026,70.24523450959151,69.23687981517357,69.7660140991211,25500,0.0,0.0
2015-11-30 00:00:00-05:00,69.85587284243229,70.80432024645305,69.58630897513363,70.50481414794922,110000,0.0,0.0
2015-12-01 00:00:00-05:00,70.59466819382168,71.30350924084796,69.17698609976914,70.18534088134766,69000,0.0,0.0
2015-12-02 00:00:00-05:00,69.88582349021866,71.08386313184229,69.02722562083994,69.42657470703125,75800,0.0,0.0
2015-12-03 00:00:00-05:00,69.79597235382563,70.10546427051808,69.04719569064058,69.55635833740234,90400,0.0,0.0
2015-12-04 00:00:00-05:00,69.08712942918739,70.7244539247531,69.08712942918739,70.33509063720703,79100,0.0,0.0
2015-12-07 00:00:00-05:00,70.25522245144252,70.96406345859127,69.76601620473193,70.36504364013672,131200,0.0,0.0
2015-12-08 00:00:00-05:00,69.95570688107725,70.76438323372689,69.18696619752697,69.40660095214844,165800,0.0,0.0
2015-12-09 00:00:00-05:00,69.21691547723003,70.09547733935798,67.05045686077644,67.23015594482422,173100,0.0,0.0
2015-12-10 00:00:00-05:00,67.070420621174,67.67942623786942,66.4913648517013,66.72099304199219,79800,0.0,0.0
2015-12-11 00:00:00-05:00,65.86239676591154,66.0620674967492,65.0736844302876,65.43309783935547,87900,0.0,0.0
2015-12-14 00:00:00-05:00,65.59283733921241,66.61117793946447,64.85404644477998,65.9822006225586,110400,0.0,0.0
2015-12-15 00:00:00-05:00,66.26174824818963,66.71101121734648,64.77417306677168,65.0936508178711,152000,0.0,0.0
2015-12-16 00:00:00-05:00,65.27335411990992,66.10200211187316,64.77416968382848,66.00216674804688,106100,0.0,0.0
2015-12-17 00:00:00-05:00,66.06207016352491,67.07042491394535,64.7941449759273,65.02376556396484,108100,0.0,0.0
2015-12-18 00:00:00-05:00,64.62442414004919,65.02376561817795,63.725890580358595,63.86566162109375,195300,0.0,0.0
2015-12-21 00:00:00-05:00,64.16516613715224,66.52131736099591,63.16680104118346,63.995445251464844,92800,0.0,0.0
2015-12-22 00:00:00-05:00,64.215087890625,64.75420801525392,63.19675114692874,64.215087890625,88700,0.0,0.0
2015-12-23 00:00:00-05:00,64.50461395391504,66.07205279102558,62.56777588905805,65.86239624023438,95000,0.0,0.0
2015-12-24 00:00:00-05:00,65.90233321405586,66.75094525556679,65.90233321405586,66.38154602050781,33000,0.0,0.0
2015-12-28 00:00:00-05:00,66.16190597690573,67.30005357050192,65.40315107044226,66.91068267822266,103100,0.0,0.0
2015-12-29 00:00:00-05:00,67.21019852503386,67.71936883073244,65.57287402920977,66.93065643310547,112600,0.0,0.0
2015-12-30 00:00:00-05:00,66.80086622816484,67.51968543225611,65.83244718409236,65.94226837158203,108200,0.0,0.0
2015-12-31 00:00:00-05:00,65.992181163943,65.992181163943,64.36484263856616,64.4846420288086,100000,0.0,0.0
2016-01-04 00:00:00-05:00,63.40641003760777,63.40641003760777,61.89887460599728,62.028663635253906,139000,0.0,0.0
2016-01-05 00:00:00-05:00,62.17841522990564,62.80738871700171,61.868923301577176,62.26826858520508,124100,0.0,0.0
2016-01-06 00:00:00-05:00,61.29985229450475,62.37808873157006,61.190031105591366,61.679229736328125,105800,0.0,0.0
2016-01-07 00:00:00-05:00,60.67087923410028,60.91048564021383,60.121777094241985,60.561058044433594,112700,0.0,0.0
2016-01-08 00:00:00-05:00,60.71081439216594,60.84059960751732,59.28314655549987,59.542720794677734,192200,0.0,0.0
2016-01-11 00:00:00-05:00,59.892153618468825,60.48119143785595,59.40295116841163,60.46122360229492,124300,0.0,0.0
2016-01-12 00:00:00-05:00,60.86056819709679,61.42963817446183,60.24158053563353,61.3597526550293,125500,0.0,0.0
2016-01-13 00:00:00-05:00,61.45959052470128,61.72915058326938,59.273160208029424,59.682491302490234,237900,0.0,0.0
2016-01-14 00:00:00-05:00,60.00196865061856,60.161707520373426,59.05352125371628,59.353031158447266,116400,0.0,0.0
2016-01-15 00:00:00-05:00,57.9653001930565,58.594269863249664,57.08673448728689,58.02519989013672,154500,0.0,0.0
2016-01-19 00:00:00-05:00,58.694109612228644,58.694109612228644,56.09834813994664,56.72732162475586,133200,0.0,0.0
2016-01-20 00:00:00-05:00,56.0284642940844,57.585921223979305,54.291304457350954,56.996883392333984,107500,0.0,0.0
2016-01-21 00:00:00-05:00,57.01684820582906,57.51603265335553,55.85874043990667,56.208168029785156,152100,0.0,0.0
2016-01-22 00:00:00-05:00,56.797206085511355,59.25319266434732,55.15988169962071,57.00686264038086,118200,0.0,0.0
2016-01-25 00:00:00-05:00,56.64745224751959,57.915377380837256,54.890320876029264,55.1898307800293,110900,0.0,0.0
2016-01-26 00:00:00-05:00,55.49932920254092,57.326342371654746,55.18983346189886,56.91701126098633,117100,0.0,0.0
2016-01-27 00:00:00-05:00,56.60751883338316,57.18657082972348,55.2297686499214,56.188201904296875,107600,0.0,0.0
2016-01-28 00:00:00-05:00,56.60751964094284,57.06676843915665,55.66905040022956,55.978546142578125,90000,0.0,0.0
2016-01-29 00:00:00-05:00,56.06839909452031,59.31309812500986,56.06839909452031,59.23323059082031,158800,0.0,0.0
2016-02-01 00:00:00-05:00,58.584287869817715,59.47283558924449,56.90702779844859,57.156620025634766,129200,0.0,0.0
2016-02-02 00:00:00-05:00,56.607520199237,57.00686549395811,55.01012759492665,55.54924774169922,142000,0.0,0.0
2016-02-03 00:00:00-05:00,56.9968833239772,62.86729379741339,56.41782750677699,58.154991149902344,164200,0.0,0.0
2016-02-04 00:00:00-05:00,57.69574022486704,60.84060000638731,57.54598336497196,59.87218475341797,162000,0.0,0.0
2016-02-05 00:00:00-05:00,59.472837013346904,61.309836001763905,58.634206957580986,58.943702697753906,163900,0.0,0.0
2016-02-08 00:00:00-05:00,57.94533206960149,60.461222163283395,56.737306610475,59.83224868774414,167700,0.0,0.0
2016-02-09 00:00:00-05:00,58.81391208834603,60.9204710889403,58.644191202428075,59.073486328125,150200,0.0,0.0
2016-02-10 00:00:00-05:00,59.42291973921807,60.01195756589341,58.60425751346254,58.69411087036133,101600,0.0,0.0
2016-02-11 00:00:00-05:00,57.6558064730272,60.13176099528475,57.6558064730272,59.49280548095703,85600,0.0,0.0
2016-02-12 00:00:00-05:00,60.04190550508033,60.68086099670933,59.11342211615845,60.0518913269043,112900,0.0,0.0
2016-02-16 00:00:00-05:00,60.82063331871522,61.55942800180839,59.8522180474741,61.15009689331055,138600,0.0,0.0
2016-02-17 00:00:00-05:00,61.50950950275319,62.607713786581705,61.50950950275319,61.93880844116211,121600,0.0,0.0
2016-02-18 00:00:00-05:00,61.848956540773216,63.017046371486714,61.02030849322753,61.69919967651367,103000,0.0,0.0
2016-02-19 00:00:00-05:00,61.43962528882961,62.28823736177647,61.20001506825242,61.87890625,89600,0.0,0.0
2016-02-22 00:00:00-05:00,62.37808846189507,62.89724074730252,60.90050294580085,62.03864288330078,101400,0.0,0.0
2016-02-23 00:00:00-05:00,61.599363395816226,62.1185156935098,61.299853480197875,61.5095100402832,123500,0.0,0.0
2016-02-24 00:00:00-05:00,61.150094521554756,62.72751919605636,60.8405987945579,62.35811996459961,102800,0.0,0.0
2016-02-25 00:00:00-05:00,62.807388692277655,63.795775600182395,62.068594014720304,63.1368522644043,115700,0.0,0.0
2016-02-26 00:00:00-05:00,63.36647688328058,64.44471715026052,63.16680233660187,64.2250747680664,122800,0.0,0.0
2016-02-29 00:00:00-05:00,64.22507332848909,64.83407896839472,63.40640732460888,63.596099853515625,127200,0.0,0.0
2016-03-01 00:00:00-05:00,63.97548252771968,65.2933292037461,63.396426723281444,64.51460266113281,90000,0.0,0.0
2016-03-02 00:00:00-05:00,64.25502747963041,64.68432644114839,63.87564620488714,64.61444091796875,110500,0.0,0.0
2016-03-03 00:00:00-05:00,64.66435212027838,65.61280717212458,64.1951251223192,65.60282135009766,141200,0.0,0.0
2016-03-04 00:00:00-05:00,65.60282183489164,67.69939507596273,64.96386632555476,66.62116241455078,148200,0.0,0.0
2016-03-07 00:00:00-05:00,66.47140652541547,68.32837338194884,66.47140652541547,67.78925323486328,163000,0.0,0.0
2016-03-08 00:00:00-05:00,67.32999945643216,68.22852535155995,67.04047156826542,67.37991333007812,128900,0.0,0.0
2016-03-09 00:00:00-05:00,67.49972403077163,67.7493162635087,66.62116211363929,67.27009582519531,143200,0.0,0.0
2016-03-10 00:00:00-05:00,67.41984846725241,67.93900454433482,66.64112196857876,67.23015594482422,103200,0.0,0.0
2016-03-11 00:00:00-05:00,67.72934119636031,68.90741678001746,66.72099411126865,68.7576675415039,108200,0.0,0.0
2016-03-14 00:00:00-04:00,68.54801700824021,70.30514090795212,68.50808133548075,68.88745880126953,158500,0.0,0.0
2016-03-15 00:00:00-04:00,68.41821711049272,69.84588489234514,67.93900432070937,68.7476806640625,145100,0.0,0.0
2016-03-16 00:00:00-04:00,68.63785949927764,70.29515547205072,67.86911882434372,69.9057846069336,140000,0.0,0.0
2016-03-17 00:00:00-04:00,69.87583889136442,72.1521188204588,69.85587486433307,71.972412109375,129400,0.0,0.0
2016-03-18 00:00:00-04:00,72.45163492040335,74.71792910182276,71.95245044179592,72.21202850341797,236700,0.0,0.0
2016-03-21 00:00:00-04:00,72.43166614083647,73.709577103522,72.00236721272022,72.89091491699219,107600,0.0,0.0
2016-03-22 00:00:00-04:00,72.73117197517585,74.37848216394178,72.28190902230794,72.96080017089844,98800,0.0,0.0
2016-03-23 00:00:00-04:00,72.88092909356314,73.23035668226554,71.55309663954388,71.73280334472656,112000,0.0,0.0
2016-03-24 00:00:00-04:00,71.49320216803952,72.41169978745059,70.75441126694372,72.07225799560547,128900,0.0,0.0
2016-03-28 00:00:00-04:00,72.4416448743199,72.63133740255478,71.35342643054145,72.17208862304688,78200,0.0,0.0
2016-03-29 00:00:00-04:00,71.85261264313769,74.3385491299111,71.76275547920832,74.28863525390625,87000,0.0,0.0
2016-03-30 00:00:00-04:00,74.51825772508168,74.7678499622683,73.4599890768346,73.50990295410156,96400,0.0,0.0
2016-03-31 00:00:00-04:00,73.45000249255827,74.08895800377083,72.50155504786949,73.14051055908203,110700,0.0,0.0
2016-04-01 00:00:00-04:00,72.7112069077426,73.5698047485763,72.0722514378594,73.52986907958984,66000,0.0,0.0
2016-04-04 00:00:00-04:00,73.4400156378539,73.77946503294754,72.2619400024414,72.2619400024414,101500,0.0,0.0
2016-04-05 00:00:00-04:00,71.66291756516183,73.1205352276736,68.2984192872981,72.09221649169922,95800,0.0,0.0
2016-04-06 00:00:00-04:00,72.28190981298151,73.00073663899335,68.57796211162349,71.88256072998047,92400,0.0,0.0
2016-04-07 00:00:00-04:00,71.51316470313157,72.4416481255545,70.64458859686373,70.75440979003906,186800,0.0,0.0
2016-04-08 00:00:00-04:00,71.29352984900191,72.75114759120065,71.14377298421803,72.20204162597656,100700,0.0,0.0
2016-04-11 00:00:00-04:00,72.44164487264153,73.44999959335847,72.34180950613347,72.46161651611328,93500,0.0,0.0
2016-04-12 00:00:00-04:00,72.45163359356847,73.16047462617566,72.09222016619715,72.27192687988281,130000,0.0,0.0
2016-04-13 00:00:00-04:00,72.61137797663142,74.40843753852909,72.49157095905797,74.38847351074219,117400,0.0,0.0
2016-04-14 00:00:00-04:00,74.72790921433185,74.72790921433185,73.57978347787062,74.25867462158203,78600,0.0,0.0
2016-04-15 00:00:00-04:00,73.84934996215954,74.76784753714635,72.76112388250856,74.42840576171875,58800,0.0,0.0
2016-04-18 00:00:00-04:00,74.02905927480174,75.3568918083234,73.98912360270891,74.59812927246094,92800,0.0,0.0
2016-04-19 00:00:00-04:00,74.92758703078408,75.84608456667722,74.2287242489045,74.39844512939453,89900,0.0,0.0
2016-04-20 00:00:00-04:00,74.56817913919677,75.70631913018912,73.629709890959,74.9575424194336,86100,0.0,0.0
2016-04-21 00:00:00-04:00,74.8077863577948,75.80615531619753,74.10893113369315,74.74788665771484,98200,0.0,0.0
2016-04-22 00:00:00-04:00,74.67800182182694,76.59486841151396,74.34853823445708,75.9858627319336,154800,0.0,0.0
2016-04-25 00:00:00-04:00,75.62644487591534,75.77620173569335,74.35851971262215,74.56817626953125,68300,0.0,0.0
2016-04-26 00:00:00-04:00,75.0473861694336,75.75622715347365,74.55818755562144,75.0473861694336,98000,0.0,0.0
2016-04-27 00:00:00-04:00,75.23707975077615,76.8344684427029,71.15374705205858,75.057373046875,91000,0.0,0.0
2016-04-28 00:00:00-04:00,74.91760788267534,75.43675639187393,73.56981130628316,73.80941772460938,88500,0.0,0.0
2016-04-29 00:00:00-04:00,73.79942664807861,74.01906902296963,72.04230288285065,73.1804428100586,126200,0.0,0.0
2016-05-02 00:00:00-04:00,73.67962619741918,74.63805940566992,72.79107850590705,73.4599838256836,107100,0.0,0.0
2016-05-03 00:00:00-04:00,72.96080361574289,73.13052450666635,72.06227005063266,72.34181213378906,118200,0.0,0.0
2016-05-04 00:00:00-04:00,72.05227951024094,73.65965400008298,70.69449723786568,71.86259460449219,157500,0.0,0.0
2016-05-05 00:00:00-04:00,72.01234781122898,72.08223333129425,70.76438665509889,71.39336395263672,96100,0.0,0.0
2016-05-06 00:00:00-04:00,71.32347760736444,72.61137441962389,70.07551646567315,72.47159576416016,74400,0.0,0.0
2016-05-09 00:00:00-04:00,72.38174279351293,72.38174279351293,70.82428979979375,71.64295196533203,76200,0.0,0.0
2016-05-10 00:00:00-04:00,72.03231912680288,73.25033042834464,71.88256226535997,73.20040893554688,98000,0.0,0.0
2016-05-11 00:00:00-04:00,72.88093360603852,73.3501682328991,71.94246435231739,72.28191375732422,92500,0.0,0.0
2016-05-12 00:00:00-04:00,72.4116992295437,72.99075505264823,71.76275788413004,72.50155639648438,87800,0.0,0.0
2016-05-13 00:00:00-04:00,72.10220337189199,72.84099422714583,71.45326206174528,71.81267547607422,55500,0.0,0.0
2016-05-16 00:00:00-04:00,72.29189432260043,73.63969078843465,71.68288869589125,73.10057067871094,99300,0.0,0.0
2016-05-17 00:00:00-04:00,73.2403406277299,73.52986851293795,70.99401067896571,71.64295196533203,108600,0.0,0.0
2016-05-18 00:00:00-04:00,71.36341588366764,73.25033258944696,71.0938520017274,72.35179901123047,142200,0.0,0.0
2016-05-19 00:00:00-04:00,71.89254971995271,72.92086851255604,70.36504645583706,71.62298583984375,79400,0.0,0.0
2016-05-20 00:00:00-04:00,71.96243653186639,72.45163518997565,71.52315175163318,72.14214324951172,66300,0.0,0.0
2016-05-23 00:00:00-04:00,72.24197202725904,72.71120661477168,71.43329568015427,72.15211486816406,64200,0.0,0.0
2016-05-24 00:00:00-04:00,72.67127201224325,74.49828889883199,72.49156530836649,73.89926147460938,120600,0.0,0.0
2016-05-25 00:00:00-04:00,74.3684997677135,74.64804185054697,73.5398593413001,74.07897186279297,179300,0.0,0.0
2016-05-26 00:00:00-04:00,72.81104485197604,79.6199205079805,72.81104485197604,74.85770416259766,277700,0.0,0.0
2016-05-27 00:00:00-04:00,75.15721157968922,76.96425689950613,74.27864966633716,74.79779815673828,84800,0.0,0.0
2016-05-31 00:00:00-04:00,74.91760306770307,75.36686602530932,74.64803919957915,74.77783203125,132900,0.0,0.0
2016-06-01 00:00:00-04:00,74.46833714762498,75.91597671129928,73.67963237132224,75.54657745361328,115700,0.0,0.0
2016-06-02 00:00:00-04:00,75.44673760949827,76.10566474086737,75.14722389215774,75.86605072021484,108400,0.0,0.0
2016-06-03 00:00:00-04:00,75.95591267507992,76.04576222578152,74.71792967444145,75.18716430664062,162100,0.0,0.0
2016-06-06 00:00:00-04:00,75.0374092856375,76.46506948334657,74.48830335040314,75.27701568603516,171000,0.0,0.0
2016-06-07 00:00:00-04:00,75.51662182225643,75.8460853822445,74.99747335371926,75.3469009399414,112000,0.0,0.0
2016-06-08 00:00:00-04:00,75.20713382744908,76.14559544839291,75.20713382744908,75.74625396728516,166500,0.0,0.0
2016-06-09 00:00:00-04:00,75.33691827178122,75.68634587262962,74.97750484892275,75.3768539428711,86300,0.0,0.0
2016-06-10 00:00:00-04:00,74.70794651779089,74.91760307248387,73.55982076089582,73.90924835205078,85000,0.0,0.0
2016-06-13 00:00:00-04:00,73.50990326936487,74.24870177881019,72.66129118268101,72.86096954345703,103700,0.0,0.0
2016-06-14 00:00:00-04:00,71.85261447580002,73.3102322272564,71.85261447580002,73.22037506103516,86100,0.0,0.0
2016-06-15 00:00:00-04:00,73.35016527687173,73.87929958219432,72.64132426248202,72.76112365722656,72500,0.0,0.0
2016-06-16 00:00:00-04:00,72.27192501671416,73.22037243746777,71.46324863445162,73.05065155029297,86000,0.0,0.0
2016-06-17 00:00:00-04:00,73.17045884184536,73.32021570278724,72.3418108126573,72.4017105102539,182300,0.0,0.0
2016-06-20 00:00:00-04:00,72.88092960667646,74.38846877649213,72.88092960667646,73.61972045898438,69800,0.0,0.0
2016-06-21 00:00:00-04:00,73.49992054941218,73.78944844204061,72.06226690793316,72.31185913085938,57700,0.0,0.0
2016-06-22 00:00:00-04:00,72.3218457491986,72.88092989728796,71.69286846564782,71.81267547607422,134900,0.0,0.0
2016-06-23 00:00:00-04:00,72.57143794371477,74.15884084219418,72.23198855612752,73.83936309814453,107600,0.0,0.0
2016-06-24 00:00:00-04:00,70.61463844140498,72.5115333328707,70.3550603843921,71.4033432006836,235700,0.0,0.0
2016-06-27 00:00:00-04:00,70.75441149156094,70.75441149156094,68.99727997545017,69.17698669433594,167600,0.0,0.0
2016-06-28 00:00:00-04:00,69.8858229597829,71.60301868550674,69.04719674040162,69.27681732177734,94500,0.0,0.0
2016-06-29 00:00:00-04:00,69.97567563019864,70.66455263899635,69.14703519554479,70.46488189697266,183300,0.0,0.0
2016-06-30 00:00:00-04:00,70.66454867858054,72.64132242840876,69.91577201253125,72.38174438476562,205200,0.0,0.0
2016-07-01 00:00:00-04:00,72.20203873057251,73.24034330329931,72.00236799683478,72.68125915527344,112300,0.0,0.0
2016-07-05 00:00:00-04:00,72.50155165637393,72.50155165637393,71.38337575558302,71.44327545166016,93500,0.0,0.0
2016-07-06 00:00:00-04:00,70.93411542592092,71.9224985325182,70.45489498872047,71.32347869873047,87800,0.0,0.0
2016-07-07 00:00:00-04:00,71.45326048921625,71.59303152316254,70.65456233785169,71.07388305664062,52900,0.0,0.0
2016-07-08 00:00:00-04:00,71.84262479420053,73.14050740491481,71.32347632008494,72.82102966308594,71100,0.0,0.0
2016-07-11 00:00:00-04:00,72.70122238055859,75.06735939571765,72.5814153714663,74.6280746459961,82300,0.0,0.0
2016-07-12 00:00:00-04:00,75.44673604853368,76.49502642058661,74.66800953990013,75.99584197998047,83600,0.0,0.0
2016-07-13 00:00:00-04:00,76.58488204755179,76.85444593238492,75.11727845687342,76.1256332397461,70600,0.0,0.0
2016-07-14 00:00:00-04:00,76.7645863910835,78.53170366204822,75.82611715979262,75.88602447509766,73700,0.0,0.0
2016-07-15 00:00:00-04:00,76.52497731740193,76.96425445163139,75.23708052894814,76.87440490722656,74900,0.0,0.0
2016-07-18 00:00:00-04:00,76.6148300295491,77.08406464826481,76.10566735630272,76.32530212402344,67500,0.0,0.0
2016-07-19 00:00:00-04:00,75.9858569378389,76.65476226704433,75.6364293492204,76.0757064819336,53700,0.0,0.0
2016-07-20 00:00:00-04:00,76.26540478118059,76.94429598343115,75.53659970074956,76.5649185180664,72700,0.0,0.0
2016-07-21 00:00:00-04:00,76.24543846118604,76.59486606574774,74.31858610808806,75.16719818115234,79200,0.0,0.0
2016-07-22 00:00:00-04:00,75.20713597229506,75.73627030510877,73.65966102954303,74.89763641357422,127800,0.0,0.0
2016-07-25 00:00:00-04:00,74.85770628648905,75.15721239757386,74.0889579391086,74.29861450195312,109600,0.0,0.0
2016-07-26 00:00:00-04:00,74.20876431592504,78.37196092152253,73.49992329041412,77.04412841796875,263500,0.0,0.0
2016-07-27 00:00:00-04:00,77.13398558238728,78.19225420963592,75.63643218898238,77.04412841796875,96900,0.0,0.0
2016-07-28 00:00:00-04:00,76.21547935340033,77.04412738133631,75.95590891957367,76.74462127685547,78700,0.0,0.0
2016-07-29 00:00:00-04:00,76.39518925688955,76.4850464238559,75.65639836127482,75.90599060058594,108800,0.0,0.0
2016-08-01 00:00:00-04:00,76.00582097617782,76.05574246753838,75.1172732720008,75.78618621826172,168900,0.0,0.0
2016-08-02 00:00:00-04:00,75.85607278369213,76.43512095994149,75.44673787634231,75.50663757324219,145300,0.0,0.0
2016-08-03 00:00:00-04:00,75.70631619481563,75.70631619481563,74.6979614640158,75.14722442626953,153000,0.0,0.0
2016-08-04 00:00:00-04:00,75.696334137653,83.26397267203703,75.696334137653,78.1523208618164,192900,0.0,0.0
2016-08-05 00:00:00-04:00,79.02090114664287,87.67675781173463,77.72301851034626,77.90272521972656,118300,0.0,0.0
2016-08-08 00:00:00-04:00,77.85281505223547,81.53679134457187,77.31369489841657,77.50337982177734,83600,0.0,0.0
2016-08-09 00:00:00-04:00,76.60485023161338,77.8128757052372,74.9974756684316,77.03414916992188,156500,0.0,0.0
2016-08-10 00:00:00-04:00,77.15395066628116,77.47342842323873,75.99584665366646,77.05411529541016,70900,0.0,0.0
2016-08-11 00:00:00-04:00,77.1040320524201,77.74298752708087,76.4950264254856,77.44347381591797,82900,0.0,0.0
2016-08-12 00:00:00-04:00,77.43349011423234,77.61319682245984,76.4550928492884,76.88439178466797,59700,0.0,0.0
2016-08-15 00:00:00-04:00,76.98422505139736,78.07244347594897,76.98422505139736,78.02252960205078,127200,0.0,0.0
2016-08-16 00:00:00-04:00,77.81287887166515,78.48178424414795,77.22383722678354,77.35363006591797,73200,0.0,0.0
2016-08-17 00:00:00-04:00,77.49339715792193,77.57326088144976,76.90435554308391,77.24380493164062,98900,0.0,0.0
2016-08-18 00:00:00-04:00,77.0640966451877,77.58324511375864,76.77456875459907,77.37358856201172,104800,0.0,0.0
2016-08-19 00:00:00-04:00,77.0840614606335,77.87277380163277,76.76458371894584,77.16393280029297,160800,0.0,0.0
2016-08-22 00:00:00-04:00,77.16393280029297,77.52334621181036,76.67473417454158,77.16393280029297,88500,0.0,0.0
2016-08-23 00:00:00-04:00,77.23382063003403,79.01091609742339,76.95427854980879,78.85118103027344,133200,0.0,0.0
2016-08-24 00:00:00-04:00,78.6714730058575,78.97097910812036,78.16230272997525,78.62155151367188,64900,0.0,0.0
2016-08-25 00:00:00-04:00,78.49176629342305,79.00092895232714,78.0125458660983,78.91107940673828,78000,0.0,0.0
2016-08-26 00:00:00-04:00,78.91107861812544,79.14069919919129,77.87277405009021,78.25215148925781,48600,0.0,0.0
2016-08-29 00:00:00-04:00,78.16230534735962,79.26050965966574,78.16230534735962,78.50174713134766,85800,0.0,0.0
2016-08-30 00:00:00-04:00,78.32203959732863,79.95936403496225,78.0924190086699,79.29045867919922,185500,0.0,0.0
2016-08-31 00:00:00-04:00,78.96099090576172,79.8096105456312,78.61156332184785,78.96099090576172,104200,0.0,0.0
2016-09-01 00:00:00-04:00,79.36034474731048,79.8695150384266,78.20224074006757,78.86116027832031,75100,0.0,0.0
2016-09-02 00:00:00-04:00,79.3403767532958,79.69979016235548,78.82122066600955,79.61991882324219,54900,0.0,0.0
2016-09-06 00:00:00-04:00,79.36034664040828,79.54005335820958,78.26214230582296,78.37196350097656,60900,0.0,0.0
2016-09-07 00:00:00-04:00,78.53170404004814,79.29045894602652,77.38357824203945,79.22057342529297,98700,0.0,0.0
2016-09-08 00:00:00-04:00,78.86115951191528,78.86115951191528,78.23218982920244,78.49176788330078,42700,0.0,0.0
2016-09-09 00:00:00-04:00,78.16230306121834,78.16230306121834,75.6563949584961,75.6563949584961,94400,0.0,0.0
2016-09-12 00:00:00-04:00,75.5665493058706,76.4650752797113,75.11727870199954,76.34527587890625,81800,0.0,0.0
2016-09-13 00:00:00-04:00,75.5166207498673,76.17554786048622,73.98911759682346,74.1788101196289,81000,0.0,0.0
2016-09-14 00:00:00-04:00,74.39844539552732,74.39844539552732,73.58976904222324,73.74951171875,43800,0.0,0.0
2016-09-15 00:00:00-04:00,73.91923625300645,74.71792682426214,73.02070269551216,74.50827026367188,35300,0.0,0.0
2016-09-16 00:00:00-04:00,74.5981263892264,75.48667411233501,73.06063734935468,74.2087631225586,142300,0.0,0.0
2016-09-19 00:00:00-04:00,74.4783209361684,75.3269330064864,74.38847138826495,74.65802764892578,62800,0.0,0.0
2016-09-20 00:00:00-04:00,74.87767216950341,74.99747918707688,74.18879514811977,74.38847351074219,76100,0.0,0.0
2016-09-21 00:00:00-04:00,74.77783567290527,75.60648372719635,74.38847239283126,75.5365982055664,61800,0.0,0.0
2016-09-22 00:00:00-04:00,76.15558329784571,77.20387375603639,75.48667792053772,76.92433166503906,61600,0.0,0.0
2016-09-23 00:00:00-04:00,76.96425765902866,77.83284137589013,75.86605335226335,76.03578186035156,56600,0.0,0.0
2016-09-26 00:00:00-04:00,75.84608828931633,76.5649151324964,75.29698233495643,75.44673919677734,113200,0.0,0.0
2016-09-27 00:00:00-04:00,75.45672527545513,76.12563062798705,75.19714722187915,75.6663818359375,144800,0.0,0.0
2016-09-28 00:00:00-04:00,76.01581149183073,76.86442357871128,75.49666298759402,76.554931640625,65300,0.0,0.0
2016-09-29 00:00:00-04:00,76.67473950643961,77.0940526433852,75.736270242556,75.76622009277344,76800,0.0,0.0
2016-09-30 00:00:00-04:00,76.24543394103718,77.04412447312127,74.9775012007167,76.35525512695312,157600,0.0,0.0
2016-10-03 00:00:00-04:00,76.1156418988797,76.67473365576296,75.52660791101447,75.85607147216797,94500,0.0,0.0
2016-10-04 00:00:00-04:00,76.08569387893665,76.71466355147265,75.75623030986765,76.52497863769531,64800,0.0,0.0
2016-10-05 00:00:00-04:00,76.92432666027227,77.83283839690499,76.49502772932819,77.38357543945312,56700,0.0,0.0
2016-10-06 00:00:00-04:00,77.02416071728071,77.92269423385933,76.18552689615728,77.73300170898438,42100,0.0,0.0
2016-10-07 00:00:00-04:00,77.64314400380034,78.03251487237611,75.45672134858268,76.13561248779297,99500,0.0,0.0
2016-10-10 00:00:00-04:00,76.4950277382632,76.9542765174977,75.576522562844,75.64640808105469,75900,0.0,0.0
2016-10-11 00:00:00-04:00,75.47669259248066,75.47669259248066,73.55982599855847,73.95917510986328,67400,0.0,0.0
2016-10-12 00:00:00-04:00,74.14885947559527,75.05737888738825,74.00908843023493,74.38847351074219,43400,0.0,0.0
2016-10-13 00:00:00-04:00,73.54983653428008,73.88928592801403,73.07062371800323,73.20040893554688,54100,0.0,0.0
2016-10-14 00:00:00-04:00,71.51316309058221,73.42005138640047,71.16373549151746,71.17372131347656,87800,0.0,0.0
2016-10-17 00:00:00-04:00,71.27355538112023,71.35342672143423,69.73606635635173,70.36504364013672,175000,0.0,0.0
2016-10-18 00:00:00-04:00,70.8342747897162,71.83264375147091,70.35506195356633,71.2735595703125,88700,0.0,0.0
2016-10-19 00:00:00-04:00,71.55309690297379,72.20203820835319,70.52477815945653,71.66291809082031,45000,0.0,0.0
2016-10-20 00:00:00-04:00,71.43329699289602,72.34180872028553,70.89417687926868,70.93411254882812,49800,0.0,0.0
2016-10-21 00:00:00-04:00,70.33509032853368,71.29353123500319,69.97567689284529,70.9840316772461,78000,0.0,0.0
2016-10-24 00:00:00-04:00,71.59303546898266,72.4516333630883,69.47649058307913,71.47322845458984,49100,0.0,0.0
2016-10-25 00:00:00-04:00,71.32347952769734,71.642957283894,70.4149601359487,70.5347671508789,36000,0.0,0.0
2016-10-26 00:00:00-04:00,70.3450725142824,73.96914891701125,69.99564491902485,70.22526550292969,50100,0.0,0.0
2016-10-27 00:00:00-04:00,70.54474768468468,71.1637315063793,69.17697959699663,69.32673645019531,71200,0.0,0.0
2016-10-28 00:00:00-04:00,69.4465376784348,70.73443446293255,68.05880552814382,69.99564361572266,74400,0.0,0.0
2016-10-31 00:00:00-04:00,69.99564438324064,71.35342670037706,68.98728965868709,71.2336196899414,93900,0.0,0.0
2016-11-01 00:00:00-04:00,71.38337440934954,71.38337440934954,69.00725923404943,69.47648620605469,90800,0.0,0.0
2016-11-02 00:00:00-04:00,69.23688273196076,73.42005092324096,67.87910039820277,68.12869262695312,118700,0.0,0.0
2016-11-03 00:00:00-04:00,74.62807915124156,74.62807915124156,69.5363990201657,70.03558349609375,173900,0.0,0.0
2016-11-04 00:00:00-04:00,70.11544983432557,72.88092828206366,69.3866372000469,70.2052993774414,120600,0.0,0.0
2016-11-07 00:00:00-05:00,71.37339523358203,73.10057689590548,70.29516253938115,70.91414642333984,87100,0.0,0.0
2016-11-08 00:00:00-05:00,70.65456363774973,72.1920526563956,69.91577278516283,71.01397705078125,85800,0.0,0.0
2016-11-09 00:00:00-05:00,70.52478141716719,74.0590083840593,70.52478141716719,73.64967346191406,162100,0.0,0.0
2016-11-10 00:00:00-05:00,74.82774863646462,79.51010137935133,73.65965881050477,78.35199737548828,174700,0.0,0.0
2016-11-11 00:00:00-05:00,78.75133715947517,84.48198020751123,78.75133715947517,82.2456283569336,209400,0.0,0.0
2016-11-14 00:00:00-05:00,83.53352222741637,83.80308609007561,81.44693492770249,81.85626220703125,145100,0.0,0.0
2016-11-15 00:00:00-05:00,82.27558319269092,82.8646171767268,81.0675501429816,82.0759048461914,118100,0.0,0.0
2016-11-16 00:00:00-05:00,82.23565258756865,83.33385690161951,79.64987306405243,81.03760528564453,140600,0.0,0.0
2016-11-17 00:00:00-05:00,81.59669390354748,82.055942685512,80.42859649658203,80.42859649658203,74700,0.0,0.0
2016-11-18 00:00:00-05:00,80.45854583146514,81.41698667643489,79.74970482793871,79.98931884765625,93300,0.0,0.0
2016-11-21 00:00:00-05:00,80.08915367671686,81.91617057581642,80.08915367671686,81.86624908447266,108200,0.0,0.0
2016-11-22 00:00:00-05:00,82.10585833417097,84.24236722626439,81.53678835107975,83.41372680664062,82100,0.0,0.0
2016-11-23 00:00:00-05:00,83.38376515869007,85.76987377954146,82.46526762098537,85.69000244140625,121000,0.0,0.0
2016-11-25 00:00:00-05:00,85.5801854688535,86.2590766425247,84.2423671485527,85.44041442871094,47000,0.0,0.0
2016-11-28 00:00:00-05:00,85.4503908177226,85.86971154618911,83.4536530101783,83.61339569091797,128000,0.0,0.0
2016-11-29 00:00:00-05:00,83.9129141906934,85.28067479195633,82.99440895799886,83.22403717041016,118200,0.0,0.0
2016-11-30 00:00:00-05:00,83.88295140963592,87.63682059667516,82.77476894109569,84.62174987792969,120700,0.0,0.0
2016-12-01 00:00:00-05:00,85.00113237107632,86.95793461233525,83.50357893590309,84.16250610351562,120400,0.0,0.0
2016-12-02 00:00:00-05:00,84.34221207906471,84.64171819329636,82.69490179146352,83.21405029296875,83700,0.0,0.0
2016-12-05 00:00:00-05:00,84.0826315878896,84.9212578238231,83.95283875355437,84.42207336425781,103300,0.0,0.0
2016-12-06 00:00:00-05:00,84.71160206683028,84.73157371089418,83.74318298739324,84.21241760253906,112400,0.0,0.0
2016-12-07 00:00:00-05:00,84.40210879553509,85.32060636717107,83.66331793286705,85.14089965820312,132500,0.0,0.0
2016-12-08 00:00:00-05:00,85.70997053961217,89.74338190366986,85.31062144691282,89.49378967285156,171400,0.0,0.0
2016-12-09 00:00:00-05:00,89.20426328888573,90.82162371420992,87.89640241456864,90.52210998535156,127500,0.0,0.0
2016-12-12 00:00:00-05:00,90.36237618373185,91.45059468774994,89.0245578241956,91.33079528808594,167800,0.0,0.0
2016-12-13 00:00:00-05:00,92.17940285933274,94.36582558253015,90.98135560273869,91.3607406616211,224500,0.0,0.0
2016-12-14 00:00:00-05:00,91.82997582556597,92.13946775068779,88.83486909125064,89.77333068847656,129300,0.0,0.0
2016-12-15 00:00:00-05:00,90.07284666845241,93.60707361764588,88.7350283327473,92.32916259765625,222200,0.0,0.0
2016-12-16 00:00:00-05:00,92.1893839140771,93.79675851074138,92.17940570891929,92.61868286132812,290800,0.0,0.0
2016-12-19 00:00:00-05:00,92.99806610501469,93.17777281468135,91.08119961320388,91.94977569580078,121500,0.0,0.0
2016-12-20 00:00:00-05:00,92.60870044729656,93.20772025841204,91.56041006513188,93.15779876708984,113200,0.0,0.0
2016-12-21 00:00:00-05:00,93.40739230356276,94.42573285203702,92.30918803157995,93.96648406982422,109200,0.0,0.0
2016-12-22 00:00:00-05:00,93.93652953984721,94.62540654316815,92.89823254923806,92.90821075439453,118600,0.0,0.0
2016-12-23 00:00:00-05:00,93.01802905015747,93.60707066491766,92.69855130523763,93.097900390625,65500,0.0,0.0
2016-12-27 00:00:00-05:00,93.51721613464014,94.86501267092396,92.78841107897539,93.26762390136719,54600,0.0,0.0
2016-12-28 00:00:00-05:00,93.2077223884556,93.96648489558167,91.98971109508093,92.30918884277344,55600,0.0,0.0
2016-12-29 00:00:00-05:00,92.6686059298172,94.00642428789746,92.23930697527025,92.77842712402344,38900,0.0,0.0
2016-12-30 00:00:00-05:00,93.4473274568342,93.55714864511997,92.09953096608639,92.65861511230469,108000,0.0,0.0
2017-01-03 00:00:00-05:00,93.65698347776559,94.26598911226036,92.84830711131688,93.37744140625,125300,0.0,0.0
2017-01-04 00:00:00-05:00,93.70690496922917,94.46566746116447,93.31754171005386,93.37744140625,147700,0.0,0.0
2017-01-05 00:00:00-05:00,93.52719853117125,94.41574623972278,91.80001698872434,92.43897247314453,97900,0.0,0.0
2017-01-06 00:00:00-05:00,92.81836181019635,92.81836181019635,91.54045078240848,91.61033630371094,70700,0.0,0.0
2017-01-09 00:00:00-05:00,91.19101591769311,91.19101591769311,89.7034483201458,89.80328369140625,138600,0.0,0.0
2017-01-10 00:00:00-05:00,90.15271596762135,92.83832316635717,89.95303761468074,91.44060516357422,133600,0.0,0.0
2017-01-11 00:00:00-05:00,91.4106576517211,92.6286689764703,91.4106576517211,92.25927734375,101400,0.0,0.0
2017-01-12 00:00:00-05:00,91.91982752028002,91.91982752028002,89.65353338979347,90.08283233642578,87700,0.0,0.0
2017-01-13 00:00:00-05:00,90.44223469622844,92.07956669441627,90.31244948175906,91.28086853027344,89800,0.0,0.0
2017-01-17 00:00:00-05:00,91.00132860942483,91.06122830721917,88.8448480854243,89.56367492675781,96200,0.0,0.0
2017-01-18 00:00:00-05:00,89.74338388631803,92.10952102885129,87.46710390967871,91.8299789428711,122900,0.0,0.0
2017-01-19 00:00:00-05:00,92.06958268106717,93.53718620675888,89.44386755631662,93.1078872680664,152200,0.0,0.0
2017-01-20 00:00:00-05:00,93.1777747477191,93.1777747477191,90.18266793577274,90.59199523925781,142400,0.0,0.0
2017-01-23 00:00:00-05:00,90.53209697958657,91.3208093666376,88.66514429502648,88.79493713378906,109600,0.0,0.0
2017-01-24 00:00:00-05:00,89.16432398361411,91.75010339432733,89.16432398361411,91.5005111694336,160600,0.0,0.0
2017-01-25 00:00:00-05:00,92.27923868195352,94.60544007097639,92.27923868195352,94.40576171875,96700,0.0,0.0
2017-01-26 00:00:00-05:00,94.32590096107012,95.44406930089964,91.91982815549308,93.05796813964844,93800,0.0,0.0
2017-01-27 00:00:00-05:00,92.9880781469437,93.72686899551246,92.53881519157287,93.6669692993164,58500,0.0,0.0
2017-01-30 00:00:00-05:00,93.13783765732231,93.13783765732231,91.46057756350586,92.6785888671875,76900,0.0,0.0
2017-01-31 00:00:00-05:00,92.36909116054177,92.72850458901065,90.2825037279396,92.47891235351562,107300,0.0,0.0
2017-02-01 00:00:00-05:00,93.14782320462405,93.79675690851924,92.12948264158628,93.03800201416016,70500,0.0,0.0
2017-02-02 00:00:00-05:00,92.74847574828223,93.31754573755673,91.25092234314404,91.75010681152344,75000,0.0,0.0
2017-02-03 00:00:00-05:00,92.2792407676102,93.98645072874237,91.70018495849155,93.8466796875,78400,0.0,0.0
2017-02-06 00:00:00-05:00,93.48726788014898,95.42410608081153,92.50887057452091,93.1378402709961,75500,0.0,0.0
2017-02-07 00:00:00-05:00,93.33750922244371,93.83669368792232,91.51049986767437,91.88987731933594,99100,0.0,0.0
2017-02-08 00:00:00-05:00,90.73176569251599,93.54716577280303,89.49379035102218,92.17940521240234,111500,0.0,0.0
2017-02-09 00:00:00-05:00,92.04961352743638,96.27271750914339,91.67023607107652,95.0147705078125,130600,0.0,0.0
2017-02-10 00:00:00-05:00,95.36419883753926,96.38253943293924,92.5887343727776,96.25275421142578,131000,0.0,0.0
2017-02-13 00:00:00-05:00,96.84178400050224,97.35095427593137,96.0430858279448,96.21281433105469,105200,0.0,0.0
2017-02-14 00:00:00-05:00,95.85340517511642,95.85340517511642,94.07630965999435,95.09464263916016,92700,0.0,0.0
2017-02-15 00:00:00-05:00,94.98481934919704,95.18449008832931,90.27251678295112,95.07467651367188,141700,0.0,0.0
2017-02-16 00:00:00-05:00,94.88497950501036,95.74357735329987,93.53718303705129,94.23603820800781,120500,0.0,0.0
2017-02-17 00:00:00-05:00,93.65698715283516,94.04635042728896,93.19773835776017,93.8466796875,88900,0.0,0.0
2017-02-21 00:00:00-05:00,94.32590221728255,95.15454266102742,93.59708952869416,94.15617370605469,116400,0.0,0.0
2017-02-22 00:00:00-05:00,93.5471612354534,94.7452084645208,93.11786231133719,93.656982421875,70700,0.0,0.0
2017-02-23 00:00:00-05:00,93.94651058389191,94.00641789653633,91.69019477035462,93.00804901123047,87200,0.0,0.0
2017-02-24 00:00:00-05:00,92.26925363924022,94.30592714744553,92.14945424384308,94.19610595703125,101000,0.0,0.0
2017-02-27 00:00:00-05:00,94.26598858754546,95.02475107525726,93.94651084802737,94.96485137939453,124700,0.0,0.0
2017-02-28 00:00:00-05:00,94.59545134776971,95.02475027070143,91.22096727662148,93.14781951904297,114400,0.0,0.0
2017-03-01 00:00:00-05:00,94.34585992666253,96.3625617291924,94.34585992666253,94.96485137939453,176900,0.0,0.0
2017-03-02 00:00:00-05:00,94.9648508404833,94.9648508404833,92.43897116965371,92.78840637207031,105600,0.0,0.0
2017-03-03 00:00:00-05:00,92.8483092237795,93.95649933032256,92.07956850962141,92.818359375,70200,0.0,0.0
2017-03-06 00:00:00-05:00,92.25927785143953,99.75702314319798,91.30083696144922,92.40902709960938,103400,0.0,0.0
2017-03-07 00:00:00-05:00,92.26925741680436,94.54553742594672,91.02129621732276,91.77007293701172,98400,0.0,0.0
2017-03-08 00:00:00-05:00,91.9298106437224,92.51884464181342,90.4721929557706,90.49215698242188,68400,0.0,0.0
2017-03-09 00:00:00-05:00,90.54208169754936,92.00968525954498,89.02455664172307,89.36400604248047,96800,0.0,0.0
2017-03-10 00:00:00-05:00,89.88315211953987,91.21098460338797,88.91473305413112,90.86155700683594,99800,0.0,0.0
2017-03-13 00:00:00-04:00,90.60197632317592,91.63029505612089,90.23257709358545,90.69182586669922,66700,0.0,0.0
2017-03-14 00:00:00-04:00,90.22259969007142,90.22259969007142,88.55531784826123,89.32406616210938,103300,0.0,0.0
2017-03-15 00:00:00-04:00,90.02292548825785,91.52047889820007,89.72341937643974,91.10116577148438,152900,0.0,0.0
2017-03-16 00:00:00-04:00,91.55042478194311,91.70018163984032,90.52210603703917,90.99134063720703,58100,0.0,0.0
2017-03-17 00:00:00-04:00,90.67186624497438,93.1977384282731,89.77333268134329,92.3990478515625,179000,0.0,0.0
2017-03-20 00:00:00-04:00,92.33913868555932,92.99806582466749,91.70018319021521,92.59871673583984,72000,0.0,0.0
2017-03-21 00:00:00-04:00,93.0979047470483,93.2776114630343,90.79167490602015,90.82162475585938,166900,0.0,0.0
2017-03-22 00:00:00-04:00,90.80165021599942,91.52047705702266,90.40230874160908,91.01131439208984,81000,0.0,0.0
2017-03-23 00:00:00-04:00,90.89150681344732,92.70853793162665,90.89150681344732,92.30918884277344,68200,0.0,0.0
2017-03-24 00:00:00-04:00,92.44895777836514,93.05796341119924,91.83995214553104,91.99969482421875,130800,0.0,0.0
2017-03-27 00:00:00-04:00,91.05123954530859,92.09952992456336,89.85319992640326,91.7800521850586,77100,0.0,0.0
2017-03-28 00:00:00-04:00,91.47056621568481,93.52720382143437,91.00133158906414,93.06795501708984,82400,0.0,0.0
2017-03-29 00:00:00-04:00,92.84831021798351,94.44569897791357,92.7684388757494,94.2759780883789,79000,0.0,0.0
2017-03-30 00:00:00-04:00,94.23604080774219,95.90331505941302,94.22605498589587,95.85340118408203,82600,0.0,0.0
2017-03-31 00:00:00-04:00,96.04308528257968,97.77026683372377,95.65372202033018,96.93163299560547,168600,0.0,0.0
2017-04-03 00:00:00-04:00,97.05143975872818,98.21952954250183,95.53392238369108,96.13294219970703,129600,0.0,0.0
2017-04-04 00:00:00-04:00,95.95323759582296,96.5422716030102,95.36419597168532,95.8633804321289,143300,0.0,0.0
2017-04-05 00:00:00-04:00,96.22279341905774,96.46240744319432,92.37907461436662,92.818359375,202800,0.0,0.0
2017-04-06 00:00:00-04:00,92.97809491997556,94.72524053265285,92.97809491997556,94.126220703125,118800,0.0,0.0
2017-04-07 00:00:00-04:00,93.73685455458188,95.12458670353745,93.38742696616684,94.31591033935547,81000,0.0,0.0
2017-04-10 00:00:00-04:00,94.59545345138216,95.36419415435743,93.79675528311282,94.90494537353516,49800,0.0,0.0
2017-04-11 00:00:00-04:00,94.44569813078213,95.98318717872131,94.06632068399858,95.93326568603516,51500,0.0,0.0
2017-04-12 00:00:00-04:00,95.69365964329548,96.27271544608114,92.99806660087323,93.25764465332031,96300,0.0,0.0
2017-04-13 00:00:00-04:00,93.12785294334815,93.12785294334815,91.44060700749043,91.53046417236328,50500,0.0,0.0
2017-04-17 00:00:00-04:00,91.75010678642643,92.99806795703356,91.37072171571353,92.32916259765625,77000,0.0,0.0
2017-04-18 00:00:00-04:00,91.78005533060059,92.818359923814,90.85157192819487,92.09953308105469,112400,0.0,0.0
2017-04-19 00:00:00-04:00,92.44895909272769,93.59708485703065,91.93978881835938,91.93978881835938,73400,0.0,0.0
2017-04-20 00:00:00-04:00,92.53881854961215,94.40576357367195,92.16941930344795,94.20609283447266,141900,0.0,0.0
2017-04-21 00:00:00-04:00,94.3358767172873,95.49398831570349,93.80674241064729,94.84504699707031,77900,0.0,0.0
2017-04-24 00:00:00-04:00,96.7119969315113,97.5106874718143,96.2627263617001,96.99153900146484,64900,0.0,0.0
2017-04-25 00:00:00-04:00,97.89007902145715,100.17633722401749,97.36093707740955,99.00824737548828,141000,0.0,0.0
2017-04-26 00:00:00-04:00,98.98827677217315,101.39434183152618,98.5489920240132,100.75538635253906,80900,0.0,0.0
2017-04-27 00:00:00-04:00,101.01496886077584,101.85359510765525,100.24622813446972,101.30449676513672,78400,0.0,0.0
2017-04-28 00:00:00-04:00,101.84361588777577,101.84361588777577,99.65718551070343,100.13640594482422,70200,0.0,0.0
2017-05-01 00:00:00-04:00,101.12478717711559,101.30449388447259,99.53737665930373,100.33607482910156,37800,0.0,0.0
2017-05-02 00:00:00-04:00,100.61561769599636,100.99500275726636,99.50742759472402,100.41594696044922,53100,0.0,0.0
2017-05-03 00:00:00-04:00,99.82690747449956,100.66554133900505,98.74867481577891,99.56733703613281,51900,0.0,0.0
2017-05-04 00:00:00-04:00,99.86684386914268,100.89516265883299,98.74867553097096,100.80531311035156,86600,0.0,0.0
2017-05-05 00:00:00-04:00,101.21464008352703,102.47258707680082,100.3161141338534,102.0333023071289,106400,0.0,0.0
2017-05-08 00:00:00-04:00,101.60400180773712,102.3428002939833,100.5357473662194,101.58403778076172,66300,0.0,0.0
2017-05-09 00:00:00-04:00,101.61398708501751,104.65901532659403,101.22462381700613,102.30286407470703,98400,0.0,0.0
2017-05-10 00:00:00-04:00,102.08322437689208,103.05164346988862,101.0349339404225,101.31448364257812,70700,0.0,0.0
2017-05-11 00:00:00-04:00,101.07486858194869,102.06325930921454,98.86847415541108,100.7254409790039,47600,0.0,0.0
2017-05-12 00:00:00-04:00,100.22625472567498,100.90514589226973,98.70873732696631,98.89842224121094,63600,0.0,0.0
2017-05-15 00:00:00-04:00,99.43754468225436,102.20303090547391,99.397609010708,100.296142578125,45000,0.0,0.0
2017-05-16 00:00:00-04:00,100.24622633850552,101.18468793839794,99.70710621076289,100.34606170654297,75800,0.0,0.0
2017-05-17 00:00:00-04:00,98.95833329381284,99.88681672412737,98.15963508519474,98.20955657958984,100100,0.0,0.0
2017-05-18 00:00:00-04:00,98.10971147130147,99.29777293629337,97.53066328036087,98.47911071777344,98000,0.0,0.0
2017-05-19 00:00:00-04:00,98.58892743697797,100.44589417324819,97.94997195965382,99.37763977050781,98300,0.0,0.0
2017-05-22 00:00:00-04:00,99.86684336445569,101.01496916326958,99.86684336445569,100.36602783203125,47600,0.0,0.0
2017-05-23 00:00:00-04:00,100.45588313627192,101.80367965037071,100.06651986813117,100.855224609375,76100,0.0,0.0
2017-05-24 00:00:00-04:00,101.0549053590984,102.04328847728075,99.29777389136825,100.51578521728516,61300,0.0,0.0
2017-05-25 00:00:00-04:00,101.014970271639,101.8935322021097,98.91839700820744,99.50743103027344,110600,0.0,0.0
2017-05-26 00:00:00-04:00,99.48746727058706,99.79695920728862,98.93836130197082,99.43754577636719,60400,0.0,0.0
2017-05-30 00:00:00-04:00,99.10808167659292,99.82690853467437,98.47911198424693,99.28778839111328,74700,0.0,0.0
2017-05-31 00:00:00-04:00,99.25783689517546,101.49418877588012,94.81509821676518,101.15473937988281,142200,0.0,0.0
2017-06-01 00:00:00-04:00,101.97340220263943,105.6773500298674,101.52413922958999,105.2879867553711,126900,0.0,0.0
2017-06-02 00:00:00-04:00,105.28798593827523,108.21320719380917,105.27800011627704,106.07669830322266,95100,0.0,0.0
2017-06-05 00:00:00-04:00,106.146581744756,107.77392031887453,104.1797937819,104.31956481933594,64900,0.0,0.0
2017-06-06 00:00:00-04:00,103.33118483482505,105.37784419958972,103.33118483482505,104.92857360839844,68300,0.0,0.0
2017-06-07 00:00:00-04:00,105.02841033494126,105.02841033494126,103.08159393215536,104.28961944580078,94300,0.0,0.0
2017-06-08 00:00:00-04:00,104.13985653263377,105.8969879126936,102.72217453616454,105.02840423583984,155300,0.0,0.0
2017-06-09 00:00:00-04:00,105.28798228398635,107.32465573475432,105.28798228398635,106.47604370117188,142000,0.0,0.0
2017-06-12 00:00:00-04:00,106.5658953782607,107.95362755455486,104.6889645685482,105.33790588378906,89900,0.0,0.0
2017-06-13 00:00:00-04:00,105.40778849717024,105.92693696488186,103.7105568258686,104.0799560546875,102900,0.0,0.0
2017-06-14 00:00:00-04:00,104.1997700571763,106.0168012415606,100.9450851473185,101.68387603759766,124600,0.0,0.0
2017-06-15 00:00:00-04:00,101.68387128050104,103.55082387182529,101.00498012156042,103.5208740234375,118600,0.0,0.0
2017-06-16 00:00:00-04:00,102.51252365814412,105.01843184481704,101.72381127693788,104.64903259277344,201300,0.0,0.0
2017-06-19 00:00:00-04:00,105.32791927097637,106.28635250386307,104.81874899767865,105.2580337524414,81800,0.0,0.0
2017-06-20 00:00:00-04:00,104.70893020193813,106.07669837246644,103.62071172888857,104.33953857421875,67600,0.0,0.0
2017-06-21 00:00:00-04:00,104.34951938745566,105.22808893901897,100.27617985702345,100.52577209472656,82500,0.0,0.0
2017-06-22 00:00:00-04:00,100.53575004818572,101.584040490693,99.17796766912605,100.3061294555664,85200,0.0,0.0
2017-06-23 00:00:00-04:00,100.19630637751337,101.70384559385771,99.58730072114082,101.37438201904297,96800,0.0,0.0
2017-06-26 00:00:00-04:00,101.67388653071592,103.12152602597385,100.68550343874693,101.79369354248047,156900,0.0,0.0
2017-06-27 00:00:00-04:00,101.72380808487662,102.01333598410379,99.24785744251037,99.47747802734375,85200,0.0,0.0
2017-06-28 00:00:00-04:00,100.03656497151952,102.2229953925772,99.17796707178685,101.60400390625,65700,0.0,0.0
2017-06-29 00:00:00-04:00,101.34442929217035,106.22645260961548,98.38925825869285,99.826904296875,83800,0.0,0.0
2017-06-30 00:00:00-04:00,100.2262564791918,102.59239359025361,100.2262564791918,101.59402465820312,96900,0.0,0.0
2017-07-03 00:00:00-04:00,102.1131710086018,103.26129677975692,101.09483807073786,102.73216247558594,41100,0.0,0.0
2017-07-05 00:00:00-04:00,102.60236859015666,103.11153886234248,100.40596005503977,102.43264770507812,58800,0.0,0.0
2017-07-06 00:00:00-04:00,101.63396007346826,102.71219272848398,100.78534038980294,101.37438201904297,61200,0.0,0.0
2017-07-07 00:00:00-04:00,101.89353205194494,102.50253771752787,101.06489161678097,102.11317443847656,69200,0.0,0.0
2017-07-10 00:00:00-04:00,101.90351606529498,102.83199947200175,100.06652089591194,101.44426727294922,83700,0.0,0.0
2017-07-11 00:00:00-04:00,101.6339576801034,103.83036622657782,100.53574578991592,102.29287719726562,68700,0.0,0.0
2017-07-12 00:00:00-04:00,102.92184606819657,104.74886298012851,102.19304103793971,102.50253295898438,205300,0.0,0.0
2017-07-13 00:00:00-04:00,102.43265107847468,103.56081284845074,101.83363124161994,103.55082702636719,130900,0.0,0.0
2017-07-14 00:00:00-04:00,103.27128022140943,104.96850428438165,102.53248176001905,104.2297134399414,81300,0.0,0.0
2017-07-17 00:00:00-04:00,104.05999777414776,105.1282522332832,103.63069882606807,104.85868835449219,65800,0.0,0.0
2017-07-18 00:00:00-04:00,104.33953724753262,107.42449353307371,103.8303669690728,104.68896484375,83300,0.0,0.0
2017-07-19 00:00:00-04:00,104.73888526867674,106.38618786504783,102.70221179254584,105.83708953857422,53200,0.0,0.0
2017-07-20 00:00:00-04:00,105.82710478376919,107.67408574952981,104.42938678210292,105.26802062988281,49900,0.0,0.0
2017-07-21 00:00:00-04:00,105.35787181688046,105.35787181688046,103.41105545288261,103.69059753417969,126400,0.0,0.0
2017-07-24 00:00:00-04:00,103.64067552672701,103.64067552672701,102.48257153610673,103.25131225585938,53600,0.0,0.0
2017-07-25 00:00:00-04:00,103.67062116527683,105.10827479436915,103.67062116527683,104.94853973388672,60400,0.0,0.0
2017-07-26 00:00:00-04:00,105.12825183025093,105.12825183025093,101.92348084818026,102.10318756103516,52000,0.0,0.0
2017-07-27 00:00:00-04:00,102.43265298563718,103.10155835562993,101.78371164323275,102.19304656982422,30700,0.0,0.0
2017-07-28 00:00:00-04:00,101.95343908712863,102.96178623422543,101.26456207980563,102.47258758544922,36400,0.0,0.0
2017-07-31 00:00:00-04:00,102.08322166219514,103.32119698530354,101.78370794061149,103.17144012451172,54900,0.0,0.0
2017-08-01 00:00:00-04:00,103.740517971371,104.6490297263384,103.00171948752019,103.68061065673828,55300,0.0,0.0
2017-08-02 00:00:00-04:00,103.72054529726677,104.6889643572477,102.37274879414859,102.80204772949219,43700,0.0,0.0
2017-08-03 00:00:00-04:00,102.75212360986143,103.01170165218637,100.91512852128518,102.63232421875,52600,0.0,0.0
2017-08-04 00:00:00-04:00,102.38273746590431,104.11989728234663,102.38273746590431,103.48094177246094,31800,0.0,0.0
2017-08-07 00:00:00-04:00,103.43101607183189,104.53920615542242,102.01333406799631,102.86194610595703,46500,0.0,0.0
2017-08-08 00:00:00-04:00,107.07506482730899,107.31467123123942,104.82873479596684,106.4161376953125,70200,0.0,0.0
2017-08-09 00:00:00-04:00,106.29634012172788,110.85888578104708,102.95180576341322,107.37458038330078,81600,0.0,0.0
2017-08-10 00:00:00-04:00,106.83546005797687,107.22482332667748,103.93020285018738,105.12825012207031,64500,0.0,0.0
2017-08-11 00:00:00-04:00,105.71728175337276,106.47604424682969,104.09992140028173,104.30958557128906,61200,0.0,0.0
2017-08-14 00:00:00-04:00,105.68733523568616,107.95362934882054,103.57079036806144,107.4544448852539,74300,0.0,0.0
2017-08-15 00:00:00-04:00,107.37457776143818,107.37457776143818,103.58077291162974,105.17816162109375,50000,0.0,0.0
2017-08-16 00:00:00-04:00,105.48766586088708,107.3645967260623,104.05001214980362,106.23644256591797,57100,0.0,0.0
2017-08-17 00:00:00-04:00,105.62743721205779,108.55265851961164,104.61908244692098,105.2979736328125,78800,0.0,0.0
2017-08-18 00:00:00-04:00,104.62906303627742,106.50599381307092,102.16309065178238,105.82710266113281,93300,0.0,0.0
2017-08-21 00:00:00-04:00,105.8670383309951,106.81548573259407,104.87865525964088,106.40615844726562,71400,0.0,0.0
2017-08-22 00:00:00-04:00,106.94528375718829,108.40290149776612,106.67571987748694,108.19324493408203,52800,0.0,0.0
2017-08-23 00:00:00-04:00,107.30469275153168,108.20321866820657,106.56589428113423,107.64413452148438,35100,0.0,0.0
2017-08-24 00:00:00-04:00,108.05347263701299,108.22319352703177,106.60583311845451,106.80551147460938,47300,0.0,0.0
2017-08-25 00:00:00-04:00,107.28472163582184,108.3729477032742,106.09666020124227,107.50436401367188,133900,0.0,0.0
2017-08-28 00:00:00-04:00,108.00354635727788,108.21320290923616,107.15493432784197,107.4843978881836,52100,0.0,0.0
2017-08-29 00:00:00-04:00,106.97523488556669,108.62254518214945,105.98685175439728,108.42286682128906,53100,0.0,0.0
2017-08-30 00:00:00-04:00,108.35297420602676,109.47115010279302,106.80550699965261,109.15167236328125,46700,0.0,0.0
2017-08-31 00:00:00-04:00,109.50109968060637,110.26984037108363,108.19323887785475,110.09013366699219,64900,0.0,0.0
2017-09-01 00:00:00-04:00,110.3297508266489,111.84726822457753,109.73073100159682,110.9886703491211,40800,0.0,0.0
2017-09-05 00:00:00-04:00,110.98867385846086,113.43468234544326,109.02188581684275,109.50110626220703,52700,0.0,0.0
2017-09-06 00:00:00-04:00,110.04022244260564,110.49947122702008,107.52432852474355,109.39128112792969,58100,0.0,0.0
2017-09-07 00:00:00-04:00,109.3812980098279,113.17510300713346,107.27473894899595,107.82384490966797,69600,0.0,0.0
2017-09-08 00:00:00-04:00,107.83383042073534,116.68935796801891,107.83383042073534,109.05184173583984,92600,0.0,0.0
2017-09-11 00:00:00-04:00,110.0801562541229,111.71748062897747,109.60093583411539,110.17000579833984,49800,0.0,0.0
2017-09-12 00:00:00-04:00,110.43957198100061,113.3148717104952,109.73073096627296,112.72583770751953,116500,0.0,0.0
2017-09-13 00:00:00-04:00,112.14678212241702,114.40309038756938,111.33809812121872,114.39311218261719,70600,0.0,0.0
2017-09-14 00:00:00-04:00,114.12355064469611,115.44139733563001,112.81568977586905,114.92224884033203,58200,0.0,0.0
2017-09-15 00:00:00-04:00,115.17183606202,117.37823040067659,114.84237249938731,116.53960418701172,148800,0.0,0.0
2017-09-18 00:00:00-04:00,116.7892005954621,118.19689682368912,106.505997586182,117.1585922241211,85600,0.0,0.0
2017-09-19 00:00:00-04:00,117.15859316674766,119.69445117931559,117.15859316674766,119.48479461669922,99700,0.0,0.0
2017-09-20 00:00:00-04:00,120.09379898030656,121.38169580842734,118.42652470254147,118.96564483642578,133400,0.0,0.0
2017-09-21 00:00:00-04:00,118.59624814234859,120.31344395010606,118.59624814234859,120.00394439697266,73600,0.0,0.0
2017-09-22 00:00:00-04:00,119.50475547936786,121.33177241272291,119.42489175545066,120.03389739990234,70800,0.0,0.0
2017-09-25 00:00:00-04:00,120.15369937162153,126.78286846681785,120.15369937162153,121.07219696044922,82400,0.0,0.0
2017-09-26 00:00:00-04:00,121.49151612059221,122.7594412955341,120.50312540714695,121.20198822021484,62600,0.0,0.0
2017-09-27 00:00:00-04:00,121.84094412837742,126.24374711262429,121.31180981854472,124.53653717041016,126700,0.0,0.0
2017-09-28 00:00:00-04:00,124.27696332358066,126.53327154066989,123.49822918772799,124.28694152832031,111500,0.0,0.0
2017-09-29 00:00:00-04:00,124.41673514714265,127.46175572410277,124.41673514714265,124.94586944580078,90800,0.0,0.0
2017-10-02 00:00:00-04:00,124.93588809953665,135.3189189451842,124.15716154780813,124.91592407226562,119300,0.0,0.0
2017-10-03 00:00:00-04:00,125.8044691426486,127.2421152010738,124.94587126618269,125.61477661132812,92700,0.0,0.0
2017-10-04 00:00:00-04:00,125.61477819947751,127.77125873980523,117.78756946114083,125.48499298095703,49100,0.0,0.0
2017-10-05 00:00:00-04:00,125.57484279503444,126.31363367047858,124.81608027549831,125.41510772705078,61000,0.0,0.0
2017-10-06 00:00:00-04:00,124.98580458641268,125.54488873101141,119.33503297626048,125.37516784667969,55800,0.0,0.0
2017-10-09 00:00:00-04:00,125.38514735172747,126.43343775067142,124.68629216373168,125.89431762695312,41200,0.0,0.0
2017-10-10 00:00:00-04:00,126.68302811872944,127.99088893005464,124.84603301326352,126.38351440429688,49800,0.0,0.0
2017-10-11 00:00:00-04:00,126.48335844785483,128.5599675890628,125.55487506566715,125.81444549560547,58300,0.0,0.0
2017-10-12 00:00:00-04:00,125.35519672993854,126.83278605437926,124.87598392311199,125.5249252319336,61400,0.0,0.0
2017-10-13 00:00:00-04:00,125.78450036318164,127.00251168622765,125.24538022263911,126.29367065429688,33100,0.0,0.0
2017-10-16 00:00:00-04:00,126.78287002078157,128.42020209595452,126.7529201711843,127.53164672851562,55800,0.0,0.0
2017-10-17 00:00:00-04:00,127.54163158229068,128.65979991583504,125.55487953226766,125.78450012207031,48300,0.0,0.0
2017-10-18 00:00:00-04:00,126.06404270029401,127.23214014895744,125.79448643795662,126.51331329345703,82900,0.0,0.0
2017-10-19 00:00:00-04:00,127.54163128793988,127.73132382277858,125.07565880283867,126.43344116210938,72700,0.0,0.0
2017-10-20 00:00:00-04:00,127.42182613081778,127.59155464091309,126.15390091792119,126.52330017089844,69200,0.0,0.0
2017-10-23 00:00:00-04:00,126.56322163863788,127.20218473989509,124.2869417736754,126.24374389648438,57700,0.0,0.0
2017-10-24 00:00:00-04:00,126.99252400023703,127.68140099475582,125.74456284608002,126.49333953857422,98900,0.0,0.0
2017-10-25 00:00:00-04:00,126.56322084727411,127.4018546757772,124.8959466288652,127.03245544433594,52300,0.0,0.0
2017-10-26 00:00:00-04:00,127.29203166592379,129.4185622462496,126.31362681617082,128.6797637939453,48900,0.0,0.0
2017-10-27 00:00:00-04:00,128.689747559615,129.1390257602649,126.74293121443476,127.50169372558594,66100,0.0,0.0
2017-10-30 00:00:00-04:00,126.90267242622076,126.90267242622076,122.63963292622296,122.70952606201172,81000,0.0,0.0
2017-10-31 00:00:00-04:00,123.60805617002954,125.98417912488549,122.72949424389364,123.6180419921875,115600,0.0,0.0
2017-11-01 00:00:00-04:00,124.73621634583225,125.0457082761975,122.58972162648348,123.7478256225586,46900,0.0,0.0
2017-11-02 00:00:00-04:00,123.70789692841039,127.9210150029775,123.70789692841039,127.07239532470703,98400,0.0,0.0
2017-11-03 00:00:00-04:00,117.47806598650297,127.02247779734802,113.6742829359223,123.12883758544922,134800,0.0,0.0
2017-11-06 00:00:00-05:00,123.00903005636815,124.80609710563765,120.30345127776529,121.53144836425781,56600,0.0,0.0
2017-11-07 00:00:00-05:00,121.54143190486555,121.80100996047828,118.27676884180931,119.84420776367188,71400,0.0,0.0
2017-11-08 00:00:00-05:00,119.8541883142448,123.37842927790803,119.35500386914914,122.4000244140625,181000,0.0,0.0
2017-11-09 00:00:00-05:00,121.84094053514808,123.19872283808583,120.15369466967024,121.75108337402344,87900,0.0,0.0
2017-11-10 00:00:00-05:00,121.17203468368503,123.15878663814135,120.44322204395675,122.46990966796875,70400,0.0,0.0
2017-11-13 00:00:00-05:00,122.05059708951399,123.18873701743442,119.29509681388811,122.90919494628906,59500,0.0,0.0
2017-11-14 00:00:00-05:00,121.95076382781951,123.29856033235397,120.30345360363282,122.35011291503906,57500,0.0,0.0
2017-11-15 00:00:00-05:00,121.5214628057941,122.14044664425515,120.13373065466668,120.59297943115234,91200,0.0,0.0
2017-11-16 00:00:00-05:00,120.98234832241474,125.04570959912134,120.98234832241474,123.97745513916016,67100,0.0,0.0
2017-11-17 00:00:00-05:00,123.49823387751097,125.86437098914078,123.22867761725084,124.76616668701172,73200,0.0,0.0
2017-11-20 00:00:00-05:00,124.76616476722496,127.36192242784811,123.79774569909259,127.28205108642578,90800,0.0,0.0
2017-11-21 00:00:00-05:00,127.8111862365316,131.10580653455693,127.8111862365316,130.83624267578125,111700,0.0,0.0
2017-11-22 00:00:00-05:00,130.74640386847238,131.66490147070596,126.3435931605638,126.88270568847656,82500,0.0,0.0
2017-11-24 00:00:00-05:00,127.42182136726805,129.46847306462283,124.91592088489296,126.04407501220703,29600,0.0,0.0
2017-11-27 00:00:00-05:00,126.0540605998986,127.661435152959,124.61640693332275,124.95585632324219,113400,0.0,0.0
2017-11-28 00:00:00-05:00,125.13555875340528,126.93262588457334,124.57647458679766,126.65308380126953,114400,0.0,0.0
2017-11-29 00:00:00-05:00,127.92101202702602,136.49699722156663,127.92101202702602,133.05262756347656,209600,0.0,0.0
2017-11-30 00:00:00-05:00,134.18077775656894,139.7217283507317,132.06424050520982,133.23233032226562,132100,0.0,0.0
2017-12-01 00:00:00-05:00,133.29223010611128,133.7514865159526,126.33360507550913,131.49517822265625,73300,0.0,0.0
2017-12-04 00:00:00-05:00,133.18240784882124,134.390440945068,129.85785275069492,130.9061279296875,81800,0.0,0.0
2017-12-05 00:00:00-05:00,131.3354305411488,131.48517978110564,127.10234096286545,127.32198333740234,89000,0.0,0.0
2017-12-06 00:00:00-05:00,127.00251294040247,131.76472947013013,126.84277786956274,127.39187622070312,61900,0.0,0.0
2017-12-07 00:00:00-05:00,127.39186991891833,131.8445942919744,125.84440269648988,125.88433074951172,91800,0.0,0.0
2017-12-08 00:00:00-05:00,126.79284985740473,128.549973631067,123.53816512201979,123.63800048828125,160200,0.0,0.0
2017-12-11 00:00:00-05:00,123.85764883528952,123.98744167294178,119.81425917964582,120.65288543701172,154800,0.0,0.0
2017-12-12 00:00:00-05:00,120.77268826545834,123.07891801021151,119.41490593845683,119.74436950683594,54800,0.0,0.0
2017-12-13 00:00:00-05:00,119.75434586209074,123.3884080291273,119.74436765734873,121.1021499633789,53700,0.0,0.0
2017-12-14 00:00:00-05:00,121.36172310165404,121.71115831613137,118.10704591674514,118.37660217285156,73200,0.0,0.0
2017-12-15 00:00:00-05:00,118.79591211987236,122.54978128001436,118.05712127382239,121.2419204711914,171500,0.0,0.0
2017-12-18 00:00:00-05:00,122.370079306964,123.95748986468213,120.5929838322868,122.3001937866211,93900,0.0,0.0
2017-12-19 00:00:00-05:00,122.55976896279975,126.69301562190594,113.21503539865958,120.75271606445312,67400,0.0,0.0
2017-12-20 00:00:00-05:00,121.21197448631371,124.93588630019354,121.21197448631371,123.66796112060547,87800,0.0,0.0
2017-12-21 00:00:00-05:00,125.82443579354697,127.42182456786071,124.74619551452876,125.78450012207031,83700,0.0,0.0
2017-12-22 00:00:00-05:00,125.61477816705157,128.30038540279273,125.195465045524,126.06404113769531,103500,0.0,0.0
2017-12-26 00:00:00-05:00,125.9542262696737,127.29203696279356,124.62639378152315,125.54489135742188,43400,0.0,0.0
2017-12-27 00:00:00-05:00,125.55487401267375,127.86111133312411,125.55487401267375,126.38351440429688,63000,0.0,0.0
2017-12-28 00:00:00-05:00,126.9426127079011,127.621503894258,125.88433644811062,127.53164672851562,38100,0.0,0.0
2017-12-29 00:00:00-05:00,128.02084172329032,128.89941124346433,125.98417583931496,126.19383239746094,47600,0.0,0.0
2018-01-02 00:00:00-05:00,126.94261304802728,128.2105382583959,124.59644754756448,126.30365753173828,86400,0.0,0.0
2018-01-03 00:00:00-05:00,126.3935026517594,127.79122065102,124.04733723350965,124.30691528320312,46400,0.0,0.0
2018-01-04 00:00:00-05:00,124.65634283529005,127.21216480999466,124.5365358238694,126.04407501220703,43000,0.0,0.0
2018-01-05 00:00:00-05:00,126.09399890411986,127.17223155962331,124.42671700215946,125.41510772705078,56500,0.0,0.0
2018-01-08 00:00:00-05:00,125.1854816469633,127.14228386892401,119.75435213820666,124.85601806640625,78800,0.0,0.0
2018-01-09 00:00:00-05:00,125.31526188581172,126.77288719330424,122.79937559101491,122.9990463256836,90000,0.0,0.0
2018-01-10 00:00:00-05:00,123.1587899876127,126.71298088827707,122.05059988239202,125.90430450439453,79400,0.0,0.0
2018-01-11 00:00:00-05:00,126.09400488691446,129.7080957100967,122.60969167173546,129.5283966064453,78400,0.0,0.0
2018-01-12 00:00:00-05:00,129.74803314603656,131.63494981874805,126.84277589687571,130.48681640625,105500,0.0,0.0
2018-01-16 00:00:00-05:00,131.09582000363594,134.60010465066023,127.9110207222016,128.44015502929688,111000,0.0,0.0
2018-01-17 00:00:00-05:00,129.46848072822897,133.49192169285715,124.5265649900439,128.07077026367188,82100,0.0,0.0
2018-01-18 00:00:00-05:00,128.14065795214,131.2655423365027,122.90919928726598,126.06404113769531,165700,0.0,0.0
2018-01-19 00:00:00-05:00,126.20381582166594,130.946068078499,126.20381582166594,129.4285430908203,107600,0.0,0.0
2018-01-22 00:00:00-05:00,129.40857624799312,132.57340393820468,126.88270406568077,128.1706085205078,92900,0.0,0.0
2018-01-23 00:00:00-05:00,128.01086508652588,129.12903341033578,125.41510739874519,126.93262481689453,67500,0.0,0.0
2018-01-24 00:00:00-05:00,127.51167799015079,128.71969583634657,126.09399597061908,126.47337341308594,98900,0.0,0.0
2018-01-25 00:00:00-05:00,126.72296275037273,133.54181643918778,126.51330619876745,131.2954864501953,164300,0.0,0.0
2018-01-26 00:00:00-05:00,132.0642438609153,133.4220262461127,129.36865073506934,129.7879638671875,90500,0.0,0.0
2018-01-29 00:00:00-05:00,129.1490034274879,132.21398807428616,126.9026733691948,127.64146423339844,57800,0.0,0.0
2018-01-30 00:00:00-05:00,126.1938357356469,127.96094541073688,125.1155954507019,127.60153198242188,120500,0.0,0.0
2018-01-31 00:00:00-05:00,128.33033741547428,129.3985994982982,124.83605372688284,125.79448699951172,70700,0.0,0.0
2018-02-01 00:00:00-05:00,125.30528622702558,128.40022837897823,124.39676684683714,126.35356903076172,78300,0.0,0.0
2018-02-02 00:00:00-05:00,125.55487592886256,126.15389574991963,121.80100670424785,122.41999816894531,88900,0.0,0.0
2018-02-05 00:00:00-05:00,121.62130518853914,125.22541770752017,114.25334507938588,114.50293731689453,85900,0.0,0.0
2018-02-06 00:00:00-05:00,122.79937591145851,125.79448264100628,115.19180207630507,120.32341766357422,176100,0.0,0.0
2018-02-07 00:00:00-05:00,121.01229413589441,127.67141290829679,117.9772517487824,119.88414001464844,83700,0.0,0.0
2018-02-08 00:00:00-05:00,120.27350470821663,121.79102211133677,116.06038665771484,116.06038665771484,86300,0.0,0.0
2018-02-09 00:00:00-05:00,117.8075361328101,119.02554747086143,113.82404615394685,118.1968994140625,84100,0.0,0.0
2018-02-12 00:00:00-05:00,118.53634872366756,121.35174885653379,116.90900246116061,119.64453125,80400,0.0,0.0
2018-02-13 00:00:00-05:00,118.65614688956053,119.55468045814756,115.98051782807386,118.25679779052734,72300,0.0,0.0
2018-02-14 00:00:00-05:00,115.51128396247721,119.34502467450628,115.51128396247721,118.6261978149414,125900,0.0,0.0
2018-02-15 00:00:00-05:00,119.80427378193552,122.3201601798979,118.8658045332195,122.25027465820312,75000,0.0,0.0
2018-02-16 00:00:00-05:00,121.84094001357604,123.48825020227453,120.86253515181356,123.04896545410156,105100,0.0,0.0
2018-02-20 00:00:00-05:00,122.28022978027698,123.14880587369349,120.31344177135612,121.72113800048828,64100,0.0,0.0
2018-02-21 00:00:00-05:00,122.27024180565955,125.34521988103553,121.60133646304702,123.4383316040039,135200,0.0,0.0
2018-02-22 00:00:00-05:00,124.06730073549488,125.4250830585248,122.75943990460073,124.15715789794922,54700,0.0,0.0
2018-02-23 00:00:00-05:00,124.98580485616611,126.28367985420721,122.55976812783172,124.14717102050781,47400,0.0,0.0
2018-02-26 00:00:00-05:00,124.8460387667916,125.80447203341497,123.24864237213548,125.71461486816406,43200,0.0,0.0
2018-02-27 00:00:00-05:00,125.57484159986944,125.57484159986944,120.92244639122436,121.7111587524414,109400,0.0,0.0
2018-02-28 00:00:00-05:00,122.24028962682856,123.63799998267356,120.10378080637956,120.30345153808594,101500,0.0,0.0
2018-03-01 00:00:00-05:00,120.07382308378428,121.19199898301173,117.23845909149524,118.05712127685547,67300,0.0,0.0
2018-03-02 00:00:00-05:00,117.11865208423289,119.90410220221732,114.53288031447951,118.63617706298828,89500,0.0,0.0
2018-03-05 00:00:00-05:00,118.05712152944014,120.5929794302376,117.10867412841498,119.43486785888672,103600,0.0,0.0
2018-03-06 00:00:00-05:00,120.08381362000515,121.95076626024832,118.5063888833473,120.56303405761719,78000,0.0,0.0
2018-03-07 00:00:00-05:00,119.78430254303497,123.98743464780857,119.04550408165328,123.33849334716797,67500,0.0,0.0
2018-03-08 00:00:00-05:00,123.87761975544723,126.47337747295965,121.78104650733914,124.26698303222656,69600,0.0,0.0
2018-03-09 00:00:00-05:00,125.17549230904342,127.99089235565134,125.02574306476936,127.79122161865234,120500,0.0,0.0
2018-03-12 00:00:00-04:00,127.80119747279483,128.94933084874597,125.19546165000261,126.10397338867188,69600,0.0,0.0
2018-03-13 00:00:00-04:00,127.04244311932747,127.79121979783038,125.98417451780077,126.54325866699219,62200,0.0,0.0
2018-03-14 00:00:00-04:00,127.1822165722124,127.1822165722124,124.22704547229368,125.62476348876953,50200,0.0,0.0
2018-03-15 00:00:00-04:00,125.72460098500784,127.01249783231933,124.06730488759986,125.065673828125,64200,0.0,0.0
2018-03-16 00:00:00-04:00,125.02574236073895,127.5216646439235,123.15878975081478,124.81607818603516,135600,0.0,0.0
2018-03-19 00:00:00-04:00,124.06730381837828,126.05406347710563,122.64962176311842,125.6347427368164,93800,0.0,0.0
2018-03-20 00:00:00-04:00,126.1339263544911,127.7812366044724,124.99578638911137,127.29203796386719,59000,0.0,0.0
2018-03-21 00:00:00-04:00,127.12231997208829,127.90104653278668,123.66796432617333,127.10234832763672,56800,0.0,0.0
2018-03-22 00:00:00-04:00,126.17385839848906,127.60152622517249,123.72785764882627,123.92752838134766,91800,0.0,0.0
2018-03-23 00:00:00-04:00,124.01738752675122,124.01738752675122,118.16694509027307,118.22684478759766,123700,0.0,0.0
2018-03-26 00:00:00-04:00,119.78430847093694,122.39004439017893,117.18854313991491,122.3101806640625,100900,0.0,0.0
2018-03-27 00:00:00-04:00,122.6795667602036,123.3983935814682,119.59461053871823,120.59297943115234,77200,0.0,0.0
2018-03-28 00:00:00-04:00,120.58299385992363,122.59970329232122,119.26514722385153,121.39167022705078,58500,0.0,0.0
2018-03-29 00:00:00-04:00,121.86090481063606,125.13555356549143,117.05875286609084,123.9974136352539,98500,0.0,0.0
2018-04-02 00:00:00-04:00,123.20871196809433,123.75781030345507,117.17856278241109,118.30671691894531,113100,0.0,0.0
2018-04-03 00:00:00-04:00,119.09542687238695,121.54142762808792,117.90736544518637,120.9623794555664,60400,0.0,0.0
2018-04-04 00:00:00-04:00,119.40492290172875,122.22032298901424,119.40492290172875,121.87089538574219,43600,0.0,0.0
2018-04-05 00:00:00-04:00,121.48152867323236,124.6763061226667,120.74273781622884,123.35845947265625,81300,0.0,0.0
2018-04-06 00:00:00-04:00,122.17040357520948,123.17875066795592,118.87578319779892,120.73274993896484,127000,0.0,0.0
2018-04-09 00:00:00-04:00,121.68119733130689,122.3700743014734,119.73438104642344,119.86416625976562,40500,0.0,0.0
2018-04-10 00:00:00-04:00,121.5514121160463,123.01901560014302,120.93242066337382,121.89085388183594,53300,0.0,0.0
2018-04-11 00:00:00-04:00,121.1620551272486,123.91755553347352,120.7227703563713,122.24029541015625,32500,0.0,0.0
2018-04-12 00:00:00-04:00,122.99904581172487,124.5365348364902,122.30019062635436,122.84929656982422,28900,0.0,0.0
2018-04-13 00:00:00-04:00,123.35846052821546,124.17712273269757,121.69118627055501,123.36844635009766,36700,0.0,0.0
2018-04-16 00:00:00-04:00,124.18711134775657,126.53327682411899,122.69954376576602,125.78450012207031,52900,0.0,0.0
2018-04-17 00:00:00-04:00,126.36355640209901,127.47174653460053,125.09563120004846,127.09236907958984,132300,0.0,0.0
2018-04-18 00:00:00-04:00,127.33197580296527,127.75128893062359,125.89432208876471,126.15390014648438,113000,0.0,0.0
2018-04-19 00:00:00-04:00,125.81445102694228,127.19220504511863,124.55651164115157,125.79448699951172,42800,0.0,0.0
2018-04-20 00:00:00-04:00,125.20544722786252,126.23376597469453,122.78938870440116,125.01575469970703,66600,0.0,0.0
2018-04-23 00:00:00-04:00,125.5049538698587,127.28204929831338,123.22867398995268,123.7178726196289,47300,0.0,0.0
2018-04-24 00:00:00-04:00,124.0673053843308,125.78450118762129,119.96401602993856,120.94241333007812,79400,0.0,0.0
2018-04-25 00:00:00-04:00,121.05223352955107,121.44159680536225,119.55468012506178,119.77432250976562,67100,0.0,0.0
2018-04-26 00:00:00-04:00,120.01392497427747,120.10378213640553,117.08870378237916,119.08544158935547,93100,0.0,0.0
2018-04-27 00:00:00-04:00,119.49478102933489,119.49478102933489,117.25842911647413,118.1869125366211,33500,0.0,0.0
2018-04-30 00:00:00-04:00,118.60622882428774,120.9823440733512,116.05039925090281,116.19017028808594,56800,0.0,0.0
2018-05-01 00:00:00-04:00,116.09033601137487,116.09033601137487,112.4063522841415,115.04205322265625,132900,0.0,0.0
2018-05-02 00:00:00-04:00,115.13190592459739,117.68772797509331,114.17347265566143,115.07200622558594,64300,0.0,0.0
2018-05-03 00:00:00-04:00,114.12355047547729,114.12355047547729,111.42795739886641,112.96544647216797,121600,0.0,0.0
2018-05-04 00:00:00-04:00,112.67592029408914,115.84074803717644,112.31650686277223,114.79246520996094,67700,0.0,0.0
2018-05-07 00:00:00-04:00,115.18182754685641,118.41654078524142,114.39311516887369,117.60786437988281,81900,0.0,0.0
2018-05-08 00:00:00-04:00,117.56792316360314,120.36335149837868,117.56792316360314,120.23356628417969,55500,0.0,0.0
2018-05-09 00:00:00-04:00,120.72276544233803,120.82260080885074,118.99559151251256,119.80426788330078,53000,0.0,0.0
2018-05-10 00:00:00-04:00,119.52472762711524,121.74110783535833,119.105414511218,120.47317504882812,50800,0.0,0.0
2018-05-11 00:00:00-04:00,120.4831637058099,122.07056666061001,119.84420819504062,121.73112487792969,39600,0.0,0.0
2018-05-14 00:00:00-04:00,121.3717096583389,121.87089411981384,120.07382701172389,120.48316192626953,64600,0.0,0.0
2018-05-15 00:00:00-04:00,119.87415523586738,122.42997721906288,118.9257078140582,119.89411926269531,67100,0.0,0.0
2018-05-16 00:00:00-04:00,120.14371045314897,123.89757967124416,118.7060644084989,119.30508422851562,188500,0.0,0.0
2018-05-17 00:00:00-04:00,119.09542557188631,121.34175557004346,118.12700653174653,120.73274993896484,97500,0.0,0.0
2018-05-18 00:00:00-04:00,121.52146331669645,123.32850858217537,119.80426759577827,123.05895233154297,61900,0.0,0.0
2018-05-21 00:00:00-04:00,123.27859862447112,125.28531468625607,123.18874146010512,123.7478256225586,93600,0.0,0.0
2018-05-22 00:00:00-04:00,124.15715552465807,125.23539575179755,122.13046790067096,122.18038177490234,52000,0.0,0.0
2018-05-23 00:00:00-04:00,121.79101852533498,123.78775630151469,121.66123331198536,123.62802124023438,62100,0.0,0.0
2018-05-24 00:00:00-04:00,123.32851379232225,124.93588839316025,122.91918648822498,124.26698303222656,40900,0.0,0.0
2018-05-25 00:00:00-04:00,123.6979115313101,124.70626627993998,121.56140263770448,122.65960693359375,35900,0.0,0.0
2018-05-29 00:00:00-04:00,121.90084207570831,123.53816647456294,120.93242301677411,122.1304702758789,47500,0.0,0.0
2018-05-30 00:00:00-04:00,119.80426808589944,126.213794600427,113.8440045299139,124.65634155273438,94900,0.0,0.0
2018-05-31 00:00:00-04:00,125.45504522938771,126.27370745924786,123.61804241058533,125.50495910644531,80800,0.0,0.0
2018-06-01 00:00:00-04:00,126.68302810789149,129.3886145083704,124.5864549578934,127.83114624023438,155600,0.0,0.0
2018-06-04 00:00:00-04:00,127.79122320724895,128.82952019289144,127.02248248160105,127.66143798828125,68400,0.0,0.0
2018-06-05 00:00:00-04:00,127.16225217813485,129.19892569050057,125.83441968546816,128.30038452148438,82900,0.0,0.0
2018-06-06 00:00:00-04:00,127.79121973418563,130.1872990106414,126.60315830079529,130.017578125,111700,0.0,0.0
2018-06-07 00:00:00-04:00,130.37699202885554,132.26390865546426,129.85785116514668,131.9044952392578,82100,0.0,0.0
2018-06-08 00:00:00-04:00,131.27552898759967,132.57339633926136,129.73803238759723,130.70645141601562,103200,0.0,0.0
2018-06-11 00:00:00-04:00,130.29711652072535,131.80466327316023,129.78795387817652,130.70645141601562,61100,0.0,0.0
2018-06-12 00:00:00-04:00,130.6864914647852,132.28388790283282,128.2504839859197,129.07911682128906,90100,0.0,0.0
2018-06-13 00:00:00-04:00,129.14900258768523,130.67650579867976,128.70971783060696,130.16734313964844,72300,0.0,0.0
2018-06-14 00:00:00-04:00,130.69648063179562,130.69648063179562,128.7596424649942,129.6182403564453,80600,0.0,0.0
2018-06-15 00:00:00-04:00,128.98926672630228,130.17732822742596,127.91102642025479,129.5084228515625,103500,0.0,0.0
2018-06-18 00:00:00-04:00,129.05915409529982,131.50515489382818,128.01086368624462,129.88780212402344,67400,0.0,0.0
2018-06-19 00:00:00-04:00,128.84949156806874,128.93934111556257,126.91266102490283,127.7313232421875,118300,0.0,0.0
2018-06-20 00:00:00-04:00,128.15063417322187,131.54508238097935,125.56485472993332,130.89614868164062,98000,0.0,0.0
2018-06-21 00:00:00-04:00,130.44688525911377,130.8961482212219,127.60152777592789,128.14065551757812,123300,0.0,0.0
2018-06-22 00:00:00-04:00,128.989258880636,130.08747076459986,126.87272168670609,128.99925231933594,169600,0.0,0.0
2018-06-25 00:00:00-04:00,128.39024934693788,128.39024934693788,125.79448405851923,127.14228057861328,75400,0.0,0.0
2018-06-26 00:00:00-04:00,127.31200038759827,128.85948286591105,125.03572048550537,128.2904052734375,75500,0.0,0.0
2018-06-27 00:00:00-04:00,128.9792764962711,131.37535568594691,128.9792764962711,130.69647216796875,137300,0.0,0.0
2018-06-28 00:00:00-04:00,130.59664277370368,132.69322370820433,129.6981167925757,131.69485473632812,126600,0.0,0.0
2018-06-29 00:00:00-04:00,131.97439114646494,134.3704704822237,128.42020019706567,128.5998992919922,123400,0.0,0.0
2018-07-02 00:00:00-04:00,127.5516144108346,128.48009780426202,126.89268727236018,128.2904052734375,76200,0.0,0.0
2018-07-03 00:00:00-04:00,129.00923530582688,131.90449913064313,127.79122398352185,128.0308380126953,51700,0.0,0.0
2018-07-05 00:00:00-04:00,128.69973494263846,130.95604310910156,127.42181638827041,130.84622192382812,79200,0.0,0.0
2018-07-06 00:00:00-04:00,130.81627210657595,134.1408422790934,130.78632225912173,132.87290954589844,86700,0.0,0.0
2018-07-09 00:00:00-04:00,133.23232455428726,135.63839722142797,132.37372670448974,134.7698211669922,69100,0.0,0.0
2018-07-10 00:00:00-04:00,135.07932477787716,136.10764359895092,132.25393876282448,133.4320068359375,51400,0.0,0.0
2018-07-11 00:00:00-04:00,132.5434565585895,133.93118879225457,131.67488044535992,131.8146514892578,41900,0.0,0.0
2018-07-12 00:00:00-04:00,132.58339401792358,133.34214890373494,129.7879580289808,132.77308654785156,73800,0.0,0.0
2018-07-13 00:00:00-04:00,132.86294328697878,135.38881554204968,132.86294328697878,135.15919494628906,93500,0.0,0.0
2018-07-16 00:00:00-04:00,135.22906072472637,135.47865294283545,132.9428027097631,133.7415008544922,36300,0.0,0.0
2018-07-17 00:00:00-04:00,133.42202591807222,134.85967964402903,133.42202591807222,134.7099151611328,55600,0.0,0.0
2018-07-18 00:00:00-04:00,134.49028116556138,137.9845723140972,133.63168330256514,137.1060028076172,71100,0.0,0.0
2018-07-19 00:00:00-04:00,136.74659771753284,138.86313503862146,135.78815681268247,138.05445861816406,60300,0.0,0.0
2018-07-20 00:00:00-04:00,137.7749049850188,140.0412066006267,136.57686537975516,139.3922576904297,65400,0.0,0.0
2018-07-23 00:00:00-04:00,139.0528191039268,140.22090888827609,137.36557322634434,138.84317016601562,71200,0.0,0.0
2018-07-24 00:00:00-04:00,139.2325371403836,140.10111323126458,137.22580584917475,137.86476135253906,51900,0.0,0.0
2018-07-25 00:00:00-04:00,137.79488742816596,143.38574443556445,137.79488742816596,141.3790283203125,59300,0.0,0.0
2018-07-26 00:00:00-04:00,141.36905198268252,145.9815117406571,141.36905198268252,144.2942657470703,98700,0.0,0.0
2018-07-27 00:00:00-04:00,144.13451202748678,144.31422634963045,139.38228158694812,140.85986328125,84300,0.0,0.0
2018-07-30 00:00:00-04:00,140.51045010559972,143.33583603398438,140.51045010559972,141.64859008789062,61400,0.0,0.0
2018-07-31 00:00:00-04:00,142.13778300175127,147.12962776808544,141.92813405254995,145.14288330078125,165600,0.0,0.0
2018-08-01 00:00:00-04:00,145.10294062917154,151.25289706360354,140.1610173362499,143.5554656982422,107100,0.0,0.0
2018-08-02 00:00:00-04:00,142.64695160366983,145.2227451629834,140.01125834849555,142.73680114746094,76300,0.0,0.0
2018-08-03 00:00:00-04:00,143.77509536777964,145.66201192119183,139.0627930864931,139.6717987060547,86800,0.0,0.0
2018-08-06 00:00:00-04:00,139.76167129642167,142.9963768637591,138.7832587815028,141.9181365966797,54200,0.0,0.0
2018-08-07 00:00:00-04:00,142.2475970464291,143.54547966722308,139.0028981113944,139.28244018554688,103500,0.0,0.0
2018-08-08 00:00:00-04:00,139.1127172049583,140.52042099324694,136.53692364571742,139.552001953125,116700,0.0,0.0
2018-08-09 00:00:00-04:00,139.93139490892645,141.5487477240718,139.4721384915673,139.7716522216797,133900,0.0,0.0
2018-08-10 00:00:00-04:00,138.7732848452848,147.6587624576454,138.7732848452848,139.64186096191406,40600,0.0,0.0
2018-08-13 00:00:00-04:00,139.64185413172677,141.03957974171183,139.44218339712907,140.01126098632812,79700,0.0,0.0
2018-08-14 00:00:00-04:00,139.6917765636725,145.0530127548881,139.6917765636725,144.36415100097656,101600,0.0,0.0
2018-08-15 00:00:00-04:00,143.295886876256,145.35252437108045,141.45889175795648,142.89654541015625,72100,0.0,0.0
2018-08-16 00:00:00-04:00,144.02468870961346,145.32257129647363,142.43728585134377,142.57705688476562,58500,0.0,0.0
2018-08-17 00:00:00-04:00,142.30750442799922,145.0430408543863,142.30750442799922,144.7135772705078,35300,0.0,0.0
2018-08-20 00:00:00-04:00,144.95319129834053,147.01980711761752,143.7751080074999,145.00311279296875,35700,0.0,0.0
2018-08-21 00:00:00-04:00,145.20278125808977,149.6355417948247,145.20278125808977,148.16793823242188,54900,0.0,0.0
2018-08-22 00:00:00-04:00,147.68871338768972,147.87840592808828,146.19115994315553,147.32931518554688,54900,0.0,0.0
2018-08-23 00:00:00-04:00,147.31931173061753,148.36760211730302,146.2610431391847,146.80015563964844,48400,0.0,0.0
2018-08-24 00:00:00-04:00,147.18951524348836,149.19624642258867,147.0597376493948,148.93666076660156,47200,0.0,0.0
2018-08-27 00:00:00-04:00,149.63553748545897,151.6522317203694,148.49739753452613,150.4442138671875,82500,0.0,0.0
2018-08-28 00:00:00-04:00,150.4442075223177,151.45255459724663,148.32767039185694,148.3576202392578,41200,0.0,0.0
2018-08-29 00:00:00-04:00,148.76695247889657,149.85518621745467,148.4574605403154,149.34600830078125,37800,0.0,0.0
2018-08-30 00:00:00-04:00,149.3459967229859,151.2728565781102,148.30769979334437,149.23617553710938,56200,0.0,0.0
2018-08-31 00:00:00-04:00,149.24617318238307,150.3343916333512,148.29771053494244,149.56564331054688,65600,0.0,0.0
2018-09-04 00:00:00-04:00,149.25614772236855,150.15467362178597,146.8301186536015,149.3859405517578,46500,0.0,0.0
2018-09-05 00:00:00-04:00,149.33602217431726,153.03996226938318,147.9283183665017,152.60069274902344,101200,0.0,0.0
2018-09-06 00:00:00-04:00,152.53080892161586,154.74718923779838,152.53080892161586,154.42770385742188,66900,0.0,0.0
2018-09-07 00:00:00-04:00,154.26797013741168,156.17484320121687,153.24962957118584,153.4992218017578,75100,0.0,0.0
2018-09-10 00:00:00-04:00,154.33785441327504,155.6457153180523,152.8602726127688,153.2696075439453,79600,0.0,0.0
2018-09-11 00:00:00-04:00,152.46092541125537,153.15978061276175,151.51246274431725,151.62228393554688,44900,0.0,0.0
2018-09-12 00:00:00-04:00,151.48250712573002,152.54077570969065,149.91507589304314,150.5540313720703,78000,0.0,0.0
2018-09-13 00:00:00-04:00,151.48250766690904,151.5524008015978,148.56727233131394,148.9666290283203,49900,0.0,0.0
2018-09-14 00:00:00-04:00,148.46744248791663,151.21295690126308,148.46744248791663,150.394287109375,72900,0.0,0.0
2018-09-17 00:00:00-04:00,150.46419178245677,153.51919834472332,148.5173601347485,151.0831756591797,72900,0.0,0.0
2018-09-18 00:00:00-04:00,151.4625627746055,155.31626759882357,150.2944576767026,151.9717254638672,121100,0.0,0.0
2018-09-19 00:00:00-04:00,152.06156663064453,154.69725995037854,149.28610227251178,150.4442138671875,84700,0.0,0.0
2018-09-20 00:00:00-04:00,150.95337492554967,153.29954793865335,147.5189834654747,152.02163696289062,85400,0.0,0.0
2018-09-21 00:00:00-04:00,152.13145814641825,157.9219855903197,151.65223010509777,152.60069274902344,196900,0.0,0.0
2018-09-24 00:00:00-04:00,152.54078739697778,152.54078739697778,150.16467962030362,150.95338439941406,89000,0.0,0.0
2018-09-25 00:00:00-04:00,150.90345450425693,153.878604821534,149.81523604956527,150.583984375,98200,0.0,0.0
2018-09-26 00:00:00-04:00,150.63390645518967,152.72049382704208,147.3093361471207,147.54893493652344,70500,0.0,0.0
2018-09-27 00:00:00-04:00,148.05811550833815,148.367607439512,146.45074092013445,147.13961791992188,51500,0.0,0.0
2018-09-28 00:00:00-04:00,147.06971794902236,150.14469594157518,146.92994691453814,150.11474609375,137300,0.0,0.0
2018-10-01 00:00:00-04:00,150.8136081385373,151.3527358917581,149.61556846923673,150.03488159179688,83900,0.0,0.0
2018-10-02 00:00:00-04:00,149.98496109065812,151.29282196027356,149.16630648421608,151.20297241210938,86200,0.0,0.0
2018-10-03 00:00:00-04:00,151.67220172397623,156.6939960810066,151.67220172397623,154.04832458496094,108500,0.0,0.0
2018-10-04 00:00:00-04:00,154.22802940147716,155.5758335624276,153.4093747932836,155.40611267089844,113000,0.0,0.0
2018-10-05 00:00:00-04:00,155.69563406334316,156.6740313648141,153.38940423578254,154.54751586914062,158200,0.0,0.0
2018-10-08 00:00:00-04:00,154.49758594345622,155.5358828875914,152.07155684963726,154.1781005859375,103400,0.0,0.0
2018-10-09 00:00:00-04:00,153.9984073301959,155.37616132735,152.35110469056454,152.93014526367188,126400,0.0,0.0
2018-10-10 00:00:00-04:00,152.93014280555548,154.1182042496398,146.45073830884436,146.9698944091797,153500,0.0,0.0
2018-10-11 00:00:00-04:00,146.19114733311494,147.1096601057008,140.9996322199823,141.12942504882812,240800,0.0,0.0
2018-10-12 00:00:00-04:00,143.5155347980782,143.5155347980782,136.21746030072705,137.7349853515625,174800,0.0,0.0
2018-10-15 00:00:00-04:00,137.45543007592394,139.66183216399386,137.29570262127962,138.62353515625,173500,0.0,0.0
2018-10-16 00:00:00-04:00,139.57198119995815,145.1528599320641,137.4554286829316,144.693603515625,145400,0.0,0.0
2018-10-17 00:00:00-04:00,144.33420795471918,145.70196855597334,143.27592405994366,144.86334228515625,88200,0.0,0.0
2018-10-18 00:00:00-04:00,144.51390450080666,145.51227344381743,142.24760273467996,143.53550720214844,123500,0.0,0.0
2018-10-19 00:00:00-04:00,142.79670506178923,144.853342594566,140.33073261667124,142.48721313476562,94700,0.0,0.0
2018-10-22 00:00:00-04:00,143.6553043635423,147.29934485522818,142.80668468163694,146.41079711914062,139700,0.0,0.0
2018-10-23 00:00:00-04:00,146.93992882527877,149.10640276527684,145.01308414172638,145.37249755859375,160600,0.0,0.0
2018-10-24 00:00:00-04:00,145.1428782109724,145.6819907239146,139.56198438015426,139.59194946289062,88700,0.0,0.0
2018-10-25 00:00:00-04:00,140.5803217218477,143.19604335291032,140.5803217218477,142.167724609375,95100,0.0,0.0
2018-10-26 00:00:00-04:00,140.26084852429955,147.01979482958677,140.26084852429955,143.58541870117188,96500,0.0,0.0
2018-10-29 00:00:00-04:00,145.56219340746713,145.73191429792658,139.81157860648412,141.6385955810547,64400,0.0,0.0
2018-10-30 00:00:00-04:00,142.08786491884615,146.6304310911269,140.65021130833708,146.3309326171875,95500,0.0,0.0
2018-10-31 00:00:00-04:00,149.20623471715408,149.68544754183702,146.2211213426342,147.43911743164062,96000,0.0,0.0
2018-11-01 00:00:00-04:00,147.74861567734663,151.93176847793296,145.28264333101072,150.394287109375,227000,0.0,0.0
2018-11-02 00:00:00-04:00,151.1230932331672,169.5629677560679,150.0748180911375,168.06541442871094,217800,0.0,0.0
2018-11-05 00:00:00-05:00,167.04709780159993,168.54465120665606,161.226605072547,162.0652313232422,113200,0.0,0.0
2018-11-06 00:00:00-05:00,162.12512474374265,165.26000247423963,155.4959558700974,157.66241455078125,143300,0.0,0.0
2018-11-07 00:00:00-05:00,157.56259709254402,160.84722427872316,156.5542346899636,160.65753173828125,137300,0.0,0.0
2018-11-08 00:00:00-05:00,160.46782763958447,164.69093901836084,160.46782763958447,162.86392211914062,74700,0.0,0.0
2018-11-09 00:00:00-05:00,161.86555483837384,163.39305803861075,158.78058335567334,159.8388671875,78900,0.0,0.0
2018-11-12 00:00:00-05:00,160.37797971515337,164.4912547141659,156.6540679783396,156.94358825683594,93600,0.0,0.0
2018-11-13 00:00:00-05:00,157.76225973688807,158.5609579132538,152.91018621529952,154.20806884765625,135900,0.0,0.0
2018-11-14 00:00:00-05:00,149.75533268106204,154.64733412175,149.1563052567777,150.9833221435547,108300,0.0,0.0
2018-11-15 00:00:00-05:00,149.7952664136712,153.1697582462245,148.5972267535738,152.920166015625,78300,0.0,0.0
2018-11-16 00:00:00-05:00,151.61230974906536,155.4260712263152,151.61230974906536,154.84703063964844,86900,0.0,0.0
2018-11-19 00:00:00-05:00,154.64733575682294,154.68727904361097,149.79526231729994,150.85354614257812,55800,0.0,0.0
2018-11-20 00:00:00-05:00,149.18626424566816,149.7553418569973,145.10293891383697,145.71194458007812,80800,0.0,0.0
2018-11-21 00:00:00-05:00,146.56056003642766,148.4474766798675,145.31259889039865,145.96153259277344,56700,0.0,0.0
2018-11-23 00:00:00-05:00,145.07299112660505,149.46582369053496,145.07299112660505,146.31097412109375,59300,0.0,0.0
2018-11-26 00:00:00-05:00,148.03814847296448,150.01491475231643,145.90163950354938,149.06646728515625,67800,0.0,0.0
2018-11-27 00:00:00-05:00,149.0664681163649,149.0664681163649,144.8633432937133,145.162841796875,45300,0.0,0.0
2018-11-28 00:00:00-05:00,146.26104966208615,153.27958208927484,145.06300998125883,152.51083374023438,75800,0.0,0.0
2018-11-29 00:00:00-05:00,152.27123185046605,154.96682488603201,150.76368503249452,151.32278442382812,52900,0.0,0.0
2018-11-30 00:00:00-05:00,150.72375692891634,152.99005864067047,147.8085215133347,152.77041625976562,101300,0.0,0.0
2018-12-03 00:00:00-05:00,156.84377049668313,158.950329622211,155.74555854161122,156.8936767578125,112400,0.0,0.0
2018-12-04 00:00:00-05:00,155.74555903038856,156.9535921847589,143.30587498440372,144.2942657470703,80200,0.0,0.0
2018-12-06 00:00:00-05:00,142.01797167861955,143.7052175054064,137.26574134426306,141.698486328125,115300,0.0,0.0
2018-12-07 00:00:00-05:00,141.2691971251293,143.5155271147515,135.79813990478596,136.7965087890625,98400,0.0,0.0
2018-12-10 00:00:00-05:00,136.53693426446284,138.25413010417313,132.33380944986496,135.30894470214844,118000,0.0,0.0
2018-12-11 00:00:00-05:00,137.56524941140154,140.16101474654135,133.08258262467837,133.97113037109375,104500,0.0,0.0
2018-12-12 00:00:00-05:00,135.72824940264664,138.3140212069299,134.33053903111528,135.5186004638672,179800,0.0,0.0
2018-12-13 00:00:00-05:00,136.20746753036312,139.651852569548,134.11090189118656,134.98947143554688,96200,0.0,0.0
2018-12-14 00:00:00-05:00,133.93119065463867,136.2673856121338,133.6117205072445,135.30894470214844,79500,0.0,0.0
2018-12-17 00:00:00-05:00,134.91957994712718,138.07442950054397,132.70319964868003,133.70156860351562,126100,0.0,0.0
2018-12-18 00:00:00-05:00,135.26901727438465,136.93629162676964,132.42365961538,134.0110626220703,190700,0.0,0.0
2018-12-19 00:00:00-05:00,134.16082034302022,138.41386645797067,130.35703719528482,131.4851837158203,118100,0.0,0.0
2018-12-20 00:00:00-05:00,131.0858348265934,132.2339529260783,127.51167246713372,128.23049926757812,148700,0.0,0.0
2018-12-21 00:00:00-05:00,128.31038041848385,130.45686754565898,124.99578822581972,126.80284118652344,303600,0.0,0.0
2018-12-24 00:00:00-05:00,126.10397605623069,129.04916132831906,124.91592221899305,125.11559295654297,77400,0.0,0.0
2018-12-26 00:00:00-05:00,125.64473248394644,133.531848815902,125.38515442079175,133.13250732421875,158200,0.0,0.0
2018-12-27 00:00:00-05:00,131.1457472987083,131.78470282425775,125.17549756172681,130.0874786376953,127200,0.0,0.0
2018-12-28 00:00:00-05:00,130.03755290254037,132.72316775691525,126.10397688787239,130.6265869140625,93800,0.0,0.0
2018-12-31 00:00:00-05:00,130.70645510921028,133.78143316220056,129.17895190450318,130.88616943359375,199500,0.0,0.0
2019-01-02 00:00:00-05:00,129.09908058967892,129.75800772271467,127.01249323563297,128.5699462890625,136600,0.0,0.0
2019-01-03 00:00:00-05:00,127.33196944458639,130.03754822882584,123.29855820545097,123.48825073242188,82900,0.0,0.0
2019-01-04 00:00:00-05:00,125.50496076728695,133.6216976518583,123.47827300172507,128.2005615234375,89400,0.0,0.0
2019-01-07 00:00:00-05:00,128.12068801558172,132.75311929206737,126.25373535397006,129.04916381835938,92800,0.0,0.0
2019-01-08 00:00:00-05:00,130.2671703797511,132.32380788537728,127.68139857350845,128.5699462890625,85500,0.0,0.0
2019-01-09 00:00:00-05:00,129.16897581423,130.31709397928998,127.75128615818184,129.74803161621094,163800,0.0,0.0
2019-01-10 00:00:00-05:00,128.5499756231383,132.0941883074694,128.5000693646595,132.05426025390625,129500,0.0,0.0
2019-01-11 00:00:00-05:00,131.82462075514684,131.82462075514684,129.35866362658,131.58502197265625,126500,0.0,0.0
2019-01-14 00:00:00-05:00,130.4069419286351,130.9859977235231,127.0923650746734,129.2987518310547,119500,0.0,0.0
2019-01-15 00:00:00-05:00,128.99926200521364,132.4236602783203,128.87944736912104,132.4236602783203,109400,0.0,0.0
2019-01-16 00:00:00-05:00,132.76309730410733,136.00779635735742,132.02431403860245,133.10255432128906,107200,0.0,0.0
2019-01-17 00:00:00-05:00,132.51349877669412,135.47865560480338,132.51349877669412,134.4902801513672,97000,0.0,0.0
2019-01-18 00:00:00-05:00,134.7698294107583,138.84317653566575,134.11090225072155,137.45542907714844,103600,0.0,0.0
2019-01-22 00:00:00-05:00,135.09928207196933,135.81809363930418,132.25392471425673,134.0210418701172,98000,0.0,0.0
2019-01-23 00:00:00-05:00,134.49028548133495,137.82483405680676,131.0958219734892,132.5135040283203,68700,0.0,0.0
2019-01-24 00:00:00-05:00,132.2639029022572,133.6516350145435,131.51512625388906,133.44198608398438,50100,0.0,0.0
2019-01-25 00:00:00-05:00,134.29059941914895,136.98620771986018,134.29059941914895,134.82972717285156,58700,0.0,0.0
2019-01-28 00:00:00-05:00,133.83136144249266,135.51860741358905,132.2339650211952,133.70156860351562,51000,0.0,0.0
2019-01-29 00:00:00-05:00,133.72152922267145,136.11760842315798,133.3022161242813,135.47865295410156,55900,0.0,0.0
2019-01-30 00:00:00-05:00,136.50698106587063,139.35233864187373,133.931187369486,138.4637908935547,107100,0.0,0.0
2019-01-31 00:00:00-05:00,137.96460689911518,139.8615018003967,137.32565138389288,139.19259643554688,110100,0.0,0.0
2019-02-01 00:00:00-05:00,139.4521589677545,142.1078238660503,137.15592271240578,138.9729461669922,105000,0.0,0.0
2019-02-04 00:00:00-05:00,138.66345477803137,140.7999635972088,137.0960235394738,140.57034301757812,135100,0.0,0.0
2019-02-05 00:00:00-05:00,128.01087031160398,134.97948144361885,128.01087031160398,131.2555694580078,265800,0.0,0.0
2019-02-06 00:00:00-05:00,130.03755436486955,133.1125325264793,128.52002931139566,133.10255432128906,128300,0.0,0.0
2019-02-07 00:00:00-05:00,131.58502303911254,131.58502303911254,128.5000668183419,129.85784912109375,151300,0.0,0.0
2019-02-08 00:00:00-05:00,129.02919899672546,130.26716665306103,127.92100893519599,129.54833984375,125200,0.0,0.0
2019-02-11 00:00:00-05:00,129.68811717699742,131.09582101643988,128.33033483055164,130.47683715820312,171500,0.0,0.0
2019-02-12 00:00:00-05:00,131.53509837979604,133.20237256155164,130.9660208126741,132.43362426757812,129600,0.0,0.0
2019-02-13 00:00:00-05:00,132.78306844039747,133.69158782796802,131.1157941459433,132.66326904296875,111600,0.0,0.0
2019-02-14 00:00:00-05:00,132.15408689624397,135.30893628779336,131.4951749976246,134.65000915527344,94300,0.0,0.0
2019-02-15 00:00:00-05:00,135.05934942101453,142.7368090318531,135.05934942101453,142.6669158935547,158400,0.0,0.0
2019-02-19 00:00:00-05:00,142.06789316887182,143.84498853777276,139.9513408065954,141.698486328125,111300,0.0,0.0
2019-02-20 00:00:00-05:00,141.80831843326158,144.56382647481874,141.17935635612886,144.26431274414062,88900,0.0,0.0
2019-02-21 00:00:00-05:00,143.67527830310357,144.344183667124,139.97132282011447,142.3773956298828,82600,0.0,0.0
2019-02-22 00:00:00-05:00,142.976411992529,143.60537401901195,140.84988143325342,141.83827209472656,94200,0.0,0.0
2019-02-25 00:00:00-05:00,143.02632454613905,146.3209449955447,142.43729054544215,144.21438598632812,129500,0.0,0.0
2019-02-26 00:00:00-05:00,144.12453116682912,144.43402308014504,141.72845196433803,142.42730712890625,67600,0.0,0.0
2019-02-27 00:00:00-05:00,142.097845133899,142.76675045832803,140.23090019506122,141.7184600830078,56600,0.0,0.0
2019-02-28 00:00:00-05:00,141.039585558423,142.01798286203288,139.84154586752703,139.92140197753906,59800,0.0,0.0
2019-03-01 00:00:00-05:00,140.81994097905977,142.1477734873826,139.97132129285538,141.92813110351562,45000,0.0,0.0
2019-03-04 00:00:00-05:00,142.01797912093662,143.11619102843738,139.09276549244032,140.03121948242188,82600,0.0,0.0
2019-03-05 00:00:00-05:00,140.1610160663119,144.1445136549106,138.4537984615121,139.3423614501953,70200,0.0,0.0
2019-03-06 00:00:00-05:00,139.27246148085308,140.5703440969888,136.2074616471026,136.81646728515625,82200,0.0,0.0
2019-03-07 00:00:00-05:00,137.00615770264935,138.02449822994646,134.03102269345612,134.48028564453125,71700,0.0,0.0
2019-03-08 00:00:00-05:00,133.39206515555196,135.90795897015266,132.40367449134098,135.3289031982422,44000,0.0,0.0
2019-03-11 00:00:00-04:00,135.67833432041095,135.98784149163654,130.26717643513308,134.13087463378906,188800,0.0,0.0
2019-03-12 00:00:00-04:00,134.4503374128616,134.78977918140743,131.4153026715628,131.74476623535156,138700,0.0,0.0
2019-03-13 00:00:00-04:00,132.20400737845105,135.10926452190756,131.05588924162683,133.77145385742188,147000,0.0,0.0
2019-03-14 00:00:00-04:00,133.79141555648252,135.20909761676432,132.62332573006512,133.24232482910156,100100,0.0,0.0
2019-03-15 00:00:00-04:00,133.78142832889404,135.2889598355604,131.21561302553803,131.27552795410156,459200,0.0,0.0
2019-03-18 00:00:00-04:00,131.42528034049252,135.00942100682647,130.85621799365052,134.4902801513672,211700,0.0,0.0
2019-03-19 00:00:00-04:00,135.08929985142865,135.45869148716247,131.94444376030296,132.53347778320312,80600,0.0,0.0
2019-03-20 00:00:00-04:00,132.6033688323181,133.65164402357445,130.1673462013319,131.9344482421875,114700,0.0,0.0
2019-03-21 00:00:00-04:00,131.8346152403621,134.13086673882893,131.58502301735265,132.75311279296875,127000,0.0,0.0
2019-03-22 00:00:00-04:00,132.05425929323115,132.6532714957248,125.25536187253994,125.96420288085938,146600,0.0,0.0
2019-03-25 00:00:00-04:00,126.0241138600817,127.81119516554756,124.9358877614682,126.43344116210938,122900,0.0,0.0
2019-03-26 00:00:00-04:00,127.67142011286741,129.15898773343608,126.16388846451791,128.060791015625,134300,0.0,0.0
2019-03-27 00:00:00-04:00,127.96094495265307,128.37027987336054,124.81608127463028,126.29367065429688,85800,0.0,0.0
2019-03-28 00:00:00-04:00,126.29366801752614,128.09073511514856,125.35519879799551,126.7030029296875,122900,0.0,0.0
2019-03-29 00:00:00-04:00,127.61151149373654,128.22050951037204,126.19382949490935,126.96257019042969,287900,0.0,0.0
2019-04-01 00:00:00-04:00,128.07076918873173,129.90776442213155,127.36192813995568,128.35031127929688,126200,0.0,0.0
2019-04-02 00:00:00-04:00,128.36030307910093,130.12740515033806,127.36192651319779,129.3486785888672,277500,0.0,0.0
2019-04-03 00:00:00-04:00,130.28713834566022,134.0010717838807,129.86782524571922,132.44361877441406,134600,0.0,0.0
2019-04-04 00:00:00-04:00,132.2738994590349,133.84133069161072,131.00596670574726,131.73477172851562,98200,0.0,0.0
2019-04-05 00:00:00-04:00,131.94444582846685,132.93282135230663,130.9959983602372,132.8429718017578,95600,0.0,0.0
2019-04-08 00:00:00-04:00,132.35378045147434,132.35378045147434,128.50007565325717,129.79794311523438,120800,0.0,0.0
2019-04-09 00:00:00-04:00,129.40857638066373,129.40857638066373,125.09563050639801,125.27533721923828,99700,0.0,0.0
2019-04-10 00:00:00-04:00,125.5548760755572,128.29040475231577,125.14554116690395,127.85111999511719,97600,0.0,0.0
2019-04-11 00:00:00-04:00,128.09074182976806,129.10908244411976,127.35194330815578,128.93934631347656,74200,0.0,0.0
2019-04-12 00:00:00-04:00,130.16734526541578,130.7963073288671,128.83951276761724,129.3187255859375,68000,0.0,0.0
2019-04-15 00:00:00-04:00,129.15897818509617,131.05588821292105,129.15897818509617,129.99761962890625,74000,0.0,0.0
2019-04-16 00:00:00-04:00,130.36702230228363,130.6166145454951,129.17896078717277,130.24722290039062,107700,0.0,0.0
2019-04-17 00:00:00-04:00,130.67650952618305,131.26554354274884,128.21053703361673,129.18893432617188,163400,0.0,0.0
2019-04-18 00:00:00-04:00,128.9293560354726,131.42527822543752,128.6298423258968,130.70645141601562,104800,0.0,0.0
2019-04-22 00:00:00-04:00,130.41693378051573,130.41693378051573,129.29875025776178,130.00759887695312,66100,0.0,0.0
2019-04-23 00:00:00-04:00,130.22724278622812,132.7830647530737,129.5583374459912,131.9044952392578,101600,0.0,0.0
2019-04-24 00:00:00-04:00,132.00434602116852,134.05100545007735,132.00434602116852,133.28225708007812,84200,0.0,0.0
2019-04-25 00:00:00-04:00,132.88291351204242,133.48192574248372,131.6050024730862,132.97276306152344,136500,0.0,0.0
2019-04-26 00:00:00-04:00,132.73314787737064,135.22907023397372,131.13576670948535,134.69993591308594,70900,0.0,0.0
2019-04-29 00:00:00-04:00,134.65000499079642,138.2241673832524,134.65000499079642,137.50534057617188,92700,0.0,0.0
2019-04-30 00:00:00-04:00,137.23580352618208,137.7848942653872,135.43873635687982,137.32565307617188,101900,0.0,0.0
2019-05-01 00:00:00-04:00,137.97457413417038,140.27082557108196,137.0161485544907,138.0744171142578,94100,0.0,0.0
2019-05-02 00:00:00-04:00,137.77491755926764,138.48376622933705,136.0177936601076,138.35397338867188,82300,0.0,0.0
2019-05-03 00:00:00-04:00,139.2724609191501,141.9580756854094,138.90306930267144,141.87820434570312,66700,0.0,0.0
2019-05-06 00:00:00-04:00,140.08113782663622,141.53876312256452,139.99128828183325,140.86985778808594,110200,0.0,0.0
2019-05-07 00:00:00-04:00,139.59195702940494,139.59195702940494,136.27736472885528,137.05609130859375,77600,0.0,0.0
2019-05-08 00:00:00-04:00,137.41550424256704,138.37394515543608,136.65674931055926,136.90634155273438,65300,0.0,0.0
2019-05-09 00:00:00-04:00,135.93792083535814,138.51371457237454,134.71990948915888,137.32565307617188,49000,0.0,0.0
2019-05-10 00:00:00-04:00,137.42548241365745,139.1726281084459,134.230704761396,137.19586181640625,74500,0.0,0.0
2019-05-13 00:00:00-04:00,134.63006123596477,135.88800064964255,132.11416717470775,133.86131286621094,119900,0.0,0.0
2019-05-14 00:00:00-04:00,133.9311865004643,137.30567837469988,133.06261040209753,134.97947692871094,87800,0.0,0.0
2019-05-15 00:00:00-04:00,134.15082933807759,136.87638750750804,133.77145950065108,136.57687377929688,85700,0.0,0.0
2019-05-16 00:00:00-04:00,136.91631392237403,140.98966096911983,136.83644258021423,138.154296875,67400,0.0,0.0
2019-05-17 00:00:00-04:00,136.8064901648275,138.85314947181527,135.61842872757555,135.66835021972656,92000,0.0,0.0
2019-05-20 00:00:00-04:00,134.68995505165688,136.33725768096818,134.1009210432511,135.68832397460938,83700,0.0,0.0
2019-05-21 00:00:00-04:00,136.21746440689145,138.6534871257984,136.16754291172012,138.35397338867188,100400,0.0,0.0
2019-05-22 00:00:00-04:00,137.8348093898834,139.24251321027063,136.3871775159798,138.71337890625,120800,0.0,0.0
2019-05-23 00:00:00-04:00,141.7584060375119,141.7584060375119,134.2806174689759,140.15103149414062,195700,0.0,0.0
2019-05-24 00:00:00-04:00,146.43077084592247,147.0597481540197,142.52714462787645,147.00982666015625,143300,0.0,0.0
2019-05-28 00:00:00-04:00,147.54893552003367,149.56564499758593,146.10130363736474,146.25106811523438,131000,0.0,0.0
2019-05-29 00:00:00-04:00,145.1528573604999,145.26267855157877,142.22764372324568,143.0762481689453,117300,0.0,0.0
2019-05-30 00:00:00-04:00,143.66528166070302,144.73354371861166,141.82828650191325,142.636962890625,106000,0.0,0.0
2019-05-31 00:00:00-04:00,141.45889595541993,142.66691382825204,140.52042672494818,142.06790161132812,93500,0.0,0.0
2019-06-03 00:00:00-04:00,142.4273175695715,144.55383306664947,141.80831846366374,143.6852569580078,130000,0.0,0.0
2019-06-04 00:00:00-04:00,144.47396644740954,148.63716282357439,144.47396644740954,148.5073699951172,129900,0.0,0.0
2019-06-05 00:00:00-04:00,148.88676714281746,149.5856223645786,147.07972177158464,149.05648803710938,85400,0.0,0.0
2019-06-06 00:00:00-04:00,148.6571229102737,151.2229382919875,147.55892626213702,150.1347198486328,110800,0.0,0.0
2019-06-07 00:00:00-04:00,150.61393371546907,151.60232441626516,148.7769385852122,148.98658752441406,75300,0.0,0.0
2019-06-10 00:00:00-04:00,149.84519071342302,152.95011872959716,148.39755879560957,148.7469940185547,78700,0.0,0.0
2019-06-11 00:00:00-04:00,149.9350381119155,150.98332853181725,147.688708026655,149.01654052734375,86900,0.0,0.0
2019-06-12 00:00:00-04:00,148.9965767931827,153.63898598095975,148.25777833947555,152.4209747314453,120900,0.0,0.0
2019-06-13 00:00:00-04:00,153.1398120325706,154.63736545171716,151.97172219370444,153.67892456054688,99200,0.0,0.0
2019-06-14 00:00:00-04:00,153.59906705180384,154.14815778003586,150.0848041280534,150.3343963623047,63000,0.0,0.0
2019-06-17 00:00:00-04:00,150.63390960339257,151.342743015391,149.1064063534231,149.6055908203125,80700,0.0,0.0
2019-06-18 00:00:00-04:00,150.89348148873793,152.7803981823156,150.2844758239377,152.08154296875,87600,0.0,0.0
2019-06-19 00:00:00-04:00,151.72213150492658,154.25798195096692,150.90346164850249,154.12820434570312,73400,0.0,0.0
2019-06-20 00:00:00-04:00,155.86535156900354,161.26653110498367,154.64734026278506,160.30810546875,161200,0.0,0.0
2019-06-21 00:00:00-04:00,159.38959001003246,162.14509794479565,158.89040555621602,161.5860137939453,197800,0.0,0.0
2019-06-24 00:00:00-04:00,161.73576196741084,162.27487447105264,160.7473712711836,161.57601928710938,160000,0.0,0.0
2019-06-25 00:00:00-04:00,161.70581001477527,164.27161013541348,160.50777039590565,163.293212890625,165900,0.0,0.0
2019-06-26 00:00:00-04:00,163.6426464787018,163.8023891553467,160.49777537209314,160.52772521972656,114300,0.0,0.0
2019-06-27 00:00:00-04:00,160.4478732947578,163.46293641699322,159.7090748214555,163.1734161376953,113200,0.0,0.0
2019-06-28 00:00:00-04:00,163.48291161501126,167.19684523804602,163.43299012193643,166.5379180908203,239800,0.0,0.0
2019-07-01 00:00:00-04:00,168.86411101728143,171.26019022527,166.09862496625206,168.77426147460938,127000,0.0,0.0
2019-07-02 00:00:00-04:00,168.8441430752067,168.8441430752067,166.08865040223162,167.79586791992188,119000,0.0,0.0
2019-07-03 00:00:00-04:00,168.17524196549118,169.60291744644016,166.66771037656676,167.25674438476562,78000,0.0,0.0
2019-07-05 00:00:00-04:00,165.8889765082484,166.80747404840344,164.7108933099864,165.7392120361328,91400,0.0,0.0
2019-07-08 00:00:00-04:00,164.8906214699559,165.73922594757187,161.63592890315405,162.68421936035156,103800,0.0,0.0
2019-07-09 00:00:00-04:00,161.43625869136272,162.70419154317202,160.34804017499087,162.54444885253906,91200,0.0,0.0
2019-07-10 00:00:00-04:00,163.13346914739336,163.65262523127768,160.86718275474294,162.41464233398438,65300,0.0,0.0
2019-07-11 00:00:00-04:00,162.78405394269666,163.1833954134318,161.13673609963772,162.3148193359375,100800,0.0,0.0
2019-07-12 00:00:00-04:00,162.744109055239,165.16015996740438,162.744109055239,163.89224243164062,77800,0.0,0.0
2019-07-15 00:00:00-04:00,163.95213790696874,163.95213790696874,161.2765013997572,162.69419860839844,86800,0.0,0.0
2019-07-16 00:00:00-04:00,162.96375507626846,165.34985619347498,162.96375507626846,164.0719451904297,93500,0.0,0.0
2019-07-17 00:00:00-04:00,163.6426486433835,163.6426486433835,160.11840767549933,160.2581787109375,62700,0.0,0.0
2019-07-18 00:00:00-04:00,159.89876581317046,162.17504567411652,159.11004585546263,161.5660400390625,63200,0.0,0.0
2019-07-19 00:00:00-04:00,161.21661430085558,164.12187161086896,160.9570438572222,161.3663787841797,71100,0.0,0.0
2019-07-22 00:00:00-04:00,160.99696825564374,162.6143362821809,160.29811305104172,160.8971405029297,69100,0.0,0.0
2019-07-23 00:00:00-04:00,161.3364277147038,164.82072558541418,161.3364277147038,164.2516632080078,77500,0.0,0.0
2019-07-24 00:00:00-04:00,163.2632661883859,165.39977504060383,162.47456145455288,163.9022216796875,129000,0.0,0.0
2019-07-25 00:00:00-04:00,164.17179201598532,164.17179201598532,161.42627741284105,161.6459197998047,77400,0.0,0.0
2019-07-26 00:00:00-04:00,161.93542955641377,164.60107264234406,161.08682514735366,164.1518096923828,47700,0.0,0.0
2019-07-29 00:00:00-04:00,163.67261019061746,164.19176631673972,161.6359289756232,161.81564331054688,67700,0.0,0.0
2019-07-30 00:00:00-04:00,161.29648232966656,164.64102434777357,160.87716920600047,164.52120971679688,93800,0.0,0.0
2019-07-31 00:00:00-04:00,164.55116744730054,167.27671024629475,161.6359168882449,162.4246368408203,129500,0.0,0.0
2019-08-01 00:00:00-04:00,159.71906197988415,166.60781694528495,155.6457147943892,160.21824645996094,136400,0.0,0.0
2019-08-02 00:00:00-04:00,159.26978490666372,162.93379683826555,158.46110855789357,161.6758575439453,102800,0.0,0.0
2019-08-05 00:00:00-04:00,158.740651061141,162.43461285037495,155.1864603049948,156.61412048339844,128300,0.0,0.0
2019-08-06 00:00:00-04:00,157.4028435951358,160.59762101140788,154.73720047434472,157.22312927246094,93200,0.0,0.0
2019-08-07 00:00:00-04:00,155.85537546652662,160.09844345155625,154.96682772137058,158.88043212890625,89700,0.0,0.0
2019-08-08 00:00:00-04:00,159.59926242702085,163.10353198960732,158.00186599874078,162.5344696044922,64300,0.0,0.0
2019-08-09 00:00:00-04:00,162.1450942254322,162.2549154121087,159.5193791837394,160.24818420410156,59100,0.0,0.0
2019-08-12 00:00:00-04:00,159.26979330735352,160.40793327193163,158.28140258789062,158.28140258789062,38100,0.0,0.0
2019-08-13 00:00:00-04:00,158.03181487347507,162.28487636311394,158.03181487347507,161.65589904785156,49300,0.0,0.0
2019-08-14 00:00:00-04:00,158.62085219450947,159.65914912460227,155.88531598487825,155.89529418945312,57300,0.0,0.0
2019-08-15 00:00:00-04:00,156.69399971182713,157.25308387233113,153.76878607422555,156.83377075195312,70100,0.0,0.0
2019-08-16 00:00:00-04:00,157.95195109667083,160.30810232083792,157.95195109667083,159.6990966796875,47900,0.0,0.0
2019-08-19 00:00:00-04:00,161.61595993035712,162.17504406836602,157.77223363069552,158.22149658203125,64200,0.0,0.0
2019-08-20 00:00:00-04:00,157.54261357459046,159.04016690660384,155.8553677164313,157.50267028808594,72400,0.0,0.0
2019-08-21 00:00:00-04:00,159.11004480713635,159.23983763742558,157.05340733526197,157.50267028808594,71900,0.0,0.0
2019-08-22 00:00:00-04:00,157.9719127647373,159.54933751455076,156.84376622406074,158.59091186523438,107300,0.0,0.0
2019-08-23 00:00:00-04:00,158.09173110745812,159.28977081417756,150.1646791177109,150.8036346435547,79100,0.0,0.0
2019-08-26 00:00:00-04:00,150.71377298083897,153.020002658558,149.7353605090368,150.54403686523438,83600,0.0,0.0
2019-08-27 00:00:00-04:00,151.6722116079079,154.3378549211908,149.9849656165948,153.4193572998047,102800,0.0,0.0
2019-08-28 00:00:00-04:00,152.7504378098708,156.53424914159143,152.0615608489905,155.74554443359375,63800,0.0,0.0
2019-08-29 00:00:00-04:00,157.4128306296886,160.0684956947019,157.1931882418213,159.47946166992188,82000,0.0,0.0
2019-08-30 00:00:00-04:00,159.7390252548121,160.2382097087334,158.15162234747856,159.26979064941406,55100,0.0,0.0
2019-09-03 00:00:00-04:00,158.10170410971475,158.10170410971475,153.0000382762691,156.1149444580078,118100,0.0,0.0
2019-09-04 00:00:00-04:00,157.73231248331894,157.73231248331894,155.82542417392423,156.40447998046875,95400,0.0,0.0
2019-09-05 00:00:00-04:00,158.31135981433255,162.33478516170052,157.1831981107822,160.3779754638672,113000,0.0,0.0
2019-09-06 00:00:00-04:00,160.17830896249802,160.7373931098037,159.12004036454078,159.2598114013672,87000,0.0,0.0
2019-09-09 00:00:00-04:00,159.73902999922285,160.32806401620874,157.9219912207092,159.16995239257812,79400,0.0,0.0
2019-09-10 00:00:00-04:00,158.82053296444292,160.4079359245176,156.5242813533324,158.74066162109375,81000,0.0,0.0
2019-09-11 00:00:00-04:00,159.429538627817,159.429538627817,157.3329577581289,158.74066162109375,139900,0.0,0.0
2019-09-12 00:00:00-04:00,159.12003928147962,162.31481669712406,154.57745776468968,161.85556030273438,131800,0.0,0.0
2019-09-13 00:00:00-04:00,162.93381178815278,167.98555630578224,161.33643058697467,167.1768798828125,111300,0.0,0.0
2019-09-16 00:00:00-04:00,166.7276069360759,169.86248468467963,165.0803043383515,166.64773559570312,116600,0.0,0.0
2019-09-17 00:00:00-04:00,166.15853791408588,166.6976656809189,163.44298837092805,164.1218719482422,72100,0.0,0.0
2019-09-18 00:00:00-04:00,164.3614806955196,165.24003498885233,163.14346939054607,164.94053649902344,154200,0.0,0.0
2019-09-19 00:00:00-04:00,165.27997247011433,165.61941423592893,161.86555270091384,162.4246368408203,100500,0.0,0.0
2019-09-20 00:00:00-04:00,162.1650583603381,167.01713198064584,161.84558822363232,166.54791259765625,257900,0.0,0.0
2019-09-23 00:00:00-04:00,165.80911612075786,168.28506683747815,165.3099316485376,167.72598266601562,113000,0.0,0.0
2019-09-24 00:00:00-04:00,168.07541806698669,168.135317766292,163.05362348987856,164.83071899414062,181900,0.0,0.0
2019-09-25 00:00:00-04:00,165.23005662416486,170.34170063098261,162.0752071738754,169.57296752929688,101500,0.0,0.0
2019-09-26 00:00:00-04:00,169.2634670829934,170.37165723996276,163.5228455525641,163.8423309326172,88900,0.0,0.0
2019-09-27 00:00:00-04:00,164.84068823684422,166.60780543977592,162.24492302614118,164.60107421875,86600,0.0,0.0
2019-09-30 00:00:00-04:00,164.78079116859806,166.9771997175041,164.78079116859806,165.63938903808594,108500,0.0,0.0
2019-10-01 00:00:00-04:00,166.37817905239342,167.4963626329492,157.79221524190783,158.1715850830078,90000,0.0,0.0
2019-10-02 00:00:00-04:00,157.20317655319127,158.40121620817877,153.7388351885345,157.40284729003906,81100,0.0,0.0
2019-10-03 00:00:00-04:00,156.71396929260095,157.96193043226052,153.32949929120025,155.65570068359375,71000,0.0,0.0
2019-10-04 00:00:00-04:00,156.04505974056957,157.32297069439787,155.37615441582352,157.0634002685547,69000,0.0,0.0
2019-10-07 00:00:00-04:00,156.39448073694862,158.29139077086026,154.63735697237078,157.36289978027344,107800,0.0,0.0
2019-10-08 00:00:00-04:00,156.20480777874968,156.9136411802965,152.30118164909624,152.77041625976562,46400,0.0,0.0
2019-10-09 00:00:00-04:00,154.5075756566374,161.296487670578,153.4393287849042,155.446044921875,66000,0.0,0.0
2019-10-10 00:00:00-04:00,155.77550216895006,157.6025191300017,154.63736220366062,155.96519470214844,57600,0.0,0.0
2019-10-11 00:00:00-04:00,156.47435155030885,161.5860106159067,153.99840097356787,159.52935791015625,78200,0.0,0.0
2019-10-14 00:00:00-04:00,158.7406532024515,159.9786361078571,157.5825416361592,159.23983764648438,73300,0.0,0.0
2019-10-15 00:00:00-04:00,159.52936157135352,163.13347394909377,158.8005565318816,161.4462432861328,69500,0.0,0.0
2019-10-16 00:00:00-04:00,160.68747632297973,163.05362104740254,159.56930799562778,160.60760498046875,106200,0.0,0.0
2019-10-17 00:00:00-04:00,161.33642306473573,164.43135756678788,159.99859713832404,164.0619659423828,100000,0.0,0.0
2019-10-18 00:00:00-04:00,163.05361779651378,163.91220043511177,161.94542769635743,162.60433959960938,87500,0.0,0.0
2019-10-21 00:00:00-04:00,163.55280435740468,164.24166611813192,161.9853578352626,163.203369140625,79300,0.0,0.0
2019-10-22 00:00:00-04:00,162.67422853073097,164.27160960611008,160.10841318445986,160.5377197265625,76300,0.0,0.0
2019-10-23 00:00:00-04:00,160.05850477735657,160.67748860278522,157.56258259882168,157.91200256347656,103700,0.0,0.0
2019-10-24 00:00:00-04:00,158.71070966356586,159.15997263427442,154.23802113272583,159.01022338867188,76800,0.0,0.0
2019-10-25 00:00:00-04:00,158.83051478039886,161.1666944993426,157.4328043247662,159.78895568847656,85500,0.0,0.0
2019-10-28 00:00:00-04:00,160.80729507568432,162.32480492058878,160.2781455137477,162.09518432617188,91900,0.0,0.0
2019-10-29 00:00:00-04:00,161.5860090536158,163.44297577669258,161.31644519097077,163.1334686279297,67100,0.0,0.0
2019-10-30 00:00:00-04:00,162.92383080164242,162.92383080164242,160.4778299297246,162.2249755859375,79000,0.0,0.0
2019-10-31 00:00:00-04:00,161.91546640445426,161.91546640445426,158.27142588890098,160.17831420898438,86900,0.0,0.0
2019-11-01 00:00:00-04:00,163.3830724677135,167.91567602875122,159.50941130328485,162.66424560546875,115800,0.0,0.0
2019-11-04 00:00:00-05:00,163.24329770795552,164.18176693640547,161.5161237303896,163.6426544189453,70700,0.0,0.0
2019-11-05 00:00:00-05:00,163.7824191409657,165.4397151513617,162.9737427790219,163.00369262695312,85700,0.0,0.0
2019-11-06 00:00:00-05:00,163.14347092711208,166.4780195057538,162.85393540568276,165.38980102539062,71300,0.0,0.0
2019-11-07 00:00:00-05:00,166.74758750080034,167.7559346633906,166.22843137755223,167.16690063476562,69500,0.0,0.0
2019-11-08 00:00:00-05:00,167.0670439637628,167.87572031546344,164.18175852303213,167.03709411621094,56000,0.0,0.0
2019-11-11 00:00:00-05:00,165.98881162163522,166.58783906887956,164.57112957931784,166.0986328125,66500,0.0,0.0
2019-11-12 00:00:00-05:00,166.55788975385218,167.1668954080726,165.24003545925024,165.9588623046875,38100,0.0,0.0
2019-11-13 00:00:00-05:00,164.94054173742427,165.69929665892303,163.6426590493096,164.99044799804688,52100,0.0,0.0
2019-11-14 00:00:00-05:00,159.35964017812884,163.26326626351658,159.35964017812884,160.4279022216797,61000,0.0,0.0
2019-11-15 00:00:00-05:00,161.8156306849933,163.54280459029638,161.49614532956832,162.5644073486328,72500,0.0,0.0
2019-11-18 00:00:00-05:00,161.38632626368937,164.23168371647108,158.31136346376653,159.9786376953125,78000,0.0,0.0
2019-11-19 00:00:00-05:00,160.71742091354602,162.16505276867676,159.77895171212458,160.8472137451172,77900,0.0,0.0
2019-11-20 00:00:00-05:00,160.35800700845556,161.63591797509173,154.34783723014806,155.19644165039062,129400,0.0,0.0
2019-11-21 00:00:00-05:00,155.98516523488948,157.87208188058204,153.6489703889695,157.69236755371094,80800,0.0,0.0
2019-11-22 00:00:00-05:00,158.16160462675126,161.96538782619658,156.91364345979932,161.62594604492188,76300,0.0,0.0
2019-11-25 00:00:00-05:00,162.32480158977313,165.9788355503563,162.32480158977313,165.53955078125,76300,0.0,0.0
2019-11-26 00:00:00-05:00,165.12023606297765,166.5379181098398,163.90222475453677,165.9588623046875,59800,0.0,0.0
2019-11-27 00:00:00-05:00,165.93890430137603,167.14692215926195,164.3514861465009,166.378173828125,58500,0.0,0.0
2019-11-29 00:00:00-05:00,165.72923542688181,166.5678616367613,164.88061577842504,165.60943603515625,25200,0.0,0.0
2019-12-02 00:00:00-05:00,165.599444195188,166.4780137000574,161.2365769868622,162.2948455810547,57900,0.0,0.0
2019-12-03 00:00:00-05:00,160.41791030985425,162.55443441729258,159.4994127340615,161.74574279785156,53900,0.0,0.0
2019-12-04 00:00:00-05:00,162.524466696311,164.35148361327018,160.9170921562912,161.57601928710938,54700,0.0,0.0
2019-12-05 00:00:00-05:00,161.655899969958,164.0819444613076,161.655899969958,163.6925811767578,43500,0.0,0.0
2019-12-06 00:00:00-05:00,164.4513344259738,167.07704963554232,164.4513344259738,164.98046875,73300,0.0,0.0
2019-12-09 00:00:00-05:00,164.45133656888507,165.42973388573344,162.99371118207304,164.42138671875,53200,0.0,0.0
2019-12-10 00:00:00-05:00,164.48127697119315,164.8207187424938,162.32479648192938,162.5943603515625,72900,0.0,0.0
2019-12-11 00:00:00-05:00,163.13347782368973,169.24350606262962,162.66424320570528,169.0138702392578,67000,0.0,0.0
2019-12-12 00:00:00-05:00,168.17523868942953,174.65465835510003,167.97556795557892,173.8859100341797,101400,0.0,0.0
2019-12-13 00:00:00-05:00,173.1571077408122,173.75611995184417,169.56297353901735,170.00225830078125,106300,0.0,0.0
2019-12-16 00:00:00-05:00,171.6994815394509,171.6994815394509,162.9937033919151,163.33316040039062,104800,0.0,0.0
2019-12-17 00:00:00-05:00,163.78242852529584,163.85230642983913,155.1964495020479,155.99514770507812,169000,0.0,0.0
2019-12-18 00:00:00-05:00,156.284656962192,160.60759601825234,154.9468463260625,159.21986389160156,90600,0.0,0.0
2019-12-19 00:00:00-05:00,159.23984190618435,159.7390263635705,157.27305392537085,157.54261779785156,87300,0.0,0.0
2019-12-20 00:00:00-05:00,157.63246577718638,159.01021974072557,156.56421897062668,157.09335327148438,130500,0.0,0.0
2019-12-23 00:00:00-05:00,157.3429506929675,159.0601464847188,156.36453816550153,158.59091186523438,91200,0.0,0.0
2019-12-24 00:00:00-05:00,159.10007770234938,159.7190615812513,158.4112006841385,158.62086486816406,18000,0.0,0.0
2019-12-26 00:00:00-05:00,158.68075927990571,158.86045837402344,156.6540715821069,158.86045837402344,32200,0.0,0.0
2019-12-27 00:00:00-05:00,159.23984504541406,159.23984504541406,157.54262090362243,158.73068237304688,54400,0.0,0.0
2019-12-30 00:00:00-05:00,158.85047917456146,158.97027856988998,156.77386999676284,157.40284729003906,61300,0.0,0.0
2019-12-31 00:00:00-05:00,157.44277059523682,159.62920089744222,156.31462411081736,158.08172607421875,89700,0.0,0.0
2020-01-02 00:00:00-05:00,159.28976490058847,160.487804562831,156.88369213716504,160.30810546875,112100,0.0,0.0
2020-01-03 00:00:00-05:00,158.7706066488211,162.38469723068212,158.5110362162451,162.02528381347656,116500,0.0,0.0
2020-01-06 00:00:00-05:00,161.52610248265194,163.10352722012854,159.11005150010706,162.923828125,104800,0.0,0.0
2020-01-07 00:00:00-05:00,162.54444502442516,165.28995961517566,161.17668444860874,165.260009765625,86900,0.0,0.0
2020-01-08 00:00:00-05:00,165.41975393205792,168.10536884772802,164.79077661806645,166.8673858642578,121900,0.0,0.0
2020-01-09 00:00:00-05:00,167.3465992993345,168.18524079898418,165.24004019572047,165.85903930664062,125300,0.0,0.0
2020-01-10 00:00:00-05:00,165.93890330828296,166.39814447610416,163.6127019188738,164.3415069580078,56000,0.0,0.0
2020-01-13 00:00:00-05:00,164.12186039459863,168.37490636046357,164.12186039459863,168.35494995117188,69000,0.0,0.0
2020-01-14 00:00:00-05:00,167.80584867834835,172.30848699051944,167.74594898100915,170.28179931640625,109900,0.0,0.0
2020-01-15 00:00:00-05:00,169.8325358313322,172.53812227942248,169.82255762643982,170.7111053466797,69800,0.0,0.0
2020-01-16 00:00:00-05:00,171.66952518881902,174.99409537411034,171.59964728912408,174.8543243408203,68900,0.0,0.0
2020-01-17 00:00:00-05:00,176.10229395448943,176.14222200854655,173.92585701170663,174.0656280517578,63300,0.0,0.0
2020-01-21 00:00:00-05:00,173.20702705136793,175.103921879922,171.82927308572096,172.2985076904297,66600,0.0,0.0
2020-01-22 00:00:00-05:00,173.09721122798345,174.2353512071761,170.22190381364365,170.61126708984375,96800,0.0,0.0
2020-01-23 00:00:00-05:00,169.9124099575915,169.9124099575915,166.04872708872364,166.24839782714844,108500,0.0,0.0
2020-01-24 00:00:00-05:00,166.29831677398843,166.29831677398843,161.78568503195814,162.3148193359375,118700,0.0,0.0
2020-01-27 00:00:00-05:00,159.4195367320958,162.59435771773377,157.4827138857484,161.2665252685547,119800,0.0,0.0
2020-01-28 00:00:00-05:00,162.25492063469278,164.23168682459695,160.60760278152205,163.77243041992188,65600,0.0,0.0
2020-01-29 00:00:00-05:00,163.97211060159572,165.30992124683146,162.44460743142798,162.7041778564453,51300,0.0,0.0
2020-01-30 00:00:00-05:00,161.36636824600134,164.1518107406693,161.36636824600134,162.7141571044922,59000,0.0,0.0
2020-01-31 00:00:00-05:00,162.01530961424356,162.32480154678623,154.61739214696485,155.25634765625,72400,0.0,0.0
2020-02-03 00:00:00-05:00,156.134913539463,157.98190212023675,152.56075100640888,153.3394775390625,103800,0.0,0.0
2020-02-04 00:00:00-05:00,156.50430283721568,173.97575853780796,153.74881016521212,173.296875,149500,0.0,0.0
2020-02-05 00:00:00-05:00,175.52323953228196,180.60493374103285,175.19377595658855,178.56826782226562,137800,0.0,0.0
2020-02-06 00:00:00-05:00,176.9109634034842,181.95272932031975,175.67299573558256,181.09413146972656,97300,0.0,0.0
2020-02-07 00:00:00-05:00,179.43683861586777,181.56336925345613,177.97922854891746,179.67645263671875,58800,0.0,0.0
2020-02-10 00:00:00-05:00,179.70640830833818,181.84291721998127,177.72964208243872,179.00755310058594,83100,0.0,0.0
2020-02-11 00:00:00-05:00,179.92604378864533,182.80135108609588,179.81622260064825,180.82456970214844,76100,0.0,0.0
2020-02-12 00:00:00-05:00,182.19234334164773,184.75814345494553,180.6748183706742,181.67318725585938,73700,0.0,0.0
2020-02-13 00:00:00-05:00,180.71475221115443,182.9511040697999,179.05747138643127,180.1356964111328,87600,0.0,0.0
2020-02-14 00:00:00-05:00,180.38528498356706,182.29217323282387,178.43846868134952,178.50836181640625,80900,0.0,0.0
2020-02-18 00:00:00-05:00,177.59985089735062,179.5067392371555,177.31033060641167,177.4301300048828,56300,0.0,0.0
2020-02-19 00:00:00-05:00,177.98921429420173,179.10738263774277,175.09395044728961,175.4034423828125,68300,0.0,0.0
2020-02-20 00:00:00-05:00,174.60474639357102,181.43358640774187,174.60474639357102,181.0741729736328,54500,0.0,0.0
2020-02-21 00:00:00-05:00,181.0142643871777,181.0142643871777,178.4784140621612,178.81785583496094,42900,0.0,0.0
2020-02-24 00:00:00-05:00,172.02895090964725,177.2903595285669,172.02895090964725,176.7113037109375,75700,0.0,0.0
2020-02-25 00:00:00-05:00,176.91097445366117,178.28872847608633,173.12716284547906,176.7113037109375,161900,0.0,0.0
2020-02-26 00:00:00-05:00,177.80951564676934,178.96761204812697,175.75286281840235,176.7113037109375,124200,0.0,0.0
2020-02-27 00:00:00-05:00,173.34680523264544,180.60493651270278,172.88754881386998,176.7113037109375,189300,0.0,0.0
2020-02-28 00:00:00-05:00,170.95070991517161,173.1471185439007,163.80239985809703,170.91078186035156,315900,0.0,0.0
2020-03-02 00:00:00-05:00,171.4998132484221,174.1654564583517,165.20010774960443,170.45152282714844,89500,0.0,0.0
2020-03-03 00:00:00-05:00,170.35168770122414,176.64139948882217,166.5678610965603,167.48635864257812,78800,0.0,0.0
2020-03-04 00:00:00-05:00,169.65282041192793,174.11553062803404,167.1369417442215,172.72779846191406,87500,0.0,0.0
2020-03-05 00:00:00-05:00,169.2135483152179,170.02222467709248,160.73739097169877,162.7141571044922,79200,0.0,0.0
2020-03-06 00:00:00-05:00,157.89203355603522,162.25491595598993,153.9085514422987,157.21315002441406,134900,0.0,0.0
2020-03-09 00:00:00-04:00,147.92831472262273,152.4109964659386,144.00473234707528,145.4723358154297,153200,0.0,0.0
2020-03-10 00:00:00-04:00,149.63554069259825,150.11475351539343,143.3857414164864,148.73699951171875,175500,0.0,0.0
2020-03-11 00:00:00-04:00,144.71357271629512,146.5306114731263,138.19422485095834,140.1809844970703,114800,0.0,0.0
2020-03-12 00:00:00-04:00,130.59663396609088,130.59663396609088,110.7889985560567,111.2682113647461,168100,0.0,0.0
2020-03-13 00:00:00-04:00,113.54450388617056,125.65471649169922,109.38129958124352,125.65471649169922,195600,0.0,0.0
2020-03-16 00:00:00-04:00,102.66227736043348,111.26821253312966,93.10788714829017,97.45079040527344,196700,0.0,0.0
2020-03-17 00:00:00-04:00,98.18958189543547,118.76596597466434,96.32263688728214,118.23683166503906,200500,0.0,0.0
2020-03-18 00:00:00-04:00,109.16165828742344,114.81243024976561,83.02436626109726,85.54025268554688,217700,0.0,0.0
2020-03-19 00:00:00-04:00,85.17084693800459,101.01496384712165,80.35870922850411,96.55225372314453,221200,0.0,0.0
2020-03-20 00:00:00-04:00,96.86174647216274,102.03329763322454,80.30879604505193,84.76152038574219,336000,0.0,0.0
2020-03-23 00:00:00-04:00,85.6300950683886,86.75825677213282,77.64314406735359,81.6366195678711,191600,0.0,0.0
2020-03-24 00:00:00-04:00,85.10096233998041,100.96504344662185,77.50337445191195,99.74703979492188,304500,0.0,0.0
2020-03-25 00:00:00-04:00,99.13803509609228,129.77797916084154,98.33933692706194,124.87598419189453,336900,0.0,0.0
2020-03-26 00:00:00-04:00,123.7078944720655,132.75311429912628,117.04876809774025,120.5330810546875,298700,0.0,0.0
2020-03-27 00:00:00-04:00,114.79246002620732,119.4947766538159,104.96850604208885,109.8205795288086,220000,0.0,0.0
2020-03-30 00:00:00-04:00,109.73073460229776,114.2633229179926,106.56589925196202,111.7474365234375,217500,0.0,0.0
2020-03-31 00:00:00-04:00,111.11846574171989,116.89901518438926,108.9420211542479,112.60603332519531,294500,0.0,0.0
2020-04-01 00:00:00-04:00,106.9652473930205,110.87885180136564,103.42103461683544,110.8688735961914,172000,0.0,0.0
2020-04-02 00:00:00-04:00,110.80896101245607,114.52289450344624,106.39617234496781,113.71421813964844,146800,0.0,0.0
2020-04-03 00:00:00-04:00,112.74580147967264,115.12191674692576,108.86214702331779,112.21666717529297,134300,0.0,0.0
2020-04-06 00:00:00-04:00,119.20525049246835,124.10723792560871,115.7209450967213,117.4381332397461,186600,0.0,0.0
2020-04-07 00:00:00-04:00,121.93079364434207,123.41836882162588,115.00211850845098,117.65777587890625,283400,0.0,0.0
2020-04-08 00:00:00-04:00,120.32341635933699,122.55976817736276,116.8291252127407,119.80426788330078,165900,0.0,0.0
2020-04-09 00:00:00-04:00,122.52981725452972,128.09073166866625,120.173666064132,121.53144836425781,150000,0.0,0.0
2020-04-13 00:00:00-04:00,120.17367128053047,126.05406369012718,116.56955882084856,121.00231170654297,263900,0.0,0.0
2020-04-14 00:00:00-04:00,125.13555276352814,131.04589475231356,122.6895520347523,130.57666015625,199800,0.0,0.0
2020-04-15 00:00:00-04:00,126.3835166416812,127.80119866559907,118.42652282842087,120.32341766357422,171100,0.0,0.0
2020-04-16 00:00:00-04:00,118.4764393293509,122.12048745444807,115.06201941006607,119.62456512451172,214000,0.0,0.0
2020-04-17 00:00:00-04:00,125.97418926376456,127.94096961659145,122.94913268769112,124.66632843017578,141700,0.0,0.0
2020-04-20 00:00:00-04:00,121.23193675233061,124.99578418245571,117.57790289444526,120.97235870361328,136900,0.0,0.0
2020-04-21 00:00:00-04:00,116.34991368460452,121.68120000783036,111.01861974442836,120.03389739990234,203100,0.0,0.0
2020-04-22 00:00:00-04:00,122.82932334970765,125.39513109299224,119.38495372509823,120.952392578125,121300,0.0,0.0
2020-04-23 00:00:00-04:00,121.38169744478279,127.79122420578612,117.6977136220512,118.25679779052734,133200,0.0,0.0
2020-04-24 00:00:00-04:00,118.21686671668473,124.81607822805188,116.26005694309303,123.36844635009766,259700,0.0,0.0
2020-04-27 00:00:00-04:00,123.28857135200023,132.55344099372724,119.1653106031961,131.2954864501953,186900,0.0,0.0
2020-04-28 00:00:00-04:00,134.779806302943,135.12924152395547,126.71298347540984,127.23213958740234,151100,0.0,0.0
2020-04-29 00:00:00-04:00,132.1241339379087,137.82482694626526,131.28550773475052,132.59336853027344,174300,0.0,0.0
2020-04-30 00:00:00-04:00,129.03918119878216,131.35540437473855,119.57464061123541,126.47337341308594,144500,0.0,0.0
2020-05-01 00:00:00-04:00,122.51983705920806,132.08421329529403,118.02717684667358,120.35337829589844,148400,0.0,0.0
2020-05-04 00:00:00-04:00,118.09706259608413,124.35683248620553,113.04531820697036,115.720947265625,210000,0.0,0.0
2020-05-05 00:00:00-04:00,118.4864258811231,124.34685429000767,118.4864258811231,120.57301330566406,99200,0.0,0.0
2020-05-06 00:00:00-04:00,121.21197522150828,121.93079445153009,115.53125358297248,118.02717590332031,102100,0.0,0.0
2020-05-07 00:00:00-04:00,119.8342198775001,121.51147996257998,116.81914909990252,118.37660217285156,116400,0.0,0.0
2020-05-08 00:00:00-04:00,121.37170959460177,123.79774638077397,119.44485726964234,122.22032165527344,147900,0.0,0.0
2020-05-11 00:00:00-04:00,120.05385983915905,122.30018985693957,117.3582668646025,121.03226470947266,142900,0.0,0.0
2020-05-12 00:00:00-04:00,121.1520686248595,125.46502211532312,114.0237150450231,114.12355041503906,220200,0.0,0.0
2020-05-13 00:00:00-04:00,112.99539693755534,116.87905150492568,108.74234312027077,111.08850860595703,147400,0.0,0.0
2020-05-14 00:00:00-04:00,107.85378976143727,111.90716500965061,102.92184501685838,111.46788787841797,164200,0.0,0.0
2020-05-15 00:00:00-04:00,111.31813101429273,112.76576285514248,109.30142921194926,110.02024841308594,216600,0.0,0.0
2020-05-18 00:00:00-04:00,116.3199666914866,122.88922849162245,115.98051729294193,118.68609619140625,288200,0.0,0.0
2020-05-19 00:00:00-04:00,117.63781115178972,118.91572214503017,114.34319068356953,114.6826400756836,171600,0.0,0.0
2020-05-20 00:00:00-04:00,118.50639073921228,125.84440857942012,118.50639073921228,119.78430938720703,419400,0.0,0.0
2020-05-21 00:00:00-04:00,121.75108861387719,125.1155946679631,119.51474433153622,122.38006591796875,245900,0.0,0.0
2020-05-22 00:00:00-04:00,123.79774569782477,128.67976909219746,119.27513572289854,127.86111450195312,170900,0.0,0.0
2020-05-26 00:00:00-04:00,134.0310226865469,135.51859780801692,128.62984336758612,131.00596618652344,190100,0.0,0.0
2020-05-27 00:00:00-04:00,134.78978056680805,145.37249706804718,133.6815904713649,143.48558044433594,260300,0.0,0.0
2020-05-28 00:00:00-04:00,145.931583540626,146.09132622432594,137.16590562177814,138.00453186035156,171100,0.0,0.0
2020-05-29 00:00:00-04:00,135.4487052062069,140.48049293268562,134.37046497910433,140.4205780029297,125200,0.0,0.0
2020-06-01 00:00:00-04:00,141.10946427734098,145.43240367546684,135.69830637568333,135.72825622558594,152700,0.0,0.0
2020-06-02 00:00:00-04:00,137.35559134533338,138.56360915041486,135.14918943357048,137.2158203125,207500,0.0,0.0
2020-06-03 00:00:00-04:00,139.20257775087316,143.72520318638848,137.85478878581887,139.80160522460938,161200,0.0,0.0
2020-06-04 00:00:00-04:00,137.93465230784886,142.21764823026442,137.44544605758108,141.89817810058594,126800,0.0,0.0
2020-06-05 00:00:00-04:00,149.15631034628683,156.80381991895064,148.2378127692367,154.507568359375,186700,0.0,0.0
2020-06-08 00:00:00-04:00,157.82215565559434,158.78058125716603,147.09966831342194,149.9749755859375,188400,0.0,0.0
2020-06-09 00:00:00-04:00,147.02979771870665,151.59233584230927,144.62372492274392,148.30770874023438,94400,0.0,0.0
2020-06-10 00:00:00-04:00,147.83847756989363,147.83847756989363,142.41732619014692,143.9947509765625,95700,0.0,0.0
2020-06-11 00:00:00-04:00,135.78815800702722,138.75331506405237,129.50842389412261,129.51840209960938,151100,0.0,0.0
2020-06-12 00:00:00-04:00,136.11762174877109,136.40715728113062,128.20056312690187,134.30059814453125,127700,0.0,0.0
2020-06-15 00:00:00-04:00,129.41856534470162,136.24740496260546,129.41856534470162,136.2374267578125,103400,0.0,0.0
2020-06-16 00:00:00-04:00,142.44727422634926,145.56219570399261,138.05445694753845,139.6318817138672,131700,0.0,0.0
2020-06-17 00:00:00-04:00,140.2408757238357,141.59865798996518,137.87474638798287,138.0744171142578,100600,0.0,0.0
2020-06-18 00:00:00-04:00,136.2274317268182,138.9729461689391,135.99781114806018,136.94625854492188,90400,0.0,0.0
2020-06-19 00:00:00-04:00,138.7233512139356,139.39225652767888,132.34377475437492,133.59173583984375,276200,0.0,0.0
2020-06-22 00:00:00-04:00,134.9295563379333,138.7133831568599,132.5833984659616,137.88473510742188,136800,0.0,0.0
2020-06-23 00:00:00-04:00,140.33073709076626,140.5703511228276,136.94626696164363,137.02613830566406,129500,0.0,0.0
2020-06-24 00:00:00-04:00,135.11924976593048,136.94626676883522,129.9976274217529,131.3753662109375,209400,0.0,0.0
2020-06-25 00:00:00-04:00,130.4968081890931,133.56179285076027,129.4385243377978,133.22235107421875,126800,0.0,0.0
2020-06-26 00:00:00-04:00,131.76472812857358,133.18241019200093,126.60316254887293,127.1622543334961,256200,0.0,0.0
2020-06-29 00:00:00-04:00,129.05915352177132,134.03102643811772,128.39024817878885,131.1856689453125,132300,0.0,0.0
2020-06-30 00:00:00-04:00,130.43689527584883,135.17914771752274,128.83951412004663,133.8213653564453,138900,0.0,0.0
2020-07-01 00:00:00-04:00,133.78144086067857,135.40878714301138,127.10235006983689,128.6398468017578,126400,0.0,0.0
2020-07-02 00:00:00-04:00,131.19565922888717,133.6117101097915,128.63983731301815,131.1557159423828,118100,0.0,0.0
2020-07-06 00:00:00-04:00,134.3005955948251,134.3005955948251,131.43526634553152,132.97276306152344,81900,0.0,0.0
2020-07-07 00:00:00-04:00,132.36375502939515,134.15082871741532,127.04244678585658,127.3020248413086,100700,0.0,0.0
2020-07-08 00:00:00-04:00,126.95259566313067,129.1190543938482,125.82443390744014,127.14228057861328,78800,0.0,0.0
2020-07-09 00:00:00-04:00,126.67304848639897,127.27207594453301,122.24029556808055,124.19709777832031,82600,0.0,0.0
2020-07-10 00:00:00-04:00,124.09726097981647,127.44179537014858,123.83768292540832,126.86273956298828,67700,0.0,0.0
2020-07-13 00:00:00-04:00,128.6997407639567,130.05752310061578,125.08564254182734,126.7030029296875,77700,0.0,0.0
2020-07-14 00:00:00-04:00,126.63311061685235,133.5917432332523,126.63311061685235,133.08258056640625,120200,0.0,0.0
2020-07-15 00:00:00-04:00,129.4185668902847,135.03937350374565,125.94423972633162,133.2123565673828,158400,0.0,0.0
2020-07-16 00:00:00-04:00,133.04263791539069,133.72153670833632,129.19892668136202,130.33706665039062,73300,0.0,0.0
2020-07-17 00:00:00-04:00,129.9876235541606,132.28387499711695,129.33868988358378,130.11741638183594,64400,0.0,0.0
2020-07-20 00:00:00-04:00,129.27879548228952,129.48844442214926,125.88433205209289,126.9825439453125,44000,0.0,0.0
2020-07-21 00:00:00-04:00,129.12903462719885,130.72643101960983,127.24211794603762,129.4784698486328,135600,0.0,0.0
2020-07-22 00:00:00-04:00,128.17060618804376,130.67650668059696,126.00413985351861,126.77288818359375,95600,0.0,0.0
2020-07-23 00:00:00-04:00,126.37354034423453,131.4552345159328,126.04407677094336,128.4501495361328,63800,0.0,0.0
2020-07-24 00:00:00-04:00,128.52002667900194,129.23885351940308,126.3136322820181,127.21216583251953,68800,0.0,0.0
2020-07-27 00:00:00-04:00,126.62312842441166,129.01920767210538,126.62312842441166,128.1206817626953,52200,0.0,0.0
2020-07-28 00:00:00-04:00,126.8527490234983,126.8527490234983,121.79101904400444,122.04061126708984,75900,0.0,0.0
2020-07-29 00:00:00-04:00,122.77941050579597,124.16714266554492,122.77941050579597,123.8576431274414,74900,0.0,0.0
2020-07-30 00:00:00-04:00,121.80100614588413,124.84603434631133,120.00393907400083,124.58645629882812,117500,0.0,0.0
2020-07-31 00:00:00-04:00,123.27859789257084,123.76779653181327,118.99559430133098,122.22032165527344,127200,0.0,0.0
2020-08-03 00:00:00-04:00,122.66959243242098,124.53653744542896,121.03226800643785,124.1771240234375,63100,0.0,0.0
2020-08-04 00:00:00-04:00,123.3584631599695,125.17549431682642,121.68120304464385,123.24864196777344,63600,0.0,0.0
2020-08-05 00:00:00-04:00,124.76616450088538,127.6714140821303,123.72785991546253,127.64146423339844,92700,0.0,0.0
2020-08-06 00:00:00-04:00,127.20218685551922,127.76127100934897,125.07565619608043,126.8427734375,66400,0.0,0.0
2020-08-07 00:00:00-04:00,127.16225259923544,133.88127880959686,125.66469921315003,131.63494873046875,109200,0.0,0.0
2020-08-10 00:00:00-04:00,133.26228478561174,137.5053528742182,133.2123632907302,134.86965942382812,93200,0.0,0.0
2020-08-11 00:00:00-04:00,137.46541866583053,145.31259896547107,137.4055189682143,143.3557891845703,202600,0.0,0.0
2020-08-12 00:00:00-04:00,144.76349369457003,144.76349369457003,137.06606260279068,139.1626434326172,122700,0.0,0.0
2020-08-13 00:00:00-04:00,137.72499572845834,141.05954441671705,134.90960316769366,135.88800048828125,56900,0.0,0.0
2020-08-14 00:00:00-04:00,134.33053744842042,136.10763285724403,133.89125269857183,135.06932067871094,47500,0.0,0.0
2020-08-17 00:00:00-04:00,135.56851270964663,136.5469252468331,132.09419303703072,132.24395751953125,55300,0.0,0.0
2020-08-18 00:00:00-04:00,132.01432233148338,133.52186919954542,130.10744920985923,130.3670196533203,52600,0.0,0.0
2020-08-19 00:00:00-04:00,130.45686818933407,131.97439325092688,129.5982702874475,129.77798461914062,49800,0.0,0.0
2020-08-20 00:00:00-04:00,127.94097734400665,130.03755827345404,126.8028449451178,128.93934631347656,61800,0.0,0.0
2020-08-21 00:00:00-04:00,129.24884987632444,129.56832001599273,125.58483007194374,127.60153198242188,83200,0.0,0.0
2020-08-24 00:00:00-04:00,128.6298438880983,131.6249505524316,127.38188277795943,131.44525146484375,53300,0.0,0.0
2020-08-25 00:00:00-04:00,132.27390104412547,133.13249890747448,130.14737041229466,132.47357177734375,86000,0.0,0.0
2020-08-26 00:00:00-04:00,132.37373828957166,132.37373828957166,129.59827376720926,131.984375,87100,0.0,0.0
2020-08-27 00:00:00-04:00,131.0458947642857,133.80140264506394,131.03591655960906,132.89288330078125,51600,0.0,0.0
2020-08-28 00:00:00-04:00,133.94117420047036,133.9711240485169,131.86456507714132,133.62168884277344,40300,0.0,0.0
2020-08-31 00:00:00-04:00,133.2123629819467,134.09093254134072,131.52513223651252,131.8246307373047,97500,0.0,0.0
2020-09-01 00:00:00-04:00,131.08583909137633,133.71153892879997,130.516761508385,133.19239807128906,81200,0.0,0.0
2020-09-02 00:00:00-04:00,133.0126889324109,136.1276103683791,133.0126889324109,134.40042114257812,76700,0.0,0.0
2020-09-03 00:00:00-04:00,134.5002627010099,134.5002627010099,129.61823927051705,130.1873016357422,79300,0.0,0.0
2020-09-04 00:00:00-04:00,132.62332211421653,133.67161251464668,130.32707057848873,130.74639892578125,83900,0.0,0.0
2020-09-08 00:00:00-04:00,129.42854684504178,131.03592142386387,126.89268886116686,127.5815658569336,89900,0.0,0.0
2020-09-09 00:00:00-04:00,128.87943824104914,129.2588232996523,125.9242671974128,127.122314453125,63100,0.0,0.0
2020-09-10 00:00:00-04:00,127.84114619661321,128.5699512595034,124.41674041748047,124.41674041748047,63900,0.0,0.0
2020-09-11 00:00:00-04:00,125.14554467475364,125.9642068980571,123.81771216105703,124.62639617919922,74600,0.0,0.0
2020-09-14 00:00:00-04:00,125.38515154343466,126.29367093515185,123.32851396404924,125.93425750732422,107700,0.0,0.0
2020-09-15 00:00:00-04:00,126.13392406038992,126.96257208130835,124.06730072747723,124.73621368408203,83000,0.0,0.0
2020-09-16 00:00:00-04:00,125.11558978391979,128.75963777892954,125.11558978391979,126.82279968261719,70700,0.0,0.0
2020-09-17 00:00:00-04:00,125.20544897859273,130.19729354132522,124.20708006604623,128.8694610595703,187200,0.0,0.0
2020-09-18 00:00:00-04:00,130.15734899068724,130.15734899068724,122.84929654339841,124.29692840576172,338800,0.0,0.0
2020-09-21 00:00:00-04:00,121.90084498173076,122.77941451607542,114.29327860048552,115.64107513427734,152600,0.0,0.0
2020-09-22 00:00:00-04:00,115.7409127593858,117.74763648303995,114.60277276494328,117.32831573486328,75500,0.0,0.0
2020-09-23 00:00:00-04:00,117.47806632516436,118.73601326859347,113.21503448486328,113.21503448486328,85600,0.0,0.0
2020-09-24 00:00:00-04:00,113.38475707480578,120.68283138691082,113.38475707480578,118.80590057373047,183400,0.0,0.0
2020-09-25 00:00:00-04:00,118.45647505934691,119.80427159135962,117.27839941735387,119.11539459228516,153700,0.0,0.0
2020-09-28 00:00:00-04:00,120.80263623394937,123.44831532775234,120.80263623394937,122.5497817993164,114700,0.0,0.0
2020-09-29 00:00:00-04:00,122.47989734509383,122.47989734509383,121.26188606451916,121.6911849975586,115600,0.0,0.0
2020-09-30 00:00:00-04:00,122.6296590126371,124.5764754033714,119.81425889998641,121.01229858398438,354400,0.0,0.0
2020-10-01 00:00:00-04:00,122.94913167880128,123.5481514959979,119.3949332117943,122.05059814453125,189500,0.0,0.0
2020-10-02 00:00:00-04:00,119.73438338274988,123.64798767213401,119.73438338274988,121.5514144897461,141100,0.0,0.0
2020-10-05 00:00:00-04:00,123.02900861019695,123.66796412650505,121.15207011621015,121.7411117553711,85500,0.0,0.0
2020-10-06 00:00:00-04:00,122.67956649190698,124.17711982728308,120.11375874864063,120.6628646850586,125400,0.0,0.0
2020-10-07 00:00:00-04:00,121.5014908895003,123.17875092969967,118.68609092383886,122.4000244140625,164500,0.0,0.0
2020-10-08 00:00:00-04:00,124.08727107736276,124.39676299789694,121.2818569152297,122.76942443847656,109300,0.0,0.0
2020-10-09 00:00:00-04:00,124.07728523355776,127.25209862898423,122.43996085271645,125.6646957397461,107900,0.0,0.0
2020-10-12 00:00:00-04:00,125.5848259284888,128.47010384807464,124.51657150095069,127.56159210205078,129600,0.0,0.0
2020-10-13 00:00:00-04:00,126.56322782353953,127.99089571976324,123.96747008957385,124.34685516357422,123800,0.0,0.0
2020-10-14 00:00:00-04:00,123.86763342532889,126.75291903729726,123.18874224504512,123.82769775390625,68000,0.0,0.0
2020-10-15 00:00:00-04:00,121.85092890618448,125.1954632421062,121.46156563938182,125.10560607910156,96100,0.0,0.0
2020-10-16 00:00:00-04:00,125.05569586174529,127.64146776650723,122.87925126256609,125.57484436035156,79900,0.0,0.0
2020-10-19 00:00:00-04:00,126.28367904867987,126.86273483425623,123.97744934499322,124.06729888916016,79600,0.0,0.0
2020-10-20 00:00:00-04:00,125.14554594396544,126.3136357835224,124.85601803539181,125.43507385253906,131100,0.0,0.0
2020-10-21 00:00:00-04:00,125.47500793498267,126.97256133604455,125.29530122217723,125.56485748291016,81800,0.0,0.0
2020-10-22 00:00:00-04:00,125.73458361052921,126.51331014562868,125.04570662165646,126.19383239746094,81300,0.0,0.0
2020-10-23 00:00:00-04:00,127.39187174556734,127.71134949297449,125.0656703507542,127.42182159423828,137100,0.0,0.0
2020-10-26 00:00:00-04:00,125.59481233662702,126.15389649063626,124.43670074109322,124.81607818603516,156300,0.0,0.0
2020-10-27 00:00:00-04:00,124.51657483016915,125.55487943692222,121.69118891518295,122.38006591796875,125600,0.0,0.0
2020-10-28 00:00:00-04:00,119.90410548126091,120.96238171345101,115.201788793364,115.48133087158203,132100,0.0,0.0
2020-10-29 00:00:00-04:00,114.52289703093959,118.835850427964,114.3032546514927,118.51637268066406,181200,0.0,0.0
2020-10-30 00:00:00-04:00,116.57953222894818,120.53307974627222,116.57953222894818,118.85581970214844,130300,0.0,0.0
2020-11-02 00:00:00-05:00,120.22358561051958,128.0907377118757,120.22358561051958,127.74130249023438,195200,0.0,0.0
2020-11-03 00:00:00-05:00,130.11741585413512,132.5234884721588,129.06912550030864,130.5467071533203,127000,0.0,0.0
2020-11-04 00:00:00-05:00,128.4601240641675,129.86782786414483,124.68629085470941,126.53327178955078,132200,0.0,0.0
2020-11-05 00:00:00-05:00,127.20218947135027,131.98436995982286,126.05406367445342,127.3020248413086,216800,0.0,0.0
2020-11-06 00:00:00-05:00,127.96094093957115,129.1390241710677,126.43343773108113,127.34195709228516,97600,0.0,0.0
2020-11-09 00:00:00-05:00,134.6699830903177,147.1296229539079,134.6699830903177,145.53224182128906,191800,0.0,0.0
2020-11-10 00:00:00-05:00,147.5788943312048,154.89692477497886,146.3608830856825,154.58743286132812,239300,0.0,0.0
2020-11-11 00:00:00-05:00,154.4876155245011,157.2830363741699,151.5623866036605,156.71397399902344,202600,0.0,0.0
2020-11-12 00:00:00-05:00,154.99677611512448,157.6224912713433,145.55219935070033,156.98353576660156,225500,0.0,0.0
2020-11-13 00:00:00-05:00,158.78057866303914,161.29647248538606,157.71233189187558,161.0968017578125,139600,0.0,0.0
2020-11-16 00:00:00-05:00,165.65935141223972,172.9075196886643,160.13837237574447,172.0688934326172,190500,0.0,0.0
2020-11-17 00:00:00-05:00,168.85413955284264,172.50815820579683,167.13694379947586,172.16871643066406,173300,0.0,0.0
2020-11-18 00:00:00-05:00,173.1870501533021,176.5315919817493,171.65954699160295,174.56480407714844,282000,0.0,0.0
2020-11-19 00:00:00-05:00,173.30686177383552,173.31685521299767,162.94380246779752,170.77101135253906,302400,0.0,0.0
2020-11-20 00:00:00-05:00,168.28505838764085,171.32010835733053,164.85066695378688,168.22515869140625,202800,0.0,0.0
2020-11-23 00:00:00-05:00,169.4032344505418,171.67952964924805,168.6544577454374,171.34007263183594,141900,0.0,0.0
2020-11-24 00:00:00-05:00,174.185431927156,178.48839966427983,172.3384432760749,178.0191650390625,180000,0.0,0.0
2020-11-25 00:00:00-05:00,177.21048183672977,178.6880635606368,173.00734201531978,177.80950927734375,183600,0.0,0.0
2020-11-27 00:00:00-05:00,177.43012536861326,177.43012536861326,173.2070291099434,174.3451690673828,64300,0.0,0.0
2020-11-30 00:00:00-05:00,172.75775215290219,172.75775215290219,166.19847623447785,168.56460571289062,240200,0.0,0.0
2020-12-01 00:00:00-05:00,171.0904806155301,171.53975882628797,166.47802098103875,167.57623291015625,147500,0.0,0.0
2020-12-02 00:00:00-05:00,167.31664662593712,170.35169672776425,166.28832783873872,168.8740997314453,108800,0.0,0.0
2020-12-03 00:00:00-05:00,168.4348334076382,169.86249370361494,166.857408627798,168.0354766845703,61000,0.0,0.0
2020-12-04 00:00:00-05:00,169.62287763382244,178.26875635222555,169.62287763382244,175.69296264648438,172600,0.0,0.0
2020-12-07 00:00:00-05:00,174.9941043101259,176.04239473028167,171.02060024606098,175.08395385742188,161600,0.0,0.0
2020-12-08 00:00:00-05:00,172.94744324106006,181.034237563005,172.94744324106006,180.71475219726562,133300,0.0,0.0
2020-12-09 00:00:00-05:00,182.54176597923893,182.54176597923893,175.0340428213181,179.23716735839844,151900,0.0,0.0
2020-12-10 00:00:00-05:00,178.29870668135712,179.3569753283035,173.84598970640513,176.7113037109375,129900,0.0,0.0
2020-12-11 00:00:00-05:00,174.55482005676635,176.75122865588176,173.17708129248444,175.81277465820312,113600,0.0,0.0
2020-12-14 00:00:00-05:00,178.44847068392434,178.44847068392434,175.0240572815134,175.69296264648438,111700,0.0,0.0
2020-12-15 00:00:00-05:00,177.66973298610372,180.07579041453468,174.2552980030154,179.78627014160156,98400,0.0,0.0
2020-12-16 00:00:00-05:00,180.79461933949835,180.8844688838129,177.18052881844278,179.51670837402344,116800,0.0,0.0
2020-12-17 00:00:00-05:00,179.53668156838694,182.83130199348574,178.5982123625933,181.70314025878906,119700,0.0,0.0
2020-12-18 00:00:00-05:00,182.59169169784505,184.5285298456742,177.48004768750076,181.30380249023438,330300,0.0,0.0
2020-12-21 00:00:00-05:00,176.87104159790252,179.87612656416516,176.26203594708974,178.83782958984375,87300,0.0,0.0
2020-12-22 00:00:00-05:00,179.11737704435936,180.44520957643695,176.17219168750958,176.86105346679688,83900,0.0,0.0
2020-12-23 00:00:00-05:00,177.21047761981643,179.4468294131382,175.45335386114235,178.6381378173828,93800,0.0,0.0
2020-12-24 00:00:00-05:00,178.68805982983582,181.63324501124447,176.24205909388286,181.10411071777344,36000,0.0,0.0
2020-12-28 00:00:00-05:00,182.86126078806151,184.8280488409617,181.92279153635465,182.51182556152344,64400,0.0,0.0
2020-12-29 00:00:00-05:00,183.8396540384556,183.8396540384556,177.06073571118495,178.1289825439453,50000,0.0,0.0
2020-12-30 00:00:00-05:00,178.08905967601103,182.07254207036976,177.71965280234645,179.33702087402344,107000,0.0,0.0
2020-12-31 00:00:00-05:00,179.69643327320122,180.67483058131418,178.03913715565187,178.7479705810547,82300,0.0,0.0
2021-01-04 00:00:00-05:00,180.47514979634153,180.47514979634153,170.72108140606986,173.00733947753906,121200,0.0,0.0
2021-01-05 00:00:00-05:00,173.25693799566602,176.90099374283974,173.25693799566602,173.9358367919922,88400,0.0,0.0
2021-01-06 00:00:00-05:00,177.36023895246808,187.08435806880493,177.36023895246808,185.41708374023438,181200,0.0,0.0
2021-01-07 00:00:00-05:00,185.8563626495124,189.33068224143824,184.9877713261053,186.95455932617188,67400,0.0,0.0
2021-01-08 00:00:00-05:00,187.0544060871947,187.25407682935327,181.97271181483933,185.6866455078125,179600,0.0,0.0
2021-01-11 00:00:00-05:00,186.47533810773584,187.76324249336773,184.29890126254105,186.006103515625,104100,0.0,0.0
2021-01-12 00:00:00-05:00,186.09596359218003,187.24409700901526,185.33720868496184,185.81642150878906,93500,0.0,0.0
2021-01-13 00:00:00-05:00,186.02607511890847,186.02607511890847,180.95435938370005,182.24224853515625,206500,0.0,0.0
2021-01-14 00:00:00-05:00,183.63997415307645,189.66013727841892,183.63997415307645,187.4537353515625,94300,0.0,0.0
2021-01-15 00:00:00-05:00,185.2174098200428,188.50203692628153,182.8912083642143,185.67665100097656,87600,0.0,0.0
2021-01-19 00:00:00-05:00,187.5735557958529,188.73165215436885,185.42705349775142,186.20578002929688,107600,0.0,0.0
2021-01-20 00:00:00-05:00,186.57519539124277,187.8531064363416,184.85799956803476,185.12754821777344,77000,0.0,0.0
2021-01-21 00:00:00-05:00,184.95782368924222,186.41544903942864,182.73146522637012,184.36878967285156,57100,0.0,0.0
2021-01-22 00:00:00-05:00,181.92278518884123,185.03769133356715,181.2139365551885,184.47860717773438,107300,0.0,0.0
2021-01-25 00:00:00-05:00,182.96107641012676,183.18071878357387,178.57823761363255,181.09413146972656,134100,0.0,0.0
2021-01-26 00:00:00-05:00,182.49184507476235,182.49184507476235,176.5016316568179,176.78118896484375,103600,0.0,0.0
2021-01-27 00:00:00-05:00,172.9973575635066,173.2269781394268,166.89732312359106,169.3533172607422,147500,0.0,0.0
2021-01-28 00:00:00-05:00,172.10881459959202,175.87266962984856,169.87246277239785,174.4649658203125,216600,0.0,0.0
2021-01-29 00:00:00-05:00,171.54972786746987,173.01733135166475,160.24818474209158,167.05706787109375,305800,0.0,0.0
2021-02-01 00:00:00-05:00,169.3533178354731,176.7711912948655,163.05361264581734,174.42503356933594,155200,0.0,0.0
2021-02-02 00:00:00-05:00,177.41015924056987,181.54340608123988,173.63632583099732,180.33538818359375,123400,0.0,0.0
2021-02-03 00:00:00-05:00,178.75795876255899,180.83456795107847,175.97250093558446,179.27711486816406,76900,0.0,0.0
2021-02-04 00:00:00-05:00,178.69805641505565,181.85289058812359,178.69805641505565,179.68643188476562,98700,0.0,0.0
2021-02-05 00:00:00-05:00,182.2422543910568,182.4718902090961,178.65811365512894,179.54666137695312,90400,0.0,0.0
2021-02-08 00:00:00-05:00,180.95436516656642,183.40036595238266,178.74796316975713,181.28382873535156,106100,0.0,0.0
2021-02-09 00:00:00-05:00,178.63814902906532,185.03769765892304,172.58803562549858,184.53851318359375,76100,0.0,0.0
2021-02-10 00:00:00-05:00,184.50856071449905,187.0144764947748,182.6715655275016,184.6583251953125,82800,0.0,0.0
2021-02-11 00:00:00-05:00,186.47534984883035,186.87469133224292,179.8761305299955,183.51019287109375,129100,0.0,0.0
2021-02-12 00:00:00-05:00,182.62163466756311,186.32558993487234,182.62163466756311,185.43704223632812,50200,0.0,0.0
2021-02-16 00:00:00-05:00,186.5851693435392,188.1526158811637,178.52833997307147,185.6666717529297,51200,0.0,0.0
2021-02-17 00:00:00-05:00,183.83964591250253,185.82640547826685,182.73145584056772,183.6998748779297,59200,0.0,0.0
2021-02-18 00:00:00-05:00,183.15077470414886,185.9262390735948,182.03260639240108,183.89955139160156,115600,0.0,0.0
2021-02-19 00:00:00-05:00,184.87794184484602,190.4787918697514,184.87794184484602,189.76995849609375,104100,0.0,0.0
2021-02-22 00:00:00-05:00,188.19254809126167,195.95985734549396,188.19254809126167,195.12123107910156,98500,0.0,0.0
2021-02-23 00:00:00-05:00,193.57374991085663,196.79847726731649,188.08272083322927,194.48226928710938,111400,0.0,0.0
2021-02-24 00:00:00-05:00,195.01139827776134,202.38934380961885,194.372442793697,199.64382934570312,143800,0.0,0.0
2021-02-25 00:00:00-05:00,198.72532969766164,201.54072203303167,197.00813399595782,199.33433532714844,128500,0.0,0.0
2021-02-26 00:00:00-05:00,200.7819804422437,203.70719415781838,192.39568734334108,198.73532104492188,167600,0.0,0.0
2021-03-01 00:00:00-05:00,203.21800342649968,204.48593626228063,200.40259566681462,202.35940551757812,85200,0.0,0.0
2021-03-02 00:00:00-05:00,203.05825133784415,204.48592679614825,197.02810984389185,197.0580596923828,78800,0.0,0.0
2021-03-03 00:00:00-05:00,198.61551895004524,203.627335283967,198.33597686613575,200.30276489257812,55400,0.0,0.0
2021-03-04 00:00:00-05:00,201.25120063720306,202.00995550171882,190.9879697705995,192.37570190429688,153600,0.0,0.0
2021-03-05 00:00:00-05:00,193.9032166276532,195.39079183155337,187.63346090697618,194.51222229003906,167100,0.0,0.0
2021-03-08 00:00:00-05:00,196.21942710855714,196.21942710855714,183.2705958172702,189.32070922851562,188500,0.0,0.0
2021-03-09 00:00:00-05:00,189.2607995462837,192.21596295712922,187.85309574218135,188.21250915527344,109400,0.0,0.0
2021-03-10 00:00:00-05:00,187.5835376061172,191.5370852709436,187.08435314122957,188.7017059326172,200600,0.0,0.0
2021-03-11 00:00:00-05:00,189.6002489372179,196.23939629065444,184.19906931893826,194.22268676757812,243100,0.0,0.0
2021-03-12 00:00:00-05:00,193.80336672540253,200.90177024057857,193.80336672540253,200.67214965820312,122400,0.0,0.0
2021-03-15 00:00:00-04:00,199.91339576210274,204.1564636240737,199.15462564179506,203.28787231445312,93100,0.0,0.0
2021-03-16 00:00:00-04:00,202.15972747914546,203.5374662254958,197.45740317735428,199.6837615966797,110000,0.0,0.0
2021-03-17 00:00:00-04:00,198.7752589204243,203.58738921389124,197.16788434295552,203.02830505371094,144400,0.0,0.0
2021-03-18 00:00:00-04:00,203.7271598425857,206.30295349013053,197.56722542019972,199.4042205810547,140700,0.0,0.0
2021-03-19 00:00:00-04:00,198.55561147853578,198.55561147853578,193.8732589054958,195.45068359375,229900,0.0,0.0
2021-03-22 00:00:00-04:00,195.7801536821785,195.7801536821785,188.90139234923174,190.87815856933594,95700,0.0,0.0
2021-03-23 00:00:00-04:00,189.08108741265548,190.38894824841813,184.64832701114813,185.0476837158203,110900,0.0,0.0
2021-03-24 00:00:00-04:00,186.93460407079246,203.92683230310868,184.34881696248266,184.64833068847656,75400,0.0,0.0
2021-03-25 00:00:00-04:00,183.09088252878595,189.9696440374396,177.80951744588666,188.7516326904297,76500,0.0,0.0
2021-03-26 00:00:00-04:00,190.0395306390226,194.12285587908258,188.39221277527778,193.61367797851562,80200,0.0,0.0
2021-03-29 00:00:00-04:00,193.59371850543118,202.6489165746394,188.21251070347424,188.9512939453125,92000,0.0,0.0
2021-03-30 00:00:00-04:00,188.6018775297156,193.22431529958513,188.34229185917246,192.02627563476562,76700,0.0,0.0
2021-03-31 00:00:00-04:00,192.40565384890087,197.85673946154907,191.1976207881468,196.4490509033203,194100,0.0,0.0
2021-04-01 00:00:00-04:00,197.66706899207932,197.88671137434375,194.28259894487846,197.8168182373047,92200,0.0,0.0
2021-04-05 00:00:00-04:00,199.70372902880936,202.34940050939275,195.66033195362124,199.933349609375,61900,0.0,0.0
2021-04-06 00:00:00-04:00,200.0232260989304,201.88019296338996,196.61878430843765,198.01649475097656,60200,0.0,0.0
2021-04-07 00:00:00-04:00,198.59554542001993,199.84350658058756,194.46229866557604,195.07130432128906,108400,0.0,0.0
2021-04-08 00:00:00-04:00,196.0796440518395,196.1295655431576,193.01465947883236,195.2909393310547,43600,0.0,0.0
2021-04-09 00:00:00-04:00,195.49062045835697,197.82680013083584,194.0429885365509,197.70700073242188,36900,0.0,0.0
2021-04-12 00:00:00-04:00,197.0979872132268,198.09635611729576,194.27260138664357,196.32923889160156,53500,0.0,0.0
2021-04-13 00:00:00-04:00,195.9099349041787,195.9099349041787,192.08617999544074,193.37408447265625,67100,0.0,0.0
2021-04-14 00:00:00-04:00,193.02463612589378,197.68701698005435,193.02463612589378,194.8416748046875,33800,0.0,0.0
2021-04-15 00:00:00-04:00,196.67868418141504,198.23613731415838,192.74510806036253,195.41075134277344,38700,0.0,0.0
2021-04-16 00:00:00-04:00,196.8084689040638,202.92845998821682,192.97472069629785,202.13975524902344,173500,0.0,0.0
2021-04-19 00:00:00-04:00,202.1597292356209,203.777082020298,194.61204736135906,195.79013061523438,56600,0.0,0.0
2021-04-20 00:00:00-04:00,197.08800855204746,197.08800855204746,189.95965520285625,192.12611389160156,82400,0.0,0.0
2021-04-21 00:00:00-04:00,191.35737366867326,198.32598463231045,191.35737366867326,197.12794494628906,48300,0.0,0.0
2021-04-22 00:00:00-04:00,198.11632830342833,199.78360254972142,195.15117143151113,195.61041259765625,63700,0.0,0.0
2021-04-23 00:00:00-04:00,196.87835405342858,202.35940507759318,195.34087257209399,201.05154418945312,60400,0.0,0.0
2021-04-26 00:00:00-04:00,202.1697134130141,204.13650147332444,201.5507295356844,203.66726684570312,53800,0.0,0.0
2021-04-27 00:00:00-04:00,203.98674329831985,203.98674329831985,197.0880104641121,202.27952575683594,50100,0.0,0.0
2021-04-28 00:00:00-04:00,202.10981230149815,204.20637795227856,200.6122588792688,201.19131469726562,34100,0.0,0.0
2021-04-29 00:00:00-04:00,202.56904340841118,204.7355173239492,195.86999663058208,202.10980224609375,41700,0.0,0.0
2021-04-30 00:00:00-04:00,199.96330368854666,202.88853253706597,197.9665658544914,199.10470581054688,69500,0.0,0.0
2021-05-03 00:00:00-04:00,201.07150161224928,202.6688980351509,198.4258299728386,201.35104370117188,68800,0.0,0.0
2021-05-04 00:00:00-04:00,199.1546313973208,202.99835790045526,198.77526156010384,201.75039672851562,85500,0.0,0.0
2021-05-05 00:00:00-04:00,203.10816903650723,204.53582923424634,200.8418673949833,202.37936401367188,42500,0.0,0.0
2021-05-06 00:00:00-04:00,203.12814383045196,207.77055313865645,200.1929368164283,202.69883728027344,47300,0.0,0.0
2021-05-07 00:00:00-04:00,202.07985131754276,205.5242209521117,201.84023729898394,204.70555114746094,36500,0.0,0.0
2021-05-10 00:00:00-04:00,205.16481415573233,206.15320487601534,196.3392365119334,197.23776245117188,60400,0.0,0.0
2021-05-11 00:00:00-04:00,192.92481467497896,195.5804644118877,192.06621679847294,192.58535766601562,99200,0.0,0.0
2021-05-12 00:00:00-04:00,190.89812179298517,194.29256991890227,188.54197060775675,188.77159118652344,95600,0.0,0.0
2021-05-13 00:00:00-04:00,188.9313455369271,196.50896220947484,188.9313455369271,195.69029235839844,89600,0.0,0.0
2021-05-14 00:00:00-04:00,196.45903961131893,197.17786646981972,194.08291664939122,196.54888916015625,61400,0.0,0.0
2021-05-17 00:00:00-04:00,195.2510133892683,196.05968976210332,191.35736553286583,195.3109130859375,39800,0.0,0.0
2021-05-18 00:00:00-04:00,195.89994927413622,197.2277817561321,191.88650197947877,192.14608764648438,130400,0.0,0.0
2021-05-19 00:00:00-04:00,189.29075726842925,203.6672639223272,185.4670023971135,189.3007354736328,73800,0.0,0.0
2021-05-20 00:00:00-04:00,188.2224968200388,190.388955612265,186.51529444747356,188.3023681640625,71700,0.0,0.0
2021-05-21 00:00:00-04:00,190.01956458648837,192.20599503022237,185.10759116750444,187.00448608398438,57400,0.0,0.0
2021-05-24 00:00:00-04:00,187.1043227265732,188.38223372391235,186.3355743936127,187.8131561279297,69500,0.0,0.0
2021-05-25 00:00:00-04:00,188.19254800690703,190.6385488997391,184.69825666460372,188.6018829345703,110100,0.0,0.0
2021-05-26 00:00:00-04:00,188.5020330122044,192.3557376459001,184.88794240308647,191.57701110839844,63800,0.0,0.0
2021-05-27 00:00:00-04:00,193.46392244176263,195.04134711730487,188.97126243313357,193.8433074951172,54100,0.0,0.0
2021-05-28 00:00:00-04:00,195.1811218090024,196.79847456755874,192.13609358821995,195.47064208984375,77500,0.0,0.0
2021-06-01 00:00:00-04:00,196.76852311721123,200.63222112461128,194.36245040874488,197.91665649414062,76800,0.0,0.0
2021-06-02 00:00:00-04:00,198.72533287640397,198.72533287640397,194.0929017831252,196.758544921875,169600,0.0,0.0
2021-06-03 00:00:00-04:00,196.06967310646854,199.64383569579056,193.76344332084898,198.8351593017578,62300,0.0,0.0
2021-06-04 00:00:00-04:00,198.06640205404344,200.77198842941183,196.74856305034422,199.47410583496094,55200,0.0,0.0
2021-06-07 00:00:00-04:00,199.39423975973213,201.16135699446926,198.12630697958397,199.52403259277344,86400,0.0,0.0
2021-06-08 00:00:00-04:00,199.54399099372148,203.74713084621843,198.0763874638732,202.72879028320312,68900,0.0,0.0
2021-06-09 00:00:00-04:00,203.26791759197562,203.27789579694124,199.47411266064745,199.97329711914062,97100,0.0,0.0
2021-06-10 00:00:00-04:00,201.01159678916582,202.0399155687584,197.2078136017931,198.40585327148438,79900,0.0,0.0
2021-06-11 00:00:00-04:00,199.7336899625386,200.08312518905913,197.4673881775625,199.3143768310547,69100,0.0,0.0
2021-06-14 00:00:00-04:00,200.0831177596954,203.96677222674697,199.2943977864586,200.402587890625,128800,0.0,0.0
2021-06-15 00:00:00-04:00,201.11144429679842,203.32782459080744,199.2644556404905,202.64892578125,95400,0.0,0.0
2021-06-16 00:00:00-04:00,202.27952993092592,203.82700482237533,200.7220768343604,202.8985137939453,111300,0.0,0.0
2021-06-17 00:00:00-04:00,202.9684039410967,203.15809647281458,195.32089437817027,197.07801818847656,101600,0.0,0.0
2021-06-18 00:00:00-04:00,194.38241998467763,194.68193369868644,189.69008924487397,190.3689727783203,136500,0.0,0.0
2021-06-21 00:00:00-04:00,193.08454462923888,196.7885000559484,185.42705677765926,196.2294158935547,87800,0.0,0.0
2021-06-22 00:00:00-04:00,196.4790086360584,198.31600381266747,194.75183465119775,196.37916564941406,76100,0.0,0.0
2021-06-23 00:00:00-04:00,197.49734022507272,199.82352632225752,197.01811219166532,198.1762237548828,75100,0.0,0.0
2021-06-24 00:00:00-04:00,198.9949012639477,204.15646677347823,196.8483989367915,203.89688110351562,70300,0.0,0.0
2021-06-25 00:00:00-04:00,204.76547036136628,207.52096307988825,200.10307412700783,201.8502197265625,910900,0.0,0.0
2021-06-28 00:00:00-04:00,203.09818647124473,203.09818647124473,195.2110779264048,196.39913940429688,57000,0.0,0.0
2021-06-29 00:00:00-04:00,197.26770387076365,199.07474911097356,195.84004368081668,196.57882690429688,61600,0.0,0.0
2021-06-30 00:00:00-04:00,195.41074284054477,199.6837605643241,195.13120076395364,199.0947265625,54500,0.0,0.0
2021-07-01 00:00:00-04:00,200.69212601454856,202.86856296360807,199.53401440284125,201.44090270996094,45300,0.0,0.0
2021-07-02 00:00:00-04:00,201.72044163575495,202.4392684708197,199.74367545627723,200.5423583984375,37900,0.0,0.0
2021-07-06 00:00:00-04:00,201.27118633169354,201.27118633169354,193.91319681413358,196.26934814453125,38200,0.0,0.0
2021-07-07 00:00:00-04:00,195.48064390659601,198.15626538648024,194.69192390329644,196.4191131591797,44500,0.0,0.0
2021-07-08 00:00:00-04:00,192.6951757070194,196.03971761214683,190.85818058904096,193.4239959716797,41600,0.0,0.0
2021-07-09 00:00:00-04:00,195.6204049741823,198.43579735445084,195.6204049741823,197.91665649414062,33500,0.0,0.0
2021-07-12 00:00:00-04:00,196.66869169638758,199.36428463302244,194.74183183105924,199.1845703125,67200,0.0,0.0
2021-07-13 00:00:00-04:00,197.377537872755,197.377537872755,194.09291073841672,194.38243103027344,47700,0.0,0.0
2021-07-14 00:00:00-04:00,195.08127884165194,196.40911131948374,192.3557359839449,195.18112182617188,88900,0.0,0.0
2021-07-15 00:00:00-04:00,194.59209350273724,197.49735077055894,193.68357411236258,196.82843017578125,48900,0.0,0.0
2021-07-16 00:00:00-04:00,198.53564411438975,199.17459961407135,194.12285531441677,194.91156005859375,72200,0.0,0.0
2021-07-19 00:00:00-04:00,192.33576071751423,194.492241177761,188.8314913950385,192.68519592285156,90300,0.0,0.0
2021-07-20 00:00:00-04:00,193.05459959666908,203.3378028609424,191.7766885553432,201.7803497314453,164000,0.0,0.0
2021-07-21 00:00:00-04:00,202.66889267271986,205.51425021513367,200.55235541719293,203.0382843017578,73000,0.0,0.0
2021-07-22 00:00:00-04:00,203.1680771815924,203.1680771815924,198.44579640989087,202.16970825195312,50000,0.0,0.0
2021-07-23 00:00:00-04:00,203.62732822196193,206.17315673828125,202.24957426054638,206.17315673828125,67400,0.0,0.0
2021-07-26 00:00:00-04:00,228.84612025379707,250.11138084986305,228.72632086076192,239.60853576660156,642700,0.0,0.0
2021-07-27 00:00:00-04:00,238.03111606062546,239.60854078217622,226.73956601368954,231.1124267578125,293500,0.0,0.0
2021-07-28 00:00:00-04:00,230.88278513627654,232.30046713887995,223.6945321402154,231.49179077148438,123100,0.0,0.0
2021-07-29 00:00:00-04:00,232.64990965903164,235.76481583399908,232.3304395242687,234.1674346923828,62800,0.0,0.0
2021-07-30 00:00:00-04:00,233.46858103953778,235.62504635671985,232.00097748954246,234.61669921875,99200,0.0,0.0
2021-08-02 00:00:00-04:00,236.7532013204705,241.44553212318937,227.76788118313206,228.32696533203125,59500,0.0,0.0
2021-08-03 00:00:00-04:00,228.41681957512577,233.16906540630958,224.08390209814118,229.67477416992188,91600,0.0,0.0
2021-08-04 00:00:00-04:00,227.97754742245846,230.84286132849022,225.08226843384216,229.79457092285156,71100,0.0,0.0
2021-08-05 00:00:00-04:00,235.42537212229263,235.83470703481947,224.3834143263489,228.06739807128906,67400,0.0,0.0
2021-08-06 00:00:00-04:00,230.6232178671914,234.04761591112896,226.10060793032608,231.2322235107422,67700,0.0,0.0
2021-08-09 00:00:00-04:00,230.2338618410499,230.2338618410499,222.70616673707607,223.0456085205078,70800,0.0,0.0
2021-08-10 00:00:00-04:00,223.04559694186264,230.69310628068374,219.97061893851134,224.96246337890625,76300,0.0,0.0
2021-08-11 00:00:00-04:00,225.6513480995203,230.3237073439387,221.42823658948737,229.81454467773438,51100,0.0,0.0
2021-08-12 00:00:00-04:00,229.82452781498077,231.5716734666232,225.561488159481,226.24038696289062,52200,0.0,0.0
2021-08-13 00:00:00-04:00,225.82107433827548,227.37852745664654,222.9757167485506,226.67967224121094,35800,0.0,0.0
2021-08-16 00:00:00-04:00,226.62973972599383,227.85772920439146,223.82432556152344,223.82432556152344,37100,0.0,0.0
2021-08-17 00:00:00-04:00,222.05721831996635,222.65624577891128,218.6527765705615,222.61630249023438,72400,0.0,0.0
2021-08-18 00:00:00-04:00,222.13708236508953,225.53153056384974,219.73100963704385,220.23019409179688,48400,0.0,0.0
2021-08-19 00:00:00-04:00,218.61285068440654,221.7377503796761,213.4912130847145,221.1886444091797,59700,0.0,0.0
2021-08-20 00:00:00-04:00,220.9390503663534,225.40176076499543,212.0535576239151,225.082275390625,84500,0.0,0.0
2021-08-23 00:00:00-04:00,225.71124160656416,228.3569130847176,222.79600626127228,226.28030395507812,75400,0.0,0.0
2021-08-24 00:00:00-04:00,226.39013618161826,227.98753258504516,226.05069439690791,226.81944274902344,50700,0.0,0.0
2021-08-25 00:00:00-04:00,226.46002565665967,227.64808711782857,222.9257911222664,226.0606689453125,62600,0.0,0.0
2021-08-26 00:00:00-04:00,225.88097322417957,225.97082277286177,222.24691088310018,222.3267822265625,41200,0.0,0.0
2021-08-27 00:00:00-04:00,223.1853786810728,231.1523585245568,223.1853786810728,230.42355346679688,58100,0.0,0.0
2021-08-30 00:00:00-04:00,231.85121155062424,233.99771388307883,229.26543968695793,232.1407470703125,69800,0.0,0.0
2021-08-31 00:00:00-04:00,232.8795319554207,236.5135942641828,230.5034242526269,231.1423797607422,76100,0.0,0.0
2021-09-01 00:00:00-04:00,231.75138551497008,232.34041952987022,226.5099486116804,229.11569213867188,73600,0.0,0.0
2021-09-02 00:00:00-04:00,229.99425045467967,233.10917194203972,228.3569259837717,232.34042358398438,51500,0.0,0.0
2021-09-03 00:00:00-04:00,231.44189409702756,232.2206206485342,226.8394126918915,229.26544189453125,52600,0.0,0.0
2021-09-07 00:00:00-04:00,229.6248474676857,233.40865890347615,226.15052795410156,226.15052795410156,63400,0.0,0.0
2021-09-08 00:00:00-04:00,224.39339368078652,226.57982405988767,222.3966558345061,224.3135223388672,78700,0.0,0.0
2021-09-09 00:00:00-04:00,223.91417568389434,226.42007613880887,220.16031410392068,220.21023559570312,69700,0.0,0.0
2021-09-10 00:00:00-04:00,221.36833251796293,222.06718770303428,214.73916361375677,215.43801879882812,70600,0.0,0.0
2021-09-13 00:00:00-04:00,218.1935282724826,221.71776930518547,216.7458964001263,218.4930419921875,62000,0.0,0.0
2021-09-14 00:00:00-04:00,220.399914021716,221.21858383622984,214.59939312008683,215.00872802734375,55900,0.0,0.0
2021-09-15 00:00:00-04:00,214.43965246418298,218.58289260011657,214.43965246418298,218.2135009765625,85100,0.0,0.0
2021-09-16 00:00:00-04:00,218.20351312594354,218.68272595173244,211.64423711066084,211.89382934570312,80500,0.0,0.0
2021-09-17 00:00:00-04:00,212.9121435945874,217.63443940376595,207.82047140555574,214.24996948242188,236300,0.0,0.0
2021-09-20 00:00:00-04:00,208.9286696492078,215.61773841430173,207.54093744983172,215.19842529296875,64400,0.0,0.0
2021-09-21 00:00:00-04:00,197.2876848241672,200.61225518841934,179.30706588294393,188.99124145507812,1935600,0.0,0.0
2021-09-22 00:00:00-04:00,195.67032903520425,203.60735885862385,192.9847142178006,199.24449157714844,2864000,0.0,0.0
2021-09-23 00:00:00-04:00,204.8153802603565,226.16051289658304,204.08657520565203,216.36651611328125,1558500,0.0,0.0
2021-09-24 00:00:00-04:00,216.15685219076548,216.15685219076548,205.66400018956992,210.86550903320312,707800,0.0,0.0
2021-09-27 00:00:00-04:00,211.4944686715894,221.03887312357736,211.02523405977863,220.1103973388672,247100,0.0,0.0
2021-09-28 00:00:00-04:00,221.3583538123883,221.3583538123883,210.41622396123697,213.26158142089844,425000,0.0,0.0
2021-09-29 00:00:00-04:00,213.32147952134574,215.00872538779825,209.2381544054544,214.54946899414062,199900,0.0,0.0
2021-09-30 00:00:00-04:00,215.9472005026323,220.03052573042785,211.75405408425027,211.8538818359375,204900,0.0,0.0
2021-10-01 00:00:00-04:00,212.66255659218126,216.46635494572567,211.90380170279715,214.01036071777344,270600,0.0,0.0
2021-10-04 00:00:00-04:00,214.53949080220642,221.58797274919127,213.59104340065952,215.9971160888672,152500,0.0,0.0
2021-10-05 00:00:00-04:00,216.54621261499454,218.0038379408454,213.04194319063714,215.03868103027344,172400,0.0,0.0
2021-10-06 00:00:00-04:00,213.23163471365737,216.65603278015445,208.62915340572204,213.87059020996094,227900,0.0,0.0
2021-10-07 00:00:00-04:00,216.07697787773094,223.54478836201633,213.32148514484697,219.381591796875,303400,0.0,0.0
2021-10-08 00:00:00-04:00,219.02218004968447,222.23692921289,215.99712342000674,216.64605712890625,101500,0.0,0.0
2021-10-11 00:00:00-04:00,217.19515570088387,220.89909576262195,213.6209932361728,215.12852478027344,93000,0.0,0.0
2021-10-12 00:00:00-04:00,215.17845046584375,218.80253449261946,214.01036066643104,216.03704833984375,108900,0.0,0.0
2021-10-13 00:00:00-04:00,215.59776309851256,218.5629199803481,210.65584004008687,214.15013122558594,102900,0.0,0.0
2021-10-14 00:00:00-04:00,216.28663529141866,220.72937379633012,214.30986915863002,220.04049682617188,150500,0.0,0.0
2021-10-15 00:00:00-04:00,220.8591760792764,224.50321658295437,219.8608071485262,221.28846740722656,98700,0.0,0.0
2021-10-18 00:00:00-04:00,220.02055067920108,225.99079264254095,218.17356205665413,225.641357421875,94500,0.0,0.0
2021-10-19 00:00:00-04:00,227.4284378557899,228.8760697101207,224.4333311638363,226.14053344726562,68600,0.0,0.0
2021-10-20 00:00:00-04:00,225.63137077329563,228.55658432989844,224.18373891909658,228.16722106933594,80000,0.0,0.0
2021-10-21 00:00:00-04:00,240.33734920668502,240.33734920668502,226.33023428193908,229.11569213867188,219500,0.0,0.0
2021-10-22 00:00:00-04:00,229.20554029130128,230.85284292874684,223.48489060002757,224.0339813232422,190400,0.0,0.0
2021-10-25 00:00:00-04:00,223.48488276189522,224.3334871804922,219.64115643079617,220.0504913330078,165900,0.0,0.0
2021-10-26 00:00:00-04:00,220.84918999470983,224.68292289587444,218.69270952509208,222.2269287109375,149600,0.0,0.0
2021-10-27 00:00:00-04:00,220.57963713801522,224.15379978905844,217.82412910021478,221.6079559326172,159700,0.0,0.0
2021-10-28 00:00:00-04:00,223.11548872441907,228.51666840111835,221.36834306157522,228.1372833251953,68800,0.0,0.0
2021-10-29 00:00:00-04:00,228.74627938518827,233.84794511574185,228.44678089983137,233.54843139648438,174100,0.0,0.0
2021-11-01 00:00:00-04:00,233.54844091694213,234.35713256207328,231.0625119837391,232.76971435546875,193600,0.0,0.0
2021-11-02 00:00:00-04:00,232.5201192960205,232.59999063903567,224.4233466089079,226.0806427001953,154800,0.0,0.0
2021-11-03 00:00:00-04:00,225.02237660656138,227.84776255779846,221.9673700627499,227.40847778320312,291900,0.0,0.0
2021-11-04 00:00:00-04:00,228.36691908234238,231.7813390629025,227.22877908882234,229.58493041992188,109700,0.0,0.0
2021-11-05 00:00:00-04:00,232.739764255497,238.93964212476322,227.21878519241943,237.1126251220703,122900,0.0,0.0
2021-11-08 00:00:00-05:00,239.97793209582795,242.34407679202945,235.25565137620848,240.9563446044922,82500,0.0,0.0
2021-11-09 00:00:00-05:00,241.74505414598534,241.74505414598534,237.62178555535456,239.69839477539062,59300,0.0,0.0
2021-11-10 00:00:00-05:00,238.78986760960802,241.04619108672077,235.42536927145036,235.71490478515625,77300,0.0,0.0
2021-11-11 00:00:00-05:00,236.17414810415286,239.2391479855943,233.96776133290152,233.99771118164062,186200,0.0,0.0
2021-11-12 00:00:00-05:00,232.92944389839698,235.03600287116896,227.08899501694407,230.7629852294922,121400,0.0,0.0
2021-11-15 00:00:00-05:00,230.92273798472277,230.92273798472277,223.5347987166659,229.26544189453125,118400,0.0,0.0
2021-11-16 00:00:00-05:00,228.0374534447868,231.2022811593395,218.0437705967827,218.70269775390625,236600,0.0,0.0
2021-11-17 00:00:00-05:00,217.57453236254548,221.28846597968973,212.86224505499237,217.07534790039062,191200,0.0,0.0
2021-11-18 00:00:00-05:00,218.04377112798684,220.1403520025237,213.3115120863368,218.8524627685547,178500,0.0,0.0
2021-11-19 00:00:00-05:00,218.29336334501534,218.29336334501534,209.40788584377438,209.43783569335938,142900,0.0,0.0
2021-11-22 00:00:00-05:00,211.3646877897697,212.55273399141973,204.62569767434644,205.16481018066406,136700,0.0,0.0
2021-11-23 00:00:00-05:00,206.41276707760088,208.38953320540338,202.58901241805904,206.86203002929688,160900,0.0,0.0
2021-11-24 00:00:00-05:00,206.10328612988692,210.306410830569,204.97512435437747,207.980224609375,89900,0.0,0.0
2021-11-26 00:00:00-05:00,200.94171300262494,205.51424439802082,195.02137749709846,200.2328643798828,124700,0.0,0.0
2021-11-29 00:00:00-05:00,204.2562930503722,207.83045560090616,199.53401233897506,200.2628173828125,100600,0.0,0.0
2021-11-30 00:00:00-05:00,198.53564351618425,200.92174461932606,194.86163797865964,197.3675537109375,156000,0.0,0.0
2021-12-01 00:00:00-05:00,201.50079451901078,201.9400792672113,190.07945200139855,190.50875854492188,166700,0.0,0.0
2021-12-02 00:00:00-05:00,192.04625263512295,199.45414844705888,192.04625263512295,198.59555053710938,243000,0.0,0.0
2021-12-03 00:00:00-05:00,201.67052699041085,205.84370187031612,198.8052129916826,201.33108520507812,157500,0.0,0.0
2021-12-06 00:00:00-05:00,203.85695299265475,206.7622102171132,199.81355580439518,205.34451293945312,99300,0.0,0.0
2021-12-07 00:00:00-05:00,208.3496083642346,215.4380184202159,204.91521690774766,205.73388671875,140500,0.0,0.0
2021-12-08 00:00:00-05:00,205.7538446499188,208.6091803369366,205.4243810821205,208.2098388671875,79100,0.0,0.0
2021-12-09 00:00:00-05:00,206.14320692315246,207.82047460261163,203.92682673873531,204.14646911621094,109000,0.0,0.0
2021-12-10 00:00:00-05:00,205.0549916128681,207.47104256817693,203.06823198034976,205.33453369140625,113300,0.0,0.0
2021-12-13 00:00:00-05:00,205.36448359008622,207.15157248606818,200.99163808394925,203.88690185546875,122200,0.0,0.0
2021-12-14 00:00:00-05:00,202.8685544684007,209.13830985005944,198.73530789216198,199.6238555908203,104500,0.0,0.0
2021-12-15 00:00:00-05:00,199.22451880318255,204.35613438519667,196.578832054451,202.41929626464844,127000,0.0,0.0
2021-12-16 00:00:00-05:00,204.4260069406679,205.73388297350166,197.3076471659569,198.6055145263672,140900,0.0,0.0
2021-12-17 00:00:00-05:00,199.93335487429766,203.37773984298641,196.41910723658455,199.9832763671875,233200,0.0,0.0
2021-12-20 00:00:00-05:00,194.97145239756767,195.94986487101175,188.20251259164309,193.39404296875,190000,0.0,0.0
2021-12-21 00:00:00-05:00,196.6587034040476,201.91013361440892,196.3092834262829,201.84024047851562,112500,0.0,0.0
2021-12-22 00:00:00-05:00,201.5507222907648,203.50751684148833,196.9182911148531,202.43927001953125,79200,0.0,0.0
2021-12-23 00:00:00-05:00,203.34776677042737,205.82373256859344,200.97165918801826,204.6855926513672,137500,0.0,0.0
2021-12-27 00:00:00-05:00,205.52423263019548,207.1915069484151,202.5890254801449,203.94680786132812,109900,0.0,0.0
2021-12-28 00:00:00-05:00,203.2878795455802,207.45107621487574,203.24795149072824,205.67398071289062,76700,0.0,0.0
2021-12-29 00:00:00-05:00,206.51262234921592,206.51262234921592,201.7603764217241,203.35777282714844,236500,0.0,0.0
2021-12-30 00:00:00-05:00,203.14810981216053,217.35491094827628,201.22126504968438,201.63059997558594,59300,0.0,0.0
2021-12-31 00:00:00-05:00,201.45088668460474,202.93846191296592,200.09310429534725,201.6405792236328,62800,0.0,0.0
2022-01-03 00:00:00-05:00,203.36774101156345,205.23470120561376,200.43253402072,204.56578063964844,198200,0.0,0.0
2022-01-04 00:00:00-05:00,205.1847812506527,209.73734101180943,202.9085013700743,208.4893798828125,119800,0.0,0.0
2022-01-05 00:00:00-05:00,207.24142865603076,213.31151370557504,207.24142865603076,209.01852416992188,288100,0.0,0.0
2022-01-06 00:00:00-05:00,208.63912491817712,214.44963912990826,202.66888326291914,211.6342315673828,167500,0.0,0.0
2022-01-07 00:00:00-05:00,211.10509779397736,212.66255081794648,205.41439819335938,205.41439819335938,61100,0.0,0.0
2022-01-10 00:00:00-05:00,205.0450172954269,205.0450172954269,199.7736305231922,201.1713409423828,103500,0.0,0.0
2022-01-11 00:00:00-05:00,201.95005799656576,202.5690418339654,196.239386722923,202.23959350585938,100300,0.0,0.0
2022-01-12 00:00:00-05:00,203.69720460769793,204.66562365541364,199.6737791760133,201.67051696777344,78500,0.0,0.0
2022-01-13 00:00:00-05:00,203.0382817116484,205.19476222782703,200.30276062962434,201.99998474121094,99600,0.0,0.0
2022-01-14 00:00:00-05:00,201.31110561740493,204.64565410765536,198.31599889909367,204.29623413085938,90400,0.0,0.0
2022-01-18 00:00:00-05:00,201.8901673097573,203.47757026070622,199.3742733273753,200.44253540039062,131400,0.0,0.0
2022-01-19 00:00:00-05:00,200.94170981909122,203.16806816792084,196.30927880044155,196.43905639648438,90000,0.0,0.0
2022-01-20 00:00:00-05:00,197.91666630860635,201.1114439046736,191.50713947196172,192.50550842285156,97600,0.0,0.0
2022-01-21 00:00:00-05:00,191.07782245424028,195.4906111478353,189.92970431705098,190.0894317626953,179600,0.0,0.0
2022-01-24 00:00:00-05:00,187.6035144149769,190.29910755280028,183.31052485197603,189.62020874023438,225100,0.0,0.0
2022-01-25 00:00:00-05:00,186.44539783412128,190.57864459843734,180.33538485223693,184.3588104248047,213600,0.0,0.0
2022-01-26 00:00:00-05:00,186.9146277155339,189.6002425088839,178.35859888270954,179.82620239257812,220200,0.0,0.0
2022-01-27 00:00:00-05:00,182.0725345959093,185.23736223607776,177.7695669992326,178.6880645751953,206900,0.0,0.0
2022-01-28 00:00:00-05:00,179.4468299799012,179.4468299799012,167.03709674125113,172.1287841796875,285800,0.0,0.0
2022-01-31 00:00:00-05:00,172.12879269743922,180.5749854035605,165.71926592713623,180.17564392089844,290600,0.0,0.0
2022-02-01 00:00:00-05:00,179.6964321657629,182.56174616738585,175.38347100458577,179.6065673828125,88800,0.0,0.0
2022-02-02 00:00:00-05:00,179.32702769849263,181.60330770830305,174.07561245373722,175.5731658935547,153300,0.0,0.0
2022-02-03 00:00:00-05:00,174.11553436556824,177.21048412554657,170.43156583008286,172.32846069335938,128900,0.0,0.0
2022-02-04 00:00:00-05:00,170.75104048655606,176.42178405038737,167.34659870719597,175.1239013671875,225000,0.0,0.0
2022-02-07 00:00:00-05:00,174.71456278260214,177.20050690297035,173.4765798249668,174.36512756347656,171700,0.0,0.0
2022-02-08 00:00:00-05:00,175.01407795900846,179.50673818208335,174.0057155814661,177.42015075683594,113500,0.0,0.0
2022-02-09 00:00:00-05:00,180.18561053550746,182.90117509785156,177.0207830255925,178.61817932128906,122900,0.0,0.0
2022-02-10 00:00:00-05:00,173.25693913799748,187.22412609226288,173.25693913799748,182.20233154296875,226400,0.0,0.0
2022-02-11 00:00:00-05:00,180.694794826728,181.7031419434186,174.4350174843939,176.94091796875,211100,0.0,0.0
2022-02-14 00:00:00-05:00,177.89936755998534,180.98432399267955,173.5464782815998,180.64488220214844,298000,0.0,0.0
2022-02-15 00:00:00-05:00,182.98104806735032,185.53686997613056,169.95233106823989,182.831298828125,190800,0.0,0.0
2022-02-16 00:00:00-05:00,182.05258000311792,188.2125144570458,180.05584214833803,186.81478881835938,151800,0.0,0.0
2022-02-17 00:00:00-05:00,186.96455622850985,186.96455622850985,181.6432479340409,181.77304077148438,182700,0.0,0.0
2022-02-18 00:00:00-05:00,180.60493466646108,184.1391692355356,180.21557139026484,181.47352600097656,151900,0.0,0.0
2022-02-22 00:00:00-05:00,181.47352976601448,183.15078230322678,178.01916646832532,180.20559692382812,162500,0.0,0.0
2022-02-23 00:00:00-05:00,182.23228228193062,182.23228228193062,175.46334205466476,175.69296264648438,180600,0.0,0.0
2022-02-24 00:00:00-05:00,172.36838733277955,185.1175626614305,172.21863808887124,185.0576629638672,172600,0.0,0.0
2022-02-25 00:00:00-05:00,184.71822415336985,190.83821535043379,183.50021283702935,189.43052673339844,142000,0.0,0.0
2022-02-28 00:00:00-05:00,188.46209773822545,195.93987089953626,185.38711975983682,193.5338134765625,170300,0.0,0.0
2022-03-01 00:00:00-05:00,192.9847101926634,193.13445943315335,185.35717245440148,187.91299438476562,147000,0.0,0.0
2022-03-02 00:00:00-05:00,189.42053556321687,196.96820234576342,184.81805411998982,195.68031311035156,115100,0.0,0.0
2022-03-03 00:00:00-05:00,197.03808384500442,198.81517924242257,194.62203297024377,197.88670349121094,203000,0.0,0.0
2022-03-04 00:00:00-05:00,195.9299048111085,198.43580537060288,192.914826341644,195.82008361816406,102800,0.0,0.0
2022-03-07 00:00:00-05:00,194.90158259004266,198.83515858859292,188.4920559251083,188.9812469482422,160400,0.0,0.0
2022-03-08 00:00:00-05:00,189.1909132874172,194.14282991067975,186.57519155111495,187.84310913085938,188500,0.0,0.0
2022-03-09 00:00:00-05:00,191.0678473971972,194.18275353013314,190.9180829199441,191.27749633789062,112500,0.0,0.0
2022-03-10 00:00:00-05:00,187.78320671375116,191.7567259881417,187.27404404819393,191.14772033691406,83700,0.0,0.0
2022-03-11 00:00:00-05:00,196.62874838648025,198.64545779487756,191.5071263776592,192.23593139648438,81500,0.0,0.0
2022-03-14 00:00:00-04:00,193.144454498477,194.1827514537195,184.887939412819,186.62509155273438,132500,0.0,0.0
2022-03-15 00:00:00-04:00,187.45373746853923,190.029531035093,185.6766420614743,189.78993225097656,130700,0.0,0.0
2022-03-16 00:00:00-04:00,191.96636909393817,194.47226952550665,188.06274307498506,194.13282775878906,131700,0.0,0.0
2022-03-17 00:00:00-04:00,192.28586666833021,198.62550038702264,192.2658950237543,198.59555053710938,84100,0.0,0.0
2022-03-18 00:00:00-04:00,198.70536116620875,202.58901558211195,196.6487236673773,201.97003173828125,284600,0.0,0.0
2022-03-21 00:00:00-04:00,200.50243409714219,202.69884269698832,196.31926584182517,198.9849090576172,110700,0.0,0.0
2022-03-22 00:00:00-04:00,200.15298937160128,202.15972057585924,198.62548619952742,201.50079345703125,96200,0.0,0.0
2022-03-23 00:00:00-04:00,200.02322504560257,201.69049936253023,197.42745968438396,198.0065155029297,86000,0.0,0.0
2022-03-24 00:00:00-04:00,198.2161586952878,199.2744425470787,194.99143134883178,196.35919189453125,84600,0.0,0.0
2022-03-25 00:00:00-04:00,196.5089500740903,198.41583830650998,193.64363624007245,194.5621337890625,81700,0.0,0.0
2022-03-28 00:00:00-04:00,194.003060232332,195.07130707925253,187.83313224562536,192.92481994628906,119600,0.0,0.0
2022-03-29 00:00:00-04:00,194.39241545742095,200.74204227846948,194.39241545742095,199.0747528076172,128500,0.0,0.0
2022-03-30 00:00:00-04:00,198.6055225770612,199.81355567703227,193.71352094701152,194.19273376464844,142000,0.0,0.0
2022-03-31 00:00:00-04:00,193.28422440725467,196.28930930075828,192.9447674047659,193.5637664794922,93600,0.0,0.0
2022-04-01 00:00:00-04:00,194.11286501602515,195.92990379277074,191.3174441808797,195.23104858398438,119600,0.0,0.0
2022-04-04 00:00:00-04:00,196.55888220293247,200.25284424206197,193.10451896021928,194.37245178222656,133300,0.0,0.0
2022-04-05 00:00:00-04:00,193.64364058984188,193.9331608709801,186.0660089811341,186.7848358154297,201100,0.0,0.0
2022-04-06 00:00:00-04:00,184.28891638048893,184.28891638048893,178.00918253933264,180.58497619628906,227600,0.0,0.0
2022-04-07 00:00:00-04:00,180.92442113423587,182.59169544157731,178.92768324751782,180.61492919921875,314700,0.0,0.0
2022-04-08 00:00:00-04:00,179.7663038134016,182.94112487441473,177.2204600416431,177.80950927734375,202200,0.0,0.0
2022-04-11 00:00:00-04:00,177.86940840967048,180.42523037822443,176.25204041871012,179.39691162109375,147800,0.0,0.0
2022-04-12 00:00:00-04:00,181.69316315761978,184.58842689895653,178.18887853878942,179.39691162109375,132800,0.0,0.0
2022-04-13 00:00:00-04:00,179.45681690600978,183.07090759277344,178.91770438150346,183.07090759277344,106900,0.0,0.0
2022-04-14 00:00:00-04:00,183.63997464288067,184.9877634936103,179.46678479334778,180.36532592773438,149300,0.0,0.0
2022-04-18 00:00:00-04:00,180.04585065361718,181.4535545125745,177.3402793621584,178.28872680664062,119400,0.0,0.0
2022-04-19 00:00:00-04:00,177.84944522514738,186.27568165181157,177.84944522514738,185.41708374023438,149500,0.0,0.0
2022-04-20 00:00:00-04:00,187.11429358863077,189.37060177234764,187.02444404560183,187.4537353515625,96500,0.0,0.0
2022-04-21 00:00:00-04:00,189.88976757632847,189.88976757632847,183.91952563610997,184.9378662109375,122500,0.0,0.0
2022-04-22 00:00:00-04:00,183.9394888764388,184.6383440492341,179.09739369010654,179.93601989746094,123800,0.0,0.0
2022-04-25 00:00:00-04:00,178.70803570674354,178.70803570674354,174.48493946363502,178.53831481933594,153000,0.0,0.0
2022-04-26 00:00:00-04:00,176.18216164823016,176.92096012114544,168.54464562876373,168.96395874023438,192400,0.0,0.0
2022-04-27 00:00:00-04:00,168.3449674553592,170.7510402807269,167.12695611778307,169.7626495361328,168100,0.0,0.0
2022-04-28 00:00:00-04:00,172.13877385436908,174.4949252038397,168.39489026308536,173.39671325683594,101100,0.0,0.0
2022-04-29 00:00:00-04:00,172.72779639100898,174.1255219790996,167.2467609277411,168.07540893554688,109500,0.0,0.0
2022-05-02 00:00:00-04:00,168.51467790379385,171.33008548024586,163.54280510701082,169.37327575683594,114100,0.0,0.0
2022-05-03 00:00:00-04:00,168.4348264490879,172.71782239397595,166.96722292448482,171.58966064453125,92600,0.0,0.0
2022-05-04 00:00:00-04:00,171.37001606991063,178.45844137326193,169.99227734311626,177.9392852783203,104000,0.0,0.0
2022-05-05 00:00:00-04:00,176.3918143740465,177.85941791265267,167.83580060758487,170.30177307128906,95200,0.0,0.0
2022-05-06 00:00:00-04:00,169.9922753763582,171.13041530301197,164.55116796589846,166.91729736328125,151700,0.0,0.0
2022-05-09 00:00:00-04:00,164.5711286475816,167.65608494545225,160.84721685208817,162.32479858398438,110700,0.0,0.0
2022-05-10 00:00:00-04:00,164.10188765763328,165.11024997445114,157.2630699813554,161.3963165283203,112200,0.0,0.0
2022-05-11 00:00:00-04:00,160.58764283504556,163.95214113594383,154.95684287727707,155.48597717285156,97900,0.0,0.0
2022-05-12 00:00:00-04:00,154.5475120291906,159.4994133467382,152.94013745690384,159.28976440429688,151100,0.0,0.0
2022-05-13 00:00:00-04:00,161.53608965897706,162.54443675498504,157.55259229848946,159.38958740234375,115200,0.0,0.0
2022-05-16 00:00:00-04:00,157.48272429819505,160.57765891545142,156.0750204168291,159.33969116210938,117500,0.0,0.0
2022-05-17 00:00:00-04:00,162.28487472140725,164.09192007070146,160.51775742691407,162.9438018798828,181800,0.0,0.0
2022-05-18 00:00:00-04:00,160.69747207862042,162.99370846483524,155.57583451628847,157.15325927734375,137400,0.0,0.0
2022-05-19 00:00:00-04:00,155.84539003382451,159.94868678664298,153.96845164323204,157.36289978027344,138100,0.0,0.0
2022-05-20 00:00:00-04:00,158.5509643943942,159.63918285176905,152.6506004714232,157.10333251953125,118300,0.0,0.0
2022-05-23 00:00:00-04:00,158.94033272566807,162.5344670150879,158.72069033943123,161.7856903076172,101700,0.0,0.0
2022-05-24 00:00:00-04:00,161.3863289101448,161.3863289101448,155.7056225840041,160.1483612060547,74600,0.0,0.0
2022-05-25 00:00:00-04:00,159.2997426255221,162.05525059766615,157.99188177620482,158.71070861816406,115000,0.0,0.0
2022-05-26 00:00:00-04:00,167.5462777595004,172.1187939606772,164.30157880256147,168.97393798828125,193100,0.0,0.0
2022-05-27 00:00:00-04:00,171.36004263947999,185.5169219970703,169.5829471617173,185.5169219970703,195600,0.0,0.0
2022-05-31 00:00:00-04:00,182.8612559148897,188.11267097491472,181.34373088376466,186.0859832763672,361100,0.0,0.0
2022-06-01 00:00:00-04:00,186.85473752244684,193.3241640939586,184.1192010979042,192.2259521484375,214500,0.0,0.0
2022-06-02 00:00:00-04:00,191.68682548786495,197.01811166561015,191.33739028534262,196.8683624267578,158600,0.0,0.0
2022-06-03 00:00:00-04:00,196.4790017882174,199.40421534135382,192.88486766889926,198.77525329589844,147400,0.0,0.0
2022-06-06 00:00:00-04:00,200.75201836571696,202.39932094177652,198.0364537643592,198.7652587890625,171300,0.0,0.0
2022-06-07 00:00:00-04:00,196.17948544478867,199.8035693637313,195.82007203767122,196.57882690429688,286300,0.0,0.0
2022-06-08 00:00:00-04:00,195.15117635709504,195.55051783633536,190.49877347783064,191.45721435546875,143000,0.0,0.0
2022-06-09 00:00:00-04:00,189.50040555273648,192.7151547495757,188.22249453169613,192.04624938964844,122000,0.0,0.0
2022-06-10 00:00:00-04:00,188.26243697899454,189.38060530893347,185.6666716600352,187.693359375,129800,0.0,0.0
2022-06-13 00:00:00-04:00,182.92115100253193,186.09595679097222,179.71638013191537,182.42196655273438,202500,0.0,0.0
2022-06-14 00:00:00-04:00,181.96270754350883,187.6933504291124,181.4535448962297,183.4103546142578,186900,0.0,0.0
2022-06-15 00:00:00-04:00,184.42867936683635,186.48531682700664,179.4967346507153,182.3920135498047,163400,0.0,0.0
2022-06-16 00:00:00-04:00,178.678090730308,178.678090730308,172.8376263272944,176.1222686767578,167100,0.0,0.0
2022-06-17 00:00:00-04:00,177.88936747508728,181.99266435998516,176.95091348348382,178.11900329589844,202100,0.0,0.0
2022-06-21 00:00:00-04:00,179.80625185875203,182.31215240936515,176.9309444419617,177.9991912841797,121000,0.0,0.0
2022-06-22 00:00:00-04:00,175.17381127060685,179.25713635425112,175.17381127060685,176.751220703125,119400,0.0,0.0
2022-06-23 00:00:00-04:00,172.1986625933081,176.42177398386804,168.72434310724276,175.17381286621094,248100,0.0,0.0
2022-06-24 00:00:00-04:00,177.51997674264982,182.42197183781738,173.26693059136056,181.89283752441406,197600,0.0,0.0
2022-06-27 00:00:00-04:00,183.19071379578475,187.49368129036196,181.5034679279472,187.04441833496094,144600,0.0,0.0
2022-06-28 00:00:00-04:00,188.6118539164332,190.68846309125422,183.1008532307121,183.6100311279297,244400,0.0,0.0
2022-06-29 00:00:00-04:00,182.96108010188055,183.08089472956942,177.83945797672132,182.43194580078125,128400,0.0,0.0
2022-06-30 00:00:00-04:00,179.6265361857053,184.64833068847656,178.20885413216183,184.64833068847656,170900,0.0,0.0
2022-07-01 00:00:00-04:00,184.64833170642487,187.83313105037902,182.35208010634716,185.23736572265625,112400,0.0,0.0
2022-07-05 00:00:00-04:00,182.40200568751607,186.14588928222656,178.91770777173565,186.14588928222656,77800,0.0,0.0
2022-07-06 00:00:00-04:00,186.17583631151712,189.86979835555059,184.37876916650322,189.74002075195312,140300,0.0,0.0
2022-07-07 00:00:00-04:00,191.2375732337002,197.8068426776907,191.2375732337002,197.40748596191406,154700,0.0,0.0
2022-07-08 00:00:00-04:00,195.81010636287525,198.8551194627501,194.8217156215804,197.56723022460938,130900,0.0,0.0
2022-07-11 00:00:00-04:00,196.09961516084513,198.22614576721946,195.08127462955176,196.8783416748047,127400,0.0,0.0
2022-07-12 00:00:00-04:00,196.80847371226847,202.45923032615283,196.5488880385738,198.2760772705078,215800,0.0,0.0
2022-07-13 00:00:00-04:00,194.94151178054034,201.0515399909718,194.74184104132775,200.72207641601562,190400,0.0,0.0
2022-07-14 00:00:00-04:00,197.59717053706885,204.30621075281869,197.59717053706885,204.13648986816406,164700,0.0,0.0
2022-07-15 00:00:00-04:00,207.21146937179526,211.60428646219106,204.3761053364689,211.244873046875,214400,0.0,0.0
2022-07-18 00:00:00-04:00,212.52278357044227,214.48957152865364,207.3512399636249,207.6208038330078,105500,0.0,0.0
2022-07-19 00:00:00-04:00,208.1698929054646,214.6293408777192,208.1698929054646,212.96206665039062,108600,0.0,0.0
2022-07-20 00:00:00-04:00,212.52279424115352,217.73428139675448,212.52279424115352,217.13526916503906,102000,0.0,0.0
2022-07-21 00:00:00-04:00,218.60286267624227,218.8025334109504,215.23834909911304,216.89564514160156,108000,0.0,0.0
2022-07-22 00:00:00-04:00,218.00383897979248,219.19190043746218,213.4213292721244,215.62771606445312,87400,0.0,0.0
2022-07-25 00:00:00-04:00,214.6592954355709,217.40480995828787,209.6175445900657,215.17845153808594,112100,0.0,0.0
2022-07-26 00:00:00-04:00,214.84899327799158,216.17682579895907,213.41133956404477,214.35980224609375,112400,0.0,0.0
2022-07-27 00:00:00-04:00,215.14850156079703,220.60958075416133,212.77237866407086,220.1004180908203,225500,0.0,0.0
2022-07-28 00:00:00-04:00,221.3383809532782,230.41355055181296,221.3383809532782,230.04415893554688,171600,0.0,0.0
2022-07-29 00:00:00-04:00,230.5034225022152,238.70002285342355,228.00750018729656,235.6150665283203,130100,0.0,0.0
2022-08-01 00:00:00-04:00,234.02766495529485,240.8565047925516,234.02766495529485,240.11770629882812,196900,0.0,0.0
2022-08-02 00:00:00-04:00,239.75828601320177,245.08958753412713,238.19085475678457,242.22425842285156,182800,0.0,0.0
2022-08-03 00:00:00-04:00,244.3408133597258,249.80189253495948,241.6851483938369,248.1845245361328,295200,0.0,0.0
2022-08-04 00:00:00-04:00,238.49037082391118,246.58714331809182,214.05028886407163,231.53173828125,362700,0.0,0.0
2022-08-05 00:00:00-04:00,230.86282968565047,241.345703125,227.57818747700338,241.345703125,126400,0.0,0.0
2022-08-08 00:00:00-04:00,240.1576416632739,245.91823447508557,240.1576416632739,243.08285522460938,178000,0.0,0.0
2022-08-09 00:00:00-04:00,240.60690669430804,244.0113483248325,239.8581300137241,243.39234924316406,182600,0.0,0.0
2022-08-10 00:00:00-04:00,248.62381385337974,254.5740993894876,246.9066180720688,252.42759704589844,272600,0.0,0.0
2022-08-11 00:00:00-04:00,254.10486721389825,257.01010925541624,253.21631946546677,256.3611755371094,134200,0.0,0.0
2022-08-12 00:00:00-04:00,256.57080619198564,264.50785089685485,254.9834033445718,264.4379577636719,140400,0.0,0.0
2022-08-15 00:00:00-04:00,263.07019666256474,263.27984559381656,258.0284460673471,259.07672119140625,151000,0.0,0.0
2022-08-16 00:00:00-04:00,259.0767238298136,260.7040699757314,258.6274456476129,259.82550048828125,133700,0.0,0.0
2022-08-17 00:00:00-04:00,256.8603442153494,261.75234563355434,255.81206907851987,258.23809814453125,131500,0.0,0.0
2022-08-18 00:00:00-04:00,259.5958604206986,260.57427287345894,257.2696743790395,258.62744140625,95800,0.0,0.0
2022-08-19 00:00:00-04:00,256.68065690347066,257.5092897060091,250.90009229240303,251.10975646972656,164400,0.0,0.0
2022-08-22 00:00:00-04:00,247.91497857409425,251.6189187519587,246.1478613127361,246.9066162109375,117900,0.0,0.0
2022-08-23 00:00:00-04:00,247.53559717856731,251.29945234417298,247.07634076370067,247.3758544921875,83500,0.0,0.0
2022-08-24 00:00:00-04:00,246.71691578048663,251.07979819871585,246.24768118241232,249.29270935058594,117800,0.0,0.0
2022-08-25 00:00:00-04:00,249.29271504586697,252.67718505859375,248.9233234221398,252.67718505859375,164800,0.0,0.0
2022-08-26 00:00:00-04:00,254.75379338012664,254.75379338012664,242.97303717483769,244.56045532226562,95700,0.0,0.0
2022-08-29 00:00:00-04:00,242.30413437588552,247.44574346565628,241.55535768422092,246.1778106689453,95700,0.0,0.0
2022-08-30 00:00:00-04:00,245.27926216950914,247.54556382072104,241.2358803424597,242.6335906982422,154300,0.0,0.0
2022-08-31 00:00:00-04:00,242.5936748636152,244.61036915940005,237.47203731286916,240.2874298095703,111200,0.0,0.0
2022-09-01 00:00:00-04:00,239.5985675824324,239.78824488470403,234.83634346941082,239.26910400390625,105800,0.0,0.0
2022-09-02 00:00:00-04:00,239.57859610473673,242.96306620698473,234.26726602381126,236.0843048095703,88600,0.0,0.0
2022-09-06 00:00:00-04:00,235.4952669405323,241.01624587793026,235.4952669405323,240.82655334472656,116900,0.0,0.0
2022-09-07 00:00:00-04:00,239.3090321539843,247.5655475630324,239.3090321539843,247.236083984375,102500,0.0,0.0
2022-09-08 00:00:00-04:00,245.46896132054812,251.91843124232912,244.5105356889768,251.81858825683594,107200,0.0,0.0
2022-09-09 00:00:00-04:00,252.5973084616603,257.08998371989327,252.427587577698,255.81207275390625,113400,0.0,0.0
2022-09-12 00:00:00-04:00,257.2796854210583,259.575921772696,250.17128828115338,251.11973571777344,223100,0.0,0.0
2022-09-13 00:00:00-04:00,247.08632964725663,248.8634251072396,240.87647374231813,242.2642059326172,136900,0.0,0.0
2022-09-14 00:00:00-04:00,237.21245989359585,239.32899711494323,226.7695143575635,228.63645935058594,238600,0.0,0.0
2022-09-15 00:00:00-04:00,229.98426681264274,237.97121823487876,229.47510414367952,237.79150390625,281100,0.0,0.0
2022-09-16 00:00:00-04:00,232.7896829203332,235.83471122114534,225.40175888935715,231.5816650390625,450100,0.0,0.0
2022-09-19 00:00:00-04:00,231.38197784505732,236.78315741511872,228.08737256157673,235.3355255126953,152400,0.0,0.0
2022-09-20 00:00:00-04:00,237.25238786406854,237.25238786406854,230.19392757114076,232.68984985351562,216100,0.0,0.0
2022-09-21 00:00:00-04:00,233.50850515163486,236.79313218232693,225.0223693657166,225.3118896484375,222900,0.0,0.0
2022-09-22 00:00:00-04:00,224.73284977753454,228.86609649315253,219.92070427531658,220.2501678466797,218500,0.0,0.0
2022-09-23 00:00:00-04:00,217.37486452961664,217.6544066134473,211.1849801629505,212.03359985351562,212000,0.0,0.0
2022-09-26 00:00:00-04:00,208.908700410036,217.4048145936424,207.86040997768572,207.980224609375,210400,0.0,0.0
2022-09-27 00:00:00-04:00,203.93682010480595,214.07025837786364,203.93682010480595,210.22654724121094,225700,0.0,0.0
2022-09-28 00:00:00-04:00,212.09350204400798,216.53624082197496,210.95536205106924,214.23001098632812,137100,0.0,0.0
2022-09-29 00:00:00-04:00,212.5800018310547,212.5800018310547,207.39999389648438,210.74000549316406,154100,0.35,0.0
2022-09-30 00:00:00-04:00,210.05999755859375,214.0800018310547,207.80999755859375,207.80999755859375,180200,0.0,0.0
2022-10-03 00:00:00-04:00,211.74000549316406,215.8800048828125,211.24000549316406,214.0,170200,0.0,0.0
2022-10-04 00:00:00-04:00,216.6999969482422,220.75999450683594,216.6699981689453,220.75999450683594,156400,0.0,0.0
2022-10-05 00:00:00-04:00,217.27999877929688,223.9499969482422,217.25,221.75999450683594,115400,0.0,0.0
2022-10-06 00:00:00-04:00,221.97999572753906,224.1699981689453,219.64999389648438,220.6199951171875,97600,0.0,0.0
2022-10-07 00:00:00-04:00,218.89999389648438,219.1300048828125,211.89999389648438,214.8000030517578,89900,0.0,0.0
2022-10-10 00:00:00-04:00,214.9199981689453,217.67999267578125,214.02999877929688,216.72000122070312,67700,0.0,0.0
2022-10-11 00:00:00-04:00,214.6999969482422,221.05999755859375,214.36000061035156,217.0500030517578,90200,0.0,0.0
2022-10-12 00:00:00-04:00,216.8699951171875,216.8699951171875,211.39999389648438,212.13999938964844,100000,0.0,0.0
2022-10-13 00:00:00-04:00,209.05999755859375,217.82000732421875,206.4600067138672,216.1300048828125,105100,0.0,0.0
2022-10-14 00:00:00-04:00,220.05999755859375,220.05999755859375,211.4199981689453,211.89999389648438,95100,0.0,0.0
2022-10-17 00:00:00-04:00,214.88999938964844,219.55999755859375,214.88999938964844,219.05999755859375,128200,0.0,0.0
2022-10-18 00:00:00-04:00,223.4499969482422,226.0399932861328,221.1699981689453,225.77000427246094,127600,0.0,0.0
2022-10-19 00:00:00-04:00,223.41000366210938,227.58999633789062,222.60000610351562,227.58999633789062,110600,0.0,0.0
2022-10-20 00:00:00-04:00,229.44000244140625,231.32000732421875,223.77999877929688,225.05999755859375,166400,0.0,0.0
2022-10-21 00:00:00-04:00,227.75999450683594,235.05999755859375,225.24000549316406,235.0500030517578,129300,0.0,0.0
2022-10-24 00:00:00-04:00,236.00999450683594,241.24000549316406,234.72999572753906,239.14999389648438,102600,0.0,0.0
2022-10-25 00:00:00-04:00,237.6199951171875,244.6999969482422,237.6199951171875,243.74000549316406,114200,0.0,0.0
2022-10-26 00:00:00-04:00,245.39999389648438,246.50999450683594,241.22000122070312,241.7899932861328,85000,0.0,0.0
2022-10-27 00:00:00-04:00,243.08999633789062,249.0399932861328,243.08999633789062,245.33999633789062,103500,0.0,0.0
2022-10-28 00:00:00-04:00,247.1999969482422,254.60000610351562,245.3800048828125,253.7899932861328,93100,0.0,0.0
2022-10-31 00:00:00-04:00,251.77000427246094,256.2900085449219,251.77000427246094,253.52999877929688,106300,0.0,0.0
2022-11-01 00:00:00-04:00,253.94000244140625,255.97000122070312,250.19000244140625,251.9199981689453,98400,0.0,0.0
2022-11-02 00:00:00-04:00,250.5500030517578,254.1300048828125,238.8699951171875,239.33999633789062,166400,0.0,0.0
2022-11-03 00:00:00-04:00,237.75999450683594,251.35000610351562,237.75999450683594,248.8800048828125,83300,0.0,0.0
2022-11-04 00:00:00-04:00,250.11000061035156,252.5500030517578,242.8699951171875,245.91000366210938,82900,0.0,0.0
2022-11-07 00:00:00-05:00,246.91000366210938,246.94000244140625,242.89999389648438,243.72000122070312,141000,0.0,0.0
2022-11-08 00:00:00-05:00,245.6300048828125,246.47000122070312,241.97000122070312,244.50999450683594,182300,0.0,0.0
2022-11-09 00:00:00-05:00,245.41000366210938,245.41000366210938,237.6300048828125,238.8699951171875,97400,0.0,0.0
2022-11-10 00:00:00-05:00,247.63999938964844,250.77000427246094,237.94000244140625,243.0,172600,0.0,0.0
2022-11-11 00:00:00-05:00,241.2899932861328,241.2899932861328,230.50999450683594,232.75999450683594,174000,0.0,0.0
2022-11-14 00:00:00-05:00,234.11000061035156,245.9600067138672,232.74000549316406,244.5,229600,0.0,0.0
2022-11-15 00:00:00-05:00,247.02000427246094,247.5,240.2100067138672,241.66000366210938,192600,0.0,0.0
2022-11-16 00:00:00-05:00,240.80999755859375,240.8300018310547,236.3300018310547,237.47999572753906,145300,0.0,0.0
2022-11-17 00:00:00-05:00,234.47999572753906,238.08999633789062,232.6300048828125,236.47000122070312,133200,0.0,0.0
2022-11-18 00:00:00-05:00,239.82000732421875,244.30999755859375,236.72999572753906,243.92999267578125,203700,0.0,0.0
2022-11-21 00:00:00-05:00,242.92999267578125,251.82000732421875,242.92999267578125,249.2899932861328,106500,0.0,0.0
2022-11-22 00:00:00-05:00,251.1699981689453,252.77000427246094,247.35000610351562,250.25,115300,0.0,0.0
2022-11-23 00:00:00-05:00,250.7100067138672,254.0800018310547,244.5500030517578,245.9600067138672,86100,0.0,0.0
2022-11-25 00:00:00-05:00,247.9499969482422,249.2899932861328,244.8699951171875,245.82000732421875,44800,0.0,0.0
2022-11-28 00:00:00-05:00,244.60000610351562,245.66000366210938,233.86000061035156,234.97000122070312,126700,0.0,0.0
2022-11-29 00:00:00-05:00,235.00999450683594,236.75,228.36000061035156,232.05999755859375,128400,0.0,0.0
2022-11-30 00:00:00-05:00,232.8800048828125,237.63999938964844,228.58999633789062,236.97000122070312,105100,0.0,0.0
2022-12-01 00:00:00-05:00,237.39999389648438,240.2100067138672,233.52000427246094,235.66000366210938,118100,0.0,0.0
2022-12-02 00:00:00-05:00,233.41000366210938,233.49000549316406,226.30999755859375,229.5,134700,0.0,0.0
2022-12-05 00:00:00-05:00,229.19000244140625,229.19000244140625,223.86000061035156,225.2100067138672,98000,0.0,0.0
2022-12-06 00:00:00-05:00,226.86000061035156,226.86000061035156,215.66000366210938,219.8699951171875,133100,0.0,0.0
2022-12-07 00:00:00-05:00,220.77000427246094,225.66000366210938,220.77000427246094,223.72999572753906,106100,0.0,0.0
2022-12-08 00:00:00-05:00,223.63999938964844,227.8000030517578,219.6999969482422,220.89999389648438,79700,0.0,0.0
2022-12-09 00:00:00-05:00,221.66000366210938,223.27000427246094,217.82000732421875,218.77000427246094,90800,0.0,0.0
2022-12-12 00:00:00-05:00,218.07000732421875,219.6300048828125,215.8699951171875,218.91000366210938,138000,0.0,0.0
2022-12-13 00:00:00-05:00,225.77999877929688,227.33999633789062,220.0,223.6999969482422,115500,0.0,0.0
2022-12-14 00:00:00-05:00,225.02000427246094,229.4600067138672,219.02000427246094,220.00999450683594,156700,0.0,0.0
2022-12-15 00:00:00-05:00,216.3699951171875,219.4499969482422,207.72000122070312,208.6300048828125,186700,0.0,0.0
2022-12-16 00:00:00-05:00,205.7100067138672,211.1300048828125,202.1300048828125,206.4600067138672,247400,0.0,0.0
2022-12-19 00:00:00-05:00,204.24000549316406,208.77999877929688,202.9499969482422,207.10000610351562,150400,0.0,0.0
2022-12-20 00:00:00-05:00,203.57000732421875,208.1699981689453,203.57000732421875,206.4600067138672,195800,0.0,0.0
2022-12-21 00:00:00-05:00,207.38999938964844,212.64999389648438,206.6999969482422,211.89999389648438,126500,0.0,0.0
2022-12-22 00:00:00-05:00,210.05999755859375,210.14999389648438,204.25,207.8300018310547,112100,0.0,0.0
2022-12-23 00:00:00-05:00,207.25999450683594,209.07000732421875,205.07000732421875,207.4600067138672,58100,0.0,0.0
2022-12-27 00:00:00-05:00,205.60000610351562,208.63999938964844,205.60000610351562,207.58999633789062,73200,0.0,0.0
2022-12-28 00:00:00-05:00,208.6999969482422,209.55999755859375,205.36000061035156,206.05999755859375,103000,0.0,0.0
2022-12-29 00:00:00-05:00,208.86000061035156,213.3000030517578,207.77000427246094,213.11000061035156,132700,0.0,0.0
2022-12-30 00:00:00-05:00,210.99000549316406,212.10000610351562,207.8300018310547,209.35000610351562,98600,0.0,0.0
2023-01-03 00:00:00-05:00,210.0500030517578,210.50999450683594,205.3000030517578,209.05999755859375,182100,0.0,0.0
2023-01-04 00:00:00-05:00,211.6199951171875,214.22000122070312,208.2100067138672,208.77000427246094,108600,0.0,0.0
2023-01-05 00:00:00-05:00,208.69000244140625,210.39999389648438,204.6699981689453,206.82000732421875,177200,0.0,0.0
2023-01-06 00:00:00-05:00,210.2100067138672,214.49000549316406,207.16000366210938,212.7899932861328,112300,0.0,0.0
2023-01-09 00:00:00-05:00,215.77999877929688,220.1999969482422,214.27000427246094,216.07000732421875,182000,0.0,0.0
2023-01-10 00:00:00-05:00,215.42999267578125,215.9499969482422,211.36000061035156,212.80999755859375,135900,0.0,0.0
2023-01-11 00:00:00-05:00,213.0,222.33999633789062,213.0,221.32000732421875,158800,0.0,0.0
2023-01-12 00:00:00-05:00,221.86000061035156,227.0500030517578,221.0399932861328,225.02999877929688,125500,0.0,0.0
2023-01-13 00:00:00-05:00,224.27000427246094,225.41000366210938,220.47999572753906,223.8300018310547,93700,0.0,0.0
2023-01-17 00:00:00-05:00,225.6300048828125,234.4600067138672,224.91000366210938,231.74000549316406,168700,0.0,0.0
2023-01-18 00:00:00-05:00,233.33999633789062,235.5800018310547,231.4499969482422,234.05999755859375,167500,0.0,0.0
2023-01-19 00:00:00-05:00,231.7100067138672,234.17999267578125,224.5500030517578,226.83999633789062,141400,0.0,0.0
2023-01-20 00:00:00-05:00,228.33999633789062,234.74000549316406,226.5500030517578,233.99000549316406,174900,0.0,0.0
2023-01-23 00:00:00-05:00,233.58999633789062,239.35000610351562,232.19000244140625,235.36000061035156,160700,0.0,0.0
2023-01-24 00:00:00-05:00,235.52000427246094,237.39999389648438,231.5399932861328,235.17999267578125,119300,0.0,0.0
2023-01-25 00:00:00-05:00,233.6999969482422,235.0,231.0,233.8800048828125,189500,0.0,0.0
2023-01-26 00:00:00-05:00,236.22000122070312,243.5500030517578,233.5500030517578,243.5,161500,0.0,0.0
2023-01-27 00:00:00-05:00,242.91000366210938,254.38999938964844,242.91000366210938,247.38999938964844,222600,0.0,0.0
2023-01-30 00:00:00-05:00,244.58999633789062,247.05999755859375,235.02999877929688,237.02000427246094,207200,0.0,0.0
2023-01-31 00:00:00-05:00,238.9199981689453,244.3000030517578,237.17999267578125,243.97000122070312,187800,0.0,0.0
2023-02-01 00:00:00-05:00,242.5500030517578,251.8699951171875,240.52000427246094,247.77000427246094,193200,0.0,0.0
2023-02-02 00:00:00-05:00,249.50999450683594,254.5,247.0800018310547,249.52999877929688,142000,0.0,0.0
2023-02-03 00:00:00-05:00,246.7899932861328,252.74000549316406,246.1300048828125,247.67999267578125,135600,0.0,0.0
2023-02-06 00:00:00-05:00,245.66000366210938,247.3000030517578,244.49000549316406,245.8699951171875,185800,0.0,0.0
2023-02-07 00:00:00-05:00,245.94000244140625,247.44000244140625,238.0,240.27999877929688,184900,0.0,0.0
2023-02-08 00:00:00-05:00,236.5,238.9600067138672,234.50999450683594,236.41000366210938,131100,0.0,0.0
2023-02-09 00:00:00-05:00,239.11000061035156,240.33999633789062,231.42999267578125,232.0,167600,0.0,0.0
2023-02-10 00:00:00-05:00,221.9499969482422,238.1300048828125,219.5500030517578,236.5,508700,0.0,0.0
2023-02-13 00:00:00-05:00,239.3000030517578,243.85000610351562,237.50999450683594,239.64999389648438,318100,0.0,0.0
2023-02-14 00:00:00-05:00,237.47000122070312,241.86000061035156,233.57000732421875,239.9199981689453,174500,0.0,0.0
2023-02-15 00:00:00-05:00,238.33999633789062,242.50999450683594,236.5,239.17999267578125,123200,0.0,0.0
2023-02-16 00:00:00-05:00,235.72000122070312,241.8000030517578,232.4199981689453,235.3699951171875,162800,0.0,0.0
2023-02-17 00:00:00-05:00,236.44000244140625,239.30999755859375,232.83999633789062,237.25,160100,0.0,0.0
2023-02-21 00:00:00-05:00,233.94000244140625,237.60000610351562,233.25999450683594,233.72999572753906,169300,0.0,0.0
2023-02-22 00:00:00-05:00,234.4600067138672,238.75,232.8699951171875,235.1999969482422,135900,0.0,0.0
2023-02-23 00:00:00-05:00,236.05999755859375,238.89999389648438,232.77000427246094,236.74000549316406,106800,0.0,0.0
2023-02-24 00:00:00-05:00,235.25,235.25,230.00999450683594,234.41000366210938,122400,0.0,0.0
2023-02-27 00:00:00-05:00,236.2899932861328,241.52000427246094,232.39999389648438,233.4499969482422,110500,0.0,0.0
2023-02-28 00:00:00-05:00,233.89999389648438,236.24000549316406,228.83999633789062,229.80999755859375,234900,0.0,0.0
2023-03-01 00:00:00-05:00,228.6699981689453,235.77999877929688,226.44000244140625,235.4199981689453,159400,0.0,0.0
2023-03-02 00:00:00-05:00,234.64999389648438,243.94000244140625,233.63999938964844,243.77999877929688,185100,0.0,0.0
2023-03-03 00:00:00-05:00,245.55999755859375,248.55999755859375,242.10000610351562,246.9600067138672,115700,0.0,0.0
2023-03-06 00:00:00-05:00,247.6199951171875,247.82000732421875,241.6300048828125,244.6699981689453,86700,0.0,0.0
2023-03-07 00:00:00-05:00,245.2899932861328,246.11000061035156,238.11000061035156,238.11000061035156,87000,0.0,0.0
2023-03-08 00:00:00-05:00,237.85000610351562,239.17999267578125,235.7100067138672,238.82000732421875,68000,0.0,0.0
2023-03-09 00:00:00-05:00,238.6999969482422,240.6999969482422,229.39999389648438,229.80999755859375,86400,0.0,0.0
2023-03-10 00:00:00-05:00,228.5,230.52000427246094,219.07000732421875,222.02999877929688,215500,0.0,0.0
2023-03-13 00:00:00-04:00,216.5800018310547,222.10000610351562,215.07000732421875,215.42999267578125,126300,0.0,0.0
2023-03-14 00:00:00-04:00,221.8300018310547,226.27000427246094,216.75,222.8000030517578,235500,0.0,0.0
2023-03-15 00:00:00-04:00,217.74000549316406,218.52999877929688,210.8000030517578,215.72000122070312,187000,0.0,0.0
2023-03-16 00:00:00-04:00,212.17999267578125,225.8800048828125,211.17999267578125,218.07000732421875,314200,0.0,0.0
2023-03-17 00:00:00-04:00,217.83999633789062,218.60000610351562,210.36000061035156,212.2899932861328,427500,0.0,0.0
2023-03-20 00:00:00-04:00,214.67999267578125,216.02999877929688,211.50999450683594,212.8000030517578,349700,0.0,0.0
2023-03-21 00:00:00-04:00,216.80999755859375,222.5,213.6699981689453,220.6300048828125,273300,0.0,0.0
2023-03-22 00:00:00-04:00,219.77999877929688,224.5800018310547,215.82000732421875,215.94000244140625,200900,0.0,0.0
2023-03-23 00:00:00-04:00,216.82000732421875,220.77000427246094,216.36000061035156,219.1699981689453,155800,0.0,0.0
2023-03-24 00:00:00-04:00,216.50999450683594,220.3000030517578,213.94000244140625,219.8699951171875,148500,0.0,0.0
2023-03-27 00:00:00-04:00,222.72999572753906,224.2100067138672,219.4499969482422,222.55999755859375,89600,0.0,0.0
2023-03-28 00:00:00-04:00,221.2100067138672,226.02000427246094,220.72000122070312,225.47999572753906,100100,0.0,0.0
2023-03-29 00:00:00-04:00,227.8699951171875,228.88999938964844,225.3000030517578,228.25,97400,0.0,0.0
2023-03-30 00:00:00-04:00,230.1699981689453,234.10000610351562,229.02999877929688,229.36000061035156,176600,0.0,0.0
2023-03-31 00:00:00-04:00,231.66000366210938,233.49000549316406,229.08999633789062,232.72999572753906,232100,0.0,0.0
2023-04-03 00:00:00-04:00,232.00999450683594,233.55999755859375,225.0500030517578,230.5399932861328,217400,0.0,0.0
2023-04-04 00:00:00-04:00,231.52999877929688,231.52999877929688,216.61000061035156,218.52999877929688,188000,0.0,0.0
2023-04-05 00:00:00-04:00,218.0,218.75999450683594,215.74000549316406,218.6199951171875,144900,0.0,0.0
2023-04-06 00:00:00-04:00,219.75999450683594,221.8800048828125,214.88999938964844,215.35000610351562,162900,0.0,0.0
2023-04-10 00:00:00-04:00,214.5500030517578,221.2899932861328,212.6300048828125,219.3800048828125,207000,0.0,0.0
2023-04-11 00:00:00-04:00,220.52000427246094,224.8000030517578,220.39999389648438,220.85000610351562,131500,0.0,0.0
2023-04-12 00:00:00-04:00,222.82000732421875,222.82000732421875,219.07000732421875,221.82000732421875,108200,0.0,0.0
2023-04-13 00:00:00-04:00,220.89999389648438,220.89999389648438,217.05999755859375,218.89999389648438,91200,0.0,0.0
2023-04-14 00:00:00-04:00,218.61000061035156,222.02000427246094,216.36000061035156,217.42999267578125,99800,0.0,0.0
2023-04-17 00:00:00-04:00,218.58999633789062,220.9199981689453,217.3300018310547,220.30999755859375,106400,0.0,0.0
2023-04-18 00:00:00-04:00,221.77999877929688,221.89999389648438,218.80999755859375,218.9199981689453,81900,0.0,0.0
2023-04-19 00:00:00-04:00,218.9199981689453,223.83999633789062,216.61000061035156,223.5500030517578,85100,0.0,0.0
2023-04-20 00:00:00-04:00,223.07000732421875,223.50999450683594,220.0,222.6300048828125,121700,0.0,0.0
2023-04-21 00:00:00-04:00,223.5,224.5399932861328,220.2899932861328,222.55999755859375,160900,0.0,0.0
2023-04-24 00:00:00-04:00,220.92999267578125,224.3300018310547,220.55999755859375,221.39999389648438,105400,0.0,0.0
2023-04-25 00:00:00-04:00,218.19000244140625,226.2899932861328,218.19000244140625,221.82000732421875,140900,0.0,0.0
2023-04-26 00:00:00-04:00,219.14999389648438,220.83999633789062,213.52000427246094,215.02000427246094,158600,0.0,0.0
2023-04-27 00:00:00-04:00,216.9199981689453,224.8000030517578,214.99000549316406,224.1699981689453,149000,0.0,0.0
2023-04-28 00:00:00-04:00,224.10000610351562,229.02000427246094,224.10000610351562,227.00999450683594,169800,0.0,0.0
2023-05-01 00:00:00-04:00,225.24000549316406,231.3699951171875,225.24000549316406,230.97999572753906,111100,0.0,0.0
2023-05-02 00:00:00-04:00,230.7100067138672,232.77000427246094,226.61000061035156,231.67999267578125,121600,0.0,0.0
2023-05-03 00:00:00-04:00,232.91000366210938,236.9499969482422,228.33999633789062,229.07000732421875,123100,0.0,0.0
2023-05-04 00:00:00-04:00,226.52000427246094,226.52000427246094,221.11000061035156,224.32000732421875,126300,0.0,0.0
2023-05-05 00:00:00-04:00,229.30999755859375,231.3699951171875,225.94000244140625,226.25,97100,0.0,0.0
2023-05-08 00:00:00-04:00,226.38999938964844,227.4600067138672,223.0500030517578,223.64999389648438,81500,0.0,0.0
2023-05-09 00:00:00-04:00,222.5,223.57000732421875,219.47000122070312,220.08999633789062,139300,0.0,0.0
2023-05-10 00:00:00-04:00,221.77999877929688,221.77999877929688,216.32000732421875,220.3000030517578,110200,0.0,0.0
2023-05-11 00:00:00-04:00,217.72999572753906,220.72000122070312,216.3000030517578,218.39999389648438,132100,0.0,0.0
2023-05-12 00:00:00-04:00,220.0,220.0,215.02999877929688,217.99000549316406,96400,0.0,0.0
2023-05-15 00:00:00-04:00,219.77000427246094,223.38999938964844,218.6199951171875,221.61000061035156,106000,0.0,0.0
2023-05-16 00:00:00-04:00,219.27999877929688,221.9600067138672,216.72999572753906,220.7100067138672,117500,0.0,0.0
2023-05-17 00:00:00-04:00,220.7100067138672,225.92999267578125,219.75999450683594,224.85000610351562,149600,0.0,0.0
2023-05-18 00:00:00-04:00,226.16000366210938,226.60000610351562,219.13999938964844,224.33999633789062,242800,0.0,0.0
2023-05-19 00:00:00-04:00,227.02000427246094,229.00999450683594,211.11000061035156,212.5399932861328,409800,0.0,0.0
2023-05-22 00:00:00-04:00,215.89999389648438,218.60000610351562,212.47999572753906,216.97000122070312,339600,0.0,0.0
2023-05-23 00:00:00-04:00,216.77000427246094,218.5,210.25,211.6300048828125,282000,0.0,0.0
2023-05-24 00:00:00-04:00,211.1199951171875,211.1199951171875,202.4600067138672,204.92999267578125,233500,0.0,0.0
2023-05-25 00:00:00-04:00,206.0800018310547,206.0800018310547,201.14999389648438,204.17999267578125,144600,0.0,0.0
2023-05-26 00:00:00-04:00,203.5800018310547,206.41000366210938,203.22000122070312,205.97999572753906,125000,0.0,0.0
2023-05-30 00:00:00-04:00,205.6999969482422,206.89999389648438,203.72000122070312,205.6300048828125,105800,0.0,0.0
2023-05-31 00:00:00-04:00,205.5800018310547,207.1199951171875,196.55999755859375,198.2899932861328,260100,0.0,0.0
2023-06-01 00:00:00-04:00,197.77000427246094,200.44000244140625,195.17999267578125,199.50999450683594,242500,0.0,0.0
2023-06-02 00:00:00-04:00,202.88999938964844,209.0399932861328,201.0,208.27000427246094,211000,0.0,0.0
2023-06-05 00:00:00-04:00,208.07000732421875,208.07000732421875,200.6199951171875,206.19000244140625,208200,0.0,0.0
2023-06-06 00:00:00-04:00,204.9600067138672,214.1199951171875,204.9600067138672,213.11000061035156,161900,0.0,0.0
2023-06-07 00:00:00-04:00,212.8800048828125,220.2899932861328,212.8000030517578,218.02000427246094,275000,0.0,0.0
2023-06-08 00:00:00-04:00,216.8800048828125,219.22999572753906,212.9499969482422,213.13999938964844,281100,0.0,0.0
2023-06-09 00:00:00-04:00,213.5,214.77000427246094,209.14999389648438,211.2899932861328,369400,0.0,0.0
2023-06-12 00:00:00-04:00,212.85000610351562,214.97000122070312,209.7899932861328,210.74000549316406,181300,0.0,0.0
2023-06-13 00:00:00-04:00,212.6300048828125,219.38999938964844,212.57000732421875,218.77999877929688,215400,0.0,0.0
2023-06-14 00:00:00-04:00,219.5,220.1300048828125,212.85000610351562,214.86000061035156,166000,0.0,0.0
2023-06-15 00:00:00-04:00,215.00999450683594,217.0,211.69000244140625,214.38999938964844,204900,0.0,0.0
2023-06-16 00:00:00-04:00,217.11000061035156,217.11000061035156,208.6999969482422,209.0500030517578,315800,0.0,0.0
2023-06-20 00:00:00-04:00,208.60000610351562,209.77000427246094,205.66000366210938,208.47999572753906,282900,0.0,0.0
2023-06-21 00:00:00-04:00,206.33999633789062,209.52999877929688,205.85000610351562,208.13999938964844,285000,0.0,0.0
2023-06-22 00:00:00-04:00,208.32000732421875,208.6300048828125,205.6199951171875,207.9499969482422,260300,0.0,0.0
2023-06-23 00:00:00-04:00,205.47000122070312,212.83999633789062,203.9199981689453,209.0399932861328,3690400,0.0,0.0
2023-06-26 00:00:00-04:00,210.8300018310547,217.49000549316406,209.6699981689453,209.9199981689453,190300,0.0,0.0
2023-06-27 00:00:00-04:00,210.32000732421875,215.9499969482422,210.32000732421875,215.60000610351562,257200,0.0,0.0
2023-06-28 00:00:00-04:00,216.52000427246094,216.97999572753906,214.22000122070312,215.89999389648438,274200,0.0,0.0
2023-06-29 00:00:00-04:00,215.50999450683594,219.14999389648438,215.50999450683594,217.3300018310547,172000,0.0,0.0
2023-06-30 00:00:00-04:00,219.5800018310547,220.05999755859375,216.27000427246094,217.47000122070312,119600,0.0,0.0
2023-07-03 00:00:00-04:00,217.0,219.60000610351562,216.6699981689453,219.05999755859375,53200,0.0,0.0
2023-07-05 00:00:00-04:00,219.08999633789062,219.08999633789062,214.4499969482422,214.47999572753906,132900,0.0,0.0
2023-07-06 00:00:00-04:00,213.19000244140625,214.47999572753906,210.2899932861328,213.25,182000,0.0,0.0
2023-07-07 00:00:00-04:00,212.9199981689453,218.3699951171875,212.9199981689453,215.97999572753906,255400,0.0,0.0
2023-07-10 00:00:00-04:00,216.00999450683594,219.99000549316406,216.00999450683594,218.0800018310547,154200,0.0,0.0
2023-07-11 00:00:00-04:00,219.6699981689453,221.49000549316406,218.0,220.97999572753906,124900,0.0,0.0
2023-07-12 00:00:00-04:00,223.88999938964844,223.88999938964844,219.5500030517578,222.82000732421875,109800,0.0,0.0
2023-07-13 00:00:00-04:00,223.4499969482422,226.0,223.2899932861328,223.4600067138672,163900,0.0,0.0
2023-07-14 00:00:00-04:00,223.61000061035156,223.61000061035156,217.42999267578125,218.4499969482422,186900,0.0,0.0
2023-07-17 00:00:00-04:00,218.5,219.52999877929688,215.0399932861328,218.0399932861328,155500,0.0,0.0
2023-07-18 00:00:00-04:00,217.24000549316406,221.44000244140625,216.97000122070312,218.9499969482422,155800,0.0,0.0
2023-07-19 00:00:00-04:00,218.97000122070312,222.25,218.02000427246094,222.1300048828125,134100,0.0,0.0
2023-07-20 00:00:00-04:00,221.5800018310547,222.30999755859375,219.5800018310547,220.3699951171875,83400,0.0,0.0
2023-07-21 00:00:00-04:00,221.61000061035156,224.41000366210938,219.69000244140625,223.19000244140625,208200,0.0,0.0
2023-07-24 00:00:00-04:00,222.61000061035156,225.1300048828125,222.61000061035156,223.05999755859375,153500,0.0,0.0
2023-07-25 00:00:00-04:00,221.9600067138672,224.83999633789062,220.6300048828125,221.9199981689453,105700,0.0,0.0
2023-07-26 00:00:00-04:00,221.8699951171875,224.24000549316406,218.57000732421875,220.27000427246094,127800,0.0,0.0
2023-07-27 00:00:00-04:00,220.6999969482422,221.0,217.8800048828125,220.1999969482422,128800,0.0,0.0
2023-07-28 00:00:00-04:00,221.83999633789062,227.41000366210938,221.77000427246094,224.57000732421875,194800,0.0,0.0
2023-07-31 00:00:00-04:00,225.30999755859375,228.9499969482422,225.0,226.0500030517578,176200,0.0,0.0
2023-08-01 00:00:00-04:00,224.8699951171875,228.52999877929688,223.1699981689453,226.32000732421875,143800,0.0,0.0
2023-08-02 00:00:00-04:00,224.27000427246094,225.0800018310547,219.77999877929688,220.0,120200,0.0,0.0
2023-08-03 00:00:00-04:00,218.25999450683594,218.35000610351562,214.42999267578125,214.4499969482422,201400,0.0,0.0
2023-08-04 00:00:00-04:00,216.5,220.8300018310547,203.64999389648438,220.77999877929688,409000,0.0,0.0
2023-08-07 00:00:00-04:00,222.1999969482422,227.60000610351562,222.1999969482422,225.58999633789062,212900,0.0,0.0
2023-08-08 00:00:00-04:00,223.38999938964844,227.5,221.83999633789062,226.16000366210938,187700,0.0,0.0
2023-08-09 00:00:00-04:00,228.4199981689453,233.8300018310547,225.47000122070312,226.13999938964844,163200,0.0,0.0
2023-08-10 00:00:00-04:00,227.5,228.72000122070312,224.0,225.07000732421875,145500,0.0,0.0
2023-08-11 00:00:00-04:00,224.42999267578125,229.9499969482422,223.9600067138672,229.30999755859375,104000,0.0,0.0
2023-08-14 00:00:00-04:00,228.39999389648438,229.25999450683594,226.9600067138672,227.8699951171875,80600,0.0,0.0
2023-08-15 00:00:00-04:00,226.07000732421875,228.5800018310547,225.0,226.5500030517578,102100,0.0,0.0
2023-08-16 00:00:00-04:00,225.4499969482422,228.1199951171875,224.89999389648438,225.75999450683594,199800,0.0,0.0
2023-08-17 00:00:00-04:00,226.44000244140625,228.38999938964844,221.91000366210938,221.99000549316406,123200,0.0,0.0
2023-08-18 00:00:00-04:00,220.50999450683594,223.30999755859375,218.7100067138672,219.08999633789062,131700,0.0,0.0
2023-08-21 00:00:00-04:00,219.82000732421875,219.82000732421875,214.9499969482422,217.4600067138672,106500,0.0,0.0
2023-08-22 00:00:00-04:00,218.5500030517578,218.5500030517578,214.9499969482422,217.3699951171875,105100,0.0,0.0
2023-08-23 00:00:00-04:00,218.13999938964844,222.13999938964844,217.58999633789062,222.0500030517578,68400,0.0,0.0
2023-08-24 00:00:00-04:00,220.63999938964844,223.27999877929688,219.91000366210938,220.24000549316406,94400,0.0,0.0
2023-08-25 00:00:00-04:00,221.16000366210938,222.75,218.6199951171875,220.9600067138672,70300,0.0,0.0
2023-08-28 00:00:00-04:00,222.6999969482422,225.6699981689453,222.6999969482422,222.89999389648438,63000,0.0,0.0
2023-08-29 00:00:00-04:00,222.5,228.22000122070312,222.5,227.24000549316406,75100,0.0,0.0
2023-08-30 00:00:00-04:00,226.75,230.52000427246094,225.5,230.0,100400,0.0,0.0
2023-08-31 00:00:00-04:00,229.97999572753906,234.2899932861328,229.97999572753906,230.5399932861328,173000,0.0,0.0
2023-09-01 00:00:00-04:00,231.9600067138672,234.32000732421875,230.50999450683594,233.8000030517578,95100,0.0,0.0
2023-09-05 00:00:00-04:00,252.0,253.0,234.57000732421875,235.99000549316406,531800,0.0,0.0
2023-09-06 00:00:00-04:00,235.22999572753906,241.9499969482422,234.42999267578125,239.77000427246094,326700,0.0,0.0
2023-09-07 00:00:00-04:00,238.4499969482422,244.6999969482422,238.00999450683594,241.3699951171875,383700,0.0,0.0
2023-09-08 00:00:00-04:00,241.02000427246094,245.5,239.5399932861328,241.86000061035156,312900,0.0,0.0
2023-09-11 00:00:00-04:00,240.6699981689453,243.08999633789062,233.6199951171875,238.99000549316406,315700,0.0,0.0
2023-09-12 00:00:00-04:00,238.05999755859375,241.2100067138672,236.3699951171875,236.8800048828125,218400,0.0,0.0
2023-09-13 00:00:00-04:00,236.5,239.19000244140625,232.72999572753906,238.77000427246094,351700,0.0,0.0
2023-09-14 00:00:00-04:00,240.74000549316406,242.3699951171875,237.5800018310547,238.00999450683594,309300,0.0,0.0
2023-09-15 00:00:00-04:00,237.64999389648438,241.25,234.75,240.1999969482422,4374200,0.0,0.0
2023-09-18 00:00:00-04:00,239.02999877929688,246.27999877929688,239.02999877929688,243.11000061035156,410200,0.0,0.0
2023-09-19 00:00:00-04:00,243.8000030517578,245.42999267578125,237.0500030517578,237.9499969482422,473200,0.0,0.0
2023-09-20 00:00:00-04:00,238.52999877929688,242.4199981689453,235.1199951171875,235.6300048828125,176200,0.0,0.0
2023-09-21 00:00:00-04:00,234.61000061035156,235.02000427246094,231.91000366210938,232.38999938964844,192900,0.0,0.0
2023-09-22 00:00:00-04:00,232.11000061035156,237.1300048828125,230.89999389648438,235.58999633789062,169800,0.0,0.0
2023-09-25 00:00:00-04:00,234.27999877929688,237.49000549316406,233.72000122070312,236.6999969482422,152100,0.0,0.0
2023-09-26 00:00:00-04:00,235.2899932861328,236.85000610351562,233.89999389648438,234.47999572753906,114100,0.0,0.0
2023-09-27 00:00:00-04:00,236.7899932861328,238.75,231.94000244140625,233.41000366210938,210300,0.0,0.0
2023-09-28 00:00:00-04:00,233.60000610351562,236.1999969482422,231.47999572753906,233.17999267578125,162800,0.0,0.0
2023-09-29 00:00:00-04:00,234.6699981689453,237.19000244140625,233.66000366210938,234.1300048828125,200400,0.0,0.0
2023-10-02 00:00:00-04:00,233.7899932861328,234.9499969482422,228.66000366210938,229.13999938964844,181900,0.0,0.0
2023-10-03 00:00:00-04:00,228.25,230.2100067138672,227.0500030517578,230.0800018310547,183200,0.0,0.0
2023-10-04 00:00:00-04:00,230.35000610351562,236.4600067138672,228.50999450683594,235.94000244140625,210800,0.0,0.0
2023-10-05 00:00:00-04:00,235.0,236.8300018310547,234.6300048828125,235.3000030517578,159300,0.0,0.0
2023-10-06 00:00:00-04:00,233.5800018310547,240.17999267578125,233.4499969482422,238.02000427246094,138500,0.0,0.0
2023-10-09 00:00:00-04:00,237.94000244140625,240.35000610351562,236.2899932861328,239.42999267578125,106400,0.0,0.0
2023-10-10 00:00:00-04:00,240.97000122070312,242.8000030517578,240.02000427246094,240.67999267578125,86700,0.0,0.0
2023-10-11 00:00:00-04:00,240.72000122070312,244.3800048828125,240.72000122070312,244.25,125700,0.0,0.0
2023-10-12 00:00:00-04:00,244.99000549316406,244.99000549316406,239.07000732421875,240.24000549316406,107400,0.0,0.0
2023-10-13 00:00:00-04:00,240.97000122070312,240.97000122070312,237.5399932861328,237.77999877929688,92700,0.0,0.0
2023-10-16 00:00:00-04:00,239.99000549316406,241.55999755859375,237.17999267578125,240.97999572753906,128800,0.0,0.0
2023-10-17 00:00:00-04:00,239.72000122070312,246.24000549316406,239.47000122070312,244.80999755859375,178100,0.0,0.0
2023-10-18 00:00:00-04:00,242.55999755859375,242.55999755859375,221.61000061035156,222.19000244140625,265500,0.0,0.0
2023-10-19 00:00:00-04:00,221.94000244140625,224.4499969482422,219.9499969482422,220.05999755859375,273800,0.0,0.0
2023-10-20 00:00:00-04:00,221.0,225.3800048828125,220.52000427246094,225.27999877929688,272300,0.0,0.0
2023-10-23 00:00:00-04:00,224.49000549316406,225.92999267578125,219.69000244140625,220.3300018310547,145200,0.0,0.0
2023-10-24 00:00:00-04:00,221.72000122070312,226.16000366210938,221.64999389648438,226.0,190600,0.0,0.0
2023-10-25 00:00:00-04:00,225.0,226.7100067138672,220.2100067138672,220.2899932861328,110900,0.0,0.0
2023-10-26 00:00:00-04:00,221.3300018310547,224.0,219.11000061035156,220.6199951171875,103100,0.0,0.0
2023-10-27 00:00:00-04:00,221.85000610351562,221.85000610351562,215.77000427246094,216.10000610351562,99100,0.0,0.0
2023-10-30 00:00:00-04:00,218.72999572753906,221.0800018310547,214.13999938964844,220.89999389648438,222900,0.0,0.0
2023-10-31 00:00:00-04:00,221.0,222.42999267578125,218.8000030517578,219.83999633789062,144800,0.0,0.0
2023-11-01 00:00:00-04:00,218.9600067138672,220.0,214.49000549316406,218.25999450683594,131500,0.0,0.0
2023-11-02 00:00:00-04:00,221.33999633789062,223.89999389648438,220.17999267578125,221.1199951171875,132100,0.0,0.0
2023-11-03 00:00:00-04:00,225.16000366210938,225.3800048828125,219.57000732421875,220.44000244140625,248700,0.0,0.0
2023-11-06 00:00:00-05:00,220.27000427246094,220.27000427246094,216.27000427246094,219.27000427246094,180400,0.0,0.0
2023-11-07 00:00:00-05:00,218.10000610351562,219.36000061035156,214.63999938964844,216.83999633789062,223100,0.0,0.0
2023-11-08 00:00:00-05:00,217.9199981689453,220.14999389648438,216.8699951171875,218.75,188800,0.0,0.0
2023-11-09 00:00:00-05:00,219.0,221.9199981689453,216.7899932861328,221.64999389648438,160000,0.0,0.0
2023-11-10 00:00:00-05:00,222.3300018310547,229.27999877929688,222.00999450683594,228.72000122070312,180000,0.0,0.0
2023-11-13 00:00:00-05:00,227.6999969482422,234.6999969482422,226.7100067138672,234.5800018310547,169700,0.0,0.0
2023-11-14 00:00:00-05:00,237.99000549316406,241.63999938964844,236.0,240.22999572753906,217000,0.0,0.0
2023-11-15 00:00:00-05:00,241.8800048828125,246.6999969482422,241.8800048828125,243.22000122070312,217600,0.0,0.0
2023-11-16 00:00:00-05:00,242.97999572753906,247.41000366210938,238.2100067138672,240.22000122070312,178000,0.0,0.0
2023-11-17 00:00:00-05:00,241.5500030517578,244.00999450683594,241.14999389648438,242.77000427246094,116500,0.0,0.0
2023-11-20 00:00:00-05:00,243.30999755859375,243.30999755859375,240.72999572753906,240.99000549316406,79100,0.0,0.0
2023-11-21 00:00:00-05:00,239.97000122070312,241.88999938964844,239.22999572753906,240.91000366210938,67100,0.0,0.0
2023-11-22 00:00:00-05:00,240.69000244140625,242.89999389648438,240.69000244140625,241.55999755859375,67100,0.0,0.0
2023-11-24 00:00:00-05:00,241.14999389648438,245.74000549316406,241.14999389648438,245.5800018310547,77800,0.0,0.0
2023-11-27 00:00:00-05:00,244.22000122070312,247.33999633789062,243.4600067138672,246.35000610351562,156000,0.0,0.0
2023-11-28 00:00:00-05:00,245.9600067138672,247.00999450683594,241.97999572753906,242.24000549316406,145400,0.0,0.0
2023-11-29 00:00:00-05:00,248.11000061035156,257.9800109863281,247.77999877929688,254.47000122070312,255600,0.0,0.0
2023-11-30 00:00:00-05:00,255.63999938964844,257.9200134277344,254.05999755859375,257.739990234375,152300,0.0,0.0
2023-12-01 00:00:00-05:00,257.3599853515625,264.9599914550781,257.3599853515625,264.3699951171875,132200,0.0,0.0
2023-12-04 00:00:00-05:00,263.5,267.6000061035156,261.07000732421875,266.42999267578125,137100,0.0,0.0
2023-12-05 00:00:00-05:00,266.1199951171875,266.7799987792969,261.9700012207031,262.2799987792969,96300,0.0,0.0
2023-12-06 00:00:00-05:00,262.57000732421875,266.7699890136719,259.260009765625,259.5,167800,0.0,0.0
2023-12-07 00:00:00-05:00,261.32000732421875,261.32000732421875,257.4700012207031,259.0,204900,0.0,0.0
2023-12-08 00:00:00-05:00,258.0299987792969,263.8999938964844,258.0299987792969,262.4100036621094,91200,0.0,0.0
2023-12-11 00:00:00-05:00,262.239990234375,265.2900085449219,262.239990234375,264.5,84600,0.0,0.0
2023-12-12 00:00:00-05:00,264.3299865722656,266.75,262.8699951171875,265.6099853515625,108700,0.0,0.0
2023-12-13 00:00:00-05:00,265.1499938964844,267.9700012207031,261.94000244140625,267.0,189100,0.0,0.0
2023-12-14 00:00:00-05:00,270.010009765625,275.8500061035156,269.239990234375,275.6600036621094,201100,0.0,0.0
2023-12-15 00:00:00-05:00,274.5400085449219,277.25,268.8699951171875,270.54998779296875,295200,0.0,0.0
2023-12-18 00:00:00-05:00,270.7900085449219,274.7099914550781,270.70001220703125,272.6099853515625,110300,0.0,0.0
2023-12-19 00:00:00-05:00,274.4800109863281,276.7300109863281,272.3999938964844,275.8900146484375,100600,0.0,0.0
2023-12-20 00:00:00-05:00,275.4599914550781,280.0,274.6400146484375,274.82000732421875,126800,0.0,0.0
2023-12-21 00:00:00-05:00,276.70001220703125,279.5400085449219,275.5799865722656,278.70001220703125,115300,0.0,0.0
2023-12-22 00:00:00-05:00,279.1300048828125,282.4800109863281,279.1300048828125,281.94000244140625,97400,0.0,0.0
2023-12-26 00:00:00-05:00,282.29998779296875,287.6099853515625,282.29998779296875,286.25,206500,0.0,0.0
2023-12-27 00:00:00-05:00,286.4200134277344,288.1600036621094,285.75,286.20001220703125,113500,0.0,0.0
2023-12-28 00:00:00-05:00,284.1499938964844,286.55999755859375,282.45001220703125,286.1499938964844,95800,0.0,0.0
2023-12-29 00:00:00-05:00,286.25,286.94000244140625,283.8500061035156,284.8900146484375,86400,0.0,0.0
2024-01-02 00:00:00-05:00,282.5,285.7900085449219,277.3299865722656,278.7699890136719,107400,0.0,0.0
2024-01-03 00:00:00-05:00,275.6300048828125,276.9100036621094,270.6000061035156,270.739990234375,144000,0.0,0.0
2024-01-04 00:00:00-05:00,270.6400146484375,276.9200134277344,268.2099914550781,269.7699890136719,124700,0.0,0.0
2024-01-05 00:00:00-05:00,269.19000244140625,271.6499938964844,268.3999938964844,270.6400146484375,107700,0.0,0.0
2024-01-08 00:00:00-05:00,270.8699951171875,272.04998779296875,268.05999755859375,272.0199890136719,93400,0.0,0.0
2024-01-09 00:00:00-05:00,269.5400085449219,271.4700012207031,268.9200134277344,271.32000732421875,94400,0.0,0.0
2024-01-10 00:00:00-05:00,272.25,274.82000732421875,269.6300048828125,272.3800048828125,73500,0.0,0.0
2024-01-11 00:00:00-05:00,272.8399963378906,274.55999755859375,267.6400146484375,272.6000061035156,69600,0.0,0.0
2024-01-12 00:00:00-05:00,275.4700012207031,275.4700012207031,271.54998779296875,272.5799865722656,74400,0.0,0.0
2024-01-16 00:00:00-05:00,270.82000732421875,273.3299865722656,269.7799987792969,271.489990234375,74000,0.0,0.0
2024-01-17 00:00:00-05:00,269.19000244140625,271.3999938964844,268.1300048828125,269.9700012207031,86200,0.0,0.0
2024-01-18 00:00:00-05:00,270.7300109863281,276.04998779296875,268.5400085449219,275.25,121500,0.0,0.0
2024-01-19 00:00:00-05:00,275.9100036621094,280.4200134277344,274.0799865722656,280.4100036621094,112800,0.0,0.0
2024-01-22 00:00:00-05:00,282.8399963378906,284.20001220703125,277.5199890136719,277.8599853515625,118100,0.0,0.0
2024-01-23 00:00:00-05:00,279.0,279.0,272.45001220703125,273.1300048828125,131400,0.0,0.0
2024-01-24 00:00:00-05:00,275.8999938964844,275.9100036621094,269.04998779296875,271.0899963378906,109900,0.0,0.0
2024-01-25 00:00:00-05:00,273.7200012207031,274.69000244140625,269.42999267578125,272.1000061035156,142700,0.0,0.0
2024-01-26 00:00:00-05:00,273.42999267578125,274.9800109863281,270.9200134277344,271.8500061035156,107100,0.0,0.0
2024-01-29 00:00:00-05:00,271.0,275.489990234375,270.55999755859375,275.0199890136719,88400,0.0,0.0
2024-01-30 00:00:00-05:00,274.489990234375,276.6400146484375,273.1000061035156,274.3500061035156,68400,0.0,0.0
2024-01-31 00:00:00-05:00,274.79998779296875,275.29998779296875,268.3299865722656,268.5400085449219,72100,0.0,0.0
2024-02-01 00:00:00-05:00,270.5199890136719,275.260009765625,268.70001220703125,274.260009765625,97500,0.0,0.0
2024-02-02 00:00:00-05:00,273.1000061035156,278.260009765625,271.3900146484375,275.8699951171875,79000,0.0,0.0
2024-02-05 00:00:00-05:00,272.6600036621094,274.5199890136719,269.4800109863281,272.5299987792969,96200,0.0,0.0
2024-02-06 00:00:00-05:00,273.5299987792969,274.9599914550781,272.0400085449219,274.6099853515625,59700,0.0,0.0
2024-02-07 00:00:00-05:00,275.4100036621094,276.9100036621094,272.8399963378906,272.92999267578125,168100,0.0,0.0
2024-02-08 00:00:00-05:00,250.00999450683594,261.4100036621094,240.36000061035156,258.1499938964844,374300,0.0,0.0
2024-02-09 00:00:00-05:00,260.1499938964844,267.4100036621094,258.57000732421875,266.17999267578125,255100,0.0,0.0
2024-02-12 00:00:00-05:00,265.3900146484375,270.1600036621094,263.29998779296875,268.5,179200,0.0,0.0
2024-02-13 00:00:00-05:00,263.4200134277344,265.80999755859375,260.3399963378906,264.1400146484375,171600,0.0,0.0
2024-02-14 00:00:00-05:00,265.7099914550781,271.489990234375,262.0799865722656,271.19000244140625,126900,0.0,0.0
2024-02-15 00:00:00-05:00,271.4700012207031,277.0199890136719,270.0400085449219,275.3900146484375,171700,0.0,0.0
2024-02-16 00:00:00-05:00,274.7900085449219,275.6099853515625,270.75,270.9800109863281,110200,0.0,0.0
2024-02-20 00:00:00-05:00,268.82000732421875,271.7099914550781,268.7799987792969,270.3999938964844,140400,0.0,0.0
2024-02-21 00:00:00-05:00,269.45001220703125,271.1000061035156,264.7300109863281,266.6700134277344,153600,0.0,0.0
2024-02-22 00:00:00-05:00,269.0199890136719,272.3699951171875,268.2300109863281,271.739990234375,83500,0.0,0.0
2024-02-23 00:00:00-05:00,273.69000244140625,273.69000244140625,270.3999938964844,270.69000244140625,81700,0.0,0.0
2024-02-26 00:00:00-05:00,271.3599853515625,272.8399963378906,269.82000732421875,270.20001220703125,98400,0.0,0.0
2024-02-27 00:00:00-05:00,271.9700012207031,272.9100036621094,270.0899963378906,271.5299987792969,112600,0.0,0.0
2024-02-28 00:00:00-05:00,270.7099914550781,276.70001220703125,270.7099914550781,276.3299865722656,96300,0.0,0.0
2024-02-29 00:00:00-05:00,278.1600036621094,278.1600036621094,271.1600036621094,272.8299865722656,150800,0.0,0.0
2024-03-01 00:00:00-05:00,272.8299865722656,272.8299865722656,266.1099853515625,266.3599853515625,126300,0.0,0.0
2024-03-04 00:00:00-05:00,267.5899963378906,269.6300048828125,265.1199951171875,265.70001220703125,127100,0.0,0.0
2024-03-05 00:00:00-05:00,264.79998779296875,266.2200012207031,262.57000732421875,262.6000061035156,111700,0.0,0.0
2024-03-06 00:00:00-05:00,264.4700012207031,270.7699890136719,263.2200012207031,270.7099914550781,119300,0.0,0.0
2024-03-07 00:00:00-05:00,272.30999755859375,274.6000061035156,268.20001220703125,270.2900085449219,125700,0.0,0.0
2024-03-08 00:00:00-05:00,270.55999755859375,272.44000244140625,265.4800109863281,268.04998779296875,126500,0.0,0.0
2024-03-11 00:00:00-04:00,267.4100036621094,270.07000732421875,265.0400085449219,266.6300048828125,125900,0.0,0.0
2024-03-12 00:00:00-04:00,266.0,267.42999267578125,264.3500061035156,265.1700134277344,83300,0.0,0.0
2024-03-13 00:00:00-04:00,267.0299987792969,268.9100036621094,264.3399963378906,265.44000244140625,187500,0.0,0.0
2024-03-14 00:00:00-04:00,265.25,266.5400085449219,258.4599914550781,260.1600036621094,98000,0.0,0.0
2024-03-15 00:00:00-04:00,259.4200134277344,264.260009765625,259.4200134277344,262.45001220703125,258800,0.0,0.0
2024-03-18 00:00:00-04:00,263.0299987792969,264.2099914550781,260.1300048828125,260.739990234375,106100,0.0,0.0
2024-03-19 00:00:00-04:00,259.7900085449219,264.44000244140625,259.45001220703125,264.0400085449219,91600,0.0,0.0
2024-03-20 00:00:00-04:00,264.5899963378906,267.2200012207031,263.739990234375,267.2099914550781,66900,0.0,0.0
2024-03-21 00:00:00-04:00,269.010009765625,271.3699951171875,268.1099853515625,269.0400085449219,105800,0.0,0.0
2024-03-22 00:00:00-04:00,268.8599853515625,268.8599853515625,264.30999755859375,264.8699951171875,104900,0.0,0.0
2024-03-25 00:00:00-04:00,265.80999755859375,265.80999755859375,262.69000244140625,263.30999755859375,110300,0.0,0.0
2024-03-26 00:00:00-04:00,263.04998779296875,267.489990234375,263.04998779296875,265.6700134277344,91700,0.0,0.0
2024-03-27 00:00:00-04:00,268.19000244140625,271.989990234375,265.8999938964844,271.739990234375,81300,0.0,0.0
2024-03-28 00:00:00-04:00,271.29998779296875,272.1499938964844,269.8900146484375,270.3500061035156,96200,0.0,0.0
2024-04-01 00:00:00-04:00,270.739990234375,270.739990234375,266.45001220703125,269.4599914550781,73700,0.0,0.0
2024-04-02 00:00:00-04:00,268.0400085449219,268.0400085449219,262.29998779296875,263.4599914550781,85800,0.0,0.0
2024-04-03 00:00:00-04:00,262.94000244140625,265.17999267578125,261.010009765625,261.7300109863281,158700,0.0,0.0
2024-04-04 00:00:00-04:00,264.3900146484375,268.2300109863281,261.2900085449219,261.6099853515625,100700,0.0,0.0
2024-04-05 00:00:00-04:00,263.25,266.1600036621094,263.25,266.0299987792969,89300,0.0,0.0
2024-04-08 00:00:00-04:00,267.42999267578125,270.3500061035156,265.4800109863281,269.5400085449219,98200,0.0,0.0
2024-04-09 00:00:00-04:00,270.2200012207031,270.70001220703125,266.2099914550781,267.1499938964844,97400,0.0,0.0
2024-04-10 00:00:00-04:00,263.0400085449219,265.82000732421875,261.67999267578125,263.4200134277344,78200,0.0,0.0
2024-04-11 00:00:00-04:00,264.6400146484375,266.739990234375,259.1400146484375,259.2699890136719,157100,0.0,0.0
2024-04-12 00:00:00-04:00,256.760009765625,257.6199951171875,252.75999450683594,254.74000549316406,113300,0.0,0.0
2024-04-15 00:00:00-04:00,257.25,257.82000732421875,251.32000732421875,251.77000427246094,113800,0.0,0.0
2024-04-16 00:00:00-04:00,251.1199951171875,252.32000732421875,249.1199951171875,250.16000366210938,211600,0.0,0.0
2024-04-17 00:00:00-04:00,251.57000732421875,251.57000732421875,246.0,246.5399932861328,159000,0.0,0.0
2024-04-18 00:00:00-04:00,247.4199981689453,247.4199981689453,242.1199951171875,242.7899932861328,152900,0.0,0.0
2024-04-19 00:00:00-04:00,242.82000732421875,246.44000244140625,242.4499969482422,244.86000061035156,242100,0.0,0.0
2024-04-22 00:00:00-04:00,245.58999633789062,246.72000122070312,243.4199981689453,244.32000732421875,138200,0.0,0.0
2024-04-23 00:00:00-04:00,244.91000366210938,247.99000549316406,243.9600067138672,245.9199981689453,217100,0.0,0.0
2024-04-24 00:00:00-04:00,245.1300048828125,247.74000549316406,242.58999633789062,244.88999938964844,162400,0.0,0.0
2024-04-25 00:00:00-04:00,242.69000244140625,244.97999572753906,241.42999267578125,244.25,99500,0.0,0.0
2024-04-26 00:00:00-04:00,243.92999267578125,247.02000427246094,243.92999267578125,245.02999877929688,130000,0.0,0.0
2024-04-29 00:00:00-04:00,246.4199981689453,248.14999389648438,245.7899932861328,246.7899932861328,194700,0.0,0.0
2024-04-30 00:00:00-04:00,245.47000122070312,247.2899932861328,243.5,244.5500030517578,243000,0.0,0.0
2024-05-01 00:00:00-04:00,245.1300048828125,250.2899932861328,244.63999938964844,248.22999572753906,213600,0.0,0.0
2024-05-02 00:00:00-04:00,249.4499969482422,251.61000061035156,247.3000030517578,251.17999267578125,97700,0.0,0.0
2024-05-03 00:00:00-04:00,253.72999572753906,255.1199951171875,249.3000030517578,249.99000549316406,88400,0.0,0.0
2024-05-06 00:00:00-04:00,252.39999389648438,258.6700134277344,252.39999389648438,258.5899963378906,160500,0.0,0.0
2024-05-07 00:00:00-04:00,258.2900085449219,262.45001220703125,258.2900085449219,261.5400085449219,232200,0.0,0.0
2024-05-08 00:00:00-04:00,260.6400146484375,264.5199890136719,259.8800048828125,264.510009765625,179500,0.0,0.0
2024-05-09 00:00:00-04:00,265.2099914550781,268.1700134277344,264.92999267578125,268.1499938964844,98700,0.0,0.0
2024-05-10 00:00:00-04:00,269.9100036621094,271.55999755859375,268.79998779296875,271.55999755859375,186200,0.0,0.0
2024-05-13 00:00:00-04:00,273.4800109863281,273.75,266.6099853515625,267.80999755859375,145600,0.0,0.0
2024-05-14 00:00:00-04:00,269.739990234375,272.739990234375,267.6300048828125,272.70001220703125,148100,0.0,0.0
2024-05-15 00:00:00-04:00,274.8900146484375,274.8900146484375,272.1300048828125,273.04998779296875,172000,0.0,0.0
2024-05-16 00:00:00-04:00,274.2699890136719,274.2699890136719,266.5799865722656,267.55999755859375,215300,0.0,0.0
2024-05-17 00:00:00-04:00,277.6600036621094,289.2799987792969,276.25,289.2799987792969,439300,0.0,0.0
2024-05-20 00:00:00-04:00,291.2900085449219,298.5,289.5400085449219,297.0199890136719,277100,0.0,0.0
2024-05-21 00:00:00-04:00,296.55999755859375,298.1499938964844,292.989990234375,295.3599853515625,318000,0.0,0.0
2024-05-22 00:00:00-04:00,293.5400085449219,295.2699890136719,291.0799865722656,294.05999755859375,136900,0.0,0.0
2024-05-23 00:00:00-04:00,296.260009765625,296.260009765625,291.1600036621094,292.8500061035156,136100,0.0,0.0
2024-05-24 00:00:00-04:00,293.9599914550781,295.8800048828125,290.67999267578125,291.5199890136719,166300,0.0,0.0
2024-05-28 00:00:00-04:00,292.5,294.239990234375,286.9100036621094,287.8999938964844,123000,0.0,0.0
2024-05-29 00:00:00-04:00,285.6300048828125,288.0,285.30999755859375,287.3699951171875,123300,0.0,0.0
2024-05-30 00:00:00-04:00,289.25,292.25,288.9200134277344,291.5,145300,0.0,0.0
2024-05-31 00:00:00-04:00,292.29998779296875,296.4599914550781,289.69000244140625,295.2799987792969,197600,0.0,0.0
2024-06-03 00:00:00-04:00,297.8299865722656,299.25,286.20001220703125,291.5400085449219,126500,0.0,0.0
2024-06-04 00:00:00-04:00,290.5299987792969,292.7099914550781,284.1700134277344,285.6199951171875,255300,0.0,0.0
2024-06-05 00:00:00-04:00,286.0,288.6499938964844,285.1499938964844,286.5,183900,0.0,0.0
2024-06-06 00:00:00-04:00,285.2900085449219,286.7200012207031,281.0199890136719,282.2200012207031,96300,0.0,0.0
2024-06-07 00:00:00-04:00,280.3399963378906,282.2200012207031,277.79998779296875,279.9200134277344,132500,0.0,0.0
2024-06-10 00:00:00-04:00,277.1499938964844,279.3299865722656,276.0199890136719,276.1000061035156,137800,0.0,0.0
2024-06-11 00:00:00-04:00,274.989990234375,275.69000244140625,272.489990234375,273.9800109863281,231800,0.0,0.0
2024-06-12 00:00:00-04:00,278.7699890136719,280.7099914550781,277.260009765625,277.8500061035156,157000,0.0,0.0
2024-06-13 00:00:00-04:00,276.7900085449219,277.7300109863281,273.17999267578125,274.8599853515625,91900,0.0,0.0
2024-06-14 00:00:00-04:00,271.5400085449219,272.6300048828125,269.25,272.3399963378906,66600,0.0,0.0
2024-06-17 00:00:00-04:00,272.2799987792969,273.4700012207031,270.1000061035156,273.1400146484375,80800,0.0,0.0
2024-06-18 00:00:00-04:00,272.1199951171875,277.6000061035156,268.3599853515625,277.04998779296875,253300,0.0,0.0
2024-06-20 00:00:00-04:00,276.510009765625,276.510009765625,272.2200012207031,274.20001220703125,131400,0.0,0.0
2024-06-21 00:00:00-04:00,274.2799987792969,274.80999755859375,270.0,274.79998779296875,197400,0.0,0.0
2024-06-24 00:00:00-04:00,275.9100036621094,278.95001220703125,274.7200012207031,276.510009765625,94300,0.0,0.0
2024-06-25 00:00:00-04:00,275.5,277.8500061035156,269.2200012207031,271.7300109863281,199900,0.0,0.0
2024-06-26 00:00:00-04:00,270.29998779296875,271.010009765625,268.3699951171875,268.7699890136719,335700,0.0,0.0
2024-06-27 00:00:00-04:00,269.6499938964844,271.4700012207031,268.0400085449219,271.07000732421875,143300,0.0,0.0
2024-06-28 00:00:00-04:00,271.989990234375,274.44000244140625,267.0299987792969,269.7799987792969,313800,0.0,0.0
2024-07-01 00:00:00-04:00,272.79998779296875,273.2300109863281,267.8599853515625,267.9800109863281,177700,0.0,0.0
2024-07-02 00:00:00-04:00,268.2699890136719,271.07000732421875,267.7200012207031,270.75,125600,0.0,0.0
2024-07-03 00:00:00-04:00,271.2699890136719,274.1600036621094,269.6000061035156,273.95001220703125,96300,0.0,0.0
2024-07-05 00:00:00-04:00,274.1000061035156,274.1000061035156,270.04998779296875,273.239990234375,103900,0.0,0.0
2024-07-08 00:00:00-04:00,275.04998779296875,278.20001220703125,275.0,278.0199890136719,173100,0.0,0.0
2024-07-09 00:00:00-04:00,278.9700012207031,279.0400085449219,275.7300109863281,278.1199951171875,246100,0.0,0.0
2024-07-10 00:00:00-04:00,278.2300109863281,283.6400146484375,278.2300109863281,282.2699890136719,196400,0.0,0.0
2024-07-11 00:00:00-04:00,285.010009765625,289.510009765625,285.0,287.5199890136719,146600,0.0,0.0
2024-07-12 00:00:00-04:00,290.17999267578125,295.9700012207031,289.07000732421875,292.6600036621094,132900,0.0,0.0
2024-07-15 00:00:00-04:00,294.3500061035156,296.1000061035156,292.5299987792969,294.7799987792969,91300,0.0,0.0
2024-07-16 00:00:00-04:00,295.7900085449219,308.04998779296875,293.79998779296875,306.57000732421875,303900,0.0,0.0
2024-07-17 00:00:00-04:00,302.1000061035156,309.010009765625,297.3999938964844,297.5899963378906,293600,0.0,0.0
2024-07-18 00:00:00-04:00,296.1700134277344,301.1700134277344,291.6600036621094,292.2099914550781,124500,0.0,0.0
2024-07-19 00:00:00-04:00,292.2799987792969,292.2799987792969,286.70001220703125,287.0899963378906,213400,0.0,0.0
2024-07-22 00:00:00-04:00,288.6099853515625,292.6099853515625,285.0199890136719,292.42999267578125,164900,0.0,0.0
2024-07-23 00:00:00-04:00,291.4700012207031,296.0899963378906,289.20001220703125,291.6099853515625,94000,0.0,0.0
2024-07-24 00:00:00-04:00,289.239990234375,292.7200012207031,284.1099853515625,284.1199951171875,127500,0.0,0.0
2024-07-25 00:00:00-04:00,285.260009765625,292.30999755859375,283.82000732421875,287.6600036621094,156100,0.0,0.0
2024-07-26 00:00:00-04:00,291.4599914550781,295.3999938964844,289.55999755859375,292.0199890136719,110100,0.0,0.0
2024-07-29 00:00:00-04:00,292.1700134277344,293.3299865722656,289.42999267578125,290.07000732421875,103800,0.0,0.0
2024-07-30 00:00:00-04:00,292.6199951171875,293.0899963378906,289.6099853515625,291.6700134277344,120300,0.0,0.0
2024-07-31 00:00:00-04:00,293.9100036621094,297.25,290.8299865722656,290.8399963378906,116400,0.0,0.0
2024-08-01 00:00:00-04:00,293.1499938964844,294.4599914550781,285.1600036621094,288.0299987792969,309800,0.0,0.0
2024-08-02 00:00:00-04:00,279.510009765625,282.2699890136719,273.1600036621094,276.54998779296875,285700,0.0,0.0
2024-08-05 00:00:00-04:00,265.8800048828125,279.3699951171875,260.5299987792969,274.2699890136719,308400,0.0,0.0
2024-08-06 00:00:00-04:00,275.29998779296875,280.510009765625,274.5799865722656,274.8599853515625,358800,0.0,0.0
2024-08-07 00:00:00-04:00,277.80999755859375,279.3500061035156,271.489990234375,272.4700012207031,88000,0.0,0.0
2024-08-08 00:00:00-04:00,276.0799865722656,279.79998779296875,274.54998779296875,278.30999755859375,80400,0.0,0.0
2024-08-09 00:00:00-04:00,279.5899963378906,280.1400146484375,276.3500061035156,277.4200134277344,86900,0.0,0.0
2024-08-12 00:00:00-04:00,278.260009765625,278.9800109863281,273.760009765625,275.4700012207031,67200,0.0,0.0
2024-08-13 00:00:00-04:00,276.4100036621094,277.8999938964844,273.17999267578125,277.5,114000,0.0,0.0
2024-08-14 00:00:00-04:00,278.4800109863281,284.2900085449219,276.8399963378906,284.0,197000,0.0,0.0
2024-08-15 00:00:00-04:00,288.3999938964844,293.0,285.8699951171875,289.3900146484375,170900,0.0,0.0
2024-08-16 00:00:00-04:00,288.3599853515625,289.8599853515625,284.2200012207031,285.9800109863281,78200,0.0,0.0
2024-08-19 00:00:00-04:00,286.6499938964844,288.6300048828125,286.260009765625,287.67999267578125,99200,0.0,0.0
2024-08-20 00:00:00-04:00,288.0799865722656,289.5400085449219,284.239990234375,286.29998779296875,72800,0.0,0.0
2024-08-21 00:00:00-04:00,288.739990234375,293.1300048828125,287.25,292.95001220703125,112700,0.0,0.0
2024-08-22 00:00:00-04:00,293.3800048828125,293.3800048828125,290.0799865722656,290.19000244140625,71000,0.0,0.0
2024-08-23 00:00:00-04:00,292.8699951171875,296.29998779296875,289.6300048828125,294.8999938964844,70000,0.0,0.0
2024-08-26 00:00:00-04:00,296.2200012207031,298.6400146484375,293.9599914550781,294.989990234375,81600,0.0,0.0
2024-08-27 00:00:00-04:00,294.45001220703125,294.45001220703125,291.45001220703125,292.7799987792969,60100,0.0,0.0
2024-08-28 00:00:00-04:00,293.07000732421875,294.6400146484375,291.489990234375,293.70001220703125,149200,0.0,0.0
2024-08-29 00:00:00-04:00,295.1700134277344,301.6499938964844,292.9800109863281,297.260009765625,137300,0.0,0.0
2024-08-30 00:00:00-04:00,298.04998779296875,298.70001220703125,292.239990234375,297.8500061035156,111200,0.0,0.0
2024-09-03 00:00:00-04:00,296.07000732421875,296.0899963378906,287.0199890136719,288.8299865722656,142200,0.0,0.0
2024-09-04 00:00:00-04:00,288.989990234375,290.760009765625,284.32000732421875,285.70001220703125,84300,0.0,0.0
2024-09-05 00:00:00-04:00,286.6199951171875,286.6199951171875,282.19000244140625,284.3699951171875,51500,0.0,0.0
2024-09-06 00:00:00-04:00,286.1499938964844,286.80999755859375,280.6700134277344,282.5899963378906,115000,0.0,0.0
2024-09-09 00:00:00-04:00,284.05999755859375,286.44000244140625,282.5400085449219,284.2900085449219,93100,0.0,0.0
2024-09-10 00:00:00-04:00,285.489990234375,285.67999267578125,281.20001220703125,282.9800109863281,50400,0.0,0.0
2024-09-11 00:00:00-04:00,281.2200012207031,285.0,274.8500061035156,283.92999267578125,121300,0.0,0.0
2024-09-12 00:00:00-04:00,282.6600036621094,286.69000244140625,281.9599914550781,286.5199890136719,132300,0.0,0.0
2024-09-13 00:00:00-04:00,288.1400146484375,291.92999267578125,286.989990234375,287.489990234375,133000,0.0,0.0
2024-09-16 00:00:00-04:00,287.8800048828125,290.75,286.79998779296875,286.82000732421875,145900,0.0,0.0
2024-09-17 00:00:00-04:00,287.8500061035156,292.7300109863281,287.8500061035156,290.5,118700,0.0,0.0
2024-09-18 00:00:00-04:00,291.3299865722656,297.69000244140625,289.0,292.1600036621094,136300,0.0,0.0
2024-09-19 00:00:00-04:00,296.3800048828125,299.80999755859375,293.17999267578125,299.69000244140625,115400,0.0,0.0
2024-09-20 00:00:00-04:00,298.4800109863281,299.8299865722656,294.45001220703125,295.45001220703125,249400,0.0,0.0
2024-09-23 00:00:00-04:00,295.79998779296875,299.30999755859375,293.989990234375,297.9100036621094,94900,0.0,0.0
2024-09-24 00:00:00-04:00,301.1400146484375,303.0899963378906,299.1700134277344,302.7900085449219,124100,0.0,0.0
2024-09-25 00:00:00-04:00,303.4100036621094,303.4100036621094,296.6600036621094,296.79998779296875,96900,0.0,0.0
2024-09-26 00:00:00-04:00,300.7200012207031,306.3999938964844,300.3999938964844,301.54998779296875,102500,0.0,0.0
2024-09-27 00:00:00-04:00,303.6700134277344,305.1300048828125,297.54998779296875,299.8699951171875,553900,0.0,0.0
2024-09-30 00:00:00-04:00,298.010009765625,299.8800048828125,294.3999938964844,299.3800048828125,206300,0.0,0.0
2024-10-01 00:00:00-04:00,298.2200012207031,303.1700134277344,292.8299865722656,302.2099914550781,325500,0.0,0.0
2024-10-02 00:00:00-04:00,299.989990234375,302.9200134277344,296.67999267578125,297.6600036621094,158000,0.0,0.0
2024-10-03 00:00:00-04:00,295.20001220703125,296.8800048828125,291.0400085449219,291.5400085449219,89600,0.0,0.0
2024-10-04 00:00:00-04:00,295.0199890136719,295.2300109863281,292.0199890136719,292.4800109863281,127700,0.0,0.0
2024-10-07 00:00:00-04:00,290.17999267578125,290.44000244140625,285.1400146484375,286.760009765625,93900,0.0,0.0
2024-10-08 00:00:00-04:00,287.2099914550781,287.6300048828125,281.7300109863281,283.04998779296875,132500,0.0,0.0
2024-10-09 00:00:00-04:00,283.82000732421875,284.8299865722656,279.3999938964844,281.2300109863281,131600,0.0,0.0
2024-10-10 00:00:00-04:00,279.05999755859375,280.19000244140625,275.3800048828125,278.6600036621094,114900,0.0,0.0
2024-10-11 00:00:00-04:00,278.70001220703125,283.17999267578125,278.70001220703125,280.8800048828125,156800,0.0,0.0
2024-10-14 00:00:00-04:00,280.989990234375,281.989990234375,278.9800109863281,280.6499938964844,258600,0.0,0.0
2024-10-15 00:00:00-04:00,280.010009765625,286.8299865722656,279.989990234375,284.70001220703125,146800,0.0,0.0
2024-10-16 00:00:00-04:00,286.9700012207031,292.70001220703125,285.67999267578125,290.6099853515625,150700,0.0,0.0
2024-10-17 00:00:00-04:00,291.8999938964844,291.9700012207031,288.8399963378906,290.20001220703125,84400,0.0,0.0
2024-10-18 00:00:00-04:00,288.8599853515625,289.8999938964844,286.0199890136719,288.1000061035156,110900,0.0,0.0
2024-10-21 00:00:00-04:00,286.8299865722656,288.2799987792969,282.80999755859375,286.29998779296875,103200,0.0,0.0
2024-10-22 00:00:00-04:00,284.7099914550781,285.510009765625,282.0400085449219,284.42999267578125,98800,0.0,0.0
2024-10-23 00:00:00-04:00,283.7900085449219,286.9700012207031,281.3699951171875,286.9599914550781,108400,0.0,0.0
2024-10-24 00:00:00-04:00,286.3999938964844,289.42999267578125,285.3599853515625,288.1600036621094,113000,0.0,0.0
2024-10-25 00:00:00-04:00,290.67999267578125,292.2099914550781,286.7900085449219,288.8399963378906,93500,0.0,0.0
2024-10-28 00:00:00-04:00,290.69000244140625,293.19000244140625,288.57000732421875,288.57000732421875,101800,0.0,0.0
2024-10-29 00:00:00-04:00,286.6000061035156,287.510009765625,283.79998779296875,285.8299865722656,144400,0.0,0.0
2024-10-30 00:00:00-04:00,285.8800048828125,289.3800048828125,285.1499938964844,286.3699951171875,94900,0.0,0.0
2024-10-31 00:00:00-04:00,284.5199890136719,285.92999267578125,280.05999755859375,280.3500061035156,126700,0.0,0.0
2024-11-01 00:00:00-04:00,279.82000732421875,286.9200134277344,272.5,285.29998779296875,215300,0.0,0.0
2024-11-04 00:00:00-05:00,283.79998779296875,289.489990234375,283.79998779296875,285.0199890136719,143300,0.0,0.0
2024-11-05 00:00:00-05:00,283.4700012207031,289.6300048828125,283.4700012207031,287.8500061035156,125000,0.0,0.0
2024-11-06 00:00:00-05:00,300.6400146484375,317.2699890136719,300.6400146484375,316.5199890136719,222500,0.0,0.0
2024-11-07 00:00:00-05:00,315.8500061035156,319.3999938964844,313.489990234375,317.7099914550781,153900,0.0,0.0
2024-11-08 00:00:00-05:00,317.42999267578125,322.1199951171875,317.010009765625,319.8500061035156,160400,0.0,0.0
2024-11-11 00:00:00-05:00,322.9700012207031,328.3900146484375,319.510009765625,320.0799865722656,168900,0.0,0.0
2024-11-12 00:00:00-05:00,317.760009765625,318.3599853515625,312.6400146484375,315.3699951171875,139500,0.0,0.0
2024-11-13 00:00:00-05:00,315.3500061035156,318.70001220703125,313.2699890136719,315.69000244140625,177800,0.0,0.0
2024-11-14 00:00:00-05:00,315.3999938964844,317.9100036621094,311.30999755859375,313.4700012207031,74600,0.0,0.0
2024-11-15 00:00:00-05:00,311.8299865722656,313.6400146484375,309.8699951171875,313.4800109863281,71900,0.0,0.0
2024-11-18 00:00:00-05:00,314.8699951171875,320.29998779296875,312.510009765625,320.1300048828125,160800,0.0,0.0
2024-11-19 00:00:00-05:00,316.80999755859375,323.19000244140625,316.6000061035156,322.510009765625,146000,0.0,0.0
2024-11-20 00:00:00-05:00,322.8999938964844,324.6199951171875,316.7099914550781,324.4599914550781,117600,0.0,0.0
2024-11-21 00:00:00-05:00,320.5400085449219,326.260009765625,320.5400085449219,324.45001220703125,180900,0.0,0.0
2024-11-22 00:00:00-05:00,329.0299987792969,337.19000244140625,328.989990234375,336.82000732421875,186900,0.0,0.0
2024-11-25 00:00:00-05:00,338.8399963378906,343.6600036621094,337.57000732421875,338.7799987792969,235500,0.0,0.0
2024-11-26 00:00:00-05:00,337.760009765625,342.0,334.6300048828125,339.9700012207031,282900,0.0,0.0
2024-11-27 00:00:00-05:00,341.4599914550781,343.3599853515625,337.8699951171875,339.6600036621094,150300,0.0,0.0
2024-11-29 00:00:00-05:00,341.510009765625,343.9200134277344,335.1000061035156,335.1099853515625,99600,0.0,0.0
2024-12-02 00:00:00-05:00,335.5899963378906,337.42999267578125,333.7699890136719,335.2300109863281,140000,0.0,0.0
2024-12-03 00:00:00-05:00,336.3800048828125,341.9700012207031,335.0400085449219,341.0299987792969,143000,0.0,0.0
2024-12-04 00:00:00-05:00,340.4700012207031,342.6400146484375,338.0299987792969,339.7099914550781,149000,0.0,0.0
2024-12-05 00:00:00-05:00,339.260009765625,346.7799987792969,333.57000732421875,334.260009765625,101600,0.0,0.0
2024-12-06 00:00:00-05:00,335.0,335.010009765625,332.489990234375,334.3900146484375,108700,0.0,0.0
2024-12-09 00:00:00-05:00,336.17999267578125,339.6000061035156,333.45001220703125,333.55999755859375,155300,0.0,0.0
2024-12-10 00:00:00-05:00,334.7200012207031,337.6300048828125,331.32000732421875,332.5400085449219,174000,0.0,0.0
2024-12-11 00:00:00-05:00,336.04998779296875,337.32000732421875,332.2799987792969,335.4200134277344,115600,0.0,0.0
2024-12-12 00:00:00-05:00,334.5799865722656,334.5799865722656,330.1700134277344,330.6700134277344,109200,0.0,0.0
2024-12-13 00:00:00-05:00,329.7900085449219,330.260009765625,323.760009765625,327.5799865722656,150700,0.0,0.0
2024-12-16 00:00:00-05:00,327.94000244140625,331.44000244140625,325.260009765625,326.3699951171875,211200,0.0,0.0
2024-12-17 00:00:00-05:00,324.3699951171875,326.5799865722656,320.2799987792969,320.489990234375,199900,0.0,0.0
2024-12-18 00:00:00-05:00,320.4800109863281,326.17999267578125,311.8900146484375,312.1199951171875,233500,0.0,0.0
2024-12-19 00:00:00-05:00,314.5400085449219,323.17999267578125,309.17999267578125,310.20001220703125,330400,0.0,0.0
2024-12-20 00:00:00-05:00,307.0400085449219,313.8299865722656,305.4800109863281,306.2799987792969,975000,0.0,0.0
2024-12-23 00:00:00-05:00,307.3299865722656,307.44000244140625,301.3500061035156,304.6199951171875,260300,0.0,0.0
2024-12-24 00:00:00-05:00,303.1300048828125,305.989990234375,303.1300048828125,304.6300048828125,86000,0.0,0.0
2024-12-26 00:00:00-05:00,302.6000061035156,304.9200134277344,302.25,303.92999267578125,118500,0.0,0.0
2024-12-27 00:00:00-05:00,301.1300048828125,303.8599853515625,299.1000061035156,300.19000244140625,144200,0.0,0.0
2024-12-30 00:00:00-05:00,297.8900146484375,299.1300048828125,295.0299987792969,297.0899963378906,165800,0.0,0.0
2024-12-31 00:00:00-05:00,298.29998779296875,299.70001220703125,296.8299865722656,299.1400146484375,107000,0.0,0.0
2025-01-02 00:00:00-05:00,300.4100036621094,301.75,296.1499938964844,297.80999755859375,109600,0.0,0.0
2025-01-03 00:00:00-05:00,297.6000061035156,303.20001220703125,296.9700012207031,301.6499938964844,103500,0.0,0.0
2025-01-06 00:00:00-05:00,302.5299987792969,306.3999938964844,299.9700012207031,300.32000732421875,104800,0.0,0.0
2025-01-07 00:00:00-05:00,301.57000732421875,301.57000732421875,295.989990234375,297.42999267578125,99100,0.0,0.0
2025-01-08 00:00:00-05:00,294.7099914550781,298.57000732421875,293.1400146484375,297.8500061035156,83800,0.0,0.0
2025-01-10 00:00:00-05:00,293.6400146484375,295.6400146484375,291.8399963378906,294.3599853515625,96100,0.0,0.0
2025-01-13 00:00:00-05:00,291.6400146484375,298.55999755859375,290.55999755859375,297.9599914550781,92800,0.0,0.0
2025-01-14 00:00:00-05:00,300.8299865722656,305.05999755859375,300.4800109863281,304.57000732421875,87500,0.0,0.0
2025-01-15 00:00:00-05:00,309.8800048828125,309.8800048828125,305.8599853515625,305.8800048828125,100400,0.0,0.0
2025-01-16 00:00:00-05:00,306.6000061035156,310.1700134277344,306.1199951171875,309.54998779296875,85600,0.0,0.0
2025-01-17 00:00:00-05:00,310.760009765625,312.7799987792969,310.42999267578125,312.0899963378906,151400,0.0,0.0
2025-01-21 00:00:00-05:00,316.0400085449219,325.82000732421875,315.0,323.69000244140625,134500,0.0,0.0
2025-01-22 00:00:00-05:00,323.3399963378906,326.5400085449219,321.1099853515625,323.1600036621094,209300,0.0,0.0
2025-01-23 00:00:00-05:00,323.69000244140625,323.8399963378906,315.04998779296875,315.3299865722656,156100,0.0,0.0
2025-01-24 00:00:00-05:00,315.29998779296875,318.70001220703125,313.8800048828125,314.2300109863281,203400,0.0,0.0
2025-01-27 00:00:00-05:00,314.010009765625,314.44000244140625,310.0,313.260009765625,109900,0.0,0.0
2025-01-28 00:00:00-05:00,311.95001220703125,315.7799987792969,311.25,315.2200012207031,82000,0.0,0.0
2025-01-29 00:00:00-05:00,313.239990234375,317.0,309.4200134277344,311.5799865722656,81400,0.0,0.0
2025-01-30 00:00:00-05:00,315.9100036621094,322.4100036621094,315.9100036621094,322.0199890136719,144200,0.0,0.0
2025-01-31 00:00:00-05:00,347.1199951171875,364.9599914550781,339.2900085449219,348.75,351500,0.0,0.0
2025-02-03 00:00:00-05:00,349.6099853515625,371.0,345.3699951171875,367.2900085449219,715200,0.0,0.0
2025-02-04 00:00:00-05:00,367.0799865722656,368.8699951171875,358.2200012207031,368.82000732421875,304500,0.0,0.0
2025-02-05 00:00:00-05:00,369.0,372.510009765625,358.8900146484375,369.5,163700,0.0,0.0
2025-02-06 00:00:00-05:00,370.9800109863281,371.260009765625,361.20001220703125,365.3399963378906,141300,0.0,0.0
2025-02-07 00:00:00-05:00,365.989990234375,367.0,360.010009765625,362.1000061035156,133600,0.0,0.0
